N,generation,run,parameter,mean_fitness,best_fitness
5,0,1,baseline,4.84,2
5,1,1,baseline,3.12,0
10,0,1,baseline,9.94,5
10,1,1,baseline,6.94,3
10,2,1,baseline,5.32,2
10,3,1,baseline,3.6,2
10,4,1,baseline,3.08,2
10,5,1,baseline,2.9,2
10,6,1,baseline,3.06,2
10,7,1,baseline,2.78,1
10,8,1,baseline,2.26,1
10,9,1,baseline,1.8,1
10,10,1,baseline,1.66,1
10,11,1,baseline,1.58,1
10,12,1,baseline,1.9,1
10,13,1,baseline,1.74,1
10,14,1,baseline,1.82,1
10,15,1,baseline,1.7,1
10,16,1,baseline,2.12,1
10,17,1,baseline,2.06,1
10,18,1,baseline,1.76,1
10,19,1,baseline,1.96,1
10,20,1,baseline,1.96,1
10,21,1,baseline,2.06,1
10,22,1,baseline,1.92,1
10,23,1,baseline,2.04,1
10,24,1,baseline,2.0,1
10,25,1,baseline,1.64,1
10,26,1,baseline,1.78,1
10,27,1,baseline,1.8,1
10,28,1,baseline,2.38,1
10,29,1,baseline,1.98,1
10,30,1,baseline,1.54,1
10,31,1,baseline,1.62,1
10,32,1,baseline,2.06,1
10,33,1,baseline,1.6,1
10,34,1,baseline,1.88,1
10,35,1,baseline,1.64,1
10,36,1,baseline,1.98,1
10,37,1,baseline,1.86,1
10,38,1,baseline,1.92,1
10,39,1,baseline,1.68,1
10,40,1,baseline,1.84,1
10,41,1,baseline,1.94,1
10,42,1,baseline,2.08,1
10,43,1,baseline,2.1,1
10,44,1,baseline,2.14,1
10,45,1,baseline,1.66,1
10,46,1,baseline,1.86,1
10,47,1,baseline,1.46,1
10,48,1,baseline,1.86,1
10,49,1,baseline,2.06,1
10,50,1,baseline,2.06,1
10,51,1,baseline,1.72,1
10,52,1,baseline,2.1,1
10,53,1,baseline,1.96,1
10,54,1,baseline,1.92,1
10,55,1,baseline,1.96,1
10,56,1,baseline,2.26,1
10,57,1,baseline,2.14,1
10,58,1,baseline,1.98,1
10,59,1,baseline,2.04,1
10,60,1,baseline,2.04,1
10,61,1,baseline,1.96,1
10,62,1,baseline,1.68,1
10,63,1,baseline,2.1,1
10,64,1,baseline,1.7,1
10,65,1,baseline,1.88,1
10,66,1,baseline,1.76,1
10,67,1,baseline,1.68,1
10,68,1,baseline,2.02,1
10,69,1,baseline,1.88,1
10,70,1,baseline,1.94,1
10,71,1,baseline,1.74,1
10,72,1,baseline,1.88,1
10,73,1,baseline,1.82,1
10,74,1,baseline,1.88,1
10,75,1,baseline,2.06,1
10,76,1,baseline,2.04,1
10,77,1,baseline,1.64,1
10,78,1,baseline,1.66,1
10,79,1,baseline,1.92,1
10,80,1,baseline,2.44,1
10,81,1,baseline,1.9,1
10,82,1,baseline,2.04,1
10,83,1,baseline,1.78,1
10,84,1,baseline,1.94,1
10,85,1,baseline,2.02,1
10,86,1,baseline,2.0,1
10,87,1,baseline,1.78,1
10,88,1,baseline,1.68,1
10,89,1,baseline,1.9,1
10,90,1,baseline,2.06,1
10,91,1,baseline,2.04,1
10,92,1,baseline,1.64,1
10,93,1,baseline,2.32,1
10,94,1,baseline,1.6,1
10,95,1,baseline,2.22,1
10,96,1,baseline,1.8,1
10,97,1,baseline,1.58,1
10,98,1,baseline,2.04,1
10,99,1,baseline,1.84,1
10,100,1,baseline,1.72,1
10,101,1,baseline,1.78,1
10,102,1,baseline,1.9,1
10,103,1,baseline,2.14,1
10,104,1,baseline,1.78,1
10,105,1,baseline,1.78,1
10,106,1,baseline,1.98,1
10,107,1,baseline,1.64,1
10,108,1,baseline,1.74,1
10,109,1,baseline,2.3,1
10,110,1,baseline,1.74,1
10,111,1,baseline,2.1,1
10,112,1,baseline,1.94,1
10,113,1,baseline,2.1,1
10,114,1,baseline,1.66,1
10,115,1,baseline,2.04,1
10,116,1,baseline,1.96,1
10,117,1,baseline,1.7,1
10,118,1,baseline,1.86,1
10,119,1,baseline,1.76,1
10,120,1,baseline,2.04,1
10,121,1,baseline,1.6,1
10,122,1,baseline,1.74,1
10,123,1,baseline,1.5,1
10,124,1,baseline,1.88,1
10,125,1,baseline,2.08,1
10,126,1,baseline,1.92,1
10,127,1,baseline,1.66,1
10,128,1,baseline,1.98,1
10,129,1,baseline,1.84,1
10,130,1,baseline,2.24,1
10,131,1,baseline,1.9,1
10,132,1,baseline,1.9,1
10,133,1,baseline,2.0,1
10,134,1,baseline,1.9,1
10,135,1,baseline,1.6,1
10,136,1,baseline,1.86,1
10,137,1,baseline,1.72,1
10,138,1,baseline,1.82,1
10,139,1,baseline,2.02,1
10,140,1,baseline,2.02,1
10,141,1,baseline,2.28,1
10,142,1,baseline,2.24,1
10,143,1,baseline,1.68,1
10,144,1,baseline,1.56,1
10,145,1,baseline,1.84,1
10,146,1,baseline,1.98,1
10,147,1,baseline,1.94,1
10,148,1,baseline,2.0,1
10,149,1,baseline,1.66,1
10,150,1,baseline,1.5,1
10,151,1,baseline,1.92,1
10,152,1,baseline,1.64,1
10,153,1,baseline,1.86,1
10,154,1,baseline,1.52,1
10,155,1,baseline,1.86,1
10,156,1,baseline,1.88,1
10,157,1,baseline,1.84,1
10,158,1,baseline,2.14,1
10,159,1,baseline,1.92,1
10,160,1,baseline,1.92,1
10,161,1,baseline,2.02,1
10,162,1,baseline,1.86,1
10,163,1,baseline,1.86,1
10,164,1,baseline,2.02,1
10,165,1,baseline,1.96,1
10,166,1,baseline,2.08,1
10,167,1,baseline,1.9,1
10,168,1,baseline,1.48,1
10,169,1,baseline,1.5,1
10,170,1,baseline,1.94,1
10,171,1,baseline,1.7,1
10,172,1,baseline,1.58,1
10,173,1,baseline,2.06,1
10,174,1,baseline,2.1,1
10,175,1,baseline,1.82,1
10,176,1,baseline,2.64,1
10,177,1,baseline,1.6,1
10,178,1,baseline,2.1,1
10,179,1,baseline,1.94,1
10,180,1,baseline,1.56,1
10,181,1,baseline,1.76,1
10,182,1,baseline,2.1,1
10,183,1,baseline,1.84,1
10,184,1,baseline,1.46,1
10,185,1,baseline,1.7,1
10,186,1,baseline,2.18,1
10,187,1,baseline,1.9,0
50,0,1,baseline,55.16,41
50,1,1,baseline,46.88,38
50,2,1,baseline,42.22,36
50,3,1,baseline,38.92,34
50,4,1,baseline,37.28,33
50,5,1,baseline,34.42,29
50,6,1,baseline,32.06,25
50,7,1,baseline,29.3,24
50,8,1,baseline,27.42,22
50,9,1,baseline,26.58,22
50,10,1,baseline,25.58,21
50,11,1,baseline,25.48,20
50,12,1,baseline,24.46,20
50,13,1,baseline,24.86,20
50,14,1,baseline,23.92,20
50,15,1,baseline,24.3,20
50,16,1,baseline,23.78,19
50,17,1,baseline,22.92,17
50,18,1,baseline,21.66,16
50,19,1,baseline,20.72,16
50,20,1,baseline,19.62,15
50,21,1,baseline,19.14,14
50,22,1,baseline,19.1,14
50,23,1,baseline,18.56,14
50,24,1,baseline,19.1,14
50,25,1,baseline,17.34,13
50,26,1,baseline,17.66,13
50,27,1,baseline,17.58,13
50,28,1,baseline,17.7,13
50,29,1,baseline,17.54,13
50,30,1,baseline,17.1,12
50,31,1,baseline,16.24,12
50,32,1,baseline,16.74,12
50,33,1,baseline,16.12,12
50,34,1,baseline,16.5,11
50,35,1,baseline,15.96,11
50,36,1,baseline,15.88,11
50,37,1,baseline,15.7,11
50,38,1,baseline,15.34,10
50,39,1,baseline,14.52,10
50,40,1,baseline,14.88,10
50,41,1,baseline,14.26,10
50,42,1,baseline,14.5,10
50,43,1,baseline,14.34,10
50,44,1,baseline,14.86,10
50,45,1,baseline,14.68,10
50,46,1,baseline,14.14,10
50,47,1,baseline,14.76,10
50,48,1,baseline,14.42,10
50,49,1,baseline,15.02,10
50,50,1,baseline,14.74,10
50,51,1,baseline,15.06,10
50,52,1,baseline,15.08,10
50,53,1,baseline,14.58,10
50,54,1,baseline,15.3,10
50,55,1,baseline,14.72,9
50,56,1,baseline,14.28,9
50,57,1,baseline,13.62,9
50,58,1,baseline,13.44,9
50,59,1,baseline,14.5,9
50,60,1,baseline,14.12,9
50,61,1,baseline,14.5,9
50,62,1,baseline,13.92,9
50,63,1,baseline,14.1,9
50,64,1,baseline,14.38,9
50,65,1,baseline,13.86,9
50,66,1,baseline,13.02,9
50,67,1,baseline,13.92,9
50,68,1,baseline,14.84,9
50,69,1,baseline,14.52,9
50,70,1,baseline,15.06,9
50,71,1,baseline,14.78,9
50,72,1,baseline,13.1,8
50,73,1,baseline,13.88,8
50,74,1,baseline,13.02,8
50,75,1,baseline,13.56,8
50,76,1,baseline,13.68,8
50,77,1,baseline,13.96,8
50,78,1,baseline,13.16,7
50,79,1,baseline,13.14,7
50,80,1,baseline,13.92,7
50,81,1,baseline,13.2,7
50,82,1,baseline,12.38,7
50,83,1,baseline,12.32,7
50,84,1,baseline,12.28,7
50,85,1,baseline,13.28,7
50,86,1,baseline,11.36,7
50,87,1,baseline,12.92,7
50,88,1,baseline,12.7,7
50,89,1,baseline,12.56,7
50,90,1,baseline,11.72,7
50,91,1,baseline,11.96,7
50,92,1,baseline,12.28,7
50,93,1,baseline,11.88,7
50,94,1,baseline,11.98,7
50,95,1,baseline,11.5,7
50,96,1,baseline,12.6,7
50,97,1,baseline,11.18,7
50,98,1,baseline,11.98,7
50,99,1,baseline,13.42,7
50,100,1,baseline,12.06,7
50,101,1,baseline,12.98,7
50,102,1,baseline,12.64,7
50,103,1,baseline,12.62,7
50,104,1,baseline,12.28,7
50,105,1,baseline,11.68,7
50,106,1,baseline,11.96,7
50,107,1,baseline,11.58,7
50,108,1,baseline,12.0,7
50,109,1,baseline,12.8,7
50,110,1,baseline,11.66,7
50,111,1,baseline,12.66,7
50,112,1,baseline,12.28,7
50,113,1,baseline,11.24,7
50,114,1,baseline,11.46,7
50,115,1,baseline,11.1,6
50,116,1,baseline,11.08,6
50,117,1,baseline,12.02,6
50,118,1,baseline,11.62,6
50,119,1,baseline,12.26,6
50,120,1,baseline,11.28,6
50,121,1,baseline,11.18,6
50,122,1,baseline,10.42,6
50,123,1,baseline,11.76,6
50,124,1,baseline,11.9,6
50,125,1,baseline,11.06,6
50,126,1,baseline,11.56,6
50,127,1,baseline,11.96,6
50,128,1,baseline,11.6,6
50,129,1,baseline,10.82,6
50,130,1,baseline,12.5,6
50,131,1,baseline,11.58,6
50,132,1,baseline,12.14,6
50,133,1,baseline,12.44,6
50,134,1,baseline,10.66,6
50,135,1,baseline,11.76,6
50,136,1,baseline,11.62,6
50,137,1,baseline,12.24,6
50,138,1,baseline,11.28,6
50,139,1,baseline,11.3,6
50,140,1,baseline,11.56,6
50,141,1,baseline,11.0,6
50,142,1,baseline,12.04,6
50,143,1,baseline,10.96,6
50,144,1,baseline,11.12,6
50,145,1,baseline,10.68,6
50,146,1,baseline,11.74,6
50,147,1,baseline,10.88,6
50,148,1,baseline,10.58,6
50,149,1,baseline,10.62,6
50,150,1,baseline,11.6,6
50,151,1,baseline,11.72,6
50,152,1,baseline,11.18,6
50,153,1,baseline,10.92,6
50,154,1,baseline,11.5,5
50,155,1,baseline,10.44,5
50,156,1,baseline,10.54,5
50,157,1,baseline,10.34,5
50,158,1,baseline,10.22,5
50,159,1,baseline,10.66,5
50,160,1,baseline,10.72,5
50,161,1,baseline,10.96,5
50,162,1,baseline,10.4,5
50,163,1,baseline,10.08,5
50,164,1,baseline,9.68,4
50,165,1,baseline,10.18,4
50,166,1,baseline,9.76,4
50,167,1,baseline,10.28,4
50,168,1,baseline,9.86,4
50,169,1,baseline,10.22,4
50,170,1,baseline,8.8,4
50,171,1,baseline,9.86,4
50,172,1,baseline,9.16,4
50,173,1,baseline,8.76,4
50,174,1,baseline,9.68,4
50,175,1,baseline,10.34,4
50,176,1,baseline,9.62,4
50,177,1,baseline,9.4,4
50,178,1,baseline,9.24,4
50,179,1,baseline,9.78,4
50,180,1,baseline,9.64,4
50,181,1,baseline,9.32,4
50,182,1,baseline,9.14,4
50,183,1,baseline,9.46,4
50,184,1,baseline,9.84,4
50,185,1,baseline,9.5,4
50,186,1,baseline,9.98,4
50,187,1,baseline,9.42,4
50,188,1,baseline,10.4,4
50,189,1,baseline,10.22,4
50,190,1,baseline,8.62,4
50,191,1,baseline,9.72,4
50,192,1,baseline,9.32,4
50,193,1,baseline,8.98,4
50,194,1,baseline,9.5,4
50,195,1,baseline,9.02,4
50,196,1,baseline,9.64,4
50,197,1,baseline,9.1,4
50,198,1,baseline,9.78,4
50,199,1,baseline,9.66,4
50,200,1,baseline,8.8,4
50,201,1,baseline,7.64,4
50,202,1,baseline,8.68,4
50,203,1,baseline,8.9,4
50,204,1,baseline,9.52,4
50,205,1,baseline,9.1,4
50,206,1,baseline,9.96,4
50,207,1,baseline,10.04,4
50,208,1,baseline,9.44,4
50,209,1,baseline,9.9,4
50,210,1,baseline,10.76,4
50,211,1,baseline,9.78,4
50,212,1,baseline,8.36,4
50,213,1,baseline,9.92,4
50,214,1,baseline,9.14,4
50,215,1,baseline,9.96,4
50,216,1,baseline,9.78,4
50,217,1,baseline,8.9,4
50,218,1,baseline,9.0,4
50,219,1,baseline,9.34,4
50,220,1,baseline,9.6,4
50,221,1,baseline,9.54,4
50,222,1,baseline,8.78,4
50,223,1,baseline,9.78,4
50,224,1,baseline,9.34,4
50,225,1,baseline,10.12,4
50,226,1,baseline,10.28,4
50,227,1,baseline,9.48,4
50,228,1,baseline,9.28,4
50,229,1,baseline,10.66,4
50,230,1,baseline,8.68,4
50,231,1,baseline,9.74,4
50,232,1,baseline,10.88,4
50,233,1,baseline,9.7,4
50,234,1,baseline,9.18,4
50,235,1,baseline,9.98,4
50,236,1,baseline,9.5,4
50,237,1,baseline,9.64,4
50,238,1,baseline,9.48,4
50,239,1,baseline,8.68,4
50,240,1,baseline,8.76,4
50,241,1,baseline,10.08,4
50,242,1,baseline,10.44,4
50,243,1,baseline,9.08,4
50,244,1,baseline,9.36,4
50,245,1,baseline,9.24,4
50,246,1,baseline,9.6,4
50,247,1,baseline,9.04,4
50,248,1,baseline,9.18,4
50,249,1,baseline,9.4,4
50,250,1,baseline,9.1,4
50,251,1,baseline,9.56,4
50,252,1,baseline,9.08,4
50,253,1,baseline,9.88,4
50,254,1,baseline,9.4,4
50,255,1,baseline,9.42,4
50,256,1,baseline,10.56,4
50,257,1,baseline,9.76,4
50,258,1,baseline,9.5,4
50,259,1,baseline,9.74,4
50,260,1,baseline,10.12,4
50,261,1,baseline,9.84,4
50,262,1,baseline,9.14,4
50,263,1,baseline,10.36,4
50,264,1,baseline,10.06,4
50,265,1,baseline,9.98,4
50,266,1,baseline,10.06,4
50,267,1,baseline,9.48,4
50,268,1,baseline,9.86,4
50,269,1,baseline,9.84,4
50,270,1,baseline,9.08,4
50,271,1,baseline,9.42,4
50,272,1,baseline,9.02,4
50,273,1,baseline,10.14,4
50,274,1,baseline,9.94,4
50,275,1,baseline,9.58,4
50,276,1,baseline,10.62,4
50,277,1,baseline,10.38,4
50,278,1,baseline,9.82,4
50,279,1,baseline,9.82,4
50,280,1,baseline,10.32,4
50,281,1,baseline,10.24,4
50,282,1,baseline,9.66,4
50,283,1,baseline,9.76,4
50,284,1,baseline,9.24,4
50,285,1,baseline,9.46,4
50,286,1,baseline,8.72,4
50,287,1,baseline,9.26,4
50,288,1,baseline,9.8,4
50,289,1,baseline,10.44,4
50,290,1,baseline,10.78,4
50,291,1,baseline,9.6,4
50,292,1,baseline,8.48,4
50,293,1,baseline,9.8,4
50,294,1,baseline,9.2,4
50,295,1,baseline,9.44,4
50,296,1,baseline,9.26,4
50,297,1,baseline,9.14,4
50,298,1,baseline,9.48,4
50,299,1,baseline,10.4,4
50,300,1,baseline,10.02,4
50,301,1,baseline,9.34,4
50,302,1,baseline,9.3,4
50,303,1,baseline,9.32,4
50,304,1,baseline,9.18,4
50,305,1,baseline,8.56,4
50,306,1,baseline,8.96,4
50,307,1,baseline,9.72,4
50,308,1,baseline,10.3,4
50,309,1,baseline,9.06,4
50,310,1,baseline,8.54,4
50,311,1,baseline,8.72,4
50,312,1,baseline,9.24,4
50,313,1,baseline,9.36,4
50,314,1,baseline,10.24,4
50,315,1,baseline,10.26,4
50,316,1,baseline,10.28,4
50,317,1,baseline,9.94,4
50,318,1,baseline,9.34,4
50,319,1,baseline,9.12,4
50,320,1,baseline,8.3,4
50,321,1,baseline,9.6,4
50,322,1,baseline,10.28,4
50,323,1,baseline,9.54,4
50,324,1,baseline,9.42,4
50,325,1,baseline,9.3,4
50,326,1,baseline,9.22,4
50,327,1,baseline,8.92,4
50,328,1,baseline,10.22,4
50,329,1,baseline,10.2,4
50,330,1,baseline,9.64,4
50,331,1,baseline,9.06,4
50,332,1,baseline,9.5,4
50,333,1,baseline,9.6,4
50,334,1,baseline,8.9,4
50,335,1,baseline,9.48,4
50,336,1,baseline,9.4,4
50,337,1,baseline,9.72,4
50,338,1,baseline,10.96,4
50,339,1,baseline,10.2,4
50,340,1,baseline,9.06,4
50,341,1,baseline,9.54,4
50,342,1,baseline,9.2,4
50,343,1,baseline,9.78,4
50,344,1,baseline,9.1,4
50,345,1,baseline,9.98,4
50,346,1,baseline,9.58,4
50,347,1,baseline,9.12,4
50,348,1,baseline,9.34,4
50,349,1,baseline,9.06,4
50,350,1,baseline,10.32,4
50,351,1,baseline,9.86,4
50,352,1,baseline,9.92,4
50,353,1,baseline,9.66,4
50,354,1,baseline,9.5,4
50,355,1,baseline,9.86,4
50,356,1,baseline,9.26,4
50,357,1,baseline,8.9,4
50,358,1,baseline,9.26,4
50,359,1,baseline,9.8,4
50,360,1,baseline,9.5,4
50,361,1,baseline,9.22,4
50,362,1,baseline,10.22,4
50,363,1,baseline,10.5,4
50,364,1,baseline,9.14,4
50,365,1,baseline,9.28,4
50,366,1,baseline,10.08,4
50,367,1,baseline,10.32,4
50,368,1,baseline,9.5,4
50,369,1,baseline,10.04,4
50,370,1,baseline,8.96,4
50,371,1,baseline,9.86,4
50,372,1,baseline,9.84,4
50,373,1,baseline,9.9,4
50,374,1,baseline,10.18,4
50,375,1,baseline,9.58,4
50,376,1,baseline,9.96,4
50,377,1,baseline,9.9,4
50,378,1,baseline,9.46,4
50,379,1,baseline,9.3,4
50,380,1,baseline,9.36,4
50,381,1,baseline,8.84,4
50,382,1,baseline,10.62,4
50,383,1,baseline,9.54,4
50,384,1,baseline,9.28,4
50,385,1,baseline,8.94,4
50,386,1,baseline,9.5,4
50,387,1,baseline,9.02,4
50,388,1,baseline,9.02,4
50,389,1,baseline,10.0,4
50,390,1,baseline,9.4,4
50,391,1,baseline,9.16,4
50,392,1,baseline,9.58,4
50,393,1,baseline,9.5,4
50,394,1,baseline,8.98,4
50,395,1,baseline,8.98,4
50,396,1,baseline,9.18,4
50,397,1,baseline,9.88,4
50,398,1,baseline,9.7,4
50,399,1,baseline,9.24,4
50,400,1,baseline,9.2,4
50,401,1,baseline,9.6,4
50,402,1,baseline,9.2,4
50,403,1,baseline,9.9,4
50,404,1,baseline,9.04,4
50,405,1,baseline,9.66,4
50,406,1,baseline,9.5,4
50,407,1,baseline,9.38,4
50,408,1,baseline,9.36,4
50,409,1,baseline,9.78,4
50,410,1,baseline,9.1,4
50,411,1,baseline,10.26,4
50,412,1,baseline,9.88,4
50,413,1,baseline,10.34,4
50,414,1,baseline,9.14,4
50,415,1,baseline,8.78,4
50,416,1,baseline,9.42,4
50,417,1,baseline,9.68,4
50,418,1,baseline,9.54,4
50,419,1,baseline,9.66,4
50,420,1,baseline,9.8,4
50,421,1,baseline,9.4,4
50,422,1,baseline,9.84,4
50,423,1,baseline,9.82,4
50,424,1,baseline,9.74,4
50,425,1,baseline,9.44,4
50,426,1,baseline,9.6,4
50,427,1,baseline,9.02,4
50,428,1,baseline,8.62,4
50,429,1,baseline,9.96,4
50,430,1,baseline,10.84,4
50,431,1,baseline,10.56,4
50,432,1,baseline,10.4,4
50,433,1,baseline,10.34,4
50,434,1,baseline,10.1,4
50,435,1,baseline,9.94,4
50,436,1,baseline,9.88,4
50,437,1,baseline,8.74,4
50,438,1,baseline,8.84,4
50,439,1,baseline,8.72,4
50,440,1,baseline,8.96,4
50,441,1,baseline,9.12,4
50,442,1,baseline,9.4,4
50,443,1,baseline,9.58,4
50,444,1,baseline,8.98,4
50,445,1,baseline,10.84,4
50,446,1,baseline,11.04,4
50,447,1,baseline,10.7,4
50,448,1,baseline,9.86,4
50,449,1,baseline,9.94,4
50,450,1,baseline,10.38,4
50,451,1,baseline,9.46,4
50,452,1,baseline,9.86,4
50,453,1,baseline,9.78,4
50,454,1,baseline,10.38,4
50,455,1,baseline,9.5,4
50,456,1,baseline,9.46,4
50,457,1,baseline,9.78,4
50,458,1,baseline,8.72,4
50,459,1,baseline,10.12,4
50,460,1,baseline,9.22,4
50,461,1,baseline,9.9,4
50,462,1,baseline,9.46,4
50,463,1,baseline,9.62,4
50,464,1,baseline,8.48,4
50,465,1,baseline,9.18,4
50,466,1,baseline,9.02,4
50,467,1,baseline,9.52,4
50,468,1,baseline,9.74,4
50,469,1,baseline,9.16,4
50,470,1,baseline,8.56,4
50,471,1,baseline,8.86,4
50,472,1,baseline,8.74,4
50,473,1,baseline,8.82,4
50,474,1,baseline,10.28,4
50,475,1,baseline,9.66,4
50,476,1,baseline,10.28,4
50,477,1,baseline,11.34,4
50,478,1,baseline,10.64,4
50,479,1,baseline,9.94,4
50,480,1,baseline,9.26,4
50,481,1,baseline,9.3,4
50,482,1,baseline,9.86,4
50,483,1,baseline,9.78,4
50,484,1,baseline,9.98,4
50,485,1,baseline,9.72,4
50,486,1,baseline,10.48,4
50,487,1,baseline,9.78,4
50,488,1,baseline,9.5,4
50,489,1,baseline,10.56,4
50,490,1,baseline,10.3,4
50,491,1,baseline,9.96,4
50,492,1,baseline,8.98,4
50,493,1,baseline,8.84,4
50,494,1,baseline,8.8,4
50,495,1,baseline,9.72,4
50,496,1,baseline,9.74,4
50,497,1,baseline,9.54,4
50,498,1,baseline,9.22,4
50,499,1,baseline,10.32,4
50,500,1,baseline,9.6,4
50,501,1,baseline,9.34,4
50,502,1,baseline,9.54,4
50,503,1,baseline,9.12,4
50,504,1,baseline,9.2,4
50,505,1,baseline,9.96,4
50,506,1,baseline,9.76,4
50,507,1,baseline,9.02,4
50,508,1,baseline,8.62,3
50,509,1,baseline,9.14,3
50,510,1,baseline,8.62,3
50,511,1,baseline,8.42,3
50,512,1,baseline,8.3,3
50,513,1,baseline,8.82,3
50,514,1,baseline,8.12,3
50,515,1,baseline,8.92,3
50,516,1,baseline,8.46,3
50,517,1,baseline,9.86,3
50,518,1,baseline,9.06,3
50,519,1,baseline,8.62,3
50,520,1,baseline,9.32,3
50,521,1,baseline,9.5,3
50,522,1,baseline,8.82,3
50,523,1,baseline,8.88,3
50,524,1,baseline,8.16,3
50,525,1,baseline,8.6,3
50,526,1,baseline,8.22,3
50,527,1,baseline,7.58,3
50,528,1,baseline,8.78,3
50,529,1,baseline,9.26,3
50,530,1,baseline,8.46,3
50,531,1,baseline,9.3,3
50,532,1,baseline,9.08,3
50,533,1,baseline,8.76,3
50,534,1,baseline,7.76,3
50,535,1,baseline,8.44,3
50,536,1,baseline,8.84,3
50,537,1,baseline,8.06,3
50,538,1,baseline,8.5,3
50,539,1,baseline,8.02,3
50,540,1,baseline,9.86,3
50,541,1,baseline,8.28,3
50,542,1,baseline,8.28,3
50,543,1,baseline,7.8,3
50,544,1,baseline,9.08,3
50,545,1,baseline,9.4,3
50,546,1,baseline,8.28,3
50,547,1,baseline,8.68,3
50,548,1,baseline,8.76,3
50,549,1,baseline,9.02,3
50,550,1,baseline,8.34,3
50,551,1,baseline,8.48,3
50,552,1,baseline,9.14,3
50,553,1,baseline,9.4,3
50,554,1,baseline,8.8,3
50,555,1,baseline,8.56,3
50,556,1,baseline,9.04,3
50,557,1,baseline,8.52,3
50,558,1,baseline,8.0,3
50,559,1,baseline,8.24,3
50,560,1,baseline,9.24,3
50,561,1,baseline,9.02,3
50,562,1,baseline,8.86,3
50,563,1,baseline,8.1,3
50,564,1,baseline,8.4,3
50,565,1,baseline,8.42,3
50,566,1,baseline,8.88,3
50,567,1,baseline,9.0,3
50,568,1,baseline,8.74,3
50,569,1,baseline,8.22,3
50,570,1,baseline,8.3,3
50,571,1,baseline,8.66,3
50,572,1,baseline,8.8,3
50,573,1,baseline,7.62,3
50,574,1,baseline,9.72,3
50,575,1,baseline,8.82,3
50,576,1,baseline,8.08,3
50,577,1,baseline,8.8,3
50,578,1,baseline,9.32,3
50,579,1,baseline,8.52,3
50,580,1,baseline,8.7,3
50,581,1,baseline,8.96,3
50,582,1,baseline,8.94,3
50,583,1,baseline,9.48,3
50,584,1,baseline,8.72,3
50,585,1,baseline,8.7,3
50,586,1,baseline,8.16,3
50,587,1,baseline,9.02,3
50,588,1,baseline,8.72,3
50,589,1,baseline,8.82,3
50,590,1,baseline,8.62,3
50,591,1,baseline,8.24,3
50,592,1,baseline,8.68,3
50,593,1,baseline,8.48,3
50,594,1,baseline,9.14,3
50,595,1,baseline,9.78,3
50,596,1,baseline,7.28,3
50,597,1,baseline,8.12,3
50,598,1,baseline,8.36,3
50,599,1,baseline,8.22,3
50,600,1,baseline,8.38,3
50,601,1,baseline,8.04,3
50,602,1,baseline,8.42,3
50,603,1,baseline,9.1,3
50,604,1,baseline,8.36,3
50,605,1,baseline,8.86,3
50,606,1,baseline,8.48,3
50,607,1,baseline,7.82,3
50,608,1,baseline,7.76,3
50,609,1,baseline,8.22,3
50,610,1,baseline,8.64,3
50,611,1,baseline,10.04,3
50,612,1,baseline,8.82,3
50,613,1,baseline,8.7,3
50,614,1,baseline,8.48,3
50,615,1,baseline,8.34,3
50,616,1,baseline,8.62,3
50,617,1,baseline,7.56,3
50,618,1,baseline,8.26,3
50,619,1,baseline,8.68,3
50,620,1,baseline,9.58,3
50,621,1,baseline,8.96,3
50,622,1,baseline,8.44,3
50,623,1,baseline,9.12,3
50,624,1,baseline,8.68,3
50,625,1,baseline,9.48,3
50,626,1,baseline,8.44,3
50,627,1,baseline,8.72,3
50,628,1,baseline,8.42,3
50,629,1,baseline,9.62,3
50,630,1,baseline,9.08,3
50,631,1,baseline,8.82,3
50,632,1,baseline,8.54,3
50,633,1,baseline,8.84,3
50,634,1,baseline,9.64,3
50,635,1,baseline,8.52,3
50,636,1,baseline,8.78,3
50,637,1,baseline,8.74,3
50,638,1,baseline,8.2,3
50,639,1,baseline,8.5,3
50,640,1,baseline,8.4,3
50,641,1,baseline,7.8,3
50,642,1,baseline,8.78,3
50,643,1,baseline,7.88,3
50,644,1,baseline,8.46,3
50,645,1,baseline,8.08,3
50,646,1,baseline,8.48,3
50,647,1,baseline,8.1,3
50,648,1,baseline,8.9,3
50,649,1,baseline,8.34,3
50,650,1,baseline,9.18,3
50,651,1,baseline,9.18,3
50,652,1,baseline,7.92,3
50,653,1,baseline,7.68,3
50,654,1,baseline,8.74,3
50,655,1,baseline,9.4,3
50,656,1,baseline,9.52,3
50,657,1,baseline,8.9,3
50,658,1,baseline,9.6,3
50,659,1,baseline,8.48,3
50,660,1,baseline,8.16,3
50,661,1,baseline,9.08,3
50,662,1,baseline,8.48,3
50,663,1,baseline,8.3,3
50,664,1,baseline,8.48,3
50,665,1,baseline,8.36,3
50,666,1,baseline,8.98,3
50,667,1,baseline,8.3,3
50,668,1,baseline,8.76,3
50,669,1,baseline,8.92,3
50,670,1,baseline,8.2,3
50,671,1,baseline,8.62,3
50,672,1,baseline,9.24,3
50,673,1,baseline,8.98,3
50,674,1,baseline,9.0,3
50,675,1,baseline,9.36,3
50,676,1,baseline,9.7,3
50,677,1,baseline,9.78,3
50,678,1,baseline,9.36,3
50,679,1,baseline,9.46,3
50,680,1,baseline,9.12,3
50,681,1,baseline,9.58,3
50,682,1,baseline,9.82,3
50,683,1,baseline,10.4,3
50,684,1,baseline,8.68,3
50,685,1,baseline,7.9,3
50,686,1,baseline,8.94,3
50,687,1,baseline,9.06,3
50,688,1,baseline,8.2,3
50,689,1,baseline,8.98,3
50,690,1,baseline,9.14,3
50,691,1,baseline,9.16,3
50,692,1,baseline,9.28,3
50,693,1,baseline,8.04,3
50,694,1,baseline,7.92,3
50,695,1,baseline,8.48,3
50,696,1,baseline,8.26,3
50,697,1,baseline,9.14,3
50,698,1,baseline,9.34,3
50,699,1,baseline,8.94,3
50,700,1,baseline,8.54,3
50,701,1,baseline,8.32,3
50,702,1,baseline,7.7,3
50,703,1,baseline,8.52,3
50,704,1,baseline,8.68,3
50,705,1,baseline,7.98,3
50,706,1,baseline,8.2,3
50,707,1,baseline,8.12,3
50,708,1,baseline,8.96,3
50,709,1,baseline,9.14,3
50,710,1,baseline,8.6,3
50,711,1,baseline,8.24,3
50,712,1,baseline,8.4,3
50,713,1,baseline,8.88,3
50,714,1,baseline,8.44,3
50,715,1,baseline,8.6,3
50,716,1,baseline,8.12,3
50,717,1,baseline,8.0,3
50,718,1,baseline,9.34,3
50,719,1,baseline,9.06,3
50,720,1,baseline,8.22,3
50,721,1,baseline,8.28,3
50,722,1,baseline,8.02,3
50,723,1,baseline,8.62,3
50,724,1,baseline,8.12,3
50,725,1,baseline,8.28,3
50,726,1,baseline,8.28,3
50,727,1,baseline,8.12,3
50,728,1,baseline,8.54,3
50,729,1,baseline,8.52,3
50,730,1,baseline,8.52,3
50,731,1,baseline,9.3,3
50,732,1,baseline,9.28,3
50,733,1,baseline,9.06,3
50,734,1,baseline,8.8,3
50,735,1,baseline,8.84,3
50,736,1,baseline,8.98,3
50,737,1,baseline,8.76,3
50,738,1,baseline,9.78,3
50,739,1,baseline,7.82,3
50,740,1,baseline,8.36,3
50,741,1,baseline,9.36,3
50,742,1,baseline,9.74,3
50,743,1,baseline,8.82,3
50,744,1,baseline,8.3,3
50,745,1,baseline,9.08,3
50,746,1,baseline,9.32,3
50,747,1,baseline,8.54,3
50,748,1,baseline,8.54,3
50,749,1,baseline,8.5,3
50,750,1,baseline,8.38,3
50,751,1,baseline,9.5,3
50,752,1,baseline,8.84,3
50,753,1,baseline,9.16,3
50,754,1,baseline,9.34,3
50,755,1,baseline,8.66,3
50,756,1,baseline,7.58,3
50,757,1,baseline,8.8,3
50,758,1,baseline,8.3,3
50,759,1,baseline,7.9,3
50,760,1,baseline,7.76,3
50,761,1,baseline,9.16,3
50,762,1,baseline,8.28,3
50,763,1,baseline,8.74,3
50,764,1,baseline,8.96,3
50,765,1,baseline,9.08,3
50,766,1,baseline,8.4,3
50,767,1,baseline,9.62,3
50,768,1,baseline,9.12,3
50,769,1,baseline,8.3,3
50,770,1,baseline,9.0,3
50,771,1,baseline,10.24,3
50,772,1,baseline,8.68,3
50,773,1,baseline,9.28,3
50,774,1,baseline,8.88,3
50,775,1,baseline,8.38,3
50,776,1,baseline,8.48,3
50,777,1,baseline,9.6,3
50,778,1,baseline,9.08,3
50,779,1,baseline,9.4,3
50,780,1,baseline,9.08,2
50,781,1,baseline,8.02,2
50,782,1,baseline,8.54,2
50,783,1,baseline,7.6,2
50,784,1,baseline,8.7,2
50,785,1,baseline,7.7,2
50,786,1,baseline,8.26,2
50,787,1,baseline,8.02,2
50,788,1,baseline,8.0,2
50,789,1,baseline,7.28,2
50,790,1,baseline,7.2,2
50,791,1,baseline,6.84,2
50,792,1,baseline,7.46,2
50,793,1,baseline,7.26,2
50,794,1,baseline,8.12,2
50,795,1,baseline,7.62,2
50,796,1,baseline,8.34,2
50,797,1,baseline,7.92,2
50,798,1,baseline,8.06,2
50,799,1,baseline,8.02,2
50,800,1,baseline,7.56,2
50,801,1,baseline,7.96,2
50,802,1,baseline,8.48,2
50,803,1,baseline,8.3,2
50,804,1,baseline,8.7,2
50,805,1,baseline,7.5,2
50,806,1,baseline,8.58,2
50,807,1,baseline,7.98,2
50,808,1,baseline,7.58,2
50,809,1,baseline,7.72,2
50,810,1,baseline,8.04,2
50,811,1,baseline,7.46,2
50,812,1,baseline,7.9,2
50,813,1,baseline,7.3,2
50,814,1,baseline,8.72,2
50,815,1,baseline,7.78,2
50,816,1,baseline,7.94,2
50,817,1,baseline,8.14,2
50,818,1,baseline,8.82,2
50,819,1,baseline,8.04,2
50,820,1,baseline,8.58,2
50,821,1,baseline,7.72,2
50,822,1,baseline,7.64,2
50,823,1,baseline,7.88,2
50,824,1,baseline,7.52,2
50,825,1,baseline,6.76,2
50,826,1,baseline,6.68,2
50,827,1,baseline,7.64,2
50,828,1,baseline,8.06,2
50,829,1,baseline,7.44,2
50,830,1,baseline,7.96,2
50,831,1,baseline,7.72,2
50,832,1,baseline,7.28,2
50,833,1,baseline,7.2,2
50,834,1,baseline,7.4,2
50,835,1,baseline,6.7,2
50,836,1,baseline,7.82,2
50,837,1,baseline,6.9,2
50,838,1,baseline,7.42,2
50,839,1,baseline,7.18,2
50,840,1,baseline,7.98,2
50,841,1,baseline,7.52,2
50,842,1,baseline,7.86,2
50,843,1,baseline,7.62,2
50,844,1,baseline,7.88,2
50,845,1,baseline,8.32,2
50,846,1,baseline,7.4,2
50,847,1,baseline,7.96,2
50,848,1,baseline,7.58,2
50,849,1,baseline,7.84,2
50,850,1,baseline,8.2,2
50,851,1,baseline,8.0,2
50,852,1,baseline,8.14,2
50,853,1,baseline,7.68,2
50,854,1,baseline,7.98,2
50,855,1,baseline,7.58,2
50,856,1,baseline,8.74,2
50,857,1,baseline,7.88,2
50,858,1,baseline,7.68,2
50,859,1,baseline,7.78,2
50,860,1,baseline,7.9,2
50,861,1,baseline,7.66,2
50,862,1,baseline,9.14,2
50,863,1,baseline,7.1,2
50,864,1,baseline,7.84,2
50,865,1,baseline,6.66,2
50,866,1,baseline,7.02,2
50,867,1,baseline,7.54,2
50,868,1,baseline,7.26,2
50,869,1,baseline,7.3,2
50,870,1,baseline,7.98,2
50,871,1,baseline,7.96,2
50,872,1,baseline,7.22,2
50,873,1,baseline,9.3,2
50,874,1,baseline,9.18,2
50,875,1,baseline,9.2,2
50,876,1,baseline,8.5,2
50,877,1,baseline,7.54,2
50,878,1,baseline,7.32,2
50,879,1,baseline,7.6,2
50,880,1,baseline,8.7,2
50,881,1,baseline,7.76,2
50,882,1,baseline,7.46,2
50,883,1,baseline,8.4,2
50,884,1,baseline,7.7,2
50,885,1,baseline,8.18,2
50,886,1,baseline,7.8,2
50,887,1,baseline,7.3,2
50,888,1,baseline,7.44,2
50,889,1,baseline,7.98,2
50,890,1,baseline,7.3,2
50,891,1,baseline,8.58,2
50,892,1,baseline,7.82,2
50,893,1,baseline,6.64,2
50,894,1,baseline,7.3,2
50,895,1,baseline,7.24,2
50,896,1,baseline,8.14,2
50,897,1,baseline,7.06,2
50,898,1,baseline,8.04,2
50,899,1,baseline,8.22,2
50,900,1,baseline,7.72,2
50,901,1,baseline,7.12,2
50,902,1,baseline,7.28,2
50,903,1,baseline,8.72,2
50,904,1,baseline,8.38,2
50,905,1,baseline,8.6,2
50,906,1,baseline,8.24,2
50,907,1,baseline,8.4,2
50,908,1,baseline,8.28,2
50,909,1,baseline,7.22,2
50,910,1,baseline,8.08,2
50,911,1,baseline,8.16,2
50,912,1,baseline,7.16,2
50,913,1,baseline,8.02,2
50,914,1,baseline,8.1,2
50,915,1,baseline,8.38,2
50,916,1,baseline,8.04,2
50,917,1,baseline,7.52,2
50,918,1,baseline,7.8,2
50,919,1,baseline,7.4,2
50,920,1,baseline,7.82,2
50,921,1,baseline,7.66,2
50,922,1,baseline,8.24,2
50,923,1,baseline,7.62,2
50,924,1,baseline,7.72,2
50,925,1,baseline,8.5,2
50,926,1,baseline,7.9,2
50,927,1,baseline,7.56,2
50,928,1,baseline,7.52,2
50,929,1,baseline,7.3,2
50,930,1,baseline,8.4,2
50,931,1,baseline,8.04,2
50,932,1,baseline,8.32,2
50,933,1,baseline,8.36,2
50,934,1,baseline,7.24,2
50,935,1,baseline,7.46,2
50,936,1,baseline,8.1,2
50,937,1,baseline,7.78,2
50,938,1,baseline,7.44,2
50,939,1,baseline,8.16,2
50,940,1,baseline,8.6,2
50,941,1,baseline,7.68,2
50,942,1,baseline,7.64,2
50,943,1,baseline,7.9,2
50,944,1,baseline,8.08,2
50,945,1,baseline,8.46,2
50,946,1,baseline,7.28,2
50,947,1,baseline,7.66,2
50,948,1,baseline,8.76,2
50,949,1,baseline,8.42,2
50,950,1,baseline,7.68,2
50,951,1,baseline,7.42,2
50,952,1,baseline,7.74,2
50,953,1,baseline,7.76,2
50,954,1,baseline,8.12,2
50,955,1,baseline,8.18,2
50,956,1,baseline,7.68,2
50,957,1,baseline,8.18,2
50,958,1,baseline,7.94,2
50,959,1,baseline,7.18,2
50,960,1,baseline,7.5,2
50,961,1,baseline,7.24,2
50,962,1,baseline,8.18,2
50,963,1,baseline,7.74,2
50,964,1,baseline,7.62,2
50,965,1,baseline,7.72,2
50,966,1,baseline,8.14,2
50,967,1,baseline,8.14,2
50,968,1,baseline,8.66,2
50,969,1,baseline,7.46,2
50,970,1,baseline,8.3,2
50,971,1,baseline,9.06,2
50,972,1,baseline,8.3,2
50,973,1,baseline,7.9,2
50,974,1,baseline,6.94,2
50,975,1,baseline,7.16,2
50,976,1,baseline,6.76,2
50,977,1,baseline,8.06,2
50,978,1,baseline,7.58,2
50,979,1,baseline,7.88,2
50,980,1,baseline,8.4,2
50,981,1,baseline,8.34,2
50,982,1,baseline,7.2,2
50,983,1,baseline,8.28,2
50,984,1,baseline,8.08,2
50,985,1,baseline,7.66,2
50,986,1,baseline,9.28,2
50,987,1,baseline,9.08,2
50,988,1,baseline,7.74,2
50,989,1,baseline,7.06,2
50,990,1,baseline,7.18,2
50,991,1,baseline,6.56,2
50,992,1,baseline,7.88,2
50,993,1,baseline,8.3,2
50,994,1,baseline,7.9,2
50,995,1,baseline,7.92,2
50,996,1,baseline,8.68,2
50,997,1,baseline,7.66,2
50,998,1,baseline,7.08,2
50,999,1,baseline,7.92,2
50,1000,1,baseline,7.78,2
50,1001,1,baseline,7.3,2
50,1002,1,baseline,8.14,2
50,1003,1,baseline,8.68,2
50,1004,1,baseline,7.8,2
50,1005,1,baseline,8.26,2
50,1006,1,baseline,7.22,2
50,1007,1,baseline,7.8,2
50,1008,1,baseline,7.94,2
50,1009,1,baseline,8.04,2
50,1010,1,baseline,7.24,2
50,1011,1,baseline,8.12,2
50,1012,1,baseline,8.3,2
50,1013,1,baseline,7.68,2
50,1014,1,baseline,7.86,2
50,1015,1,baseline,8.04,2
50,1016,1,baseline,9.28,2
50,1017,1,baseline,8.04,2
50,1018,1,baseline,8.54,2
50,1019,1,baseline,8.04,2
50,1020,1,baseline,7.64,2
50,1021,1,baseline,7.42,2
50,1022,1,baseline,6.78,2
50,1023,1,baseline,6.58,2
50,1024,1,baseline,8.12,2
50,1025,1,baseline,8.78,2
50,1026,1,baseline,9.12,2
50,1027,1,baseline,8.5,2
50,1028,1,baseline,7.96,2
50,1029,1,baseline,8.54,2
50,1030,1,baseline,7.76,2
50,1031,1,baseline,8.0,2
50,1032,1,baseline,8.74,2
50,1033,1,baseline,8.86,2
50,1034,1,baseline,8.56,2
50,1035,1,baseline,8.02,2
50,1036,1,baseline,7.16,2
50,1037,1,baseline,8.02,2
50,1038,1,baseline,7.9,2
50,1039,1,baseline,8.36,2
50,1040,1,baseline,7.86,2
50,1041,1,baseline,8.42,2
50,1042,1,baseline,9.34,2
50,1043,1,baseline,8.26,2
50,1044,1,baseline,7.86,2
50,1045,1,baseline,8.62,2
50,1046,1,baseline,9.3,2
50,1047,1,baseline,9.06,2
50,1048,1,baseline,8.52,2
50,1049,1,baseline,7.96,2
50,1050,1,baseline,8.38,2
50,1051,1,baseline,7.64,2
50,1052,1,baseline,7.96,2
50,1053,1,baseline,7.88,2
50,1054,1,baseline,8.4,2
50,1055,1,baseline,8.8,2
50,1056,1,baseline,7.84,2
50,1057,1,baseline,7.9,2
50,1058,1,baseline,7.36,2
50,1059,1,baseline,8.12,2
50,1060,1,baseline,7.7,2
50,1061,1,baseline,8.22,2
50,1062,1,baseline,7.38,2
50,1063,1,baseline,8.22,2
50,1064,1,baseline,8.44,2
50,1065,1,baseline,7.62,2
50,1066,1,baseline,7.2,2
50,1067,1,baseline,7.18,2
50,1068,1,baseline,7.82,2
50,1069,1,baseline,7.86,2
50,1070,1,baseline,7.06,2
50,1071,1,baseline,7.42,2
50,1072,1,baseline,7.5,2
50,1073,1,baseline,8.1,2
50,1074,1,baseline,7.46,2
50,1075,1,baseline,7.64,2
50,1076,1,baseline,6.9,2
50,1077,1,baseline,8.3,2
50,1078,1,baseline,8.74,2
50,1079,1,baseline,7.7,2
50,1080,1,baseline,7.4,2
50,1081,1,baseline,7.6,2
50,1082,1,baseline,7.88,2
50,1083,1,baseline,8.06,2
50,1084,1,baseline,7.92,2
50,1085,1,baseline,7.32,2
50,1086,1,baseline,8.26,2
50,1087,1,baseline,8.0,2
50,1088,1,baseline,7.64,2
50,1089,1,baseline,8.14,2
50,1090,1,baseline,7.74,2
50,1091,1,baseline,7.56,2
50,1092,1,baseline,8.48,2
50,1093,1,baseline,7.22,2
50,1094,1,baseline,7.82,2
50,1095,1,baseline,8.24,2
50,1096,1,baseline,7.52,2
50,1097,1,baseline,7.24,2
50,1098,1,baseline,7.7,2
50,1099,1,baseline,7.7,2
50,1100,1,baseline,8.2,2
50,1101,1,baseline,8.44,2
50,1102,1,baseline,8.06,2
50,1103,1,baseline,8.84,2
50,1104,1,baseline,7.0,2
50,1105,1,baseline,7.82,2
50,1106,1,baseline,7.3,2
50,1107,1,baseline,8.16,2
50,1108,1,baseline,7.68,2
50,1109,1,baseline,7.34,2
50,1110,1,baseline,7.68,2
50,1111,1,baseline,7.82,2
50,1112,1,baseline,7.88,2
50,1113,1,baseline,8.3,2
50,1114,1,baseline,8.92,2
50,1115,1,baseline,9.06,2
50,1116,1,baseline,7.64,2
50,1117,1,baseline,7.58,2
50,1118,1,baseline,8.48,2
50,1119,1,baseline,8.7,2
50,1120,1,baseline,7.1,2
50,1121,1,baseline,7.58,2
50,1122,1,baseline,8.42,2
50,1123,1,baseline,6.84,2
50,1124,1,baseline,7.02,2
50,1125,1,baseline,7.34,2
50,1126,1,baseline,6.22,2
50,1127,1,baseline,6.76,2
50,1128,1,baseline,7.22,2
50,1129,1,baseline,7.68,2
50,1130,1,baseline,7.28,2
50,1131,1,baseline,7.72,2
50,1132,1,baseline,6.92,2
50,1133,1,baseline,7.92,2
50,1134,1,baseline,8.16,2
50,1135,1,baseline,8.6,2
50,1136,1,baseline,7.92,2
50,1137,1,baseline,8.36,2
50,1138,1,baseline,7.96,2
50,1139,1,baseline,7.28,2
50,1140,1,baseline,8.2,2
50,1141,1,baseline,8.54,2
50,1142,1,baseline,8.06,2
50,1143,1,baseline,8.14,2
50,1144,1,baseline,7.66,2
50,1145,1,baseline,8.8,2
50,1146,1,baseline,8.38,2
50,1147,1,baseline,8.38,2
50,1148,1,baseline,8.28,2
50,1149,1,baseline,7.44,2
50,1150,1,baseline,7.4,2
50,1151,1,baseline,6.52,2
50,1152,1,baseline,7.74,2
50,1153,1,baseline,7.64,2
50,1154,1,baseline,7.6,2
50,1155,1,baseline,6.94,2
50,1156,1,baseline,6.32,2
50,1157,1,baseline,8.6,2
50,1158,1,baseline,7.34,2
50,1159,1,baseline,8.82,2
50,1160,1,baseline,9.0,2
50,1161,1,baseline,8.66,2
50,1162,1,baseline,8.54,2
50,1163,1,baseline,8.08,2
50,1164,1,baseline,8.08,2
50,1165,1,baseline,7.56,2
50,1166,1,baseline,6.96,2
50,1167,1,baseline,7.2,2
50,1168,1,baseline,6.1,2
50,1169,1,baseline,7.94,2
50,1170,1,baseline,7.48,2
50,1171,1,baseline,7.88,2
50,1172,1,baseline,7.8,2
50,1173,1,baseline,7.26,2
50,1174,1,baseline,7.68,2
50,1175,1,baseline,7.66,2
50,1176,1,baseline,7.08,2
50,1177,1,baseline,8.62,2
50,1178,1,baseline,7.58,2
50,1179,1,baseline,7.74,2
50,1180,1,baseline,7.8,2
50,1181,1,baseline,7.12,2
50,1182,1,baseline,7.76,2
50,1183,1,baseline,8.1,2
50,1184,1,baseline,8.5,2
50,1185,1,baseline,9.32,2
50,1186,1,baseline,8.24,2
50,1187,1,baseline,7.44,2
50,1188,1,baseline,7.28,2
50,1189,1,baseline,8.1,2
50,1190,1,baseline,8.46,2
50,1191,1,baseline,7.98,2
50,1192,1,baseline,7.78,2
50,1193,1,baseline,9.28,2
50,1194,1,baseline,8.74,2
50,1195,1,baseline,8.7,2
50,1196,1,baseline,8.64,2
50,1197,1,baseline,9.96,2
50,1198,1,baseline,8.46,2
50,1199,1,baseline,6.02,2
50,1200,1,baseline,7.36,2
50,1201,1,baseline,7.86,2
50,1202,1,baseline,7.36,2
50,1203,1,baseline,7.94,2
50,1204,1,baseline,8.12,2
50,1205,1,baseline,8.1,2
50,1206,1,baseline,7.54,2
50,1207,1,baseline,7.82,2
50,1208,1,baseline,9.24,2
50,1209,1,baseline,8.48,2
50,1210,1,baseline,7.72,2
50,1211,1,baseline,8.0,2
50,1212,1,baseline,8.24,2
50,1213,1,baseline,6.66,2
50,1214,1,baseline,8.2,2
50,1215,1,baseline,7.42,2
50,1216,1,baseline,7.46,2
50,1217,1,baseline,8.24,2
50,1218,1,baseline,7.96,2
50,1219,1,baseline,7.88,2
50,1220,1,baseline,8.18,2
50,1221,1,baseline,8.58,2
50,1222,1,baseline,8.46,2
50,1223,1,baseline,8.18,2
50,1224,1,baseline,8.4,2
50,1225,1,baseline,8.06,2
50,1226,1,baseline,8.46,2
50,1227,1,baseline,7.52,2
50,1228,1,baseline,7.28,2
50,1229,1,baseline,7.96,2
50,1230,1,baseline,8.54,2
50,1231,1,baseline,8.14,2
50,1232,1,baseline,7.24,2
50,1233,1,baseline,7.66,2
50,1234,1,baseline,7.82,2
50,1235,1,baseline,7.26,2
50,1236,1,baseline,7.52,2
50,1237,1,baseline,7.72,2
50,1238,1,baseline,7.38,2
50,1239,1,baseline,7.34,2
50,1240,1,baseline,8.04,2
50,1241,1,baseline,7.7,2
50,1242,1,baseline,7.22,2
50,1243,1,baseline,7.62,2
50,1244,1,baseline,7.44,2
50,1245,1,baseline,7.46,2
50,1246,1,baseline,7.54,2
50,1247,1,baseline,7.46,2
50,1248,1,baseline,8.18,2
50,1249,1,baseline,8.0,2
50,1250,1,baseline,8.36,2
50,1251,1,baseline,7.48,2
50,1252,1,baseline,8.14,2
50,1253,1,baseline,7.06,2
50,1254,1,baseline,6.72,2
50,1255,1,baseline,7.7,2
50,1256,1,baseline,7.06,2
50,1257,1,baseline,7.3,2
50,1258,1,baseline,8.18,2
50,1259,1,baseline,7.66,2
50,1260,1,baseline,6.82,2
50,1261,1,baseline,8.06,2
50,1262,1,baseline,7.76,2
50,1263,1,baseline,8.04,2
50,1264,1,baseline,7.14,2
50,1265,1,baseline,7.34,2
50,1266,1,baseline,7.86,2
50,1267,1,baseline,6.48,2
50,1268,1,baseline,8.38,2
50,1269,1,baseline,8.54,2
50,1270,1,baseline,7.38,2
50,1271,1,baseline,7.58,2
50,1272,1,baseline,7.56,2
50,1273,1,baseline,8.5,2
50,1274,1,baseline,8.78,2
50,1275,1,baseline,7.8,2
50,1276,1,baseline,8.64,2
50,1277,1,baseline,8.46,2
50,1278,1,baseline,8.14,2
50,1279,1,baseline,8.1,2
50,1280,1,baseline,7.52,2
50,1281,1,baseline,6.74,2
50,1282,1,baseline,7.86,2
50,1283,1,baseline,8.34,2
50,1284,1,baseline,7.54,2
50,1285,1,baseline,7.54,2
50,1286,1,baseline,6.92,2
50,1287,1,baseline,7.76,2
50,1288,1,baseline,7.92,2
50,1289,1,baseline,7.88,2
50,1290,1,baseline,7.92,2
50,1291,1,baseline,8.0,2
50,1292,1,baseline,8.86,2
50,1293,1,baseline,7.7,2
50,1294,1,baseline,7.56,2
50,1295,1,baseline,8.34,2
50,1296,1,baseline,7.78,2
50,1297,1,baseline,7.66,2
50,1298,1,baseline,7.66,2
50,1299,1,baseline,8.68,2
50,1300,1,baseline,6.72,2
50,1301,1,baseline,7.22,2
50,1302,1,baseline,7.4,2
50,1303,1,baseline,8.3,2
50,1304,1,baseline,7.94,2
50,1305,1,baseline,7.68,2
50,1306,1,baseline,6.9,2
50,1307,1,baseline,9.02,2
50,1308,1,baseline,8.0,2
50,1309,1,baseline,7.68,2
50,1310,1,baseline,7.1,2
50,1311,1,baseline,7.32,2
50,1312,1,baseline,7.02,2
50,1313,1,baseline,8.1,2
50,1314,1,baseline,8.06,2
50,1315,1,baseline,8.12,2
50,1316,1,baseline,7.46,2
50,1317,1,baseline,7.72,2
50,1318,1,baseline,7.92,2
50,1319,1,baseline,7.92,2
50,1320,1,baseline,8.32,2
50,1321,1,baseline,8.52,2
50,1322,1,baseline,9.06,2
50,1323,1,baseline,7.96,2
50,1324,1,baseline,7.72,2
50,1325,1,baseline,7.7,2
50,1326,1,baseline,6.64,2
50,1327,1,baseline,7.9,2
50,1328,1,baseline,7.02,2
50,1329,1,baseline,7.7,2
50,1330,1,baseline,8.08,2
50,1331,1,baseline,6.86,2
50,1332,1,baseline,7.72,2
50,1333,1,baseline,7.68,2
50,1334,1,baseline,7.94,2
50,1335,1,baseline,7.94,2
50,1336,1,baseline,8.88,2
50,1337,1,baseline,8.42,2
50,1338,1,baseline,9.0,2
50,1339,1,baseline,8.32,2
50,1340,1,baseline,7.54,2
50,1341,1,baseline,8.18,2
50,1342,1,baseline,7.3,1
50,1343,1,baseline,6.96,1
50,1344,1,baseline,7.38,1
50,1345,1,baseline,7.38,1
50,1346,1,baseline,6.7,1
50,1347,1,baseline,7.36,1
50,1348,1,baseline,7.36,1
50,1349,1,baseline,7.04,1
50,1350,1,baseline,7.04,1
50,1351,1,baseline,6.84,1
50,1352,1,baseline,5.7,1
50,1353,1,baseline,6.58,1
50,1354,1,baseline,6.78,1
50,1355,1,baseline,6.76,1
50,1356,1,baseline,7.72,1
50,1357,1,baseline,6.7,1
50,1358,1,baseline,7.1,1
50,1359,1,baseline,7.54,1
50,1360,1,baseline,7.5,1
50,1361,1,baseline,6.94,1
50,1362,1,baseline,6.62,1
50,1363,1,baseline,6.6,1
50,1364,1,baseline,6.64,1
50,1365,1,baseline,8.0,1
50,1366,1,baseline,7.38,1
50,1367,1,baseline,6.38,1
50,1368,1,baseline,7.92,1
50,1369,1,baseline,6.4,1
50,1370,1,baseline,6.66,1
50,1371,1,baseline,7.12,1
50,1372,1,baseline,6.84,1
50,1373,1,baseline,6.54,1
50,1374,1,baseline,7.2,1
50,1375,1,baseline,6.46,1
50,1376,1,baseline,7.1,1
50,1377,1,baseline,6.04,1
50,1378,1,baseline,6.66,1
50,1379,1,baseline,6.88,1
50,1380,1,baseline,6.96,1
50,1381,1,baseline,6.6,1
50,1382,1,baseline,7.16,1
50,1383,1,baseline,5.86,1
50,1384,1,baseline,6.78,1
50,1385,1,baseline,7.46,1
50,1386,1,baseline,7.42,1
50,1387,1,baseline,7.0,1
50,1388,1,baseline,7.28,1
50,1389,1,baseline,6.7,1
50,1390,1,baseline,7.16,1
50,1391,1,baseline,7.1,1
50,1392,1,baseline,7.4,1
50,1393,1,baseline,7.32,1
50,1394,1,baseline,7.84,1
50,1395,1,baseline,6.78,1
50,1396,1,baseline,6.88,1
50,1397,1,baseline,7.06,1
50,1398,1,baseline,7.86,1
50,1399,1,baseline,6.34,1
50,1400,1,baseline,6.9,1
50,1401,1,baseline,7.1,1
50,1402,1,baseline,7.56,1
50,1403,1,baseline,6.96,1
50,1404,1,baseline,7.7,1
50,1405,1,baseline,7.38,1
50,1406,1,baseline,6.58,1
50,1407,1,baseline,7.8,1
50,1408,1,baseline,7.38,1
50,1409,1,baseline,7.42,1
50,1410,1,baseline,6.86,1
50,1411,1,baseline,7.28,1
50,1412,1,baseline,6.24,1
50,1413,1,baseline,6.58,1
50,1414,1,baseline,6.8,1
50,1415,1,baseline,7.82,1
50,1416,1,baseline,7.28,1
50,1417,1,baseline,7.3,1
50,1418,1,baseline,7.14,1
50,1419,1,baseline,7.1,1
50,1420,1,baseline,7.26,1
50,1421,1,baseline,6.96,1
50,1422,1,baseline,7.34,1
50,1423,1,baseline,7.18,1
50,1424,1,baseline,6.88,1
50,1425,1,baseline,6.74,1
50,1426,1,baseline,7.0,1
50,1427,1,baseline,6.88,1
50,1428,1,baseline,6.76,1
50,1429,1,baseline,6.62,1
50,1430,1,baseline,7.24,1
50,1431,1,baseline,7.3,1
50,1432,1,baseline,7.0,1
50,1433,1,baseline,7.5,1
50,1434,1,baseline,6.98,1
50,1435,1,baseline,6.88,1
50,1436,1,baseline,6.58,1
50,1437,1,baseline,6.52,1
50,1438,1,baseline,6.94,1
50,1439,1,baseline,5.9,1
50,1440,1,baseline,6.88,1
50,1441,1,baseline,6.62,1
50,1442,1,baseline,6.68,1
50,1443,1,baseline,7.56,1
50,1444,1,baseline,6.9,1
50,1445,1,baseline,7.7,1
50,1446,1,baseline,7.04,1
50,1447,1,baseline,7.16,1
50,1448,1,baseline,8.2,1
50,1449,1,baseline,8.38,1
50,1450,1,baseline,7.46,1
50,1451,1,baseline,7.52,1
50,1452,1,baseline,7.08,1
50,1453,1,baseline,6.96,1
50,1454,1,baseline,6.92,1
50,1455,1,baseline,7.38,1
50,1456,1,baseline,7.16,1
50,1457,1,baseline,8.22,1
50,1458,1,baseline,7.78,1
50,1459,1,baseline,7.76,1
50,1460,1,baseline,6.56,1
50,1461,1,baseline,6.76,1
50,1462,1,baseline,6.6,1
50,1463,1,baseline,6.48,1
50,1464,1,baseline,7.12,1
50,1465,1,baseline,7.14,1
50,1466,1,baseline,6.2,1
50,1467,1,baseline,5.94,1
50,1468,1,baseline,7.48,1
50,1469,1,baseline,7.88,1
50,1470,1,baseline,6.6,1
50,1471,1,baseline,6.48,1
50,1472,1,baseline,7.14,1
50,1473,1,baseline,7.56,1
50,1474,1,baseline,7.76,1
50,1475,1,baseline,7.02,1
50,1476,1,baseline,6.82,1
50,1477,1,baseline,7.7,1
50,1478,1,baseline,6.5,1
50,1479,1,baseline,6.36,1
50,1480,1,baseline,6.76,1
50,1481,1,baseline,6.96,1
50,1482,1,baseline,6.36,1
50,1483,1,baseline,6.8,1
50,1484,1,baseline,7.16,1
50,1485,1,baseline,7.1,1
50,1486,1,baseline,6.64,1
50,1487,1,baseline,6.62,1
50,1488,1,baseline,7.2,1
50,1489,1,baseline,7.28,1
50,1490,1,baseline,7.4,1
50,1491,1,baseline,7.44,1
50,1492,1,baseline,6.4,1
50,1493,1,baseline,7.36,1
50,1494,1,baseline,6.56,1
50,1495,1,baseline,7.44,1
50,1496,1,baseline,7.1,1
50,1497,1,baseline,7.44,1
50,1498,1,baseline,7.3,1
50,1499,1,baseline,6.64,1
50,1500,1,baseline,7.56,1
50,1501,1,baseline,6.5,1
50,1502,1,baseline,6.16,1
50,1503,1,baseline,7.36,1
50,1504,1,baseline,7.44,1
50,1505,1,baseline,6.62,1
50,1506,1,baseline,6.44,1
50,1507,1,baseline,7.46,1
50,1508,1,baseline,6.74,1
50,1509,1,baseline,6.7,1
50,1510,1,baseline,7.08,1
50,1511,1,baseline,6.96,1
50,1512,1,baseline,7.06,1
50,1513,1,baseline,7.0,1
50,1514,1,baseline,6.22,1
50,1515,1,baseline,6.22,1
50,1516,1,baseline,6.7,1
50,1517,1,baseline,7.94,1
50,1518,1,baseline,7.68,1
50,1519,1,baseline,7.36,1
50,1520,1,baseline,7.88,1
50,1521,1,baseline,7.34,1
50,1522,1,baseline,7.28,1
50,1523,1,baseline,7.06,1
50,1524,1,baseline,7.16,1
50,1525,1,baseline,6.74,1
50,1526,1,baseline,7.26,1
50,1527,1,baseline,7.34,1
50,1528,1,baseline,8.04,1
50,1529,1,baseline,7.5,1
50,1530,1,baseline,7.34,1
50,1531,1,baseline,7.3,1
50,1532,1,baseline,5.78,1
50,1533,1,baseline,6.84,1
50,1534,1,baseline,7.8,1
50,1535,1,baseline,7.98,1
50,1536,1,baseline,7.12,1
50,1537,1,baseline,7.28,1
50,1538,1,baseline,6.34,1
50,1539,1,baseline,7.54,1
50,1540,1,baseline,7.12,1
50,1541,1,baseline,6.94,1
50,1542,1,baseline,7.66,1
50,1543,1,baseline,6.74,1
50,1544,1,baseline,6.66,1
50,1545,1,baseline,6.82,1
50,1546,1,baseline,6.26,1
50,1547,1,baseline,6.98,1
50,1548,1,baseline,7.64,1
50,1549,1,baseline,7.42,1
50,1550,1,baseline,6.3,1
50,1551,1,baseline,7.0,1
50,1552,1,baseline,7.02,1
50,1553,1,baseline,6.16,1
50,1554,1,baseline,5.58,1
50,1555,1,baseline,7.6,1
50,1556,1,baseline,6.72,1
50,1557,1,baseline,6.56,1
50,1558,1,baseline,7.02,1
50,1559,1,baseline,7.0,1
50,1560,1,baseline,6.84,1
50,1561,1,baseline,7.92,1
50,1562,1,baseline,7.16,1
50,1563,1,baseline,7.62,1
50,1564,1,baseline,7.28,1
50,1565,1,baseline,7.46,1
50,1566,1,baseline,7.42,1
50,1567,1,baseline,5.78,1
50,1568,1,baseline,6.46,1
50,1569,1,baseline,7.38,1
50,1570,1,baseline,7.26,1
50,1571,1,baseline,7.04,1
50,1572,1,baseline,6.7,1
50,1573,1,baseline,6.52,1
50,1574,1,baseline,6.34,1
50,1575,1,baseline,7.32,1
50,1576,1,baseline,7.7,1
50,1577,1,baseline,6.32,1
50,1578,1,baseline,6.86,1
50,1579,1,baseline,5.94,1
50,1580,1,baseline,6.82,1
50,1581,1,baseline,7.2,1
50,1582,1,baseline,7.86,1
50,1583,1,baseline,6.18,1
50,1584,1,baseline,7.66,1
50,1585,1,baseline,7.54,1
50,1586,1,baseline,7.24,1
50,1587,1,baseline,8.14,1
50,1588,1,baseline,7.34,1
50,1589,1,baseline,7.56,1
50,1590,1,baseline,7.5,1
50,1591,1,baseline,7.02,1
50,1592,1,baseline,6.54,1
50,1593,1,baseline,7.08,1
50,1594,1,baseline,6.74,1
50,1595,1,baseline,7.44,1
50,1596,1,baseline,7.58,1
50,1597,1,baseline,6.92,1
50,1598,1,baseline,6.4,1
50,1599,1,baseline,7.08,1
50,1600,1,baseline,7.7,1
50,1601,1,baseline,7.48,1
50,1602,1,baseline,6.4,1
50,1603,1,baseline,7.08,1
50,1604,1,baseline,7.2,1
50,1605,1,baseline,6.24,1
50,1606,1,baseline,7.18,1
50,1607,1,baseline,7.5,1
50,1608,1,baseline,6.7,1
50,1609,1,baseline,6.64,1
50,1610,1,baseline,6.76,1
50,1611,1,baseline,7.22,1
50,1612,1,baseline,6.84,1
50,1613,1,baseline,6.02,1
50,1614,1,baseline,7.4,1
50,1615,1,baseline,7.0,1
50,1616,1,baseline,6.28,1
50,1617,1,baseline,7.06,1
50,1618,1,baseline,7.08,1
50,1619,1,baseline,7.8,1
50,1620,1,baseline,6.96,1
50,1621,1,baseline,6.9,1
50,1622,1,baseline,7.44,1
50,1623,1,baseline,7.32,1
50,1624,1,baseline,7.64,1
50,1625,1,baseline,7.56,1
50,1626,1,baseline,7.06,1
50,1627,1,baseline,8.02,1
50,1628,1,baseline,7.26,1
50,1629,1,baseline,6.98,1
50,1630,1,baseline,7.8,1
50,1631,1,baseline,8.22,1
50,1632,1,baseline,8.2,1
50,1633,1,baseline,7.46,1
50,1634,1,baseline,8.38,1
50,1635,1,baseline,8.1,1
50,1636,1,baseline,6.86,1
50,1637,1,baseline,5.92,1
50,1638,1,baseline,7.78,1
50,1639,1,baseline,7.28,1
50,1640,1,baseline,8.0,1
50,1641,1,baseline,6.12,1
50,1642,1,baseline,7.7,1
50,1643,1,baseline,7.42,1
50,1644,1,baseline,6.86,1
50,1645,1,baseline,7.28,1
50,1646,1,baseline,7.56,1
50,1647,1,baseline,6.96,1
50,1648,1,baseline,7.14,1
50,1649,1,baseline,5.9,1
50,1650,1,baseline,7.18,1
50,1651,1,baseline,6.9,1
50,1652,1,baseline,7.24,1
50,1653,1,baseline,7.44,1
50,1654,1,baseline,6.76,1
50,1655,1,baseline,7.54,1
50,1656,1,baseline,7.58,1
50,1657,1,baseline,8.42,1
50,1658,1,baseline,7.84,1
50,1659,1,baseline,8.64,1
50,1660,1,baseline,7.46,1
50,1661,1,baseline,7.22,1
50,1662,1,baseline,7.32,1
50,1663,1,baseline,7.7,1
50,1664,1,baseline,5.58,1
50,1665,1,baseline,5.92,1
50,1666,1,baseline,7.12,1
50,1667,1,baseline,7.92,1
50,1668,1,baseline,7.72,1
50,1669,1,baseline,7.04,1
50,1670,1,baseline,7.14,1
50,1671,1,baseline,6.9,1
50,1672,1,baseline,7.06,1
50,1673,1,baseline,7.0,1
50,1674,1,baseline,6.56,1
50,1675,1,baseline,6.5,1
50,1676,1,baseline,6.06,1
50,1677,1,baseline,5.66,1
50,1678,1,baseline,6.9,1
50,1679,1,baseline,7.2,1
50,1680,1,baseline,6.64,1
50,1681,1,baseline,6.64,1
50,1682,1,baseline,6.8,1
50,1683,1,baseline,6.78,1
50,1684,1,baseline,7.96,1
50,1685,1,baseline,6.74,1
50,1686,1,baseline,6.48,1
50,1687,1,baseline,6.54,1
50,1688,1,baseline,7.26,1
50,1689,1,baseline,7.54,1
50,1690,1,baseline,7.24,1
50,1691,1,baseline,7.44,1
50,1692,1,baseline,7.44,1
50,1693,1,baseline,6.32,1
50,1694,1,baseline,6.58,1
50,1695,1,baseline,7.48,1
50,1696,1,baseline,7.26,1
50,1697,1,baseline,7.72,1
50,1698,1,baseline,7.26,1
50,1699,1,baseline,6.68,1
50,1700,1,baseline,7.08,1
50,1701,1,baseline,7.58,1
50,1702,1,baseline,6.62,1
50,1703,1,baseline,7.64,1
50,1704,1,baseline,6.82,1
50,1705,1,baseline,6.96,1
50,1706,1,baseline,6.28,1
50,1707,1,baseline,6.52,1
50,1708,1,baseline,6.48,1
50,1709,1,baseline,5.92,1
50,1710,1,baseline,7.0,1
50,1711,1,baseline,7.16,1
50,1712,1,baseline,7.04,1
50,1713,1,baseline,6.56,1
50,1714,1,baseline,6.76,1
50,1715,1,baseline,6.7,1
50,1716,1,baseline,6.76,1
50,1717,1,baseline,6.22,1
50,1718,1,baseline,6.98,1
50,1719,1,baseline,7.16,1
50,1720,1,baseline,6.38,1
50,1721,1,baseline,6.92,1
50,1722,1,baseline,7.8,1
50,1723,1,baseline,6.54,1
50,1724,1,baseline,7.04,1
50,1725,1,baseline,6.96,1
50,1726,1,baseline,6.08,1
50,1727,1,baseline,6.12,1
50,1728,1,baseline,7.0,1
50,1729,1,baseline,6.58,1
50,1730,1,baseline,6.54,1
50,1731,1,baseline,6.64,1
50,1732,1,baseline,7.98,1
50,1733,1,baseline,7.64,1
50,1734,1,baseline,6.8,1
50,1735,1,baseline,7.0,1
50,1736,1,baseline,6.78,1
50,1737,1,baseline,6.56,1
50,1738,1,baseline,7.54,1
50,1739,1,baseline,6.1,1
50,1740,1,baseline,7.86,1
50,1741,1,baseline,6.6,1
50,1742,1,baseline,6.82,1
50,1743,1,baseline,6.3,1
50,1744,1,baseline,7.18,1
50,1745,1,baseline,6.04,1
50,1746,1,baseline,8.26,1
50,1747,1,baseline,7.36,1
50,1748,1,baseline,7.78,1
50,1749,1,baseline,7.04,1
50,1750,1,baseline,6.8,1
50,1751,1,baseline,7.08,1
50,1752,1,baseline,7.3,1
50,1753,1,baseline,7.94,1
50,1754,1,baseline,7.66,1
50,1755,1,baseline,7.82,1
50,1756,1,baseline,7.16,1
50,1757,1,baseline,6.82,1
50,1758,1,baseline,5.94,1
50,1759,1,baseline,6.62,1
50,1760,1,baseline,7.32,1
50,1761,1,baseline,6.58,1
50,1762,1,baseline,6.94,1
50,1763,1,baseline,7.1,1
50,1764,1,baseline,6.0,1
50,1765,1,baseline,7.14,1
50,1766,1,baseline,7.76,1
50,1767,1,baseline,7.6,1
50,1768,1,baseline,5.88,1
50,1769,1,baseline,6.24,1
50,1770,1,baseline,6.42,1
50,1771,1,baseline,6.04,1
50,1772,1,baseline,6.66,1
50,1773,1,baseline,6.34,1
50,1774,1,baseline,6.56,1
50,1775,1,baseline,7.76,1
50,1776,1,baseline,7.0,1
50,1777,1,baseline,7.28,1
50,1778,1,baseline,6.2,1
50,1779,1,baseline,7.12,1
50,1780,1,baseline,6.3,1
50,1781,1,baseline,7.7,1
50,1782,1,baseline,6.58,1
50,1783,1,baseline,6.88,1
50,1784,1,baseline,6.56,1
50,1785,1,baseline,7.2,1
50,1786,1,baseline,6.68,1
50,1787,1,baseline,7.16,1
50,1788,1,baseline,7.16,1
50,1789,1,baseline,7.18,1
50,1790,1,baseline,6.08,1
50,1791,1,baseline,7.1,1
50,1792,1,baseline,6.2,1
50,1793,1,baseline,6.8,1
50,1794,1,baseline,7.22,1
50,1795,1,baseline,7.08,1
50,1796,1,baseline,7.64,1
50,1797,1,baseline,7.28,1
50,1798,1,baseline,7.3,1
50,1799,1,baseline,6.66,1
50,1800,1,baseline,7.08,1
50,1801,1,baseline,5.46,1
50,1802,1,baseline,6.26,1
50,1803,1,baseline,6.84,1
50,1804,1,baseline,7.34,1
50,1805,1,baseline,7.0,1
50,1806,1,baseline,6.72,1
50,1807,1,baseline,6.98,1
50,1808,1,baseline,6.32,1
50,1809,1,baseline,7.16,1
50,1810,1,baseline,7.28,1
50,1811,1,baseline,5.88,1
50,1812,1,baseline,7.26,1
50,1813,1,baseline,7.34,1
50,1814,1,baseline,6.78,1
50,1815,1,baseline,5.98,1
50,1816,1,baseline,6.86,1
50,1817,1,baseline,7.12,1
50,1818,1,baseline,6.42,1
50,1819,1,baseline,7.16,1
50,1820,1,baseline,7.12,1
50,1821,1,baseline,6.7,1
50,1822,1,baseline,6.74,1
50,1823,1,baseline,7.7,1
50,1824,1,baseline,6.76,1
50,1825,1,baseline,6.6,1
50,1826,1,baseline,7.7,1
50,1827,1,baseline,6.96,1
50,1828,1,baseline,6.34,1
50,1829,1,baseline,7.78,1
50,1830,1,baseline,7.04,1
50,1831,1,baseline,8.04,1
50,1832,1,baseline,6.88,1
50,1833,1,baseline,6.46,1
50,1834,1,baseline,6.56,1
50,1835,1,baseline,7.3,1
50,1836,1,baseline,6.94,1
50,1837,1,baseline,6.1,1
50,1838,1,baseline,7.22,1
50,1839,1,baseline,7.34,1
50,1840,1,baseline,7.04,1
50,1841,1,baseline,7.16,1
50,1842,1,baseline,6.02,1
50,1843,1,baseline,6.44,1
50,1844,1,baseline,6.52,1
50,1845,1,baseline,6.78,1
50,1846,1,baseline,7.22,1
50,1847,1,baseline,8.3,1
50,1848,1,baseline,7.98,1
50,1849,1,baseline,7.66,1
50,1850,1,baseline,7.28,1
50,1851,1,baseline,6.72,1
50,1852,1,baseline,7.94,1
50,1853,1,baseline,7.4,1
50,1854,1,baseline,7.46,1
50,1855,1,baseline,7.48,1
50,1856,1,baseline,7.36,1
50,1857,1,baseline,7.42,1
50,1858,1,baseline,6.3,1
50,1859,1,baseline,6.48,1
50,1860,1,baseline,7.4,1
50,1861,1,baseline,7.06,1
50,1862,1,baseline,6.96,1
50,1863,1,baseline,6.74,1
50,1864,1,baseline,6.68,1
50,1865,1,baseline,6.6,1
50,1866,1,baseline,7.1,1
50,1867,1,baseline,7.94,1
50,1868,1,baseline,8.06,1
50,1869,1,baseline,7.16,1
50,1870,1,baseline,7.14,1
50,1871,1,baseline,7.28,1
50,1872,1,baseline,7.18,1
50,1873,1,baseline,7.86,1
50,1874,1,baseline,7.9,1
50,1875,1,baseline,7.36,1
50,1876,1,baseline,7.08,1
50,1877,1,baseline,8.0,1
50,1878,1,baseline,7.84,1
50,1879,1,baseline,6.48,1
50,1880,1,baseline,7.04,1
50,1881,1,baseline,6.92,1
50,1882,1,baseline,5.82,1
50,1883,1,baseline,6.68,1
50,1884,1,baseline,6.92,1
50,1885,1,baseline,7.08,1
50,1886,1,baseline,6.74,1
50,1887,1,baseline,6.56,1
50,1888,1,baseline,6.54,1
50,1889,1,baseline,6.36,1
50,1890,1,baseline,7.16,1
50,1891,1,baseline,6.88,1
50,1892,1,baseline,6.22,1
50,1893,1,baseline,6.26,1
50,1894,1,baseline,6.56,1
50,1895,1,baseline,6.46,1
50,1896,1,baseline,6.82,1
50,1897,1,baseline,6.28,1
50,1898,1,baseline,6.64,1
50,1899,1,baseline,6.42,1
50,1900,1,baseline,7.44,1
50,1901,1,baseline,6.88,1
50,1902,1,baseline,6.36,1
50,1903,1,baseline,5.68,1
50,1904,1,baseline,7.3,1
50,1905,1,baseline,7.16,1
50,1906,1,baseline,6.38,1
50,1907,1,baseline,7.34,1
50,1908,1,baseline,6.7,1
50,1909,1,baseline,6.96,1
50,1910,1,baseline,7.18,1
50,1911,1,baseline,6.66,1
50,1912,1,baseline,6.98,1
50,1913,1,baseline,6.16,1
50,1914,1,baseline,6.64,1
50,1915,1,baseline,6.64,1
50,1916,1,baseline,7.04,1
50,1917,1,baseline,6.96,1
50,1918,1,baseline,6.86,1
50,1919,1,baseline,7.42,1
50,1920,1,baseline,8.04,1
50,1921,1,baseline,7.14,1
50,1922,1,baseline,7.28,1
50,1923,1,baseline,7.52,1
50,1924,1,baseline,8.16,1
50,1925,1,baseline,7.02,1
50,1926,1,baseline,6.14,1
50,1927,1,baseline,6.88,1
50,1928,1,baseline,7.74,1
50,1929,1,baseline,7.64,1
50,1930,1,baseline,7.3,1
50,1931,1,baseline,7.62,1
50,1932,1,baseline,7.84,1
50,1933,1,baseline,7.9,1
50,1934,1,baseline,7.7,1
50,1935,1,baseline,7.6,1
50,1936,1,baseline,7.42,1
50,1937,1,baseline,6.56,1
50,1938,1,baseline,6.72,1
50,1939,1,baseline,8.0,1
50,1940,1,baseline,6.92,1
50,1941,1,baseline,5.94,1
50,1942,1,baseline,7.16,1
50,1943,1,baseline,6.66,1
50,1944,1,baseline,6.36,1
50,1945,1,baseline,7.48,1
50,1946,1,baseline,7.22,1
50,1947,1,baseline,7.2,1
50,1948,1,baseline,7.18,1
50,1949,1,baseline,7.14,1
50,1950,1,baseline,7.26,1
50,1951,1,baseline,6.18,1
50,1952,1,baseline,6.4,1
50,1953,1,baseline,6.8,1
50,1954,1,baseline,7.5,1
50,1955,1,baseline,7.7,1
50,1956,1,baseline,7.64,1
50,1957,1,baseline,7.36,1
50,1958,1,baseline,6.7,1
50,1959,1,baseline,6.8,1
50,1960,1,baseline,7.08,1
50,1961,1,baseline,6.32,1
50,1962,1,baseline,5.62,1
50,1963,1,baseline,7.62,1
50,1964,1,baseline,6.46,1
50,1965,1,baseline,6.0,1
50,1966,1,baseline,7.68,1
50,1967,1,baseline,7.36,1
50,1968,1,baseline,7.48,1
50,1969,1,baseline,7.4,1
50,1970,1,baseline,6.24,1
50,1971,1,baseline,7.56,1
50,1972,1,baseline,7.4,1
50,1973,1,baseline,6.78,1
50,1974,1,baseline,7.36,1
50,1975,1,baseline,6.94,1
50,1976,1,baseline,6.88,1
50,1977,1,baseline,7.0,1
50,1978,1,baseline,6.72,1
50,1979,1,baseline,6.74,1
50,1980,1,baseline,7.36,1
50,1981,1,baseline,7.7,1
50,1982,1,baseline,7.26,1
50,1983,1,baseline,7.24,1
50,1984,1,baseline,7.56,1
50,1985,1,baseline,7.04,1
50,1986,1,baseline,6.66,1
50,1987,1,baseline,6.68,1
50,1988,1,baseline,7.88,1
50,1989,1,baseline,6.58,1
50,1990,1,baseline,7.26,1
50,1991,1,baseline,7.5,1
50,1992,1,baseline,6.36,1
50,1993,1,baseline,7.14,1
50,1994,1,baseline,7.64,1
50,1995,1,baseline,7.46,1
50,1996,1,baseline,6.1,1
50,1997,1,baseline,6.52,1
50,1998,1,baseline,7.22,1
50,1999,1,baseline,7.22,1
50,2000,1,baseline,6.24,1
100,0,1,baseline,116.54,95
100,1,1,baseline,102.42,90
100,2,1,baseline,94.1,81
100,3,1,baseline,87.9,76
100,4,1,baseline,82.14,75
100,5,1,baseline,79.22,69
100,6,1,baseline,73.96,66
100,7,1,baseline,72.46,65
100,8,1,baseline,70.46,63
100,9,1,baseline,68.8,60
100,10,1,baseline,65.72,58
100,11,1,baseline,63.7,58
100,12,1,baseline,65.22,57
100,13,1,baseline,62.84,56
100,14,1,baseline,62.84,55
100,15,1,baseline,62.02,55
100,16,1,baseline,61.2,53
100,17,1,baseline,59.88,53
100,18,1,baseline,59.74,52
100,19,1,baseline,58.64,48
100,20,1,baseline,55.26,48
100,21,1,baseline,55.46,47
100,22,1,baseline,54.9,47
100,23,1,baseline,55.06,47
100,24,1,baseline,53.84,47
100,25,1,baseline,53.66,47
100,26,1,baseline,54.32,47
100,27,1,baseline,54.18,47
100,28,1,baseline,54.04,47
100,29,1,baseline,53.44,47
100,30,1,baseline,53.42,45
100,31,1,baseline,52.24,44
100,32,1,baseline,51.96,44
100,33,1,baseline,51.46,43
100,34,1,baseline,50.32,43
100,35,1,baseline,50.9,41
100,36,1,baseline,50.14,41
100,37,1,baseline,48.72,41
100,38,1,baseline,48.0,41
100,39,1,baseline,48.1,41
100,40,1,baseline,48.94,41
100,41,1,baseline,49.96,41
100,42,1,baseline,48.96,41
100,43,1,baseline,48.58,41
100,44,1,baseline,49.26,41
100,45,1,baseline,49.26,41
100,46,1,baseline,48.72,40
100,47,1,baseline,48.42,40
100,48,1,baseline,47.18,39
100,49,1,baseline,47.26,39
100,50,1,baseline,46.82,38
100,51,1,baseline,45.56,38
100,52,1,baseline,47.18,37
100,53,1,baseline,45.12,36
100,54,1,baseline,43.76,35
100,55,1,baseline,44.48,35
100,56,1,baseline,43.7,35
100,57,1,baseline,44.96,35
100,58,1,baseline,44.78,35
100,59,1,baseline,43.9,35
100,60,1,baseline,44.86,35
100,61,1,baseline,42.64,35
100,62,1,baseline,44.28,34
100,63,1,baseline,44.16,34
100,64,1,baseline,43.62,34
100,65,1,baseline,42.92,34
100,66,1,baseline,42.02,34
100,67,1,baseline,42.88,34
100,68,1,baseline,42.3,34
100,69,1,baseline,43.14,34
100,70,1,baseline,42.26,34
100,71,1,baseline,42.0,34
100,72,1,baseline,42.34,34
100,73,1,baseline,43.42,34
100,74,1,baseline,42.28,34
100,75,1,baseline,44.74,34
100,76,1,baseline,43.8,34
100,77,1,baseline,42.22,33
100,78,1,baseline,42.86,33
100,79,1,baseline,42.64,33
100,80,1,baseline,43.56,33
100,81,1,baseline,41.8,33
100,82,1,baseline,42.04,33
100,83,1,baseline,41.46,32
100,84,1,baseline,40.24,32
100,85,1,baseline,41.68,32
100,86,1,baseline,40.8,32
100,87,1,baseline,40.52,32
100,88,1,baseline,40.94,32
100,89,1,baseline,41.6,32
100,90,1,baseline,39.8,32
100,91,1,baseline,40.36,32
100,92,1,baseline,41.54,32
100,93,1,baseline,40.36,32
100,94,1,baseline,40.46,32
100,95,1,baseline,40.6,32
100,96,1,baseline,40.34,31
100,97,1,baseline,39.42,31
100,98,1,baseline,39.0,31
100,99,1,baseline,40.3,31
100,100,1,baseline,39.06,31
100,101,1,baseline,40.94,31
100,102,1,baseline,39.98,31
100,103,1,baseline,39.24,31
100,104,1,baseline,39.64,31
100,105,1,baseline,39.94,31
100,106,1,baseline,41.94,31
100,107,1,baseline,40.92,31
100,108,1,baseline,38.16,30
100,109,1,baseline,38.8,30
100,110,1,baseline,39.18,30
100,111,1,baseline,37.96,30
100,112,1,baseline,39.06,30
100,113,1,baseline,38.28,29
100,114,1,baseline,37.56,29
100,115,1,baseline,37.78,29
100,116,1,baseline,37.82,29
100,117,1,baseline,38.16,29
100,118,1,baseline,38.26,29
100,119,1,baseline,38.6,29
100,120,1,baseline,38.4,29
100,121,1,baseline,38.84,29
100,122,1,baseline,38.32,29
100,123,1,baseline,39.06,29
100,124,1,baseline,38.44,29
100,125,1,baseline,39.1,29
100,126,1,baseline,37.84,29
100,127,1,baseline,38.34,29
100,128,1,baseline,38.68,29
100,129,1,baseline,37.48,29
100,130,1,baseline,39.08,29
100,131,1,baseline,39.56,29
100,132,1,baseline,37.92,29
100,133,1,baseline,36.82,29
100,134,1,baseline,37.8,29
100,135,1,baseline,37.1,29
100,136,1,baseline,38.92,29
100,137,1,baseline,38.38,29
100,138,1,baseline,37.56,29
100,139,1,baseline,37.62,29
100,140,1,baseline,38.54,29
100,141,1,baseline,38.04,29
100,142,1,baseline,38.38,29
100,143,1,baseline,38.58,29
100,144,1,baseline,38.18,29
100,145,1,baseline,38.14,29
100,146,1,baseline,38.78,29
100,147,1,baseline,37.74,29
100,148,1,baseline,38.62,29
100,149,1,baseline,38.48,28
100,150,1,baseline,37.26,28
100,151,1,baseline,37.86,28
100,152,1,baseline,36.76,28
100,153,1,baseline,37.86,28
100,154,1,baseline,36.88,28
100,155,1,baseline,38.58,28
100,156,1,baseline,38.48,28
100,157,1,baseline,38.28,28
100,158,1,baseline,38.22,28
100,159,1,baseline,37.26,28
100,160,1,baseline,37.6,28
100,161,1,baseline,37.54,28
100,162,1,baseline,37.76,28
100,163,1,baseline,38.76,28
100,164,1,baseline,37.76,28
100,165,1,baseline,37.94,27
100,166,1,baseline,36.84,27
100,167,1,baseline,38.78,27
100,168,1,baseline,37.66,27
100,169,1,baseline,37.22,27
100,170,1,baseline,36.04,27
100,171,1,baseline,36.9,27
100,172,1,baseline,36.08,27
100,173,1,baseline,35.4,27
100,174,1,baseline,35.66,27
100,175,1,baseline,35.86,27
100,176,1,baseline,36.36,27
100,177,1,baseline,37.02,27
100,178,1,baseline,36.5,27
100,179,1,baseline,37.28,27
100,180,1,baseline,36.64,27
100,181,1,baseline,36.64,27
100,182,1,baseline,36.14,27
100,183,1,baseline,36.12,27
100,184,1,baseline,38.4,27
100,185,1,baseline,37.08,27
100,186,1,baseline,36.06,27
100,187,1,baseline,36.58,27
100,188,1,baseline,36.72,27
100,189,1,baseline,36.08,27
100,190,1,baseline,36.6,27
100,191,1,baseline,35.64,27
100,192,1,baseline,37.34,27
100,193,1,baseline,36.16,27
100,194,1,baseline,35.94,27
100,195,1,baseline,36.68,27
100,196,1,baseline,37.54,27
100,197,1,baseline,36.38,27
100,198,1,baseline,37.06,27
100,199,1,baseline,37.04,27
100,200,1,baseline,36.72,27
100,201,1,baseline,35.64,27
100,202,1,baseline,36.88,27
100,203,1,baseline,35.98,27
100,204,1,baseline,37.0,27
100,205,1,baseline,36.66,27
100,206,1,baseline,36.94,27
100,207,1,baseline,36.8,27
100,208,1,baseline,36.14,27
100,209,1,baseline,35.36,27
100,210,1,baseline,36.12,27
100,211,1,baseline,37.14,27
100,212,1,baseline,36.72,27
100,213,1,baseline,36.38,27
100,214,1,baseline,36.6,27
100,215,1,baseline,36.7,27
100,216,1,baseline,35.68,27
100,217,1,baseline,36.12,27
100,218,1,baseline,35.92,27
100,219,1,baseline,36.52,27
100,220,1,baseline,37.44,27
100,221,1,baseline,36.06,27
100,222,1,baseline,37.16,27
100,223,1,baseline,36.58,27
100,224,1,baseline,36.14,27
100,225,1,baseline,36.84,27
100,226,1,baseline,37.04,27
100,227,1,baseline,37.8,27
100,228,1,baseline,37.08,27
100,229,1,baseline,37.1,27
100,230,1,baseline,37.96,27
100,231,1,baseline,38.3,27
100,232,1,baseline,35.7,27
100,233,1,baseline,35.62,27
100,234,1,baseline,36.76,27
100,235,1,baseline,37.4,27
100,236,1,baseline,36.2,26
100,237,1,baseline,34.82,26
100,238,1,baseline,35.88,26
100,239,1,baseline,34.32,26
100,240,1,baseline,34.5,23
100,241,1,baseline,33.8,23
100,242,1,baseline,33.42,23
100,243,1,baseline,32.9,23
100,244,1,baseline,33.28,23
100,245,1,baseline,32.66,23
100,246,1,baseline,32.78,23
100,247,1,baseline,33.66,23
100,248,1,baseline,32.56,23
100,249,1,baseline,32.72,23
100,250,1,baseline,32.7,23
100,251,1,baseline,32.48,23
100,252,1,baseline,33.68,23
100,253,1,baseline,35.2,23
100,254,1,baseline,34.24,23
100,255,1,baseline,34.1,23
100,256,1,baseline,32.9,23
100,257,1,baseline,32.74,23
100,258,1,baseline,32.16,23
100,259,1,baseline,33.2,23
100,260,1,baseline,33.48,23
100,261,1,baseline,33.48,23
100,262,1,baseline,31.9,23
100,263,1,baseline,33.52,23
100,264,1,baseline,33.66,23
100,265,1,baseline,31.96,23
100,266,1,baseline,32.24,23
100,267,1,baseline,33.76,23
100,268,1,baseline,32.54,23
100,269,1,baseline,33.02,21
100,270,1,baseline,30.86,21
100,271,1,baseline,30.58,21
100,272,1,baseline,30.62,21
100,273,1,baseline,32.38,21
100,274,1,baseline,32.06,21
100,275,1,baseline,32.02,21
100,276,1,baseline,31.82,21
100,277,1,baseline,31.26,21
100,278,1,baseline,31.48,21
100,279,1,baseline,32.88,21
100,280,1,baseline,32.56,21
100,281,1,baseline,32.28,21
100,282,1,baseline,32.04,21
100,283,1,baseline,31.3,21
100,284,1,baseline,31.4,21
100,285,1,baseline,30.44,20
100,286,1,baseline,30.16,19
100,287,1,baseline,29.24,19
100,288,1,baseline,29.9,19
100,289,1,baseline,29.08,19
100,290,1,baseline,30.24,19
100,291,1,baseline,29.48,19
100,292,1,baseline,29.56,19
100,293,1,baseline,28.56,19
100,294,1,baseline,28.12,19
100,295,1,baseline,29.04,19
100,296,1,baseline,30.12,19
100,297,1,baseline,30.94,19
100,298,1,baseline,29.58,19
100,299,1,baseline,29.44,19
100,300,1,baseline,30.92,19
100,301,1,baseline,30.36,19
100,302,1,baseline,28.86,19
100,303,1,baseline,30.14,19
100,304,1,baseline,28.84,19
100,305,1,baseline,28.62,19
100,306,1,baseline,29.5,19
100,307,1,baseline,29.8,19
100,308,1,baseline,30.02,19
100,309,1,baseline,28.82,19
100,310,1,baseline,30.0,19
100,311,1,baseline,29.08,19
100,312,1,baseline,29.4,19
100,313,1,baseline,29.98,19
100,314,1,baseline,29.52,19
100,315,1,baseline,30.5,19
100,316,1,baseline,31.9,19
100,317,1,baseline,29.66,19
100,318,1,baseline,29.32,19
100,319,1,baseline,28.24,19
100,320,1,baseline,29.34,19
100,321,1,baseline,28.42,19
100,322,1,baseline,31.24,19
100,323,1,baseline,30.04,19
100,324,1,baseline,29.74,19
100,325,1,baseline,30.88,19
100,326,1,baseline,31.1,19
100,327,1,baseline,28.92,19
100,328,1,baseline,29.1,19
100,329,1,baseline,29.44,19
100,330,1,baseline,28.48,19
100,331,1,baseline,29.58,19
100,332,1,baseline,28.52,19
100,333,1,baseline,28.7,19
100,334,1,baseline,29.06,19
100,335,1,baseline,30.66,19
100,336,1,baseline,30.14,19
100,337,1,baseline,29.52,19
100,338,1,baseline,28.78,19
100,339,1,baseline,30.62,19
100,340,1,baseline,30.04,19
100,341,1,baseline,29.92,19
100,342,1,baseline,30.68,19
100,343,1,baseline,27.9,19
100,344,1,baseline,29.84,19
100,345,1,baseline,28.46,19
100,346,1,baseline,29.34,19
100,347,1,baseline,29.2,19
100,348,1,baseline,29.28,19
100,349,1,baseline,29.92,19
100,350,1,baseline,30.2,19
100,351,1,baseline,28.92,19
100,352,1,baseline,28.62,19
100,353,1,baseline,29.98,19
100,354,1,baseline,30.94,19
100,355,1,baseline,29.94,19
100,356,1,baseline,30.96,19
100,357,1,baseline,29.02,19
100,358,1,baseline,30.08,19
100,359,1,baseline,28.32,19
100,360,1,baseline,29.54,19
100,361,1,baseline,28.48,19
100,362,1,baseline,28.98,19
100,363,1,baseline,29.48,19
100,364,1,baseline,30.04,19
100,365,1,baseline,28.92,19
100,366,1,baseline,29.4,19
100,367,1,baseline,29.06,19
100,368,1,baseline,29.6,19
100,369,1,baseline,28.76,19
100,370,1,baseline,30.06,19
100,371,1,baseline,30.2,19
100,372,1,baseline,29.86,19
100,373,1,baseline,30.02,19
100,374,1,baseline,30.16,19
100,375,1,baseline,29.72,19
100,376,1,baseline,30.12,19
100,377,1,baseline,29.84,19
100,378,1,baseline,30.38,19
100,379,1,baseline,29.54,19
100,380,1,baseline,28.72,19
100,381,1,baseline,30.34,19
100,382,1,baseline,28.78,19
100,383,1,baseline,30.64,19
100,384,1,baseline,29.66,19
100,385,1,baseline,29.02,19
100,386,1,baseline,29.96,19
100,387,1,baseline,27.36,19
100,388,1,baseline,29.88,19
100,389,1,baseline,30.14,19
100,390,1,baseline,30.62,19
100,391,1,baseline,29.04,19
100,392,1,baseline,28.94,19
100,393,1,baseline,29.06,19
100,394,1,baseline,30.32,19
100,395,1,baseline,29.44,19
100,396,1,baseline,29.14,19
100,397,1,baseline,28.72,19
100,398,1,baseline,30.32,19
100,399,1,baseline,29.38,19
100,400,1,baseline,29.84,19
100,401,1,baseline,30.32,19
100,402,1,baseline,31.02,19
100,403,1,baseline,30.76,19
100,404,1,baseline,29.44,19
100,405,1,baseline,29.76,19
100,406,1,baseline,29.54,19
100,407,1,baseline,29.22,19
100,408,1,baseline,28.92,19
100,409,1,baseline,28.96,19
100,410,1,baseline,29.64,19
100,411,1,baseline,29.04,19
100,412,1,baseline,30.26,19
100,413,1,baseline,28.96,19
100,414,1,baseline,30.34,19
100,415,1,baseline,29.82,19
100,416,1,baseline,30.44,19
100,417,1,baseline,31.24,19
100,418,1,baseline,29.32,19
100,419,1,baseline,28.36,19
100,420,1,baseline,29.96,19
100,421,1,baseline,30.84,19
100,422,1,baseline,29.24,19
100,423,1,baseline,28.44,19
100,424,1,baseline,29.06,19
100,425,1,baseline,31.2,19
100,426,1,baseline,30.76,19
100,427,1,baseline,29.66,19
100,428,1,baseline,30.3,19
100,429,1,baseline,29.52,19
100,430,1,baseline,29.96,19
100,431,1,baseline,29.38,19
100,432,1,baseline,28.68,19
100,433,1,baseline,29.22,19
100,434,1,baseline,29.68,19
100,435,1,baseline,29.44,19
100,436,1,baseline,28.98,19
100,437,1,baseline,29.18,19
100,438,1,baseline,28.84,19
100,439,1,baseline,29.74,19
100,440,1,baseline,30.14,19
100,441,1,baseline,29.2,19
100,442,1,baseline,29.94,19
100,443,1,baseline,28.22,19
100,444,1,baseline,30.84,19
100,445,1,baseline,30.16,19
100,446,1,baseline,29.04,19
100,447,1,baseline,30.76,19
100,448,1,baseline,28.88,19
100,449,1,baseline,29.22,19
100,450,1,baseline,30.58,19
100,451,1,baseline,30.28,19
100,452,1,baseline,29.36,19
100,453,1,baseline,30.26,19
100,454,1,baseline,28.7,19
100,455,1,baseline,29.28,19
100,456,1,baseline,29.58,19
100,457,1,baseline,29.98,19
100,458,1,baseline,31.0,19
100,459,1,baseline,27.82,19
100,460,1,baseline,27.86,19
100,461,1,baseline,27.4,19
100,462,1,baseline,27.92,19
100,463,1,baseline,29.52,19
100,464,1,baseline,29.64,19
100,465,1,baseline,29.34,19
100,466,1,baseline,30.7,19
100,467,1,baseline,31.36,19
100,468,1,baseline,30.94,19
100,469,1,baseline,30.24,19
100,470,1,baseline,29.62,19
100,471,1,baseline,30.54,19
100,472,1,baseline,30.2,19
100,473,1,baseline,30.52,19
100,474,1,baseline,30.6,19
100,475,1,baseline,32.04,19
100,476,1,baseline,31.1,19
100,477,1,baseline,29.4,19
100,478,1,baseline,30.12,19
100,479,1,baseline,29.36,19
100,480,1,baseline,30.46,19
100,481,1,baseline,29.22,19
100,482,1,baseline,30.22,19
100,483,1,baseline,30.24,19
100,484,1,baseline,29.58,19
100,485,1,baseline,29.26,19
100,486,1,baseline,29.24,19
100,487,1,baseline,28.64,19
100,488,1,baseline,29.94,19
100,489,1,baseline,30.18,18
100,490,1,baseline,28.14,18
100,491,1,baseline,27.72,18
100,492,1,baseline,28.0,18
100,493,1,baseline,29.28,18
100,494,1,baseline,27.92,18
100,495,1,baseline,27.12,18
100,496,1,baseline,27.26,18
100,497,1,baseline,28.2,18
100,498,1,baseline,28.26,18
100,499,1,baseline,30.06,18
100,500,1,baseline,28.4,18
100,501,1,baseline,30.64,18
100,502,1,baseline,30.1,18
100,503,1,baseline,29.56,18
100,504,1,baseline,29.32,18
100,505,1,baseline,29.86,18
100,506,1,baseline,28.88,18
100,507,1,baseline,28.74,18
100,508,1,baseline,29.88,18
100,509,1,baseline,27.16,18
100,510,1,baseline,28.96,18
100,511,1,baseline,30.12,18
100,512,1,baseline,28.54,18
100,513,1,baseline,27.74,18
100,514,1,baseline,28.42,18
100,515,1,baseline,27.88,18
100,516,1,baseline,29.34,18
100,517,1,baseline,30.0,18
100,518,1,baseline,29.24,18
100,519,1,baseline,29.34,18
100,520,1,baseline,30.26,18
100,521,1,baseline,29.28,18
100,522,1,baseline,27.6,18
100,523,1,baseline,27.48,18
100,524,1,baseline,29.0,18
100,525,1,baseline,29.04,18
100,526,1,baseline,28.12,18
100,527,1,baseline,28.74,18
100,528,1,baseline,29.7,18
100,529,1,baseline,28.5,18
100,530,1,baseline,28.0,18
100,531,1,baseline,28.26,18
100,532,1,baseline,30.14,18
100,533,1,baseline,28.34,18
100,534,1,baseline,29.56,18
100,535,1,baseline,29.04,18
100,536,1,baseline,29.48,18
100,537,1,baseline,29.18,18
100,538,1,baseline,29.4,18
100,539,1,baseline,30.18,18
100,540,1,baseline,29.16,18
100,541,1,baseline,29.06,18
100,542,1,baseline,27.92,18
100,543,1,baseline,27.84,18
100,544,1,baseline,28.74,18
100,545,1,baseline,29.8,18
100,546,1,baseline,28.7,18
100,547,1,baseline,29.96,18
100,548,1,baseline,29.02,18
100,549,1,baseline,27.24,18
100,550,1,baseline,28.46,18
100,551,1,baseline,28.72,18
100,552,1,baseline,28.74,18
100,553,1,baseline,28.84,18
100,554,1,baseline,27.66,18
100,555,1,baseline,29.88,18
100,556,1,baseline,28.04,18
100,557,1,baseline,28.8,18
100,558,1,baseline,29.5,18
100,559,1,baseline,28.6,18
100,560,1,baseline,29.7,18
100,561,1,baseline,29.38,18
100,562,1,baseline,29.54,18
100,563,1,baseline,29.46,18
100,564,1,baseline,29.24,18
100,565,1,baseline,29.2,18
100,566,1,baseline,28.74,18
100,567,1,baseline,28.24,18
100,568,1,baseline,29.26,18
100,569,1,baseline,30.42,18
100,570,1,baseline,29.8,18
100,571,1,baseline,29.84,18
100,572,1,baseline,28.82,18
100,573,1,baseline,29.98,18
100,574,1,baseline,30.2,18
100,575,1,baseline,28.2,18
100,576,1,baseline,28.8,18
100,577,1,baseline,28.4,18
100,578,1,baseline,29.64,18
100,579,1,baseline,30.16,18
100,580,1,baseline,28.74,18
100,581,1,baseline,28.54,18
100,582,1,baseline,29.88,18
100,583,1,baseline,28.96,18
100,584,1,baseline,30.24,18
100,585,1,baseline,29.08,18
100,586,1,baseline,28.16,18
100,587,1,baseline,29.0,18
100,588,1,baseline,29.32,18
100,589,1,baseline,29.46,18
100,590,1,baseline,27.86,18
100,591,1,baseline,28.54,18
100,592,1,baseline,27.78,18
100,593,1,baseline,28.46,18
100,594,1,baseline,28.68,18
100,595,1,baseline,29.66,18
100,596,1,baseline,29.24,18
100,597,1,baseline,29.02,18
100,598,1,baseline,29.06,18
100,599,1,baseline,29.48,18
100,600,1,baseline,28.92,18
100,601,1,baseline,28.3,18
100,602,1,baseline,29.04,18
100,603,1,baseline,28.3,18
100,604,1,baseline,26.86,18
100,605,1,baseline,28.86,18
100,606,1,baseline,28.92,17
100,607,1,baseline,28.14,17
100,608,1,baseline,27.64,17
100,609,1,baseline,28.4,17
100,610,1,baseline,26.38,17
100,611,1,baseline,27.24,17
100,612,1,baseline,26.46,17
100,613,1,baseline,27.52,17
100,614,1,baseline,28.54,17
100,615,1,baseline,28.6,17
100,616,1,baseline,28.74,17
100,617,1,baseline,27.58,17
100,618,1,baseline,27.8,17
100,619,1,baseline,28.48,17
100,620,1,baseline,28.64,17
100,621,1,baseline,27.28,17
100,622,1,baseline,26.06,17
100,623,1,baseline,27.26,17
100,624,1,baseline,28.84,17
100,625,1,baseline,29.38,17
100,626,1,baseline,29.78,17
100,627,1,baseline,27.02,17
100,628,1,baseline,28.28,17
100,629,1,baseline,28.24,17
100,630,1,baseline,28.72,17
100,631,1,baseline,28.44,17
100,632,1,baseline,27.96,17
100,633,1,baseline,29.9,17
100,634,1,baseline,26.9,17
100,635,1,baseline,28.32,17
100,636,1,baseline,27.42,17
100,637,1,baseline,27.9,17
100,638,1,baseline,28.58,17
100,639,1,baseline,27.96,17
100,640,1,baseline,27.86,17
100,641,1,baseline,28.22,17
100,642,1,baseline,27.18,17
100,643,1,baseline,28.48,17
100,644,1,baseline,27.84,17
100,645,1,baseline,28.32,17
100,646,1,baseline,28.28,17
100,647,1,baseline,27.88,17
100,648,1,baseline,27.84,17
100,649,1,baseline,28.1,17
100,650,1,baseline,27.98,17
100,651,1,baseline,29.54,17
100,652,1,baseline,27.78,17
100,653,1,baseline,27.7,17
100,654,1,baseline,27.74,17
100,655,1,baseline,26.74,17
100,656,1,baseline,27.62,17
100,657,1,baseline,29.14,17
100,658,1,baseline,28.88,17
100,659,1,baseline,28.46,17
100,660,1,baseline,27.58,17
100,661,1,baseline,27.56,17
100,662,1,baseline,27.36,17
100,663,1,baseline,29.1,17
100,664,1,baseline,29.56,17
100,665,1,baseline,27.5,17
100,666,1,baseline,27.96,17
100,667,1,baseline,27.58,17
100,668,1,baseline,28.36,17
100,669,1,baseline,27.8,17
100,670,1,baseline,28.32,17
100,671,1,baseline,27.62,17
100,672,1,baseline,28.9,17
100,673,1,baseline,28.94,17
100,674,1,baseline,28.9,17
100,675,1,baseline,27.32,17
100,676,1,baseline,27.72,17
100,677,1,baseline,28.84,17
100,678,1,baseline,29.7,17
100,679,1,baseline,26.6,17
100,680,1,baseline,27.54,17
100,681,1,baseline,28.54,17
100,682,1,baseline,28.54,17
100,683,1,baseline,27.8,17
100,684,1,baseline,27.82,17
100,685,1,baseline,29.28,17
100,686,1,baseline,27.52,17
100,687,1,baseline,27.36,17
100,688,1,baseline,27.62,17
100,689,1,baseline,27.02,17
100,690,1,baseline,28.26,17
100,691,1,baseline,28.82,17
100,692,1,baseline,29.74,17
100,693,1,baseline,29.5,17
100,694,1,baseline,27.38,17
100,695,1,baseline,29.06,17
100,696,1,baseline,29.24,17
100,697,1,baseline,27.72,17
100,698,1,baseline,27.52,17
100,699,1,baseline,27.42,17
100,700,1,baseline,27.72,17
100,701,1,baseline,28.9,17
100,702,1,baseline,28.08,17
100,703,1,baseline,28.32,17
100,704,1,baseline,27.6,17
100,705,1,baseline,27.84,17
100,706,1,baseline,27.88,17
100,707,1,baseline,27.64,17
100,708,1,baseline,27.16,17
100,709,1,baseline,27.84,17
100,710,1,baseline,27.92,17
100,711,1,baseline,27.04,17
100,712,1,baseline,29.2,17
100,713,1,baseline,27.98,17
100,714,1,baseline,28.66,17
100,715,1,baseline,27.7,17
100,716,1,baseline,26.88,17
100,717,1,baseline,27.12,17
100,718,1,baseline,27.6,17
100,719,1,baseline,27.8,17
100,720,1,baseline,27.76,17
100,721,1,baseline,27.0,17
100,722,1,baseline,28.92,17
100,723,1,baseline,28.9,17
100,724,1,baseline,29.12,17
100,725,1,baseline,28.3,17
100,726,1,baseline,27.04,17
100,727,1,baseline,26.48,17
100,728,1,baseline,26.52,17
100,729,1,baseline,28.02,17
100,730,1,baseline,28.44,17
100,731,1,baseline,27.42,17
100,732,1,baseline,28.68,17
100,733,1,baseline,29.54,17
100,734,1,baseline,28.36,17
100,735,1,baseline,28.42,17
100,736,1,baseline,28.74,17
100,737,1,baseline,28.54,17
100,738,1,baseline,27.42,17
100,739,1,baseline,27.5,17
100,740,1,baseline,28.9,17
100,741,1,baseline,27.94,17
100,742,1,baseline,28.44,17
100,743,1,baseline,26.78,17
100,744,1,baseline,26.7,17
100,745,1,baseline,27.98,17
100,746,1,baseline,26.92,17
100,747,1,baseline,28.66,17
100,748,1,baseline,28.14,17
100,749,1,baseline,28.64,17
100,750,1,baseline,27.12,17
100,751,1,baseline,28.04,17
100,752,1,baseline,27.66,17
100,753,1,baseline,26.92,17
100,754,1,baseline,28.42,17
100,755,1,baseline,29.1,17
100,756,1,baseline,27.42,17
100,757,1,baseline,30.16,17
100,758,1,baseline,28.7,17
100,759,1,baseline,28.08,17
100,760,1,baseline,28.06,17
100,761,1,baseline,29.38,17
100,762,1,baseline,29.06,17
100,763,1,baseline,28.1,17
100,764,1,baseline,27.64,17
100,765,1,baseline,27.2,17
100,766,1,baseline,27.5,17
100,767,1,baseline,27.62,17
100,768,1,baseline,27.3,17
100,769,1,baseline,26.82,17
100,770,1,baseline,27.06,17
100,771,1,baseline,26.94,17
100,772,1,baseline,27.42,17
100,773,1,baseline,25.9,17
100,774,1,baseline,28.22,17
100,775,1,baseline,27.52,17
100,776,1,baseline,27.64,17
100,777,1,baseline,27.04,17
100,778,1,baseline,25.94,17
100,779,1,baseline,28.1,17
100,780,1,baseline,27.14,16
100,781,1,baseline,26.54,16
100,782,1,baseline,27.22,16
100,783,1,baseline,26.44,16
100,784,1,baseline,25.14,16
100,785,1,baseline,27.66,16
100,786,1,baseline,28.58,16
100,787,1,baseline,28.26,16
100,788,1,baseline,28.22,16
100,789,1,baseline,25.9,16
100,790,1,baseline,27.14,16
100,791,1,baseline,27.46,16
100,792,1,baseline,27.34,16
100,793,1,baseline,27.04,16
100,794,1,baseline,27.98,16
100,795,1,baseline,26.2,16
100,796,1,baseline,27.62,16
100,797,1,baseline,27.02,16
100,798,1,baseline,28.32,16
100,799,1,baseline,27.74,16
100,800,1,baseline,28.22,16
100,801,1,baseline,27.28,16
100,802,1,baseline,28.4,16
100,803,1,baseline,27.32,16
100,804,1,baseline,26.44,16
100,805,1,baseline,26.26,16
100,806,1,baseline,27.46,16
100,807,1,baseline,28.32,16
100,808,1,baseline,26.34,16
100,809,1,baseline,27.88,16
100,810,1,baseline,26.92,16
100,811,1,baseline,26.84,16
100,812,1,baseline,26.5,16
100,813,1,baseline,26.36,16
100,814,1,baseline,27.1,16
100,815,1,baseline,27.2,16
100,816,1,baseline,25.82,16
100,817,1,baseline,26.54,16
100,818,1,baseline,27.82,16
100,819,1,baseline,26.62,16
100,820,1,baseline,27.74,16
100,821,1,baseline,27.62,16
100,822,1,baseline,26.26,16
100,823,1,baseline,26.74,16
100,824,1,baseline,26.88,16
100,825,1,baseline,26.26,16
100,826,1,baseline,25.9,16
100,827,1,baseline,27.76,16
100,828,1,baseline,27.54,16
100,829,1,baseline,28.1,16
100,830,1,baseline,27.1,16
100,831,1,baseline,28.38,16
100,832,1,baseline,28.64,16
100,833,1,baseline,28.92,16
100,834,1,baseline,27.42,16
100,835,1,baseline,26.38,16
100,836,1,baseline,27.3,16
100,837,1,baseline,27.2,16
100,838,1,baseline,27.58,16
100,839,1,baseline,25.14,16
100,840,1,baseline,26.92,16
100,841,1,baseline,26.46,16
100,842,1,baseline,26.6,16
100,843,1,baseline,27.96,16
100,844,1,baseline,30.68,16
100,845,1,baseline,26.94,16
100,846,1,baseline,26.92,16
100,847,1,baseline,26.98,16
100,848,1,baseline,27.38,16
100,849,1,baseline,27.26,16
100,850,1,baseline,28.14,16
100,851,1,baseline,27.8,16
100,852,1,baseline,28.34,16
100,853,1,baseline,28.68,16
100,854,1,baseline,26.44,16
100,855,1,baseline,25.98,16
100,856,1,baseline,26.36,16
100,857,1,baseline,25.74,16
100,858,1,baseline,27.48,16
100,859,1,baseline,28.4,16
100,860,1,baseline,27.08,16
100,861,1,baseline,27.44,16
100,862,1,baseline,26.94,16
100,863,1,baseline,25.42,16
100,864,1,baseline,25.68,16
100,865,1,baseline,26.6,16
100,866,1,baseline,27.48,16
100,867,1,baseline,26.6,16
100,868,1,baseline,26.34,16
100,869,1,baseline,26.6,16
100,870,1,baseline,25.68,16
100,871,1,baseline,26.3,16
100,872,1,baseline,27.38,16
100,873,1,baseline,27.48,16
100,874,1,baseline,26.16,16
100,875,1,baseline,25.48,15
100,876,1,baseline,26.06,15
100,877,1,baseline,25.96,15
100,878,1,baseline,25.94,15
100,879,1,baseline,26.22,15
100,880,1,baseline,26.2,15
100,881,1,baseline,26.08,15
100,882,1,baseline,26.62,15
100,883,1,baseline,26.44,15
100,884,1,baseline,25.46,15
100,885,1,baseline,27.56,15
100,886,1,baseline,25.22,15
100,887,1,baseline,26.38,15
100,888,1,baseline,26.06,15
100,889,1,baseline,26.4,15
100,890,1,baseline,27.22,15
100,891,1,baseline,26.18,15
100,892,1,baseline,26.1,15
100,893,1,baseline,25.08,15
100,894,1,baseline,26.68,15
100,895,1,baseline,26.54,15
100,896,1,baseline,25.56,15
100,897,1,baseline,26.4,15
100,898,1,baseline,24.72,15
100,899,1,baseline,25.72,15
100,900,1,baseline,25.18,15
100,901,1,baseline,26.56,15
100,902,1,baseline,26.76,15
100,903,1,baseline,27.94,15
100,904,1,baseline,28.38,15
100,905,1,baseline,26.14,15
100,906,1,baseline,25.98,15
100,907,1,baseline,25.76,15
100,908,1,baseline,27.32,15
100,909,1,baseline,26.24,15
100,910,1,baseline,27.0,15
100,911,1,baseline,25.06,15
100,912,1,baseline,25.76,15
100,913,1,baseline,25.78,15
100,914,1,baseline,25.6,15
100,915,1,baseline,24.96,15
100,916,1,baseline,26.26,15
100,917,1,baseline,26.64,15
100,918,1,baseline,27.76,15
100,919,1,baseline,25.02,15
100,920,1,baseline,25.08,15
100,921,1,baseline,25.02,15
100,922,1,baseline,25.9,15
100,923,1,baseline,25.64,15
100,924,1,baseline,26.42,15
100,925,1,baseline,27.28,15
100,926,1,baseline,26.28,15
100,927,1,baseline,25.96,15
100,928,1,baseline,25.36,15
100,929,1,baseline,26.26,15
100,930,1,baseline,26.04,15
100,931,1,baseline,25.66,15
100,932,1,baseline,27.0,15
100,933,1,baseline,24.78,15
100,934,1,baseline,25.76,15
100,935,1,baseline,23.96,15
100,936,1,baseline,26.02,15
100,937,1,baseline,25.56,15
100,938,1,baseline,25.66,15
100,939,1,baseline,26.36,15
100,940,1,baseline,25.62,15
100,941,1,baseline,26.58,15
100,942,1,baseline,26.0,15
100,943,1,baseline,26.42,15
100,944,1,baseline,24.62,15
100,945,1,baseline,25.72,15
100,946,1,baseline,25.68,15
100,947,1,baseline,24.94,15
100,948,1,baseline,26.86,15
100,949,1,baseline,26.2,15
100,950,1,baseline,25.5,15
100,951,1,baseline,26.7,15
100,952,1,baseline,27.16,15
100,953,1,baseline,25.6,15
100,954,1,baseline,25.84,15
100,955,1,baseline,25.92,15
100,956,1,baseline,25.94,15
100,957,1,baseline,25.32,15
100,958,1,baseline,25.9,15
100,959,1,baseline,28.06,15
100,960,1,baseline,26.3,15
100,961,1,baseline,26.3,15
100,962,1,baseline,25.9,15
100,963,1,baseline,25.82,15
100,964,1,baseline,26.22,15
100,965,1,baseline,24.98,15
100,966,1,baseline,26.82,15
100,967,1,baseline,25.86,15
100,968,1,baseline,27.1,15
100,969,1,baseline,26.42,15
100,970,1,baseline,26.62,15
100,971,1,baseline,26.36,15
100,972,1,baseline,24.56,15
100,973,1,baseline,25.66,15
100,974,1,baseline,27.04,15
100,975,1,baseline,26.54,15
100,976,1,baseline,26.22,15
100,977,1,baseline,25.64,15
100,978,1,baseline,26.04,15
100,979,1,baseline,25.38,15
100,980,1,baseline,25.0,15
100,981,1,baseline,25.62,15
100,982,1,baseline,24.46,15
100,983,1,baseline,25.22,15
100,984,1,baseline,25.12,15
100,985,1,baseline,25.88,15
100,986,1,baseline,25.94,15
100,987,1,baseline,24.78,15
100,988,1,baseline,25.68,15
100,989,1,baseline,26.24,15
100,990,1,baseline,24.54,15
100,991,1,baseline,25.92,15
100,992,1,baseline,25.84,15
100,993,1,baseline,26.06,15
100,994,1,baseline,27.96,15
100,995,1,baseline,25.88,15
100,996,1,baseline,25.66,15
100,997,1,baseline,26.38,15
100,998,1,baseline,26.76,15
100,999,1,baseline,24.28,15
100,1000,1,baseline,25.14,15
100,1001,1,baseline,25.98,15
100,1002,1,baseline,26.4,15
100,1003,1,baseline,25.88,15
100,1004,1,baseline,26.1,15
100,1005,1,baseline,26.24,15
100,1006,1,baseline,25.52,15
100,1007,1,baseline,25.4,15
100,1008,1,baseline,25.48,15
100,1009,1,baseline,25.7,15
100,1010,1,baseline,25.06,15
100,1011,1,baseline,26.0,15
100,1012,1,baseline,27.26,15
100,1013,1,baseline,25.56,15
100,1014,1,baseline,27.48,15
100,1015,1,baseline,26.24,15
100,1016,1,baseline,27.32,15
100,1017,1,baseline,26.16,15
100,1018,1,baseline,25.16,15
100,1019,1,baseline,25.72,15
100,1020,1,baseline,26.7,15
100,1021,1,baseline,25.82,15
100,1022,1,baseline,25.98,15
100,1023,1,baseline,26.98,15
100,1024,1,baseline,25.54,15
100,1025,1,baseline,26.12,15
100,1026,1,baseline,25.18,15
100,1027,1,baseline,25.76,15
100,1028,1,baseline,26.92,15
100,1029,1,baseline,25.82,15
100,1030,1,baseline,26.4,15
100,1031,1,baseline,25.72,15
100,1032,1,baseline,27.14,15
100,1033,1,baseline,26.18,15
100,1034,1,baseline,27.0,15
100,1035,1,baseline,26.58,15
100,1036,1,baseline,28.4,15
100,1037,1,baseline,27.58,15
100,1038,1,baseline,26.88,15
100,1039,1,baseline,25.64,15
100,1040,1,baseline,26.9,15
100,1041,1,baseline,27.42,15
100,1042,1,baseline,26.16,15
100,1043,1,baseline,25.64,15
100,1044,1,baseline,25.38,15
100,1045,1,baseline,26.58,15
100,1046,1,baseline,24.72,15
100,1047,1,baseline,25.52,15
100,1048,1,baseline,26.0,15
100,1049,1,baseline,26.42,15
100,1050,1,baseline,26.5,15
100,1051,1,baseline,25.62,15
100,1052,1,baseline,26.04,15
100,1053,1,baseline,27.36,15
100,1054,1,baseline,24.7,15
100,1055,1,baseline,25.88,15
100,1056,1,baseline,26.62,15
100,1057,1,baseline,27.26,15
100,1058,1,baseline,25.74,15
100,1059,1,baseline,25.84,15
100,1060,1,baseline,26.92,15
100,1061,1,baseline,25.06,15
100,1062,1,baseline,26.52,15
100,1063,1,baseline,27.42,15
100,1064,1,baseline,26.0,15
100,1065,1,baseline,25.0,15
100,1066,1,baseline,27.04,15
100,1067,1,baseline,26.44,15
100,1068,1,baseline,26.76,15
100,1069,1,baseline,27.02,15
100,1070,1,baseline,26.16,15
100,1071,1,baseline,26.06,15
100,1072,1,baseline,25.48,15
100,1073,1,baseline,26.94,15
100,1074,1,baseline,27.16,15
100,1075,1,baseline,26.38,15
100,1076,1,baseline,27.84,15
100,1077,1,baseline,26.06,15
100,1078,1,baseline,24.76,15
100,1079,1,baseline,26.22,15
100,1080,1,baseline,27.12,15
100,1081,1,baseline,26.92,15
100,1082,1,baseline,26.38,15
100,1083,1,baseline,25.48,15
100,1084,1,baseline,25.38,15
100,1085,1,baseline,25.38,15
100,1086,1,baseline,25.98,15
100,1087,1,baseline,26.54,15
100,1088,1,baseline,26.48,15
100,1089,1,baseline,25.04,15
100,1090,1,baseline,25.4,15
100,1091,1,baseline,25.04,15
100,1092,1,baseline,26.86,15
100,1093,1,baseline,25.88,15
100,1094,1,baseline,25.4,15
100,1095,1,baseline,27.7,15
100,1096,1,baseline,27.3,15
100,1097,1,baseline,26.3,15
100,1098,1,baseline,25.64,15
100,1099,1,baseline,25.18,15
100,1100,1,baseline,26.5,15
100,1101,1,baseline,24.92,15
100,1102,1,baseline,26.72,15
100,1103,1,baseline,24.72,15
100,1104,1,baseline,25.32,15
100,1105,1,baseline,26.3,15
100,1106,1,baseline,26.7,15
100,1107,1,baseline,26.18,14
100,1108,1,baseline,25.96,14
100,1109,1,baseline,24.88,14
100,1110,1,baseline,24.78,14
100,1111,1,baseline,25.14,14
100,1112,1,baseline,25.16,14
100,1113,1,baseline,25.42,14
100,1114,1,baseline,24.2,14
100,1115,1,baseline,24.96,14
100,1116,1,baseline,23.76,14
100,1117,1,baseline,24.74,14
100,1118,1,baseline,25.64,14
100,1119,1,baseline,24.92,14
100,1120,1,baseline,25.1,14
100,1121,1,baseline,24.76,14
100,1122,1,baseline,24.34,14
100,1123,1,baseline,24.52,14
100,1124,1,baseline,24.82,14
100,1125,1,baseline,24.58,14
100,1126,1,baseline,25.4,14
100,1127,1,baseline,26.32,14
100,1128,1,baseline,24.54,14
100,1129,1,baseline,25.74,14
100,1130,1,baseline,25.54,14
100,1131,1,baseline,25.06,14
100,1132,1,baseline,24.38,14
100,1133,1,baseline,25.2,14
100,1134,1,baseline,25.26,14
100,1135,1,baseline,24.3,14
100,1136,1,baseline,24.94,14
100,1137,1,baseline,25.6,14
100,1138,1,baseline,25.02,14
100,1139,1,baseline,24.78,14
100,1140,1,baseline,25.86,14
100,1141,1,baseline,24.84,14
100,1142,1,baseline,24.76,14
100,1143,1,baseline,25.02,14
100,1144,1,baseline,25.78,14
100,1145,1,baseline,26.6,14
100,1146,1,baseline,26.12,14
100,1147,1,baseline,25.0,14
100,1148,1,baseline,25.7,14
100,1149,1,baseline,25.12,14
100,1150,1,baseline,24.12,14
100,1151,1,baseline,25.12,14
100,1152,1,baseline,23.34,14
100,1153,1,baseline,23.98,14
100,1154,1,baseline,24.62,14
100,1155,1,baseline,25.56,14
100,1156,1,baseline,27.1,14
100,1157,1,baseline,24.8,14
100,1158,1,baseline,26.34,14
100,1159,1,baseline,25.48,14
100,1160,1,baseline,24.64,14
100,1161,1,baseline,24.78,14
100,1162,1,baseline,26.02,14
100,1163,1,baseline,26.46,14
100,1164,1,baseline,23.82,14
100,1165,1,baseline,25.36,14
100,1166,1,baseline,26.44,14
100,1167,1,baseline,24.8,14
100,1168,1,baseline,25.8,14
100,1169,1,baseline,25.0,14
100,1170,1,baseline,24.9,14
100,1171,1,baseline,25.24,14
100,1172,1,baseline,26.52,14
100,1173,1,baseline,25.88,14
100,1174,1,baseline,23.58,14
100,1175,1,baseline,24.48,14
100,1176,1,baseline,26.0,14
100,1177,1,baseline,25.44,14
100,1178,1,baseline,24.9,14
100,1179,1,baseline,26.62,14
100,1180,1,baseline,24.46,14
100,1181,1,baseline,25.56,14
100,1182,1,baseline,26.6,14
100,1183,1,baseline,27.36,14
100,1184,1,baseline,25.5,14
100,1185,1,baseline,26.58,14
100,1186,1,baseline,25.38,14
100,1187,1,baseline,26.24,14
100,1188,1,baseline,25.22,14
100,1189,1,baseline,25.32,14
100,1190,1,baseline,25.48,14
100,1191,1,baseline,27.02,14
100,1192,1,baseline,25.22,14
100,1193,1,baseline,25.26,14
100,1194,1,baseline,25.36,14
100,1195,1,baseline,25.54,14
100,1196,1,baseline,26.64,14
100,1197,1,baseline,25.34,14
100,1198,1,baseline,24.44,14
100,1199,1,baseline,25.28,14
100,1200,1,baseline,24.72,14
100,1201,1,baseline,26.42,14
100,1202,1,baseline,25.34,14
100,1203,1,baseline,24.44,14
100,1204,1,baseline,23.44,14
100,1205,1,baseline,25.64,14
100,1206,1,baseline,24.8,14
100,1207,1,baseline,26.28,14
100,1208,1,baseline,25.3,14
100,1209,1,baseline,25.04,14
100,1210,1,baseline,23.5,14
100,1211,1,baseline,24.4,14
100,1212,1,baseline,25.2,14
100,1213,1,baseline,26.06,14
100,1214,1,baseline,26.64,14
100,1215,1,baseline,23.62,14
100,1216,1,baseline,24.04,14
100,1217,1,baseline,25.46,14
100,1218,1,baseline,25.32,14
100,1219,1,baseline,24.54,14
100,1220,1,baseline,25.74,14
100,1221,1,baseline,25.56,14
100,1222,1,baseline,25.26,14
100,1223,1,baseline,26.14,14
100,1224,1,baseline,25.44,14
100,1225,1,baseline,24.78,14
100,1226,1,baseline,24.9,14
100,1227,1,baseline,23.88,14
100,1228,1,baseline,24.1,14
100,1229,1,baseline,23.6,14
100,1230,1,baseline,24.54,14
100,1231,1,baseline,25.38,14
100,1232,1,baseline,25.82,14
100,1233,1,baseline,26.1,14
100,1234,1,baseline,24.58,14
100,1235,1,baseline,26.66,14
100,1236,1,baseline,24.98,14
100,1237,1,baseline,26.84,14
100,1238,1,baseline,25.02,14
100,1239,1,baseline,26.56,14
100,1240,1,baseline,26.86,14
100,1241,1,baseline,25.42,14
100,1242,1,baseline,25.48,14
100,1243,1,baseline,25.7,14
100,1244,1,baseline,25.3,14
100,1245,1,baseline,26.64,14
100,1246,1,baseline,25.5,14
100,1247,1,baseline,25.32,14
100,1248,1,baseline,26.38,14
100,1249,1,baseline,26.26,14
100,1250,1,baseline,26.3,14
100,1251,1,baseline,26.1,14
100,1252,1,baseline,24.44,14
100,1253,1,baseline,24.38,14
100,1254,1,baseline,25.36,14
100,1255,1,baseline,23.48,14
100,1256,1,baseline,25.76,14
100,1257,1,baseline,24.16,14
100,1258,1,baseline,24.66,14
100,1259,1,baseline,25.66,14
100,1260,1,baseline,26.1,14
100,1261,1,baseline,26.24,14
100,1262,1,baseline,26.54,14
100,1263,1,baseline,26.34,14
100,1264,1,baseline,25.12,14
100,1265,1,baseline,24.1,14
100,1266,1,baseline,25.78,14
100,1267,1,baseline,24.86,14
100,1268,1,baseline,26.0,14
100,1269,1,baseline,26.36,14
100,1270,1,baseline,24.5,14
100,1271,1,baseline,24.82,14
100,1272,1,baseline,25.92,14
100,1273,1,baseline,24.6,14
100,1274,1,baseline,25.74,14
100,1275,1,baseline,25.58,14
100,1276,1,baseline,26.48,14
100,1277,1,baseline,26.72,14
100,1278,1,baseline,24.08,14
100,1279,1,baseline,25.44,14
100,1280,1,baseline,24.92,14
100,1281,1,baseline,25.08,14
100,1282,1,baseline,23.9,14
100,1283,1,baseline,25.76,14
100,1284,1,baseline,25.72,14
100,1285,1,baseline,24.48,14
100,1286,1,baseline,24.58,14
100,1287,1,baseline,24.54,14
100,1288,1,baseline,25.32,13
100,1289,1,baseline,23.64,13
100,1290,1,baseline,25.5,13
100,1291,1,baseline,24.92,13
100,1292,1,baseline,23.96,13
100,1293,1,baseline,24.34,13
100,1294,1,baseline,23.26,13
100,1295,1,baseline,25.32,13
100,1296,1,baseline,24.9,13
100,1297,1,baseline,24.68,13
100,1298,1,baseline,23.62,13
100,1299,1,baseline,23.54,13
100,1300,1,baseline,23.54,13
100,1301,1,baseline,24.5,13
100,1302,1,baseline,24.66,13
100,1303,1,baseline,25.18,13
100,1304,1,baseline,25.04,13
100,1305,1,baseline,23.72,13
100,1306,1,baseline,24.54,13
100,1307,1,baseline,25.18,13
100,1308,1,baseline,24.78,13
100,1309,1,baseline,26.44,13
100,1310,1,baseline,23.26,13
100,1311,1,baseline,24.02,13
100,1312,1,baseline,23.18,13
100,1313,1,baseline,24.98,13
100,1314,1,baseline,25.22,13
100,1315,1,baseline,25.06,13
100,1316,1,baseline,24.06,13
100,1317,1,baseline,25.02,13
100,1318,1,baseline,24.7,13
100,1319,1,baseline,24.42,13
100,1320,1,baseline,24.08,13
100,1321,1,baseline,23.08,13
100,1322,1,baseline,23.98,13
100,1323,1,baseline,23.42,13
100,1324,1,baseline,24.9,13
100,1325,1,baseline,23.8,13
100,1326,1,baseline,24.06,13
100,1327,1,baseline,25.76,13
100,1328,1,baseline,25.58,13
100,1329,1,baseline,23.44,13
100,1330,1,baseline,23.42,13
100,1331,1,baseline,23.92,13
100,1332,1,baseline,23.92,13
100,1333,1,baseline,23.08,13
100,1334,1,baseline,24.32,13
100,1335,1,baseline,24.54,13
100,1336,1,baseline,24.9,13
100,1337,1,baseline,23.48,13
100,1338,1,baseline,24.5,13
100,1339,1,baseline,25.16,13
100,1340,1,baseline,24.24,13
100,1341,1,baseline,24.88,13
100,1342,1,baseline,22.38,13
100,1343,1,baseline,24.06,13
100,1344,1,baseline,24.14,13
100,1345,1,baseline,23.72,13
100,1346,1,baseline,25.44,13
100,1347,1,baseline,24.64,13
100,1348,1,baseline,24.62,13
100,1349,1,baseline,23.68,13
100,1350,1,baseline,23.56,13
100,1351,1,baseline,24.88,13
100,1352,1,baseline,24.74,13
100,1353,1,baseline,25.86,13
100,1354,1,baseline,25.82,13
100,1355,1,baseline,25.2,13
100,1356,1,baseline,23.94,13
100,1357,1,baseline,24.62,13
100,1358,1,baseline,24.64,13
100,1359,1,baseline,25.42,13
100,1360,1,baseline,22.88,13
100,1361,1,baseline,24.26,13
100,1362,1,baseline,24.34,13
100,1363,1,baseline,24.78,13
100,1364,1,baseline,23.7,13
100,1365,1,baseline,23.22,13
100,1366,1,baseline,24.82,13
100,1367,1,baseline,25.16,13
100,1368,1,baseline,25.1,13
100,1369,1,baseline,24.06,13
100,1370,1,baseline,24.6,13
100,1371,1,baseline,24.24,13
100,1372,1,baseline,23.78,13
100,1373,1,baseline,25.52,13
100,1374,1,baseline,25.68,13
100,1375,1,baseline,24.16,13
100,1376,1,baseline,23.64,13
100,1377,1,baseline,24.14,13
100,1378,1,baseline,24.3,13
100,1379,1,baseline,24.94,13
100,1380,1,baseline,24.74,13
100,1381,1,baseline,23.3,13
100,1382,1,baseline,24.86,13
100,1383,1,baseline,23.08,13
100,1384,1,baseline,24.66,13
100,1385,1,baseline,23.68,13
100,1386,1,baseline,23.5,13
100,1387,1,baseline,23.88,13
100,1388,1,baseline,25.26,13
100,1389,1,baseline,24.78,13
100,1390,1,baseline,24.54,13
100,1391,1,baseline,23.14,13
100,1392,1,baseline,25.08,13
100,1393,1,baseline,26.18,13
100,1394,1,baseline,24.66,13
100,1395,1,baseline,24.68,13
100,1396,1,baseline,23.4,13
100,1397,1,baseline,23.58,13
100,1398,1,baseline,24.14,13
100,1399,1,baseline,24.24,13
100,1400,1,baseline,23.94,13
100,1401,1,baseline,24.66,13
100,1402,1,baseline,24.5,13
100,1403,1,baseline,24.7,13
100,1404,1,baseline,24.98,13
100,1405,1,baseline,25.26,13
100,1406,1,baseline,23.9,13
100,1407,1,baseline,24.8,13
100,1408,1,baseline,24.6,13
100,1409,1,baseline,24.54,13
100,1410,1,baseline,25.0,13
100,1411,1,baseline,24.76,13
100,1412,1,baseline,23.92,13
100,1413,1,baseline,25.04,13
100,1414,1,baseline,26.3,13
100,1415,1,baseline,25.26,13
100,1416,1,baseline,24.34,13
100,1417,1,baseline,25.2,13
100,1418,1,baseline,23.12,13
100,1419,1,baseline,24.02,13
100,1420,1,baseline,24.44,13
100,1421,1,baseline,23.6,13
100,1422,1,baseline,24.94,13
100,1423,1,baseline,24.74,13
100,1424,1,baseline,24.24,13
100,1425,1,baseline,25.54,13
100,1426,1,baseline,24.52,13
100,1427,1,baseline,24.16,13
100,1428,1,baseline,24.02,13
100,1429,1,baseline,24.12,13
100,1430,1,baseline,24.18,13
100,1431,1,baseline,24.0,13
100,1432,1,baseline,24.52,13
100,1433,1,baseline,23.84,13
100,1434,1,baseline,23.68,13
100,1435,1,baseline,24.8,13
100,1436,1,baseline,24.32,13
100,1437,1,baseline,25.08,13
100,1438,1,baseline,23.94,13
100,1439,1,baseline,23.68,13
100,1440,1,baseline,23.26,13
100,1441,1,baseline,24.0,13
100,1442,1,baseline,24.74,13
100,1443,1,baseline,23.3,13
100,1444,1,baseline,24.0,13
100,1445,1,baseline,23.06,13
100,1446,1,baseline,24.12,13
100,1447,1,baseline,23.66,13
100,1448,1,baseline,25.12,13
100,1449,1,baseline,25.7,13
100,1450,1,baseline,24.78,13
100,1451,1,baseline,25.8,13
100,1452,1,baseline,24.4,13
100,1453,1,baseline,24.08,13
100,1454,1,baseline,24.56,13
100,1455,1,baseline,24.84,13
100,1456,1,baseline,24.54,13
100,1457,1,baseline,24.36,13
100,1458,1,baseline,24.7,13
100,1459,1,baseline,23.28,13
100,1460,1,baseline,25.28,13
100,1461,1,baseline,24.86,13
100,1462,1,baseline,23.5,13
100,1463,1,baseline,24.5,13
100,1464,1,baseline,25.68,13
100,1465,1,baseline,24.1,13
100,1466,1,baseline,24.24,13
100,1467,1,baseline,22.56,13
100,1468,1,baseline,24.58,13
100,1469,1,baseline,25.4,13
100,1470,1,baseline,25.32,13
100,1471,1,baseline,24.96,13
100,1472,1,baseline,24.64,13
100,1473,1,baseline,24.26,13
100,1474,1,baseline,24.1,13
100,1475,1,baseline,24.86,13
100,1476,1,baseline,23.96,13
100,1477,1,baseline,23.38,13
100,1478,1,baseline,25.72,13
100,1479,1,baseline,24.8,13
100,1480,1,baseline,25.9,13
100,1481,1,baseline,24.36,13
100,1482,1,baseline,25.06,13
100,1483,1,baseline,23.66,13
100,1484,1,baseline,23.88,13
100,1485,1,baseline,24.36,13
100,1486,1,baseline,26.5,13
100,1487,1,baseline,25.34,13
100,1488,1,baseline,25.54,13
100,1489,1,baseline,25.8,13
100,1490,1,baseline,25.2,13
100,1491,1,baseline,23.26,13
100,1492,1,baseline,23.6,13
100,1493,1,baseline,23.7,13
100,1494,1,baseline,24.56,13
100,1495,1,baseline,24.16,13
100,1496,1,baseline,25.4,13
100,1497,1,baseline,23.68,13
100,1498,1,baseline,25.2,13
100,1499,1,baseline,25.48,13
100,1500,1,baseline,23.72,13
100,1501,1,baseline,25.22,13
100,1502,1,baseline,25.04,13
100,1503,1,baseline,25.26,13
100,1504,1,baseline,25.2,13
100,1505,1,baseline,25.7,13
100,1506,1,baseline,24.92,13
100,1507,1,baseline,23.6,13
100,1508,1,baseline,23.82,13
100,1509,1,baseline,24.28,13
100,1510,1,baseline,25.4,13
100,1511,1,baseline,25.1,13
100,1512,1,baseline,23.32,13
100,1513,1,baseline,25.14,13
100,1514,1,baseline,24.02,13
100,1515,1,baseline,24.1,13
100,1516,1,baseline,24.86,13
100,1517,1,baseline,23.0,13
100,1518,1,baseline,23.9,13
100,1519,1,baseline,25.52,13
100,1520,1,baseline,24.54,13
100,1521,1,baseline,23.92,13
100,1522,1,baseline,24.12,13
100,1523,1,baseline,24.5,13
100,1524,1,baseline,23.14,13
100,1525,1,baseline,24.74,13
100,1526,1,baseline,23.58,13
100,1527,1,baseline,22.78,13
100,1528,1,baseline,24.76,13
100,1529,1,baseline,23.64,13
100,1530,1,baseline,23.26,13
100,1531,1,baseline,24.54,13
100,1532,1,baseline,24.16,13
100,1533,1,baseline,24.64,13
100,1534,1,baseline,24.4,13
100,1535,1,baseline,25.34,13
100,1536,1,baseline,25.42,13
100,1537,1,baseline,22.6,13
100,1538,1,baseline,23.98,13
100,1539,1,baseline,24.98,13
100,1540,1,baseline,23.4,13
100,1541,1,baseline,22.98,13
100,1542,1,baseline,24.08,13
100,1543,1,baseline,25.3,13
100,1544,1,baseline,24.88,13
100,1545,1,baseline,24.7,13
100,1546,1,baseline,24.84,13
100,1547,1,baseline,23.9,13
100,1548,1,baseline,24.2,13
100,1549,1,baseline,25.62,13
100,1550,1,baseline,24.94,13
100,1551,1,baseline,25.46,13
100,1552,1,baseline,24.8,13
100,1553,1,baseline,25.36,13
100,1554,1,baseline,25.12,13
100,1555,1,baseline,23.82,13
100,1556,1,baseline,23.38,13
100,1557,1,baseline,23.5,13
100,1558,1,baseline,23.76,13
100,1559,1,baseline,26.34,13
100,1560,1,baseline,26.12,13
100,1561,1,baseline,24.64,13
100,1562,1,baseline,26.06,13
100,1563,1,baseline,26.02,13
100,1564,1,baseline,24.06,13
100,1565,1,baseline,25.86,13
100,1566,1,baseline,26.32,13
100,1567,1,baseline,24.9,13
100,1568,1,baseline,24.62,13
100,1569,1,baseline,24.78,13
100,1570,1,baseline,24.8,13
100,1571,1,baseline,24.82,13
100,1572,1,baseline,25.72,13
100,1573,1,baseline,24.62,13
100,1574,1,baseline,23.48,13
100,1575,1,baseline,23.36,13
100,1576,1,baseline,24.86,13
100,1577,1,baseline,23.32,13
100,1578,1,baseline,22.94,13
100,1579,1,baseline,25.38,13
100,1580,1,baseline,26.26,13
100,1581,1,baseline,24.62,13
100,1582,1,baseline,25.34,13
100,1583,1,baseline,24.88,13
100,1584,1,baseline,24.98,13
100,1585,1,baseline,24.32,13
100,1586,1,baseline,23.76,13
100,1587,1,baseline,25.96,13
100,1588,1,baseline,23.38,13
100,1589,1,baseline,24.48,13
100,1590,1,baseline,24.26,13
100,1591,1,baseline,24.94,13
100,1592,1,baseline,23.78,13
100,1593,1,baseline,24.26,13
100,1594,1,baseline,25.1,13
100,1595,1,baseline,23.54,13
100,1596,1,baseline,25.12,13
100,1597,1,baseline,25.72,13
100,1598,1,baseline,25.24,13
100,1599,1,baseline,24.68,13
100,1600,1,baseline,23.74,13
100,1601,1,baseline,23.7,13
100,1602,1,baseline,23.9,13
100,1603,1,baseline,24.42,13
100,1604,1,baseline,23.22,13
100,1605,1,baseline,22.78,13
100,1606,1,baseline,23.38,13
100,1607,1,baseline,24.62,13
100,1608,1,baseline,24.5,13
100,1609,1,baseline,23.22,13
100,1610,1,baseline,24.08,13
100,1611,1,baseline,23.58,13
100,1612,1,baseline,24.5,13
100,1613,1,baseline,22.16,13
100,1614,1,baseline,25.6,13
100,1615,1,baseline,25.4,13
100,1616,1,baseline,24.68,13
100,1617,1,baseline,24.6,13
100,1618,1,baseline,23.72,13
100,1619,1,baseline,25.7,13
100,1620,1,baseline,24.3,13
100,1621,1,baseline,25.46,13
100,1622,1,baseline,24.66,13
100,1623,1,baseline,24.12,13
100,1624,1,baseline,23.26,13
100,1625,1,baseline,25.56,13
100,1626,1,baseline,26.2,13
100,1627,1,baseline,24.12,13
100,1628,1,baseline,24.58,13
100,1629,1,baseline,23.36,13
100,1630,1,baseline,24.98,13
100,1631,1,baseline,26.6,13
100,1632,1,baseline,24.96,13
100,1633,1,baseline,23.6,13
100,1634,1,baseline,24.78,13
100,1635,1,baseline,25.22,13
100,1636,1,baseline,24.66,13
100,1637,1,baseline,25.54,13
100,1638,1,baseline,24.72,13
100,1639,1,baseline,24.2,13
100,1640,1,baseline,23.9,13
100,1641,1,baseline,24.8,13
100,1642,1,baseline,26.36,13
100,1643,1,baseline,26.1,13
100,1644,1,baseline,24.14,13
100,1645,1,baseline,24.42,13
100,1646,1,baseline,24.16,13
100,1647,1,baseline,24.68,13
100,1648,1,baseline,24.28,13
100,1649,1,baseline,24.1,13
100,1650,1,baseline,25.88,13
100,1651,1,baseline,23.8,13
100,1652,1,baseline,24.0,13
100,1653,1,baseline,24.9,13
100,1654,1,baseline,24.66,13
100,1655,1,baseline,23.48,13
100,1656,1,baseline,24.48,13
100,1657,1,baseline,24.92,13
100,1658,1,baseline,25.16,13
100,1659,1,baseline,23.7,13
100,1660,1,baseline,23.32,13
100,1661,1,baseline,23.66,13
100,1662,1,baseline,23.72,13
100,1663,1,baseline,24.8,13
100,1664,1,baseline,23.14,13
100,1665,1,baseline,24.32,13
100,1666,1,baseline,24.14,13
100,1667,1,baseline,22.86,13
100,1668,1,baseline,24.0,13
100,1669,1,baseline,24.1,13
100,1670,1,baseline,24.0,13
100,1671,1,baseline,24.2,13
100,1672,1,baseline,23.78,13
100,1673,1,baseline,23.76,13
100,1674,1,baseline,24.68,13
100,1675,1,baseline,24.4,13
100,1676,1,baseline,24.56,13
100,1677,1,baseline,25.46,13
100,1678,1,baseline,24.64,13
100,1679,1,baseline,24.56,13
100,1680,1,baseline,24.06,13
100,1681,1,baseline,23.86,13
100,1682,1,baseline,25.16,13
100,1683,1,baseline,23.18,13
100,1684,1,baseline,25.84,13
100,1685,1,baseline,25.88,13
100,1686,1,baseline,25.54,13
100,1687,1,baseline,24.62,13
100,1688,1,baseline,23.44,13
100,1689,1,baseline,23.52,13
100,1690,1,baseline,24.02,13
100,1691,1,baseline,23.96,13
100,1692,1,baseline,24.1,13
100,1693,1,baseline,23.8,13
100,1694,1,baseline,24.86,13
100,1695,1,baseline,25.04,13
100,1696,1,baseline,24.56,13
100,1697,1,baseline,23.52,13
100,1698,1,baseline,23.78,13
100,1699,1,baseline,24.22,13
100,1700,1,baseline,23.66,13
100,1701,1,baseline,25.3,13
100,1702,1,baseline,24.34,13
100,1703,1,baseline,24.26,13
100,1704,1,baseline,25.54,13
100,1705,1,baseline,24.08,13
100,1706,1,baseline,25.24,13
100,1707,1,baseline,25.54,13
100,1708,1,baseline,23.96,13
100,1709,1,baseline,23.68,13
100,1710,1,baseline,26.16,13
100,1711,1,baseline,23.56,13
100,1712,1,baseline,25.4,13
100,1713,1,baseline,24.94,13
100,1714,1,baseline,23.22,13
100,1715,1,baseline,24.98,13
100,1716,1,baseline,25.28,13
100,1717,1,baseline,25.22,13
100,1718,1,baseline,24.42,13
100,1719,1,baseline,24.34,13
100,1720,1,baseline,22.62,13
100,1721,1,baseline,24.36,13
100,1722,1,baseline,25.42,13
100,1723,1,baseline,24.26,13
100,1724,1,baseline,24.98,13
100,1725,1,baseline,24.78,13
100,1726,1,baseline,23.6,13
100,1727,1,baseline,24.58,13
100,1728,1,baseline,23.2,13
100,1729,1,baseline,24.94,13
100,1730,1,baseline,24.32,13
100,1731,1,baseline,23.1,13
100,1732,1,baseline,24.38,13
100,1733,1,baseline,23.68,13
100,1734,1,baseline,24.52,13
100,1735,1,baseline,24.9,13
100,1736,1,baseline,24.76,13
100,1737,1,baseline,24.86,13
100,1738,1,baseline,23.36,13
100,1739,1,baseline,23.84,13
100,1740,1,baseline,23.3,13
100,1741,1,baseline,23.76,13
100,1742,1,baseline,24.2,13
100,1743,1,baseline,24.26,13
100,1744,1,baseline,24.0,13
100,1745,1,baseline,24.28,13
100,1746,1,baseline,23.94,13
100,1747,1,baseline,24.12,13
100,1748,1,baseline,24.96,13
100,1749,1,baseline,24.94,13
100,1750,1,baseline,24.8,13
100,1751,1,baseline,24.2,13
100,1752,1,baseline,23.9,13
100,1753,1,baseline,24.06,13
100,1754,1,baseline,24.46,13
100,1755,1,baseline,23.82,13
100,1756,1,baseline,23.62,13
100,1757,1,baseline,23.76,13
100,1758,1,baseline,24.82,13
100,1759,1,baseline,25.2,13
100,1760,1,baseline,23.24,13
100,1761,1,baseline,24.8,13
100,1762,1,baseline,23.6,13
100,1763,1,baseline,23.98,13
100,1764,1,baseline,24.74,13
100,1765,1,baseline,25.76,13
100,1766,1,baseline,24.0,13
100,1767,1,baseline,23.74,13
100,1768,1,baseline,25.2,13
100,1769,1,baseline,24.56,13
100,1770,1,baseline,23.5,13
100,1771,1,baseline,23.66,13
100,1772,1,baseline,24.28,13
100,1773,1,baseline,26.1,13
100,1774,1,baseline,24.54,13
100,1775,1,baseline,25.1,13
100,1776,1,baseline,23.66,13
100,1777,1,baseline,23.62,13
100,1778,1,baseline,25.74,13
100,1779,1,baseline,24.42,13
100,1780,1,baseline,24.86,13
100,1781,1,baseline,25.48,13
100,1782,1,baseline,24.08,13
100,1783,1,baseline,24.22,13
100,1784,1,baseline,24.28,13
100,1785,1,baseline,24.2,13
100,1786,1,baseline,24.26,13
100,1787,1,baseline,24.2,13
100,1788,1,baseline,24.08,13
100,1789,1,baseline,23.8,13
100,1790,1,baseline,25.42,13
100,1791,1,baseline,26.3,13
100,1792,1,baseline,26.02,13
100,1793,1,baseline,23.04,13
100,1794,1,baseline,24.76,13
100,1795,1,baseline,25.1,13
100,1796,1,baseline,24.86,13
100,1797,1,baseline,25.44,13
100,1798,1,baseline,24.92,13
100,1799,1,baseline,23.86,13
100,1800,1,baseline,23.6,13
100,1801,1,baseline,24.52,13
100,1802,1,baseline,24.48,13
100,1803,1,baseline,25.44,13
100,1804,1,baseline,24.26,13
100,1805,1,baseline,25.08,13
100,1806,1,baseline,24.26,13
100,1807,1,baseline,25.66,13
100,1808,1,baseline,24.8,13
100,1809,1,baseline,24.92,13
100,1810,1,baseline,23.48,13
100,1811,1,baseline,24.42,13
100,1812,1,baseline,24.36,13
100,1813,1,baseline,24.94,13
100,1814,1,baseline,22.42,13
100,1815,1,baseline,23.3,13
100,1816,1,baseline,23.64,13
100,1817,1,baseline,24.64,13
100,1818,1,baseline,23.9,13
100,1819,1,baseline,23.78,13
100,1820,1,baseline,23.58,13
100,1821,1,baseline,24.02,13
100,1822,1,baseline,23.6,13
100,1823,1,baseline,24.38,13
100,1824,1,baseline,26.64,13
100,1825,1,baseline,23.82,13
100,1826,1,baseline,24.28,13
100,1827,1,baseline,25.2,13
100,1828,1,baseline,24.16,13
100,1829,1,baseline,23.52,13
100,1830,1,baseline,24.56,13
100,1831,1,baseline,23.94,13
100,1832,1,baseline,25.76,13
100,1833,1,baseline,24.94,13
100,1834,1,baseline,23.82,13
100,1835,1,baseline,22.44,13
100,1836,1,baseline,23.88,13
100,1837,1,baseline,22.6,13
100,1838,1,baseline,23.82,13
100,1839,1,baseline,23.96,13
100,1840,1,baseline,24.08,13
100,1841,1,baseline,25.58,13
100,1842,1,baseline,23.88,13
100,1843,1,baseline,24.08,13
100,1844,1,baseline,23.82,13
100,1845,1,baseline,24.92,13
100,1846,1,baseline,25.02,13
100,1847,1,baseline,25.74,13
100,1848,1,baseline,25.64,13
100,1849,1,baseline,27.14,13
100,1850,1,baseline,24.68,13
100,1851,1,baseline,24.66,13
100,1852,1,baseline,25.26,13
100,1853,1,baseline,24.78,13
100,1854,1,baseline,23.54,13
100,1855,1,baseline,24.22,13
100,1856,1,baseline,25.38,13
100,1857,1,baseline,23.76,13
100,1858,1,baseline,25.9,13
100,1859,1,baseline,24.66,13
100,1860,1,baseline,24.44,13
100,1861,1,baseline,26.18,13
100,1862,1,baseline,24.94,13
100,1863,1,baseline,25.16,13
100,1864,1,baseline,24.22,13
100,1865,1,baseline,22.94,13
100,1866,1,baseline,22.82,13
100,1867,1,baseline,23.66,13
100,1868,1,baseline,24.82,13
100,1869,1,baseline,24.94,13
100,1870,1,baseline,23.7,13
100,1871,1,baseline,23.98,13
100,1872,1,baseline,23.0,13
100,1873,1,baseline,24.8,13
100,1874,1,baseline,25.04,13
100,1875,1,baseline,24.2,13
100,1876,1,baseline,25.12,13
100,1877,1,baseline,25.82,13
100,1878,1,baseline,24.74,13
100,1879,1,baseline,24.5,13
100,1880,1,baseline,23.24,13
100,1881,1,baseline,23.56,13
100,1882,1,baseline,24.52,13
100,1883,1,baseline,25.26,13
100,1884,1,baseline,24.64,13
100,1885,1,baseline,25.48,13
100,1886,1,baseline,25.52,13
100,1887,1,baseline,25.72,13
100,1888,1,baseline,25.76,13
100,1889,1,baseline,24.1,13
100,1890,1,baseline,23.08,13
100,1891,1,baseline,24.86,13
100,1892,1,baseline,24.56,13
100,1893,1,baseline,25.56,13
100,1894,1,baseline,24.5,13
100,1895,1,baseline,25.92,13
100,1896,1,baseline,23.84,13
100,1897,1,baseline,24.9,13
100,1898,1,baseline,24.96,13
100,1899,1,baseline,23.72,13
100,1900,1,baseline,24.14,13
100,1901,1,baseline,24.08,13
100,1902,1,baseline,25.4,13
100,1903,1,baseline,25.14,13
100,1904,1,baseline,24.9,13
100,1905,1,baseline,23.44,13
100,1906,1,baseline,24.26,13
100,1907,1,baseline,22.92,13
100,1908,1,baseline,23.22,13
100,1909,1,baseline,24.34,13
100,1910,1,baseline,23.04,13
100,1911,1,baseline,23.84,13
100,1912,1,baseline,25.68,13
100,1913,1,baseline,23.7,13
100,1914,1,baseline,25.18,13
100,1915,1,baseline,24.3,13
100,1916,1,baseline,25.48,13
100,1917,1,baseline,23.58,13
100,1918,1,baseline,23.48,13
100,1919,1,baseline,22.74,13
100,1920,1,baseline,24.92,13
100,1921,1,baseline,24.06,13
100,1922,1,baseline,24.66,13
100,1923,1,baseline,22.78,13
100,1924,1,baseline,24.54,13
100,1925,1,baseline,24.64,13
100,1926,1,baseline,23.5,13
100,1927,1,baseline,23.76,13
100,1928,1,baseline,24.22,13
100,1929,1,baseline,23.92,13
100,1930,1,baseline,25.38,13
100,1931,1,baseline,23.76,13
100,1932,1,baseline,24.3,13
100,1933,1,baseline,23.76,13
100,1934,1,baseline,24.16,13
100,1935,1,baseline,24.6,13
100,1936,1,baseline,23.08,12
100,1937,1,baseline,22.8,12
100,1938,1,baseline,24.2,12
100,1939,1,baseline,23.22,12
100,1940,1,baseline,24.18,12
100,1941,1,baseline,25.1,12
100,1942,1,baseline,24.5,12
100,1943,1,baseline,25.24,12
100,1944,1,baseline,24.1,12
100,1945,1,baseline,23.76,12
100,1946,1,baseline,23.56,12
100,1947,1,baseline,24.06,12
100,1948,1,baseline,22.96,12
100,1949,1,baseline,24.7,12
100,1950,1,baseline,24.94,12
100,1951,1,baseline,24.7,12
100,1952,1,baseline,24.08,12
100,1953,1,baseline,23.62,12
100,1954,1,baseline,23.24,12
100,1955,1,baseline,24.6,12
100,1956,1,baseline,22.64,12
100,1957,1,baseline,24.48,12
100,1958,1,baseline,24.38,12
100,1959,1,baseline,25.86,12
100,1960,1,baseline,23.58,12
100,1961,1,baseline,21.72,12
100,1962,1,baseline,22.54,12
100,1963,1,baseline,23.94,12
100,1964,1,baseline,23.26,12
100,1965,1,baseline,24.06,12
100,1966,1,baseline,24.46,12
100,1967,1,baseline,23.32,12
100,1968,1,baseline,23.68,12
100,1969,1,baseline,23.38,12
100,1970,1,baseline,21.68,12
100,1971,1,baseline,22.12,11
100,1972,1,baseline,22.32,11
100,1973,1,baseline,20.98,11
100,1974,1,baseline,21.4,11
100,1975,1,baseline,23.96,11
100,1976,1,baseline,23.3,11
100,1977,1,baseline,22.64,11
100,1978,1,baseline,23.6,11
100,1979,1,baseline,21.88,11
100,1980,1,baseline,21.94,11
100,1981,1,baseline,22.82,11
100,1982,1,baseline,23.14,11
100,1983,1,baseline,22.38,11
100,1984,1,baseline,23.94,11
100,1985,1,baseline,24.22,11
100,1986,1,baseline,23.44,11
100,1987,1,baseline,22.42,11
100,1988,1,baseline,23.34,11
100,1989,1,baseline,22.7,11
100,1990,1,baseline,21.72,11
100,1991,1,baseline,23.32,11
100,1992,1,baseline,23.14,11
100,1993,1,baseline,22.82,11
100,1994,1,baseline,22.64,11
100,1995,1,baseline,22.7,11
100,1996,1,baseline,21.64,11
100,1997,1,baseline,21.82,11
100,1998,1,baseline,22.56,11
100,1999,1,baseline,21.6,11
100,2000,1,baseline,21.96,11
