generation,run,parameter,mean_fitness,best_fitness
0,1,0.6,57.84,28
1,1,0.6,40.7,27
2,1,0.6,30.18,25
3,1,0.6,29.64,25
4,1,0.6,28.2,23
5,1,0.6,27.88,23
6,1,0.6,27.02,23
7,1,0.6,26.3,21
8,1,0.6,25.72,20
9,1,0.6,23.84,19
10,1,0.6,22.92,19
11,1,0.6,22.98,19
12,1,0.6,22.46,19
13,1,0.6,23.26,18
14,1,0.6,22.98,17
15,1,0.6,21.84,16
16,1,0.6,20.78,16
17,1,0.6,19.68,16
18,1,0.6,19.84,16
19,1,0.6,19.64,15
20,1,0.6,19.72,15
21,1,0.6,20.56,15
22,1,0.6,19.7,15
23,1,0.6,18.58,14
24,1,0.6,18.44,13
25,1,0.6,16.96,12
26,1,0.6,17.06,12
27,1,0.6,16.98,12
28,1,0.6,15.82,11
29,1,0.6,16.12,11
30,1,0.6,15.42,11
31,1,0.6,15.88,11
32,1,0.6,14.9,11
33,1,0.6,16.86,11
34,1,0.6,16.62,11
35,1,0.6,16.68,10
36,1,0.6,14.88,10
37,1,0.6,14.42,10
38,1,0.6,14.24,9
39,1,0.6,14.72,9
40,1,0.6,14.32,9
41,1,0.6,14.0,9
42,1,0.6,14.22,9
43,1,0.6,13.14,8
44,1,0.6,13.94,8
45,1,0.6,13.52,8
46,1,0.6,12.94,8
47,1,0.6,12.54,8
48,1,0.6,13.1,8
49,1,0.6,12.3,7
50,1,0.6,12.74,7
51,1,0.6,13.18,7
52,1,0.6,12.68,7
53,1,0.6,12.06,7
54,1,0.6,11.48,7
55,1,0.6,12.8,7
56,1,0.6,11.96,7
57,1,0.6,12.44,7
58,1,0.6,12.44,7
59,1,0.6,12.42,7
60,1,0.6,11.44,7
61,1,0.6,11.78,7
62,1,0.6,11.98,7
63,1,0.6,11.86,7
64,1,0.6,12.4,6
65,1,0.6,12.06,6
66,1,0.6,11.44,6
67,1,0.6,11.24,6
68,1,0.6,11.88,6
69,1,0.6,10.84,6
70,1,0.6,11.66,6
71,1,0.6,10.98,6
72,1,0.6,11.92,6
73,1,0.6,10.7,6
74,1,0.6,11.44,6
75,1,0.6,10.64,6
76,1,0.6,10.62,6
77,1,0.6,11.84,6
78,1,0.6,11.84,6
79,1,0.6,10.92,6
80,1,0.6,11.44,6
81,1,0.6,10.66,6
82,1,0.6,10.5,6
83,1,0.6,10.76,6
84,1,0.6,11.16,6
85,1,0.6,11.48,6
86,1,0.6,10.92,6
87,1,0.6,11.64,6
88,1,0.6,11.16,6
89,1,0.6,10.52,6
90,1,0.6,11.32,6
91,1,0.6,11.18,6
92,1,0.6,12.0,6
93,1,0.6,11.32,6
94,1,0.6,11.28,6
95,1,0.6,10.62,6
96,1,0.6,10.9,6
97,1,0.6,10.88,6
98,1,0.6,10.64,6
99,1,0.6,10.92,6
100,1,0.6,11.74,6
101,1,0.6,10.86,6
102,1,0.6,10.76,6
103,1,0.6,11.18,6
104,1,0.6,10.46,6
105,1,0.6,10.42,6
106,1,0.6,11.86,6
107,1,0.6,11.76,6
108,1,0.6,10.72,6
109,1,0.6,11.16,6
110,1,0.6,11.78,6
111,1,0.6,10.72,5
112,1,0.6,10.42,5
113,1,0.6,10.04,5
114,1,0.6,10.04,5
115,1,0.6,10.46,5
116,1,0.6,10.9,5
117,1,0.6,9.58,5
118,1,0.6,10.58,5
119,1,0.6,11.0,5
120,1,0.6,11.1,5
121,1,0.6,9.84,5
122,1,0.6,10.54,5
123,1,0.6,10.6,5
124,1,0.6,10.14,5
125,1,0.6,10.46,5
126,1,0.6,10.44,5
127,1,0.6,11.0,5
128,1,0.6,9.76,5
129,1,0.6,10.14,5
130,1,0.6,9.48,5
131,1,0.6,11.46,5
132,1,0.6,10.76,4
133,1,0.6,9.82,4
134,1,0.6,10.58,4
135,1,0.6,10.4,4
136,1,0.6,8.8,4
137,1,0.6,10.32,4
138,1,0.6,10.82,4
139,1,0.6,10.5,4
140,1,0.6,10.72,4
141,1,0.6,9.74,4
142,1,0.6,9.56,4
143,1,0.6,9.08,4
144,1,0.6,8.8,4
145,1,0.6,9.66,4
146,1,0.6,9.98,4
147,1,0.6,9.36,4
148,1,0.6,9.56,4
149,1,0.6,8.8,4
150,1,0.6,10.48,4
151,1,0.6,10.36,4
152,1,0.6,9.44,4
153,1,0.6,10.26,4
154,1,0.6,10.52,4
155,1,0.6,10.04,4
156,1,0.6,8.82,4
157,1,0.6,9.06,4
158,1,0.6,9.18,4
159,1,0.6,9.54,4
160,1,0.6,9.36,4
161,1,0.6,10.04,4
162,1,0.6,9.98,4
163,1,0.6,9.96,4
164,1,0.6,10.18,4
165,1,0.6,9.98,4
166,1,0.6,9.28,4
167,1,0.6,8.98,4
168,1,0.6,10.18,4
169,1,0.6,9.3,4
170,1,0.6,10.22,4
171,1,0.6,9.28,4
172,1,0.6,9.56,4
173,1,0.6,9.62,4
174,1,0.6,9.34,4
175,1,0.6,9.66,4
176,1,0.6,9.78,4
177,1,0.6,9.66,4
178,1,0.6,10.44,4
179,1,0.6,11.14,4
180,1,0.6,9.54,4
181,1,0.6,9.8,4
182,1,0.6,9.28,4
183,1,0.6,9.96,4
184,1,0.6,9.66,4
185,1,0.6,9.24,4
186,1,0.6,9.32,4
187,1,0.6,9.68,4
188,1,0.6,9.2,4
189,1,0.6,9.66,4
190,1,0.6,9.88,4
191,1,0.6,9.02,4
192,1,0.6,9.2,4
193,1,0.6,9.76,4
194,1,0.6,9.52,4
195,1,0.6,10.6,4
196,1,0.6,9.84,4
197,1,0.6,9.06,4
198,1,0.6,9.28,4
199,1,0.6,9.4,4
200,1,0.6,8.48,4
201,1,0.6,10.08,4
202,1,0.6,9.08,4
203,1,0.6,11.64,4
204,1,0.6,10.18,4
205,1,0.6,9.16,4
206,1,0.6,8.44,4
207,1,0.6,8.62,4
208,1,0.6,9.28,4
209,1,0.6,9.66,4
210,1,0.6,9.24,4
211,1,0.6,10.06,4
212,1,0.6,10.04,4
213,1,0.6,10.66,4
214,1,0.6,9.72,4
215,1,0.6,10.38,4
216,1,0.6,9.4,4
217,1,0.6,9.88,4
218,1,0.6,9.54,4
219,1,0.6,9.42,4
220,1,0.6,8.86,4
221,1,0.6,9.38,4
222,1,0.6,10.1,4
223,1,0.6,10.22,4
224,1,0.6,10.2,4
225,1,0.6,10.26,4
226,1,0.6,10.06,4
227,1,0.6,9.74,4
228,1,0.6,10.34,4
229,1,0.6,9.34,4
230,1,0.6,9.48,4
231,1,0.6,9.68,4
232,1,0.6,10.24,4
233,1,0.6,9.46,4
234,1,0.6,9.72,4
235,1,0.6,11.12,4
236,1,0.6,10.14,4
237,1,0.6,9.82,4
238,1,0.6,9.9,4
239,1,0.6,9.18,4
240,1,0.6,9.48,4
241,1,0.6,10.2,3
242,1,0.6,9.46,3
243,1,0.6,9.5,3
244,1,0.6,9.28,3
245,1,0.6,9.26,3
246,1,0.6,8.82,3
247,1,0.6,8.76,3
248,1,0.6,8.14,3
249,1,0.6,9.0,3
250,1,0.6,9.44,3
251,1,0.6,9.1,3
252,1,0.6,8.58,3
253,1,0.6,8.12,3
254,1,0.6,8.52,3
255,1,0.6,8.94,3
256,1,0.6,9.62,3
257,1,0.6,8.92,3
258,1,0.6,9.02,3
259,1,0.6,8.68,3
260,1,0.6,8.52,3
261,1,0.6,8.72,3
262,1,0.6,8.9,3
263,1,0.6,9.3,3
264,1,0.6,8.9,3
265,1,0.6,10.02,3
266,1,0.6,9.02,3
267,1,0.6,9.64,3
268,1,0.6,8.66,3
269,1,0.6,8.4,3
270,1,0.6,9.22,3
271,1,0.6,9.64,3
272,1,0.6,9.16,3
273,1,0.6,8.22,3
274,1,0.6,8.54,3
275,1,0.6,8.74,3
276,1,0.6,8.2,3
277,1,0.6,8.76,3
278,1,0.6,8.64,3
279,1,0.6,8.5,3
280,1,0.6,8.66,3
281,1,0.6,9.0,3
282,1,0.6,9.32,3
283,1,0.6,8.84,3
284,1,0.6,9.14,3
285,1,0.6,8.16,3
286,1,0.6,9.04,3
287,1,0.6,8.08,3
288,1,0.6,9.04,3
289,1,0.6,8.14,3
290,1,0.6,8.16,3
291,1,0.6,8.44,3
292,1,0.6,8.26,3
293,1,0.6,8.44,3
294,1,0.6,8.62,3
295,1,0.6,8.44,3
296,1,0.6,9.16,3
297,1,0.6,8.98,3
298,1,0.6,9.32,3
299,1,0.6,8.2,3
300,1,0.6,8.96,3
301,1,0.6,9.06,3
302,1,0.6,9.5,3
303,1,0.6,8.3,3
304,1,0.6,9.08,3
305,1,0.6,7.9,3
306,1,0.6,7.84,3
307,1,0.6,9.4,3
308,1,0.6,8.94,3
309,1,0.6,9.36,3
310,1,0.6,8.06,3
311,1,0.6,8.34,3
312,1,0.6,9.62,3
313,1,0.6,8.48,3
314,1,0.6,9.1,3
315,1,0.6,9.94,3
316,1,0.6,8.88,3
317,1,0.6,8.44,3
318,1,0.6,8.58,3
319,1,0.6,8.48,3
320,1,0.6,8.94,3
321,1,0.6,9.92,3
322,1,0.6,10.5,3
323,1,0.6,9.96,3
324,1,0.6,7.88,3
325,1,0.6,8.86,3
326,1,0.6,8.3,3
327,1,0.6,9.84,3
328,1,0.6,8.48,3
329,1,0.6,8.78,3
330,1,0.6,8.12,3
331,1,0.6,9.06,3
332,1,0.6,8.84,3
333,1,0.6,8.4,3
334,1,0.6,9.18,3
335,1,0.6,9.08,3
336,1,0.6,8.32,3
337,1,0.6,8.66,3
338,1,0.6,9.54,3
339,1,0.6,8.88,3
340,1,0.6,10.7,3
341,1,0.6,8.54,3
342,1,0.6,8.66,3
343,1,0.6,8.08,3
344,1,0.6,8.84,3
345,1,0.6,9.42,3
346,1,0.6,7.96,3
347,1,0.6,8.66,3
348,1,0.6,8.24,3
349,1,0.6,9.5,3
350,1,0.6,8.7,3
351,1,0.6,8.4,3
352,1,0.6,8.5,3
353,1,0.6,8.64,3
354,1,0.6,9.18,3
355,1,0.6,7.64,3
356,1,0.6,8.34,3
357,1,0.6,9.28,3
358,1,0.6,9.34,3
359,1,0.6,8.42,3
360,1,0.6,7.48,3
361,1,0.6,8.78,3
362,1,0.6,9.84,3
363,1,0.6,9.84,3
364,1,0.6,8.96,3
365,1,0.6,9.18,3
366,1,0.6,7.88,3
367,1,0.6,8.28,3
368,1,0.6,8.24,3
369,1,0.6,9.1,3
370,1,0.6,9.66,3
371,1,0.6,10.9,3
372,1,0.6,8.9,3
373,1,0.6,8.38,3
374,1,0.6,8.84,3
375,1,0.6,8.1,3
376,1,0.6,8.82,3
377,1,0.6,8.5,3
378,1,0.6,9.06,3
379,1,0.6,8.54,3
380,1,0.6,8.48,3
381,1,0.6,10.32,3
382,1,0.6,9.1,3
383,1,0.6,8.74,3
384,1,0.6,8.44,3
385,1,0.6,8.76,3
386,1,0.6,9.32,3
387,1,0.6,9.58,3
388,1,0.6,8.82,3
389,1,0.6,8.72,3
390,1,0.6,8.58,3
391,1,0.6,8.86,3
392,1,0.6,8.18,3
393,1,0.6,8.86,3
394,1,0.6,9.86,3
395,1,0.6,8.66,3
396,1,0.6,9.26,3
397,1,0.6,7.76,3
398,1,0.6,8.52,3
399,1,0.6,8.78,3
400,1,0.6,7.94,3
401,1,0.6,8.24,3
402,1,0.6,9.7,3
403,1,0.6,8.26,3
404,1,0.6,8.8,3
405,1,0.6,8.5,3
406,1,0.6,8.12,3
407,1,0.6,8.7,3
408,1,0.6,8.8,3
409,1,0.6,7.98,3
410,1,0.6,8.48,3
411,1,0.6,8.92,3
412,1,0.6,9.14,3
413,1,0.6,9.66,3
414,1,0.6,8.72,3
415,1,0.6,8.58,3
416,1,0.6,8.26,3
417,1,0.6,8.76,3
418,1,0.6,9.32,3
419,1,0.6,9.34,3
420,1,0.6,9.22,3
421,1,0.6,9.08,3
422,1,0.6,8.5,3
423,1,0.6,8.66,3
424,1,0.6,8.1,3
425,1,0.6,8.72,3
426,1,0.6,8.9,3
427,1,0.6,9.3,3
428,1,0.6,8.56,3
429,1,0.6,8.32,3
430,1,0.6,9.54,3
431,1,0.6,9.2,3
432,1,0.6,8.72,3
433,1,0.6,8.12,3
434,1,0.6,9.02,3
435,1,0.6,8.82,3
436,1,0.6,8.96,3
437,1,0.6,8.86,3
438,1,0.6,8.92,3
439,1,0.6,9.14,3
440,1,0.6,8.22,3
441,1,0.6,8.02,3
442,1,0.6,8.98,3
443,1,0.6,8.48,3
444,1,0.6,9.5,3
445,1,0.6,8.76,3
446,1,0.6,8.82,3
447,1,0.6,8.52,3
448,1,0.6,8.5,3
449,1,0.6,7.98,3
450,1,0.6,8.54,3
451,1,0.6,8.76,3
452,1,0.6,8.72,3
453,1,0.6,8.4,3
454,1,0.6,8.64,3
455,1,0.6,8.34,3
456,1,0.6,9.16,3
457,1,0.6,8.88,3
458,1,0.6,9.26,3
459,1,0.6,8.38,3
460,1,0.6,8.34,3
461,1,0.6,9.94,3
462,1,0.6,8.8,3
463,1,0.6,9.32,3
464,1,0.6,8.74,3
465,1,0.6,8.4,3
466,1,0.6,9.24,3
467,1,0.6,10.5,3
468,1,0.6,9.52,3
469,1,0.6,8.86,3
470,1,0.6,9.04,3
471,1,0.6,9.08,3
472,1,0.6,9.02,3
473,1,0.6,8.24,3
474,1,0.6,8.8,3
475,1,0.6,9.34,3
476,1,0.6,8.92,3
477,1,0.6,8.18,3
478,1,0.6,8.06,3
479,1,0.6,8.74,3
480,1,0.6,8.74,3
481,1,0.6,8.54,3
482,1,0.6,9.08,3
483,1,0.6,8.22,3
484,1,0.6,7.74,3
485,1,0.6,8.92,3
486,1,0.6,8.84,3
487,1,0.6,8.5,3
488,1,0.6,8.06,3
489,1,0.6,9.18,3
490,1,0.6,8.8,3
491,1,0.6,8.8,3
492,1,0.6,8.5,3
493,1,0.6,8.04,3
494,1,0.6,8.52,3
495,1,0.6,8.76,3
496,1,0.6,8.34,3
497,1,0.6,8.26,3
498,1,0.6,8.8,3
499,1,0.6,10.36,3
500,1,0.6,9.14,3
501,1,0.6,9.3,3
502,1,0.6,9.02,3
503,1,0.6,8.3,3
504,1,0.6,8.6,3
505,1,0.6,8.6,3
506,1,0.6,8.36,3
507,1,0.6,9.2,3
508,1,0.6,8.3,3
509,1,0.6,8.54,3
510,1,0.6,8.8,3
511,1,0.6,8.8,3
512,1,0.6,7.58,3
513,1,0.6,8.88,3
514,1,0.6,8.58,3
515,1,0.6,8.94,3
516,1,0.6,9.98,3
517,1,0.6,8.78,3
518,1,0.6,8.32,3
519,1,0.6,8.66,3
520,1,0.6,8.26,3
521,1,0.6,8.3,3
522,1,0.6,8.4,3
523,1,0.6,8.24,3
524,1,0.6,8.76,3
525,1,0.6,8.86,3
526,1,0.6,9.68,3
527,1,0.6,9.62,3
528,1,0.6,9.2,3
529,1,0.6,8.74,3
530,1,0.6,9.04,3
531,1,0.6,9.18,3
532,1,0.6,8.72,3
533,1,0.6,8.8,3
534,1,0.6,8.68,3
535,1,0.6,7.78,3
536,1,0.6,8.5,3
537,1,0.6,8.18,3
538,1,0.6,8.32,3
539,1,0.6,8.32,3
540,1,0.6,9.86,3
541,1,0.6,8.88,3
542,1,0.6,9.04,3
543,1,0.6,9.1,3
544,1,0.6,8.12,3
545,1,0.6,8.46,3
546,1,0.6,8.82,3
547,1,0.6,8.64,3
548,1,0.6,7.58,3
549,1,0.6,8.42,3
550,1,0.6,8.78,3
551,1,0.6,8.32,3
552,1,0.6,9.1,3
553,1,0.6,7.74,3
554,1,0.6,8.8,3
555,1,0.6,8.84,3
556,1,0.6,9.24,3
557,1,0.6,9.74,3
558,1,0.6,9.3,3
559,1,0.6,8.94,3
560,1,0.6,9.14,3
561,1,0.6,8.24,3
562,1,0.6,8.46,3
563,1,0.6,8.44,3
564,1,0.6,8.7,3
565,1,0.6,8.38,3
566,1,0.6,8.26,3
567,1,0.6,8.62,3
568,1,0.6,9.0,3
569,1,0.6,8.66,3
570,1,0.6,8.68,3
571,1,0.6,8.66,3
572,1,0.6,9.14,3
573,1,0.6,9.4,3
574,1,0.6,9.46,3
575,1,0.6,9.32,3
576,1,0.6,8.14,3
577,1,0.6,8.74,3
578,1,0.6,8.68,3
579,1,0.6,7.66,3
580,1,0.6,8.9,3
581,1,0.6,8.38,3
582,1,0.6,9.48,3
583,1,0.6,8.78,3
584,1,0.6,8.24,3
585,1,0.6,8.76,3
586,1,0.6,8.86,3
587,1,0.6,7.54,3
588,1,0.6,9.3,3
589,1,0.6,8.68,3
590,1,0.6,9.06,3
591,1,0.6,8.18,3
592,1,0.6,8.94,3
593,1,0.6,8.34,3
594,1,0.6,8.68,3
595,1,0.6,9.26,3
596,1,0.6,8.64,3
597,1,0.6,9.0,3
598,1,0.6,8.62,3
599,1,0.6,8.4,3
600,1,0.6,9.14,3
601,1,0.6,9.18,3
602,1,0.6,8.54,3
603,1,0.6,7.82,3
604,1,0.6,8.48,3
605,1,0.6,9.96,3
606,1,0.6,8.22,3
607,1,0.6,8.68,3
608,1,0.6,8.34,3
609,1,0.6,9.44,3
610,1,0.6,9.3,3
611,1,0.6,9.2,3
612,1,0.6,9.74,3
613,1,0.6,8.2,3
614,1,0.6,8.46,3
615,1,0.6,9.78,3
616,1,0.6,7.5,3
617,1,0.6,9.0,3
618,1,0.6,9.04,3
619,1,0.6,7.78,3
620,1,0.6,8.38,3
621,1,0.6,9.82,3
622,1,0.6,7.96,3
623,1,0.6,9.14,3
624,1,0.6,8.28,3
625,1,0.6,8.38,3
626,1,0.6,7.94,3
627,1,0.6,8.6,3
628,1,0.6,8.72,3
629,1,0.6,9.58,3
630,1,0.6,8.94,3
631,1,0.6,9.26,3
632,1,0.6,8.76,3
633,1,0.6,8.94,3
634,1,0.6,9.34,3
635,1,0.6,8.8,3
636,1,0.6,9.22,3
637,1,0.6,7.98,3
638,1,0.6,9.42,3
639,1,0.6,9.16,3
640,1,0.6,8.98,3
641,1,0.6,8.78,3
642,1,0.6,8.0,3
643,1,0.6,10.2,3
644,1,0.6,10.02,3
645,1,0.6,9.2,3
646,1,0.6,8.6,3
647,1,0.6,9.26,3
648,1,0.6,8.82,3
649,1,0.6,8.56,3
650,1,0.6,9.04,3
651,1,0.6,8.26,3
652,1,0.6,8.04,3
653,1,0.6,8.14,3
654,1,0.6,8.62,3
655,1,0.6,8.04,3
656,1,0.6,8.72,3
657,1,0.6,8.08,3
658,1,0.6,8.48,3
659,1,0.6,8.92,3
660,1,0.6,8.08,3
661,1,0.6,8.2,3
662,1,0.6,9.46,3
663,1,0.6,8.72,3
664,1,0.6,9.36,3
665,1,0.6,9.54,3
666,1,0.6,9.08,3
667,1,0.6,8.9,3
668,1,0.6,8.9,3
669,1,0.6,9.02,3
670,1,0.6,8.76,3
671,1,0.6,8.66,3
672,1,0.6,8.96,3
673,1,0.6,8.38,3
674,1,0.6,8.7,2
675,1,0.6,8.34,2
676,1,0.6,7.28,2
677,1,0.6,8.0,2
678,1,0.6,9.3,2
679,1,0.6,7.62,2
680,1,0.6,8.9,2
681,1,0.6,8.7,2
682,1,0.6,7.7,2
683,1,0.6,8.62,2
684,1,0.6,7.68,2
685,1,0.6,7.62,2
686,1,0.6,7.9,2
687,1,0.6,8.36,2
688,1,0.6,7.84,2
689,1,0.6,8.3,2
690,1,0.6,8.44,2
691,1,0.6,9.06,2
692,1,0.6,8.42,2
693,1,0.6,7.62,2
694,1,0.6,8.8,2
695,1,0.6,8.14,2
696,1,0.6,8.08,2
697,1,0.6,7.06,2
698,1,0.6,7.44,2
699,1,0.6,7.92,2
700,1,0.6,6.98,2
701,1,0.6,8.7,2
702,1,0.6,7.8,2
703,1,0.6,8.02,2
704,1,0.6,7.56,2
705,1,0.6,7.86,2
706,1,0.6,7.98,2
707,1,0.6,8.3,2
708,1,0.6,8.88,2
709,1,0.6,9.16,2
710,1,0.6,8.7,2
711,1,0.6,8.34,2
712,1,0.6,7.82,2
713,1,0.6,8.4,2
714,1,0.6,7.64,2
715,1,0.6,7.84,2
716,1,0.6,8.88,2
717,1,0.6,7.7,2
718,1,0.6,7.82,2
719,1,0.6,8.1,2
720,1,0.6,6.68,2
721,1,0.6,7.12,2
722,1,0.6,8.64,2
723,1,0.6,8.88,2
724,1,0.6,7.78,2
725,1,0.6,8.16,2
726,1,0.6,6.94,2
727,1,0.6,8.12,2
728,1,0.6,7.78,2
729,1,0.6,8.02,2
730,1,0.6,7.8,2
731,1,0.6,7.6,2
732,1,0.6,7.84,2
733,1,0.6,8.22,2
734,1,0.6,8.84,2
735,1,0.6,7.52,2
736,1,0.6,7.88,2
737,1,0.6,8.36,2
738,1,0.6,7.16,2
739,1,0.6,7.32,2
740,1,0.6,8.58,2
741,1,0.6,9.06,2
742,1,0.6,7.24,2
743,1,0.6,9.34,2
744,1,0.6,8.16,2
745,1,0.6,8.26,2
746,1,0.6,7.8,2
747,1,0.6,8.26,2
748,1,0.6,7.64,2
749,1,0.6,7.88,2
750,1,0.6,7.36,2
751,1,0.6,8.52,2
752,1,0.6,7.48,2
753,1,0.6,7.74,2
754,1,0.6,7.32,2
755,1,0.6,7.56,2
756,1,0.6,8.02,2
757,1,0.6,8.22,2
758,1,0.6,8.12,2
759,1,0.6,8.24,2
760,1,0.6,7.28,2
761,1,0.6,7.08,2
762,1,0.6,8.02,2
763,1,0.6,7.9,2
764,1,0.6,8.12,2
765,1,0.6,7.4,2
766,1,0.6,7.24,2
767,1,0.6,7.36,2
768,1,0.6,6.7,2
769,1,0.6,7.36,2
770,1,0.6,7.84,2
771,1,0.6,8.26,2
772,1,0.6,8.18,2
773,1,0.6,7.46,2
774,1,0.6,7.16,2
775,1,0.6,8.04,2
776,1,0.6,7.44,2
777,1,0.6,8.04,2
778,1,0.6,7.46,2
779,1,0.6,7.26,2
780,1,0.6,8.8,2
781,1,0.6,8.44,2
782,1,0.6,7.46,2
783,1,0.6,7.48,2
784,1,0.6,7.92,2
785,1,0.6,7.76,2
786,1,0.6,8.74,2
787,1,0.6,8.12,2
788,1,0.6,7.18,2
789,1,0.6,7.12,2
790,1,0.6,7.1,2
791,1,0.6,8.1,2
792,1,0.6,8.02,2
793,1,0.6,8.26,2
794,1,0.6,8.06,2
795,1,0.6,7.56,2
796,1,0.6,8.1,2
797,1,0.6,7.16,2
798,1,0.6,7.04,2
799,1,0.6,7.72,2
800,1,0.6,8.1,2
801,1,0.6,7.74,2
802,1,0.6,7.56,2
803,1,0.6,7.76,2
804,1,0.6,7.04,2
805,1,0.6,7.56,2
806,1,0.6,8.72,2
807,1,0.6,8.22,2
808,1,0.6,8.34,2
809,1,0.6,8.06,2
810,1,0.6,7.88,2
811,1,0.6,7.82,2
812,1,0.6,7.46,2
813,1,0.6,7.34,2
814,1,0.6,8.24,2
815,1,0.6,8.02,2
816,1,0.6,7.7,2
817,1,0.6,7.62,2
818,1,0.6,7.34,2
819,1,0.6,7.02,2
820,1,0.6,7.8,2
821,1,0.6,7.62,2
822,1,0.6,7.0,2
823,1,0.6,6.96,2
824,1,0.6,7.5,2
825,1,0.6,7.56,2
826,1,0.6,6.9,2
827,1,0.6,6.7,2
828,1,0.6,7.62,2
829,1,0.6,8.48,2
830,1,0.6,7.98,2
831,1,0.6,7.76,2
832,1,0.6,8.08,2
833,1,0.6,7.32,2
834,1,0.6,7.04,2
835,1,0.6,7.64,2
836,1,0.6,7.2,2
837,1,0.6,8.62,2
838,1,0.6,8.12,2
839,1,0.6,7.52,2
840,1,0.6,7.34,2
841,1,0.6,7.64,2
842,1,0.6,8.18,2
843,1,0.6,9.2,2
844,1,0.6,8.88,2
845,1,0.6,8.38,2
846,1,0.6,8.36,2
847,1,0.6,8.0,2
848,1,0.6,7.96,2
849,1,0.6,9.14,2
850,1,0.6,7.32,2
851,1,0.6,7.24,2
852,1,0.6,7.5,2
853,1,0.6,8.48,2
854,1,0.6,8.82,2
855,1,0.6,7.92,2
856,1,0.6,8.08,2
857,1,0.6,7.38,2
858,1,0.6,7.06,2
859,1,0.6,8.36,2
860,1,0.6,7.12,2
861,1,0.6,7.1,2
862,1,0.6,7.36,2
863,1,0.6,7.48,2
864,1,0.6,7.28,2
865,1,0.6,7.82,2
866,1,0.6,7.66,2
867,1,0.6,7.98,2
868,1,0.6,8.66,2
869,1,0.6,7.6,2
870,1,0.6,8.32,2
871,1,0.6,7.92,2
872,1,0.6,8.08,2
873,1,0.6,7.82,2
874,1,0.6,7.74,2
875,1,0.6,8.34,2
876,1,0.6,7.44,2
877,1,0.6,7.72,2
878,1,0.6,7.7,2
879,1,0.6,7.98,2
880,1,0.6,6.64,2
881,1,0.6,8.86,2
882,1,0.6,7.46,2
883,1,0.6,8.28,2
884,1,0.6,7.82,2
885,1,0.6,7.5,2
886,1,0.6,7.14,2
887,1,0.6,8.5,2
888,1,0.6,7.9,2
889,1,0.6,7.6,2
890,1,0.6,7.58,2
891,1,0.6,7.32,2
892,1,0.6,6.68,2
893,1,0.6,8.1,2
894,1,0.6,7.8,2
895,1,0.6,8.0,2
896,1,0.6,7.52,2
897,1,0.6,8.2,2
898,1,0.6,9.04,2
899,1,0.6,8.0,2
900,1,0.6,7.56,2
901,1,0.6,8.52,2
902,1,0.6,8.56,2
903,1,0.6,7.96,2
904,1,0.6,8.24,2
905,1,0.6,7.44,2
906,1,0.6,7.94,2
907,1,0.6,8.04,2
908,1,0.6,8.12,2
909,1,0.6,7.44,2
910,1,0.6,8.0,2
911,1,0.6,8.78,2
912,1,0.6,8.42,2
913,1,0.6,8.32,2
914,1,0.6,7.3,2
915,1,0.6,8.1,2
916,1,0.6,8.62,2
917,1,0.6,7.82,2
918,1,0.6,7.0,2
919,1,0.6,7.54,2
920,1,0.6,6.66,2
921,1,0.6,8.36,2
922,1,0.6,8.44,2
923,1,0.6,7.46,2
924,1,0.6,7.26,2
925,1,0.6,8.64,2
926,1,0.6,7.98,2
927,1,0.6,8.0,2
928,1,0.6,8.14,2
929,1,0.6,8.02,2
930,1,0.6,8.5,2
931,1,0.6,6.92,2
932,1,0.6,7.02,2
933,1,0.6,7.54,2
934,1,0.6,7.68,2
935,1,0.6,7.28,2
936,1,0.6,8.14,2
937,1,0.6,8.9,2
938,1,0.6,7.32,2
939,1,0.6,6.8,2
940,1,0.6,7.52,2
941,1,0.6,8.02,2
942,1,0.6,8.08,2
943,1,0.6,8.46,2
944,1,0.6,7.98,2
945,1,0.6,7.72,2
946,1,0.6,7.94,2
947,1,0.6,8.1,2
948,1,0.6,8.3,2
949,1,0.6,8.2,2
950,1,0.6,7.16,2
951,1,0.6,7.38,2
952,1,0.6,7.22,2
953,1,0.6,6.96,2
954,1,0.6,7.68,2
955,1,0.6,8.2,2
956,1,0.6,7.94,2
957,1,0.6,7.78,2
958,1,0.6,8.2,2
959,1,0.6,8.28,2
960,1,0.6,8.66,2
961,1,0.6,7.22,2
962,1,0.6,7.62,2
963,1,0.6,7.5,2
964,1,0.6,7.94,2
965,1,0.6,6.76,2
966,1,0.6,8.02,2
967,1,0.6,8.44,2
968,1,0.6,7.52,2
969,1,0.6,8.16,2
970,1,0.6,7.92,2
971,1,0.6,7.82,2
972,1,0.6,8.46,2
973,1,0.6,8.2,2
974,1,0.6,7.58,2
975,1,0.6,7.18,2
976,1,0.6,7.46,2
977,1,0.6,8.52,2
978,1,0.6,7.72,2
979,1,0.6,6.76,2
980,1,0.6,7.24,2
981,1,0.6,8.26,2
982,1,0.6,7.26,2
983,1,0.6,7.86,2
984,1,0.6,7.2,2
985,1,0.6,6.88,2
986,1,0.6,7.62,2
987,1,0.6,8.86,2
988,1,0.6,7.46,2
989,1,0.6,7.32,2
990,1,0.6,7.68,2
991,1,0.6,7.4,2
992,1,0.6,8.3,2
993,1,0.6,8.64,2
994,1,0.6,9.3,2
995,1,0.6,7.72,2
996,1,0.6,8.1,2
997,1,0.6,8.28,2
998,1,0.6,7.18,2
999,1,0.6,8.0,2
1000,1,0.6,8.52,2
1001,1,0.6,6.8,1
1002,1,0.6,6.74,1
1003,1,0.6,7.7,1
1004,1,0.6,7.3,1
1005,1,0.6,7.66,1
1006,1,0.6,5.98,1
1007,1,0.6,7.0,1
1008,1,0.6,7.14,1
1009,1,0.6,7.16,1
1010,1,0.6,6.76,1
1011,1,0.6,7.16,1
1012,1,0.6,7.6,1
1013,1,0.6,7.76,1
1014,1,0.6,6.98,1
1015,1,0.6,6.48,1
1016,1,0.6,6.92,1
1017,1,0.6,5.92,1
1018,1,0.6,6.86,1
1019,1,0.6,6.82,1
1020,1,0.6,6.76,1
1021,1,0.6,7.2,1
1022,1,0.6,7.4,1
1023,1,0.6,6.3,1
1024,1,0.6,7.14,1
1025,1,0.6,7.44,1
1026,1,0.6,6.86,1
1027,1,0.6,7.12,1
1028,1,0.6,7.6,1
1029,1,0.6,6.82,1
1030,1,0.6,7.92,1
1031,1,0.6,6.82,1
1032,1,0.6,7.14,1
1033,1,0.6,7.1,1
1034,1,0.6,7.36,1
1035,1,0.6,6.14,1
1036,1,0.6,6.64,1
1037,1,0.6,7.12,1
1038,1,0.6,7.32,1
1039,1,0.6,6.14,1
1040,1,0.6,6.44,1
1041,1,0.6,6.36,1
1042,1,0.6,6.38,1
1043,1,0.6,7.06,1
1044,1,0.6,7.4,1
1045,1,0.6,6.24,1
1046,1,0.6,7.08,1
1047,1,0.6,6.94,1
1048,1,0.6,7.18,1
1049,1,0.6,7.44,1
1050,1,0.6,7.02,1
1051,1,0.6,6.94,1
1052,1,0.6,7.42,1
1053,1,0.6,7.42,1
1054,1,0.6,6.36,1
1055,1,0.6,6.36,1
1056,1,0.6,6.28,1
1057,1,0.6,7.56,1
1058,1,0.6,7.62,1
1059,1,0.6,6.84,1
1060,1,0.6,8.22,1
1061,1,0.6,7.54,1
1062,1,0.6,6.62,1
1063,1,0.6,7.86,1
1064,1,0.6,7.32,1
1065,1,0.6,6.28,1
1066,1,0.6,6.96,1
1067,1,0.6,7.62,1
1068,1,0.6,6.46,1
1069,1,0.6,7.18,1
1070,1,0.6,5.76,1
1071,1,0.6,6.72,1
1072,1,0.6,6.5,1
1073,1,0.6,7.3,1
1074,1,0.6,7.28,1
1075,1,0.6,7.04,1
1076,1,0.6,6.64,1
1077,1,0.6,7.62,1
1078,1,0.6,7.4,1
1079,1,0.6,7.84,1
1080,1,0.6,7.64,1
1081,1,0.6,7.48,1
1082,1,0.6,6.54,1
1083,1,0.6,7.34,1
1084,1,0.6,5.82,1
1085,1,0.6,7.36,1
1086,1,0.6,7.38,1
1087,1,0.6,7.46,1
1088,1,0.6,7.84,1
1089,1,0.6,7.52,1
1090,1,0.6,7.0,1
1091,1,0.6,7.26,1
1092,1,0.6,6.36,1
1093,1,0.6,7.36,1
1094,1,0.6,6.74,1
1095,1,0.6,6.5,1
1096,1,0.6,7.28,1
1097,1,0.6,6.36,1
1098,1,0.6,6.18,1
1099,1,0.6,5.8,1
1100,1,0.6,6.08,1
1101,1,0.6,6.68,1
1102,1,0.6,6.54,1
1103,1,0.6,6.7,1
1104,1,0.6,7.68,1
1105,1,0.6,7.82,1
1106,1,0.6,8.16,1
1107,1,0.6,7.56,1
1108,1,0.6,8.04,1
1109,1,0.6,7.5,1
1110,1,0.6,7.2,1
1111,1,0.6,8.16,1
1112,1,0.6,8.54,1
1113,1,0.6,7.02,1
1114,1,0.6,7.12,1
1115,1,0.6,6.8,1
1116,1,0.6,7.84,1
1117,1,0.6,7.12,1
1118,1,0.6,7.36,1
1119,1,0.6,7.1,1
1120,1,0.6,7.64,1
1121,1,0.6,7.24,1
1122,1,0.6,7.6,1
1123,1,0.6,6.74,1
1124,1,0.6,7.18,1
1125,1,0.6,6.54,1
1126,1,0.6,7.04,1
1127,1,0.6,7.52,1
1128,1,0.6,7.74,1
1129,1,0.6,7.32,1
1130,1,0.6,6.24,1
1131,1,0.6,6.68,1
1132,1,0.6,7.86,1
1133,1,0.6,7.1,1
1134,1,0.6,7.78,1
1135,1,0.6,7.02,1
1136,1,0.6,7.32,1
1137,1,0.6,7.4,1
1138,1,0.6,6.92,1
1139,1,0.6,7.54,1
1140,1,0.6,8.08,1
1141,1,0.6,7.18,1
1142,1,0.6,7.46,1
1143,1,0.6,6.66,1
1144,1,0.6,7.06,1
1145,1,0.6,7.3,1
1146,1,0.6,7.28,1
1147,1,0.6,7.22,1
1148,1,0.6,6.88,1
1149,1,0.6,6.94,1
1150,1,0.6,6.64,1
1151,1,0.6,6.8,1
1152,1,0.6,7.06,1
1153,1,0.6,6.56,1
1154,1,0.6,6.12,1
1155,1,0.6,6.9,1
1156,1,0.6,6.44,1
1157,1,0.6,6.24,1
1158,1,0.6,6.64,1
1159,1,0.6,6.68,1
1160,1,0.6,7.0,1
1161,1,0.6,7.44,1
1162,1,0.6,7.18,1
1163,1,0.6,6.5,1
1164,1,0.6,6.58,1
1165,1,0.6,6.38,1
1166,1,0.6,6.52,1
1167,1,0.6,7.3,1
1168,1,0.6,6.22,1
1169,1,0.6,7.48,1
1170,1,0.6,7.9,1
1171,1,0.6,7.32,1
1172,1,0.6,6.34,1
1173,1,0.6,6.64,1
1174,1,0.6,7.74,1
1175,1,0.6,7.58,1
1176,1,0.6,7.64,1
1177,1,0.6,6.48,1
1178,1,0.6,6.62,1
1179,1,0.6,6.74,1
1180,1,0.6,6.28,1
1181,1,0.6,6.38,1
1182,1,0.6,6.64,1
1183,1,0.6,6.24,1
1184,1,0.6,6.4,1
1185,1,0.6,6.74,1
1186,1,0.6,7.1,1
1187,1,0.6,6.66,1
1188,1,0.6,7.88,1
1189,1,0.6,6.58,1
1190,1,0.6,7.0,1
1191,1,0.6,6.72,1
1192,1,0.6,7.56,1
1193,1,0.6,7.18,1
1194,1,0.6,8.3,1
1195,1,0.6,7.54,1
1196,1,0.6,7.66,1
1197,1,0.6,7.7,1
1198,1,0.6,8.04,1
1199,1,0.6,7.38,1
1200,1,0.6,7.58,1
1201,1,0.6,7.36,1
1202,1,0.6,6.74,1
1203,1,0.6,6.02,1
1204,1,0.6,7.02,1
1205,1,0.6,6.88,1
1206,1,0.6,6.9,1
1207,1,0.6,7.02,1
1208,1,0.6,7.14,1
1209,1,0.6,7.56,1
1210,1,0.6,7.4,1
1211,1,0.6,7.12,1
1212,1,0.6,7.26,1
1213,1,0.6,7.1,1
1214,1,0.6,6.14,1
1215,1,0.6,7.44,1
1216,1,0.6,7.72,1
1217,1,0.6,7.2,1
1218,1,0.6,6.74,1
1219,1,0.6,7.2,1
1220,1,0.6,7.24,1
1221,1,0.6,5.74,1
1222,1,0.6,6.8,1
1223,1,0.6,6.96,1
1224,1,0.6,6.62,1
1225,1,0.6,6.8,1
1226,1,0.6,6.72,1
1227,1,0.6,7.0,1
1228,1,0.6,5.68,1
1229,1,0.6,6.72,1
1230,1,0.6,7.12,1
1231,1,0.6,7.34,1
1232,1,0.6,7.2,1
1233,1,0.6,6.8,1
1234,1,0.6,7.08,1
1235,1,0.6,6.72,1
1236,1,0.6,7.08,1
1237,1,0.6,6.72,1
1238,1,0.6,6.8,1
1239,1,0.6,7.88,1
1240,1,0.6,7.84,1
1241,1,0.6,7.0,1
1242,1,0.6,6.54,1
1243,1,0.6,6.86,1
1244,1,0.6,7.12,1
1245,1,0.6,6.32,1
1246,1,0.6,7.64,1
1247,1,0.6,7.08,1
1248,1,0.6,7.72,1
1249,1,0.6,8.02,1
1250,1,0.6,7.24,1
1251,1,0.6,7.0,1
1252,1,0.6,6.58,1
1253,1,0.6,6.84,1
1254,1,0.6,7.34,1
1255,1,0.6,7.38,1
1256,1,0.6,7.3,1
1257,1,0.6,7.66,1
1258,1,0.6,7.1,1
1259,1,0.6,6.72,1
1260,1,0.6,6.8,1
1261,1,0.6,7.24,1
1262,1,0.6,7.26,1
1263,1,0.6,7.28,1
1264,1,0.6,6.52,1
1265,1,0.6,7.74,1
1266,1,0.6,7.22,1
1267,1,0.6,7.28,1
1268,1,0.6,7.48,1
1269,1,0.6,8.6,1
1270,1,0.6,7.9,1
1271,1,0.6,7.28,1
1272,1,0.6,6.52,1
1273,1,0.6,6.4,1
1274,1,0.6,6.64,1
1275,1,0.6,7.9,1
1276,1,0.6,6.48,1
1277,1,0.6,7.02,1
1278,1,0.6,7.04,1
1279,1,0.6,6.94,1
1280,1,0.6,7.3,1
1281,1,0.6,7.08,1
1282,1,0.6,7.64,1
1283,1,0.6,6.74,1
1284,1,0.6,7.22,1
1285,1,0.6,7.3,1
1286,1,0.6,5.96,1
1287,1,0.6,6.86,1
1288,1,0.6,7.82,1
1289,1,0.6,7.34,1
1290,1,0.6,7.28,1
1291,1,0.6,8.56,1
1292,1,0.6,7.08,1
1293,1,0.6,7.02,1
1294,1,0.6,7.56,1
1295,1,0.6,7.52,1
1296,1,0.6,6.36,1
1297,1,0.6,7.14,1
1298,1,0.6,7.06,1
1299,1,0.6,6.76,1
1300,1,0.6,6.62,1
1301,1,0.6,7.7,1
1302,1,0.6,7.14,1
1303,1,0.6,7.44,1
1304,1,0.6,7.2,1
1305,1,0.6,6.08,1
1306,1,0.6,6.72,1
1307,1,0.6,7.04,1
1308,1,0.6,6.9,1
1309,1,0.6,8.06,1
1310,1,0.6,7.88,1
1311,1,0.6,7.14,1
1312,1,0.6,7.94,1
1313,1,0.6,6.2,1
1314,1,0.6,6.74,1
1315,1,0.6,7.38,1
1316,1,0.6,6.04,1
1317,1,0.6,6.34,1
1318,1,0.6,6.98,1
1319,1,0.6,7.46,1
1320,1,0.6,6.86,1
1321,1,0.6,7.28,1
1322,1,0.6,7.82,1
1323,1,0.6,7.48,1
1324,1,0.6,6.12,1
1325,1,0.6,6.68,1
1326,1,0.6,8.0,1
1327,1,0.6,7.18,1
1328,1,0.6,6.36,1
1329,1,0.6,6.54,1
1330,1,0.6,6.46,1
1331,1,0.6,5.92,1
1332,1,0.6,6.32,1
1333,1,0.6,7.26,1
1334,1,0.6,7.5,1
1335,1,0.6,7.66,1
1336,1,0.6,7.82,1
1337,1,0.6,7.68,1
1338,1,0.6,6.54,1
1339,1,0.6,6.9,1
1340,1,0.6,6.16,1
1341,1,0.6,7.02,1
1342,1,0.6,6.86,1
1343,1,0.6,7.64,1
1344,1,0.6,6.86,1
1345,1,0.6,6.78,1
1346,1,0.6,6.88,1
1347,1,0.6,7.4,1
1348,1,0.6,7.12,1
1349,1,0.6,6.62,1
1350,1,0.6,7.4,1
1351,1,0.6,7.76,1
1352,1,0.6,6.84,1
1353,1,0.6,5.92,1
1354,1,0.6,7.1,1
1355,1,0.6,7.52,1
1356,1,0.6,6.74,1
1357,1,0.6,6.98,1
1358,1,0.6,7.36,1
1359,1,0.6,6.92,1
1360,1,0.6,6.2,1
1361,1,0.6,6.42,1
1362,1,0.6,7.46,1
1363,1,0.6,6.9,1
1364,1,0.6,7.32,1
1365,1,0.6,8.12,1
1366,1,0.6,7.24,1
1367,1,0.6,6.12,1
1368,1,0.6,6.86,1
1369,1,0.6,6.98,1
1370,1,0.6,6.48,1
1371,1,0.6,6.96,1
1372,1,0.6,6.6,1
1373,1,0.6,6.32,1
1374,1,0.6,6.14,1
1375,1,0.6,6.82,1
1376,1,0.6,7.1,1
1377,1,0.6,8.12,1
1378,1,0.6,7.56,1
1379,1,0.6,6.9,1
1380,1,0.6,6.7,1
1381,1,0.6,6.68,1
1382,1,0.6,7.56,1
1383,1,0.6,7.68,1
1384,1,0.6,7.36,1
1385,1,0.6,7.12,1
1386,1,0.6,7.22,1
1387,1,0.6,7.62,1
1388,1,0.6,7.36,1
1389,1,0.6,6.82,1
1390,1,0.6,6.46,1
1391,1,0.6,7.4,1
1392,1,0.6,7.76,1
1393,1,0.6,6.88,1
1394,1,0.6,6.06,1
1395,1,0.6,6.04,1
1396,1,0.6,7.54,1
1397,1,0.6,7.98,1
1398,1,0.6,7.86,1
1399,1,0.6,7.2,1
1400,1,0.6,8.5,1
1401,1,0.6,7.12,1
1402,1,0.6,6.84,1
1403,1,0.6,6.94,1
1404,1,0.6,6.68,1
1405,1,0.6,5.78,1
1406,1,0.6,7.2,1
1407,1,0.6,7.78,1
1408,1,0.6,6.54,1
1409,1,0.6,5.6,1
1410,1,0.6,6.92,1
1411,1,0.6,7.24,1
1412,1,0.6,7.16,1
1413,1,0.6,6.92,1
1414,1,0.6,6.8,1
1415,1,0.6,7.1,1
1416,1,0.6,6.68,1
1417,1,0.6,6.72,1
1418,1,0.6,6.86,1
1419,1,0.6,7.26,1
1420,1,0.6,7.38,1
1421,1,0.6,6.82,1
1422,1,0.6,6.82,1
1423,1,0.6,6.58,1
1424,1,0.6,7.78,1
1425,1,0.6,7.28,1
1426,1,0.6,6.74,1
1427,1,0.6,7.06,1
1428,1,0.6,6.42,1
1429,1,0.6,7.22,1
1430,1,0.6,6.76,1
1431,1,0.6,7.18,1
1432,1,0.6,6.36,1
1433,1,0.6,6.86,1
1434,1,0.6,6.88,1
1435,1,0.6,6.76,1
1436,1,0.6,7.86,1
1437,1,0.6,7.44,1
1438,1,0.6,8.04,1
1439,1,0.6,8.08,1
1440,1,0.6,7.72,1
1441,1,0.6,7.2,1
1442,1,0.6,6.52,1
1443,1,0.6,7.52,1
1444,1,0.6,7.36,1
1445,1,0.6,7.24,1
1446,1,0.6,6.88,1
1447,1,0.6,7.44,1
1448,1,0.6,6.82,1
1449,1,0.6,7.12,1
1450,1,0.6,7.54,1
1451,1,0.6,8.06,1
1452,1,0.6,7.04,1
1453,1,0.6,7.44,1
1454,1,0.6,6.92,1
1455,1,0.6,7.22,1
1456,1,0.6,6.54,1
1457,1,0.6,6.14,1
1458,1,0.6,7.02,1
1459,1,0.6,7.02,1
1460,1,0.6,7.3,1
1461,1,0.6,7.32,1
1462,1,0.6,7.98,1
1463,1,0.6,7.84,1
1464,1,0.6,7.1,1
1465,1,0.6,7.92,1
1466,1,0.6,7.82,1
1467,1,0.6,6.56,1
1468,1,0.6,5.86,1
1469,1,0.6,7.04,1
1470,1,0.6,6.28,1
1471,1,0.6,6.42,1
1472,1,0.6,7.42,1
1473,1,0.6,5.44,1
1474,1,0.6,6.9,1
1475,1,0.6,7.66,1
1476,1,0.6,6.9,1
1477,1,0.6,6.5,1
1478,1,0.6,6.38,1
1479,1,0.6,7.3,1
1480,1,0.6,6.62,1
1481,1,0.6,7.48,1
1482,1,0.6,7.56,1
1483,1,0.6,6.2,1
1484,1,0.6,7.66,1
1485,1,0.6,6.28,1
1486,1,0.6,5.82,1
1487,1,0.6,6.36,1
1488,1,0.6,7.12,1
1489,1,0.6,7.1,1
1490,1,0.6,7.54,1
1491,1,0.6,6.7,1
1492,1,0.6,6.66,1
1493,1,0.6,7.7,1
1494,1,0.6,6.2,1
1495,1,0.6,6.2,1
1496,1,0.6,6.74,1
1497,1,0.6,6.28,1
1498,1,0.6,6.5,1
1499,1,0.6,6.92,1
1500,1,0.6,6.3,1
1501,1,0.6,6.28,1
1502,1,0.6,5.9,1
1503,1,0.6,6.36,1
1504,1,0.6,7.52,1
1505,1,0.6,6.38,1
1506,1,0.6,5.92,1
1507,1,0.6,6.8,1
1508,1,0.6,6.82,1
1509,1,0.6,6.64,1
1510,1,0.6,7.52,1
1511,1,0.6,6.58,1
1512,1,0.6,6.5,1
1513,1,0.6,7.08,1
1514,1,0.6,7.44,1
1515,1,0.6,7.1,1
1516,1,0.6,6.48,1
1517,1,0.6,8.56,1
1518,1,0.6,7.28,1
1519,1,0.6,6.78,1
1520,1,0.6,5.88,1
1521,1,0.6,7.44,1
1522,1,0.6,6.16,1
1523,1,0.6,7.26,1
1524,1,0.6,6.54,1
1525,1,0.6,6.66,1
1526,1,0.6,6.42,1
1527,1,0.6,6.88,1
1528,1,0.6,6.4,1
1529,1,0.6,7.64,1
1530,1,0.6,7.22,1
1531,1,0.6,7.5,1
1532,1,0.6,7.42,1
1533,1,0.6,7.22,1
1534,1,0.6,6.8,1
1535,1,0.6,7.28,1
1536,1,0.6,7.44,1
1537,1,0.6,6.56,1
1538,1,0.6,6.02,1
1539,1,0.6,6.58,1
1540,1,0.6,7.7,1
1541,1,0.6,7.1,1
1542,1,0.6,6.9,1
1543,1,0.6,6.88,1
1544,1,0.6,6.9,1
1545,1,0.6,7.26,1
1546,1,0.6,6.66,1
1547,1,0.6,7.04,1
1548,1,0.6,6.2,1
1549,1,0.6,6.66,1
1550,1,0.6,7.18,1
1551,1,0.6,7.92,1
1552,1,0.6,7.76,1
1553,1,0.6,7.78,1
1554,1,0.6,6.4,1
1555,1,0.6,8.08,1
1556,1,0.6,6.48,1
1557,1,0.6,6.62,1
1558,1,0.6,7.02,1
1559,1,0.6,6.64,1
1560,1,0.6,6.36,1
1561,1,0.6,7.48,1
1562,1,0.6,8.62,1
1563,1,0.6,7.6,1
1564,1,0.6,7.8,1
1565,1,0.6,5.84,1
1566,1,0.6,6.94,1
1567,1,0.6,6.84,1
1568,1,0.6,7.64,1
1569,1,0.6,6.74,1
1570,1,0.6,7.54,1
1571,1,0.6,7.12,1
1572,1,0.6,7.48,1
1573,1,0.6,6.98,1
1574,1,0.6,7.54,1
1575,1,0.6,7.1,1
1576,1,0.6,7.92,1
1577,1,0.6,7.92,1
1578,1,0.6,6.84,1
1579,1,0.6,8.12,1
1580,1,0.6,7.86,1
1581,1,0.6,7.02,1
1582,1,0.6,7.18,1
1583,1,0.6,8.32,1
1584,1,0.6,7.52,1
1585,1,0.6,6.54,1
1586,1,0.6,5.64,1
1587,1,0.6,7.08,1
1588,1,0.6,7.12,1
1589,1,0.6,7.22,1
1590,1,0.6,6.76,1
1591,1,0.6,6.42,1
1592,1,0.6,7.04,1
1593,1,0.6,7.36,1
1594,1,0.6,7.32,1
1595,1,0.6,6.94,1
1596,1,0.6,7.3,1
1597,1,0.6,7.54,1
1598,1,0.6,6.94,1
1599,1,0.6,7.32,1
1600,1,0.6,5.92,1
1601,1,0.6,6.76,1
1602,1,0.6,6.6,1
1603,1,0.6,7.44,1
1604,1,0.6,7.16,1
1605,1,0.6,7.92,1
1606,1,0.6,7.22,1
1607,1,0.6,7.6,1
1608,1,0.6,7.66,1
1609,1,0.6,7.28,1
1610,1,0.6,6.9,1
1611,1,0.6,6.9,1
1612,1,0.6,7.96,1
1613,1,0.6,7.68,1
1614,1,0.6,7.78,1
1615,1,0.6,7.9,1
1616,1,0.6,7.46,1
1617,1,0.6,7.12,1
1618,1,0.6,7.36,1
1619,1,0.6,7.82,1
1620,1,0.6,7.46,1
1621,1,0.6,8.1,1
1622,1,0.6,7.18,1
1623,1,0.6,6.88,1
1624,1,0.6,7.74,1
1625,1,0.6,6.7,1
1626,1,0.6,7.4,1
1627,1,0.6,7.48,1
1628,1,0.6,7.24,1
1629,1,0.6,6.62,1
1630,1,0.6,6.1,1
1631,1,0.6,6.08,1
1632,1,0.6,5.96,1
1633,1,0.6,6.94,1
1634,1,0.6,6.2,1
1635,1,0.6,6.8,1
1636,1,0.6,6.52,1
1637,1,0.6,6.94,1
1638,1,0.6,7.1,1
1639,1,0.6,6.58,1
1640,1,0.6,6.92,1
1641,1,0.6,5.64,1
1642,1,0.6,5.86,1
1643,1,0.6,6.28,1
1644,1,0.6,7.7,1
1645,1,0.6,7.36,1
1646,1,0.6,7.06,1
1647,1,0.6,7.56,1
1648,1,0.6,6.7,1
1649,1,0.6,7.6,1
1650,1,0.6,7.42,1
1651,1,0.6,7.66,1
1652,1,0.6,6.92,1
1653,1,0.6,6.6,1
1654,1,0.6,7.88,1
1655,1,0.6,8.42,1
1656,1,0.6,7.7,1
1657,1,0.6,6.94,1
1658,1,0.6,6.3,1
1659,1,0.6,7.54,1
1660,1,0.6,7.54,1
1661,1,0.6,7.52,1
1662,1,0.6,7.56,1
1663,1,0.6,8.06,1
1664,1,0.6,7.96,1
1665,1,0.6,7.22,1
1666,1,0.6,6.64,1
1667,1,0.6,7.9,1
1668,1,0.6,7.32,1
1669,1,0.6,7.22,1
1670,1,0.6,7.46,1
1671,1,0.6,7.88,1
1672,1,0.6,7.24,1
1673,1,0.6,6.5,1
1674,1,0.6,6.22,1
1675,1,0.6,7.84,1
1676,1,0.6,7.36,1
1677,1,0.6,7.36,1
1678,1,0.6,8.54,1
1679,1,0.6,6.66,1
1680,1,0.6,6.4,1
1681,1,0.6,7.1,1
1682,1,0.6,7.12,1
1683,1,0.6,7.78,1
1684,1,0.6,6.8,1
1685,1,0.6,6.22,1
1686,1,0.6,6.58,1
1687,1,0.6,6.8,1
1688,1,0.6,6.3,1
1689,1,0.6,6.82,1
1690,1,0.6,6.78,1
1691,1,0.6,6.44,1
1692,1,0.6,7.42,1
1693,1,0.6,6.88,1
1694,1,0.6,6.78,1
1695,1,0.6,6.82,1
1696,1,0.6,7.28,1
1697,1,0.6,7.22,1
1698,1,0.6,7.02,1
1699,1,0.6,7.28,1
1700,1,0.6,7.1,1
1701,1,0.6,7.5,1
1702,1,0.6,8.28,1
1703,1,0.6,7.68,1
1704,1,0.6,7.58,1
1705,1,0.6,7.22,1
1706,1,0.6,7.32,1
1707,1,0.6,7.38,1
1708,1,0.6,7.22,1
1709,1,0.6,6.76,1
1710,1,0.6,7.96,1
1711,1,0.6,7.58,1
1712,1,0.6,7.5,1
1713,1,0.6,7.08,1
1714,1,0.6,7.08,1
1715,1,0.6,6.74,1
1716,1,0.6,7.34,1
1717,1,0.6,6.68,1
1718,1,0.6,7.7,1
1719,1,0.6,6.86,1
1720,1,0.6,6.14,1
1721,1,0.6,6.64,1
1722,1,0.6,7.18,1
1723,1,0.6,7.08,1
1724,1,0.6,6.22,1
1725,1,0.6,7.04,1
1726,1,0.6,6.18,1
1727,1,0.6,7.36,1
1728,1,0.6,6.68,1
1729,1,0.6,7.02,1
1730,1,0.6,6.9,1
1731,1,0.6,7.3,1
1732,1,0.6,6.78,1
1733,1,0.6,6.8,1
1734,1,0.6,7.2,1
1735,1,0.6,6.76,1
1736,1,0.6,6.58,1
1737,1,0.6,7.2,1
1738,1,0.6,8.1,1
1739,1,0.6,8.66,1
1740,1,0.6,7.54,1
1741,1,0.6,7.1,1
1742,1,0.6,6.24,1
1743,1,0.6,6.18,1
1744,1,0.6,7.08,1
1745,1,0.6,6.14,1
1746,1,0.6,7.28,1
1747,1,0.6,6.76,1
1748,1,0.6,6.62,1
1749,1,0.6,7.48,1
1750,1,0.6,7.56,1
1751,1,0.6,5.82,1
1752,1,0.6,6.06,1
1753,1,0.6,6.32,1
1754,1,0.6,6.5,1
1755,1,0.6,6.7,1
1756,1,0.6,7.16,1
1757,1,0.6,6.08,1
1758,1,0.6,6.42,1
1759,1,0.6,6.5,1
1760,1,0.6,6.58,1
1761,1,0.6,7.28,1
1762,1,0.6,7.46,1
1763,1,0.6,7.48,1
1764,1,0.6,7.4,1
1765,1,0.6,7.12,1
1766,1,0.6,6.02,1
1767,1,0.6,6.42,1
1768,1,0.6,6.98,1
1769,1,0.6,7.2,1
1770,1,0.6,7.22,1
1771,1,0.6,6.48,1
1772,1,0.6,6.8,1
1773,1,0.6,6.7,1
1774,1,0.6,6.6,1
1775,1,0.6,7.3,1
1776,1,0.6,6.74,1
1777,1,0.6,6.98,1
1778,1,0.6,7.46,1
1779,1,0.6,6.84,1
1780,1,0.6,7.9,1
1781,1,0.6,7.6,1
1782,1,0.6,7.28,1
1783,1,0.6,7.34,1
1784,1,0.6,8.26,1
1785,1,0.6,7.84,1
1786,1,0.6,7.92,1
1787,1,0.6,6.94,1
1788,1,0.6,6.46,1
1789,1,0.6,6.76,1
1790,1,0.6,5.92,1
1791,1,0.6,7.06,1
1792,1,0.6,7.24,1
1793,1,0.6,7.84,1
1794,1,0.6,6.64,1
1795,1,0.6,6.02,1
1796,1,0.6,6.8,1
1797,1,0.6,6.84,1
1798,1,0.6,6.84,1
1799,1,0.6,6.84,1
1800,1,0.6,7.68,1
1801,1,0.6,6.56,1
1802,1,0.6,7.16,1
1803,1,0.6,7.36,1
1804,1,0.6,6.66,1
1805,1,0.6,6.54,1
1806,1,0.6,6.86,1
1807,1,0.6,7.32,1
1808,1,0.6,7.38,1
1809,1,0.6,7.48,1
1810,1,0.6,6.44,1
1811,1,0.6,6.58,1
1812,1,0.6,6.72,1
1813,1,0.6,6.54,1
1814,1,0.6,6.8,1
1815,1,0.6,5.42,1
1816,1,0.6,7.28,1
1817,1,0.6,7.1,1
1818,1,0.6,6.56,1
1819,1,0.6,7.08,1
1820,1,0.6,7.04,1
1821,1,0.6,7.08,1
1822,1,0.6,5.74,1
1823,1,0.6,6.44,1
1824,1,0.6,5.56,1
1825,1,0.6,6.74,1
1826,1,0.6,6.86,1
1827,1,0.6,6.44,1
1828,1,0.6,5.92,1
1829,1,0.6,6.8,1
1830,1,0.6,7.08,1
1831,1,0.6,7.36,1
1832,1,0.6,7.98,1
1833,1,0.6,7.58,1
1834,1,0.6,7.6,1
1835,1,0.6,6.26,1
1836,1,0.6,6.9,1
1837,1,0.6,7.36,1
1838,1,0.6,6.7,1
1839,1,0.6,6.08,1
1840,1,0.6,6.28,1
1841,1,0.6,5.7,1
1842,1,0.6,7.12,1
1843,1,0.6,7.0,1
1844,1,0.6,7.5,1
1845,1,0.6,7.8,1
1846,1,0.6,6.02,1
1847,1,0.6,7.38,1
1848,1,0.6,8.42,1
1849,1,0.6,7.32,1
1850,1,0.6,7.92,1
1851,1,0.6,6.94,1
1852,1,0.6,6.36,1
1853,1,0.6,7.3,1
1854,1,0.6,7.56,1
1855,1,0.6,6.68,1
1856,1,0.6,6.28,1
1857,1,0.6,7.0,1
1858,1,0.6,6.7,1
1859,1,0.6,6.88,1
1860,1,0.6,7.5,1
1861,1,0.6,7.38,1
1862,1,0.6,5.86,1
1863,1,0.6,6.92,1
1864,1,0.6,6.68,1
1865,1,0.6,6.92,1
1866,1,0.6,6.86,1
1867,1,0.6,6.78,1
1868,1,0.6,6.14,1
1869,1,0.6,7.16,1
1870,1,0.6,7.66,1
1871,1,0.6,8.06,1
1872,1,0.6,7.4,1
1873,1,0.6,6.46,1
1874,1,0.6,6.92,1
1875,1,0.6,7.42,1
1876,1,0.6,7.2,1
1877,1,0.6,8.14,1
1878,1,0.6,7.62,1
1879,1,0.6,7.84,1
1880,1,0.6,8.38,1
1881,1,0.6,8.14,1
1882,1,0.6,8.28,1
1883,1,0.6,7.86,1
1884,1,0.6,7.4,1
1885,1,0.6,7.02,1
1886,1,0.6,6.2,1
1887,1,0.6,7.18,1
1888,1,0.6,7.06,1
1889,1,0.6,5.38,1
1890,1,0.6,6.66,1
1891,1,0.6,6.4,1
1892,1,0.6,7.5,1
1893,1,0.6,7.0,1
1894,1,0.6,6.8,1
1895,1,0.6,6.5,1
1896,1,0.6,6.96,1
1897,1,0.6,7.32,1
1898,1,0.6,7.44,1
1899,1,0.6,7.52,1
1900,1,0.6,7.1,1
1901,1,0.6,7.32,1
1902,1,0.6,7.92,1
1903,1,0.6,7.14,1
1904,1,0.6,7.06,1
1905,1,0.6,7.34,1
1906,1,0.6,6.88,1
1907,1,0.6,7.64,1
1908,1,0.6,7.08,1
1909,1,0.6,8.12,1
1910,1,0.6,7.18,1
1911,1,0.6,7.22,1
1912,1,0.6,6.22,1
1913,1,0.6,6.7,1
1914,1,0.6,8.0,1
1915,1,0.6,7.96,1
1916,1,0.6,7.98,1
1917,1,0.6,7.54,1
1918,1,0.6,7.48,1
1919,1,0.6,7.7,1
1920,1,0.6,7.24,1
1921,1,0.6,6.74,1
1922,1,0.6,7.38,1
1923,1,0.6,7.18,1
1924,1,0.6,6.74,1
1925,1,0.6,6.8,1
1926,1,0.6,6.5,1
1927,1,0.6,7.28,1
1928,1,0.6,7.0,1
1929,1,0.6,7.12,1
1930,1,0.6,5.52,1
1931,1,0.6,6.38,1
1932,1,0.6,6.86,1
1933,1,0.6,7.58,1
1934,1,0.6,7.14,1
1935,1,0.6,7.58,1
1936,1,0.6,6.92,1
1937,1,0.6,7.02,1
1938,1,0.6,7.24,1
1939,1,0.6,8.1,1
1940,1,0.6,7.16,1
1941,1,0.6,6.42,1
1942,1,0.6,6.44,1
1943,1,0.6,6.14,1
1944,1,0.6,7.36,1
1945,1,0.6,6.24,1
1946,1,0.6,8.16,1
1947,1,0.6,7.04,1
1948,1,0.6,7.1,1
1949,1,0.6,6.98,1
1950,1,0.6,5.92,1
1951,1,0.6,6.96,1
1952,1,0.6,7.6,1
1953,1,0.6,7.48,1
1954,1,0.6,7.48,1
1955,1,0.6,7.5,1
1956,1,0.6,7.06,1
1957,1,0.6,6.64,1
1958,1,0.6,6.82,1
1959,1,0.6,7.12,1
1960,1,0.6,6.7,1
1961,1,0.6,7.22,1
1962,1,0.6,7.24,1
1963,1,0.6,7.02,1
1964,1,0.6,7.52,1
1965,1,0.6,7.18,1
1966,1,0.6,7.26,1
1967,1,0.6,6.74,1
1968,1,0.6,7.62,1
1969,1,0.6,6.14,1
1970,1,0.6,6.76,1
1971,1,0.6,7.0,1
1972,1,0.6,6.7,1
1973,1,0.6,6.54,1
1974,1,0.6,6.74,1
1975,1,0.6,6.58,1
1976,1,0.6,6.78,1
1977,1,0.6,8.06,1
1978,1,0.6,7.58,1
1979,1,0.6,7.36,1
1980,1,0.6,8.42,1
1981,1,0.6,7.86,1
1982,1,0.6,7.7,1
1983,1,0.6,6.5,1
1984,1,0.6,7.24,1
1985,1,0.6,7.16,1
1986,1,0.6,6.9,1
1987,1,0.6,7.02,1
1988,1,0.6,6.84,1
1989,1,0.6,6.52,1
1990,1,0.6,6.56,1
1991,1,0.6,7.16,1
1992,1,0.6,6.94,1
1993,1,0.6,6.98,1
1994,1,0.6,7.58,1
1995,1,0.6,7.52,1
1996,1,0.6,7.64,1
1997,1,0.6,6.8,1
1998,1,0.6,6.5,1
1999,1,0.6,7.32,1
2000,1,0.6,7.96,1
0,2,0.6,57.54,44
1,2,0.6,49.2,40
2,2,0.6,43.42,31
3,2,0.6,36.12,28
4,2,0.6,32.3,27
5,2,0.6,29.92,24
6,2,0.6,29.06,23
7,2,0.6,27.42,23
8,2,0.6,26.42,22
9,2,0.6,25.98,21
10,2,0.6,25.6,20
11,2,0.6,23.96,20
12,2,0.6,23.24,20
13,2,0.6,22.98,20
14,2,0.6,23.26,19
15,2,0.6,24.16,19
16,2,0.6,24.22,19
17,2,0.6,23.58,18
18,2,0.6,21.94,17
19,2,0.6,21.72,17
20,2,0.6,21.34,17
21,2,0.6,20.88,17
22,2,0.6,20.92,17
23,2,0.6,20.94,16
24,2,0.6,19.92,16
25,2,0.6,19.3,16
26,2,0.6,19.36,16
27,2,0.6,20.36,16
28,2,0.6,20.68,16
29,2,0.6,20.26,16
30,2,0.6,19.6,16
31,2,0.6,19.88,16
32,2,0.6,20.18,15
33,2,0.6,19.54,15
34,2,0.6,19.54,15
35,2,0.6,19.06,15
36,2,0.6,19.32,15
37,2,0.6,19.54,15
38,2,0.6,19.8,15
39,2,0.6,19.04,15
40,2,0.6,18.64,15
41,2,0.6,19.26,15
42,2,0.6,19.9,15
43,2,0.6,19.18,15
44,2,0.6,19.44,15
45,2,0.6,19.02,14
46,2,0.6,18.78,13
47,2,0.6,17.8,13
48,2,0.6,18.58,13
49,2,0.6,17.46,13
50,2,0.6,16.44,13
51,2,0.6,17.44,13
52,2,0.6,16.96,11
53,2,0.6,16.56,11
54,2,0.6,16.4,11
55,2,0.6,16.06,11
56,2,0.6,15.22,11
57,2,0.6,15.58,11
58,2,0.6,14.8,11
59,2,0.6,15.66,11
60,2,0.6,16.0,11
61,2,0.6,15.06,11
62,2,0.6,15.38,10
63,2,0.6,15.54,10
64,2,0.6,15.32,10
65,2,0.6,14.76,10
66,2,0.6,15.34,10
67,2,0.6,15.9,10
68,2,0.6,15.12,10
69,2,0.6,15.0,10
70,2,0.6,15.58,10
71,2,0.6,14.56,10
72,2,0.6,15.32,10
73,2,0.6,15.14,10
74,2,0.6,15.0,10
75,2,0.6,16.12,10
76,2,0.6,15.6,10
77,2,0.6,14.8,10
78,2,0.6,15.22,10
79,2,0.6,13.8,10
80,2,0.6,14.2,10
81,2,0.6,15.74,10
82,2,0.6,14.9,10
83,2,0.6,14.82,10
84,2,0.6,14.94,10
85,2,0.6,15.54,10
86,2,0.6,15.1,10
87,2,0.6,14.32,10
88,2,0.6,14.28,10
89,2,0.6,15.14,10
90,2,0.6,15.44,10
91,2,0.6,14.86,10
92,2,0.6,15.22,10
93,2,0.6,14.88,9
94,2,0.6,14.46,9
95,2,0.6,13.06,9
96,2,0.6,14.26,9
97,2,0.6,14.1,9
98,2,0.6,14.76,9
99,2,0.6,13.38,9
100,2,0.6,14.22,9
101,2,0.6,13.86,9
102,2,0.6,13.7,9
103,2,0.6,14.48,9
104,2,0.6,14.6,9
105,2,0.6,14.5,9
106,2,0.6,15.26,9
107,2,0.6,14.44,9
108,2,0.6,14.4,9
109,2,0.6,15.34,9
110,2,0.6,14.38,9
111,2,0.6,13.66,9
112,2,0.6,13.88,9
113,2,0.6,13.7,9
114,2,0.6,14.56,9
115,2,0.6,13.66,9
116,2,0.6,15.1,9
117,2,0.6,14.04,9
118,2,0.6,14.12,9
119,2,0.6,13.46,9
120,2,0.6,13.68,9
121,2,0.6,13.9,8
122,2,0.6,13.28,8
123,2,0.6,12.96,7
124,2,0.6,12.32,7
125,2,0.6,12.3,7
126,2,0.6,12.82,7
127,2,0.6,11.98,7
128,2,0.6,12.36,7
129,2,0.6,12.32,7
130,2,0.6,12.96,7
131,2,0.6,13.58,7
132,2,0.6,11.52,7
133,2,0.6,13.1,7
134,2,0.6,12.98,7
135,2,0.6,12.54,7
136,2,0.6,12.56,7
137,2,0.6,11.4,7
138,2,0.6,11.22,7
139,2,0.6,12.14,7
140,2,0.6,12.06,7
141,2,0.6,12.24,7
142,2,0.6,12.14,7
143,2,0.6,12.7,7
144,2,0.6,11.98,7
145,2,0.6,12.16,7
146,2,0.6,11.54,7
147,2,0.6,12.56,7
148,2,0.6,12.76,7
149,2,0.6,13.38,7
150,2,0.6,12.62,7
151,2,0.6,12.1,7
152,2,0.6,11.76,7
153,2,0.6,11.48,7
154,2,0.6,12.08,7
155,2,0.6,13.04,7
156,2,0.6,12.22,7
157,2,0.6,11.58,7
158,2,0.6,12.36,7
159,2,0.6,12.44,7
160,2,0.6,12.38,7
161,2,0.6,12.38,7
162,2,0.6,12.24,7
163,2,0.6,12.14,6
164,2,0.6,11.74,6
165,2,0.6,10.44,6
166,2,0.6,12.58,6
167,2,0.6,11.68,6
168,2,0.6,11.64,6
169,2,0.6,11.4,6
170,2,0.6,12.18,6
171,2,0.6,11.94,6
172,2,0.6,11.98,6
173,2,0.6,12.3,6
174,2,0.6,11.1,6
175,2,0.6,11.24,5
176,2,0.6,10.22,5
177,2,0.6,10.68,5
178,2,0.6,10.74,5
179,2,0.6,11.04,5
180,2,0.6,11.42,5
181,2,0.6,11.0,5
182,2,0.6,10.86,5
183,2,0.6,10.06,5
184,2,0.6,10.6,5
185,2,0.6,10.3,5
186,2,0.6,10.0,5
187,2,0.6,9.96,5
188,2,0.6,10.02,5
189,2,0.6,10.64,5
190,2,0.6,10.28,5
191,2,0.6,9.98,5
192,2,0.6,10.32,5
193,2,0.6,10.88,5
194,2,0.6,10.48,5
195,2,0.6,10.06,5
196,2,0.6,9.98,5
197,2,0.6,10.24,5
198,2,0.6,9.78,5
199,2,0.6,10.98,5
200,2,0.6,10.0,5
201,2,0.6,10.66,5
202,2,0.6,10.44,5
203,2,0.6,10.2,5
204,2,0.6,9.54,5
205,2,0.6,10.7,5
206,2,0.6,10.74,5
207,2,0.6,10.22,5
208,2,0.6,10.24,5
209,2,0.6,10.46,5
210,2,0.6,10.72,5
211,2,0.6,10.62,5
212,2,0.6,10.44,5
213,2,0.6,10.64,5
214,2,0.6,10.86,5
215,2,0.6,10.46,5
216,2,0.6,9.86,5
217,2,0.6,9.82,5
218,2,0.6,9.6,5
219,2,0.6,10.02,5
220,2,0.6,10.22,5
221,2,0.6,10.3,5
222,2,0.6,10.0,5
223,2,0.6,11.24,5
224,2,0.6,9.74,5
225,2,0.6,10.5,5
226,2,0.6,9.48,5
227,2,0.6,9.78,5
228,2,0.6,10.78,5
229,2,0.6,10.1,5
230,2,0.6,10.1,5
231,2,0.6,10.3,5
232,2,0.6,10.4,5
233,2,0.6,11.14,5
234,2,0.6,9.6,5
235,2,0.6,10.62,5
236,2,0.6,11.12,5
237,2,0.6,9.56,5
238,2,0.6,10.56,5
239,2,0.6,10.64,5
240,2,0.6,10.18,5
241,2,0.6,10.4,5
242,2,0.6,10.36,5
243,2,0.6,10.24,5
244,2,0.6,10.08,5
245,2,0.6,10.06,5
246,2,0.6,10.6,5
247,2,0.6,9.6,5
248,2,0.6,9.7,5
249,2,0.6,9.94,5
250,2,0.6,9.88,5
251,2,0.6,10.26,5
252,2,0.6,10.36,5
253,2,0.6,11.06,5
254,2,0.6,10.06,5
255,2,0.6,10.9,5
256,2,0.6,10.48,5
257,2,0.6,10.62,5
258,2,0.6,10.76,5
259,2,0.6,11.16,5
260,2,0.6,9.94,5
261,2,0.6,10.56,5
262,2,0.6,9.84,5
263,2,0.6,10.06,5
264,2,0.6,10.18,4
265,2,0.6,10.5,4
266,2,0.6,10.0,4
267,2,0.6,9.7,4
268,2,0.6,9.88,4
269,2,0.6,9.44,4
270,2,0.6,9.72,4
271,2,0.6,9.82,4
272,2,0.6,9.38,4
273,2,0.6,10.2,4
274,2,0.6,10.68,4
275,2,0.6,9.46,4
276,2,0.6,9.98,4
277,2,0.6,10.0,4
278,2,0.6,10.16,4
279,2,0.6,10.0,4
280,2,0.6,9.96,4
281,2,0.6,10.66,4
282,2,0.6,9.68,4
283,2,0.6,8.52,4
284,2,0.6,9.16,4
285,2,0.6,10.04,4
286,2,0.6,9.38,4
287,2,0.6,9.84,4
288,2,0.6,9.96,4
289,2,0.6,9.2,4
290,2,0.6,8.54,4
291,2,0.6,9.42,4
292,2,0.6,9.9,4
293,2,0.6,9.0,4
294,2,0.6,9.64,4
295,2,0.6,9.32,4
296,2,0.6,9.26,4
297,2,0.6,9.8,4
298,2,0.6,9.96,4
299,2,0.6,10.1,4
300,2,0.6,10.18,4
301,2,0.6,9.58,4
302,2,0.6,10.24,4
303,2,0.6,9.32,4
304,2,0.6,10.04,4
305,2,0.6,9.7,4
306,2,0.6,9.88,4
307,2,0.6,10.08,4
308,2,0.6,10.2,4
309,2,0.6,9.24,4
310,2,0.6,9.34,4
311,2,0.6,9.5,4
312,2,0.6,9.04,4
313,2,0.6,10.16,4
314,2,0.6,9.46,4
315,2,0.6,8.34,4
316,2,0.6,9.18,4
317,2,0.6,9.28,4
318,2,0.6,9.62,4
319,2,0.6,10.0,4
320,2,0.6,9.7,4
321,2,0.6,9.38,4
322,2,0.6,9.96,4
323,2,0.6,9.46,4
324,2,0.6,9.28,4
325,2,0.6,11.0,4
326,2,0.6,9.9,4
327,2,0.6,10.1,4
328,2,0.6,9.46,4
329,2,0.6,10.42,4
330,2,0.6,9.74,4
331,2,0.6,9.18,4
332,2,0.6,8.56,4
333,2,0.6,9.4,4
334,2,0.6,9.0,4
335,2,0.6,9.52,4
336,2,0.6,9.46,4
337,2,0.6,9.7,4
338,2,0.6,8.98,4
339,2,0.6,9.3,4
340,2,0.6,9.14,4
341,2,0.6,9.82,4
342,2,0.6,8.12,4
343,2,0.6,10.02,4
344,2,0.6,9.34,4
345,2,0.6,8.94,4
346,2,0.6,9.92,4
347,2,0.6,9.58,4
348,2,0.6,10.14,4
349,2,0.6,9.76,4
350,2,0.6,10.9,4
351,2,0.6,8.92,4
352,2,0.6,9.3,4
353,2,0.6,9.28,4
354,2,0.6,10.36,4
355,2,0.6,9.34,4
356,2,0.6,9.54,4
357,2,0.6,10.3,4
358,2,0.6,9.74,4
359,2,0.6,10.16,4
360,2,0.6,10.32,4
361,2,0.6,10.2,4
362,2,0.6,10.24,4
363,2,0.6,9.12,4
364,2,0.6,10.04,4
365,2,0.6,9.28,4
366,2,0.6,9.26,4
367,2,0.6,10.5,4
368,2,0.6,10.4,4
369,2,0.6,10.56,4
370,2,0.6,9.96,4
371,2,0.6,10.6,4
372,2,0.6,10.12,4
373,2,0.6,10.2,4
374,2,0.6,9.56,4
375,2,0.6,11.04,4
376,2,0.6,9.5,4
377,2,0.6,9.36,4
378,2,0.6,9.36,4
379,2,0.6,10.38,4
380,2,0.6,10.2,4
381,2,0.6,10.14,4
382,2,0.6,9.82,4
383,2,0.6,10.02,4
384,2,0.6,9.52,4
385,2,0.6,10.04,4
386,2,0.6,10.18,4
387,2,0.6,9.68,4
388,2,0.6,8.8,4
389,2,0.6,8.58,4
390,2,0.6,9.34,4
391,2,0.6,9.82,4
392,2,0.6,10.8,4
393,2,0.6,8.8,4
394,2,0.6,9.66,4
395,2,0.6,9.16,4
396,2,0.6,10.22,4
397,2,0.6,9.74,4
398,2,0.6,9.74,4
399,2,0.6,8.94,4
400,2,0.6,9.98,4
401,2,0.6,8.66,4
402,2,0.6,9.54,4
403,2,0.6,8.92,4
404,2,0.6,9.32,4
405,2,0.6,9.84,4
406,2,0.6,9.34,4
407,2,0.6,9.74,4
408,2,0.6,10.2,4
409,2,0.6,9.52,4
410,2,0.6,8.68,4
411,2,0.6,9.22,4
412,2,0.6,9.52,4
413,2,0.6,9.22,4
414,2,0.6,9.66,4
415,2,0.6,9.34,4
416,2,0.6,9.82,4
417,2,0.6,9.5,4
418,2,0.6,9.82,4
419,2,0.6,10.68,4
420,2,0.6,10.48,4
421,2,0.6,9.88,4
422,2,0.6,9.02,4
423,2,0.6,9.32,4
424,2,0.6,9.68,4
425,2,0.6,9.68,4
426,2,0.6,9.84,4
427,2,0.6,9.66,4
428,2,0.6,10.88,4
429,2,0.6,10.24,4
430,2,0.6,10.22,4
431,2,0.6,10.72,4
432,2,0.6,10.34,4
433,2,0.6,9.24,4
434,2,0.6,9.98,4
435,2,0.6,9.78,4
436,2,0.6,10.42,4
437,2,0.6,11.0,4
438,2,0.6,10.12,4
439,2,0.6,8.22,4
440,2,0.6,9.7,4
441,2,0.6,9.04,4
442,2,0.6,9.94,4
443,2,0.6,9.66,4
444,2,0.6,8.62,4
445,2,0.6,9.22,4
446,2,0.6,9.16,4
447,2,0.6,9.8,4
448,2,0.6,10.2,4
449,2,0.6,9.52,4
450,2,0.6,9.72,4
451,2,0.6,9.88,4
452,2,0.6,9.74,4
453,2,0.6,9.22,4
454,2,0.6,9.88,4
455,2,0.6,9.46,4
456,2,0.6,9.22,4
457,2,0.6,8.82,4
458,2,0.6,9.48,4
459,2,0.6,9.38,4
460,2,0.6,10.26,4
461,2,0.6,9.86,4
462,2,0.6,10.08,4
463,2,0.6,10.26,4
464,2,0.6,9.94,4
465,2,0.6,9.56,4
466,2,0.6,9.1,4
467,2,0.6,9.6,4
468,2,0.6,8.82,4
469,2,0.6,10.04,4
470,2,0.6,9.86,4
471,2,0.6,9.54,4
472,2,0.6,9.12,4
473,2,0.6,10.3,4
474,2,0.6,9.66,4
475,2,0.6,10.42,4
476,2,0.6,9.06,4
477,2,0.6,10.82,4
478,2,0.6,9.36,4
479,2,0.6,10.2,4
480,2,0.6,9.62,4
481,2,0.6,9.14,4
482,2,0.6,8.42,4
483,2,0.6,8.64,4
484,2,0.6,9.02,4
485,2,0.6,9.6,4
486,2,0.6,8.44,4
487,2,0.6,8.82,4
488,2,0.6,9.42,4
489,2,0.6,9.18,4
490,2,0.6,10.32,4
491,2,0.6,10.28,4
492,2,0.6,9.38,4
493,2,0.6,8.88,4
494,2,0.6,9.88,4
495,2,0.6,8.82,4
496,2,0.6,8.94,4
497,2,0.6,9.8,4
498,2,0.6,10.32,4
499,2,0.6,9.44,4
500,2,0.6,9.82,4
501,2,0.6,10.0,4
502,2,0.6,9.02,4
503,2,0.6,9.92,4
504,2,0.6,9.86,4
505,2,0.6,9.78,4
506,2,0.6,9.56,4
507,2,0.6,9.22,4
508,2,0.6,8.46,4
509,2,0.6,9.26,4
510,2,0.6,8.88,4
511,2,0.6,9.68,4
512,2,0.6,9.9,4
513,2,0.6,8.98,4
514,2,0.6,10.06,4
515,2,0.6,8.78,4
516,2,0.6,8.92,4
517,2,0.6,9.36,4
518,2,0.6,9.46,4
519,2,0.6,9.82,4
520,2,0.6,10.2,4
521,2,0.6,9.5,4
522,2,0.6,9.72,4
523,2,0.6,8.8,3
524,2,0.6,8.42,3
525,2,0.6,8.7,3
526,2,0.6,9.34,3
527,2,0.6,10.14,3
528,2,0.6,9.06,3
529,2,0.6,9.7,3
530,2,0.6,9.86,3
531,2,0.6,8.4,3
532,2,0.6,8.6,3
533,2,0.6,8.74,3
534,2,0.6,8.98,3
535,2,0.6,9.7,3
536,2,0.6,8.86,3
537,2,0.6,9.1,3
538,2,0.6,8.88,3
539,2,0.6,9.34,3
540,2,0.6,7.78,3
541,2,0.6,7.88,3
542,2,0.6,7.76,3
543,2,0.6,8.22,3
544,2,0.6,8.56,3
545,2,0.6,8.22,3
546,2,0.6,8.48,3
547,2,0.6,9.36,3
548,2,0.6,9.1,3
549,2,0.6,8.76,3
550,2,0.6,8.76,3
551,2,0.6,8.46,3
552,2,0.6,8.86,3
553,2,0.6,9.5,3
554,2,0.6,9.36,3
555,2,0.6,8.08,3
556,2,0.6,8.82,3
557,2,0.6,9.02,3
558,2,0.6,8.82,3
559,2,0.6,8.98,3
560,2,0.6,9.5,3
561,2,0.6,9.84,3
562,2,0.6,8.2,3
563,2,0.6,9.54,3
564,2,0.6,8.9,3
565,2,0.6,8.68,3
566,2,0.6,8.68,3
567,2,0.6,8.58,3
568,2,0.6,8.12,3
569,2,0.6,9.14,3
570,2,0.6,9.32,3
571,2,0.6,8.46,3
572,2,0.6,9.22,3
573,2,0.6,8.54,3
574,2,0.6,7.9,3
575,2,0.6,8.44,3
576,2,0.6,8.12,3
577,2,0.6,8.24,3
578,2,0.6,8.46,3
579,2,0.6,8.54,3
580,2,0.6,8.92,3
581,2,0.6,8.86,3
582,2,0.6,7.48,3
583,2,0.6,7.96,3
584,2,0.6,8.76,3
585,2,0.6,8.16,3
586,2,0.6,7.92,3
587,2,0.6,8.96,3
588,2,0.6,9.28,3
589,2,0.6,9.34,3
590,2,0.6,9.06,3
591,2,0.6,9.28,3
592,2,0.6,9.1,3
593,2,0.6,8.16,3
594,2,0.6,8.3,3
595,2,0.6,8.06,3
596,2,0.6,8.38,3
597,2,0.6,8.86,3
598,2,0.6,9.3,3
599,2,0.6,9.04,3
600,2,0.6,8.62,3
601,2,0.6,8.32,3
602,2,0.6,9.16,3
603,2,0.6,8.18,3
604,2,0.6,7.54,3
605,2,0.6,8.32,3
606,2,0.6,8.06,3
607,2,0.6,8.88,3
608,2,0.6,9.68,3
609,2,0.6,9.38,3
610,2,0.6,8.7,3
611,2,0.6,8.84,3
612,2,0.6,9.22,3
613,2,0.6,8.42,3
614,2,0.6,9.04,3
615,2,0.6,8.74,3
616,2,0.6,8.86,3
617,2,0.6,8.42,3
618,2,0.6,8.4,3
619,2,0.6,8.28,3
620,2,0.6,8.84,3
621,2,0.6,8.94,3
622,2,0.6,8.98,3
623,2,0.6,9.1,3
624,2,0.6,8.6,3
625,2,0.6,8.32,3
626,2,0.6,7.74,3
627,2,0.6,8.82,3
628,2,0.6,8.74,3
629,2,0.6,8.0,3
630,2,0.6,8.08,3
631,2,0.6,9.04,3
632,2,0.6,8.88,3
633,2,0.6,7.78,3
634,2,0.6,8.0,3
635,2,0.6,7.74,3
636,2,0.6,9.56,3
637,2,0.6,8.62,3
638,2,0.6,8.86,3
639,2,0.6,7.82,3
640,2,0.6,8.22,3
641,2,0.6,8.1,3
642,2,0.6,8.92,3
643,2,0.6,9.32,3
644,2,0.6,8.98,3
645,2,0.6,9.04,3
646,2,0.6,9.02,3
647,2,0.6,8.32,3
648,2,0.6,8.5,3
649,2,0.6,10.0,3
650,2,0.6,9.3,3
651,2,0.6,8.7,3
652,2,0.6,7.58,3
653,2,0.6,8.94,3
654,2,0.6,8.9,3
655,2,0.6,8.78,3
656,2,0.6,8.26,3
657,2,0.6,8.52,3
658,2,0.6,9.36,3
659,2,0.6,8.84,3
660,2,0.6,7.42,3
661,2,0.6,8.36,3
662,2,0.6,8.94,3
663,2,0.6,8.5,3
664,2,0.6,8.68,3
665,2,0.6,8.72,3
666,2,0.6,9.4,3
667,2,0.6,8.3,3
668,2,0.6,8.26,3
669,2,0.6,8.26,3
670,2,0.6,8.84,3
671,2,0.6,8.46,3
672,2,0.6,8.32,2
673,2,0.6,8.68,2
674,2,0.6,7.56,2
675,2,0.6,6.68,2
676,2,0.6,6.84,2
677,2,0.6,7.64,2
678,2,0.6,8.7,2
679,2,0.6,7.8,2
680,2,0.6,7.04,2
681,2,0.6,7.94,2
682,2,0.6,7.56,2
683,2,0.6,7.52,2
684,2,0.6,7.84,2
685,2,0.6,7.66,2
686,2,0.6,8.3,2
687,2,0.6,8.14,2
688,2,0.6,7.66,2
689,2,0.6,7.68,2
690,2,0.6,7.26,2
691,2,0.6,7.52,2
692,2,0.6,8.1,2
693,2,0.6,8.16,2
694,2,0.6,7.06,2
695,2,0.6,6.46,2
696,2,0.6,8.18,2
697,2,0.6,8.12,2
698,2,0.6,7.9,2
699,2,0.6,7.9,2
700,2,0.6,7.64,2
701,2,0.6,7.54,2
702,2,0.6,7.24,2
703,2,0.6,7.32,2
704,2,0.6,7.72,2
705,2,0.6,8.06,2
706,2,0.6,7.18,2
707,2,0.6,8.88,2
708,2,0.6,8.48,2
709,2,0.6,8.82,2
710,2,0.6,7.72,2
711,2,0.6,8.04,2
712,2,0.6,8.16,2
713,2,0.6,8.54,2
714,2,0.6,7.9,2
715,2,0.6,7.5,2
716,2,0.6,7.96,2
717,2,0.6,7.42,2
718,2,0.6,8.58,2
719,2,0.6,8.3,2
720,2,0.6,7.08,2
721,2,0.6,7.66,2
722,2,0.6,8.38,2
723,2,0.6,7.66,2
724,2,0.6,7.64,2
725,2,0.6,9.12,2
726,2,0.6,8.12,2
727,2,0.6,8.54,2
728,2,0.6,8.24,2
729,2,0.6,8.12,2
730,2,0.6,8.06,2
731,2,0.6,8.08,2
732,2,0.6,6.76,2
733,2,0.6,7.38,2
734,2,0.6,7.68,2
735,2,0.6,7.08,2
736,2,0.6,7.78,2
737,2,0.6,7.34,2
738,2,0.6,7.46,2
739,2,0.6,8.5,2
740,2,0.6,8.96,2
741,2,0.6,8.46,2
742,2,0.6,7.66,2
743,2,0.6,8.72,2
744,2,0.6,8.72,2
745,2,0.6,8.52,2
746,2,0.6,7.76,2
747,2,0.6,8.1,2
748,2,0.6,7.76,2
749,2,0.6,8.8,2
750,2,0.6,8.68,2
751,2,0.6,7.9,2
752,2,0.6,7.84,2
753,2,0.6,7.54,2
754,2,0.6,7.8,2
755,2,0.6,7.48,2
756,2,0.6,7.34,2
757,2,0.6,8.5,2
758,2,0.6,7.58,2
759,2,0.6,6.98,2
760,2,0.6,8.1,2
761,2,0.6,7.46,2
762,2,0.6,7.84,2
763,2,0.6,7.3,2
764,2,0.6,6.86,2
765,2,0.6,7.54,2
766,2,0.6,7.58,2
767,2,0.6,7.6,2
768,2,0.6,7.54,2
769,2,0.6,6.72,2
770,2,0.6,7.72,2
771,2,0.6,7.16,2
772,2,0.6,7.22,2
773,2,0.6,7.88,2
774,2,0.6,7.14,2
775,2,0.6,7.0,2
776,2,0.6,8.16,2
777,2,0.6,8.02,2
778,2,0.6,7.58,2
779,2,0.6,7.16,2
780,2,0.6,8.12,2
781,2,0.6,7.06,2
782,2,0.6,7.28,2
783,2,0.6,6.94,2
784,2,0.6,8.24,2
785,2,0.6,8.2,2
786,2,0.6,7.92,2
787,2,0.6,7.42,2
788,2,0.6,7.1,2
789,2,0.6,7.52,2
790,2,0.6,7.06,2
791,2,0.6,7.34,2
792,2,0.6,7.18,2
793,2,0.6,6.98,2
794,2,0.6,7.66,2
795,2,0.6,7.66,2
796,2,0.6,6.34,2
797,2,0.6,7.52,2
798,2,0.6,7.54,2
799,2,0.6,8.58,2
800,2,0.6,7.5,2
801,2,0.6,7.24,2
802,2,0.6,7.38,2
803,2,0.6,7.6,2
804,2,0.6,7.76,2
805,2,0.6,8.54,2
806,2,0.6,8.64,2
807,2,0.6,8.34,2
808,2,0.6,7.42,2
809,2,0.6,7.3,2
810,2,0.6,6.52,2
811,2,0.6,7.24,2
812,2,0.6,8.2,2
813,2,0.6,7.8,2
814,2,0.6,7.88,2
815,2,0.6,7.64,2
816,2,0.6,8.04,2
817,2,0.6,7.92,2
818,2,0.6,7.76,2
819,2,0.6,7.68,2
820,2,0.6,9.02,2
821,2,0.6,8.06,2
822,2,0.6,7.2,2
823,2,0.6,8.38,2
824,2,0.6,7.64,2
825,2,0.6,8.62,2
826,2,0.6,7.56,2
827,2,0.6,8.04,2
828,2,0.6,8.48,2
829,2,0.6,7.84,2
830,2,0.6,7.86,2
831,2,0.6,7.6,2
832,2,0.6,7.94,2
833,2,0.6,7.66,2
834,2,0.6,8.08,2
835,2,0.6,8.44,2
836,2,0.6,8.58,2
837,2,0.6,7.38,2
838,2,0.6,8.6,2
839,2,0.6,8.82,2
840,2,0.6,7.5,2
841,2,0.6,7.66,2
842,2,0.6,8.54,2
843,2,0.6,7.46,2
844,2,0.6,8.14,2
845,2,0.6,7.68,2
846,2,0.6,7.44,2
847,2,0.6,7.22,2
848,2,0.6,8.42,2
849,2,0.6,8.7,2
850,2,0.6,8.56,2
851,2,0.6,8.4,2
852,2,0.6,8.38,2
853,2,0.6,7.92,2
854,2,0.6,8.88,2
855,2,0.6,7.42,2
856,2,0.6,7.38,2
857,2,0.6,7.4,2
858,2,0.6,8.42,2
859,2,0.6,7.5,2
860,2,0.6,8.16,2
861,2,0.6,7.56,2
862,2,0.6,8.02,2
863,2,0.6,7.18,2
864,2,0.6,8.2,2
865,2,0.6,8.08,2
866,2,0.6,7.52,2
867,2,0.6,7.98,2
868,2,0.6,7.06,2
869,2,0.6,8.28,2
870,2,0.6,7.92,2
871,2,0.6,7.38,2
872,2,0.6,9.08,2
873,2,0.6,8.0,2
874,2,0.6,7.2,2
875,2,0.6,7.66,2
876,2,0.6,7.04,2
877,2,0.6,7.8,2
878,2,0.6,7.12,2
879,2,0.6,7.22,2
880,2,0.6,8.32,2
881,2,0.6,7.74,2
882,2,0.6,8.32,2
883,2,0.6,7.28,2
884,2,0.6,7.72,2
885,2,0.6,7.72,2
886,2,0.6,8.16,2
887,2,0.6,7.52,2
888,2,0.6,7.74,2
889,2,0.6,8.02,2
890,2,0.6,8.72,2
891,2,0.6,8.14,2
892,2,0.6,8.48,2
893,2,0.6,7.64,2
894,2,0.6,9.34,2
895,2,0.6,8.04,2
896,2,0.6,8.04,2
897,2,0.6,6.88,2
898,2,0.6,8.54,2
899,2,0.6,6.64,2
900,2,0.6,7.7,2
901,2,0.6,7.74,2
902,2,0.6,9.1,2
903,2,0.6,7.08,2
904,2,0.6,8.06,2
905,2,0.6,8.28,2
906,2,0.6,7.82,2
907,2,0.6,7.2,2
908,2,0.6,7.74,2
909,2,0.6,8.5,2
910,2,0.6,8.48,2
911,2,0.6,7.8,2
912,2,0.6,8.34,2
913,2,0.6,8.86,2
914,2,0.6,8.56,2
915,2,0.6,8.62,2
916,2,0.6,7.84,2
917,2,0.6,7.7,2
918,2,0.6,8.1,2
919,2,0.6,7.36,2
920,2,0.6,7.5,2
921,2,0.6,7.38,2
922,2,0.6,8.3,2
923,2,0.6,7.16,2
924,2,0.6,8.36,2
925,2,0.6,7.9,2
926,2,0.6,8.08,2
927,2,0.6,7.52,2
928,2,0.6,8.24,2
929,2,0.6,8.66,2
930,2,0.6,8.44,2
931,2,0.6,8.0,2
932,2,0.6,8.46,2
933,2,0.6,8.1,2
934,2,0.6,7.74,2
935,2,0.6,7.62,2
936,2,0.6,8.16,2
937,2,0.6,7.22,2
938,2,0.6,7.64,2
939,2,0.6,7.66,2
940,2,0.6,7.82,2
941,2,0.6,7.54,2
942,2,0.6,7.98,2
943,2,0.6,7.74,2
944,2,0.6,8.22,2
945,2,0.6,7.82,2
946,2,0.6,7.96,2
947,2,0.6,7.58,2
948,2,0.6,7.52,2
949,2,0.6,6.94,2
950,2,0.6,7.52,2
951,2,0.6,7.9,2
952,2,0.6,8.66,2
953,2,0.6,8.2,2
954,2,0.6,6.62,2
955,2,0.6,8.06,2
956,2,0.6,8.54,2
957,2,0.6,7.66,2
958,2,0.6,7.9,2
959,2,0.6,7.24,2
960,2,0.6,7.84,2
961,2,0.6,7.06,2
962,2,0.6,7.66,2
963,2,0.6,7.4,2
964,2,0.6,7.74,2
965,2,0.6,9.18,2
966,2,0.6,8.62,2
967,2,0.6,8.46,2
968,2,0.6,8.48,2
969,2,0.6,8.18,2
970,2,0.6,8.24,2
971,2,0.6,9.08,2
972,2,0.6,8.4,2
973,2,0.6,7.84,2
974,2,0.6,7.74,2
975,2,0.6,8.4,2
976,2,0.6,7.48,2
977,2,0.6,8.32,2
978,2,0.6,7.86,2
979,2,0.6,8.78,2
980,2,0.6,7.6,2
981,2,0.6,7.72,2
982,2,0.6,8.5,2
983,2,0.6,7.76,2
984,2,0.6,8.92,2
985,2,0.6,7.94,2
986,2,0.6,8.34,2
987,2,0.6,7.54,2
988,2,0.6,7.86,2
989,2,0.6,7.9,2
990,2,0.6,7.76,2
991,2,0.6,8.5,2
992,2,0.6,8.28,2
993,2,0.6,9.16,2
994,2,0.6,8.46,2
995,2,0.6,8.98,2
996,2,0.6,8.94,2
997,2,0.6,8.7,2
998,2,0.6,8.16,2
999,2,0.6,6.8,2
1000,2,0.6,7.96,2
1001,2,0.6,6.94,2
1002,2,0.6,7.8,2
1003,2,0.6,8.12,2
1004,2,0.6,8.86,2
1005,2,0.6,8.2,2
1006,2,0.6,8.24,2
1007,2,0.6,7.18,2
1008,2,0.6,8.1,2
1009,2,0.6,7.3,2
1010,2,0.6,7.62,2
1011,2,0.6,7.46,2
1012,2,0.6,7.94,2
1013,2,0.6,7.86,2
1014,2,0.6,7.42,2
1015,2,0.6,7.1,2
1016,2,0.6,7.2,2
1017,2,0.6,7.26,2
1018,2,0.6,7.38,2
1019,2,0.6,7.28,2
1020,2,0.6,6.7,2
1021,2,0.6,7.56,2
1022,2,0.6,8.26,2
1023,2,0.6,7.48,2
1024,2,0.6,6.58,2
1025,2,0.6,8.02,2
1026,2,0.6,6.66,2
1027,2,0.6,7.2,2
1028,2,0.6,8.24,2
1029,2,0.6,7.2,2
1030,2,0.6,7.24,2
1031,2,0.6,7.72,2
1032,2,0.6,7.22,2
1033,2,0.6,7.6,2
1034,2,0.6,7.88,2
1035,2,0.6,8.44,2
1036,2,0.6,8.38,2
1037,2,0.6,8.86,2
1038,2,0.6,7.38,2
1039,2,0.6,7.26,2
1040,2,0.6,7.08,2
1041,2,0.6,7.0,2
1042,2,0.6,7.9,2
1043,2,0.6,7.3,2
1044,2,0.6,7.18,2
1045,2,0.6,7.72,2
1046,2,0.6,7.54,2
1047,2,0.6,8.52,2
1048,2,0.6,8.1,2
1049,2,0.6,7.8,2
1050,2,0.6,7.3,2
1051,2,0.6,7.02,2
1052,2,0.6,7.7,2
1053,2,0.6,8.1,2
1054,2,0.6,7.58,2
1055,2,0.6,7.8,2
1056,2,0.6,7.94,2
1057,2,0.6,7.52,2
1058,2,0.6,7.68,2
1059,2,0.6,7.04,2
1060,2,0.6,8.16,2
1061,2,0.6,8.26,2
1062,2,0.6,9.0,2
1063,2,0.6,9.28,2
1064,2,0.6,8.74,2
1065,2,0.6,8.92,2
1066,2,0.6,8.46,2
1067,2,0.6,8.22,2
1068,2,0.6,8.18,2
1069,2,0.6,7.54,2
1070,2,0.6,8.08,2
1071,2,0.6,6.68,2
1072,2,0.6,7.72,2
1073,2,0.6,8.04,2
1074,2,0.6,8.02,2
1075,2,0.6,7.8,2
1076,2,0.6,7.78,2
1077,2,0.6,7.12,2
1078,2,0.6,7.5,2
1079,2,0.6,7.36,2
1080,2,0.6,7.16,2
1081,2,0.6,7.86,2
1082,2,0.6,7.66,2
1083,2,0.6,8.02,2
1084,2,0.6,8.14,2
1085,2,0.6,7.82,2
1086,2,0.6,7.1,2
1087,2,0.6,7.42,2
1088,2,0.6,8.22,2
1089,2,0.6,8.38,2
1090,2,0.6,8.2,2
1091,2,0.6,7.42,2
1092,2,0.6,8.38,2
1093,2,0.6,8.4,2
1094,2,0.6,7.72,2
1095,2,0.6,7.86,2
1096,2,0.6,7.96,2
1097,2,0.6,7.46,2
1098,2,0.6,7.22,2
1099,2,0.6,9.0,2
1100,2,0.6,7.84,2
1101,2,0.6,7.72,2
1102,2,0.6,8.02,2
1103,2,0.6,7.98,2
1104,2,0.6,7.9,2
1105,2,0.6,8.18,2
1106,2,0.6,7.58,2
1107,2,0.6,8.16,2
1108,2,0.6,8.14,2
1109,2,0.6,8.44,2
1110,2,0.6,7.7,2
1111,2,0.6,7.48,2
1112,2,0.6,7.14,2
1113,2,0.6,8.22,2
1114,2,0.6,7.36,2
1115,2,0.6,8.3,2
1116,2,0.6,8.0,2
1117,2,0.6,8.04,2
1118,2,0.6,8.38,2
1119,2,0.6,8.54,2
1120,2,0.6,8.32,2
1121,2,0.6,8.16,2
1122,2,0.6,8.0,2
1123,2,0.6,8.02,2
1124,2,0.6,7.34,2
1125,2,0.6,7.5,2
1126,2,0.6,8.02,2
1127,2,0.6,7.92,2
1128,2,0.6,7.44,2
1129,2,0.6,7.6,2
1130,2,0.6,7.96,2
1131,2,0.6,8.26,2
1132,2,0.6,7.82,2
1133,2,0.6,8.32,2
1134,2,0.6,8.48,2
1135,2,0.6,8.28,2
1136,2,0.6,9.48,2
1137,2,0.6,8.06,2
1138,2,0.6,7.8,2
1139,2,0.6,7.24,2
1140,2,0.6,7.72,2
1141,2,0.6,7.56,2
1142,2,0.6,7.76,2
1143,2,0.6,7.94,2
1144,2,0.6,8.06,2
1145,2,0.6,8.54,2
1146,2,0.6,6.88,2
1147,2,0.6,8.22,2
1148,2,0.6,7.94,2
1149,2,0.6,8.96,2
1150,2,0.6,8.14,2
1151,2,0.6,8.5,2
1152,2,0.6,7.4,2
1153,2,0.6,7.52,2
1154,2,0.6,7.86,2
1155,2,0.6,7.76,2
1156,2,0.6,8.36,2
1157,2,0.6,8.4,2
1158,2,0.6,7.5,2
1159,2,0.6,7.78,2
1160,2,0.6,7.36,2
1161,2,0.6,8.14,2
1162,2,0.6,8.1,2
1163,2,0.6,8.8,2
1164,2,0.6,7.34,2
1165,2,0.6,7.86,2
1166,2,0.6,8.48,2
1167,2,0.6,7.32,2
1168,2,0.6,8.02,2
1169,2,0.6,7.16,2
1170,2,0.6,7.74,2
1171,2,0.6,6.9,2
1172,2,0.6,7.7,2
1173,2,0.6,7.8,2
1174,2,0.6,8.18,2
1175,2,0.6,8.54,2
1176,2,0.6,8.04,2
1177,2,0.6,8.16,2
1178,2,0.6,7.9,2
1179,2,0.6,8.84,2
1180,2,0.6,9.16,2
1181,2,0.6,8.54,2
1182,2,0.6,8.02,2
1183,2,0.6,8.28,2
1184,2,0.6,8.06,2
1185,2,0.6,7.76,2
1186,2,0.6,7.38,2
1187,2,0.6,7.34,2
1188,2,0.6,7.98,2
1189,2,0.6,6.98,2
1190,2,0.6,7.52,2
1191,2,0.6,7.56,2
1192,2,0.6,8.36,2
1193,2,0.6,7.86,2
1194,2,0.6,8.36,2
1195,2,0.6,8.06,2
1196,2,0.6,7.84,2
1197,2,0.6,7.74,2
1198,2,0.6,8.56,2
1199,2,0.6,8.58,2
1200,2,0.6,7.82,2
1201,2,0.6,8.36,2
1202,2,0.6,7.36,2
1203,2,0.6,7.66,2
1204,2,0.6,8.5,2
1205,2,0.6,8.26,2
1206,2,0.6,8.0,2
1207,2,0.6,7.58,2
1208,2,0.6,7.98,2
1209,2,0.6,7.34,2
1210,2,0.6,8.62,2
1211,2,0.6,8.3,2
1212,2,0.6,7.96,2
1213,2,0.6,7.68,2
1214,2,0.6,8.02,2
1215,2,0.6,7.32,2
1216,2,0.6,8.34,2
1217,2,0.6,7.18,2
1218,2,0.6,8.24,2
1219,2,0.6,7.62,2
1220,2,0.6,7.22,2
1221,2,0.6,7.8,2
1222,2,0.6,7.68,2
1223,2,0.6,7.26,2
1224,2,0.6,7.6,2
1225,2,0.6,7.7,2
1226,2,0.6,8.34,2
1227,2,0.6,8.48,2
1228,2,0.6,8.02,2
1229,2,0.6,8.28,2
1230,2,0.6,7.42,2
1231,2,0.6,7.7,2
1232,2,0.6,7.6,2
1233,2,0.6,7.36,2
1234,2,0.6,5.84,2
1235,2,0.6,7.64,2
1236,2,0.6,8.0,2
1237,2,0.6,8.68,2
1238,2,0.6,8.78,2
1239,2,0.6,7.4,2
1240,2,0.6,6.5,2
1241,2,0.6,6.96,2
1242,2,0.6,9.0,2
1243,2,0.6,7.64,2
1244,2,0.6,7.66,2
1245,2,0.6,8.92,2
1246,2,0.6,8.26,2
1247,2,0.6,7.98,2
1248,2,0.6,7.82,2
1249,2,0.6,7.82,2
1250,2,0.6,7.84,2
1251,2,0.6,8.26,2
1252,2,0.6,7.28,2
1253,2,0.6,8.78,2
1254,2,0.6,9.26,2
1255,2,0.6,7.84,2
1256,2,0.6,8.32,2
1257,2,0.6,7.14,2
1258,2,0.6,7.56,2
1259,2,0.6,7.58,2
1260,2,0.6,7.54,2
1261,2,0.6,8.2,2
1262,2,0.6,8.12,2
1263,2,0.6,8.0,2
1264,2,0.6,7.36,2
1265,2,0.6,8.78,2
1266,2,0.6,7.74,2
1267,2,0.6,8.38,2
1268,2,0.6,7.72,2
1269,2,0.6,7.7,2
1270,2,0.6,8.24,2
1271,2,0.6,8.08,2
1272,2,0.6,9.1,2
1273,2,0.6,6.64,2
1274,2,0.6,8.84,2
1275,2,0.6,8.08,2
1276,2,0.6,7.68,2
1277,2,0.6,8.1,2
1278,2,0.6,8.0,2
1279,2,0.6,7.5,2
1280,2,0.6,9.18,2
1281,2,0.6,8.04,2
1282,2,0.6,7.18,2
1283,2,0.6,7.22,2
1284,2,0.6,8.02,2
1285,2,0.6,7.52,2
1286,2,0.6,8.32,2
1287,2,0.6,8.3,2
1288,2,0.6,7.92,2
1289,2,0.6,7.08,2
1290,2,0.6,8.08,2
1291,2,0.6,8.46,2
1292,2,0.6,7.94,2
1293,2,0.6,7.84,2
1294,2,0.6,8.6,2
1295,2,0.6,8.14,2
1296,2,0.6,8.52,2
1297,2,0.6,7.72,2
1298,2,0.6,7.22,2
1299,2,0.6,8.0,2
1300,2,0.6,7.22,2
1301,2,0.6,7.98,2
1302,2,0.6,7.86,2
1303,2,0.6,8.22,2
1304,2,0.6,7.66,2
1305,2,0.6,7.8,2
1306,2,0.6,7.64,2
1307,2,0.6,7.86,2
1308,2,0.6,8.88,2
1309,2,0.6,7.82,2
1310,2,0.6,7.58,2
1311,2,0.6,7.96,2
1312,2,0.6,7.6,2
1313,2,0.6,7.56,2
1314,2,0.6,7.14,2
1315,2,0.6,7.74,2
1316,2,0.6,7.9,2
1317,2,0.6,7.4,2
1318,2,0.6,7.24,2
1319,2,0.6,6.78,2
1320,2,0.6,8.3,2
1321,2,0.6,8.46,2
1322,2,0.6,8.28,2
1323,2,0.6,8.0,2
1324,2,0.6,9.0,2
1325,2,0.6,7.32,2
1326,2,0.6,8.38,2
1327,2,0.6,7.72,2
1328,2,0.6,8.36,2
1329,2,0.6,9.2,2
1330,2,0.6,8.2,2
1331,2,0.6,8.62,2
1332,2,0.6,9.18,2
1333,2,0.6,8.48,2
1334,2,0.6,8.22,2
1335,2,0.6,8.6,2
1336,2,0.6,8.46,2
1337,2,0.6,8.34,2
1338,2,0.6,8.84,2
1339,2,0.6,6.96,2
1340,2,0.6,7.38,2
1341,2,0.6,8.32,2
1342,2,0.6,7.56,2
1343,2,0.6,7.9,2
1344,2,0.6,8.74,2
1345,2,0.6,8.64,2
1346,2,0.6,8.9,2
1347,2,0.6,8.02,2
1348,2,0.6,8.9,2
1349,2,0.6,8.48,2
1350,2,0.6,7.54,2
1351,2,0.6,8.5,2
1352,2,0.6,7.2,2
1353,2,0.6,7.66,2
1354,2,0.6,7.88,2
1355,2,0.6,7.32,2
1356,2,0.6,7.66,2
1357,2,0.6,6.82,2
1358,2,0.6,7.24,2
1359,2,0.6,7.72,2
1360,2,0.6,7.7,2
1361,2,0.6,8.88,2
1362,2,0.6,8.22,2
1363,2,0.6,7.38,2
1364,2,0.6,6.34,2
1365,2,0.6,7.62,2
1366,2,0.6,7.58,2
1367,2,0.6,7.32,2
1368,2,0.6,7.54,2
1369,2,0.6,7.26,2
1370,2,0.6,8.46,2
1371,2,0.6,7.68,2
1372,2,0.6,8.46,2
1373,2,0.6,8.34,2
1374,2,0.6,7.16,2
1375,2,0.6,7.2,2
1376,2,0.6,7.2,2
1377,2,0.6,8.98,2
1378,2,0.6,8.0,2
1379,2,0.6,8.3,2
1380,2,0.6,7.66,2
1381,2,0.6,7.3,2
1382,2,0.6,7.42,2
1383,2,0.6,7.66,2
1384,2,0.6,6.4,2
1385,2,0.6,7.84,2
1386,2,0.6,6.78,2
1387,2,0.6,7.44,2
1388,2,0.6,8.18,2
1389,2,0.6,6.12,2
1390,2,0.6,7.44,2
1391,2,0.6,7.66,2
1392,2,0.6,8.04,2
1393,2,0.6,7.5,2
1394,2,0.6,8.48,2
1395,2,0.6,7.98,2
1396,2,0.6,7.92,2
1397,2,0.6,7.78,2
1398,2,0.6,7.82,2
1399,2,0.6,8.24,2
1400,2,0.6,7.24,2
1401,2,0.6,8.22,2
1402,2,0.6,7.32,2
1403,2,0.6,7.7,2
1404,2,0.6,7.98,2
1405,2,0.6,7.5,2
1406,2,0.6,8.08,2
1407,2,0.6,8.52,2
1408,2,0.6,7.5,2
1409,2,0.6,7.16,2
1410,2,0.6,7.9,2
1411,2,0.6,7.66,2
1412,2,0.6,7.72,2
1413,2,0.6,8.28,2
1414,2,0.6,8.44,2
1415,2,0.6,7.48,2
1416,2,0.6,6.78,2
1417,2,0.6,7.74,2
1418,2,0.6,7.1,2
1419,2,0.6,6.92,2
1420,2,0.6,7.28,2
1421,2,0.6,8.58,2
1422,2,0.6,8.46,2
1423,2,0.6,8.42,2
1424,2,0.6,8.42,2
1425,2,0.6,8.24,2
1426,2,0.6,7.54,2
1427,2,0.6,8.22,2
1428,2,0.6,7.6,2
1429,2,0.6,7.64,2
1430,2,0.6,7.16,2
1431,2,0.6,8.26,2
1432,2,0.6,7.88,2
1433,2,0.6,7.16,2
1434,2,0.6,6.86,2
1435,2,0.6,8.0,2
1436,2,0.6,6.46,2
1437,2,0.6,7.06,2
1438,2,0.6,8.04,2
1439,2,0.6,8.2,2
1440,2,0.6,7.84,2
1441,2,0.6,6.82,2
1442,2,0.6,7.68,2
1443,2,0.6,7.96,2
1444,2,0.6,8.14,2
1445,2,0.6,7.76,2
1446,2,0.6,7.84,2
1447,2,0.6,8.04,2
1448,2,0.6,8.84,2
1449,2,0.6,8.04,2
1450,2,0.6,8.02,2
1451,2,0.6,8.52,2
1452,2,0.6,9.32,2
1453,2,0.6,8.52,2
1454,2,0.6,8.44,2
1455,2,0.6,7.18,2
1456,2,0.6,8.58,2
1457,2,0.6,7.24,2
1458,2,0.6,7.24,2
1459,2,0.6,7.06,2
1460,2,0.6,6.96,2
1461,2,0.6,6.92,2
1462,2,0.6,7.56,2
1463,2,0.6,7.62,2
1464,2,0.6,7.88,2
1465,2,0.6,7.46,2
1466,2,0.6,7.86,2
1467,2,0.6,8.76,2
1468,2,0.6,7.84,2
1469,2,0.6,7.22,2
1470,2,0.6,8.06,2
1471,2,0.6,8.54,2
1472,2,0.6,7.8,2
1473,2,0.6,6.76,2
1474,2,0.6,7.02,2
1475,2,0.6,8.56,2
1476,2,0.6,7.86,2
1477,2,0.6,8.44,2
1478,2,0.6,8.32,2
1479,2,0.6,8.46,2
1480,2,0.6,7.84,2
1481,2,0.6,8.2,2
1482,2,0.6,7.62,2
1483,2,0.6,8.64,2
1484,2,0.6,7.9,2
1485,2,0.6,8.3,2
1486,2,0.6,7.58,2
1487,2,0.6,8.22,2
1488,2,0.6,6.98,2
1489,2,0.6,7.58,2
1490,2,0.6,8.08,2
1491,2,0.6,7.22,2
1492,2,0.6,7.58,2
1493,2,0.6,7.88,2
1494,2,0.6,8.48,2
1495,2,0.6,7.84,2
1496,2,0.6,7.06,2
1497,2,0.6,7.46,2
1498,2,0.6,7.78,2
1499,2,0.6,7.1,2
1500,2,0.6,7.8,2
1501,2,0.6,8.1,2
1502,2,0.6,7.7,2
1503,2,0.6,7.9,2
1504,2,0.6,7.42,2
1505,2,0.6,8.12,2
1506,2,0.6,8.04,2
1507,2,0.6,6.76,2
1508,2,0.6,7.8,2
1509,2,0.6,7.72,2
1510,2,0.6,7.7,2
1511,2,0.6,8.16,2
1512,2,0.6,6.66,2
1513,2,0.6,7.98,2
1514,2,0.6,7.6,2
1515,2,0.6,8.76,2
1516,2,0.6,8.34,2
1517,2,0.6,7.9,2
1518,2,0.6,7.8,2
1519,2,0.6,7.56,2
1520,2,0.6,7.76,2
1521,2,0.6,7.14,2
1522,2,0.6,7.08,2
1523,2,0.6,7.84,2
1524,2,0.6,8.24,2
1525,2,0.6,8.2,2
1526,2,0.6,8.38,2
1527,2,0.6,7.92,2
1528,2,0.6,8.1,2
1529,2,0.6,7.2,2
1530,2,0.6,7.94,2
1531,2,0.6,7.76,2
1532,2,0.6,8.24,2
1533,2,0.6,8.34,2
1534,2,0.6,9.02,2
1535,2,0.6,7.64,2
1536,2,0.6,7.8,2
1537,2,0.6,7.44,2
1538,2,0.6,7.64,2
1539,2,0.6,7.1,2
1540,2,0.6,8.8,2
1541,2,0.6,7.9,2
1542,2,0.6,7.74,2
1543,2,0.6,9.56,2
1544,2,0.6,8.22,2
1545,2,0.6,7.44,2
1546,2,0.6,7.92,2
1547,2,0.6,7.6,2
1548,2,0.6,6.68,2
1549,2,0.6,7.74,2
1550,2,0.6,7.26,2
1551,2,0.6,8.22,2
1552,2,0.6,8.8,2
1553,2,0.6,8.76,2
1554,2,0.6,7.94,2
1555,2,0.6,8.18,2
1556,2,0.6,7.86,2
1557,2,0.6,7.78,2
1558,2,0.6,7.54,2
1559,2,0.6,7.94,2
1560,2,0.6,7.96,2
1561,2,0.6,7.42,2
1562,2,0.6,8.14,2
1563,2,0.6,8.32,2
1564,2,0.6,8.28,2
1565,2,0.6,8.22,2
1566,2,0.6,8.34,2
1567,2,0.6,8.1,2
1568,2,0.6,7.9,2
1569,2,0.6,7.62,2
1570,2,0.6,7.56,2
1571,2,0.6,7.56,2
1572,2,0.6,8.1,2
1573,2,0.6,8.32,2
1574,2,0.6,8.94,2
1575,2,0.6,8.16,2
1576,2,0.6,7.42,2
1577,2,0.6,8.74,2
1578,2,0.6,7.48,2
1579,2,0.6,9.32,2
1580,2,0.6,7.7,2
1581,2,0.6,7.76,2
1582,2,0.6,7.44,2
1583,2,0.6,7.32,2
1584,2,0.6,7.9,2
1585,2,0.6,7.5,2
1586,2,0.6,7.96,2
1587,2,0.6,7.42,2
1588,2,0.6,8.04,2
1589,2,0.6,7.58,2
1590,2,0.6,8.0,2
1591,2,0.6,7.94,2
1592,2,0.6,7.58,2
1593,2,0.6,8.82,2
1594,2,0.6,8.46,2
1595,2,0.6,8.36,2
1596,2,0.6,7.94,2
1597,2,0.6,7.82,2
1598,2,0.6,6.94,2
1599,2,0.6,7.52,2
1600,2,0.6,8.06,2
1601,2,0.6,7.76,2
1602,2,0.6,7.8,2
1603,2,0.6,7.36,2
1604,2,0.6,8.02,2
1605,2,0.6,6.86,2
1606,2,0.6,7.52,2
1607,2,0.6,8.02,2
1608,2,0.6,7.1,2
1609,2,0.6,7.7,2
1610,2,0.6,7.0,2
1611,2,0.6,7.98,2
1612,2,0.6,7.5,2
1613,2,0.6,7.42,2
1614,2,0.6,7.82,2
1615,2,0.6,7.18,2
1616,2,0.6,7.04,2
1617,2,0.6,8.16,2
1618,2,0.6,9.2,2
1619,2,0.6,8.2,2
1620,2,0.6,6.96,2
1621,2,0.6,8.0,2
1622,2,0.6,8.46,2
1623,2,0.6,8.44,2
1624,2,0.6,8.54,2
1625,2,0.6,8.0,2
1626,2,0.6,7.88,2
1627,2,0.6,6.62,2
1628,2,0.6,7.92,2
1629,2,0.6,7.16,2
1630,2,0.6,7.3,2
1631,2,0.6,7.06,2
1632,2,0.6,7.7,2
1633,2,0.6,7.62,2
1634,2,0.6,7.2,2
1635,2,0.6,7.66,2
1636,2,0.6,9.42,2
1637,2,0.6,8.44,2
1638,2,0.6,8.38,2
1639,2,0.6,8.32,2
1640,2,0.6,7.46,2
1641,2,0.6,8.18,2
1642,2,0.6,7.58,2
1643,2,0.6,8.38,2
1644,2,0.6,7.92,2
1645,2,0.6,8.12,2
1646,2,0.6,8.0,2
1647,2,0.6,8.68,2
1648,2,0.6,8.36,2
1649,2,0.6,8.02,2
1650,2,0.6,8.38,2
1651,2,0.6,7.84,2
1652,2,0.6,7.86,2
1653,2,0.6,8.24,2
1654,2,0.6,8.16,2
1655,2,0.6,8.56,2
1656,2,0.6,7.4,2
1657,2,0.6,7.94,2
1658,2,0.6,7.5,2
1659,2,0.6,7.36,2
1660,2,0.6,7.7,2
1661,2,0.6,7.3,2
1662,2,0.6,7.58,2
1663,2,0.6,7.24,2
1664,2,0.6,7.64,2
1665,2,0.6,6.94,2
1666,2,0.6,6.72,2
1667,2,0.6,7.54,2
1668,2,0.6,7.56,2
1669,2,0.6,8.9,2
1670,2,0.6,8.04,2
1671,2,0.6,8.18,2
1672,2,0.6,8.0,2
1673,2,0.6,6.94,2
1674,2,0.6,7.26,2
1675,2,0.6,7.0,2
1676,2,0.6,7.64,2
1677,2,0.6,7.8,2
1678,2,0.6,7.92,2
1679,2,0.6,8.52,2
1680,2,0.6,8.1,2
1681,2,0.6,8.32,2
1682,2,0.6,9.12,2
1683,2,0.6,8.02,2
1684,2,0.6,8.34,2
1685,2,0.6,7.98,2
1686,2,0.6,7.64,2
1687,2,0.6,8.64,2
1688,2,0.6,8.16,2
1689,2,0.6,7.26,2
1690,2,0.6,7.22,2
1691,2,0.6,7.94,2
1692,2,0.6,7.2,2
1693,2,0.6,8.02,2
1694,2,0.6,6.72,2
1695,2,0.6,7.84,2
1696,2,0.6,8.52,2
1697,2,0.6,8.76,2
1698,2,0.6,7.58,2
1699,2,0.6,6.9,2
1700,2,0.6,7.74,2
1701,2,0.6,7.18,2
1702,2,0.6,7.14,2
1703,2,0.6,8.14,2
1704,2,0.6,7.46,2
1705,2,0.6,8.44,2
1706,2,0.6,8.56,2
1707,2,0.6,8.48,2
1708,2,0.6,7.6,2
1709,2,0.6,7.84,2
1710,2,0.6,7.74,2
1711,2,0.6,8.04,2
1712,2,0.6,8.64,2
1713,2,0.6,8.86,2
1714,2,0.6,8.04,2
1715,2,0.6,7.24,2
1716,2,0.6,7.92,2
1717,2,0.6,8.18,2
1718,2,0.6,6.98,2
1719,2,0.6,7.72,2
1720,2,0.6,6.84,2
1721,2,0.6,6.98,2
1722,2,0.6,8.02,2
1723,2,0.6,7.86,2
1724,2,0.6,7.2,2
1725,2,0.6,7.92,2
1726,2,0.6,7.82,2
1727,2,0.6,8.44,2
1728,2,0.6,7.12,2
1729,2,0.6,8.04,2
1730,2,0.6,8.64,2
1731,2,0.6,8.9,2
1732,2,0.6,8.18,2
1733,2,0.6,8.8,2
1734,2,0.6,9.06,2
1735,2,0.6,7.98,2
1736,2,0.6,7.94,2
1737,2,0.6,6.66,2
1738,2,0.6,7.88,2
1739,2,0.6,8.66,2
1740,2,0.6,7.7,2
1741,2,0.6,7.74,2
1742,2,0.6,7.54,2
1743,2,0.6,8.2,2
1744,2,0.6,7.9,2
1745,2,0.6,7.68,2
1746,2,0.6,7.26,2
1747,2,0.6,7.4,2
1748,2,0.6,7.72,2
1749,2,0.6,8.72,2
1750,2,0.6,8.08,2
1751,2,0.6,7.24,2
1752,2,0.6,7.32,2
1753,2,0.6,7.7,2
1754,2,0.6,7.3,2
1755,2,0.6,8.24,2
1756,2,0.6,8.28,2
1757,2,0.6,7.9,2
1758,2,0.6,7.82,2
1759,2,0.6,6.86,2
1760,2,0.6,7.4,2
1761,2,0.6,7.42,2
1762,2,0.6,8.74,2
1763,2,0.6,8.28,2
1764,2,0.6,7.68,2
1765,2,0.6,8.26,2
1766,2,0.6,8.38,2
1767,2,0.6,7.84,2
1768,2,0.6,8.42,2
1769,2,0.6,8.0,2
1770,2,0.6,7.6,2
1771,2,0.6,8.14,2
1772,2,0.6,6.64,2
1773,2,0.6,7.82,2
1774,2,0.6,9.0,2
1775,2,0.6,8.06,2
1776,2,0.6,7.64,2
1777,2,0.6,7.88,2
1778,2,0.6,8.3,2
1779,2,0.6,7.72,2
1780,2,0.6,7.36,2
1781,2,0.6,7.02,2
1782,2,0.6,7.82,2
1783,2,0.6,7.16,2
1784,2,0.6,7.02,2
1785,2,0.6,8.22,2
1786,2,0.6,8.04,2
1787,2,0.6,9.28,2
1788,2,0.6,7.8,2
1789,2,0.6,7.54,2
1790,2,0.6,7.38,2
1791,2,0.6,7.44,2
1792,2,0.6,8.84,2
1793,2,0.6,7.28,2
1794,2,0.6,7.64,2
1795,2,0.6,7.44,2
1796,2,0.6,7.06,2
1797,2,0.6,7.0,2
1798,2,0.6,7.98,2
1799,2,0.6,7.64,2
1800,2,0.6,9.04,2
1801,2,0.6,8.24,2
1802,2,0.6,8.52,2
1803,2,0.6,8.1,2
1804,2,0.6,7.04,1
1805,2,0.6,6.74,1
1806,2,0.6,6.44,1
1807,2,0.6,7.8,1
1808,2,0.6,7.64,1
1809,2,0.6,7.9,1
1810,2,0.6,7.36,1
1811,2,0.6,7.08,1
1812,2,0.6,7.28,1
1813,2,0.6,7.18,1
1814,2,0.6,7.6,1
1815,2,0.6,8.48,1
1816,2,0.6,7.9,1
1817,2,0.6,7.16,1
1818,2,0.6,6.84,1
1819,2,0.6,7.24,1
1820,2,0.6,7.02,1
1821,2,0.6,8.02,1
1822,2,0.6,7.12,1
1823,2,0.6,7.92,1
1824,2,0.6,7.22,1
1825,2,0.6,7.42,1
1826,2,0.6,8.2,1
1827,2,0.6,7.08,1
1828,2,0.6,7.82,1
1829,2,0.6,8.38,1
1830,2,0.6,7.26,1
1831,2,0.6,7.56,1
1832,2,0.6,6.68,1
1833,2,0.6,6.18,1
1834,2,0.6,6.72,1
1835,2,0.6,6.54,1
1836,2,0.6,7.06,1
1837,2,0.6,6.48,1
1838,2,0.6,6.6,1
1839,2,0.6,6.76,1
1840,2,0.6,7.04,1
1841,2,0.6,6.98,1
1842,2,0.6,7.22,1
1843,2,0.6,7.18,1
1844,2,0.6,7.36,1
1845,2,0.6,6.88,1
1846,2,0.6,7.48,1
1847,2,0.6,7.28,1
1848,2,0.6,7.76,1
1849,2,0.6,7.7,1
1850,2,0.6,7.7,1
1851,2,0.6,7.8,1
1852,2,0.6,6.78,1
1853,2,0.6,6.58,1
1854,2,0.6,7.66,1
1855,2,0.6,6.24,1
1856,2,0.6,7.36,1
1857,2,0.6,8.24,1
1858,2,0.6,7.18,1
1859,2,0.6,7.48,1
1860,2,0.6,7.1,1
1861,2,0.6,6.94,1
1862,2,0.6,6.44,1
1863,2,0.6,7.32,1
1864,2,0.6,7.44,1
1865,2,0.6,7.84,1
1866,2,0.6,7.64,1
1867,2,0.6,6.84,1
1868,2,0.6,7.22,1
1869,2,0.6,5.84,1
1870,2,0.6,7.34,1
1871,2,0.6,7.28,1
1872,2,0.6,7.1,1
1873,2,0.6,7.16,1
1874,2,0.6,7.22,1
1875,2,0.6,6.82,1
1876,2,0.6,7.2,1
1877,2,0.6,6.56,1
1878,2,0.6,7.1,1
1879,2,0.6,7.44,1
1880,2,0.6,6.4,1
1881,2,0.6,6.68,1
1882,2,0.6,8.16,1
1883,2,0.6,7.6,1
1884,2,0.6,7.86,1
1885,2,0.6,6.98,1
1886,2,0.6,7.46,1
1887,2,0.6,7.68,1
1888,2,0.6,8.46,1
1889,2,0.6,7.46,1
1890,2,0.6,7.42,1
1891,2,0.6,7.0,1
1892,2,0.6,6.82,1
1893,2,0.6,6.2,1
1894,2,0.6,7.76,1
1895,2,0.6,7.28,1
1896,2,0.6,7.44,1
1897,2,0.6,6.76,1
1898,2,0.6,6.32,1
1899,2,0.6,6.36,1
1900,2,0.6,7.08,1
1901,2,0.6,6.72,1
1902,2,0.6,7.22,1
1903,2,0.6,7.24,1
1904,2,0.6,6.62,1
1905,2,0.6,6.36,1
1906,2,0.6,6.64,1
1907,2,0.6,6.26,1
1908,2,0.6,6.42,1
1909,2,0.6,7.06,1
1910,2,0.6,7.54,1
1911,2,0.6,6.44,1
1912,2,0.6,7.26,1
1913,2,0.6,7.44,1
1914,2,0.6,8.02,1
1915,2,0.6,8.14,1
1916,2,0.6,7.26,1
1917,2,0.6,7.22,1
1918,2,0.6,7.48,1
1919,2,0.6,7.58,1
1920,2,0.6,7.32,1
1921,2,0.6,7.96,1
1922,2,0.6,6.94,1
1923,2,0.6,6.84,1
1924,2,0.6,7.22,1
1925,2,0.6,6.44,1
1926,2,0.6,6.74,1
1927,2,0.6,8.2,1
1928,2,0.6,8.06,1
1929,2,0.6,7.36,1
1930,2,0.6,6.26,1
1931,2,0.6,6.32,1
1932,2,0.6,6.9,1
1933,2,0.6,6.2,1
1934,2,0.6,6.36,1
1935,2,0.6,6.64,1
1936,2,0.6,6.76,1
1937,2,0.6,6.74,1
1938,2,0.6,6.6,1
1939,2,0.6,7.94,1
1940,2,0.6,6.72,1
1941,2,0.6,6.96,1
1942,2,0.6,8.06,1
1943,2,0.6,7.2,1
1944,2,0.6,6.46,1
1945,2,0.6,6.26,1
1946,2,0.6,6.04,1
1947,2,0.6,6.44,1
1948,2,0.6,6.48,1
1949,2,0.6,7.5,1
1950,2,0.6,6.16,1
1951,2,0.6,7.2,1
1952,2,0.6,6.7,1
1953,2,0.6,6.62,1
1954,2,0.6,7.24,1
1955,2,0.6,7.1,1
1956,2,0.6,7.26,1
1957,2,0.6,7.48,1
1958,2,0.6,7.6,1
1959,2,0.6,7.18,1
1960,2,0.6,6.46,1
1961,2,0.6,6.56,1
1962,2,0.6,6.8,1
1963,2,0.6,6.74,1
1964,2,0.6,6.74,1
1965,2,0.6,6.92,1
1966,2,0.6,6.3,1
1967,2,0.6,6.86,1
1968,2,0.6,7.08,1
1969,2,0.6,6.66,1
1970,2,0.6,7.18,1
1971,2,0.6,7.54,1
1972,2,0.6,6.6,1
1973,2,0.6,6.82,1
1974,2,0.6,6.84,1
1975,2,0.6,6.82,1
1976,2,0.6,5.88,1
1977,2,0.6,6.72,1
1978,2,0.6,6.62,1
1979,2,0.6,6.7,1
1980,2,0.6,6.16,1
1981,2,0.6,6.46,1
1982,2,0.6,6.34,1
1983,2,0.6,7.78,1
1984,2,0.6,7.86,1
1985,2,0.6,6.72,1
1986,2,0.6,6.74,1
1987,2,0.6,6.56,1
1988,2,0.6,6.52,1
1989,2,0.6,6.84,1
1990,2,0.6,7.08,1
1991,2,0.6,6.56,1
1992,2,0.6,6.28,1
1993,2,0.6,7.76,1
1994,2,0.6,7.76,1
1995,2,0.6,7.28,1
1996,2,0.6,8.06,1
1997,2,0.6,7.36,1
1998,2,0.6,7.18,1
1999,2,0.6,7.46,1
2000,2,0.6,6.72,1
0,3,0.6,58.3,45
1,3,0.6,49.7,38
2,3,0.6,42.46,34
3,3,0.6,36.32,32
4,3,0.6,35.74,28
5,3,0.6,32.5,24
6,3,0.6,28.2,23
7,3,0.6,27.44,22
8,3,0.6,26.66,21
9,3,0.6,24.94,21
10,3,0.6,24.8,20
11,3,0.6,23.8,18
12,3,0.6,23.12,18
13,3,0.6,21.86,17
14,3,0.6,21.38,16
15,3,0.6,20.58,16
16,3,0.6,20.46,14
17,3,0.6,19.3,14
18,3,0.6,18.16,14
19,3,0.6,18.58,13
20,3,0.6,18.74,13
21,3,0.6,17.64,13
22,3,0.6,17.96,13
23,3,0.6,16.78,13
24,3,0.6,17.38,13
25,3,0.6,17.38,13
26,3,0.6,17.56,13
27,3,0.6,17.28,12
28,3,0.6,17.54,12
29,3,0.6,16.36,12
30,3,0.6,16.24,10
31,3,0.6,14.94,10
32,3,0.6,15.34,10
33,3,0.6,14.98,10
34,3,0.6,15.06,10
35,3,0.6,14.82,10
36,3,0.6,14.6,10
37,3,0.6,14.96,10
38,3,0.6,15.34,10
39,3,0.6,14.98,10
40,3,0.6,14.68,10
41,3,0.6,16.12,10
42,3,0.6,15.52,10
43,3,0.6,14.56,10
44,3,0.6,14.5,10
45,3,0.6,14.28,9
46,3,0.6,13.9,9
47,3,0.6,14.08,9
48,3,0.6,13.52,9
49,3,0.6,14.36,9
50,3,0.6,13.6,9
51,3,0.6,14.36,9
52,3,0.6,15.06,9
53,3,0.6,12.98,9
54,3,0.6,14.26,9
55,3,0.6,13.96,9
56,3,0.6,14.16,9
57,3,0.6,13.46,9
58,3,0.6,14.18,9
59,3,0.6,14.22,9
60,3,0.6,13.8,9
61,3,0.6,14.22,9
62,3,0.6,13.94,8
63,3,0.6,13.42,8
64,3,0.6,12.84,7
65,3,0.6,12.96,7
66,3,0.6,12.22,7
67,3,0.6,12.8,7
68,3,0.6,12.74,7
69,3,0.6,12.16,7
70,3,0.6,11.88,7
71,3,0.6,12.72,7
72,3,0.6,12.34,7
73,3,0.6,11.96,7
74,3,0.6,12.08,7
75,3,0.6,12.38,7
76,3,0.6,12.44,6
77,3,0.6,11.26,6
78,3,0.6,11.28,6
79,3,0.6,12.16,6
80,3,0.6,12.22,6
81,3,0.6,11.62,6
82,3,0.6,11.2,6
83,3,0.6,11.56,6
84,3,0.6,11.78,6
85,3,0.6,11.68,6
86,3,0.6,11.72,6
87,3,0.6,12.02,6
88,3,0.6,11.56,6
89,3,0.6,11.5,6
90,3,0.6,11.42,6
91,3,0.6,11.52,6
92,3,0.6,11.14,6
93,3,0.6,11.1,6
94,3,0.6,10.52,5
95,3,0.6,10.32,5
96,3,0.6,9.52,5
97,3,0.6,10.58,5
98,3,0.6,9.76,5
99,3,0.6,10.48,5
100,3,0.6,10.88,5
101,3,0.6,11.16,5
102,3,0.6,11.12,5
103,3,0.6,10.62,5
104,3,0.6,10.48,5
105,3,0.6,10.56,5
106,3,0.6,10.9,5
107,3,0.6,11.48,5
108,3,0.6,9.5,5
109,3,0.6,10.08,5
110,3,0.6,10.62,5
111,3,0.6,11.24,5
112,3,0.6,10.12,5
113,3,0.6,9.92,5
114,3,0.6,11.0,5
115,3,0.6,9.88,5
116,3,0.6,10.14,5
117,3,0.6,9.92,5
118,3,0.6,10.52,5
119,3,0.6,10.0,5
120,3,0.6,11.14,5
121,3,0.6,11.22,5
122,3,0.6,10.98,5
123,3,0.6,10.5,5
124,3,0.6,11.64,5
125,3,0.6,10.26,5
126,3,0.6,10.4,5
127,3,0.6,10.5,5
128,3,0.6,10.12,5
129,3,0.6,10.06,5
130,3,0.6,9.58,5
131,3,0.6,10.08,5
132,3,0.6,10.7,5
133,3,0.6,10.34,5
134,3,0.6,10.58,5
135,3,0.6,9.72,5
136,3,0.6,11.08,5
137,3,0.6,9.8,5
138,3,0.6,9.7,5
139,3,0.6,9.5,5
140,3,0.6,10.82,5
141,3,0.6,10.4,5
142,3,0.6,9.78,5
143,3,0.6,10.08,5
144,3,0.6,11.04,5
145,3,0.6,10.82,5
146,3,0.6,10.76,5
147,3,0.6,10.14,5
148,3,0.6,10.88,5
149,3,0.6,10.26,5
150,3,0.6,10.14,5
151,3,0.6,11.04,5
152,3,0.6,11.68,5
153,3,0.6,10.08,4
154,3,0.6,9.52,4
155,3,0.6,9.9,4
156,3,0.6,9.08,4
157,3,0.6,9.88,4
158,3,0.6,9.84,4
159,3,0.6,10.0,4
160,3,0.6,9.5,4
161,3,0.6,10.52,4
162,3,0.6,9.96,4
163,3,0.6,9.94,4
164,3,0.6,9.76,4
165,3,0.6,10.06,4
166,3,0.6,9.7,4
167,3,0.6,9.68,4
168,3,0.6,9.84,4
169,3,0.6,9.76,4
170,3,0.6,8.18,4
171,3,0.6,8.96,4
172,3,0.6,8.96,4
173,3,0.6,9.22,4
174,3,0.6,8.86,4
175,3,0.6,9.74,4
176,3,0.6,10.0,4
177,3,0.6,9.74,4
178,3,0.6,8.92,4
179,3,0.6,9.06,4
180,3,0.6,8.32,4
181,3,0.6,9.8,4
182,3,0.6,10.2,4
183,3,0.6,9.6,4
184,3,0.6,8.76,4
185,3,0.6,10.08,4
186,3,0.6,9.56,4
187,3,0.6,9.44,4
188,3,0.6,9.16,4
189,3,0.6,9.78,4
190,3,0.6,9.5,4
191,3,0.6,10.24,4
192,3,0.6,9.7,4
193,3,0.6,10.06,4
194,3,0.6,9.3,4
195,3,0.6,10.16,4
196,3,0.6,9.74,4
197,3,0.6,10.36,4
198,3,0.6,9.32,4
199,3,0.6,9.72,4
200,3,0.6,9.4,4
201,3,0.6,9.06,4
202,3,0.6,9.1,4
203,3,0.6,8.72,4
204,3,0.6,9.38,4
205,3,0.6,9.76,4
206,3,0.6,11.06,4
207,3,0.6,9.1,4
208,3,0.6,9.08,4
209,3,0.6,9.48,4
210,3,0.6,10.18,4
211,3,0.6,9.6,4
212,3,0.6,9.56,4
213,3,0.6,9.98,4
214,3,0.6,10.34,4
215,3,0.6,9.86,4
216,3,0.6,9.22,4
217,3,0.6,10.36,4
218,3,0.6,9.74,3
219,3,0.6,9.18,3
220,3,0.6,7.9,3
221,3,0.6,10.06,3
222,3,0.6,8.7,3
223,3,0.6,8.76,3
224,3,0.6,8.52,3
225,3,0.6,7.86,3
226,3,0.6,8.48,3
227,3,0.6,8.02,3
228,3,0.6,8.66,3
229,3,0.6,8.66,3
230,3,0.6,8.58,3
231,3,0.6,8.82,3
232,3,0.6,8.44,3
233,3,0.6,10.22,3
234,3,0.6,9.4,3
235,3,0.6,9.46,3
236,3,0.6,9.52,3
237,3,0.6,8.48,3
238,3,0.6,8.44,3
239,3,0.6,8.92,3
240,3,0.6,8.26,3
241,3,0.6,9.06,3
242,3,0.6,8.68,3
243,3,0.6,8.66,3
244,3,0.6,9.72,3
245,3,0.6,9.68,3
246,3,0.6,8.92,3
247,3,0.6,9.7,3
248,3,0.6,9.78,3
249,3,0.6,7.96,3
250,3,0.6,8.98,3
251,3,0.6,8.74,3
252,3,0.6,9.86,3
253,3,0.6,8.9,3
254,3,0.6,8.18,3
255,3,0.6,8.16,3
256,3,0.6,8.22,3
257,3,0.6,8.7,3
258,3,0.6,8.82,3
259,3,0.6,7.64,3
260,3,0.6,8.9,3
261,3,0.6,9.14,3
262,3,0.6,10.34,3
263,3,0.6,8.38,3
264,3,0.6,8.64,3
265,3,0.6,8.92,3
266,3,0.6,8.4,3
267,3,0.6,8.8,3
268,3,0.6,7.64,3
269,3,0.6,8.1,3
270,3,0.6,8.58,3
271,3,0.6,8.38,3
272,3,0.6,8.24,3
273,3,0.6,9.12,3
274,3,0.6,8.9,3
275,3,0.6,8.84,3
276,3,0.6,9.34,3
277,3,0.6,8.16,3
278,3,0.6,8.38,3
279,3,0.6,9.14,3
280,3,0.6,8.66,3
281,3,0.6,8.48,3
282,3,0.6,8.34,3
283,3,0.6,8.18,3
284,3,0.6,8.52,3
285,3,0.6,9.0,3
286,3,0.6,9.1,3
287,3,0.6,8.98,3
288,3,0.6,8.94,3
289,3,0.6,8.72,3
290,3,0.6,7.96,3
291,3,0.6,7.8,3
292,3,0.6,8.56,3
293,3,0.6,8.44,3
294,3,0.6,8.94,3
295,3,0.6,7.34,3
296,3,0.6,8.66,3
297,3,0.6,9.56,3
298,3,0.6,7.72,3
299,3,0.6,8.06,3
300,3,0.6,8.24,3
301,3,0.6,8.82,3
302,3,0.6,8.82,3
303,3,0.6,8.8,3
304,3,0.6,8.94,3
305,3,0.6,9.24,3
306,3,0.6,9.52,3
307,3,0.6,9.96,3
308,3,0.6,8.64,3
309,3,0.6,9.32,3
310,3,0.6,8.68,3
311,3,0.6,9.14,3
312,3,0.6,9.34,3
313,3,0.6,10.56,3
314,3,0.6,9.76,3
315,3,0.6,9.14,3
316,3,0.6,8.78,3
317,3,0.6,8.74,3
318,3,0.6,8.08,3
319,3,0.6,9.16,3
320,3,0.6,8.66,3
321,3,0.6,8.72,3
322,3,0.6,8.66,3
323,3,0.6,8.56,3
324,3,0.6,8.46,3
325,3,0.6,8.18,3
326,3,0.6,9.08,3
327,3,0.6,10.32,3
328,3,0.6,8.68,3
329,3,0.6,7.88,3
330,3,0.6,9.44,3
331,3,0.6,9.4,3
332,3,0.6,8.48,3
333,3,0.6,8.78,3
334,3,0.6,8.32,3
335,3,0.6,9.32,3
336,3,0.6,8.8,3
337,3,0.6,8.56,3
338,3,0.6,8.76,3
339,3,0.6,9.0,3
340,3,0.6,8.84,3
341,3,0.6,8.8,3
342,3,0.6,8.72,3
343,3,0.6,8.74,3
344,3,0.6,8.26,3
345,3,0.6,9.14,3
346,3,0.6,7.8,3
347,3,0.6,8.94,3
348,3,0.6,9.0,3
349,3,0.6,8.38,3
350,3,0.6,8.12,3
351,3,0.6,8.68,3
352,3,0.6,8.8,3
353,3,0.6,8.18,3
354,3,0.6,9.06,3
355,3,0.6,8.28,3
356,3,0.6,8.1,3
357,3,0.6,7.84,3
358,3,0.6,8.2,3
359,3,0.6,10.3,3
360,3,0.6,9.34,3
361,3,0.6,9.0,3
362,3,0.6,9.26,3
363,3,0.6,8.68,3
364,3,0.6,9.16,3
365,3,0.6,8.28,3
366,3,0.6,8.02,3
367,3,0.6,8.68,3
368,3,0.6,8.92,3
369,3,0.6,9.74,3
370,3,0.6,8.62,3
371,3,0.6,8.88,3
372,3,0.6,9.16,3
373,3,0.6,9.62,3
374,3,0.6,9.38,3
375,3,0.6,8.62,3
376,3,0.6,8.84,3
377,3,0.6,9.64,3
378,3,0.6,9.3,2
379,3,0.6,8.06,2
380,3,0.6,8.3,2
381,3,0.6,7.82,2
382,3,0.6,8.88,2
383,3,0.6,9.08,2
384,3,0.6,8.02,2
385,3,0.6,7.94,2
386,3,0.6,7.54,2
387,3,0.6,7.7,2
388,3,0.6,8.24,2
389,3,0.6,8.68,2
390,3,0.6,8.44,2
391,3,0.6,8.24,2
392,3,0.6,7.64,2
393,3,0.6,8.04,2
394,3,0.6,7.34,2
395,3,0.6,7.8,2
396,3,0.6,7.68,2
397,3,0.6,8.18,2
398,3,0.6,7.62,2
399,3,0.6,8.58,2
400,3,0.6,9.06,2
401,3,0.6,7.86,2
402,3,0.6,8.08,2
403,3,0.6,8.62,2
404,3,0.6,8.24,2
405,3,0.6,7.08,2
406,3,0.6,7.9,2
407,3,0.6,7.76,2
408,3,0.6,7.66,2
409,3,0.6,8.1,2
410,3,0.6,7.24,2
411,3,0.6,7.72,2
412,3,0.6,8.14,2
413,3,0.6,7.98,2
414,3,0.6,9.76,2
415,3,0.6,8.42,2
416,3,0.6,7.66,2
417,3,0.6,8.42,2
418,3,0.6,8.74,2
419,3,0.6,8.28,2
420,3,0.6,8.0,2
421,3,0.6,8.84,2
422,3,0.6,8.32,2
423,3,0.6,7.26,2
424,3,0.6,8.5,2
425,3,0.6,7.58,2
426,3,0.6,8.8,2
427,3,0.6,7.14,2
428,3,0.6,6.3,2
429,3,0.6,8.04,2
430,3,0.6,8.16,2
431,3,0.6,8.04,2
432,3,0.6,8.18,2
433,3,0.6,7.44,1
434,3,0.6,6.74,1
435,3,0.6,6.76,1
436,3,0.6,7.48,1
437,3,0.6,7.14,1
438,3,0.6,7.34,1
439,3,0.6,7.14,1
440,3,0.6,6.68,1
441,3,0.6,7.28,1
442,3,0.6,7.54,1
443,3,0.6,6.76,1
444,3,0.6,8.14,1
445,3,0.6,7.4,1
446,3,0.6,7.94,1
447,3,0.6,7.6,1
448,3,0.6,7.04,1
449,3,0.6,6.8,1
450,3,0.6,7.34,1
451,3,0.6,8.68,1
452,3,0.6,8.02,1
453,3,0.6,7.1,1
454,3,0.6,7.68,1
455,3,0.6,8.02,1
456,3,0.6,8.18,1
457,3,0.6,8.82,1
458,3,0.6,8.34,1
459,3,0.6,7.66,1
460,3,0.6,7.4,1
461,3,0.6,7.14,1
462,3,0.6,7.32,1
463,3,0.6,7.08,1
464,3,0.6,7.36,1
465,3,0.6,7.08,1
466,3,0.6,6.68,1
467,3,0.6,6.98,1
468,3,0.6,6.7,1
469,3,0.6,6.68,1
470,3,0.6,7.46,1
471,3,0.6,6.8,1
472,3,0.6,7.88,1
473,3,0.6,7.38,1
474,3,0.6,7.34,1
475,3,0.6,7.52,1
476,3,0.6,7.52,1
477,3,0.6,7.3,1
478,3,0.6,7.08,1
479,3,0.6,8.04,1
480,3,0.6,7.5,1
481,3,0.6,6.72,1
482,3,0.6,6.5,1
483,3,0.6,6.08,1
484,3,0.6,7.18,1
485,3,0.6,7.04,1
486,3,0.6,7.44,1
487,3,0.6,6.04,1
488,3,0.6,7.24,1
489,3,0.6,6.46,1
490,3,0.6,6.52,1
491,3,0.6,7.12,1
492,3,0.6,7.06,1
493,3,0.6,7.94,1
494,3,0.6,8.22,1
495,3,0.6,7.44,1
496,3,0.6,7.86,1
497,3,0.6,7.48,1
498,3,0.6,6.66,1
499,3,0.6,6.64,1
500,3,0.6,7.0,1
501,3,0.6,7.06,1
502,3,0.6,7.16,1
503,3,0.6,6.24,1
504,3,0.6,6.06,1
505,3,0.6,7.06,1
506,3,0.6,6.52,1
507,3,0.6,7.18,1
508,3,0.6,6.32,1
509,3,0.6,5.78,1
510,3,0.6,6.88,1
511,3,0.6,5.72,1
512,3,0.6,6.94,1
513,3,0.6,7.42,1
514,3,0.6,7.82,1
515,3,0.6,7.38,1
516,3,0.6,6.72,1
517,3,0.6,7.12,1
518,3,0.6,7.24,1
519,3,0.6,6.8,1
520,3,0.6,7.08,1
521,3,0.6,7.3,1
522,3,0.6,6.72,1
523,3,0.6,7.76,1
524,3,0.6,7.34,1
525,3,0.6,6.14,1
526,3,0.6,6.38,1
527,3,0.6,6.6,1
528,3,0.6,6.96,1
529,3,0.6,8.12,1
530,3,0.6,7.56,1
531,3,0.6,6.78,1
532,3,0.6,6.98,1
533,3,0.6,7.56,1
534,3,0.6,7.08,1
535,3,0.6,7.36,1
536,3,0.6,6.88,1
537,3,0.6,6.88,1
538,3,0.6,6.26,1
539,3,0.6,6.72,1
540,3,0.6,6.96,1
541,3,0.6,6.74,1
542,3,0.6,6.3,1
543,3,0.6,6.16,1
544,3,0.6,6.08,1
545,3,0.6,6.9,1
546,3,0.6,5.84,1
547,3,0.6,6.8,1
548,3,0.6,7.66,1
549,3,0.6,7.7,1
550,3,0.6,7.72,1
551,3,0.6,6.86,1
552,3,0.6,6.54,1
553,3,0.6,6.62,1
554,3,0.6,6.3,1
555,3,0.6,6.26,1
556,3,0.6,6.38,1
557,3,0.6,6.9,1
558,3,0.6,7.7,1
559,3,0.6,6.88,1
560,3,0.6,7.32,1
561,3,0.6,8.0,1
562,3,0.6,6.48,1
563,3,0.6,6.86,1
564,3,0.6,6.26,1
565,3,0.6,6.2,1
566,3,0.6,6.54,1
567,3,0.6,6.7,1
568,3,0.6,6.42,1
569,3,0.6,6.18,1
570,3,0.6,6.56,1
571,3,0.6,7.82,1
572,3,0.6,6.92,1
573,3,0.6,6.88,1
574,3,0.6,6.54,1
575,3,0.6,5.92,1
576,3,0.6,7.02,1
577,3,0.6,6.82,1
578,3,0.6,7.3,1
579,3,0.6,7.9,1
580,3,0.6,6.8,1
581,3,0.6,7.36,1
582,3,0.6,6.84,1
583,3,0.6,7.28,1
584,3,0.6,7.14,1
585,3,0.6,8.52,1
586,3,0.6,7.04,1
587,3,0.6,7.6,1
588,3,0.6,8.1,1
589,3,0.6,6.82,1
590,3,0.6,7.74,1
591,3,0.6,7.72,1
592,3,0.6,6.78,1
593,3,0.6,6.68,1
594,3,0.6,7.5,1
595,3,0.6,7.5,1
596,3,0.6,6.94,1
597,3,0.6,7.42,1
598,3,0.6,8.0,1
599,3,0.6,8.08,1
600,3,0.6,6.64,1
601,3,0.6,6.82,1
602,3,0.6,7.56,1
603,3,0.6,6.72,1
604,3,0.6,5.98,1
605,3,0.6,5.72,1
606,3,0.6,6.36,1
607,3,0.6,6.68,1
608,3,0.6,7.56,1
609,3,0.6,6.38,1
610,3,0.6,6.32,1
611,3,0.6,6.76,1
612,3,0.6,7.12,1
613,3,0.6,7.24,1
614,3,0.6,7.68,1
615,3,0.6,7.32,1
616,3,0.6,7.64,1
617,3,0.6,7.46,1
618,3,0.6,6.52,1
619,3,0.6,6.86,1
620,3,0.6,7.04,1
621,3,0.6,6.32,1
622,3,0.6,7.2,1
623,3,0.6,7.96,1
624,3,0.6,7.62,1
625,3,0.6,6.82,1
626,3,0.6,6.74,1
627,3,0.6,6.28,1
628,3,0.6,7.0,1
629,3,0.6,6.96,1
630,3,0.6,6.54,1
631,3,0.6,6.78,1
632,3,0.6,7.02,1
633,3,0.6,7.12,1
634,3,0.6,6.7,1
635,3,0.6,7.26,1
636,3,0.6,6.46,1
637,3,0.6,6.84,1
638,3,0.6,7.3,1
639,3,0.6,7.02,1
640,3,0.6,7.42,1
641,3,0.6,6.78,1
642,3,0.6,5.9,1
643,3,0.6,6.34,1
644,3,0.6,7.5,1
645,3,0.6,7.62,1
646,3,0.6,6.82,1
647,3,0.6,7.98,1
648,3,0.6,5.44,1
649,3,0.6,6.96,1
650,3,0.6,5.68,1
651,3,0.6,6.56,1
652,3,0.6,6.72,1
653,3,0.6,8.16,1
654,3,0.6,7.44,1
655,3,0.6,6.82,1
656,3,0.6,7.58,1
657,3,0.6,6.46,1
658,3,0.6,6.52,1
659,3,0.6,7.7,1
660,3,0.6,7.76,1
661,3,0.6,8.02,1
662,3,0.6,8.1,1
663,3,0.6,7.66,1
664,3,0.6,7.14,1
665,3,0.6,7.2,1
666,3,0.6,6.72,1
667,3,0.6,7.18,1
668,3,0.6,6.56,1
669,3,0.6,7.22,1
670,3,0.6,6.94,1
671,3,0.6,7.24,1
672,3,0.6,5.9,1
673,3,0.6,6.98,1
674,3,0.6,7.66,1
675,3,0.6,7.26,1
676,3,0.6,6.9,1
677,3,0.6,6.76,1
678,3,0.6,7.82,1
679,3,0.6,6.14,1
680,3,0.6,5.78,1
681,3,0.6,6.8,1
682,3,0.6,6.68,1
683,3,0.6,7.54,1
684,3,0.6,7.62,1
685,3,0.6,7.44,1
686,3,0.6,7.14,1
687,3,0.6,7.5,1
688,3,0.6,8.04,1
689,3,0.6,8.24,1
690,3,0.6,7.64,1
691,3,0.6,7.18,1
692,3,0.6,6.12,1
693,3,0.6,6.88,1
694,3,0.6,6.24,1
695,3,0.6,7.12,1
696,3,0.6,7.72,1
697,3,0.6,8.12,1
698,3,0.6,7.44,1
699,3,0.6,7.42,1
700,3,0.6,7.04,1
701,3,0.6,6.64,1
702,3,0.6,6.6,1
703,3,0.6,6.72,1
704,3,0.6,7.44,1
705,3,0.6,7.34,1
706,3,0.6,6.74,1
707,3,0.6,7.5,1
708,3,0.6,7.44,1
709,3,0.6,7.44,1
710,3,0.6,7.42,1
711,3,0.6,6.8,1
712,3,0.6,6.78,1
713,3,0.6,6.8,1
714,3,0.6,6.46,1
715,3,0.6,6.66,1
716,3,0.6,5.76,1
717,3,0.6,6.3,1
718,3,0.6,5.86,1
719,3,0.6,7.18,1
720,3,0.6,7.44,1
721,3,0.6,6.92,1
722,3,0.6,7.6,1
723,3,0.6,6.7,1
724,3,0.6,7.62,1
725,3,0.6,7.0,1
726,3,0.6,7.32,1
727,3,0.6,7.36,1
728,3,0.6,6.78,1
729,3,0.6,7.7,1
730,3,0.6,6.78,1
731,3,0.6,6.56,1
732,3,0.6,5.98,1
733,3,0.6,6.9,1
734,3,0.6,6.84,1
735,3,0.6,6.16,1
736,3,0.6,6.94,1
737,3,0.6,6.82,1
738,3,0.6,7.78,1
739,3,0.6,7.22,1
740,3,0.6,7.1,1
741,3,0.6,6.16,1
742,3,0.6,7.34,1
743,3,0.6,6.9,1
744,3,0.6,6.86,1
745,3,0.6,7.12,1
746,3,0.6,7.16,1
747,3,0.6,8.24,1
748,3,0.6,7.02,1
749,3,0.6,7.2,1
750,3,0.6,6.08,1
751,3,0.6,7.22,1
752,3,0.6,8.74,1
753,3,0.6,8.08,1
754,3,0.6,7.34,1
755,3,0.6,7.26,1
756,3,0.6,7.36,1
757,3,0.6,7.36,1
758,3,0.6,6.86,1
759,3,0.6,7.58,1
760,3,0.6,7.74,1
761,3,0.6,7.18,1
762,3,0.6,7.0,1
763,3,0.6,7.0,1
764,3,0.6,7.48,1
765,3,0.6,7.18,1
766,3,0.6,7.66,1
767,3,0.6,6.9,1
768,3,0.6,7.12,1
769,3,0.6,7.54,1
770,3,0.6,6.7,1
771,3,0.6,7.98,1
772,3,0.6,7.34,1
773,3,0.6,7.54,1
774,3,0.6,6.12,1
775,3,0.6,6.86,1
776,3,0.6,7.12,1
777,3,0.6,7.22,1
778,3,0.6,6.64,1
779,3,0.6,5.48,1
780,3,0.6,7.64,1
781,3,0.6,7.6,1
782,3,0.6,7.02,1
783,3,0.6,6.7,1
784,3,0.6,6.06,1
785,3,0.6,7.56,1
786,3,0.6,7.26,1
787,3,0.6,7.52,1
788,3,0.6,6.92,1
789,3,0.6,6.12,1
790,3,0.6,6.52,1
791,3,0.6,7.72,1
792,3,0.6,6.42,1
793,3,0.6,6.44,1
794,3,0.6,7.06,1
795,3,0.6,6.38,1
796,3,0.6,5.32,1
797,3,0.6,6.8,1
798,3,0.6,6.14,1
799,3,0.6,6.48,1
800,3,0.6,6.62,1
801,3,0.6,6.56,1
802,3,0.6,6.64,1
803,3,0.6,6.16,1
804,3,0.6,7.04,1
805,3,0.6,7.46,1
806,3,0.6,6.44,1
807,3,0.6,7.4,1
808,3,0.6,7.12,1
809,3,0.6,6.3,1
810,3,0.6,6.8,1
811,3,0.6,7.68,1
812,3,0.6,7.44,1
813,3,0.6,7.68,1
814,3,0.6,6.28,1
815,3,0.6,6.26,1
816,3,0.6,6.9,1
817,3,0.6,6.4,1
818,3,0.6,6.76,1
819,3,0.6,7.44,1
820,3,0.6,7.2,1
821,3,0.6,6.1,1
822,3,0.6,5.9,1
823,3,0.6,7.08,1
824,3,0.6,7.5,1
825,3,0.6,7.08,1
826,3,0.6,7.3,1
827,3,0.6,8.04,1
828,3,0.6,8.1,1
829,3,0.6,7.4,1
830,3,0.6,7.2,1
831,3,0.6,6.08,1
832,3,0.6,6.72,1
833,3,0.6,6.36,1
834,3,0.6,6.52,1
835,3,0.6,6.84,1
836,3,0.6,6.4,1
837,3,0.6,6.96,1
838,3,0.6,7.28,1
839,3,0.6,7.42,1
840,3,0.6,6.32,1
841,3,0.6,6.98,1
842,3,0.6,7.38,1
843,3,0.6,6.64,1
844,3,0.6,5.58,1
845,3,0.6,6.0,1
846,3,0.6,7.14,1
847,3,0.6,6.78,1
848,3,0.6,7.76,1
849,3,0.6,6.78,1
850,3,0.6,7.56,1
851,3,0.6,7.92,1
852,3,0.6,7.8,1
853,3,0.6,7.02,1
854,3,0.6,6.84,1
855,3,0.6,7.16,1
856,3,0.6,7.7,1
857,3,0.6,6.72,1
858,3,0.6,6.78,1
859,3,0.6,6.46,1
860,3,0.6,7.54,1
861,3,0.6,7.26,1
862,3,0.6,7.5,1
863,3,0.6,7.7,1
864,3,0.6,6.5,1
865,3,0.6,7.1,1
866,3,0.6,7.58,1
867,3,0.6,8.02,1
868,3,0.6,7.74,1
869,3,0.6,6.38,1
870,3,0.6,7.96,1
871,3,0.6,6.34,1
872,3,0.6,7.12,1
873,3,0.6,8.08,1
874,3,0.6,7.82,1
875,3,0.6,7.46,1
876,3,0.6,6.66,1
877,3,0.6,6.62,1
878,3,0.6,6.66,1
879,3,0.6,6.98,1
880,3,0.6,7.26,1
881,3,0.6,6.74,1
882,3,0.6,7.82,1
883,3,0.6,7.88,1
884,3,0.6,7.38,1
885,3,0.6,6.18,1
886,3,0.6,5.72,1
887,3,0.6,6.12,1
888,3,0.6,8.08,1
889,3,0.6,8.08,1
890,3,0.6,6.28,1
891,3,0.6,7.02,1
892,3,0.6,6.68,1
893,3,0.6,6.72,1
894,3,0.6,5.9,1
895,3,0.6,6.64,1
896,3,0.6,6.46,1
897,3,0.6,7.1,1
898,3,0.6,7.06,1
899,3,0.6,7.56,1
900,3,0.6,7.24,1
901,3,0.6,7.72,1
902,3,0.6,7.34,1
903,3,0.6,7.08,1
904,3,0.6,7.58,1
905,3,0.6,6.76,1
906,3,0.6,8.18,1
907,3,0.6,6.86,1
908,3,0.6,8.4,1
909,3,0.6,7.56,1
910,3,0.6,7.54,1
911,3,0.6,8.66,1
912,3,0.6,7.96,1
913,3,0.6,7.84,1
914,3,0.6,6.98,1
915,3,0.6,6.68,1
916,3,0.6,6.0,1
917,3,0.6,6.78,1
918,3,0.6,7.32,1
919,3,0.6,7.06,1
920,3,0.6,7.1,1
921,3,0.6,6.7,1
922,3,0.6,6.94,1
923,3,0.6,6.76,1
924,3,0.6,6.64,1
925,3,0.6,6.14,1
926,3,0.6,6.3,1
927,3,0.6,7.1,1
928,3,0.6,6.88,1
929,3,0.6,7.08,1
930,3,0.6,7.36,1
931,3,0.6,7.88,1
932,3,0.6,7.66,1
933,3,0.6,7.64,1
934,3,0.6,7.5,1
935,3,0.6,7.12,1
936,3,0.6,6.78,1
937,3,0.6,6.94,1
938,3,0.6,7.02,1
939,3,0.6,6.72,1
940,3,0.6,7.02,1
941,3,0.6,6.36,1
942,3,0.6,7.04,1
943,3,0.6,7.2,1
944,3,0.6,6.12,1
945,3,0.6,7.24,1
946,3,0.6,7.2,1
947,3,0.6,7.2,1
948,3,0.6,7.2,1
949,3,0.6,6.6,1
950,3,0.6,7.12,1
951,3,0.6,7.04,1
952,3,0.6,6.8,1
953,3,0.6,7.14,1
954,3,0.6,7.38,1
955,3,0.6,7.34,1
956,3,0.6,6.6,1
957,3,0.6,6.38,1
958,3,0.6,7.26,1
959,3,0.6,7.84,1
960,3,0.6,7.04,1
961,3,0.6,6.64,1
962,3,0.6,6.94,1
963,3,0.6,6.8,1
964,3,0.6,6.76,1
965,3,0.6,7.0,1
966,3,0.6,6.74,1
967,3,0.6,6.7,1
968,3,0.6,6.38,1
969,3,0.6,6.36,1
970,3,0.6,6.28,1
971,3,0.6,6.7,1
972,3,0.6,5.96,1
973,3,0.6,7.2,1
974,3,0.6,7.54,1
975,3,0.6,6.38,1
976,3,0.6,6.5,1
977,3,0.6,7.16,1
978,3,0.6,6.56,1
979,3,0.6,5.82,1
980,3,0.6,7.06,1
981,3,0.6,6.08,1
982,3,0.6,6.78,1
983,3,0.6,6.56,1
984,3,0.6,5.86,1
985,3,0.6,6.98,1
986,3,0.6,7.38,1
987,3,0.6,6.5,1
988,3,0.6,6.64,1
989,3,0.6,6.66,1
990,3,0.6,7.24,1
991,3,0.6,7.54,1
992,3,0.6,6.86,1
993,3,0.6,8.18,1
994,3,0.6,8.06,1
995,3,0.6,6.5,1
996,3,0.6,7.26,1
997,3,0.6,7.14,1
998,3,0.6,6.88,1
999,3,0.6,7.28,1
1000,3,0.6,7.22,1
1001,3,0.6,7.82,1
1002,3,0.6,7.02,1
1003,3,0.6,7.84,1
1004,3,0.6,7.24,1
1005,3,0.6,7.3,1
1006,3,0.6,7.12,1
1007,3,0.6,7.26,1
1008,3,0.6,7.66,1
1009,3,0.6,6.62,1
1010,3,0.6,7.98,1
1011,3,0.6,7.14,1
1012,3,0.6,6.88,1
1013,3,0.6,8.34,1
1014,3,0.6,7.18,1
1015,3,0.6,7.36,1
1016,3,0.6,7.9,1
1017,3,0.6,7.96,1
1018,3,0.6,6.54,1
1019,3,0.6,7.68,1
1020,3,0.6,7.3,1
1021,3,0.6,7.4,1
1022,3,0.6,7.4,1
1023,3,0.6,7.72,1
1024,3,0.6,6.82,1
1025,3,0.6,6.52,1
1026,3,0.6,6.9,1
1027,3,0.6,6.32,1
1028,3,0.6,6.76,1
1029,3,0.6,7.32,1
1030,3,0.6,7.68,1
1031,3,0.6,7.54,1
1032,3,0.6,6.6,1
1033,3,0.6,6.64,1
1034,3,0.6,6.44,1
1035,3,0.6,6.24,1
1036,3,0.6,7.04,1
1037,3,0.6,7.12,1
1038,3,0.6,6.62,1
1039,3,0.6,7.22,1
1040,3,0.6,7.84,1
1041,3,0.6,6.6,1
1042,3,0.6,5.46,1
1043,3,0.6,7.26,1
1044,3,0.6,6.74,1
1045,3,0.6,7.52,1
1046,3,0.6,7.62,1
1047,3,0.6,6.92,1
1048,3,0.6,7.74,1
1049,3,0.6,7.66,1
1050,3,0.6,8.0,1
1051,3,0.6,7.68,1
1052,3,0.6,7.42,1
1053,3,0.6,6.18,1
1054,3,0.6,6.22,1
1055,3,0.6,5.96,1
1056,3,0.6,7.18,1
1057,3,0.6,7.0,1
1058,3,0.6,6.56,1
1059,3,0.6,6.94,1
1060,3,0.6,7.06,1
1061,3,0.6,5.98,1
1062,3,0.6,7.14,1
1063,3,0.6,7.42,1
1064,3,0.6,6.96,1
1065,3,0.6,7.82,1
1066,3,0.6,7.62,1
1067,3,0.6,6.78,1
1068,3,0.6,6.5,1
1069,3,0.6,6.8,1
1070,3,0.6,6.86,1
1071,3,0.6,6.84,1
1072,3,0.6,7.88,1
1073,3,0.6,8.78,1
1074,3,0.6,7.44,1
1075,3,0.6,7.68,1
1076,3,0.6,7.08,1
1077,3,0.6,6.4,1
1078,3,0.6,7.98,1
1079,3,0.6,7.12,1
1080,3,0.6,7.28,1
1081,3,0.6,7.06,1
1082,3,0.6,6.38,1
1083,3,0.6,7.18,1
1084,3,0.6,6.88,1
1085,3,0.6,6.98,1
1086,3,0.6,6.94,1
1087,3,0.6,5.44,1
1088,3,0.6,7.16,1
1089,3,0.6,6.8,1
1090,3,0.6,6.06,1
1091,3,0.6,6.6,1
1092,3,0.6,6.3,1
1093,3,0.6,7.58,1
1094,3,0.6,7.1,1
1095,3,0.6,7.36,1
1096,3,0.6,6.84,1
1097,3,0.6,7.1,1
1098,3,0.6,6.88,1
1099,3,0.6,6.94,1
1100,3,0.6,6.5,1
1101,3,0.6,6.74,1
1102,3,0.6,6.92,1
1103,3,0.6,7.0,1
1104,3,0.6,8.08,1
1105,3,0.6,6.9,1
1106,3,0.6,6.6,1
1107,3,0.6,6.18,1
1108,3,0.6,6.36,1
1109,3,0.6,6.72,1
1110,3,0.6,6.5,1
1111,3,0.6,6.46,1
1112,3,0.6,6.86,1
1113,3,0.6,6.98,1
1114,3,0.6,7.62,1
1115,3,0.6,6.54,1
1116,3,0.6,7.2,1
1117,3,0.6,7.66,1
1118,3,0.6,6.38,1
1119,3,0.6,6.82,1
1120,3,0.6,6.72,1
1121,3,0.6,6.32,1
1122,3,0.6,6.5,1
1123,3,0.6,7.22,1
1124,3,0.6,7.52,1
1125,3,0.6,7.56,1
1126,3,0.6,7.26,1
1127,3,0.6,6.62,1
1128,3,0.6,6.18,1
1129,3,0.6,7.06,1
1130,3,0.6,7.68,1
1131,3,0.6,7.22,1
1132,3,0.6,6.14,1
1133,3,0.6,6.76,1
1134,3,0.6,7.72,1
1135,3,0.6,7.36,1
1136,3,0.6,7.4,1
1137,3,0.6,7.72,1
1138,3,0.6,6.1,1
1139,3,0.6,6.3,1
1140,3,0.6,7.76,1
1141,3,0.6,7.06,1
1142,3,0.6,6.94,1
1143,3,0.6,6.88,1
1144,3,0.6,6.72,1
1145,3,0.6,7.16,1
1146,3,0.6,8.06,1
1147,3,0.6,7.86,1
1148,3,0.6,7.52,1
1149,3,0.6,7.46,1
1150,3,0.6,7.5,1
1151,3,0.6,6.98,1
1152,3,0.6,7.0,1
1153,3,0.6,6.7,1
1154,3,0.6,5.94,1
1155,3,0.6,6.84,1
1156,3,0.6,6.46,1
1157,3,0.6,6.86,1
1158,3,0.6,6.34,1
1159,3,0.6,6.72,1
1160,3,0.6,7.26,1
1161,3,0.6,7.06,1
1162,3,0.6,6.66,1
1163,3,0.6,6.48,1
1164,3,0.6,6.6,1
1165,3,0.6,7.08,1
1166,3,0.6,7.38,1
1167,3,0.6,7.36,1
1168,3,0.6,7.52,1
1169,3,0.6,6.74,1
1170,3,0.6,6.68,1
1171,3,0.6,6.4,1
1172,3,0.6,6.92,1
1173,3,0.6,7.14,1
1174,3,0.6,7.42,1
1175,3,0.6,6.0,1
1176,3,0.6,6.14,1
1177,3,0.6,6.6,1
1178,3,0.6,6.52,1
1179,3,0.6,7.86,1
1180,3,0.6,6.86,1
1181,3,0.6,6.84,1
1182,3,0.6,7.64,1
1183,3,0.6,7.4,1
1184,3,0.6,6.84,1
1185,3,0.6,6.82,1
1186,3,0.6,7.1,1
1187,3,0.6,7.08,1
1188,3,0.6,6.38,1
1189,3,0.6,7.38,1
1190,3,0.6,6.96,1
1191,3,0.6,7.24,1
1192,3,0.6,6.62,1
1193,3,0.6,7.9,1
1194,3,0.6,7.62,1
1195,3,0.6,7.7,1
1196,3,0.6,7.48,1
1197,3,0.6,7.46,1
1198,3,0.6,8.02,1
1199,3,0.6,6.78,1
1200,3,0.6,7.26,1
1201,3,0.6,7.7,1
1202,3,0.6,6.02,1
1203,3,0.6,6.82,1
1204,3,0.6,7.22,1
1205,3,0.6,7.18,1
1206,3,0.6,7.28,1
1207,3,0.6,8.28,1
1208,3,0.6,7.36,1
1209,3,0.6,7.28,1
1210,3,0.6,7.7,1
1211,3,0.6,6.42,1
1212,3,0.6,6.32,1
1213,3,0.6,6.76,1
1214,3,0.6,6.2,1
1215,3,0.6,7.06,1
1216,3,0.6,6.54,1
1217,3,0.6,6.8,1
1218,3,0.6,7.38,1
1219,3,0.6,7.9,1
1220,3,0.6,7.3,1
1221,3,0.6,7.68,1
1222,3,0.6,8.7,1
1223,3,0.6,6.62,1
1224,3,0.6,6.72,1
1225,3,0.6,7.2,1
1226,3,0.6,7.26,1
1227,3,0.6,7.14,1
1228,3,0.6,7.56,1
1229,3,0.6,7.98,1
1230,3,0.6,7.68,1
1231,3,0.6,6.52,1
1232,3,0.6,7.34,1
1233,3,0.6,7.12,1
1234,3,0.6,7.52,1
1235,3,0.6,7.38,1
1236,3,0.6,7.6,1
1237,3,0.6,6.36,1
1238,3,0.6,7.72,1
1239,3,0.6,6.86,1
1240,3,0.6,7.76,1
1241,3,0.6,6.78,1
1242,3,0.6,7.74,1
1243,3,0.6,6.32,1
1244,3,0.6,6.2,1
1245,3,0.6,6.02,1
1246,3,0.6,7.32,1
1247,3,0.6,6.7,1
1248,3,0.6,6.94,1
1249,3,0.6,6.96,1
1250,3,0.6,8.12,1
1251,3,0.6,7.1,1
1252,3,0.6,7.4,1
1253,3,0.6,7.92,1
1254,3,0.6,6.8,1
1255,3,0.6,7.82,1
1256,3,0.6,7.8,1
1257,3,0.6,7.44,1
1258,3,0.6,6.7,1
1259,3,0.6,7.58,1
1260,3,0.6,7.22,1
1261,3,0.6,7.06,1
1262,3,0.6,7.48,1
1263,3,0.6,6.68,1
1264,3,0.6,6.0,1
1265,3,0.6,6.7,1
1266,3,0.6,6.58,1
1267,3,0.6,6.08,1
1268,3,0.6,6.74,1
1269,3,0.6,7.16,1
1270,3,0.6,7.48,1
1271,3,0.6,7.6,1
1272,3,0.6,7.0,1
1273,3,0.6,7.32,1
1274,3,0.6,5.9,1
1275,3,0.6,6.8,1
1276,3,0.6,5.82,1
1277,3,0.6,8.2,1
1278,3,0.6,7.62,1
1279,3,0.6,7.6,1
1280,3,0.6,7.24,1
1281,3,0.6,8.14,1
1282,3,0.6,7.3,1
1283,3,0.6,8.44,1
1284,3,0.6,7.34,1
1285,3,0.6,7.5,1
1286,3,0.6,6.9,1
1287,3,0.6,6.84,1
1288,3,0.6,8.14,1
1289,3,0.6,6.72,1
1290,3,0.6,6.48,1
1291,3,0.6,7.04,1
1292,3,0.6,6.62,1
1293,3,0.6,7.04,1
1294,3,0.6,6.7,1
1295,3,0.6,6.24,1
1296,3,0.6,6.74,1
1297,3,0.6,7.0,1
1298,3,0.6,6.56,1
1299,3,0.6,6.58,1
1300,3,0.6,7.62,1
1301,3,0.6,6.98,1
1302,3,0.6,7.14,1
1303,3,0.6,7.06,1
1304,3,0.6,6.08,1
1305,3,0.6,6.98,1
1306,3,0.6,6.3,1
1307,3,0.6,7.46,1
1308,3,0.6,7.54,1
1309,3,0.6,8.26,1
1310,3,0.6,6.26,1
1311,3,0.6,7.12,1
1312,3,0.6,7.08,1
1313,3,0.6,7.88,1
1314,3,0.6,8.34,1
1315,3,0.6,6.34,1
1316,3,0.6,5.76,1
1317,3,0.6,7.44,1
1318,3,0.6,7.46,1
1319,3,0.6,8.2,1
1320,3,0.6,6.92,1
1321,3,0.6,7.48,1
1322,3,0.6,7.64,1
1323,3,0.6,7.36,1
1324,3,0.6,7.18,1
1325,3,0.6,7.2,1
1326,3,0.6,6.64,1
1327,3,0.6,8.42,1
1328,3,0.6,7.18,1
1329,3,0.6,7.54,1
1330,3,0.6,7.6,1
1331,3,0.6,7.12,1
1332,3,0.6,6.86,1
1333,3,0.6,6.62,1
1334,3,0.6,6.14,1
1335,3,0.6,6.42,1
1336,3,0.6,6.92,1
1337,3,0.6,6.22,1
1338,3,0.6,7.3,1
1339,3,0.6,6.9,1
1340,3,0.6,7.04,1
1341,3,0.6,6.66,1
1342,3,0.6,6.46,1
1343,3,0.6,7.46,1
1344,3,0.6,7.16,1
1345,3,0.6,6.68,1
1346,3,0.6,6.02,1
1347,3,0.6,7.52,1
1348,3,0.6,7.3,1
1349,3,0.6,6.92,1
1350,3,0.6,7.86,1
1351,3,0.6,7.4,1
1352,3,0.6,7.18,1
1353,3,0.6,6.94,1
1354,3,0.6,7.6,1
1355,3,0.6,7.64,1
1356,3,0.6,8.24,1
1357,3,0.6,7.68,1
1358,3,0.6,6.22,1
1359,3,0.6,6.52,1
1360,3,0.6,7.06,1
1361,3,0.6,7.18,1
1362,3,0.6,6.5,1
1363,3,0.6,6.52,1
1364,3,0.6,7.08,1
1365,3,0.6,6.58,1
1366,3,0.6,5.9,1
1367,3,0.6,5.96,1
1368,3,0.6,6.92,1
1369,3,0.6,6.82,1
1370,3,0.6,6.76,1
1371,3,0.6,6.98,1
1372,3,0.6,6.64,1
1373,3,0.6,7.42,1
1374,3,0.6,7.44,1
1375,3,0.6,6.64,1
1376,3,0.6,5.3,1
1377,3,0.6,6.26,1
1378,3,0.6,6.54,1
1379,3,0.6,7.04,1
1380,3,0.6,6.32,1
1381,3,0.6,7.24,1
1382,3,0.6,6.06,1
1383,3,0.6,6.96,1
1384,3,0.6,7.2,1
1385,3,0.6,6.8,1
1386,3,0.6,7.46,1
1387,3,0.6,6.56,1
1388,3,0.6,6.82,1
1389,3,0.6,7.2,1
1390,3,0.6,7.28,1
1391,3,0.6,7.32,1
1392,3,0.6,8.18,1
1393,3,0.6,8.12,1
1394,3,0.6,7.04,1
1395,3,0.6,7.84,1
1396,3,0.6,6.88,1
1397,3,0.6,6.92,1
1398,3,0.6,8.4,1
1399,3,0.6,6.68,1
1400,3,0.6,7.32,1
1401,3,0.6,7.68,1
1402,3,0.6,7.08,1
1403,3,0.6,7.26,1
1404,3,0.6,8.0,1
1405,3,0.6,7.88,1
1406,3,0.6,7.06,1
1407,3,0.6,7.82,1
1408,3,0.6,6.88,1
1409,3,0.6,8.14,1
1410,3,0.6,6.38,1
1411,3,0.6,7.94,1
1412,3,0.6,6.38,1
1413,3,0.6,7.68,1
1414,3,0.6,7.26,1
1415,3,0.6,6.66,1
1416,3,0.6,6.6,1
1417,3,0.6,6.54,1
1418,3,0.6,7.9,1
1419,3,0.6,8.18,1
1420,3,0.6,8.54,1
1421,3,0.6,7.38,1
1422,3,0.6,6.74,1
1423,3,0.6,6.66,1
1424,3,0.6,6.86,1
1425,3,0.6,7.24,1
1426,3,0.6,8.26,1
1427,3,0.6,6.34,1
1428,3,0.6,6.06,1
1429,3,0.6,6.38,1
1430,3,0.6,6.44,1
1431,3,0.6,6.52,1
1432,3,0.6,6.36,1
1433,3,0.6,7.24,1
1434,3,0.6,7.96,1
1435,3,0.6,6.88,1
1436,3,0.6,7.58,1
1437,3,0.6,7.1,1
1438,3,0.6,7.16,1
1439,3,0.6,7.98,1
1440,3,0.6,7.3,1
1441,3,0.6,6.88,1
1442,3,0.6,7.36,1
1443,3,0.6,7.2,1
1444,3,0.6,7.02,1
1445,3,0.6,7.62,1
1446,3,0.6,7.5,1
1447,3,0.6,7.3,1
1448,3,0.6,7.34,1
1449,3,0.6,7.14,1
1450,3,0.6,6.44,1
1451,3,0.6,6.4,1
1452,3,0.6,7.04,1
1453,3,0.6,7.56,1
1454,3,0.6,7.52,1
1455,3,0.6,7.18,1
1456,3,0.6,7.74,1
1457,3,0.6,6.62,1
1458,3,0.6,5.78,1
1459,3,0.6,6.8,1
1460,3,0.6,6.46,1
1461,3,0.6,6.48,1
1462,3,0.6,6.88,1
1463,3,0.6,6.42,1
1464,3,0.6,6.26,1
1465,3,0.6,7.72,1
1466,3,0.6,7.16,1
1467,3,0.6,7.06,1
1468,3,0.6,6.64,1
1469,3,0.6,6.56,1
1470,3,0.6,7.02,1
1471,3,0.6,6.96,1
1472,3,0.6,6.76,1
1473,3,0.6,7.14,1
1474,3,0.6,7.5,1
1475,3,0.6,7.44,1
1476,3,0.6,6.7,1
1477,3,0.6,7.2,1
1478,3,0.6,7.04,1
1479,3,0.6,6.66,1
1480,3,0.6,7.04,1
1481,3,0.6,7.16,1
1482,3,0.6,6.9,1
1483,3,0.6,6.96,1
1484,3,0.6,5.68,1
1485,3,0.6,7.46,1
1486,3,0.6,7.0,1
1487,3,0.6,6.74,1
1488,3,0.6,7.04,1
1489,3,0.6,7.24,1
1490,3,0.6,8.1,1
1491,3,0.6,7.78,1
1492,3,0.6,7.84,1
1493,3,0.6,6.5,1
1494,3,0.6,7.72,1
1495,3,0.6,6.46,1
1496,3,0.6,7.22,1
1497,3,0.6,7.24,1
1498,3,0.6,6.12,1
1499,3,0.6,7.66,1
1500,3,0.6,6.9,1
1501,3,0.6,6.28,1
1502,3,0.6,7.38,1
1503,3,0.6,7.46,1
1504,3,0.6,6.76,1
1505,3,0.6,6.96,1
1506,3,0.6,8.4,1
1507,3,0.6,8.22,1
1508,3,0.6,7.54,1
1509,3,0.6,7.18,1
1510,3,0.6,6.92,1
1511,3,0.6,6.92,1
1512,3,0.6,6.58,1
1513,3,0.6,6.72,1
1514,3,0.6,7.38,1
1515,3,0.6,7.94,1
1516,3,0.6,7.26,1
1517,3,0.6,6.84,1
1518,3,0.6,7.12,1
1519,3,0.6,6.14,1
1520,3,0.6,8.08,1
1521,3,0.6,7.94,1
1522,3,0.6,6.28,1
1523,3,0.6,6.76,1
1524,3,0.6,5.54,1
1525,3,0.6,7.34,1
1526,3,0.6,6.58,1
1527,3,0.6,7.46,1
1528,3,0.6,7.46,1
1529,3,0.6,7.72,1
1530,3,0.6,7.54,1
1531,3,0.6,6.92,1
1532,3,0.6,6.62,1
1533,3,0.6,7.34,1
1534,3,0.6,7.4,1
1535,3,0.6,7.4,1
1536,3,0.6,6.92,1
1537,3,0.6,7.04,1
1538,3,0.6,6.82,1
1539,3,0.6,6.88,1
1540,3,0.6,6.92,1
1541,3,0.6,7.7,1
1542,3,0.6,7.06,1
1543,3,0.6,6.9,1
1544,3,0.6,7.64,1
1545,3,0.6,7.08,1
1546,3,0.6,6.32,1
1547,3,0.6,6.28,1
1548,3,0.6,7.1,1
1549,3,0.6,6.56,1
1550,3,0.6,7.92,1
1551,3,0.6,7.9,1
1552,3,0.6,7.28,1
1553,3,0.6,6.9,1
1554,3,0.6,8.04,1
1555,3,0.6,6.8,1
1556,3,0.6,6.9,1
1557,3,0.6,6.94,1
1558,3,0.6,6.64,1
1559,3,0.6,6.48,1
1560,3,0.6,6.64,1
1561,3,0.6,8.0,1
1562,3,0.6,7.9,1
1563,3,0.6,7.02,1
1564,3,0.6,7.0,1
1565,3,0.6,8.06,1
1566,3,0.6,7.7,1
1567,3,0.6,7.14,1
1568,3,0.6,6.72,1
1569,3,0.6,7.32,1
1570,3,0.6,7.54,1
1571,3,0.6,7.32,1
1572,3,0.6,7.66,1
1573,3,0.6,8.24,1
1574,3,0.6,6.76,1
1575,3,0.6,8.06,1
1576,3,0.6,7.76,1
1577,3,0.6,7.06,1
1578,3,0.6,6.9,1
1579,3,0.6,7.1,1
1580,3,0.6,7.76,1
1581,3,0.6,8.04,1
1582,3,0.6,7.62,1
1583,3,0.6,7.54,1
1584,3,0.6,6.98,1
1585,3,0.6,6.48,1
1586,3,0.6,7.54,1
1587,3,0.6,7.5,1
1588,3,0.6,6.9,1
1589,3,0.6,7.18,1
1590,3,0.6,6.2,1
1591,3,0.6,6.86,1
1592,3,0.6,7.38,1
1593,3,0.6,7.44,1
1594,3,0.6,6.16,1
1595,3,0.6,7.68,1
1596,3,0.6,6.5,1
1597,3,0.6,6.08,1
1598,3,0.6,6.76,1
1599,3,0.6,6.9,1
1600,3,0.6,7.7,1
1601,3,0.6,7.76,1
1602,3,0.6,6.32,1
1603,3,0.6,7.1,1
1604,3,0.6,7.48,1
1605,3,0.6,7.72,1
1606,3,0.6,6.62,1
1607,3,0.6,6.44,1
1608,3,0.6,6.8,1
1609,3,0.6,6.94,1
1610,3,0.6,6.18,1
1611,3,0.6,7.08,1
1612,3,0.6,6.64,1
1613,3,0.6,6.84,1
1614,3,0.6,7.26,1
1615,3,0.6,6.96,1
1616,3,0.6,6.18,1
1617,3,0.6,6.74,1
1618,3,0.6,8.38,1
1619,3,0.6,7.86,1
1620,3,0.6,6.16,1
1621,3,0.6,7.08,1
1622,3,0.6,7.56,1
1623,3,0.6,7.12,1
1624,3,0.6,7.08,1
1625,3,0.6,6.96,1
1626,3,0.6,7.08,1
1627,3,0.6,6.58,1
1628,3,0.6,7.04,1
1629,3,0.6,7.02,1
1630,3,0.6,6.82,1
1631,3,0.6,7.52,1
1632,3,0.6,6.68,1
1633,3,0.6,7.54,1
1634,3,0.6,7.04,1
1635,3,0.6,6.5,1
1636,3,0.6,6.68,1
1637,3,0.6,7.36,1
1638,3,0.6,6.56,1
1639,3,0.6,6.9,1
1640,3,0.6,7.6,1
1641,3,0.6,6.76,1
1642,3,0.6,7.08,1
1643,3,0.6,7.16,1
1644,3,0.6,8.32,1
1645,3,0.6,7.46,1
1646,3,0.6,6.86,1
1647,3,0.6,6.76,1
1648,3,0.6,7.44,1
1649,3,0.6,7.16,1
1650,3,0.6,6.6,1
1651,3,0.6,8.16,1
1652,3,0.6,7.16,1
1653,3,0.6,8.08,1
1654,3,0.6,6.62,1
1655,3,0.6,7.66,1
1656,3,0.6,6.06,1
1657,3,0.6,7.22,1
1658,3,0.6,5.82,1
1659,3,0.6,7.1,1
1660,3,0.6,6.86,1
1661,3,0.6,6.56,1
1662,3,0.6,6.38,1
1663,3,0.6,6.78,1
1664,3,0.6,7.24,1
1665,3,0.6,7.62,1
1666,3,0.6,7.0,1
1667,3,0.6,7.16,1
1668,3,0.6,6.98,1
1669,3,0.6,7.14,1
1670,3,0.6,6.62,1
1671,3,0.6,8.3,1
1672,3,0.6,8.3,1
1673,3,0.6,8.08,1
1674,3,0.6,7.66,1
1675,3,0.6,6.96,1
1676,3,0.6,7.36,1
1677,3,0.6,6.52,1
1678,3,0.6,7.42,1
1679,3,0.6,6.02,1
1680,3,0.6,7.24,1
1681,3,0.6,7.24,1
1682,3,0.6,6.42,1
1683,3,0.6,6.28,1
1684,3,0.6,7.04,1
1685,3,0.6,6.34,1
1686,3,0.6,6.46,1
1687,3,0.6,6.54,1
1688,3,0.6,6.94,1
1689,3,0.6,7.18,1
1690,3,0.6,7.86,1
1691,3,0.6,6.5,1
1692,3,0.6,6.76,1
1693,3,0.6,6.88,1
1694,3,0.6,6.54,1
1695,3,0.6,6.54,1
1696,3,0.6,7.5,1
1697,3,0.6,7.3,1
1698,3,0.6,7.32,1
1699,3,0.6,6.34,1
1700,3,0.6,6.3,1
1701,3,0.6,5.88,1
1702,3,0.6,6.58,1
1703,3,0.6,6.78,1
1704,3,0.6,6.96,1
1705,3,0.6,8.88,1
1706,3,0.6,7.56,1
1707,3,0.6,6.72,1
1708,3,0.6,5.96,1
1709,3,0.6,7.0,1
1710,3,0.6,7.22,0
0,4,0.6,57.86,40
1,4,0.6,44.98,37
2,4,0.6,39.7,35
3,4,0.6,38.36,33
4,4,0.6,35.12,30
5,4,0.6,32.98,29
6,4,0.6,33.1,27
7,4,0.6,30.22,27
8,4,0.6,31.16,26
9,4,0.6,29.86,23
10,4,0.6,29.36,23
11,4,0.6,27.34,22
12,4,0.6,26.2,21
13,4,0.6,25.16,21
14,4,0.6,24.46,19
15,4,0.6,23.78,19
16,4,0.6,23.16,18
17,4,0.6,22.5,17
18,4,0.6,22.06,17
19,4,0.6,21.8,17
20,4,0.6,21.22,15
21,4,0.6,20.58,15
22,4,0.6,19.72,15
23,4,0.6,19.76,15
24,4,0.6,19.18,13
25,4,0.6,19.0,13
26,4,0.6,18.18,13
27,4,0.6,18.12,13
28,4,0.6,17.7,13
29,4,0.6,17.78,12
30,4,0.6,17.68,12
31,4,0.6,17.1,11
32,4,0.6,15.9,11
33,4,0.6,15.74,11
34,4,0.6,15.38,11
35,4,0.6,15.56,11
36,4,0.6,16.1,11
37,4,0.6,15.62,11
38,4,0.6,16.78,11
39,4,0.6,15.0,11
40,4,0.6,15.36,11
41,4,0.6,15.08,11
42,4,0.6,16.0,11
43,4,0.6,15.54,10
44,4,0.6,15.06,10
45,4,0.6,15.44,10
46,4,0.6,15.36,10
47,4,0.6,15.32,10
48,4,0.6,15.6,10
49,4,0.6,15.3,10
50,4,0.6,14.78,10
51,4,0.6,14.62,10
52,4,0.6,15.12,10
53,4,0.6,15.8,10
54,4,0.6,14.7,10
55,4,0.6,15.32,10
56,4,0.6,15.56,10
57,4,0.6,14.62,10
58,4,0.6,15.86,10
59,4,0.6,14.04,10
60,4,0.6,14.5,10
61,4,0.6,13.82,10
62,4,0.6,14.64,10
63,4,0.6,14.7,9
64,4,0.6,15.2,9
65,4,0.6,15.46,9
66,4,0.6,15.24,9
67,4,0.6,14.76,9
68,4,0.6,14.86,9
69,4,0.6,16.48,9
70,4,0.6,13.82,8
71,4,0.6,13.76,8
72,4,0.6,13.02,8
73,4,0.6,13.06,8
74,4,0.6,12.72,8
75,4,0.6,12.62,8
76,4,0.6,13.0,7
77,4,0.6,12.52,7
78,4,0.6,12.36,7
79,4,0.6,12.58,7
80,4,0.6,12.16,7
81,4,0.6,11.66,7
82,4,0.6,12.58,7
83,4,0.6,12.9,7
84,4,0.6,12.54,7
85,4,0.6,12.34,7
86,4,0.6,12.26,7
87,4,0.6,12.7,7
88,4,0.6,12.78,7
89,4,0.6,13.0,7
90,4,0.6,12.58,7
91,4,0.6,11.56,7
92,4,0.6,12.02,7
93,4,0.6,12.34,7
94,4,0.6,12.58,7
95,4,0.6,13.14,7
96,4,0.6,12.74,7
97,4,0.6,12.88,7
98,4,0.6,12.92,7
99,4,0.6,13.14,7
100,4,0.6,12.48,7
101,4,0.6,12.6,7
102,4,0.6,12.2,7
103,4,0.6,13.34,7
104,4,0.6,12.52,7
105,4,0.6,10.98,7
106,4,0.6,11.56,7
107,4,0.6,11.9,7
108,4,0.6,12.06,7
109,4,0.6,13.26,7
110,4,0.6,12.92,7
111,4,0.6,11.62,7
112,4,0.6,11.84,7
113,4,0.6,13.14,7
114,4,0.6,12.36,7
115,4,0.6,12.42,7
116,4,0.6,11.26,7
117,4,0.6,11.26,7
118,4,0.6,12.36,7
119,4,0.6,11.94,7
120,4,0.6,12.04,7
121,4,0.6,12.1,7
122,4,0.6,10.82,7
123,4,0.6,11.8,7
124,4,0.6,11.7,6
125,4,0.6,11.84,6
126,4,0.6,10.98,6
127,4,0.6,11.34,6
128,4,0.6,11.62,6
129,4,0.6,10.68,6
130,4,0.6,11.14,6
131,4,0.6,12.04,6
132,4,0.6,10.9,6
133,4,0.6,11.58,6
134,4,0.6,11.8,6
135,4,0.6,12.4,6
136,4,0.6,11.1,6
137,4,0.6,12.02,6
138,4,0.6,11.32,6
139,4,0.6,11.24,6
140,4,0.6,11.18,6
141,4,0.6,10.54,6
142,4,0.6,11.12,6
143,4,0.6,11.48,6
144,4,0.6,10.98,5
145,4,0.6,10.12,5
146,4,0.6,11.08,5
147,4,0.6,10.64,5
148,4,0.6,10.5,5
149,4,0.6,10.8,5
150,4,0.6,10.2,5
151,4,0.6,10.3,5
152,4,0.6,10.2,5
153,4,0.6,10.84,5
154,4,0.6,10.68,5
155,4,0.6,10.72,5
156,4,0.6,10.12,5
157,4,0.6,10.16,5
158,4,0.6,10.18,5
159,4,0.6,10.98,5
160,4,0.6,11.72,5
161,4,0.6,11.38,5
162,4,0.6,11.12,5
163,4,0.6,11.3,5
164,4,0.6,11.18,5
165,4,0.6,12.08,5
166,4,0.6,10.64,5
167,4,0.6,10.18,5
168,4,0.6,10.9,5
169,4,0.6,10.02,5
170,4,0.6,11.06,5
171,4,0.6,10.72,5
172,4,0.6,10.14,5
173,4,0.6,9.78,5
174,4,0.6,10.64,5
175,4,0.6,10.42,5
176,4,0.6,10.38,5
177,4,0.6,10.12,5
178,4,0.6,9.46,5
179,4,0.6,10.34,5
180,4,0.6,9.62,5
181,4,0.6,10.06,5
182,4,0.6,11.06,5
183,4,0.6,11.52,5
184,4,0.6,10.3,5
185,4,0.6,10.54,5
186,4,0.6,10.32,5
187,4,0.6,10.54,5
188,4,0.6,9.96,5
189,4,0.6,10.88,5
190,4,0.6,10.6,5
191,4,0.6,10.1,5
192,4,0.6,10.68,5
193,4,0.6,9.64,5
194,4,0.6,10.28,5
195,4,0.6,10.94,5
196,4,0.6,10.7,5
197,4,0.6,10.52,5
198,4,0.6,9.38,5
199,4,0.6,10.58,5
200,4,0.6,10.76,5
201,4,0.6,9.56,5
202,4,0.6,10.02,5
203,4,0.6,11.3,5
204,4,0.6,10.96,5
205,4,0.6,11.36,5
206,4,0.6,11.16,5
207,4,0.6,10.58,5
208,4,0.6,10.88,5
209,4,0.6,9.68,5
210,4,0.6,10.42,5
211,4,0.6,11.02,5
212,4,0.6,9.76,5
213,4,0.6,10.0,5
214,4,0.6,10.44,5
215,4,0.6,9.88,5
216,4,0.6,10.2,5
217,4,0.6,10.48,5
218,4,0.6,10.48,5
219,4,0.6,10.38,5
220,4,0.6,10.4,5
221,4,0.6,9.76,5
222,4,0.6,10.52,5
223,4,0.6,10.1,5
224,4,0.6,10.34,5
225,4,0.6,10.34,5
226,4,0.6,10.72,5
227,4,0.6,10.74,5
228,4,0.6,11.78,5
229,4,0.6,10.74,5
230,4,0.6,10.26,5
231,4,0.6,9.96,5
232,4,0.6,11.72,5
233,4,0.6,11.08,5
234,4,0.6,10.74,5
235,4,0.6,11.3,5
236,4,0.6,10.7,5
237,4,0.6,10.84,5
238,4,0.6,11.2,4
239,4,0.6,10.1,4
240,4,0.6,9.12,4
241,4,0.6,9.62,4
242,4,0.6,9.32,4
243,4,0.6,9.92,4
244,4,0.6,9.42,4
245,4,0.6,9.8,4
246,4,0.6,9.76,4
247,4,0.6,8.86,4
248,4,0.6,8.92,4
249,4,0.6,9.92,4
250,4,0.6,10.22,4
251,4,0.6,9.1,4
252,4,0.6,9.3,4
253,4,0.6,9.24,4
254,4,0.6,8.32,4
255,4,0.6,9.36,4
256,4,0.6,9.76,4
257,4,0.6,9.4,4
258,4,0.6,9.66,4
259,4,0.6,10.2,4
260,4,0.6,10.86,4
261,4,0.6,10.64,4
262,4,0.6,10.14,4
263,4,0.6,10.42,4
264,4,0.6,9.64,4
265,4,0.6,9.64,4
266,4,0.6,9.24,4
267,4,0.6,10.2,4
268,4,0.6,11.24,4
269,4,0.6,10.46,4
270,4,0.6,9.2,4
271,4,0.6,10.22,4
272,4,0.6,9.4,4
273,4,0.6,9.6,4
274,4,0.6,9.1,4
275,4,0.6,9.06,4
276,4,0.6,9.34,4
277,4,0.6,9.2,4
278,4,0.6,10.18,4
279,4,0.6,9.78,4
280,4,0.6,9.26,4
281,4,0.6,10.26,4
282,4,0.6,9.4,4
283,4,0.6,8.82,4
284,4,0.6,8.28,4
285,4,0.6,8.66,4
286,4,0.6,8.94,4
287,4,0.6,8.68,4
288,4,0.6,9.36,4
289,4,0.6,9.98,4
290,4,0.6,10.5,4
291,4,0.6,9.52,4
292,4,0.6,9.58,4
293,4,0.6,9.24,4
294,4,0.6,8.98,4
295,4,0.6,10.04,4
296,4,0.6,8.88,4
297,4,0.6,10.06,4
298,4,0.6,9.62,4
299,4,0.6,10.14,4
300,4,0.6,10.46,4
301,4,0.6,10.82,4
302,4,0.6,10.02,4
303,4,0.6,10.14,4
304,4,0.6,10.26,4
305,4,0.6,10.06,4
306,4,0.6,10.48,4
307,4,0.6,10.32,4
308,4,0.6,9.82,4
309,4,0.6,10.36,4
310,4,0.6,9.22,4
311,4,0.6,11.04,4
312,4,0.6,10.28,4
313,4,0.6,9.48,4
314,4,0.6,9.12,4
315,4,0.6,9.4,4
316,4,0.6,9.7,4
317,4,0.6,9.12,4
318,4,0.6,9.48,4
319,4,0.6,9.88,4
320,4,0.6,9.18,3
321,4,0.6,9.02,3
322,4,0.6,9.22,3
323,4,0.6,9.14,3
324,4,0.6,8.84,3
325,4,0.6,9.18,3
326,4,0.6,9.44,3
327,4,0.6,8.7,3
328,4,0.6,8.5,3
329,4,0.6,8.78,3
330,4,0.6,8.78,3
331,4,0.6,10.14,3
332,4,0.6,9.74,3
333,4,0.6,8.42,3
334,4,0.6,9.3,3
335,4,0.6,9.68,3
336,4,0.6,8.6,3
337,4,0.6,8.12,3
338,4,0.6,8.16,3
339,4,0.6,8.68,3
340,4,0.6,8.98,3
341,4,0.6,8.68,3
342,4,0.6,9.68,3
343,4,0.6,8.84,3
344,4,0.6,8.48,3
345,4,0.6,9.04,3
346,4,0.6,8.78,3
347,4,0.6,8.54,3
348,4,0.6,8.0,3
349,4,0.6,9.68,3
350,4,0.6,8.62,3
351,4,0.6,9.92,3
352,4,0.6,9.28,3
353,4,0.6,8.66,3
354,4,0.6,8.94,3
355,4,0.6,9.42,3
356,4,0.6,9.1,3
357,4,0.6,9.6,3
358,4,0.6,9.6,3
359,4,0.6,8.76,3
360,4,0.6,8.96,3
361,4,0.6,9.02,3
362,4,0.6,8.7,3
363,4,0.6,9.44,3
364,4,0.6,9.02,3
365,4,0.6,9.12,3
366,4,0.6,8.32,3
367,4,0.6,9.08,3
368,4,0.6,9.04,3
369,4,0.6,9.86,3
370,4,0.6,9.02,3
371,4,0.6,7.78,3
372,4,0.6,8.62,3
373,4,0.6,8.36,3
374,4,0.6,9.04,3
375,4,0.6,8.28,3
376,4,0.6,9.08,3
377,4,0.6,8.48,3
378,4,0.6,8.14,3
379,4,0.6,8.82,3
380,4,0.6,9.18,3
381,4,0.6,8.98,3
382,4,0.6,8.9,3
383,4,0.6,8.78,3
384,4,0.6,9.14,3
385,4,0.6,8.56,3
386,4,0.6,9.0,3
387,4,0.6,8.84,3
388,4,0.6,8.94,3
389,4,0.6,9.06,3
390,4,0.6,8.16,3
391,4,0.6,8.8,3
392,4,0.6,9.06,3
393,4,0.6,8.56,3
394,4,0.6,9.76,3
395,4,0.6,9.66,3
396,4,0.6,8.78,3
397,4,0.6,9.5,3
398,4,0.6,9.02,3
399,4,0.6,9.22,3
400,4,0.6,9.04,3
401,4,0.6,9.24,3
402,4,0.6,9.16,3
403,4,0.6,9.42,3
404,4,0.6,8.74,3
405,4,0.6,8.96,3
406,4,0.6,8.8,3
407,4,0.6,8.54,3
408,4,0.6,9.4,3
409,4,0.6,8.02,3
410,4,0.6,7.96,3
411,4,0.6,8.7,3
412,4,0.6,8.7,3
413,4,0.6,9.42,3
414,4,0.6,8.98,3
415,4,0.6,8.82,3
416,4,0.6,8.06,3
417,4,0.6,7.5,3
418,4,0.6,8.14,3
419,4,0.6,8.34,3
420,4,0.6,8.4,3
421,4,0.6,9.02,3
422,4,0.6,8.64,3
423,4,0.6,9.22,3
424,4,0.6,8.24,3
425,4,0.6,7.46,3
426,4,0.6,8.84,3
427,4,0.6,9.34,3
428,4,0.6,9.48,3
429,4,0.6,7.94,3
430,4,0.6,8.94,3
431,4,0.6,9.4,3
432,4,0.6,9.78,3
433,4,0.6,9.7,3
434,4,0.6,8.84,3
435,4,0.6,8.18,3
436,4,0.6,7.84,3
437,4,0.6,8.86,3
438,4,0.6,8.96,3
439,4,0.6,9.54,3
440,4,0.6,9.14,3
441,4,0.6,8.78,3
442,4,0.6,7.6,3
443,4,0.6,8.8,3
444,4,0.6,8.4,3
445,4,0.6,8.26,3
446,4,0.6,8.7,3
447,4,0.6,9.06,3
448,4,0.6,9.12,3
449,4,0.6,8.38,3
450,4,0.6,8.34,3
451,4,0.6,7.82,3
452,4,0.6,8.6,3
453,4,0.6,9.2,3
454,4,0.6,8.58,3
455,4,0.6,9.44,3
456,4,0.6,8.54,3
457,4,0.6,8.42,3
458,4,0.6,9.2,3
459,4,0.6,8.9,3
460,4,0.6,8.52,3
461,4,0.6,9.64,3
462,4,0.6,8.6,3
463,4,0.6,9.6,3
464,4,0.6,10.38,3
465,4,0.6,9.22,3
466,4,0.6,9.44,3
467,4,0.6,9.5,3
468,4,0.6,9.06,3
469,4,0.6,9.0,3
470,4,0.6,8.82,3
471,4,0.6,8.08,3
472,4,0.6,9.0,3
473,4,0.6,8.4,3
474,4,0.6,8.74,3
475,4,0.6,8.54,3
476,4,0.6,8.92,3
477,4,0.6,8.7,3
478,4,0.6,9.18,3
479,4,0.6,8.8,3
480,4,0.6,10.6,3
481,4,0.6,8.3,3
482,4,0.6,9.88,3
483,4,0.6,8.74,3
484,4,0.6,7.92,3
485,4,0.6,8.46,3
486,4,0.6,8.76,3
487,4,0.6,8.9,3
488,4,0.6,9.04,3
489,4,0.6,9.32,3
490,4,0.6,8.46,3
491,4,0.6,8.68,3
492,4,0.6,8.92,3
493,4,0.6,9.0,3
494,4,0.6,9.32,3
495,4,0.6,7.98,3
496,4,0.6,7.94,3
497,4,0.6,9.14,3
498,4,0.6,8.38,3
499,4,0.6,8.6,3
500,4,0.6,8.24,3
501,4,0.6,8.56,3
502,4,0.6,8.5,3
503,4,0.6,9.88,3
504,4,0.6,8.78,3
505,4,0.6,8.8,3
506,4,0.6,8.7,3
507,4,0.6,8.16,3
508,4,0.6,8.24,3
509,4,0.6,8.66,3
510,4,0.6,8.04,3
511,4,0.6,8.1,3
512,4,0.6,8.1,3
513,4,0.6,8.52,3
514,4,0.6,8.66,3
515,4,0.6,8.58,3
516,4,0.6,9.48,3
517,4,0.6,8.8,3
518,4,0.6,8.18,3
519,4,0.6,8.26,3
520,4,0.6,7.56,3
521,4,0.6,9.26,3
522,4,0.6,9.54,3
523,4,0.6,9.4,3
524,4,0.6,8.42,3
525,4,0.6,8.54,3
526,4,0.6,8.92,3
527,4,0.6,9.16,3
528,4,0.6,9.02,3
529,4,0.6,8.52,3
530,4,0.6,8.72,3
531,4,0.6,8.58,3
532,4,0.6,8.56,3
533,4,0.6,8.74,3
534,4,0.6,8.74,3
535,4,0.6,8.86,3
536,4,0.6,8.94,3
537,4,0.6,8.5,3
538,4,0.6,8.42,3
539,4,0.6,9.2,3
540,4,0.6,9.04,3
541,4,0.6,9.44,3
542,4,0.6,8.28,3
543,4,0.6,9.08,3
544,4,0.6,9.86,3
545,4,0.6,9.5,3
546,4,0.6,9.92,3
547,4,0.6,9.74,3
548,4,0.6,9.02,3
549,4,0.6,8.68,3
550,4,0.6,9.2,3
551,4,0.6,9.04,3
552,4,0.6,8.74,3
553,4,0.6,8.8,3
554,4,0.6,9.14,3
555,4,0.6,8.44,3
556,4,0.6,9.14,3
557,4,0.6,9.12,3
558,4,0.6,8.56,3
559,4,0.6,9.4,3
560,4,0.6,7.84,3
561,4,0.6,8.26,3
562,4,0.6,9.26,3
563,4,0.6,8.72,3
564,4,0.6,8.7,3
565,4,0.6,8.64,3
566,4,0.6,8.28,3
567,4,0.6,7.96,3
568,4,0.6,8.54,3
569,4,0.6,9.06,3
570,4,0.6,9.34,3
571,4,0.6,9.74,3
572,4,0.6,9.24,3
573,4,0.6,8.92,3
574,4,0.6,9.76,3
575,4,0.6,8.6,3
576,4,0.6,8.34,3
577,4,0.6,8.04,3
578,4,0.6,8.26,3
579,4,0.6,8.22,3
580,4,0.6,8.22,3
581,4,0.6,7.86,3
582,4,0.6,8.76,3
583,4,0.6,9.44,3
584,4,0.6,9.26,3
585,4,0.6,8.86,3
586,4,0.6,8.08,3
587,4,0.6,8.68,3
588,4,0.6,8.48,3
589,4,0.6,9.38,3
590,4,0.6,9.66,3
591,4,0.6,8.76,3
592,4,0.6,8.36,3
593,4,0.6,8.42,3
594,4,0.6,10.08,3
595,4,0.6,8.66,3
596,4,0.6,8.54,3
597,4,0.6,9.34,3
598,4,0.6,8.58,3
599,4,0.6,9.24,3
600,4,0.6,9.3,3
601,4,0.6,8.74,3
602,4,0.6,8.96,3
603,4,0.6,8.86,3
604,4,0.6,8.04,3
605,4,0.6,9.8,3
606,4,0.6,9.34,3
607,4,0.6,9.72,3
608,4,0.6,9.58,3
609,4,0.6,9.28,3
610,4,0.6,9.74,3
611,4,0.6,9.98,3
612,4,0.6,9.62,3
613,4,0.6,8.84,3
614,4,0.6,7.94,3
615,4,0.6,7.96,3
616,4,0.6,9.38,3
617,4,0.6,9.02,3
618,4,0.6,9.68,3
619,4,0.6,9.32,3
620,4,0.6,8.84,3
621,4,0.6,9.12,3
622,4,0.6,8.46,3
623,4,0.6,8.68,3
624,4,0.6,8.6,3
625,4,0.6,8.74,3
626,4,0.6,9.46,3
627,4,0.6,9.28,3
628,4,0.6,9.06,3
629,4,0.6,8.72,3
630,4,0.6,8.12,3
631,4,0.6,8.16,3
632,4,0.6,9.02,3
633,4,0.6,8.42,3
634,4,0.6,7.52,3
635,4,0.6,8.52,3
636,4,0.6,9.34,3
637,4,0.6,8.26,3
638,4,0.6,9.12,3
639,4,0.6,8.48,3
640,4,0.6,8.38,3
641,4,0.6,8.08,3
642,4,0.6,8.88,3
643,4,0.6,9.6,3
644,4,0.6,9.38,3
645,4,0.6,8.92,3
646,4,0.6,9.24,3
647,4,0.6,9.38,3
648,4,0.6,7.28,3
649,4,0.6,9.42,3
650,4,0.6,8.02,3
651,4,0.6,9.2,3
652,4,0.6,9.24,3
653,4,0.6,9.34,3
654,4,0.6,8.88,3
655,4,0.6,9.32,3
656,4,0.6,9.18,3
657,4,0.6,7.98,3
658,4,0.6,8.78,3
659,4,0.6,9.4,3
660,4,0.6,7.98,3
661,4,0.6,9.08,3
662,4,0.6,9.58,3
663,4,0.6,9.4,3
664,4,0.6,8.74,3
665,4,0.6,9.24,3
666,4,0.6,8.58,3
667,4,0.6,8.98,3
668,4,0.6,9.2,3
669,4,0.6,8.2,3
670,4,0.6,8.42,3
671,4,0.6,8.92,3
672,4,0.6,8.7,3
673,4,0.6,8.82,3
674,4,0.6,7.78,3
675,4,0.6,7.84,3
676,4,0.6,8.76,3
677,4,0.6,8.68,3
678,4,0.6,9.24,3
679,4,0.6,8.96,3
680,4,0.6,8.8,3
681,4,0.6,8.96,3
682,4,0.6,9.54,3
683,4,0.6,10.5,3
684,4,0.6,8.6,3
685,4,0.6,8.44,3
686,4,0.6,8.82,3
687,4,0.6,8.14,3
688,4,0.6,7.84,3
689,4,0.6,8.36,3
690,4,0.6,8.78,3
691,4,0.6,8.66,3
692,4,0.6,8.08,3
693,4,0.6,7.84,3
694,4,0.6,8.8,3
695,4,0.6,8.68,3
696,4,0.6,9.14,3
697,4,0.6,9.88,3
698,4,0.6,8.76,3
699,4,0.6,8.36,3
700,4,0.6,8.52,3
701,4,0.6,8.88,3
702,4,0.6,9.02,3
703,4,0.6,9.14,3
704,4,0.6,7.86,3
705,4,0.6,7.36,3
706,4,0.6,8.8,3
707,4,0.6,9.2,3
708,4,0.6,9.1,3
709,4,0.6,9.6,3
710,4,0.6,9.2,3
711,4,0.6,8.84,3
712,4,0.6,8.26,3
713,4,0.6,8.46,3
714,4,0.6,9.36,3
715,4,0.6,9.14,3
716,4,0.6,8.44,3
717,4,0.6,9.4,3
718,4,0.6,9.2,3
719,4,0.6,9.12,3
720,4,0.6,9.2,3
721,4,0.6,8.72,3
722,4,0.6,8.68,3
723,4,0.6,9.36,3
724,4,0.6,9.4,3
725,4,0.6,9.22,3
726,4,0.6,10.0,3
727,4,0.6,9.08,3
728,4,0.6,9.08,3
729,4,0.6,9.08,3
730,4,0.6,9.86,3
731,4,0.6,8.62,3
732,4,0.6,8.74,3
733,4,0.6,7.86,3
734,4,0.6,8.3,3
735,4,0.6,8.88,3
736,4,0.6,8.48,3
737,4,0.6,8.76,3
738,4,0.6,8.68,3
739,4,0.6,8.92,3
740,4,0.6,8.98,3
741,4,0.6,8.9,3
742,4,0.6,8.52,3
743,4,0.6,7.64,3
744,4,0.6,9.22,3
745,4,0.6,10.16,3
746,4,0.6,8.96,3
747,4,0.6,8.66,3
748,4,0.6,9.24,3
749,4,0.6,9.42,3
750,4,0.6,8.08,3
751,4,0.6,9.12,3
752,4,0.6,9.72,3
753,4,0.6,9.3,3
754,4,0.6,9.34,3
755,4,0.6,8.32,3
756,4,0.6,9.04,3
757,4,0.6,8.36,3
758,4,0.6,9.46,3
759,4,0.6,9.0,3
760,4,0.6,9.32,3
761,4,0.6,9.28,3
762,4,0.6,10.08,3
763,4,0.6,8.84,3
764,4,0.6,8.62,3
765,4,0.6,8.38,3
766,4,0.6,9.02,3
767,4,0.6,9.0,3
768,4,0.6,8.94,3
769,4,0.6,8.68,3
770,4,0.6,8.34,3
771,4,0.6,9.06,3
772,4,0.6,9.58,3
773,4,0.6,9.0,3
774,4,0.6,8.88,3
775,4,0.6,9.24,3
776,4,0.6,8.42,3
777,4,0.6,8.1,3
778,4,0.6,8.2,3
779,4,0.6,7.82,3
780,4,0.6,9.14,3
781,4,0.6,8.9,3
782,4,0.6,8.82,3
783,4,0.6,8.58,3
784,4,0.6,8.02,3
785,4,0.6,9.52,3
786,4,0.6,8.02,3
787,4,0.6,9.42,3
788,4,0.6,8.04,3
789,4,0.6,9.32,3
790,4,0.6,8.76,3
791,4,0.6,9.56,3
792,4,0.6,9.06,3
793,4,0.6,8.5,3
794,4,0.6,9.78,3
795,4,0.6,9.08,3
796,4,0.6,8.34,3
797,4,0.6,8.86,3
798,4,0.6,8.62,3
799,4,0.6,9.02,3
800,4,0.6,8.9,3
801,4,0.6,9.58,2
802,4,0.6,8.84,2
803,4,0.6,8.8,2
804,4,0.6,7.76,2
805,4,0.6,7.56,2
806,4,0.6,7.94,2
807,4,0.6,7.5,2
808,4,0.6,6.98,2
809,4,0.6,7.02,2
810,4,0.6,7.92,2
811,4,0.6,6.94,2
812,4,0.6,7.26,2
813,4,0.6,7.36,2
814,4,0.6,8.22,2
815,4,0.6,7.5,2
816,4,0.6,7.2,2
817,4,0.6,7.56,2
818,4,0.6,8.06,2
819,4,0.6,7.4,2
820,4,0.6,8.98,2
821,4,0.6,7.86,2
822,4,0.6,8.2,2
823,4,0.6,7.22,2
824,4,0.6,8.58,2
825,4,0.6,6.9,2
826,4,0.6,7.88,2
827,4,0.6,8.38,1
828,4,0.6,7.04,1
829,4,0.6,7.2,1
830,4,0.6,7.94,1
831,4,0.6,6.58,1
832,4,0.6,7.32,1
833,4,0.6,7.28,1
834,4,0.6,6.7,1
835,4,0.6,7.24,1
836,4,0.6,5.96,1
837,4,0.6,6.94,1
838,4,0.6,8.62,1
839,4,0.6,7.06,1
840,4,0.6,7.6,1
841,4,0.6,7.26,1
842,4,0.6,7.06,1
843,4,0.6,6.56,1
844,4,0.6,7.42,1
845,4,0.6,6.7,1
846,4,0.6,7.3,1
847,4,0.6,6.84,1
848,4,0.6,5.6,1
849,4,0.6,6.6,1
850,4,0.6,7.16,1
851,4,0.6,7.78,1
852,4,0.6,6.3,1
853,4,0.6,6.78,1
854,4,0.6,7.36,1
855,4,0.6,7.52,1
856,4,0.6,7.12,1
857,4,0.6,7.14,1
858,4,0.6,7.52,1
859,4,0.6,7.08,1
860,4,0.6,7.26,1
861,4,0.6,6.76,1
862,4,0.6,6.88,1
863,4,0.6,7.48,1
864,4,0.6,6.88,1
865,4,0.6,8.0,1
866,4,0.6,6.64,1
867,4,0.6,6.3,1
868,4,0.6,7.1,1
869,4,0.6,8.18,1
870,4,0.6,6.84,1
871,4,0.6,8.84,1
872,4,0.6,7.62,1
873,4,0.6,6.92,1
874,4,0.6,7.06,1
875,4,0.6,7.5,1
876,4,0.6,7.5,1
877,4,0.6,7.84,1
878,4,0.6,6.54,1
879,4,0.6,6.68,1
880,4,0.6,6.84,1
881,4,0.6,7.06,1
882,4,0.6,6.82,1
883,4,0.6,7.08,1
884,4,0.6,6.9,1
885,4,0.6,6.06,1
886,4,0.6,7.16,1
887,4,0.6,7.04,1
888,4,0.6,7.48,1
889,4,0.6,6.72,1
890,4,0.6,7.0,1
891,4,0.6,7.24,1
892,4,0.6,6.72,1
893,4,0.6,6.64,1
894,4,0.6,7.9,1
895,4,0.6,6.52,1
896,4,0.6,6.06,1
897,4,0.6,6.78,1
898,4,0.6,7.1,1
899,4,0.6,6.16,1
900,4,0.6,7.48,1
901,4,0.6,7.4,1
902,4,0.6,6.36,1
903,4,0.6,6.88,1
904,4,0.6,6.28,1
905,4,0.6,6.3,1
906,4,0.6,6.44,1
907,4,0.6,7.52,1
908,4,0.6,7.56,1
909,4,0.6,7.28,1
910,4,0.6,8.14,1
911,4,0.6,7.4,1
912,4,0.6,6.96,1
913,4,0.6,6.66,1
914,4,0.6,7.18,1
915,4,0.6,7.2,1
916,4,0.6,7.06,1
917,4,0.6,7.0,1
918,4,0.6,6.68,1
919,4,0.6,7.08,1
920,4,0.6,7.56,1
921,4,0.6,7.56,1
922,4,0.6,6.94,1
923,4,0.6,6.5,1
924,4,0.6,7.12,1
925,4,0.6,7.0,1
926,4,0.6,6.96,1
927,4,0.6,7.86,1
928,4,0.6,6.78,1
929,4,0.6,7.16,1
930,4,0.6,7.3,1
931,4,0.6,7.02,1
932,4,0.6,6.82,1
933,4,0.6,6.84,1
934,4,0.6,7.48,1
935,4,0.6,7.08,1
936,4,0.6,7.48,1
937,4,0.6,7.14,1
938,4,0.6,6.64,1
939,4,0.6,5.64,1
940,4,0.6,6.48,1
941,4,0.6,7.74,1
942,4,0.6,7.2,1
943,4,0.6,6.86,1
944,4,0.6,8.36,1
945,4,0.6,6.78,1
946,4,0.6,6.22,1
947,4,0.6,6.88,1
948,4,0.6,6.68,1
949,4,0.6,7.08,1
950,4,0.6,7.66,1
951,4,0.6,6.9,1
952,4,0.6,6.88,1
953,4,0.6,7.4,1
954,4,0.6,7.34,1
955,4,0.6,7.46,1
956,4,0.6,7.78,1
957,4,0.6,6.8,1
958,4,0.6,7.54,1
959,4,0.6,6.24,1
960,4,0.6,6.48,1
961,4,0.6,6.82,1
962,4,0.6,6.26,1
963,4,0.6,6.8,1
964,4,0.6,7.44,1
965,4,0.6,7.52,1
966,4,0.6,7.94,1
967,4,0.6,7.86,1
968,4,0.6,7.04,1
969,4,0.6,7.48,1
970,4,0.6,7.54,1
971,4,0.6,6.64,1
972,4,0.6,7.02,1
973,4,0.6,6.76,1
974,4,0.6,6.62,1
975,4,0.6,7.86,1
976,4,0.6,7.42,1
977,4,0.6,6.74,1
978,4,0.6,6.96,1
979,4,0.6,6.98,1
980,4,0.6,7.0,1
981,4,0.6,6.66,1
982,4,0.6,8.48,1
983,4,0.6,8.28,1
984,4,0.6,7.84,1
985,4,0.6,7.66,1
986,4,0.6,8.5,1
987,4,0.6,8.4,1
988,4,0.6,8.14,1
989,4,0.6,6.5,1
990,4,0.6,6.8,1
991,4,0.6,8.42,1
992,4,0.6,7.52,1
993,4,0.6,6.74,1
994,4,0.6,7.16,1
995,4,0.6,7.28,1
996,4,0.6,6.44,1
997,4,0.6,6.92,1
998,4,0.6,6.82,1
999,4,0.6,6.48,1
1000,4,0.6,7.86,1
1001,4,0.6,6.34,1
1002,4,0.6,6.4,1
1003,4,0.6,6.38,1
1004,4,0.6,6.36,1
1005,4,0.6,7.72,1
1006,4,0.6,6.38,1
1007,4,0.6,8.0,1
1008,4,0.6,8.24,1
1009,4,0.6,7.78,1
1010,4,0.6,8.4,1
1011,4,0.6,6.58,1
1012,4,0.6,7.14,1
1013,4,0.6,7.34,1
1014,4,0.6,6.28,1
1015,4,0.6,6.88,1
1016,4,0.6,7.28,1
1017,4,0.6,6.32,1
1018,4,0.6,6.36,1
1019,4,0.6,7.28,1
1020,4,0.6,7.16,1
1021,4,0.6,7.0,1
1022,4,0.6,6.98,1
1023,4,0.6,8.52,1
1024,4,0.6,8.16,1
1025,4,0.6,7.14,1
1026,4,0.6,7.1,1
1027,4,0.6,7.2,1
1028,4,0.6,7.1,1
1029,4,0.6,7.36,1
1030,4,0.6,8.36,1
1031,4,0.6,7.96,1
1032,4,0.6,7.7,1
1033,4,0.6,7.04,1
1034,4,0.6,6.22,1
1035,4,0.6,7.86,1
1036,4,0.6,7.56,1
1037,4,0.6,6.58,1
1038,4,0.6,7.62,1
1039,4,0.6,7.58,1
1040,4,0.6,8.24,1
1041,4,0.6,7.8,1
1042,4,0.6,7.08,1
1043,4,0.6,6.32,1
1044,4,0.6,6.76,1
1045,4,0.6,7.18,1
1046,4,0.6,6.92,1
1047,4,0.6,6.96,1
1048,4,0.6,6.86,1
1049,4,0.6,7.12,1
1050,4,0.6,7.24,1
1051,4,0.6,6.6,1
1052,4,0.6,7.12,1
1053,4,0.6,8.16,1
1054,4,0.6,7.08,1
1055,4,0.6,6.52,1
1056,4,0.6,7.24,1
1057,4,0.6,5.96,1
1058,4,0.6,6.36,1
1059,4,0.6,6.22,1
1060,4,0.6,6.6,1
1061,4,0.6,7.18,1
1062,4,0.6,7.52,1
1063,4,0.6,7.28,1
1064,4,0.6,6.48,1
1065,4,0.6,6.74,1
1066,4,0.6,6.62,1
1067,4,0.6,5.64,1
1068,4,0.6,6.76,1
1069,4,0.6,6.92,1
1070,4,0.6,6.64,1
1071,4,0.6,6.64,1
1072,4,0.6,5.88,1
1073,4,0.6,7.42,1
1074,4,0.6,7.3,1
1075,4,0.6,7.68,1
1076,4,0.6,7.12,1
1077,4,0.6,7.42,1
1078,4,0.6,6.42,1
1079,4,0.6,7.88,1
1080,4,0.6,8.26,1
1081,4,0.6,7.12,1
1082,4,0.6,6.2,1
1083,4,0.6,6.92,1
1084,4,0.6,7.18,1
1085,4,0.6,6.06,1
1086,4,0.6,6.7,1
1087,4,0.6,6.66,1
1088,4,0.6,7.26,1
1089,4,0.6,7.32,1
1090,4,0.6,6.18,1
1091,4,0.6,6.6,1
1092,4,0.6,6.44,1
1093,4,0.6,6.42,1
1094,4,0.6,7.56,1
1095,4,0.6,7.8,1
1096,4,0.6,6.8,1
1097,4,0.6,6.82,1
1098,4,0.6,6.4,1
1099,4,0.6,6.16,1
1100,4,0.6,6.78,1
1101,4,0.6,7.1,1
1102,4,0.6,6.04,1
1103,4,0.6,6.92,1
1104,4,0.6,5.88,1
1105,4,0.6,6.06,1
1106,4,0.6,6.1,1
1107,4,0.6,6.56,1
1108,4,0.6,6.14,1
1109,4,0.6,6.92,1
1110,4,0.6,7.6,1
1111,4,0.6,7.94,1
1112,4,0.6,8.0,1
1113,4,0.6,7.02,1
1114,4,0.6,7.18,1
1115,4,0.6,6.32,1
1116,4,0.6,6.94,1
1117,4,0.6,6.82,1
1118,4,0.6,6.48,1
1119,4,0.6,6.96,1
1120,4,0.6,7.24,1
1121,4,0.6,7.24,1
1122,4,0.6,5.6,1
1123,4,0.6,6.9,1
1124,4,0.6,7.76,1
1125,4,0.6,7.28,1
1126,4,0.6,5.92,1
1127,4,0.6,6.38,1
1128,4,0.6,6.78,1
1129,4,0.6,7.28,1
1130,4,0.6,6.68,1
1131,4,0.6,6.52,1
1132,4,0.6,7.08,1
1133,4,0.6,6.52,1
1134,4,0.6,6.98,1
1135,4,0.6,6.74,1
1136,4,0.6,7.16,1
1137,4,0.6,7.58,1
1138,4,0.6,7.0,1
1139,4,0.6,7.38,1
1140,4,0.6,7.6,1
1141,4,0.6,7.04,1
1142,4,0.6,6.94,1
1143,4,0.6,7.38,1
1144,4,0.6,7.28,1
1145,4,0.6,7.48,1
1146,4,0.6,7.16,1
1147,4,0.6,7.8,1
1148,4,0.6,6.9,1
1149,4,0.6,6.72,1
1150,4,0.6,6.92,1
1151,4,0.6,6.96,1
1152,4,0.6,6.6,1
1153,4,0.6,7.36,1
1154,4,0.6,6.28,1
1155,4,0.6,6.1,1
1156,4,0.6,6.36,1
1157,4,0.6,6.62,1
1158,4,0.6,6.66,1
1159,4,0.6,6.16,1
1160,4,0.6,7.12,1
1161,4,0.6,7.94,1
1162,4,0.6,7.06,1
1163,4,0.6,7.24,1
1164,4,0.6,6.06,1
1165,4,0.6,7.02,1
1166,4,0.6,7.48,1
1167,4,0.6,7.28,1
1168,4,0.6,6.96,1
1169,4,0.6,7.56,1
1170,4,0.6,7.12,1
1171,4,0.6,7.16,1
1172,4,0.6,7.1,1
1173,4,0.6,6.24,1
1174,4,0.6,5.7,1
1175,4,0.6,6.72,1
1176,4,0.6,6.74,1
1177,4,0.6,7.28,1
1178,4,0.6,6.8,1
1179,4,0.6,7.3,1
1180,4,0.6,7.64,1
1181,4,0.6,7.28,1
1182,4,0.6,7.08,1
1183,4,0.6,8.08,1
1184,4,0.6,7.16,1
1185,4,0.6,6.4,1
1186,4,0.6,7.0,1
1187,4,0.6,6.48,1
1188,4,0.6,7.56,1
1189,4,0.6,8.26,1
1190,4,0.6,7.3,1
1191,4,0.6,6.96,1
1192,4,0.6,7.02,1
1193,4,0.6,6.78,1
1194,4,0.6,7.3,1
1195,4,0.6,6.3,1
1196,4,0.6,6.92,1
1197,4,0.6,6.92,1
1198,4,0.6,7.32,1
1199,4,0.6,7.76,1
1200,4,0.6,7.3,1
1201,4,0.6,7.16,1
1202,4,0.6,7.34,1
1203,4,0.6,6.72,1
1204,4,0.6,6.64,1
1205,4,0.6,7.38,1
1206,4,0.6,7.88,1
1207,4,0.6,7.18,1
1208,4,0.6,6.9,1
1209,4,0.6,6.58,1
1210,4,0.6,6.52,1
1211,4,0.6,6.76,1
1212,4,0.6,7.38,1
1213,4,0.6,6.68,1
1214,4,0.6,7.28,1
1215,4,0.6,6.8,1
1216,4,0.6,7.14,1
1217,4,0.6,7.04,1
1218,4,0.6,7.22,1
1219,4,0.6,7.24,1
1220,4,0.6,7.3,1
1221,4,0.6,6.98,1
1222,4,0.6,6.46,1
1223,4,0.6,5.64,1
1224,4,0.6,6.86,1
1225,4,0.6,7.72,1
1226,4,0.6,7.26,1
1227,4,0.6,6.9,1
1228,4,0.6,6.26,1
1229,4,0.6,6.96,1
1230,4,0.6,7.0,1
1231,4,0.6,6.44,1
1232,4,0.6,6.78,1
1233,4,0.6,6.8,1
1234,4,0.6,8.58,1
1235,4,0.6,7.16,1
1236,4,0.6,8.24,1
1237,4,0.6,7.02,1
1238,4,0.6,6.96,1
1239,4,0.6,8.16,1
1240,4,0.6,6.66,1
1241,4,0.6,6.96,1
1242,4,0.6,6.22,1
1243,4,0.6,7.02,1
1244,4,0.6,7.5,1
1245,4,0.6,7.08,1
1246,4,0.6,6.74,1
1247,4,0.6,7.24,1
1248,4,0.6,6.4,1
1249,4,0.6,6.82,1
1250,4,0.6,8.26,1
1251,4,0.6,7.66,1
1252,4,0.6,6.96,1
1253,4,0.6,7.02,1
1254,4,0.6,7.3,1
1255,4,0.6,7.64,1
1256,4,0.6,6.5,1
1257,4,0.6,7.98,1
1258,4,0.6,7.2,1
1259,4,0.6,6.76,1
1260,4,0.6,7.36,1
1261,4,0.6,6.94,1
1262,4,0.6,7.04,1
1263,4,0.6,6.52,1
1264,4,0.6,7.14,1
1265,4,0.6,6.36,1
1266,4,0.6,7.74,1
1267,4,0.6,6.84,1
1268,4,0.6,6.88,1
1269,4,0.6,7.28,1
1270,4,0.6,6.96,1
1271,4,0.6,7.38,1
1272,4,0.6,7.28,1
1273,4,0.6,5.96,1
1274,4,0.6,6.72,1
1275,4,0.6,7.58,1
1276,4,0.6,7.76,1
1277,4,0.6,7.28,1
1278,4,0.6,7.22,1
1279,4,0.6,7.22,1
1280,4,0.6,6.34,1
1281,4,0.6,6.72,1
1282,4,0.6,6.6,1
1283,4,0.6,6.9,1
1284,4,0.6,7.08,1
1285,4,0.6,7.06,1
1286,4,0.6,7.36,1
1287,4,0.6,7.7,1
1288,4,0.6,8.16,1
1289,4,0.6,8.1,1
1290,4,0.6,6.2,1
1291,4,0.6,7.6,1
1292,4,0.6,6.72,1
1293,4,0.6,6.8,1
1294,4,0.6,7.16,1
1295,4,0.6,7.24,1
1296,4,0.6,6.44,1
1297,4,0.6,7.06,1
1298,4,0.6,7.06,1
1299,4,0.6,7.58,1
1300,4,0.6,7.34,1
1301,4,0.6,5.6,1
1302,4,0.6,7.06,1
1303,4,0.6,6.3,1
1304,4,0.6,6.72,1
1305,4,0.6,5.68,1
1306,4,0.6,6.7,1
1307,4,0.6,6.46,1
1308,4,0.6,7.1,1
1309,4,0.6,7.62,1
1310,4,0.6,7.76,1
1311,4,0.6,7.66,1
1312,4,0.6,8.0,1
1313,4,0.6,7.28,1
1314,4,0.6,7.64,1
1315,4,0.6,7.16,1
1316,4,0.6,7.78,1
1317,4,0.6,6.5,1
1318,4,0.6,6.68,1
1319,4,0.6,6.46,1
1320,4,0.6,8.36,1
1321,4,0.6,7.16,1
1322,4,0.6,7.2,1
1323,4,0.6,7.1,1
1324,4,0.6,6.86,1
1325,4,0.6,6.52,1
1326,4,0.6,6.96,1
1327,4,0.6,8.22,1
1328,4,0.6,7.8,1
1329,4,0.6,7.74,1
1330,4,0.6,8.24,1
1331,4,0.6,7.46,1
1332,4,0.6,7.38,1
1333,4,0.6,7.0,1
1334,4,0.6,7.3,1
1335,4,0.6,7.66,1
1336,4,0.6,6.68,1
1337,4,0.6,7.66,1
1338,4,0.6,7.2,1
1339,4,0.6,6.56,1
1340,4,0.6,7.28,1
1341,4,0.6,6.78,1
1342,4,0.6,7.3,1
1343,4,0.6,7.42,1
1344,4,0.6,6.14,1
1345,4,0.6,7.58,1
1346,4,0.6,7.52,1
1347,4,0.6,7.46,1
1348,4,0.6,6.72,1
1349,4,0.6,7.42,1
1350,4,0.6,7.34,1
1351,4,0.6,6.62,1
1352,4,0.6,7.86,1
1353,4,0.6,7.14,1
1354,4,0.6,6.8,1
1355,4,0.6,7.2,1
1356,4,0.6,7.32,1
1357,4,0.6,6.7,1
1358,4,0.6,8.16,1
1359,4,0.6,7.7,1
1360,4,0.6,6.58,1
1361,4,0.6,6.6,1
1362,4,0.6,7.2,1
1363,4,0.6,7.06,1
1364,4,0.6,7.08,1
1365,4,0.6,6.8,1
1366,4,0.6,7.4,1
1367,4,0.6,7.06,1
1368,4,0.6,7.38,1
1369,4,0.6,7.16,1
1370,4,0.6,8.52,1
1371,4,0.6,6.8,1
1372,4,0.6,6.52,1
1373,4,0.6,6.94,1
1374,4,0.6,6.52,1
1375,4,0.6,6.8,1
1376,4,0.6,6.34,1
1377,4,0.6,6.7,1
1378,4,0.6,7.56,1
1379,4,0.6,6.5,1
1380,4,0.6,6.56,1
1381,4,0.6,7.6,1
1382,4,0.6,7.88,1
1383,4,0.6,6.24,1
1384,4,0.6,5.36,1
1385,4,0.6,7.12,1
1386,4,0.6,7.3,1
1387,4,0.6,7.56,1
1388,4,0.6,7.78,1
1389,4,0.6,6.72,1
1390,4,0.6,6.86,1
1391,4,0.6,7.36,1
1392,4,0.6,6.4,1
1393,4,0.6,7.54,1
1394,4,0.6,6.94,1
1395,4,0.6,7.5,1
1396,4,0.6,7.7,1
1397,4,0.6,6.88,1
1398,4,0.6,7.18,1
1399,4,0.6,7.38,1
1400,4,0.6,7.68,1
1401,4,0.6,6.8,1
1402,4,0.6,6.24,1
1403,4,0.6,7.24,1
1404,4,0.6,6.86,1
1405,4,0.6,6.86,1
1406,4,0.6,6.88,1
1407,4,0.6,7.56,1
1408,4,0.6,7.76,1
1409,4,0.6,7.54,1
1410,4,0.6,6.68,1
1411,4,0.6,7.54,1
1412,4,0.6,6.98,1
1413,4,0.6,7.44,1
1414,4,0.6,7.6,1
1415,4,0.6,7.18,1
1416,4,0.6,7.12,1
1417,4,0.6,6.82,1
1418,4,0.6,6.52,1
1419,4,0.6,5.98,1
1420,4,0.6,6.52,1
1421,4,0.6,6.64,1
1422,4,0.6,7.04,1
1423,4,0.6,7.38,1
1424,4,0.6,6.64,1
1425,4,0.6,7.38,1
1426,4,0.6,7.94,1
1427,4,0.6,7.78,1
1428,4,0.6,6.42,1
1429,4,0.6,7.1,1
1430,4,0.6,6.84,1
1431,4,0.6,7.74,1
1432,4,0.6,7.32,1
1433,4,0.6,7.28,1
1434,4,0.6,6.68,1
1435,4,0.6,6.76,1
1436,4,0.6,6.92,1
1437,4,0.6,6.5,1
1438,4,0.6,6.48,1
1439,4,0.6,7.04,1
1440,4,0.6,7.58,1
1441,4,0.6,7.0,1
1442,4,0.6,7.64,1
1443,4,0.6,7.42,1
1444,4,0.6,6.96,1
1445,4,0.6,7.04,1
1446,4,0.6,7.1,1
1447,4,0.6,6.6,1
1448,4,0.6,7.26,1
1449,4,0.6,6.94,1
1450,4,0.6,6.82,1
1451,4,0.6,6.74,1
1452,4,0.6,7.22,1
1453,4,0.6,7.12,1
1454,4,0.6,7.4,1
1455,4,0.6,7.66,1
1456,4,0.6,6.16,1
1457,4,0.6,7.04,1
1458,4,0.6,6.66,1
1459,4,0.6,7.16,1
1460,4,0.6,8.24,1
1461,4,0.6,7.18,1
1462,4,0.6,5.72,1
1463,4,0.6,6.1,1
1464,4,0.6,6.08,1
1465,4,0.6,6.64,1
1466,4,0.6,7.04,1
1467,4,0.6,6.58,1
1468,4,0.6,6.96,1
1469,4,0.6,6.22,1
1470,4,0.6,6.58,1
1471,4,0.6,6.04,1
1472,4,0.6,7.66,1
1473,4,0.6,8.0,1
1474,4,0.6,7.26,1
1475,4,0.6,6.46,1
1476,4,0.6,7.44,1
1477,4,0.6,7.04,1
1478,4,0.6,6.94,1
1479,4,0.6,6.72,1
1480,4,0.6,7.38,1
1481,4,0.6,7.38,1
1482,4,0.6,6.56,1
1483,4,0.6,7.1,1
1484,4,0.6,7.44,1
1485,4,0.6,7.42,1
1486,4,0.6,6.94,1
1487,4,0.6,7.24,1
1488,4,0.6,6.76,1
1489,4,0.6,7.28,1
1490,4,0.6,7.76,1
1491,4,0.6,7.54,1
1492,4,0.6,6.38,1
1493,4,0.6,6.46,1
1494,4,0.6,6.62,1
1495,4,0.6,7.18,1
1496,4,0.6,7.18,1
1497,4,0.6,5.9,1
1498,4,0.6,6.46,1
1499,4,0.6,6.66,1
1500,4,0.6,7.46,1
1501,4,0.6,6.54,1
1502,4,0.6,6.38,1
1503,4,0.6,6.76,1
1504,4,0.6,7.1,1
1505,4,0.6,6.06,1
1506,4,0.6,5.44,1
1507,4,0.6,6.46,1
1508,4,0.6,6.7,1
1509,4,0.6,6.94,1
1510,4,0.6,7.74,1
1511,4,0.6,7.86,1
1512,4,0.6,6.44,1
1513,4,0.6,7.74,1
1514,4,0.6,6.58,1
1515,4,0.6,7.02,1
1516,4,0.6,6.84,1
1517,4,0.6,6.68,1
1518,4,0.6,7.26,1
1519,4,0.6,7.16,1
1520,4,0.6,7.86,1
1521,4,0.6,8.54,1
1522,4,0.6,7.02,1
1523,4,0.6,6.48,1
1524,4,0.6,6.78,1
1525,4,0.6,7.22,1
1526,4,0.6,6.04,1
1527,4,0.6,6.8,1
1528,4,0.6,7.2,1
1529,4,0.6,6.8,1
1530,4,0.6,6.56,1
1531,4,0.6,6.56,1
1532,4,0.6,5.98,1
1533,4,0.6,6.82,1
1534,4,0.6,7.16,1
1535,4,0.6,7.4,1
1536,4,0.6,6.92,1
1537,4,0.6,6.48,1
1538,4,0.6,6.74,1
1539,4,0.6,6.96,1
1540,4,0.6,7.26,1
1541,4,0.6,6.58,1
1542,4,0.6,7.08,1
1543,4,0.6,7.1,1
1544,4,0.6,6.08,1
1545,4,0.6,7.2,1
1546,4,0.6,6.88,1
1547,4,0.6,6.76,1
1548,4,0.6,6.78,1
1549,4,0.6,6.44,1
1550,4,0.6,7.0,1
1551,4,0.6,8.06,1
1552,4,0.6,8.14,1
1553,4,0.6,7.18,1
1554,4,0.6,7.28,1
1555,4,0.6,6.24,1
1556,4,0.6,7.24,1
1557,4,0.6,8.68,1
1558,4,0.6,7.56,1
1559,4,0.6,7.94,1
1560,4,0.6,7.46,1
1561,4,0.6,7.5,1
1562,4,0.6,7.66,1
1563,4,0.6,7.9,1
1564,4,0.6,7.66,1
1565,4,0.6,6.64,1
1566,4,0.6,7.44,1
1567,4,0.6,5.98,1
1568,4,0.6,5.78,1
1569,4,0.6,6.18,1
1570,4,0.6,6.38,1
1571,4,0.6,7.3,1
1572,4,0.6,6.92,1
1573,4,0.6,6.32,1
1574,4,0.6,6.42,1
1575,4,0.6,7.36,1
1576,4,0.6,6.72,1
1577,4,0.6,7.44,1
1578,4,0.6,7.16,1
1579,4,0.6,5.8,1
1580,4,0.6,6.82,1
1581,4,0.6,7.16,1
1582,4,0.6,7.02,1
1583,4,0.6,8.18,1
1584,4,0.6,7.4,1
1585,4,0.6,7.1,1
1586,4,0.6,7.32,1
1587,4,0.6,7.48,1
1588,4,0.6,7.86,1
1589,4,0.6,7.32,1
1590,4,0.6,7.36,1
1591,4,0.6,7.08,1
1592,4,0.6,7.38,1
1593,4,0.6,7.42,1
1594,4,0.6,6.06,1
1595,4,0.6,6.14,1
1596,4,0.6,6.8,1
1597,4,0.6,7.04,1
1598,4,0.6,6.88,1
1599,4,0.6,6.44,1
1600,4,0.6,6.98,1
1601,4,0.6,7.32,1
1602,4,0.6,8.16,1
1603,4,0.6,7.14,1
1604,4,0.6,6.64,1
1605,4,0.6,5.54,1
1606,4,0.6,6.02,1
1607,4,0.6,6.72,1
1608,4,0.6,6.98,1
1609,4,0.6,7.74,1
1610,4,0.6,7.48,1
1611,4,0.6,7.4,1
1612,4,0.6,7.08,1
1613,4,0.6,7.38,1
1614,4,0.6,6.72,1
1615,4,0.6,6.54,1
1616,4,0.6,7.42,1
1617,4,0.6,7.4,1
1618,4,0.6,6.42,1
1619,4,0.6,6.54,1
1620,4,0.6,7.28,1
1621,4,0.6,6.52,1
1622,4,0.6,7.26,1
1623,4,0.6,7.16,1
1624,4,0.6,7.36,1
1625,4,0.6,7.58,1
1626,4,0.6,6.32,1
1627,4,0.6,8.14,1
1628,4,0.6,6.82,1
1629,4,0.6,7.86,1
1630,4,0.6,8.3,1
1631,4,0.6,7.1,1
1632,4,0.6,7.74,1
1633,4,0.6,7.82,1
1634,4,0.6,7.12,1
1635,4,0.6,7.8,1
1636,4,0.6,7.4,1
1637,4,0.6,6.84,1
1638,4,0.6,6.42,1
1639,4,0.6,6.34,1
1640,4,0.6,7.3,1
1641,4,0.6,7.34,1
1642,4,0.6,7.34,1
1643,4,0.6,6.92,1
1644,4,0.6,7.58,1
1645,4,0.6,7.02,1
1646,4,0.6,6.68,1
1647,4,0.6,7.22,1
1648,4,0.6,6.88,1
1649,4,0.6,6.14,1
1650,4,0.6,6.82,1
1651,4,0.6,6.64,1
1652,4,0.6,6.94,1
1653,4,0.6,6.52,1
1654,4,0.6,6.38,1
1655,4,0.6,6.36,1
1656,4,0.6,7.4,1
1657,4,0.6,6.7,1
1658,4,0.6,6.34,1
1659,4,0.6,6.86,1
1660,4,0.6,7.6,1
1661,4,0.6,6.36,1
1662,4,0.6,6.66,1
1663,4,0.6,6.6,1
1664,4,0.6,8.22,1
1665,4,0.6,6.96,1
1666,4,0.6,6.9,1
1667,4,0.6,7.04,1
1668,4,0.6,7.16,1
1669,4,0.6,6.82,1
1670,4,0.6,6.12,1
1671,4,0.6,6.42,1
1672,4,0.6,7.7,1
1673,4,0.6,7.9,1
1674,4,0.6,6.18,1
1675,4,0.6,7.28,1
1676,4,0.6,7.08,1
1677,4,0.6,7.86,1
1678,4,0.6,6.52,1
1679,4,0.6,6.5,1
1680,4,0.6,7.52,1
1681,4,0.6,6.12,1
1682,4,0.6,6.74,1
1683,4,0.6,6.52,1
1684,4,0.6,7.12,1
1685,4,0.6,6.58,1
1686,4,0.6,6.74,1
1687,4,0.6,7.56,1
1688,4,0.6,6.56,1
1689,4,0.6,7.16,1
1690,4,0.6,7.88,1
1691,4,0.6,7.88,1
1692,4,0.6,6.52,1
1693,4,0.6,6.72,1
1694,4,0.6,6.78,1
1695,4,0.6,7.26,1
1696,4,0.6,7.6,1
1697,4,0.6,7.22,1
1698,4,0.6,7.48,1
1699,4,0.6,7.8,1
1700,4,0.6,7.18,1
1701,4,0.6,6.64,1
1702,4,0.6,6.58,1
1703,4,0.6,7.24,1
1704,4,0.6,6.22,1
1705,4,0.6,7.64,1
1706,4,0.6,8.04,1
1707,4,0.6,8.02,1
1708,4,0.6,6.48,1
1709,4,0.6,6.24,1
1710,4,0.6,6.4,1
1711,4,0.6,6.82,1
1712,4,0.6,6.8,1
1713,4,0.6,7.12,1
1714,4,0.6,7.4,1
1715,4,0.6,6.74,1
1716,4,0.6,6.4,1
1717,4,0.6,6.7,1
1718,4,0.6,7.94,1
1719,4,0.6,7.94,1
1720,4,0.6,6.54,1
1721,4,0.6,8.16,1
1722,4,0.6,7.58,1
1723,4,0.6,5.66,1
1724,4,0.6,6.86,1
1725,4,0.6,7.02,1
1726,4,0.6,6.66,1
1727,4,0.6,6.58,1
1728,4,0.6,7.2,1
1729,4,0.6,7.22,1
1730,4,0.6,7.1,1
1731,4,0.6,7.16,1
1732,4,0.6,6.92,1
1733,4,0.6,7.12,1
1734,4,0.6,7.04,1
1735,4,0.6,7.02,1
1736,4,0.6,7.12,1
1737,4,0.6,6.82,1
1738,4,0.6,7.04,1
1739,4,0.6,6.96,1
1740,4,0.6,5.86,1
1741,4,0.6,6.02,1
1742,4,0.6,6.38,1
1743,4,0.6,6.94,1
1744,4,0.6,6.56,1
1745,4,0.6,6.96,1
1746,4,0.6,6.92,1
1747,4,0.6,7.42,1
1748,4,0.6,7.44,1
1749,4,0.6,7.02,1
1750,4,0.6,7.66,1
1751,4,0.6,7.4,1
1752,4,0.6,7.44,1
1753,4,0.6,6.44,1
1754,4,0.6,6.74,1
1755,4,0.6,6.72,1
1756,4,0.6,6.72,1
1757,4,0.6,6.7,1
1758,4,0.6,6.54,1
1759,4,0.6,7.12,1
1760,4,0.6,6.32,1
1761,4,0.6,7.42,1
1762,4,0.6,7.7,1
1763,4,0.6,7.64,1
1764,4,0.6,5.8,1
1765,4,0.6,6.52,1
1766,4,0.6,6.32,1
1767,4,0.6,6.78,1
1768,4,0.6,6.1,1
1769,4,0.6,7.32,1
1770,4,0.6,6.64,1
1771,4,0.6,7.26,1
1772,4,0.6,6.56,1
1773,4,0.6,7.22,1
1774,4,0.6,7.44,1
1775,4,0.6,6.56,1
1776,4,0.6,6.26,1
1777,4,0.6,6.2,1
1778,4,0.6,6.88,1
1779,4,0.6,7.18,1
1780,4,0.6,7.26,1
1781,4,0.6,6.38,1
1782,4,0.6,6.74,1
1783,4,0.6,6.82,1
1784,4,0.6,5.94,1
1785,4,0.6,7.14,1
1786,4,0.6,7.36,1
1787,4,0.6,7.18,1
1788,4,0.6,8.3,1
1789,4,0.6,7.26,1
1790,4,0.6,6.04,1
1791,4,0.6,6.9,1
1792,4,0.6,6.88,1
1793,4,0.6,8.22,1
1794,4,0.6,7.7,1
1795,4,0.6,7.14,1
1796,4,0.6,7.04,1
1797,4,0.6,7.32,1
1798,4,0.6,6.76,1
1799,4,0.6,6.58,1
1800,4,0.6,6.22,1
1801,4,0.6,7.52,1
1802,4,0.6,6.48,1
1803,4,0.6,7.22,1
1804,4,0.6,7.92,1
1805,4,0.6,7.08,1
1806,4,0.6,6.58,1
1807,4,0.6,6.6,1
1808,4,0.6,7.42,1
1809,4,0.6,7.42,1
1810,4,0.6,6.5,1
1811,4,0.6,6.96,1
1812,4,0.6,6.74,1
1813,4,0.6,7.84,1
1814,4,0.6,7.06,1
1815,4,0.6,7.2,1
1816,4,0.6,7.42,1
1817,4,0.6,6.8,1
1818,4,0.6,7.16,1
1819,4,0.6,8.16,1
1820,4,0.6,8.4,1
1821,4,0.6,7.62,1
1822,4,0.6,7.14,1
1823,4,0.6,6.72,1
1824,4,0.6,6.72,1
1825,4,0.6,6.7,1
1826,4,0.6,7.06,1
1827,4,0.6,7.06,1
1828,4,0.6,7.54,1
1829,4,0.6,7.64,1
1830,4,0.6,6.14,1
1831,4,0.6,6.68,1
1832,4,0.6,7.76,1
1833,4,0.6,7.46,1
1834,4,0.6,8.14,1
1835,4,0.6,7.84,1
1836,4,0.6,7.26,1
1837,4,0.6,6.54,1
1838,4,0.6,7.2,1
1839,4,0.6,6.2,1
1840,4,0.6,7.32,1
1841,4,0.6,7.76,1
1842,4,0.6,7.86,1
1843,4,0.6,6.98,1
1844,4,0.6,7.06,1
1845,4,0.6,6.64,1
1846,4,0.6,6.56,1
1847,4,0.6,6.7,1
1848,4,0.6,6.44,1
1849,4,0.6,7.62,1
1850,4,0.6,6.78,1
1851,4,0.6,6.84,1
1852,4,0.6,7.72,1
1853,4,0.6,7.04,1
1854,4,0.6,7.2,1
1855,4,0.6,6.88,1
1856,4,0.6,7.68,1
1857,4,0.6,7.6,1
1858,4,0.6,8.64,1
1859,4,0.6,7.1,1
1860,4,0.6,7.16,1
1861,4,0.6,8.12,1
1862,4,0.6,7.6,1
1863,4,0.6,6.56,1
1864,4,0.6,6.86,1
1865,4,0.6,8.0,1
1866,4,0.6,6.66,1
1867,4,0.6,6.42,1
1868,4,0.6,5.94,1
1869,4,0.6,6.76,1
1870,4,0.6,7.74,1
1871,4,0.6,5.28,1
1872,4,0.6,6.38,1
1873,4,0.6,6.4,1
1874,4,0.6,6.92,1
1875,4,0.6,8.18,1
1876,4,0.6,7.12,1
1877,4,0.6,7.76,1
1878,4,0.6,6.86,1
1879,4,0.6,6.46,1
1880,4,0.6,7.14,1
1881,4,0.6,7.24,1
1882,4,0.6,7.06,1
1883,4,0.6,7.7,1
1884,4,0.6,7.24,1
1885,4,0.6,7.54,1
1886,4,0.6,7.24,1
1887,4,0.6,6.3,1
1888,4,0.6,6.62,1
1889,4,0.6,6.14,1
1890,4,0.6,6.96,1
1891,4,0.6,7.54,1
1892,4,0.6,7.9,1
1893,4,0.6,6.88,1
1894,4,0.6,7.46,1
1895,4,0.6,6.9,1
1896,4,0.6,7.84,1
1897,4,0.6,6.7,1
1898,4,0.6,6.14,1
1899,4,0.6,6.58,1
1900,4,0.6,6.42,1
1901,4,0.6,6.8,1
1902,4,0.6,7.18,1
1903,4,0.6,7.34,1
1904,4,0.6,7.52,1
1905,4,0.6,6.52,1
1906,4,0.6,6.82,1
1907,4,0.6,6.88,1
1908,4,0.6,6.1,1
1909,4,0.6,6.24,1
1910,4,0.6,7.14,1
1911,4,0.6,7.34,1
1912,4,0.6,6.44,1
1913,4,0.6,7.06,1
1914,4,0.6,7.92,1
1915,4,0.6,7.04,1
1916,4,0.6,7.16,1
1917,4,0.6,6.74,1
1918,4,0.6,7.78,1
1919,4,0.6,7.7,1
1920,4,0.6,7.72,1
1921,4,0.6,7.14,1
1922,4,0.6,6.84,1
1923,4,0.6,7.12,1
1924,4,0.6,7.86,1
1925,4,0.6,6.8,1
1926,4,0.6,7.24,1
1927,4,0.6,7.28,1
1928,4,0.6,7.22,1
1929,4,0.6,7.58,1
1930,4,0.6,6.98,1
1931,4,0.6,6.58,1
1932,4,0.6,6.16,1
1933,4,0.6,6.72,1
1934,4,0.6,7.32,1
1935,4,0.6,7.0,1
1936,4,0.6,6.52,1
1937,4,0.6,6.58,1
1938,4,0.6,6.9,1
1939,4,0.6,8.3,1
1940,4,0.6,7.04,1
1941,4,0.6,8.36,1
1942,4,0.6,7.68,1
1943,4,0.6,7.3,1
1944,4,0.6,7.94,1
1945,4,0.6,8.12,1
1946,4,0.6,7.1,1
1947,4,0.6,6.78,1
1948,4,0.6,8.14,1
1949,4,0.6,6.94,1
1950,4,0.6,7.4,1
1951,4,0.6,7.48,1
1952,4,0.6,7.2,1
1953,4,0.6,6.28,1
1954,4,0.6,6.68,1
1955,4,0.6,7.08,1
1956,4,0.6,7.14,1
1957,4,0.6,7.8,1
1958,4,0.6,6.04,1
1959,4,0.6,7.36,1
1960,4,0.6,6.62,1
1961,4,0.6,7.36,1
1962,4,0.6,6.1,1
1963,4,0.6,6.22,1
1964,4,0.6,7.28,1
1965,4,0.6,6.48,1
1966,4,0.6,6.8,1
1967,4,0.6,6.32,1
1968,4,0.6,7.16,1
1969,4,0.6,5.88,1
1970,4,0.6,6.88,1
1971,4,0.6,7.1,1
1972,4,0.6,6.02,1
1973,4,0.6,6.42,1
1974,4,0.6,6.32,1
1975,4,0.6,6.64,1
1976,4,0.6,6.76,1
1977,4,0.6,6.56,1
1978,4,0.6,5.92,1
1979,4,0.6,6.94,1
1980,4,0.6,6.3,1
1981,4,0.6,6.6,1
1982,4,0.6,8.16,1
1983,4,0.6,7.46,1
1984,4,0.6,6.86,1
1985,4,0.6,6.36,1
1986,4,0.6,6.66,1
1987,4,0.6,7.24,1
1988,4,0.6,6.88,1
1989,4,0.6,7.48,1
1990,4,0.6,6.52,1
1991,4,0.6,6.54,1
1992,4,0.6,7.04,1
1993,4,0.6,6.6,1
1994,4,0.6,6.44,1
1995,4,0.6,8.18,1
1996,4,0.6,7.78,1
1997,4,0.6,8.06,1
1998,4,0.6,6.72,1
1999,4,0.6,6.98,1
2000,4,0.6,7.4,1
0,5,0.6,54.98,40
1,5,0.6,45.66,38
2,5,0.6,40.0,33
3,5,0.6,37.32,31
4,5,0.6,33.86,30
5,5,0.6,32.38,27
6,5,0.6,31.24,26
7,5,0.6,29.84,24
8,5,0.6,28.36,22
9,5,0.6,26.64,20
10,5,0.6,24.9,19
11,5,0.6,22.9,18
12,5,0.6,21.9,16
13,5,0.6,20.9,16
14,5,0.6,19.92,16
15,5,0.6,20.18,15
16,5,0.6,19.74,15
17,5,0.6,19.38,14
18,5,0.6,19.1,14
19,5,0.6,18.8,14
20,5,0.6,18.04,13
21,5,0.6,18.34,13
22,5,0.6,17.82,13
23,5,0.6,17.76,13
24,5,0.6,17.86,13
25,5,0.6,17.4,12
26,5,0.6,17.58,12
27,5,0.6,17.9,12
28,5,0.6,17.28,12
29,5,0.6,16.5,12
30,5,0.6,16.78,12
31,5,0.6,16.02,11
32,5,0.6,15.34,11
33,5,0.6,16.02,11
34,5,0.6,16.96,11
35,5,0.6,15.6,11
36,5,0.6,15.28,11
37,5,0.6,15.54,11
38,5,0.6,15.24,11
39,5,0.6,15.92,10
40,5,0.6,15.7,10
41,5,0.6,15.58,10
42,5,0.6,14.28,9
43,5,0.6,13.34,9
44,5,0.6,14.18,9
45,5,0.6,14.2,9
46,5,0.6,13.88,9
47,5,0.6,14.22,9
48,5,0.6,13.98,9
49,5,0.6,14.44,9
50,5,0.6,13.62,9
51,5,0.6,14.2,9
52,5,0.6,14.66,9
53,5,0.6,13.76,9
54,5,0.6,14.32,9
55,5,0.6,14.4,8
56,5,0.6,13.2,8
57,5,0.6,12.44,8
58,5,0.6,13.12,8
59,5,0.6,13.74,8
60,5,0.6,14.04,8
61,5,0.6,13.3,8
62,5,0.6,13.74,8
63,5,0.6,12.64,8
64,5,0.6,12.74,7
65,5,0.6,12.0,7
66,5,0.6,12.64,7
67,5,0.6,13.2,7
68,5,0.6,12.66,7
69,5,0.6,12.4,7
70,5,0.6,11.82,7
71,5,0.6,12.16,7
72,5,0.6,12.06,7
73,5,0.6,12.02,7
74,5,0.6,12.34,7
75,5,0.6,12.3,7
76,5,0.6,10.98,7
77,5,0.6,11.34,6
78,5,0.6,10.98,6
79,5,0.6,11.18,6
80,5,0.6,11.42,6
81,5,0.6,12.28,6
82,5,0.6,11.68,6
83,5,0.6,10.68,6
84,5,0.6,12.3,6
85,5,0.6,11.1,6
86,5,0.6,10.96,6
87,5,0.6,10.64,6
88,5,0.6,11.1,6
89,5,0.6,11.62,6
90,5,0.6,11.58,6
91,5,0.6,11.46,6
92,5,0.6,10.98,6
93,5,0.6,12.64,6
94,5,0.6,10.8,6
95,5,0.6,11.32,5
96,5,0.6,11.06,5
97,5,0.6,10.28,5
98,5,0.6,10.34,5
99,5,0.6,10.22,5
100,5,0.6,10.48,5
101,5,0.6,10.24,5
102,5,0.6,9.98,5
103,5,0.6,9.68,5
104,5,0.6,9.94,5
105,5,0.6,10.18,5
106,5,0.6,9.96,5
107,5,0.6,11.04,5
108,5,0.6,10.64,5
109,5,0.6,10.7,5
110,5,0.6,10.48,5
111,5,0.6,11.68,5
112,5,0.6,10.0,5
113,5,0.6,10.22,5
114,5,0.6,10.64,5
115,5,0.6,10.9,5
116,5,0.6,10.06,5
117,5,0.6,11.08,5
118,5,0.6,10.34,5
119,5,0.6,10.88,5
120,5,0.6,10.6,5
121,5,0.6,9.98,5
122,5,0.6,10.28,5
123,5,0.6,10.46,5
124,5,0.6,10.74,5
125,5,0.6,10.88,5
126,5,0.6,10.42,4
127,5,0.6,10.5,4
128,5,0.6,9.92,4
129,5,0.6,9.86,4
130,5,0.6,9.94,4
131,5,0.6,9.54,4
132,5,0.6,9.72,4
133,5,0.6,8.76,4
134,5,0.6,10.02,4
135,5,0.6,10.34,4
136,5,0.6,10.08,4
137,5,0.6,9.36,4
138,5,0.6,8.8,4
139,5,0.6,8.86,4
140,5,0.6,9.28,4
141,5,0.6,9.08,4
142,5,0.6,10.54,4
143,5,0.6,10.28,4
144,5,0.6,9.92,4
145,5,0.6,9.5,4
146,5,0.6,9.88,4
147,5,0.6,9.8,4
148,5,0.6,9.84,4
149,5,0.6,9.32,4
150,5,0.6,9.02,4
151,5,0.6,9.84,4
152,5,0.6,10.4,4
153,5,0.6,10.44,4
154,5,0.6,9.7,4
155,5,0.6,9.3,4
156,5,0.6,9.36,4
157,5,0.6,9.72,4
158,5,0.6,9.64,4
159,5,0.6,9.74,4
160,5,0.6,10.68,4
161,5,0.6,9.02,4
162,5,0.6,10.28,4
163,5,0.6,9.82,4
164,5,0.6,8.9,4
165,5,0.6,9.12,4
166,5,0.6,9.22,4
167,5,0.6,9.32,4
168,5,0.6,10.42,4
169,5,0.6,10.36,4
170,5,0.6,9.76,4
171,5,0.6,8.88,4
172,5,0.6,9.44,4
173,5,0.6,9.04,4
174,5,0.6,10.52,4
175,5,0.6,10.46,4
176,5,0.6,9.36,4
177,5,0.6,8.6,4
178,5,0.6,10.0,4
179,5,0.6,9.62,3
180,5,0.6,8.86,3
181,5,0.6,8.66,3
182,5,0.6,8.74,3
183,5,0.6,8.22,3
184,5,0.6,8.9,3
185,5,0.6,8.48,3
186,5,0.6,9.4,3
187,5,0.6,8.36,3
188,5,0.6,9.36,3
189,5,0.6,8.76,3
190,5,0.6,9.54,3
191,5,0.6,9.02,3
192,5,0.6,8.36,3
193,5,0.6,8.48,3
194,5,0.6,9.02,3
195,5,0.6,8.34,3
196,5,0.6,8.46,3
197,5,0.6,9.36,3
198,5,0.6,9.38,3
199,5,0.6,8.9,3
200,5,0.6,9.12,3
201,5,0.6,9.16,3
202,5,0.6,9.08,3
203,5,0.6,8.96,3
204,5,0.6,7.8,3
205,5,0.6,8.62,3
206,5,0.6,8.52,3
207,5,0.6,8.28,3
208,5,0.6,9.22,3
209,5,0.6,9.08,3
210,5,0.6,9.4,3
211,5,0.6,9.76,3
212,5,0.6,10.34,3
213,5,0.6,9.82,3
214,5,0.6,8.9,3
215,5,0.6,9.14,3
216,5,0.6,8.2,3
217,5,0.6,7.72,3
218,5,0.6,8.4,3
219,5,0.6,8.98,3
220,5,0.6,9.16,3
221,5,0.6,8.9,3
222,5,0.6,8.32,3
223,5,0.6,8.78,3
224,5,0.6,9.62,3
225,5,0.6,9.0,3
226,5,0.6,9.54,3
227,5,0.6,8.38,3
228,5,0.6,8.36,3
229,5,0.6,8.76,3
230,5,0.6,7.92,3
231,5,0.6,8.58,3
232,5,0.6,8.76,3
233,5,0.6,8.4,3
234,5,0.6,9.88,3
235,5,0.6,9.54,3
236,5,0.6,8.88,3
237,5,0.6,8.6,3
238,5,0.6,8.16,3
239,5,0.6,8.7,3
240,5,0.6,8.98,3
241,5,0.6,9.1,3
242,5,0.6,8.02,3
243,5,0.6,8.62,3
244,5,0.6,8.64,3
245,5,0.6,8.6,3
246,5,0.6,8.76,3
247,5,0.6,8.84,3
248,5,0.6,8.68,3
249,5,0.6,8.42,3
250,5,0.6,9.32,3
251,5,0.6,8.36,3
252,5,0.6,8.84,3
253,5,0.6,8.66,3
254,5,0.6,8.7,3
255,5,0.6,8.86,3
256,5,0.6,9.92,3
257,5,0.6,9.08,3
258,5,0.6,7.82,3
259,5,0.6,7.8,3
260,5,0.6,8.78,3
261,5,0.6,8.36,3
262,5,0.6,9.28,3
263,5,0.6,9.7,3
264,5,0.6,9.74,3
265,5,0.6,8.34,3
266,5,0.6,8.7,3
267,5,0.6,8.96,3
268,5,0.6,7.98,3
269,5,0.6,9.24,3
270,5,0.6,9.54,3
271,5,0.6,8.88,3
272,5,0.6,8.24,3
273,5,0.6,8.18,3
274,5,0.6,9.18,3
275,5,0.6,9.52,3
276,5,0.6,9.32,3
277,5,0.6,7.96,3
278,5,0.6,7.92,3
279,5,0.6,8.48,3
280,5,0.6,9.12,3
281,5,0.6,8.3,3
282,5,0.6,8.92,3
283,5,0.6,8.02,3
284,5,0.6,8.24,3
285,5,0.6,9.36,3
286,5,0.6,10.04,3
287,5,0.6,7.86,3
288,5,0.6,8.7,3
289,5,0.6,8.72,3
290,5,0.6,8.44,3
291,5,0.6,9.58,3
292,5,0.6,9.16,3
293,5,0.6,9.22,3
294,5,0.6,8.72,3
295,5,0.6,9.02,3
296,5,0.6,8.86,3
297,5,0.6,8.78,3
298,5,0.6,8.82,3
299,5,0.6,9.16,3
300,5,0.6,9.02,3
301,5,0.6,8.9,3
302,5,0.6,8.78,3
303,5,0.6,8.78,3
304,5,0.6,8.66,3
305,5,0.6,8.46,3
306,5,0.6,8.78,3
307,5,0.6,9.34,3
308,5,0.6,9.42,3
309,5,0.6,8.62,3
310,5,0.6,8.64,3
311,5,0.6,7.96,3
312,5,0.6,9.1,3
313,5,0.6,8.68,3
314,5,0.6,7.92,3
315,5,0.6,9.02,3
316,5,0.6,8.68,3
317,5,0.6,9.24,3
318,5,0.6,8.62,3
319,5,0.6,9.0,3
320,5,0.6,8.2,3
321,5,0.6,8.28,3
322,5,0.6,9.04,3
323,5,0.6,7.74,3
324,5,0.6,8.24,3
325,5,0.6,8.64,3
326,5,0.6,8.26,3
327,5,0.6,8.34,3
328,5,0.6,8.38,3
329,5,0.6,8.56,3
330,5,0.6,9.9,3
331,5,0.6,9.1,3
332,5,0.6,8.72,3
333,5,0.6,9.16,3
334,5,0.6,7.96,3
335,5,0.6,9.16,3
336,5,0.6,9.0,3
337,5,0.6,9.2,3
338,5,0.6,8.26,3
339,5,0.6,8.32,3
340,5,0.6,8.28,3
341,5,0.6,8.38,3
342,5,0.6,8.6,3
343,5,0.6,8.8,3
344,5,0.6,8.28,3
345,5,0.6,7.72,3
346,5,0.6,8.64,3
347,5,0.6,7.96,3
348,5,0.6,8.44,3
349,5,0.6,9.2,3
350,5,0.6,8.42,3
351,5,0.6,8.98,3
352,5,0.6,8.92,3
353,5,0.6,8.44,3
354,5,0.6,8.36,3
355,5,0.6,8.78,3
356,5,0.6,9.48,3
357,5,0.6,9.8,3
358,5,0.6,9.52,3
359,5,0.6,9.8,3
360,5,0.6,9.76,3
361,5,0.6,9.2,3
362,5,0.6,9.1,3
363,5,0.6,8.72,3
364,5,0.6,8.54,3
365,5,0.6,8.9,3
366,5,0.6,8.52,3
367,5,0.6,9.78,3
368,5,0.6,9.08,3
369,5,0.6,9.0,3
370,5,0.6,9.1,3
371,5,0.6,9.06,3
372,5,0.6,8.96,3
373,5,0.6,8.38,3
374,5,0.6,8.42,3
375,5,0.6,8.9,3
376,5,0.6,8.7,3
377,5,0.6,9.38,3
378,5,0.6,8.1,3
379,5,0.6,8.88,3
380,5,0.6,9.42,3
381,5,0.6,8.5,3
382,5,0.6,9.08,3
383,5,0.6,9.36,3
384,5,0.6,9.32,3
385,5,0.6,9.52,3
386,5,0.6,8.8,3
387,5,0.6,7.92,3
388,5,0.6,8.74,3
389,5,0.6,9.4,3
390,5,0.6,9.3,3
391,5,0.6,9.72,3
392,5,0.6,8.72,3
393,5,0.6,9.0,3
394,5,0.6,9.34,3
395,5,0.6,8.72,3
396,5,0.6,8.82,3
397,5,0.6,8.76,3
398,5,0.6,8.88,3
399,5,0.6,8.68,3
400,5,0.6,8.94,3
401,5,0.6,9.36,3
402,5,0.6,9.72,3
403,5,0.6,9.36,3
404,5,0.6,8.18,3
405,5,0.6,8.74,3
406,5,0.6,8.9,3
407,5,0.6,8.66,3
408,5,0.6,9.42,3
409,5,0.6,9.16,3
410,5,0.6,9.14,3
411,5,0.6,8.68,3
412,5,0.6,8.84,3
413,5,0.6,8.44,3
414,5,0.6,8.82,3
415,5,0.6,8.72,3
416,5,0.6,9.12,3
417,5,0.6,8.56,3
418,5,0.6,8.82,3
419,5,0.6,9.24,3
420,5,0.6,8.62,3
421,5,0.6,8.48,3
422,5,0.6,7.88,3
423,5,0.6,8.0,3
424,5,0.6,9.8,3
425,5,0.6,10.32,3
426,5,0.6,8.7,3
427,5,0.6,8.52,3
428,5,0.6,8.5,3
429,5,0.6,9.12,3
430,5,0.6,8.76,3
431,5,0.6,9.44,3
432,5,0.6,9.3,3
433,5,0.6,9.3,3
434,5,0.6,7.82,3
435,5,0.6,9.8,3
436,5,0.6,8.5,3
437,5,0.6,9.26,3
438,5,0.6,8.58,3
439,5,0.6,8.04,3
440,5,0.6,7.86,3
441,5,0.6,9.72,3
442,5,0.6,8.4,3
443,5,0.6,7.82,3
444,5,0.6,8.08,3
445,5,0.6,8.42,3
446,5,0.6,8.84,3
447,5,0.6,8.86,3
448,5,0.6,9.24,3
449,5,0.6,8.64,3
450,5,0.6,8.58,3
451,5,0.6,8.12,3
452,5,0.6,9.04,3
453,5,0.6,8.02,3
454,5,0.6,8.7,3
455,5,0.6,8.38,3
456,5,0.6,8.58,3
457,5,0.6,8.04,3
458,5,0.6,8.66,3
459,5,0.6,8.14,3
460,5,0.6,8.54,3
461,5,0.6,9.18,3
462,5,0.6,9.04,3
463,5,0.6,8.74,3
464,5,0.6,8.58,3
465,5,0.6,8.6,3
466,5,0.6,8.82,3
467,5,0.6,8.9,3
468,5,0.6,8.94,3
469,5,0.6,8.22,3
470,5,0.6,9.06,3
471,5,0.6,8.6,3
472,5,0.6,9.1,3
473,5,0.6,8.9,3
474,5,0.6,9.1,3
475,5,0.6,8.54,3
476,5,0.6,9.38,3
477,5,0.6,8.96,3
478,5,0.6,8.16,3
479,5,0.6,8.62,3
480,5,0.6,7.58,3
481,5,0.6,7.62,3
482,5,0.6,9.04,3
483,5,0.6,8.14,3
484,5,0.6,8.28,3
485,5,0.6,10.26,3
486,5,0.6,7.92,3
487,5,0.6,8.12,3
488,5,0.6,8.1,3
489,5,0.6,8.46,3
490,5,0.6,9.14,3
491,5,0.6,9.22,3
492,5,0.6,9.62,3
493,5,0.6,8.62,3
494,5,0.6,8.8,3
495,5,0.6,8.96,3
496,5,0.6,7.38,3
497,5,0.6,9.3,3
498,5,0.6,8.48,3
499,5,0.6,8.78,3
500,5,0.6,9.04,3
501,5,0.6,8.4,3
502,5,0.6,9.06,3
503,5,0.6,8.5,3
504,5,0.6,9.48,3
505,5,0.6,9.12,3
506,5,0.6,9.2,3
507,5,0.6,9.76,3
508,5,0.6,9.08,3
509,5,0.6,8.82,3
510,5,0.6,7.86,3
511,5,0.6,8.68,3
512,5,0.6,8.76,3
513,5,0.6,9.04,3
514,5,0.6,8.9,3
515,5,0.6,8.38,3
516,5,0.6,8.8,3
517,5,0.6,9.88,3
518,5,0.6,8.96,3
519,5,0.6,8.8,3
520,5,0.6,8.02,3
521,5,0.6,7.86,3
522,5,0.6,9.4,3
523,5,0.6,9.34,3
524,5,0.6,9.44,3
525,5,0.6,8.96,3
526,5,0.6,8.52,3
527,5,0.6,8.76,3
528,5,0.6,8.92,3
529,5,0.6,8.64,3
530,5,0.6,9.02,3
531,5,0.6,9.06,3
532,5,0.6,8.94,3
533,5,0.6,8.74,3
534,5,0.6,7.96,3
535,5,0.6,8.58,3
536,5,0.6,8.9,3
537,5,0.6,8.86,3
538,5,0.6,9.58,3
539,5,0.6,8.06,3
540,5,0.6,8.02,3
541,5,0.6,9.58,3
542,5,0.6,9.02,3
543,5,0.6,8.84,3
544,5,0.6,9.56,3
545,5,0.6,8.98,3
546,5,0.6,8.32,3
547,5,0.6,7.86,3
548,5,0.6,7.76,3
549,5,0.6,8.58,3
550,5,0.6,8.04,3
551,5,0.6,8.62,3
552,5,0.6,8.42,3
553,5,0.6,9.7,3
554,5,0.6,8.42,3
555,5,0.6,8.66,3
556,5,0.6,8.22,3
557,5,0.6,8.96,3
558,5,0.6,8.08,3
559,5,0.6,8.64,3
560,5,0.6,10.04,3
561,5,0.6,8.92,3
562,5,0.6,8.98,3
563,5,0.6,7.98,3
564,5,0.6,8.6,3
565,5,0.6,8.52,2
566,5,0.6,7.7,2
567,5,0.6,7.22,2
568,5,0.6,7.24,2
569,5,0.6,7.8,2
570,5,0.6,8.22,2
571,5,0.6,8.6,2
572,5,0.6,8.0,2
573,5,0.6,8.12,2
574,5,0.6,8.36,2
575,5,0.6,8.52,2
576,5,0.6,7.94,2
577,5,0.6,7.94,2
578,5,0.6,7.76,2
579,5,0.6,7.26,2
580,5,0.6,7.7,2
581,5,0.6,7.34,2
582,5,0.6,6.68,2
583,5,0.6,7.38,2
584,5,0.6,6.94,2
585,5,0.6,8.28,2
586,5,0.6,8.82,2
587,5,0.6,8.58,2
588,5,0.6,7.8,2
589,5,0.6,7.76,2
590,5,0.6,8.58,2
591,5,0.6,8.16,2
592,5,0.6,8.3,2
593,5,0.6,7.88,2
594,5,0.6,7.5,2
595,5,0.6,8.28,2
596,5,0.6,7.88,2
597,5,0.6,8.32,2
598,5,0.6,7.92,2
599,5,0.6,7.7,2
600,5,0.6,7.84,2
601,5,0.6,8.34,2
602,5,0.6,7.68,2
603,5,0.6,7.92,2
604,5,0.6,8.2,2
605,5,0.6,8.8,2
606,5,0.6,7.6,2
607,5,0.6,7.76,2
608,5,0.6,8.24,2
609,5,0.6,7.18,2
610,5,0.6,7.34,2
611,5,0.6,7.54,2
612,5,0.6,8.34,2
613,5,0.6,8.24,2
614,5,0.6,7.98,2
615,5,0.6,9.12,2
616,5,0.6,7.44,2
617,5,0.6,7.94,2
618,5,0.6,7.7,2
619,5,0.6,8.62,2
620,5,0.6,7.76,2
621,5,0.6,7.88,2
622,5,0.6,8.36,2
623,5,0.6,7.78,2
624,5,0.6,8.42,2
625,5,0.6,7.56,2
626,5,0.6,7.58,2
627,5,0.6,8.08,2
628,5,0.6,8.52,2
629,5,0.6,7.22,2
630,5,0.6,7.6,2
631,5,0.6,8.52,2
632,5,0.6,8.3,2
633,5,0.6,8.94,2
634,5,0.6,7.36,2
635,5,0.6,8.44,2
636,5,0.6,8.88,2
637,5,0.6,7.88,2
638,5,0.6,7.7,2
639,5,0.6,7.54,2
640,5,0.6,7.92,2
641,5,0.6,7.78,2
642,5,0.6,8.22,2
643,5,0.6,8.24,2
644,5,0.6,8.32,2
645,5,0.6,7.52,2
646,5,0.6,7.9,2
647,5,0.6,7.6,2
648,5,0.6,8.02,2
649,5,0.6,7.4,2
650,5,0.6,7.56,2
651,5,0.6,8.08,2
652,5,0.6,8.42,2
653,5,0.6,8.22,2
654,5,0.6,7.44,2
655,5,0.6,7.64,2
656,5,0.6,8.66,2
657,5,0.6,8.04,2
658,5,0.6,7.74,2
659,5,0.6,7.4,2
660,5,0.6,9.0,2
661,5,0.6,7.8,2
662,5,0.6,7.72,2
663,5,0.6,7.84,2
664,5,0.6,7.74,2
665,5,0.6,8.08,2
666,5,0.6,8.32,2
667,5,0.6,7.3,2
668,5,0.6,6.8,2
669,5,0.6,6.56,2
670,5,0.6,7.06,2
671,5,0.6,7.28,2
672,5,0.6,6.5,2
673,5,0.6,8.14,2
674,5,0.6,8.0,2
675,5,0.6,8.3,2
676,5,0.6,7.58,2
677,5,0.6,7.74,2
678,5,0.6,7.74,2
679,5,0.6,7.84,2
680,5,0.6,7.92,2
681,5,0.6,6.72,2
682,5,0.6,7.42,2
683,5,0.6,7.92,2
684,5,0.6,9.38,2
685,5,0.6,8.9,2
686,5,0.6,7.92,2
687,5,0.6,7.38,2
688,5,0.6,7.7,2
689,5,0.6,7.74,2
690,5,0.6,6.84,2
691,5,0.6,7.5,2
692,5,0.6,7.94,2
693,5,0.6,8.1,2
694,5,0.6,7.46,2
695,5,0.6,7.18,2
696,5,0.6,7.82,2
697,5,0.6,8.02,2
698,5,0.6,8.46,2
699,5,0.6,7.86,2
700,5,0.6,8.0,2
701,5,0.6,7.94,2
702,5,0.6,8.14,2
703,5,0.6,7.6,2
704,5,0.6,8.1,2
705,5,0.6,7.2,2
706,5,0.6,8.7,2
707,5,0.6,7.64,2
708,5,0.6,7.18,2
709,5,0.6,7.7,2
710,5,0.6,7.02,2
711,5,0.6,6.56,2
712,5,0.6,8.66,2
713,5,0.6,8.1,2
714,5,0.6,8.18,2
715,5,0.6,8.62,2
716,5,0.6,7.26,2
717,5,0.6,7.22,2
718,5,0.6,8.76,2
719,5,0.6,7.74,2
720,5,0.6,7.92,2
721,5,0.6,7.0,2
722,5,0.6,7.54,2
723,5,0.6,7.54,2
724,5,0.6,7.46,2
725,5,0.6,7.2,2
726,5,0.6,7.78,2
727,5,0.6,7.54,2
728,5,0.6,7.4,2
729,5,0.6,8.78,2
730,5,0.6,8.84,2
731,5,0.6,8.94,2
732,5,0.6,8.02,2
733,5,0.6,8.42,2
734,5,0.6,8.16,2
735,5,0.6,7.88,2
736,5,0.6,8.02,2
737,5,0.6,7.6,2
738,5,0.6,8.0,2
739,5,0.6,7.96,2
740,5,0.6,8.7,2
741,5,0.6,6.94,2
742,5,0.6,8.34,2
743,5,0.6,8.4,2
744,5,0.6,7.98,2
745,5,0.6,8.56,2
746,5,0.6,8.02,2
747,5,0.6,8.58,2
748,5,0.6,7.82,2
749,5,0.6,8.9,2
750,5,0.6,7.92,2
751,5,0.6,7.92,2
752,5,0.6,8.8,2
753,5,0.6,7.78,2
754,5,0.6,7.8,2
755,5,0.6,8.32,2
756,5,0.6,8.12,2
757,5,0.6,7.34,2
758,5,0.6,7.88,2
759,5,0.6,8.72,2
760,5,0.6,7.52,2
761,5,0.6,8.12,2
762,5,0.6,7.56,2
763,5,0.6,8.0,2
764,5,0.6,7.9,2
765,5,0.6,7.76,2
766,5,0.6,7.3,2
767,5,0.6,8.32,2
768,5,0.6,6.96,2
769,5,0.6,7.44,2
770,5,0.6,8.22,2
771,5,0.6,6.78,2
772,5,0.6,7.48,2
773,5,0.6,7.54,2
774,5,0.6,8.48,2
775,5,0.6,8.1,2
776,5,0.6,8.52,2
777,5,0.6,8.94,2
778,5,0.6,8.28,2
779,5,0.6,7.64,2
780,5,0.6,8.1,2
781,5,0.6,7.16,2
782,5,0.6,8.44,2
783,5,0.6,8.04,2
784,5,0.6,9.16,2
785,5,0.6,8.16,2
786,5,0.6,7.66,2
787,5,0.6,7.42,2
788,5,0.6,7.02,2
789,5,0.6,7.56,2
790,5,0.6,7.06,2
791,5,0.6,6.92,2
792,5,0.6,7.32,2
793,5,0.6,7.9,2
794,5,0.6,8.24,2
795,5,0.6,8.16,2
796,5,0.6,7.28,2
797,5,0.6,8.76,2
798,5,0.6,7.68,2
799,5,0.6,7.36,2
800,5,0.6,8.54,2
801,5,0.6,7.64,2
802,5,0.6,8.3,2
803,5,0.6,8.16,2
804,5,0.6,8.3,2
805,5,0.6,9.28,2
806,5,0.6,7.62,2
807,5,0.6,7.82,2
808,5,0.6,7.88,2
809,5,0.6,9.36,2
810,5,0.6,8.06,2
811,5,0.6,7.94,2
812,5,0.6,7.98,2
813,5,0.6,7.34,2
814,5,0.6,7.46,2
815,5,0.6,8.24,2
816,5,0.6,8.32,2
817,5,0.6,8.32,2
818,5,0.6,8.84,2
819,5,0.6,8.76,2
820,5,0.6,7.52,2
821,5,0.6,8.48,2
822,5,0.6,7.58,2
823,5,0.6,7.86,2
824,5,0.6,7.16,2
825,5,0.6,7.4,2
826,5,0.6,7.84,2
827,5,0.6,8.24,2
828,5,0.6,8.58,2
829,5,0.6,8.46,2
830,5,0.6,8.36,2
831,5,0.6,9.4,2
832,5,0.6,8.24,2
833,5,0.6,9.42,2
834,5,0.6,7.36,2
835,5,0.6,7.28,2
836,5,0.6,8.18,2
837,5,0.6,8.28,2
838,5,0.6,7.94,2
839,5,0.6,8.28,2
840,5,0.6,8.32,2
841,5,0.6,8.66,2
842,5,0.6,8.56,2
843,5,0.6,6.92,2
844,5,0.6,7.88,2
845,5,0.6,8.58,2
846,5,0.6,8.0,2
847,5,0.6,7.4,2
848,5,0.6,7.72,2
849,5,0.6,7.94,2
850,5,0.6,7.78,2
851,5,0.6,8.24,2
852,5,0.6,7.02,2
853,5,0.6,7.6,2
854,5,0.6,8.34,2
855,5,0.6,8.0,2
856,5,0.6,7.86,2
857,5,0.6,9.14,2
858,5,0.6,7.8,2
859,5,0.6,7.7,2
860,5,0.6,7.2,2
861,5,0.6,8.44,2
862,5,0.6,8.0,2
863,5,0.6,7.9,2
864,5,0.6,7.6,2
865,5,0.6,7.36,2
866,5,0.6,7.66,2
867,5,0.6,8.08,2
868,5,0.6,8.4,2
869,5,0.6,8.22,2
870,5,0.6,8.54,2
871,5,0.6,8.96,2
872,5,0.6,8.02,2
873,5,0.6,8.94,2
874,5,0.6,8.1,2
875,5,0.6,8.62,2
876,5,0.6,8.06,2
877,5,0.6,7.3,2
878,5,0.6,8.46,2
879,5,0.6,7.3,2
880,5,0.6,7.3,2
881,5,0.6,7.6,2
882,5,0.6,8.76,2
883,5,0.6,7.92,2
884,5,0.6,8.96,2
885,5,0.6,8.22,2
886,5,0.6,8.4,2
887,5,0.6,7.04,2
888,5,0.6,7.56,2
889,5,0.6,7.46,2
890,5,0.6,6.96,2
891,5,0.6,7.18,2
892,5,0.6,8.36,2
893,5,0.6,8.7,2
894,5,0.6,8.36,2
895,5,0.6,7.74,2
896,5,0.6,8.48,2
897,5,0.6,7.94,2
898,5,0.6,7.3,2
899,5,0.6,7.98,2
900,5,0.6,7.54,2
901,5,0.6,8.2,2
902,5,0.6,8.22,2
903,5,0.6,8.54,2
904,5,0.6,7.68,2
905,5,0.6,7.82,2
906,5,0.6,8.8,2
907,5,0.6,8.5,2
908,5,0.6,8.54,2
909,5,0.6,8.84,2
910,5,0.6,8.7,2
911,5,0.6,8.06,2
912,5,0.6,7.54,2
913,5,0.6,7.2,2
914,5,0.6,8.18,2
915,5,0.6,7.82,2
916,5,0.6,8.02,2
917,5,0.6,8.08,2
918,5,0.6,8.04,2
919,5,0.6,7.96,2
920,5,0.6,7.82,2
921,5,0.6,7.86,2
922,5,0.6,8.18,2
923,5,0.6,7.62,2
924,5,0.6,7.8,2
925,5,0.6,7.8,2
926,5,0.6,7.54,2
927,5,0.6,7.8,2
928,5,0.6,7.76,2
929,5,0.6,8.72,2
930,5,0.6,8.08,2
931,5,0.6,6.7,2
932,5,0.6,7.9,2
933,5,0.6,7.66,2
934,5,0.6,7.9,2
935,5,0.6,7.98,2
936,5,0.6,8.16,2
937,5,0.6,7.18,2
938,5,0.6,7.94,2
939,5,0.6,7.6,2
940,5,0.6,7.52,2
941,5,0.6,7.8,2
942,5,0.6,8.28,2
943,5,0.6,7.08,2
944,5,0.6,8.72,2
945,5,0.6,8.26,2
946,5,0.6,8.42,2
947,5,0.6,8.16,2
948,5,0.6,7.78,2
949,5,0.6,7.52,2
950,5,0.6,7.58,2
951,5,0.6,7.64,2
952,5,0.6,7.56,2
953,5,0.6,8.2,2
954,5,0.6,8.22,2
955,5,0.6,7.86,2
956,5,0.6,7.18,2
957,5,0.6,8.42,2
958,5,0.6,8.34,2
959,5,0.6,7.64,2
960,5,0.6,8.04,2
961,5,0.6,8.38,2
962,5,0.6,8.7,2
963,5,0.6,7.42,2
964,5,0.6,7.2,2
965,5,0.6,7.82,2
966,5,0.6,8.34,2
967,5,0.6,7.4,2
968,5,0.6,7.44,2
969,5,0.6,7.92,2
970,5,0.6,8.12,2
971,5,0.6,7.36,2
972,5,0.6,8.76,2
973,5,0.6,8.08,2
974,5,0.6,7.94,2
975,5,0.6,7.68,2
976,5,0.6,6.9,2
977,5,0.6,7.36,2
978,5,0.6,8.46,2
979,5,0.6,7.9,2
980,5,0.6,8.64,2
981,5,0.6,7.36,2
982,5,0.6,8.6,2
983,5,0.6,8.26,2
984,5,0.6,8.64,2
985,5,0.6,7.5,2
986,5,0.6,7.42,2
987,5,0.6,7.84,2
988,5,0.6,8.08,2
989,5,0.6,8.58,2
990,5,0.6,7.94,2
991,5,0.6,8.34,2
992,5,0.6,7.18,2
993,5,0.6,7.22,2
994,5,0.6,6.44,2
995,5,0.6,7.5,2
996,5,0.6,6.46,2
997,5,0.6,8.14,2
998,5,0.6,7.94,2
999,5,0.6,8.68,2
1000,5,0.6,8.12,2
1001,5,0.6,7.56,2
1002,5,0.6,7.48,2
1003,5,0.6,7.82,2
1004,5,0.6,8.22,2
1005,5,0.6,7.9,2
1006,5,0.6,8.4,2
1007,5,0.6,7.92,2
1008,5,0.6,7.82,2
1009,5,0.6,8.14,2
1010,5,0.6,8.12,2
1011,5,0.6,7.3,2
1012,5,0.6,7.4,2
1013,5,0.6,7.42,2
1014,5,0.6,8.2,2
1015,5,0.6,8.02,2
1016,5,0.6,8.2,2
1017,5,0.6,7.66,2
1018,5,0.6,8.42,2
1019,5,0.6,7.7,2
1020,5,0.6,8.38,2
1021,5,0.6,8.4,2
1022,5,0.6,8.24,2
1023,5,0.6,7.8,2
1024,5,0.6,7.26,2
1025,5,0.6,7.76,2
1026,5,0.6,8.56,2
1027,5,0.6,8.42,2
1028,5,0.6,8.06,2
1029,5,0.6,8.18,2
1030,5,0.6,8.5,2
1031,5,0.6,8.08,2
1032,5,0.6,7.86,2
1033,5,0.6,7.12,2
1034,5,0.6,7.86,2
1035,5,0.6,8.04,2
1036,5,0.6,7.82,2
1037,5,0.6,8.96,2
1038,5,0.6,8.2,2
1039,5,0.6,7.54,2
1040,5,0.6,8.24,2
1041,5,0.6,7.9,2
1042,5,0.6,8.0,2
1043,5,0.6,7.88,2
1044,5,0.6,7.16,2
1045,5,0.6,8.5,2
1046,5,0.6,7.86,2
1047,5,0.6,7.74,2
1048,5,0.6,7.92,2
1049,5,0.6,8.5,2
1050,5,0.6,7.28,2
1051,5,0.6,8.14,2
1052,5,0.6,8.24,2
1053,5,0.6,8.16,2
1054,5,0.6,8.26,2
1055,5,0.6,8.1,2
1056,5,0.6,8.94,2
1057,5,0.6,7.04,2
1058,5,0.6,7.42,2
1059,5,0.6,7.62,2
1060,5,0.6,7.8,2
1061,5,0.6,7.26,2
1062,5,0.6,7.52,2
1063,5,0.6,8.52,2
1064,5,0.6,7.62,2
1065,5,0.6,7.62,2
1066,5,0.6,8.38,2
1067,5,0.6,7.66,2
1068,5,0.6,7.1,2
1069,5,0.6,7.46,2
1070,5,0.6,8.22,2
1071,5,0.6,8.22,2
1072,5,0.6,7.62,2
1073,5,0.6,7.5,2
1074,5,0.6,6.56,2
1075,5,0.6,7.96,2
1076,5,0.6,6.78,2
1077,5,0.6,7.0,2
1078,5,0.6,7.92,2
1079,5,0.6,7.44,2
1080,5,0.6,8.5,2
1081,5,0.6,8.88,2
1082,5,0.6,8.2,2
1083,5,0.6,8.7,2
1084,5,0.6,7.62,2
1085,5,0.6,6.9,2
1086,5,0.6,7.38,2
1087,5,0.6,8.02,2
1088,5,0.6,8.14,2
1089,5,0.6,7.78,2
1090,5,0.6,7.56,2
1091,5,0.6,8.28,2
1092,5,0.6,8.02,2
1093,5,0.6,7.44,2
1094,5,0.6,7.26,2
1095,5,0.6,7.72,2
1096,5,0.6,7.38,2
1097,5,0.6,7.0,2
1098,5,0.6,7.58,2
1099,5,0.6,7.46,2
1100,5,0.6,7.08,2
1101,5,0.6,7.74,2
1102,5,0.6,7.46,2
1103,5,0.6,7.72,2
1104,5,0.6,7.74,2
1105,5,0.6,8.62,2
1106,5,0.6,8.38,2
1107,5,0.6,8.28,2
1108,5,0.6,8.02,2
1109,5,0.6,8.0,2
1110,5,0.6,8.16,2
1111,5,0.6,7.24,2
1112,5,0.6,7.76,2
1113,5,0.6,6.82,2
1114,5,0.6,7.68,2
1115,5,0.6,7.14,2
1116,5,0.6,8.04,2
1117,5,0.6,7.54,2
1118,5,0.6,7.56,2
1119,5,0.6,7.64,2
1120,5,0.6,7.48,2
1121,5,0.6,6.94,2
1122,5,0.6,7.46,2
1123,5,0.6,8.92,2
1124,5,0.6,8.2,2
1125,5,0.6,9.22,2
1126,5,0.6,8.46,2
1127,5,0.6,7.7,2
1128,5,0.6,7.9,2
1129,5,0.6,7.74,2
1130,5,0.6,7.56,2
1131,5,0.6,8.38,2
1132,5,0.6,7.96,2
1133,5,0.6,8.3,2
1134,5,0.6,7.66,2
1135,5,0.6,7.5,2
1136,5,0.6,8.14,2
1137,5,0.6,7.9,2
1138,5,0.6,7.98,2
1139,5,0.6,8.48,2
1140,5,0.6,9.34,2
1141,5,0.6,8.72,2
1142,5,0.6,8.18,2
1143,5,0.6,7.84,2
1144,5,0.6,7.82,2
1145,5,0.6,6.84,2
1146,5,0.6,6.92,2
1147,5,0.6,8.16,2
1148,5,0.6,7.42,2
1149,5,0.6,7.18,2
1150,5,0.6,7.7,2
1151,5,0.6,6.98,2
1152,5,0.6,7.5,2
1153,5,0.6,7.68,2
1154,5,0.6,8.48,2
1155,5,0.6,8.16,2
1156,5,0.6,7.28,2
1157,5,0.6,7.8,2
1158,5,0.6,8.12,2
1159,5,0.6,8.22,2
1160,5,0.6,7.18,2
1161,5,0.6,8.26,2
1162,5,0.6,7.94,2
1163,5,0.6,7.4,2
1164,5,0.6,8.28,2
1165,5,0.6,7.74,2
1166,5,0.6,7.46,2
1167,5,0.6,7.52,2
1168,5,0.6,8.16,2
1169,5,0.6,8.56,2
1170,5,0.6,8.26,2
1171,5,0.6,7.58,2
1172,5,0.6,8.86,2
1173,5,0.6,7.8,2
1174,5,0.6,7.36,2
1175,5,0.6,8.92,2
1176,5,0.6,8.4,2
1177,5,0.6,7.8,2
1178,5,0.6,7.76,2
1179,5,0.6,7.9,2
1180,5,0.6,7.66,2
1181,5,0.6,6.9,2
1182,5,0.6,7.5,2
1183,5,0.6,7.94,2
1184,5,0.6,7.92,2
1185,5,0.6,8.88,2
1186,5,0.6,8.56,2
1187,5,0.6,8.06,2
1188,5,0.6,8.9,2
1189,5,0.6,8.1,2
1190,5,0.6,7.54,2
1191,5,0.6,7.06,2
1192,5,0.6,7.46,2
1193,5,0.6,8.34,2
1194,5,0.6,6.8,2
1195,5,0.6,8.0,2
1196,5,0.6,8.62,2
1197,5,0.6,7.82,2
1198,5,0.6,7.5,2
1199,5,0.6,7.86,2
1200,5,0.6,7.02,2
1201,5,0.6,8.28,2
1202,5,0.6,8.12,1
1203,5,0.6,7.36,1
1204,5,0.6,8.14,1
1205,5,0.6,7.66,1
1206,5,0.6,6.68,1
1207,5,0.6,6.12,1
1208,5,0.6,6.58,1
1209,5,0.6,7.52,1
1210,5,0.6,7.48,1
1211,5,0.6,6.68,1
1212,5,0.6,6.42,1
1213,5,0.6,7.14,1
1214,5,0.6,7.58,1
1215,5,0.6,7.14,1
1216,5,0.6,6.76,1
1217,5,0.6,6.58,1
1218,5,0.6,6.82,1
1219,5,0.6,7.14,1
1220,5,0.6,6.24,1
1221,5,0.6,6.12,1
1222,5,0.6,6.82,1
1223,5,0.6,7.46,1
1224,5,0.6,7.16,1
1225,5,0.6,7.26,1
1226,5,0.6,7.34,1
1227,5,0.6,7.36,1
1228,5,0.6,6.84,1
1229,5,0.6,6.58,1
1230,5,0.6,5.78,1
1231,5,0.6,7.32,1
1232,5,0.6,7.54,1
1233,5,0.6,6.64,1
1234,5,0.6,6.84,1
1235,5,0.6,7.12,1
1236,5,0.6,7.14,1
1237,5,0.6,8.12,1
1238,5,0.6,7.5,1
1239,5,0.6,6.56,1
1240,5,0.6,6.16,1
1241,5,0.6,6.6,1
1242,5,0.6,5.9,1
1243,5,0.6,6.48,1
1244,5,0.6,6.5,1
1245,5,0.6,8.1,1
1246,5,0.6,7.7,1
1247,5,0.6,7.34,1
1248,5,0.6,7.76,1
1249,5,0.6,7.12,1
1250,5,0.6,6.8,1
1251,5,0.6,7.28,1
1252,5,0.6,6.58,1
1253,5,0.6,7.24,1
1254,5,0.6,7.28,1
1255,5,0.6,8.08,1
1256,5,0.6,7.68,1
1257,5,0.6,6.86,1
1258,5,0.6,7.18,1
1259,5,0.6,7.38,1
1260,5,0.6,6.92,1
1261,5,0.6,7.32,1
1262,5,0.6,7.02,1
1263,5,0.6,7.02,1
1264,5,0.6,7.04,1
1265,5,0.6,7.08,1
1266,5,0.6,7.46,1
1267,5,0.6,7.18,1
1268,5,0.6,6.4,1
1269,5,0.6,6.6,1
1270,5,0.6,6.06,1
1271,5,0.6,6.18,1
1272,5,0.6,6.72,1
1273,5,0.6,6.66,1
1274,5,0.6,7.14,1
1275,5,0.6,7.62,1
1276,5,0.6,6.6,1
1277,5,0.6,6.86,1
1278,5,0.6,6.46,1
1279,5,0.6,6.5,1
1280,5,0.6,6.22,1
1281,5,0.6,7.16,1
1282,5,0.6,6.48,1
1283,5,0.6,7.02,1
1284,5,0.6,7.26,1
1285,5,0.6,7.66,1
1286,5,0.6,5.92,1
1287,5,0.6,6.26,1
1288,5,0.6,7.16,1
1289,5,0.6,7.38,1
1290,5,0.6,7.1,1
1291,5,0.6,7.26,1
1292,5,0.6,6.62,1
1293,5,0.6,6.74,1
1294,5,0.6,7.44,1
1295,5,0.6,7.44,1
1296,5,0.6,6.24,1
1297,5,0.6,7.22,1
1298,5,0.6,8.22,1
1299,5,0.6,6.12,1
1300,5,0.6,7.02,1
1301,5,0.6,7.48,1
1302,5,0.6,6.16,1
1303,5,0.6,7.52,1
1304,5,0.6,6.88,1
1305,5,0.6,7.64,1
1306,5,0.6,7.02,1
1307,5,0.6,7.74,1
1308,5,0.6,6.06,1
1309,5,0.6,6.68,1
1310,5,0.6,7.42,1
1311,5,0.6,6.5,1
1312,5,0.6,6.52,1
1313,5,0.6,7.08,1
1314,5,0.6,7.04,1
1315,5,0.6,6.98,1
1316,5,0.6,7.86,1
1317,5,0.6,8.1,1
1318,5,0.6,6.4,1
1319,5,0.6,6.02,1
1320,5,0.6,6.06,1
1321,5,0.6,7.9,1
1322,5,0.6,7.44,1
1323,5,0.6,6.8,1
1324,5,0.6,8.28,1
1325,5,0.6,6.74,1
1326,5,0.6,6.82,1
1327,5,0.6,6.62,1
1328,5,0.6,6.52,1
1329,5,0.6,7.3,1
1330,5,0.6,6.64,1
1331,5,0.6,5.74,1
1332,5,0.6,7.28,1
1333,5,0.6,7.06,1
1334,5,0.6,7.12,1
1335,5,0.6,6.6,1
1336,5,0.6,6.16,1
1337,5,0.6,6.9,1
1338,5,0.6,7.5,1
1339,5,0.6,7.56,1
1340,5,0.6,6.0,1
1341,5,0.6,7.06,1
1342,5,0.6,6.82,1
1343,5,0.6,7.14,1
1344,5,0.6,6.7,1
1345,5,0.6,7.44,1
1346,5,0.6,6.26,1
1347,5,0.6,7.02,1
1348,5,0.6,6.46,1
1349,5,0.6,6.66,1
1350,5,0.6,7.24,1
1351,5,0.6,8.42,1
1352,5,0.6,6.18,1
1353,5,0.6,6.64,1
1354,5,0.6,6.94,1
1355,5,0.6,7.28,1
1356,5,0.6,7.58,1
1357,5,0.6,7.22,1
1358,5,0.6,6.34,1
1359,5,0.6,6.38,1
1360,5,0.6,7.72,1
1361,5,0.6,7.5,1
1362,5,0.6,7.86,1
1363,5,0.6,7.36,1
1364,5,0.6,8.1,1
1365,5,0.6,6.48,1
1366,5,0.6,6.62,1
1367,5,0.6,6.56,1
1368,5,0.6,6.74,1
1369,5,0.6,6.74,1
1370,5,0.6,7.38,1
1371,5,0.6,7.0,1
1372,5,0.6,7.64,1
1373,5,0.6,6.9,1
1374,5,0.6,6.26,1
1375,5,0.6,6.62,1
1376,5,0.6,5.94,1
1377,5,0.6,7.58,1
1378,5,0.6,6.88,1
1379,5,0.6,6.92,1
1380,5,0.6,7.62,1
1381,5,0.6,6.98,1
1382,5,0.6,7.12,1
1383,5,0.6,6.54,1
1384,5,0.6,6.72,1
1385,5,0.6,7.8,1
1386,5,0.6,7.28,1
1387,5,0.6,6.84,1
1388,5,0.6,7.82,1
1389,5,0.6,6.28,1
1390,5,0.6,6.78,1
1391,5,0.6,7.74,1
1392,5,0.6,7.82,1
1393,5,0.6,6.68,1
1394,5,0.6,7.04,1
1395,5,0.6,6.64,1
1396,5,0.6,6.5,1
1397,5,0.6,6.76,1
1398,5,0.6,6.78,1
1399,5,0.6,6.64,1
1400,5,0.6,6.9,1
1401,5,0.6,7.08,1
1402,5,0.6,6.98,1
1403,5,0.6,6.1,1
1404,5,0.6,6.26,1
1405,5,0.6,6.76,1
1406,5,0.6,6.84,1
1407,5,0.6,7.24,1
1408,5,0.6,6.26,1
1409,5,0.6,7.4,1
1410,5,0.6,7.02,1
1411,5,0.6,7.08,1
1412,5,0.6,6.98,1
1413,5,0.6,7.56,1
1414,5,0.6,6.62,1
1415,5,0.6,6.8,1
1416,5,0.6,6.86,1
1417,5,0.6,7.22,1
1418,5,0.6,6.52,1
1419,5,0.6,5.76,1
1420,5,0.6,6.16,1
1421,5,0.6,6.76,1
1422,5,0.6,8.12,1
1423,5,0.6,7.32,1
1424,5,0.6,7.44,1
1425,5,0.6,7.44,1
1426,5,0.6,7.08,1
1427,5,0.6,6.34,1
1428,5,0.6,7.36,1
1429,5,0.6,8.08,1
1430,5,0.6,6.82,1
1431,5,0.6,6.82,1
1432,5,0.6,6.9,1
1433,5,0.6,8.18,1
1434,5,0.6,7.74,1
1435,5,0.6,7.22,1
1436,5,0.6,5.5,1
1437,5,0.6,6.7,1
1438,5,0.6,7.44,1
1439,5,0.6,7.62,1
1440,5,0.6,6.48,1
1441,5,0.6,7.3,1
1442,5,0.6,7.44,1
1443,5,0.6,5.78,1
1444,5,0.6,7.46,1
1445,5,0.6,6.64,1
1446,5,0.6,7.12,1
1447,5,0.6,7.52,1
1448,5,0.6,8.24,1
1449,5,0.6,7.62,1
1450,5,0.6,7.56,1
1451,5,0.6,7.02,1
1452,5,0.6,6.94,1
1453,5,0.6,6.66,1
1454,5,0.6,7.3,1
1455,5,0.6,6.56,1
1456,5,0.6,7.24,1
1457,5,0.6,6.84,1
1458,5,0.6,8.02,1
1459,5,0.6,5.9,1
1460,5,0.6,6.92,1
1461,5,0.6,6.9,1
1462,5,0.6,7.68,1
1463,5,0.6,7.12,1
1464,5,0.6,7.18,1
1465,5,0.6,7.76,1
1466,5,0.6,7.32,1
1467,5,0.6,7.22,1
1468,5,0.6,7.64,1
1469,5,0.6,7.32,1
1470,5,0.6,6.88,1
1471,5,0.6,7.66,1
1472,5,0.6,6.54,1
1473,5,0.6,6.58,1
1474,5,0.6,6.84,1
1475,5,0.6,7.48,1
1476,5,0.6,7.3,1
1477,5,0.6,6.12,1
1478,5,0.6,6.42,1
1479,5,0.6,6.46,1
1480,5,0.6,7.04,1
1481,5,0.6,6.48,1
1482,5,0.6,6.62,1
1483,5,0.6,7.62,1
1484,5,0.6,8.1,1
1485,5,0.6,6.0,1
1486,5,0.6,6.02,1
1487,5,0.6,7.54,1
1488,5,0.6,8.36,1
1489,5,0.6,7.4,1
1490,5,0.6,7.38,1
1491,5,0.6,7.08,1
1492,5,0.6,6.78,1
1493,5,0.6,7.48,1
1494,5,0.6,7.3,1
1495,5,0.6,7.56,1
1496,5,0.6,7.44,1
1497,5,0.6,7.9,1
1498,5,0.6,7.8,1
1499,5,0.6,7.22,1
1500,5,0.6,7.08,1
1501,5,0.6,7.12,1
1502,5,0.6,7.24,1
1503,5,0.6,6.46,1
1504,5,0.6,6.96,1
1505,5,0.6,6.68,1
1506,5,0.6,7.62,1
1507,5,0.6,6.98,1
1508,5,0.6,7.92,1
1509,5,0.6,7.18,1
1510,5,0.6,7.2,1
1511,5,0.6,6.34,1
1512,5,0.6,6.74,1
1513,5,0.6,7.34,1
1514,5,0.6,6.12,1
1515,5,0.6,6.42,1
1516,5,0.6,7.0,1
1517,5,0.6,6.84,1
1518,5,0.6,7.34,1
1519,5,0.6,6.16,1
1520,5,0.6,7.78,1
1521,5,0.6,7.02,1
1522,5,0.6,7.04,1
1523,5,0.6,6.44,1
1524,5,0.6,7.66,1
1525,5,0.6,7.58,1
1526,5,0.6,7.28,1
1527,5,0.6,7.76,1
1528,5,0.6,8.0,1
1529,5,0.6,7.22,1
1530,5,0.6,6.94,1
1531,5,0.6,6.32,1
1532,5,0.6,6.98,1
1533,5,0.6,7.96,1
1534,5,0.6,7.98,1
1535,5,0.6,8.2,1
1536,5,0.6,7.28,1
1537,5,0.6,6.6,1
1538,5,0.6,7.34,1
1539,5,0.6,7.94,1
1540,5,0.6,6.38,1
1541,5,0.6,6.8,1
1542,5,0.6,7.06,1
1543,5,0.6,7.06,1
1544,5,0.6,7.14,1
1545,5,0.6,6.98,1
1546,5,0.6,6.56,1
1547,5,0.6,6.4,1
1548,5,0.6,6.38,1
1549,5,0.6,7.46,1
1550,5,0.6,8.24,1
1551,5,0.6,7.38,1
1552,5,0.6,7.36,1
1553,5,0.6,7.16,1
1554,5,0.6,6.4,1
1555,5,0.6,7.98,1
1556,5,0.6,6.36,1
1557,5,0.6,6.4,1
1558,5,0.6,6.94,1
1559,5,0.6,7.62,1
1560,5,0.6,7.68,1
1561,5,0.6,6.4,1
1562,5,0.6,7.22,1
1563,5,0.6,7.6,1
1564,5,0.6,6.48,1
1565,5,0.6,7.86,1
1566,5,0.6,7.14,1
1567,5,0.6,6.82,1
1568,5,0.6,7.28,1
1569,5,0.6,7.56,1
1570,5,0.6,6.52,1
1571,5,0.6,7.28,1
1572,5,0.6,5.54,1
1573,5,0.6,6.04,1
1574,5,0.6,7.34,1
1575,5,0.6,6.88,1
1576,5,0.6,6.92,1
1577,5,0.6,6.96,1
1578,5,0.6,6.58,1
1579,5,0.6,7.1,1
1580,5,0.6,6.06,1
1581,5,0.6,7.32,1
1582,5,0.6,7.66,1
1583,5,0.6,7.06,1
1584,5,0.6,6.48,1
1585,5,0.6,7.62,1
1586,5,0.6,7.48,1
1587,5,0.6,7.64,1
1588,5,0.6,7.4,1
1589,5,0.6,6.32,1
1590,5,0.6,7.28,1
1591,5,0.6,6.74,1
1592,5,0.6,6.86,1
1593,5,0.6,6.74,1
1594,5,0.6,6.1,1
1595,5,0.6,5.62,1
1596,5,0.6,7.7,1
1597,5,0.6,6.24,1
1598,5,0.6,7.26,1
1599,5,0.6,7.68,1
1600,5,0.6,7.96,1
1601,5,0.6,8.36,1
1602,5,0.6,7.18,1
1603,5,0.6,6.88,1
1604,5,0.6,6.76,1
1605,5,0.6,7.08,1
1606,5,0.6,7.24,1
1607,5,0.6,7.2,1
1608,5,0.6,6.84,1
1609,5,0.6,7.72,1
1610,5,0.6,6.32,1
1611,5,0.6,6.8,1
1612,5,0.6,6.0,1
1613,5,0.6,6.72,1
1614,5,0.6,7.68,1
1615,5,0.6,7.02,1
1616,5,0.6,7.38,1
1617,5,0.6,7.56,1
1618,5,0.6,7.92,1
1619,5,0.6,7.86,1
1620,5,0.6,7.36,1
1621,5,0.6,7.36,1
1622,5,0.6,7.3,1
1623,5,0.6,7.38,1
1624,5,0.6,6.92,1
1625,5,0.6,7.6,1
1626,5,0.6,6.34,1
1627,5,0.6,7.0,1
1628,5,0.6,7.34,1
1629,5,0.6,7.48,1
1630,5,0.6,7.14,1
1631,5,0.6,8.24,1
1632,5,0.6,7.82,1
1633,5,0.6,7.42,1
1634,5,0.6,6.78,1
1635,5,0.6,7.14,1
1636,5,0.6,6.56,1
1637,5,0.6,6.94,1
1638,5,0.6,6.86,1
1639,5,0.6,7.66,1
1640,5,0.6,7.72,1
1641,5,0.6,7.14,1
1642,5,0.6,6.36,1
1643,5,0.6,7.1,1
1644,5,0.6,6.88,1
1645,5,0.6,7.56,1
1646,5,0.6,8.1,1
1647,5,0.6,7.14,1
1648,5,0.6,6.82,1
1649,5,0.6,6.94,1
1650,5,0.6,5.68,1
1651,5,0.6,6.36,1
1652,5,0.6,6.94,1
1653,5,0.6,6.98,1
1654,5,0.6,7.02,1
1655,5,0.6,7.46,1
1656,5,0.6,7.04,1
1657,5,0.6,7.22,1
1658,5,0.6,6.64,1
1659,5,0.6,6.66,1
1660,5,0.6,7.22,1
1661,5,0.6,7.3,1
1662,5,0.6,6.6,1
1663,5,0.6,6.74,1
1664,5,0.6,7.16,1
1665,5,0.6,7.18,1
1666,5,0.6,7.66,1
1667,5,0.6,7.32,1
1668,5,0.6,7.86,1
1669,5,0.6,7.9,1
1670,5,0.6,6.62,1
1671,5,0.6,7.88,1
1672,5,0.6,7.62,1
1673,5,0.6,6.06,1
1674,5,0.6,6.72,1
1675,5,0.6,7.44,1
1676,5,0.6,8.54,1
1677,5,0.6,6.9,1
1678,5,0.6,6.64,1
1679,5,0.6,7.2,1
1680,5,0.6,7.6,1
1681,5,0.6,8.36,1
1682,5,0.6,7.36,1
1683,5,0.6,7.44,1
1684,5,0.6,7.16,1
1685,5,0.6,6.78,1
1686,5,0.6,7.74,1
1687,5,0.6,7.34,1
1688,5,0.6,7.2,1
1689,5,0.6,6.98,1
1690,5,0.6,6.82,1
1691,5,0.6,7.38,1
1692,5,0.6,7.28,1
1693,5,0.6,6.36,1
1694,5,0.6,7.02,1
1695,5,0.6,7.54,1
1696,5,0.6,6.92,1
1697,5,0.6,6.98,1
1698,5,0.6,6.96,1
1699,5,0.6,7.24,1
1700,5,0.6,7.28,1
1701,5,0.6,7.46,1
1702,5,0.6,6.44,1
1703,5,0.6,7.38,1
1704,5,0.6,7.8,1
1705,5,0.6,7.0,1
1706,5,0.6,7.74,1
1707,5,0.6,7.16,1
1708,5,0.6,6.64,1
1709,5,0.6,7.24,1
1710,5,0.6,6.86,1
1711,5,0.6,7.12,1
1712,5,0.6,8.14,1
1713,5,0.6,6.7,1
1714,5,0.6,6.5,1
1715,5,0.6,7.24,1
1716,5,0.6,7.34,1
1717,5,0.6,7.34,1
1718,5,0.6,6.86,1
1719,5,0.6,6.9,1
1720,5,0.6,6.36,1
1721,5,0.6,6.3,1
1722,5,0.6,7.84,1
1723,5,0.6,6.8,1
1724,5,0.6,7.66,1
1725,5,0.6,7.1,1
1726,5,0.6,7.42,1
1727,5,0.6,7.48,1
1728,5,0.6,6.18,1
1729,5,0.6,6.74,1
1730,5,0.6,7.12,1
1731,5,0.6,7.86,1
1732,5,0.6,8.12,1
1733,5,0.6,7.5,1
1734,5,0.6,7.28,1
1735,5,0.6,6.68,1
1736,5,0.6,7.38,1
1737,5,0.6,7.18,1
1738,5,0.6,7.3,1
1739,5,0.6,7.9,1
1740,5,0.6,7.38,1
1741,5,0.6,7.12,1
1742,5,0.6,6.98,1
1743,5,0.6,6.64,1
1744,5,0.6,5.62,1
1745,5,0.6,6.6,1
1746,5,0.6,6.86,1
1747,5,0.6,6.94,1
1748,5,0.6,6.58,1
1749,5,0.6,7.22,1
1750,5,0.6,6.86,1
1751,5,0.6,7.74,1
1752,5,0.6,7.44,1
1753,5,0.6,6.36,1
1754,5,0.6,7.4,1
1755,5,0.6,7.26,1
1756,5,0.6,7.5,1
1757,5,0.6,8.18,1
1758,5,0.6,7.14,1
1759,5,0.6,7.84,1
1760,5,0.6,6.48,1
1761,5,0.6,6.88,1
1762,5,0.6,6.22,1
1763,5,0.6,7.46,1
1764,5,0.6,7.06,1
1765,5,0.6,6.74,1
1766,5,0.6,7.66,1
1767,5,0.6,6.6,1
1768,5,0.6,7.34,1
1769,5,0.6,6.86,1
1770,5,0.6,6.68,1
1771,5,0.6,8.06,1
1772,5,0.6,7.68,1
1773,5,0.6,7.8,1
1774,5,0.6,7.62,1
1775,5,0.6,5.8,1
1776,5,0.6,6.8,1
1777,5,0.6,7.3,1
1778,5,0.6,8.14,1
1779,5,0.6,7.7,1
1780,5,0.6,7.3,1
1781,5,0.6,6.6,1
1782,5,0.6,6.92,1
1783,5,0.6,7.04,1
1784,5,0.6,7.48,1
1785,5,0.6,7.42,1
1786,5,0.6,6.88,1
1787,5,0.6,7.08,1
1788,5,0.6,7.18,1
1789,5,0.6,6.14,1
1790,5,0.6,7.0,1
1791,5,0.6,6.94,1
1792,5,0.6,6.54,1
1793,5,0.6,7.16,1
1794,5,0.6,6.96,1
1795,5,0.6,6.76,1
1796,5,0.6,7.08,1
1797,5,0.6,7.68,1
1798,5,0.6,6.92,1
1799,5,0.6,8.24,1
1800,5,0.6,8.22,1
1801,5,0.6,7.14,1
1802,5,0.6,6.82,1
1803,5,0.6,6.86,1
1804,5,0.6,7.4,1
1805,5,0.6,6.12,1
1806,5,0.6,6.94,1
1807,5,0.6,7.42,1
1808,5,0.6,6.26,1
1809,5,0.6,6.42,1
1810,5,0.6,6.16,1
1811,5,0.6,6.62,1
1812,5,0.6,7.46,1
1813,5,0.6,7.14,1
1814,5,0.6,6.48,1
1815,5,0.6,6.96,1
1816,5,0.6,7.96,1
1817,5,0.6,6.94,1
1818,5,0.6,6.84,1
1819,5,0.6,7.08,1
1820,5,0.6,6.7,1
1821,5,0.6,7.14,1
1822,5,0.6,6.32,1
1823,5,0.6,7.94,1
1824,5,0.6,7.22,1
1825,5,0.6,7.2,1
1826,5,0.6,7.04,1
1827,5,0.6,8.2,1
1828,5,0.6,6.12,1
1829,5,0.6,5.84,1
1830,5,0.6,6.1,1
1831,5,0.6,6.48,1
1832,5,0.6,6.44,1
1833,5,0.6,5.9,1
1834,5,0.6,6.54,1
1835,5,0.6,7.22,1
1836,5,0.6,6.88,1
1837,5,0.6,6.2,1
1838,5,0.6,7.64,1
1839,5,0.6,7.32,1
1840,5,0.6,6.82,1
1841,5,0.6,7.02,1
1842,5,0.6,7.0,1
1843,5,0.6,6.68,1
1844,5,0.6,7.8,1
1845,5,0.6,7.8,1
1846,5,0.6,6.48,1
1847,5,0.6,7.18,1
1848,5,0.6,6.32,1
1849,5,0.6,6.76,1
1850,5,0.6,6.54,1
1851,5,0.6,7.68,1
1852,5,0.6,8.38,1
1853,5,0.6,7.6,1
1854,5,0.6,7.82,1
1855,5,0.6,7.34,1
1856,5,0.6,7.04,1
1857,5,0.6,7.86,1
1858,5,0.6,7.5,1
1859,5,0.6,7.54,1
1860,5,0.6,7.04,1
1861,5,0.6,6.8,1
1862,5,0.6,7.0,1
1863,5,0.6,7.92,1
1864,5,0.6,6.8,1
1865,5,0.6,6.82,1
1866,5,0.6,7.28,1
1867,5,0.6,5.96,1
1868,5,0.6,6.68,1
1869,5,0.6,7.36,1
1870,5,0.6,6.48,1
1871,5,0.6,5.98,1
1872,5,0.6,7.84,1
1873,5,0.6,8.56,1
1874,5,0.6,6.8,1
1875,5,0.6,7.64,1
1876,5,0.6,7.04,1
1877,5,0.6,7.18,1
1878,5,0.6,6.68,1
1879,5,0.6,6.9,1
1880,5,0.6,7.22,1
1881,5,0.6,7.0,1
1882,5,0.6,6.68,1
1883,5,0.6,6.5,1
1884,5,0.6,7.62,1
1885,5,0.6,7.8,1
1886,5,0.6,7.8,1
1887,5,0.6,7.46,1
1888,5,0.6,7.0,1
1889,5,0.6,7.62,1
1890,5,0.6,8.1,1
1891,5,0.6,7.06,1
1892,5,0.6,6.84,1
1893,5,0.6,6.06,1
1894,5,0.6,6.74,1
1895,5,0.6,7.32,1
1896,5,0.6,7.28,1
1897,5,0.6,7.42,1
1898,5,0.6,7.32,1
1899,5,0.6,8.3,1
1900,5,0.6,7.88,1
1901,5,0.6,7.22,1
1902,5,0.6,7.08,1
1903,5,0.6,6.86,1
1904,5,0.6,6.94,1
1905,5,0.6,8.02,1
1906,5,0.6,6.64,1
1907,5,0.6,6.86,1
1908,5,0.6,6.76,1
1909,5,0.6,7.12,1
1910,5,0.6,6.8,1
1911,5,0.6,6.48,1
1912,5,0.6,7.86,1
1913,5,0.6,6.92,1
1914,5,0.6,6.14,1
1915,5,0.6,6.66,1
1916,5,0.6,7.2,1
1917,5,0.6,6.98,1
1918,5,0.6,6.42,1
1919,5,0.6,6.28,1
1920,5,0.6,6.86,1
1921,5,0.6,7.02,1
1922,5,0.6,8.18,1
1923,5,0.6,6.8,1
1924,5,0.6,7.46,1
1925,5,0.6,8.16,1
1926,5,0.6,7.28,1
1927,5,0.6,6.56,1
1928,5,0.6,7.76,1
1929,5,0.6,7.48,1
1930,5,0.6,7.9,1
1931,5,0.6,7.68,1
1932,5,0.6,7.42,1
1933,5,0.6,7.9,1
1934,5,0.6,7.84,1
1935,5,0.6,6.88,1
1936,5,0.6,6.18,1
1937,5,0.6,6.74,1
1938,5,0.6,6.92,1
1939,5,0.6,7.26,1
1940,5,0.6,6.96,1
1941,5,0.6,8.08,1
1942,5,0.6,7.04,1
1943,5,0.6,7.06,1
1944,5,0.6,7.36,1
1945,5,0.6,6.56,1
1946,5,0.6,7.76,1
1947,5,0.6,7.18,1
1948,5,0.6,7.02,1
1949,5,0.6,6.46,1
1950,5,0.6,7.86,1
1951,5,0.6,8.02,1
1952,5,0.6,7.22,1
1953,5,0.6,6.7,1
1954,5,0.6,7.2,1
1955,5,0.6,6.64,1
1956,5,0.6,7.68,1
1957,5,0.6,7.42,1
1958,5,0.6,6.64,1
1959,5,0.6,7.2,1
1960,5,0.6,8.12,1
1961,5,0.6,7.48,1
1962,5,0.6,6.16,1
1963,5,0.6,7.16,1
1964,5,0.6,7.64,1
1965,5,0.6,8.0,1
1966,5,0.6,7.08,1
1967,5,0.6,6.32,1
1968,5,0.6,7.84,1
1969,5,0.6,7.18,1
1970,5,0.6,7.02,1
1971,5,0.6,8.26,1
1972,5,0.6,7.56,1
1973,5,0.6,6.58,1
1974,5,0.6,6.14,1
1975,5,0.6,6.24,1
1976,5,0.6,6.84,1
1977,5,0.6,6.62,1
1978,5,0.6,7.16,1
1979,5,0.6,7.38,1
1980,5,0.6,6.5,1
1981,5,0.6,6.5,1
1982,5,0.6,6.24,1
1983,5,0.6,6.58,1
1984,5,0.6,6.84,1
1985,5,0.6,7.06,1
1986,5,0.6,8.0,1
1987,5,0.6,7.66,1
1988,5,0.6,7.44,1
1989,5,0.6,6.66,1
1990,5,0.6,6.92,1
1991,5,0.6,7.22,1
1992,5,0.6,7.02,1
1993,5,0.6,6.94,1
1994,5,0.6,7.58,1
1995,5,0.6,8.2,1
1996,5,0.6,7.34,1
1997,5,0.6,8.18,1
1998,5,0.6,7.5,1
1999,5,0.6,6.9,1
2000,5,0.6,6.2,1
0,1,0.8,57.84,28
1,1,0.8,40.82,28
2,1,0.8,31.2,26
3,1,0.8,29.66,22
4,1,0.8,27.16,22
5,1,0.8,25.64,21
6,1,0.8,25.56,20
7,1,0.8,24.64,19
8,1,0.8,24.1,19
9,1,0.8,23.0,19
10,1,0.8,22.66,18
11,1,0.8,21.88,18
12,1,0.8,21.38,16
13,1,0.8,21.06,16
14,1,0.8,20.8,16
15,1,0.8,20.86,16
16,1,0.8,20.44,16
17,1,0.8,19.84,16
18,1,0.8,19.1,16
19,1,0.8,19.98,16
20,1,0.8,19.96,15
21,1,0.8,20.02,15
22,1,0.8,20.14,15
23,1,0.8,18.6,14
24,1,0.8,18.82,14
25,1,0.8,17.46,14
26,1,0.8,18.26,13
27,1,0.8,18.06,11
28,1,0.8,15.86,11
29,1,0.8,15.88,11
30,1,0.8,15.66,11
31,1,0.8,15.24,11
32,1,0.8,15.0,10
33,1,0.8,15.98,10
34,1,0.8,14.8,10
35,1,0.8,15.3,10
36,1,0.8,14.88,10
37,1,0.8,14.96,10
38,1,0.8,14.9,10
39,1,0.8,14.66,10
40,1,0.8,14.64,10
41,1,0.8,14.98,10
42,1,0.8,14.62,10
43,1,0.8,14.38,10
44,1,0.8,15.3,10
45,1,0.8,14.52,10
46,1,0.8,14.62,9
47,1,0.8,13.86,9
48,1,0.8,13.92,9
49,1,0.8,13.86,9
50,1,0.8,14.74,9
51,1,0.8,15.4,9
52,1,0.8,14.72,9
53,1,0.8,14.54,9
54,1,0.8,15.0,9
55,1,0.8,14.62,9
56,1,0.8,13.16,9
57,1,0.8,13.94,9
58,1,0.8,14.24,9
59,1,0.8,14.1,9
60,1,0.8,14.38,9
61,1,0.8,13.62,9
62,1,0.8,13.28,9
63,1,0.8,13.58,9
64,1,0.8,13.4,9
65,1,0.8,14.3,9
66,1,0.8,14.38,8
67,1,0.8,13.7,8
68,1,0.8,14.16,8
69,1,0.8,13.4,8
70,1,0.8,13.7,8
71,1,0.8,13.52,8
72,1,0.8,13.66,8
73,1,0.8,13.5,8
74,1,0.8,13.24,8
75,1,0.8,12.52,8
76,1,0.8,12.52,8
77,1,0.8,13.12,8
78,1,0.8,13.7,8
79,1,0.8,12.62,8
80,1,0.8,12.62,8
81,1,0.8,12.18,8
82,1,0.8,12.94,8
83,1,0.8,12.66,8
84,1,0.8,13.0,8
85,1,0.8,13.96,8
86,1,0.8,12.52,8
87,1,0.8,13.42,8
88,1,0.8,13.46,8
89,1,0.8,12.4,8
90,1,0.8,12.66,8
91,1,0.8,12.5,8
92,1,0.8,13.36,8
93,1,0.8,12.56,8
94,1,0.8,12.58,8
95,1,0.8,13.14,8
96,1,0.8,12.94,8
97,1,0.8,14.16,8
98,1,0.8,13.14,8
99,1,0.8,12.98,8
100,1,0.8,12.92,8
101,1,0.8,12.8,8
102,1,0.8,12.54,7
103,1,0.8,12.58,7
104,1,0.8,12.04,7
105,1,0.8,11.72,7
106,1,0.8,11.92,7
107,1,0.8,11.9,6
108,1,0.8,12.34,6
109,1,0.8,11.06,6
110,1,0.8,11.24,6
111,1,0.8,10.22,6
112,1,0.8,11.1,6
113,1,0.8,10.64,6
114,1,0.8,10.58,6
115,1,0.8,10.96,6
116,1,0.8,11.6,6
117,1,0.8,10.66,6
118,1,0.8,11.22,6
119,1,0.8,10.88,6
120,1,0.8,11.18,6
121,1,0.8,10.78,6
122,1,0.8,11.44,6
123,1,0.8,11.3,6
124,1,0.8,11.52,6
125,1,0.8,11.22,6
126,1,0.8,10.72,6
127,1,0.8,11.54,6
128,1,0.8,11.14,6
129,1,0.8,11.38,6
130,1,0.8,10.7,6
131,1,0.8,11.52,6
132,1,0.8,11.32,6
133,1,0.8,11.42,6
134,1,0.8,12.36,6
135,1,0.8,12.26,6
136,1,0.8,11.02,6
137,1,0.8,11.38,6
138,1,0.8,12.4,6
139,1,0.8,12.4,6
140,1,0.8,11.7,6
141,1,0.8,11.98,6
142,1,0.8,11.18,6
143,1,0.8,11.14,6
144,1,0.8,10.66,6
145,1,0.8,11.48,6
146,1,0.8,11.88,6
147,1,0.8,11.84,6
148,1,0.8,10.6,6
149,1,0.8,10.72,6
150,1,0.8,12.18,6
151,1,0.8,11.76,6
152,1,0.8,11.1,6
153,1,0.8,11.0,6
154,1,0.8,11.18,6
155,1,0.8,11.42,5
156,1,0.8,10.86,5
157,1,0.8,9.64,5
158,1,0.8,10.74,5
159,1,0.8,10.84,5
160,1,0.8,10.26,5
161,1,0.8,10.1,5
162,1,0.8,11.04,5
163,1,0.8,11.64,5
164,1,0.8,10.72,5
165,1,0.8,9.54,5
166,1,0.8,10.64,5
167,1,0.8,10.84,5
168,1,0.8,11.24,5
169,1,0.8,11.5,5
170,1,0.8,10.34,5
171,1,0.8,11.38,5
172,1,0.8,10.76,5
173,1,0.8,9.9,5
174,1,0.8,10.44,5
175,1,0.8,10.86,5
176,1,0.8,9.88,5
177,1,0.8,10.2,5
178,1,0.8,10.94,5
179,1,0.8,9.76,5
180,1,0.8,11.3,5
181,1,0.8,10.24,5
182,1,0.8,10.38,5
183,1,0.8,9.7,5
184,1,0.8,10.84,5
185,1,0.8,8.98,5
186,1,0.8,10.34,5
187,1,0.8,10.28,5
188,1,0.8,10.32,5
189,1,0.8,10.2,5
190,1,0.8,11.08,5
191,1,0.8,10.52,5
192,1,0.8,10.58,5
193,1,0.8,9.5,5
194,1,0.8,11.3,5
195,1,0.8,10.28,5
196,1,0.8,9.82,5
197,1,0.8,9.96,5
198,1,0.8,10.36,5
199,1,0.8,10.56,5
200,1,0.8,10.66,5
201,1,0.8,10.2,5
202,1,0.8,9.78,5
203,1,0.8,11.14,5
204,1,0.8,10.34,5
205,1,0.8,10.14,5
206,1,0.8,10.04,5
207,1,0.8,9.56,5
208,1,0.8,10.56,5
209,1,0.8,10.58,5
210,1,0.8,10.46,5
211,1,0.8,10.42,4
212,1,0.8,10.38,4
213,1,0.8,9.66,4
214,1,0.8,10.38,4
215,1,0.8,9.92,4
216,1,0.8,9.28,4
217,1,0.8,8.94,4
218,1,0.8,9.26,4
219,1,0.8,9.42,4
220,1,0.8,9.16,4
221,1,0.8,9.78,4
222,1,0.8,9.6,4
223,1,0.8,10.02,4
224,1,0.8,9.8,4
225,1,0.8,9.68,4
226,1,0.8,9.22,4
227,1,0.8,9.46,4
228,1,0.8,10.06,4
229,1,0.8,9.64,4
230,1,0.8,9.86,4
231,1,0.8,9.98,4
232,1,0.8,9.58,4
233,1,0.8,9.9,4
234,1,0.8,10.54,4
235,1,0.8,9.7,4
236,1,0.8,9.32,4
237,1,0.8,10.46,4
238,1,0.8,9.64,4
239,1,0.8,9.66,4
240,1,0.8,9.78,4
241,1,0.8,9.84,4
242,1,0.8,9.68,4
243,1,0.8,9.96,4
244,1,0.8,9.94,4
245,1,0.8,10.16,4
246,1,0.8,9.68,4
247,1,0.8,9.92,4
248,1,0.8,9.72,4
249,1,0.8,9.58,3
250,1,0.8,8.7,3
251,1,0.8,9.12,3
252,1,0.8,8.54,3
253,1,0.8,9.16,3
254,1,0.8,8.56,3
255,1,0.8,8.92,3
256,1,0.8,9.32,3
257,1,0.8,9.14,3
258,1,0.8,8.22,3
259,1,0.8,8.82,3
260,1,0.8,9.74,3
261,1,0.8,8.22,3
262,1,0.8,8.64,3
263,1,0.8,8.46,3
264,1,0.8,9.24,3
265,1,0.8,8.9,3
266,1,0.8,8.7,3
267,1,0.8,8.74,3
268,1,0.8,8.24,3
269,1,0.8,9.12,3
270,1,0.8,9.32,3
271,1,0.8,8.92,3
272,1,0.8,8.54,3
273,1,0.8,8.96,3
274,1,0.8,8.82,3
275,1,0.8,8.06,3
276,1,0.8,9.3,3
277,1,0.8,9.4,3
278,1,0.8,7.56,3
279,1,0.8,8.24,3
280,1,0.8,9.28,3
281,1,0.8,9.74,3
282,1,0.8,8.34,3
283,1,0.8,7.96,3
284,1,0.8,9.1,3
285,1,0.8,8.94,3
286,1,0.8,8.5,3
287,1,0.8,9.04,3
288,1,0.8,8.86,3
289,1,0.8,9.6,3
290,1,0.8,9.38,3
291,1,0.8,8.88,3
292,1,0.8,8.54,3
293,1,0.8,8.72,3
294,1,0.8,9.52,3
295,1,0.8,9.66,3
296,1,0.8,9.6,3
297,1,0.8,8.78,3
298,1,0.8,8.78,3
299,1,0.8,8.0,3
300,1,0.8,9.12,3
301,1,0.8,9.04,3
302,1,0.8,8.76,3
303,1,0.8,8.08,3
304,1,0.8,9.12,3
305,1,0.8,8.04,3
306,1,0.8,8.72,3
307,1,0.8,9.16,3
308,1,0.8,8.74,3
309,1,0.8,8.94,3
310,1,0.8,8.42,3
311,1,0.8,8.24,3
312,1,0.8,8.84,3
313,1,0.8,9.54,3
314,1,0.8,8.68,3
315,1,0.8,9.7,3
316,1,0.8,9.54,3
317,1,0.8,10.56,3
318,1,0.8,9.5,2
319,1,0.8,7.72,2
320,1,0.8,8.18,2
321,1,0.8,8.32,2
322,1,0.8,8.26,2
323,1,0.8,7.04,2
324,1,0.8,7.72,2
325,1,0.8,8.32,2
326,1,0.8,7.3,2
327,1,0.8,7.24,2
328,1,0.8,7.84,2
329,1,0.8,7.62,2
330,1,0.8,7.78,2
331,1,0.8,8.3,2
332,1,0.8,8.0,2
333,1,0.8,8.38,2
334,1,0.8,8.52,2
335,1,0.8,8.42,2
336,1,0.8,8.26,2
337,1,0.8,8.2,2
338,1,0.8,8.16,2
339,1,0.8,8.28,2
340,1,0.8,8.06,2
341,1,0.8,7.36,2
342,1,0.8,7.62,2
343,1,0.8,7.74,2
344,1,0.8,8.64,2
345,1,0.8,8.7,2
346,1,0.8,7.76,2
347,1,0.8,7.68,2
348,1,0.8,7.56,2
349,1,0.8,8.1,2
350,1,0.8,9.0,2
351,1,0.8,7.98,2
352,1,0.8,7.68,2
353,1,0.8,8.34,2
354,1,0.8,6.94,2
355,1,0.8,6.94,2
356,1,0.8,7.88,2
357,1,0.8,8.36,2
358,1,0.8,8.0,2
359,1,0.8,7.2,2
360,1,0.8,6.92,2
361,1,0.8,8.5,2
362,1,0.8,8.26,2
363,1,0.8,8.28,2
364,1,0.8,8.96,2
365,1,0.8,8.0,2
366,1,0.8,6.92,2
367,1,0.8,7.88,2
368,1,0.8,8.0,2
369,1,0.8,8.02,2
370,1,0.8,8.42,2
371,1,0.8,8.08,2
372,1,0.8,7.32,2
373,1,0.8,7.68,2
374,1,0.8,8.96,2
375,1,0.8,8.28,2
376,1,0.8,8.2,2
377,1,0.8,6.98,2
378,1,0.8,7.54,2
379,1,0.8,7.66,2
380,1,0.8,7.32,2
381,1,0.8,8.32,2
382,1,0.8,7.92,2
383,1,0.8,8.04,2
384,1,0.8,7.26,2
385,1,0.8,8.0,2
386,1,0.8,6.88,2
387,1,0.8,7.74,2
388,1,0.8,8.12,2
389,1,0.8,7.96,2
390,1,0.8,7.32,2
391,1,0.8,8.64,2
392,1,0.8,7.78,2
393,1,0.8,8.12,2
394,1,0.8,8.54,2
395,1,0.8,9.28,2
396,1,0.8,7.92,2
397,1,0.8,7.48,2
398,1,0.8,7.94,2
399,1,0.8,7.38,2
400,1,0.8,7.28,2
401,1,0.8,7.26,2
402,1,0.8,8.56,2
403,1,0.8,7.62,2
404,1,0.8,7.82,2
405,1,0.8,7.9,2
406,1,0.8,7.36,2
407,1,0.8,7.9,2
408,1,0.8,7.82,2
409,1,0.8,7.58,2
410,1,0.8,8.0,2
411,1,0.8,8.42,2
412,1,0.8,6.9,2
413,1,0.8,8.9,2
414,1,0.8,7.68,2
415,1,0.8,8.12,2
416,1,0.8,7.86,2
417,1,0.8,7.82,2
418,1,0.8,9.02,2
419,1,0.8,8.52,2
420,1,0.8,8.08,2
421,1,0.8,8.06,2
422,1,0.8,7.72,2
423,1,0.8,7.88,2
424,1,0.8,7.52,2
425,1,0.8,7.0,2
426,1,0.8,7.34,2
427,1,0.8,8.34,2
428,1,0.8,7.04,2
429,1,0.8,7.4,2
430,1,0.8,8.18,2
431,1,0.8,8.22,2
432,1,0.8,8.06,2
433,1,0.8,8.18,2
434,1,0.8,7.62,2
435,1,0.8,8.26,2
436,1,0.8,8.06,2
437,1,0.8,7.72,2
438,1,0.8,8.14,2
439,1,0.8,7.56,2
440,1,0.8,6.78,2
441,1,0.8,7.98,2
442,1,0.8,7.66,2
443,1,0.8,7.04,2
444,1,0.8,7.34,2
445,1,0.8,7.8,2
446,1,0.8,7.38,2
447,1,0.8,7.46,2
448,1,0.8,9.26,2
449,1,0.8,8.2,2
450,1,0.8,7.46,2
451,1,0.8,7.04,2
452,1,0.8,7.72,2
453,1,0.8,7.66,2
454,1,0.8,7.3,2
455,1,0.8,7.14,2
456,1,0.8,8.2,2
457,1,0.8,7.42,2
458,1,0.8,7.74,2
459,1,0.8,7.34,2
460,1,0.8,7.78,2
461,1,0.8,6.7,2
462,1,0.8,8.14,2
463,1,0.8,8.36,2
464,1,0.8,8.42,2
465,1,0.8,7.78,2
466,1,0.8,9.24,2
467,1,0.8,9.62,2
468,1,0.8,7.88,2
469,1,0.8,7.56,2
470,1,0.8,8.26,2
471,1,0.8,7.14,2
472,1,0.8,7.68,2
473,1,0.8,8.14,2
474,1,0.8,7.76,2
475,1,0.8,7.2,2
476,1,0.8,7.88,2
477,1,0.8,7.82,2
478,1,0.8,8.56,2
479,1,0.8,8.2,2
480,1,0.8,7.8,2
481,1,0.8,7.56,2
482,1,0.8,7.8,2
483,1,0.8,7.86,2
484,1,0.8,7.26,2
485,1,0.8,8.04,2
486,1,0.8,8.7,2
487,1,0.8,7.42,2
488,1,0.8,7.28,2
489,1,0.8,8.22,2
490,1,0.8,7.56,2
491,1,0.8,8.52,2
492,1,0.8,8.48,2
493,1,0.8,7.42,2
494,1,0.8,7.7,2
495,1,0.8,8.1,2
496,1,0.8,7.88,2
497,1,0.8,8.24,2
498,1,0.8,8.4,2
499,1,0.8,8.28,2
500,1,0.8,8.12,2
501,1,0.8,7.86,2
502,1,0.8,7.32,2
503,1,0.8,6.96,2
504,1,0.8,8.28,2
505,1,0.8,7.82,2
506,1,0.8,8.36,2
507,1,0.8,7.7,2
508,1,0.8,7.18,2
509,1,0.8,7.28,2
510,1,0.8,8.44,2
511,1,0.8,8.06,2
512,1,0.8,7.08,2
513,1,0.8,8.62,2
514,1,0.8,8.76,2
515,1,0.8,8.22,2
516,1,0.8,8.5,2
517,1,0.8,8.18,2
518,1,0.8,7.82,2
519,1,0.8,8.2,2
520,1,0.8,7.52,2
521,1,0.8,7.42,2
522,1,0.8,8.76,2
523,1,0.8,9.28,2
524,1,0.8,9.6,2
525,1,0.8,8.62,2
526,1,0.8,9.0,2
527,1,0.8,8.68,2
528,1,0.8,7.94,2
529,1,0.8,7.98,2
530,1,0.8,8.22,2
531,1,0.8,7.66,2
532,1,0.8,8.38,2
533,1,0.8,8.32,2
534,1,0.8,8.28,2
535,1,0.8,7.68,2
536,1,0.8,8.88,2
537,1,0.8,7.9,2
538,1,0.8,8.52,2
539,1,0.8,8.42,2
540,1,0.8,8.82,2
541,1,0.8,8.66,2
542,1,0.8,8.26,2
543,1,0.8,9.14,2
544,1,0.8,8.6,2
545,1,0.8,7.4,2
546,1,0.8,8.52,2
547,1,0.8,8.18,2
548,1,0.8,7.8,2
549,1,0.8,8.2,2
550,1,0.8,7.38,2
551,1,0.8,7.1,2
552,1,0.8,7.64,2
553,1,0.8,6.4,2
554,1,0.8,7.6,2
555,1,0.8,7.12,2
556,1,0.8,7.54,2
557,1,0.8,8.18,2
558,1,0.8,7.94,2
559,1,0.8,7.74,2
560,1,0.8,8.06,2
561,1,0.8,7.12,2
562,1,0.8,7.48,2
563,1,0.8,7.5,2
564,1,0.8,7.88,2
565,1,0.8,7.98,2
566,1,0.8,8.16,2
567,1,0.8,7.94,2
568,1,0.8,8.22,2
569,1,0.8,7.8,2
570,1,0.8,7.68,2
571,1,0.8,8.44,2
572,1,0.8,8.5,2
573,1,0.8,8.36,2
574,1,0.8,8.54,2
575,1,0.8,7.84,2
576,1,0.8,7.6,2
577,1,0.8,7.9,2
578,1,0.8,7.18,2
579,1,0.8,7.54,2
580,1,0.8,7.56,2
581,1,0.8,7.54,2
582,1,0.8,7.76,2
583,1,0.8,8.46,2
584,1,0.8,7.28,2
585,1,0.8,8.54,2
586,1,0.8,7.58,2
587,1,0.8,7.36,2
588,1,0.8,7.64,2
589,1,0.8,7.04,2
590,1,0.8,6.34,2
591,1,0.8,7.16,2
592,1,0.8,8.5,2
593,1,0.8,7.06,2
594,1,0.8,7.32,2
595,1,0.8,7.36,2
596,1,0.8,7.86,2
597,1,0.8,7.0,2
598,1,0.8,7.38,2
599,1,0.8,6.82,2
600,1,0.8,7.3,2
601,1,0.8,7.84,2
602,1,0.8,6.52,2
603,1,0.8,7.44,2
604,1,0.8,7.78,2
605,1,0.8,8.34,2
606,1,0.8,7.96,2
607,1,0.8,8.86,2
608,1,0.8,8.12,2
609,1,0.8,8.7,2
610,1,0.8,8.12,2
611,1,0.8,8.36,2
612,1,0.8,8.08,2
613,1,0.8,6.6,2
614,1,0.8,7.46,2
615,1,0.8,8.12,2
616,1,0.8,7.22,2
617,1,0.8,7.66,2
618,1,0.8,8.18,2
619,1,0.8,7.5,2
620,1,0.8,7.6,2
621,1,0.8,7.92,2
622,1,0.8,8.16,2
623,1,0.8,7.92,2
624,1,0.8,8.04,2
625,1,0.8,8.74,2
626,1,0.8,7.44,2
627,1,0.8,7.98,2
628,1,0.8,7.8,2
629,1,0.8,7.2,2
630,1,0.8,7.74,2
631,1,0.8,8.6,2
632,1,0.8,7.4,2
633,1,0.8,8.06,2
634,1,0.8,8.38,2
635,1,0.8,8.04,2
636,1,0.8,7.82,2
637,1,0.8,6.96,2
638,1,0.8,8.68,2
639,1,0.8,7.72,2
640,1,0.8,7.58,2
641,1,0.8,7.08,2
642,1,0.8,6.8,2
643,1,0.8,8.12,2
644,1,0.8,8.58,2
645,1,0.8,8.2,2
646,1,0.8,7.4,2
647,1,0.8,7.9,2
648,1,0.8,7.66,2
649,1,0.8,8.32,2
650,1,0.8,8.4,2
651,1,0.8,8.06,2
652,1,0.8,7.22,2
653,1,0.8,7.2,2
654,1,0.8,8.28,2
655,1,0.8,7.66,2
656,1,0.8,8.26,2
657,1,0.8,7.08,2
658,1,0.8,7.58,2
659,1,0.8,9.14,2
660,1,0.8,7.78,2
661,1,0.8,7.5,2
662,1,0.8,8.08,2
663,1,0.8,8.04,2
664,1,0.8,8.08,2
665,1,0.8,8.1,2
666,1,0.8,8.98,2
667,1,0.8,7.08,2
668,1,0.8,7.52,2
669,1,0.8,8.6,2
670,1,0.8,8.06,2
671,1,0.8,8.2,2
672,1,0.8,8.48,2
673,1,0.8,8.28,2
674,1,0.8,8.44,2
675,1,0.8,8.36,2
676,1,0.8,7.18,2
677,1,0.8,7.2,2
678,1,0.8,7.76,2
679,1,0.8,7.04,2
680,1,0.8,8.56,2
681,1,0.8,8.38,2
682,1,0.8,7.7,2
683,1,0.8,7.7,2
684,1,0.8,7.44,2
685,1,0.8,7.58,2
686,1,0.8,8.38,2
687,1,0.8,7.78,2
688,1,0.8,7.8,2
689,1,0.8,6.98,2
690,1,0.8,8.38,2
691,1,0.8,8.4,2
692,1,0.8,7.64,2
693,1,0.8,7.22,2
694,1,0.8,8.38,2
695,1,0.8,7.74,2
696,1,0.8,6.98,2
697,1,0.8,6.72,2
698,1,0.8,7.58,2
699,1,0.8,7.06,2
700,1,0.8,7.24,2
701,1,0.8,8.58,2
702,1,0.8,7.66,2
703,1,0.8,8.42,2
704,1,0.8,7.62,2
705,1,0.8,8.48,2
706,1,0.8,7.58,2
707,1,0.8,8.08,2
708,1,0.8,8.68,2
709,1,0.8,9.06,2
710,1,0.8,8.92,2
711,1,0.8,7.9,2
712,1,0.8,7.9,2
713,1,0.8,8.7,2
714,1,0.8,6.74,2
715,1,0.8,8.08,2
716,1,0.8,8.7,2
717,1,0.8,8.04,2
718,1,0.8,7.64,2
719,1,0.8,7.16,2
720,1,0.8,7.78,2
721,1,0.8,7.96,2
722,1,0.8,8.64,2
723,1,0.8,8.54,2
724,1,0.8,7.86,2
725,1,0.8,7.7,2
726,1,0.8,6.92,1
727,1,0.8,7.52,1
728,1,0.8,7.64,1
729,1,0.8,6.9,1
730,1,0.8,7.12,1
731,1,0.8,7.2,1
732,1,0.8,7.08,1
733,1,0.8,6.88,1
734,1,0.8,7.36,1
735,1,0.8,6.88,1
736,1,0.8,8.38,1
737,1,0.8,6.42,1
738,1,0.8,6.44,1
739,1,0.8,6.2,1
740,1,0.8,7.16,1
741,1,0.8,7.44,1
742,1,0.8,6.6,1
743,1,0.8,8.74,1
744,1,0.8,7.32,1
745,1,0.8,6.94,1
746,1,0.8,6.88,1
747,1,0.8,7.3,1
748,1,0.8,6.74,1
749,1,0.8,6.58,1
750,1,0.8,6.18,1
751,1,0.8,7.46,1
752,1,0.8,6.66,1
753,1,0.8,7.24,1
754,1,0.8,7.28,1
755,1,0.8,6.58,1
756,1,0.8,5.74,1
757,1,0.8,6.62,1
758,1,0.8,6.64,1
759,1,0.8,6.9,1
760,1,0.8,6.54,1
761,1,0.8,6.06,1
762,1,0.8,7.56,1
763,1,0.8,6.88,1
764,1,0.8,7.62,1
765,1,0.8,6.98,1
766,1,0.8,7.32,1
767,1,0.8,6.7,1
768,1,0.8,6.6,1
769,1,0.8,7.16,1
770,1,0.8,6.46,1
771,1,0.8,7.14,1
772,1,0.8,7.5,1
773,1,0.8,6.96,1
774,1,0.8,6.92,1
775,1,0.8,7.1,1
776,1,0.8,6.76,1
777,1,0.8,6.88,1
778,1,0.8,6.04,1
779,1,0.8,7.4,1
780,1,0.8,7.92,1
781,1,0.8,7.2,1
782,1,0.8,7.06,1
783,1,0.8,6.22,1
784,1,0.8,6.6,1
785,1,0.8,6.34,1
786,1,0.8,6.96,1
787,1,0.8,7.8,1
788,1,0.8,7.34,1
789,1,0.8,6.54,1
790,1,0.8,6.44,1
791,1,0.8,7.38,1
792,1,0.8,7.38,1
793,1,0.8,6.78,1
794,1,0.8,7.34,1
795,1,0.8,7.72,1
796,1,0.8,6.38,1
797,1,0.8,6.72,1
798,1,0.8,6.0,1
799,1,0.8,7.5,1
800,1,0.8,7.02,1
801,1,0.8,6.78,1
802,1,0.8,7.28,1
803,1,0.8,7.48,1
804,1,0.8,6.74,1
805,1,0.8,7.16,1
806,1,0.8,7.68,1
807,1,0.8,7.7,1
808,1,0.8,7.34,1
809,1,0.8,7.78,1
810,1,0.8,7.3,1
811,1,0.8,7.18,1
812,1,0.8,6.98,1
813,1,0.8,7.66,1
814,1,0.8,6.72,1
815,1,0.8,7.34,1
816,1,0.8,6.82,1
817,1,0.8,6.92,1
818,1,0.8,6.44,1
819,1,0.8,6.46,1
820,1,0.8,5.86,1
821,1,0.8,6.5,1
822,1,0.8,7.0,1
823,1,0.8,6.36,1
824,1,0.8,7.02,1
825,1,0.8,7.28,1
826,1,0.8,7.14,1
827,1,0.8,8.08,1
828,1,0.8,7.2,1
829,1,0.8,6.7,1
830,1,0.8,6.74,1
831,1,0.8,6.34,1
832,1,0.8,7.04,1
833,1,0.8,6.94,1
834,1,0.8,7.0,1
835,1,0.8,6.6,1
836,1,0.8,6.46,1
837,1,0.8,5.98,1
838,1,0.8,7.48,1
839,1,0.8,6.7,1
840,1,0.8,6.48,1
841,1,0.8,6.9,1
842,1,0.8,7.34,1
843,1,0.8,6.28,1
844,1,0.8,6.9,1
845,1,0.8,7.14,1
846,1,0.8,6.98,1
847,1,0.8,6.78,1
848,1,0.8,6.84,1
849,1,0.8,7.16,1
850,1,0.8,7.96,1
851,1,0.8,6.78,1
852,1,0.8,6.68,1
853,1,0.8,7.32,1
854,1,0.8,7.22,1
855,1,0.8,7.14,1
856,1,0.8,7.22,1
857,1,0.8,7.12,1
858,1,0.8,6.36,1
859,1,0.8,6.08,1
860,1,0.8,6.92,1
861,1,0.8,6.82,1
862,1,0.8,5.66,1
863,1,0.8,6.04,1
864,1,0.8,6.7,1
865,1,0.8,6.64,1
866,1,0.8,6.5,1
867,1,0.8,7.18,1
868,1,0.8,7.76,1
869,1,0.8,8.38,1
870,1,0.8,7.76,1
871,1,0.8,7.78,1
872,1,0.8,7.7,1
873,1,0.8,7.94,1
874,1,0.8,6.94,1
875,1,0.8,7.08,1
876,1,0.8,8.04,1
877,1,0.8,7.06,1
878,1,0.8,6.66,1
879,1,0.8,6.76,1
880,1,0.8,6.62,1
881,1,0.8,6.86,1
882,1,0.8,8.14,1
883,1,0.8,6.82,1
884,1,0.8,7.5,1
885,1,0.8,6.76,1
886,1,0.8,6.84,1
887,1,0.8,6.28,1
888,1,0.8,8.04,1
889,1,0.8,7.2,1
890,1,0.8,7.48,1
891,1,0.8,6.42,1
892,1,0.8,6.98,1
893,1,0.8,5.78,1
894,1,0.8,7.24,1
895,1,0.8,6.72,1
896,1,0.8,6.72,1
897,1,0.8,6.98,1
898,1,0.8,6.7,1
899,1,0.8,7.32,1
900,1,0.8,6.48,1
901,1,0.8,7.14,1
902,1,0.8,6.2,1
903,1,0.8,7.14,1
904,1,0.8,6.6,1
905,1,0.8,7.46,1
906,1,0.8,6.58,1
907,1,0.8,7.36,1
908,1,0.8,7.46,1
909,1,0.8,7.54,1
910,1,0.8,6.6,1
911,1,0.8,6.92,1
912,1,0.8,6.92,1
913,1,0.8,6.78,1
914,1,0.8,6.84,1
915,1,0.8,6.58,1
916,1,0.8,6.64,1
917,1,0.8,6.1,1
918,1,0.8,6.8,1
919,1,0.8,6.66,1
920,1,0.8,6.68,1
921,1,0.8,6.54,1
922,1,0.8,6.8,1
923,1,0.8,7.36,1
924,1,0.8,6.96,1
925,1,0.8,6.74,1
926,1,0.8,6.84,1
927,1,0.8,7.34,1
928,1,0.8,7.64,1
929,1,0.8,6.64,1
930,1,0.8,6.1,1
931,1,0.8,7.58,1
932,1,0.8,6.68,1
933,1,0.8,6.36,1
934,1,0.8,7.32,1
935,1,0.8,7.22,1
936,1,0.8,6.4,1
937,1,0.8,7.68,1
938,1,0.8,8.04,1
939,1,0.8,6.06,1
940,1,0.8,5.68,1
941,1,0.8,6.3,1
942,1,0.8,6.8,1
943,1,0.8,7.44,1
944,1,0.8,7.24,1
945,1,0.8,6.74,1
946,1,0.8,6.74,1
947,1,0.8,6.12,1
948,1,0.8,7.12,1
949,1,0.8,7.24,1
950,1,0.8,6.46,1
951,1,0.8,5.6,1
952,1,0.8,5.8,1
953,1,0.8,6.2,1
954,1,0.8,6.36,1
955,1,0.8,6.38,1
956,1,0.8,6.74,1
957,1,0.8,7.86,1
958,1,0.8,6.48,1
959,1,0.8,7.12,1
960,1,0.8,5.98,1
961,1,0.8,6.7,1
962,1,0.8,6.8,1
963,1,0.8,6.3,1
964,1,0.8,7.06,1
965,1,0.8,6.68,1
966,1,0.8,6.66,1
967,1,0.8,6.74,1
968,1,0.8,7.22,1
969,1,0.8,6.84,1
970,1,0.8,7.34,1
971,1,0.8,8.06,1
972,1,0.8,7.54,1
973,1,0.8,7.42,1
974,1,0.8,5.98,1
975,1,0.8,6.72,1
976,1,0.8,7.42,1
977,1,0.8,6.74,1
978,1,0.8,7.36,1
979,1,0.8,6.44,1
980,1,0.8,5.68,1
981,1,0.8,6.48,1
982,1,0.8,7.3,1
983,1,0.8,7.16,1
984,1,0.8,6.74,1
985,1,0.8,5.88,1
986,1,0.8,5.8,1
987,1,0.8,6.94,1
988,1,0.8,7.12,1
989,1,0.8,6.0,1
990,1,0.8,6.14,1
991,1,0.8,7.16,1
992,1,0.8,6.46,1
993,1,0.8,6.84,1
994,1,0.8,6.88,1
995,1,0.8,8.86,1
996,1,0.8,7.24,1
997,1,0.8,7.7,1
998,1,0.8,7.74,1
999,1,0.8,7.06,1
1000,1,0.8,8.12,1
1001,1,0.8,7.9,1
1002,1,0.8,7.5,1
1003,1,0.8,7.1,1
1004,1,0.8,7.84,1
1005,1,0.8,6.82,1
1006,1,0.8,7.18,1
1007,1,0.8,5.72,1
1008,1,0.8,6.62,1
1009,1,0.8,6.78,1
1010,1,0.8,6.92,1
1011,1,0.8,6.66,1
1012,1,0.8,6.98,1
1013,1,0.8,7.58,1
1014,1,0.8,7.06,1
1015,1,0.8,7.04,1
1016,1,0.8,6.14,1
1017,1,0.8,6.82,1
1018,1,0.8,7.02,1
1019,1,0.8,6.38,1
1020,1,0.8,6.14,1
1021,1,0.8,6.92,1
1022,1,0.8,6.7,1
1023,1,0.8,7.46,1
1024,1,0.8,5.68,1
1025,1,0.8,7.18,1
1026,1,0.8,6.36,1
1027,1,0.8,6.12,1
1028,1,0.8,7.0,1
1029,1,0.8,7.66,1
1030,1,0.8,7.32,1
1031,1,0.8,7.18,1
1032,1,0.8,6.4,1
1033,1,0.8,7.16,1
1034,1,0.8,7.28,1
1035,1,0.8,6.9,1
1036,1,0.8,6.14,1
1037,1,0.8,7.12,1
1038,1,0.8,7.48,1
1039,1,0.8,7.6,1
1040,1,0.8,6.88,1
1041,1,0.8,7.66,1
1042,1,0.8,7.2,1
1043,1,0.8,7.32,1
1044,1,0.8,6.56,1
1045,1,0.8,7.06,1
1046,1,0.8,6.34,1
1047,1,0.8,6.74,1
1048,1,0.8,6.92,1
1049,1,0.8,7.04,1
1050,1,0.8,6.58,1
1051,1,0.8,6.58,1
1052,1,0.8,6.06,1
1053,1,0.8,7.68,1
1054,1,0.8,7.32,1
1055,1,0.8,6.94,1
1056,1,0.8,6.48,1
1057,1,0.8,6.24,1
1058,1,0.8,7.34,1
1059,1,0.8,7.42,1
1060,1,0.8,7.12,1
1061,1,0.8,7.4,1
1062,1,0.8,7.22,1
1063,1,0.8,7.12,1
1064,1,0.8,7.04,1
1065,1,0.8,6.74,1
1066,1,0.8,6.24,1
1067,1,0.8,6.86,1
1068,1,0.8,7.16,1
1069,1,0.8,6.52,1
1070,1,0.8,6.86,1
1071,1,0.8,6.02,1
1072,1,0.8,6.58,1
1073,1,0.8,6.3,1
1074,1,0.8,7.16,1
1075,1,0.8,7.2,1
1076,1,0.8,7.9,1
1077,1,0.8,7.12,1
1078,1,0.8,7.52,1
1079,1,0.8,8.02,1
1080,1,0.8,7.54,1
1081,1,0.8,6.54,1
1082,1,0.8,7.2,1
1083,1,0.8,7.7,1
1084,1,0.8,6.7,1
1085,1,0.8,6.12,1
1086,1,0.8,7.28,1
1087,1,0.8,7.26,1
1088,1,0.8,7.6,1
1089,1,0.8,7.84,1
1090,1,0.8,7.4,1
1091,1,0.8,6.66,1
1092,1,0.8,7.28,1
1093,1,0.8,6.28,1
1094,1,0.8,6.74,1
1095,1,0.8,6.38,1
1096,1,0.8,6.5,1
1097,1,0.8,6.16,1
1098,1,0.8,6.24,1
1099,1,0.8,6.16,1
1100,1,0.8,5.78,1
1101,1,0.8,6.3,1
1102,1,0.8,6.62,1
1103,1,0.8,7.42,1
1104,1,0.8,6.82,1
1105,1,0.8,7.42,1
1106,1,0.8,7.74,1
1107,1,0.8,7.6,1
1108,1,0.8,7.3,1
1109,1,0.8,7.78,1
1110,1,0.8,7.06,1
1111,1,0.8,7.12,1
1112,1,0.8,7.88,1
1113,1,0.8,7.38,1
1114,1,0.8,6.3,1
1115,1,0.8,7.24,1
1116,1,0.8,7.56,1
1117,1,0.8,7.28,1
1118,1,0.8,7.12,1
1119,1,0.8,7.22,1
1120,1,0.8,7.04,1
1121,1,0.8,7.98,1
1122,1,0.8,8.1,1
1123,1,0.8,8.04,1
1124,1,0.8,8.48,1
1125,1,0.8,6.8,1
1126,1,0.8,6.32,1
1127,1,0.8,7.94,1
1128,1,0.8,7.82,1
1129,1,0.8,7.4,1
1130,1,0.8,7.32,1
1131,1,0.8,6.18,1
1132,1,0.8,6.1,1
1133,1,0.8,6.64,1
1134,1,0.8,5.94,1
1135,1,0.8,7.0,1
1136,1,0.8,6.78,1
1137,1,0.8,8.02,1
1138,1,0.8,6.62,1
1139,1,0.8,6.68,1
1140,1,0.8,6.84,1
1141,1,0.8,7.14,1
1142,1,0.8,7.76,1
1143,1,0.8,7.2,1
1144,1,0.8,6.84,1
1145,1,0.8,8.16,1
1146,1,0.8,8.8,1
1147,1,0.8,7.22,1
1148,1,0.8,8.16,1
1149,1,0.8,7.1,1
1150,1,0.8,6.96,1
1151,1,0.8,7.32,1
1152,1,0.8,7.2,1
1153,1,0.8,7.18,1
1154,1,0.8,6.2,1
1155,1,0.8,6.94,1
1156,1,0.8,6.62,1
1157,1,0.8,5.76,1
1158,1,0.8,6.78,1
1159,1,0.8,6.7,1
1160,1,0.8,6.94,1
1161,1,0.8,6.92,1
1162,1,0.8,7.02,1
1163,1,0.8,6.76,1
1164,1,0.8,6.44,1
1165,1,0.8,6.46,1
1166,1,0.8,6.68,1
1167,1,0.8,7.3,1
1168,1,0.8,7.46,1
1169,1,0.8,5.64,1
1170,1,0.8,6.96,1
1171,1,0.8,6.94,1
1172,1,0.8,6.68,1
1173,1,0.8,6.42,1
1174,1,0.8,6.28,1
1175,1,0.8,7.36,1
1176,1,0.8,6.68,1
1177,1,0.8,7.5,1
1178,1,0.8,6.74,1
1179,1,0.8,6.76,1
1180,1,0.8,7.32,1
1181,1,0.8,5.7,1
1182,1,0.8,6.12,1
1183,1,0.8,6.12,1
1184,1,0.8,5.76,1
1185,1,0.8,6.78,1
1186,1,0.8,7.06,1
1187,1,0.8,7.26,1
1188,1,0.8,6.94,1
1189,1,0.8,8.0,1
1190,1,0.8,7.28,1
1191,1,0.8,6.36,1
1192,1,0.8,6.32,1
1193,1,0.8,7.46,1
1194,1,0.8,7.12,1
1195,1,0.8,7.6,1
1196,1,0.8,6.7,1
1197,1,0.8,8.56,1
1198,1,0.8,7.42,1
1199,1,0.8,7.12,1
1200,1,0.8,7.46,1
1201,1,0.8,6.16,1
1202,1,0.8,6.36,1
1203,1,0.8,6.86,1
1204,1,0.8,7.0,1
1205,1,0.8,7.58,1
1206,1,0.8,8.12,1
1207,1,0.8,7.2,1
1208,1,0.8,6.34,1
1209,1,0.8,6.46,1
1210,1,0.8,6.82,1
1211,1,0.8,7.16,1
1212,1,0.8,7.48,1
1213,1,0.8,7.1,1
1214,1,0.8,6.86,1
1215,1,0.8,7.1,1
1216,1,0.8,7.38,1
1217,1,0.8,7.54,1
1218,1,0.8,7.26,1
1219,1,0.8,6.62,1
1220,1,0.8,7.28,1
1221,1,0.8,6.42,1
1222,1,0.8,6.44,1
1223,1,0.8,7.0,1
1224,1,0.8,7.82,1
1225,1,0.8,6.54,1
1226,1,0.8,6.2,1
1227,1,0.8,6.72,1
1228,1,0.8,7.22,1
1229,1,0.8,6.1,1
1230,1,0.8,6.16,1
1231,1,0.8,7.02,1
1232,1,0.8,7.62,1
1233,1,0.8,7.24,1
1234,1,0.8,6.5,1
1235,1,0.8,6.8,1
1236,1,0.8,6.76,1
1237,1,0.8,7.14,1
1238,1,0.8,6.02,1
1239,1,0.8,6.66,1
1240,1,0.8,6.8,1
1241,1,0.8,7.1,1
1242,1,0.8,7.1,1
1243,1,0.8,6.8,1
1244,1,0.8,7.0,1
1245,1,0.8,7.36,1
1246,1,0.8,6.86,1
1247,1,0.8,7.84,1
1248,1,0.8,7.3,1
1249,1,0.8,6.68,1
1250,1,0.8,7.42,1
1251,1,0.8,7.2,1
1252,1,0.8,7.18,1
1253,1,0.8,6.32,1
1254,1,0.8,6.4,1
1255,1,0.8,7.72,1
1256,1,0.8,7.34,1
1257,1,0.8,6.54,1
1258,1,0.8,6.26,1
1259,1,0.8,6.56,1
1260,1,0.8,6.24,1
1261,1,0.8,6.6,1
1262,1,0.8,6.54,1
1263,1,0.8,7.14,1
1264,1,0.8,7.66,1
1265,1,0.8,6.52,1
1266,1,0.8,7.04,1
1267,1,0.8,7.68,1
1268,1,0.8,8.16,1
1269,1,0.8,7.22,1
1270,1,0.8,7.58,1
1271,1,0.8,7.36,1
1272,1,0.8,7.8,1
1273,1,0.8,6.68,1
1274,1,0.8,6.62,1
1275,1,0.8,6.48,1
1276,1,0.8,8.2,1
1277,1,0.8,6.78,1
1278,1,0.8,6.94,1
1279,1,0.8,6.74,1
1280,1,0.8,7.34,1
1281,1,0.8,7.42,1
1282,1,0.8,7.34,1
1283,1,0.8,7.32,1
1284,1,0.8,6.22,1
1285,1,0.8,6.78,1
1286,1,0.8,6.86,1
1287,1,0.8,5.9,1
1288,1,0.8,6.22,1
1289,1,0.8,6.86,1
1290,1,0.8,7.62,1
1291,1,0.8,6.88,1
1292,1,0.8,8.1,1
1293,1,0.8,7.64,1
1294,1,0.8,6.7,1
1295,1,0.8,6.96,1
1296,1,0.8,7.26,1
1297,1,0.8,7.24,1
1298,1,0.8,7.52,1
1299,1,0.8,6.3,1
1300,1,0.8,7.54,1
1301,1,0.8,6.38,1
1302,1,0.8,7.3,1
1303,1,0.8,7.8,1
1304,1,0.8,7.28,1
1305,1,0.8,6.9,1
1306,1,0.8,5.86,1
1307,1,0.8,6.64,1
1308,1,0.8,7.92,1
1309,1,0.8,7.7,1
1310,1,0.8,7.48,1
1311,1,0.8,7.9,1
1312,1,0.8,7.66,1
1313,1,0.8,7.48,1
1314,1,0.8,5.8,1
1315,1,0.8,7.34,1
1316,1,0.8,6.42,1
1317,1,0.8,5.76,1
1318,1,0.8,5.64,1
1319,1,0.8,6.9,1
1320,1,0.8,7.36,1
1321,1,0.8,5.96,1
1322,1,0.8,6.5,1
1323,1,0.8,6.84,1
1324,1,0.8,6.68,1
1325,1,0.8,6.32,1
1326,1,0.8,7.04,1
1327,1,0.8,7.7,1
1328,1,0.8,6.48,1
1329,1,0.8,7.02,1
1330,1,0.8,6.86,1
1331,1,0.8,6.76,1
1332,1,0.8,7.7,1
1333,1,0.8,7.52,1
1334,1,0.8,7.3,1
1335,1,0.8,7.0,1
1336,1,0.8,7.86,1
1337,1,0.8,8.12,1
1338,1,0.8,6.66,1
1339,1,0.8,6.2,1
1340,1,0.8,6.62,1
1341,1,0.8,6.98,1
1342,1,0.8,7.2,1
1343,1,0.8,7.82,1
1344,1,0.8,6.58,1
1345,1,0.8,7.3,1
1346,1,0.8,6.8,1
1347,1,0.8,7.4,1
1348,1,0.8,6.76,1
1349,1,0.8,6.84,1
1350,1,0.8,6.92,1
1351,1,0.8,8.0,1
1352,1,0.8,6.9,1
1353,1,0.8,5.64,1
1354,1,0.8,7.32,1
1355,1,0.8,7.92,1
1356,1,0.8,7.5,1
1357,1,0.8,7.06,1
1358,1,0.8,6.8,1
1359,1,0.8,5.62,1
1360,1,0.8,6.04,1
1361,1,0.8,6.3,1
1362,1,0.8,7.58,1
1363,1,0.8,6.94,1
1364,1,0.8,6.26,1
1365,1,0.8,6.96,1
1366,1,0.8,8.16,1
1367,1,0.8,6.54,1
1368,1,0.8,6.6,1
1369,1,0.8,6.3,1
1370,1,0.8,7.34,1
1371,1,0.8,7.66,1
1372,1,0.8,7.4,1
1373,1,0.8,6.24,1
1374,1,0.8,7.06,1
1375,1,0.8,6.74,1
1376,1,0.8,7.04,1
1377,1,0.8,7.88,1
1378,1,0.8,6.64,1
1379,1,0.8,6.88,1
1380,1,0.8,6.46,1
1381,1,0.8,6.64,1
1382,1,0.8,7.24,1
1383,1,0.8,7.38,1
1384,1,0.8,6.72,1
1385,1,0.8,7.06,1
1386,1,0.8,7.46,1
1387,1,0.8,6.88,1
1388,1,0.8,7.38,1
1389,1,0.8,6.54,1
1390,1,0.8,6.9,1
1391,1,0.8,7.38,1
1392,1,0.8,7.8,1
1393,1,0.8,7.16,1
1394,1,0.8,6.52,1
1395,1,0.8,7.06,1
1396,1,0.8,7.56,1
1397,1,0.8,7.68,1
1398,1,0.8,8.08,1
1399,1,0.8,6.44,1
1400,1,0.8,6.74,1
1401,1,0.8,7.58,1
1402,1,0.8,7.7,1
1403,1,0.8,7.66,1
1404,1,0.8,7.24,1
1405,1,0.8,7.16,1
1406,1,0.8,7.44,1
1407,1,0.8,7.2,1
1408,1,0.8,7.9,1
1409,1,0.8,6.94,1
1410,1,0.8,7.64,1
1411,1,0.8,7.5,1
1412,1,0.8,6.68,1
1413,1,0.8,8.1,1
1414,1,0.8,7.94,1
1415,1,0.8,8.0,1
1416,1,0.8,6.42,1
1417,1,0.8,6.62,1
1418,1,0.8,6.86,1
1419,1,0.8,6.84,1
1420,1,0.8,7.54,1
1421,1,0.8,6.58,1
1422,1,0.8,6.36,1
1423,1,0.8,6.0,1
1424,1,0.8,6.86,1
1425,1,0.8,6.34,1
1426,1,0.8,7.66,1
1427,1,0.8,6.0,1
1428,1,0.8,7.02,1
1429,1,0.8,7.74,1
1430,1,0.8,7.14,1
1431,1,0.8,7.7,1
1432,1,0.8,7.12,1
1433,1,0.8,5.76,1
1434,1,0.8,6.72,1
1435,1,0.8,7.32,1
1436,1,0.8,7.72,1
1437,1,0.8,7.24,1
1438,1,0.8,7.64,1
1439,1,0.8,7.28,1
1440,1,0.8,7.38,1
1441,1,0.8,7.18,1
1442,1,0.8,6.9,1
1443,1,0.8,6.12,1
1444,1,0.8,7.32,1
1445,1,0.8,8.1,1
1446,1,0.8,6.54,1
1447,1,0.8,5.98,1
1448,1,0.8,7.28,1
1449,1,0.8,6.94,1
1450,1,0.8,6.6,1
1451,1,0.8,7.44,1
1452,1,0.8,7.68,1
1453,1,0.8,7.16,1
1454,1,0.8,6.68,1
1455,1,0.8,6.92,1
1456,1,0.8,6.9,1
1457,1,0.8,7.16,1
1458,1,0.8,7.14,1
1459,1,0.8,7.64,1
1460,1,0.8,7.8,1
1461,1,0.8,6.44,1
1462,1,0.8,7.46,1
1463,1,0.8,8.64,1
1464,1,0.8,7.28,1
1465,1,0.8,7.14,1
1466,1,0.8,7.22,1
1467,1,0.8,6.3,1
1468,1,0.8,7.44,1
1469,1,0.8,6.82,1
1470,1,0.8,6.56,1
1471,1,0.8,6.42,1
1472,1,0.8,7.0,1
1473,1,0.8,6.68,1
1474,1,0.8,6.22,1
1475,1,0.8,6.34,1
1476,1,0.8,7.12,1
1477,1,0.8,7.98,1
1478,1,0.8,7.52,1
1479,1,0.8,6.62,1
1480,1,0.8,7.0,1
1481,1,0.8,6.28,1
1482,1,0.8,7.86,1
1483,1,0.8,8.02,1
1484,1,0.8,7.32,1
1485,1,0.8,5.94,1
1486,1,0.8,6.52,1
1487,1,0.8,7.74,1
1488,1,0.8,7.14,1
1489,1,0.8,6.78,1
1490,1,0.8,7.02,1
1491,1,0.8,6.48,1
1492,1,0.8,7.12,1
1493,1,0.8,7.16,1
1494,1,0.8,7.44,1
1495,1,0.8,6.82,1
1496,1,0.8,6.1,1
1497,1,0.8,6.08,1
1498,1,0.8,6.88,1
1499,1,0.8,7.58,1
1500,1,0.8,6.76,1
1501,1,0.8,7.4,1
1502,1,0.8,6.44,1
1503,1,0.8,6.58,1
1504,1,0.8,6.68,1
1505,1,0.8,6.28,1
1506,1,0.8,7.96,1
1507,1,0.8,6.72,1
1508,1,0.8,6.3,1
1509,1,0.8,7.26,1
1510,1,0.8,6.4,1
1511,1,0.8,6.46,1
1512,1,0.8,6.92,1
1513,1,0.8,6.88,1
1514,1,0.8,7.04,1
1515,1,0.8,6.94,1
1516,1,0.8,7.24,1
1517,1,0.8,6.94,1
1518,1,0.8,6.96,1
1519,1,0.8,7.5,1
1520,1,0.8,6.76,1
1521,1,0.8,6.72,1
1522,1,0.8,5.22,1
1523,1,0.8,6.94,1
1524,1,0.8,6.88,1
1525,1,0.8,7.24,1
1526,1,0.8,6.74,1
1527,1,0.8,6.8,1
1528,1,0.8,6.78,1
1529,1,0.8,7.28,1
1530,1,0.8,6.08,1
1531,1,0.8,7.44,1
1532,1,0.8,7.2,1
1533,1,0.8,6.7,1
1534,1,0.8,7.22,1
1535,1,0.8,7.66,1
1536,1,0.8,7.64,1
1537,1,0.8,8.12,1
1538,1,0.8,7.62,1
1539,1,0.8,6.68,1
1540,1,0.8,6.84,1
1541,1,0.8,6.38,1
1542,1,0.8,7.02,1
1543,1,0.8,7.54,1
1544,1,0.8,6.72,1
1545,1,0.8,6.48,1
1546,1,0.8,7.12,1
1547,1,0.8,7.32,1
1548,1,0.8,6.98,1
1549,1,0.8,6.72,1
1550,1,0.8,6.2,1
1551,1,0.8,6.64,1
1552,1,0.8,7.7,1
1553,1,0.8,7.46,1
1554,1,0.8,7.22,1
1555,1,0.8,6.16,1
1556,1,0.8,6.5,1
1557,1,0.8,7.66,1
1558,1,0.8,7.24,1
1559,1,0.8,7.06,1
1560,1,0.8,7.4,1
1561,1,0.8,6.64,1
1562,1,0.8,6.16,1
1563,1,0.8,6.24,1
1564,1,0.8,7.48,1
1565,1,0.8,7.84,1
1566,1,0.8,6.5,1
1567,1,0.8,5.98,1
1568,1,0.8,5.76,1
1569,1,0.8,7.64,1
1570,1,0.8,7.52,1
1571,1,0.8,7.08,1
1572,1,0.8,7.28,1
1573,1,0.8,7.58,1
1574,1,0.8,7.64,1
1575,1,0.8,7.94,1
1576,1,0.8,6.96,1
1577,1,0.8,7.28,1
1578,1,0.8,7.54,1
1579,1,0.8,8.24,1
1580,1,0.8,7.26,1
1581,1,0.8,7.16,1
1582,1,0.8,7.82,1
1583,1,0.8,7.5,1
1584,1,0.8,6.8,1
1585,1,0.8,7.22,1
1586,1,0.8,7.78,1
1587,1,0.8,7.52,1
1588,1,0.8,6.72,1
1589,1,0.8,7.96,1
1590,1,0.8,7.68,1
1591,1,0.8,6.94,1
1592,1,0.8,6.66,1
1593,1,0.8,8.22,1
1594,1,0.8,7.12,1
1595,1,0.8,6.56,1
1596,1,0.8,5.72,1
1597,1,0.8,6.68,1
1598,1,0.8,7.6,1
1599,1,0.8,7.52,1
1600,1,0.8,7.64,1
1601,1,0.8,6.86,1
1602,1,0.8,6.5,1
1603,1,0.8,7.1,1
1604,1,0.8,7.28,1
1605,1,0.8,7.5,1
1606,1,0.8,7.58,1
1607,1,0.8,7.02,1
1608,1,0.8,8.0,1
1609,1,0.8,6.8,1
1610,1,0.8,6.1,1
1611,1,0.8,6.58,1
1612,1,0.8,7.76,1
1613,1,0.8,7.16,1
1614,1,0.8,6.66,1
1615,1,0.8,7.42,1
1616,1,0.8,7.04,1
1617,1,0.8,6.82,1
1618,1,0.8,7.14,1
1619,1,0.8,7.08,1
1620,1,0.8,7.4,1
1621,1,0.8,7.5,1
1622,1,0.8,7.72,1
1623,1,0.8,7.32,1
1624,1,0.8,7.28,1
1625,1,0.8,6.24,1
1626,1,0.8,6.56,1
1627,1,0.8,6.02,1
1628,1,0.8,7.36,1
1629,1,0.8,6.2,1
1630,1,0.8,6.56,1
1631,1,0.8,7.08,1
1632,1,0.8,6.56,1
1633,1,0.8,6.02,1
1634,1,0.8,6.04,1
1635,1,0.8,7.44,1
1636,1,0.8,6.9,1
1637,1,0.8,6.9,1
1638,1,0.8,6.36,1
1639,1,0.8,6.8,1
1640,1,0.8,7.58,1
1641,1,0.8,7.0,1
1642,1,0.8,6.7,1
1643,1,0.8,5.5,1
1644,1,0.8,6.08,1
1645,1,0.8,5.94,1
1646,1,0.8,7.3,1
1647,1,0.8,6.64,1
1648,1,0.8,6.86,1
1649,1,0.8,7.2,1
1650,1,0.8,6.7,1
1651,1,0.8,7.8,1
1652,1,0.8,7.72,1
1653,1,0.8,7.86,1
1654,1,0.8,7.0,1
1655,1,0.8,6.74,1
1656,1,0.8,6.68,1
1657,1,0.8,8.14,1
1658,1,0.8,7.48,1
1659,1,0.8,6.92,1
1660,1,0.8,6.18,1
1661,1,0.8,8.0,1
1662,1,0.8,7.2,1
1663,1,0.8,8.2,1
1664,1,0.8,8.24,1
1665,1,0.8,7.94,1
1666,1,0.8,7.56,1
1667,1,0.8,7.52,1
1668,1,0.8,6.46,1
1669,1,0.8,7.44,1
1670,1,0.8,7.38,1
1671,1,0.8,7.3,1
1672,1,0.8,7.8,1
1673,1,0.8,7.46,1
1674,1,0.8,7.08,1
1675,1,0.8,6.88,1
1676,1,0.8,6.66,1
1677,1,0.8,6.92,1
1678,1,0.8,6.7,1
1679,1,0.8,7.78,1
1680,1,0.8,8.08,1
1681,1,0.8,7.06,1
1682,1,0.8,6.06,1
1683,1,0.8,6.7,1
1684,1,0.8,7.16,1
1685,1,0.8,7.26,1
1686,1,0.8,6.5,1
1687,1,0.8,6.08,1
1688,1,0.8,6.46,1
1689,1,0.8,6.8,1
1690,1,0.8,6.52,1
1691,1,0.8,6.92,1
1692,1,0.8,6.72,1
1693,1,0.8,6.96,1
1694,1,0.8,7.42,1
1695,1,0.8,7.4,1
1696,1,0.8,7.06,1
1697,1,0.8,6.92,1
1698,1,0.8,7.24,1
1699,1,0.8,6.92,1
1700,1,0.8,7.84,1
1701,1,0.8,7.04,1
1702,1,0.8,7.14,1
1703,1,0.8,7.96,1
1704,1,0.8,8.44,1
1705,1,0.8,8.0,1
1706,1,0.8,7.52,1
1707,1,0.8,6.88,1
1708,1,0.8,7.8,1
1709,1,0.8,7.22,1
1710,1,0.8,7.14,1
1711,1,0.8,6.88,1
1712,1,0.8,8.08,1
1713,1,0.8,6.84,1
1714,1,0.8,7.26,1
1715,1,0.8,7.6,1
1716,1,0.8,7.28,1
1717,1,0.8,6.52,1
1718,1,0.8,7.3,1
1719,1,0.8,6.76,1
1720,1,0.8,7.26,1
1721,1,0.8,7.5,1
1722,1,0.8,6.8,1
1723,1,0.8,6.1,1
1724,1,0.8,6.66,1
1725,1,0.8,7.04,1
1726,1,0.8,6.86,1
1727,1,0.8,6.82,1
1728,1,0.8,6.06,1
1729,1,0.8,6.88,1
1730,1,0.8,6.92,1
1731,1,0.8,7.24,1
1732,1,0.8,7.06,1
1733,1,0.8,7.06,1
1734,1,0.8,6.56,1
1735,1,0.8,6.38,1
1736,1,0.8,7.08,1
1737,1,0.8,7.04,1
1738,1,0.8,7.12,1
1739,1,0.8,7.3,1
1740,1,0.8,7.66,1
1741,1,0.8,8.14,1
1742,1,0.8,7.8,1
1743,1,0.8,7.5,1
1744,1,0.8,5.42,1
1745,1,0.8,7.1,1
1746,1,0.8,6.54,1
1747,1,0.8,6.48,1
1748,1,0.8,7.28,1
1749,1,0.8,7.3,1
1750,1,0.8,7.12,1
1751,1,0.8,6.74,1
1752,1,0.8,7.38,1
1753,1,0.8,6.98,1
1754,1,0.8,6.68,1
1755,1,0.8,7.24,1
1756,1,0.8,6.7,1
1757,1,0.8,7.76,1
1758,1,0.8,7.74,1
1759,1,0.8,7.14,1
1760,1,0.8,7.46,1
1761,1,0.8,6.44,1
1762,1,0.8,7.62,1
1763,1,0.8,6.76,1
1764,1,0.8,7.14,1
1765,1,0.8,6.7,1
1766,1,0.8,7.5,1
1767,1,0.8,6.9,1
1768,1,0.8,6.52,1
1769,1,0.8,5.78,1
1770,1,0.8,6.4,1
1771,1,0.8,6.64,1
1772,1,0.8,6.06,1
1773,1,0.8,6.08,1
1774,1,0.8,6.56,1
1775,1,0.8,7.12,1
1776,1,0.8,5.82,1
1777,1,0.8,5.82,1
1778,1,0.8,7.58,1
1779,1,0.8,6.96,1
1780,1,0.8,7.04,1
1781,1,0.8,7.04,1
1782,1,0.8,6.74,1
1783,1,0.8,8.8,1
1784,1,0.8,7.54,1
1785,1,0.8,7.5,1
1786,1,0.8,7.5,1
1787,1,0.8,6.32,1
1788,1,0.8,6.58,1
1789,1,0.8,7.02,1
1790,1,0.8,6.68,1
1791,1,0.8,6.2,1
1792,1,0.8,6.64,1
1793,1,0.8,6.9,1
1794,1,0.8,6.62,1
1795,1,0.8,7.12,1
1796,1,0.8,6.48,1
1797,1,0.8,6.02,1
1798,1,0.8,6.98,1
1799,1,0.8,6.72,1
1800,1,0.8,6.52,1
1801,1,0.8,6.36,1
1802,1,0.8,7.28,1
1803,1,0.8,6.4,1
1804,1,0.8,7.54,1
1805,1,0.8,7.82,1
1806,1,0.8,7.18,1
1807,1,0.8,6.34,1
1808,1,0.8,7.16,1
1809,1,0.8,6.3,1
1810,1,0.8,6.5,1
1811,1,0.8,6.76,1
1812,1,0.8,6.66,1
1813,1,0.8,7.24,1
1814,1,0.8,7.12,1
1815,1,0.8,6.74,1
1816,1,0.8,6.88,1
1817,1,0.8,6.02,1
1818,1,0.8,7.22,1
1819,1,0.8,7.24,1
1820,1,0.8,6.6,1
1821,1,0.8,7.32,1
1822,1,0.8,6.82,1
1823,1,0.8,6.9,1
1824,1,0.8,6.22,1
1825,1,0.8,6.14,1
1826,1,0.8,5.76,1
1827,1,0.8,6.3,1
1828,1,0.8,7.12,1
1829,1,0.8,7.26,1
1830,1,0.8,6.02,1
1831,1,0.8,6.56,1
1832,1,0.8,6.76,1
1833,1,0.8,6.88,1
1834,1,0.8,7.94,1
1835,1,0.8,7.24,1
1836,1,0.8,7.04,1
1837,1,0.8,6.42,1
1838,1,0.8,6.56,1
1839,1,0.8,6.96,1
1840,1,0.8,7.22,1
1841,1,0.8,6.16,1
1842,1,0.8,5.68,1
1843,1,0.8,6.14,1
1844,1,0.8,7.02,1
1845,1,0.8,7.44,1
1846,1,0.8,6.82,1
1847,1,0.8,7.12,1
1848,1,0.8,6.18,1
1849,1,0.8,7.24,1
1850,1,0.8,7.58,1
1851,1,0.8,7.84,1
1852,1,0.8,7.36,1
1853,1,0.8,6.9,1
1854,1,0.8,6.48,1
1855,1,0.8,7.0,1
1856,1,0.8,7.34,1
1857,1,0.8,6.6,1
1858,1,0.8,6.52,1
1859,1,0.8,7.02,1
1860,1,0.8,7.1,1
1861,1,0.8,7.32,1
1862,1,0.8,7.16,1
1863,1,0.8,6.78,1
1864,1,0.8,6.62,1
1865,1,0.8,7.1,1
1866,1,0.8,8.0,1
1867,1,0.8,8.18,1
1868,1,0.8,6.66,1
1869,1,0.8,6.9,1
1870,1,0.8,6.42,1
1871,1,0.8,6.96,1
1872,1,0.8,7.82,1
1873,1,0.8,7.66,1
1874,1,0.8,6.66,1
1875,1,0.8,7.04,1
1876,1,0.8,6.42,1
1877,1,0.8,7.12,1
1878,1,0.8,7.1,1
1879,1,0.8,7.48,1
1880,1,0.8,7.88,1
1881,1,0.8,6.6,1
1882,1,0.8,7.96,1
1883,1,0.8,7.84,1
1884,1,0.8,7.44,1
1885,1,0.8,8.1,1
1886,1,0.8,6.96,1
1887,1,0.8,6.82,1
1888,1,0.8,6.86,1
1889,1,0.8,7.68,1
1890,1,0.8,7.8,1
1891,1,0.8,5.84,1
1892,1,0.8,6.88,1
1893,1,0.8,6.88,1
1894,1,0.8,7.08,1
1895,1,0.8,7.02,1
1896,1,0.8,7.66,1
1897,1,0.8,7.12,1
1898,1,0.8,7.4,1
1899,1,0.8,7.1,1
1900,1,0.8,6.72,1
1901,1,0.8,6.78,1
1902,1,0.8,7.54,1
1903,1,0.8,7.46,1
1904,1,0.8,7.78,1
1905,1,0.8,7.44,1
1906,1,0.8,6.76,1
1907,1,0.8,6.82,1
1908,1,0.8,7.2,1
1909,1,0.8,7.9,1
1910,1,0.8,7.7,1
1911,1,0.8,7.86,1
1912,1,0.8,7.5,1
1913,1,0.8,6.58,1
1914,1,0.8,6.5,1
1915,1,0.8,6.88,1
1916,1,0.8,6.54,1
1917,1,0.8,7.36,1
1918,1,0.8,7.08,1
1919,1,0.8,7.22,1
1920,1,0.8,6.56,1
1921,1,0.8,7.48,1
1922,1,0.8,7.5,1
1923,1,0.8,7.14,1
1924,1,0.8,6.8,1
1925,1,0.8,6.64,1
1926,1,0.8,7.02,1
1927,1,0.8,6.38,1
1928,1,0.8,7.76,1
1929,1,0.8,6.74,1
1930,1,0.8,7.16,1
1931,1,0.8,7.02,1
1932,1,0.8,6.78,1
1933,1,0.8,6.4,1
1934,1,0.8,7.1,1
1935,1,0.8,7.34,1
1936,1,0.8,6.2,1
1937,1,0.8,7.48,1
1938,1,0.8,7.44,1
1939,1,0.8,8.02,1
1940,1,0.8,7.0,1
1941,1,0.8,6.8,1
1942,1,0.8,6.92,1
1943,1,0.8,6.32,1
1944,1,0.8,6.62,1
1945,1,0.8,6.74,1
1946,1,0.8,7.28,1
1947,1,0.8,7.0,1
1948,1,0.8,7.66,1
1949,1,0.8,6.88,1
1950,1,0.8,6.44,1
1951,1,0.8,7.68,1
1952,1,0.8,6.64,1
1953,1,0.8,7.54,1
1954,1,0.8,6.66,1
1955,1,0.8,6.7,1
1956,1,0.8,7.18,1
1957,1,0.8,7.06,1
1958,1,0.8,6.98,1
1959,1,0.8,6.44,1
1960,1,0.8,6.52,1
1961,1,0.8,6.98,1
1962,1,0.8,7.26,1
1963,1,0.8,7.34,1
1964,1,0.8,6.06,1
1965,1,0.8,6.66,1
1966,1,0.8,6.62,1
1967,1,0.8,7.08,1
1968,1,0.8,7.88,1
1969,1,0.8,7.64,1
1970,1,0.8,7.58,1
1971,1,0.8,6.16,1
1972,1,0.8,7.62,1
1973,1,0.8,6.4,1
1974,1,0.8,7.02,1
1975,1,0.8,7.38,1
1976,1,0.8,6.6,1
1977,1,0.8,6.28,1
1978,1,0.8,6.72,1
1979,1,0.8,7.7,1
1980,1,0.8,7.7,1
1981,1,0.8,6.98,1
1982,1,0.8,7.26,1
1983,1,0.8,8.3,1
1984,1,0.8,8.48,1
1985,1,0.8,6.8,1
1986,1,0.8,7.2,1
1987,1,0.8,8.0,1
1988,1,0.8,7.58,1
1989,1,0.8,7.5,1
1990,1,0.8,7.28,1
1991,1,0.8,7.12,1
1992,1,0.8,7.0,1
1993,1,0.8,6.8,1
1994,1,0.8,7.5,1
1995,1,0.8,7.62,1
1996,1,0.8,7.22,1
1997,1,0.8,7.84,1
1998,1,0.8,6.64,1
1999,1,0.8,6.64,1
2000,1,0.8,7.26,1
0,2,0.8,57.54,44
1,2,0.8,50.28,40
2,2,0.8,44.08,35
3,2,0.8,40.0,34
4,2,0.8,36.62,30
5,2,0.8,33.16,28
6,2,0.8,31.38,26
7,2,0.8,29.52,26
8,2,0.8,28.94,25
9,2,0.8,28.18,22
10,2,0.8,27.4,21
11,2,0.8,24.9,21
12,2,0.8,24.88,21
13,2,0.8,24.36,20
14,2,0.8,23.4,20
15,2,0.8,23.58,16
16,2,0.8,22.36,16
17,2,0.8,19.9,15
18,2,0.8,19.0,15
19,2,0.8,19.54,15
20,2,0.8,19.5,15
21,2,0.8,19.26,15
22,2,0.8,19.22,15
23,2,0.8,19.32,15
24,2,0.8,19.34,15
25,2,0.8,18.3,15
26,2,0.8,18.62,15
27,2,0.8,18.9,15
28,2,0.8,19.26,14
29,2,0.8,19.38,14
30,2,0.8,18.76,14
31,2,0.8,17.82,14
32,2,0.8,18.92,14
33,2,0.8,18.38,14
34,2,0.8,19.58,13
35,2,0.8,17.88,13
36,2,0.8,17.9,13
37,2,0.8,17.74,13
38,2,0.8,17.76,13
39,2,0.8,16.78,13
40,2,0.8,16.9,12
41,2,0.8,17.08,12
42,2,0.8,17.68,12
43,2,0.8,16.3,12
44,2,0.8,16.38,12
45,2,0.8,16.78,12
46,2,0.8,16.28,12
47,2,0.8,16.62,11
48,2,0.8,16.84,11
49,2,0.8,16.12,11
50,2,0.8,14.92,11
51,2,0.8,15.66,11
52,2,0.8,15.22,10
53,2,0.8,15.78,10
54,2,0.8,15.1,9
55,2,0.8,14.06,9
56,2,0.8,13.58,9
57,2,0.8,14.34,9
58,2,0.8,13.2,9
59,2,0.8,12.96,9
60,2,0.8,13.12,9
61,2,0.8,13.22,9
62,2,0.8,13.1,9
63,2,0.8,14.46,9
64,2,0.8,14.94,9
65,2,0.8,13.94,9
66,2,0.8,13.06,8
67,2,0.8,13.48,8
68,2,0.8,13.68,7
69,2,0.8,12.92,7
70,2,0.8,12.24,7
71,2,0.8,12.56,7
72,2,0.8,12.38,7
73,2,0.8,12.56,7
74,2,0.8,13.4,7
75,2,0.8,13.38,7
76,2,0.8,11.66,7
77,2,0.8,12.38,7
78,2,0.8,11.94,7
79,2,0.8,11.58,7
80,2,0.8,12.04,7
81,2,0.8,12.66,7
82,2,0.8,11.34,7
83,2,0.8,11.82,7
84,2,0.8,12.64,7
85,2,0.8,12.2,7
86,2,0.8,12.24,7
87,2,0.8,11.82,7
88,2,0.8,11.54,7
89,2,0.8,13.06,7
90,2,0.8,12.86,7
91,2,0.8,11.96,7
92,2,0.8,13.02,7
93,2,0.8,11.96,7
94,2,0.8,11.42,7
95,2,0.8,11.26,7
96,2,0.8,12.98,7
97,2,0.8,12.34,7
98,2,0.8,13.04,7
99,2,0.8,12.02,7
100,2,0.8,13.12,7
101,2,0.8,12.86,7
102,2,0.8,13.08,7
103,2,0.8,12.74,7
104,2,0.8,12.26,6
105,2,0.8,12.26,6
106,2,0.8,12.12,6
107,2,0.8,11.78,6
108,2,0.8,11.42,6
109,2,0.8,12.28,6
110,2,0.8,11.48,6
111,2,0.8,11.6,6
112,2,0.8,11.14,6
113,2,0.8,11.72,6
114,2,0.8,12.5,6
115,2,0.8,11.06,6
116,2,0.8,12.16,6
117,2,0.8,11.16,6
118,2,0.8,10.88,6
119,2,0.8,10.48,6
120,2,0.8,10.76,6
121,2,0.8,11.18,6
122,2,0.8,10.86,6
123,2,0.8,10.7,6
124,2,0.8,10.64,5
125,2,0.8,11.08,5
126,2,0.8,11.32,5
127,2,0.8,10.66,5
128,2,0.8,10.66,5
129,2,0.8,12.4,5
130,2,0.8,11.7,5
131,2,0.8,12.02,5
132,2,0.8,10.68,5
133,2,0.8,10.76,5
134,2,0.8,11.44,5
135,2,0.8,11.94,5
136,2,0.8,11.24,5
137,2,0.8,11.32,5
138,2,0.8,10.68,5
139,2,0.8,10.62,5
140,2,0.8,10.62,5
141,2,0.8,9.46,5
142,2,0.8,10.64,5
143,2,0.8,11.16,5
144,2,0.8,10.98,5
145,2,0.8,9.48,4
146,2,0.8,8.82,4
147,2,0.8,9.58,4
148,2,0.8,10.08,4
149,2,0.8,9.96,4
150,2,0.8,9.62,4
151,2,0.8,8.9,4
152,2,0.8,9.5,4
153,2,0.8,8.04,4
154,2,0.8,9.52,4
155,2,0.8,10.26,4
156,2,0.8,9.92,4
157,2,0.8,10.1,4
158,2,0.8,10.46,4
159,2,0.8,10.48,3
160,2,0.8,8.68,3
161,2,0.8,9.0,3
162,2,0.8,8.98,3
163,2,0.8,8.9,3
164,2,0.8,8.86,3
165,2,0.8,8.86,3
166,2,0.8,9.84,3
167,2,0.8,8.98,3
168,2,0.8,8.9,3
169,2,0.8,8.56,3
170,2,0.8,10.98,3
171,2,0.8,9.16,3
172,2,0.8,9.66,3
173,2,0.8,9.36,3
174,2,0.8,9.2,3
175,2,0.8,8.9,3
176,2,0.8,8.26,3
177,2,0.8,8.1,3
178,2,0.8,8.36,3
179,2,0.8,9.02,3
180,2,0.8,7.9,3
181,2,0.8,8.54,3
182,2,0.8,8.68,3
183,2,0.8,9.56,3
184,2,0.8,7.92,3
185,2,0.8,9.0,3
186,2,0.8,8.72,3
187,2,0.8,7.72,3
188,2,0.8,8.52,3
189,2,0.8,8.8,3
190,2,0.8,8.84,3
191,2,0.8,9.2,3
192,2,0.8,8.42,3
193,2,0.8,8.68,3
194,2,0.8,9.12,3
195,2,0.8,9.82,3
196,2,0.8,8.42,3
197,2,0.8,9.4,3
198,2,0.8,9.44,3
199,2,0.8,8.22,3
200,2,0.8,8.6,3
201,2,0.8,8.32,3
202,2,0.8,8.54,3
203,2,0.8,8.54,3
204,2,0.8,7.86,3
205,2,0.8,7.44,3
206,2,0.8,9.1,3
207,2,0.8,9.5,3
208,2,0.8,9.16,3
209,2,0.8,7.92,3
210,2,0.8,8.9,3
211,2,0.8,8.46,3
212,2,0.8,8.52,3
213,2,0.8,8.5,3
214,2,0.8,8.54,3
215,2,0.8,7.98,3
216,2,0.8,9.06,3
217,2,0.8,7.74,3
218,2,0.8,7.84,3
219,2,0.8,8.38,3
220,2,0.8,9.34,3
221,2,0.8,9.44,3
222,2,0.8,8.64,3
223,2,0.8,7.98,3
224,2,0.8,9.7,3
225,2,0.8,9.18,3
226,2,0.8,9.42,3
227,2,0.8,8.38,3
228,2,0.8,8.18,3
229,2,0.8,8.9,3
230,2,0.8,9.26,3
231,2,0.8,9.14,3
232,2,0.8,7.96,3
233,2,0.8,7.98,3
234,2,0.8,9.28,3
235,2,0.8,8.04,3
236,2,0.8,8.48,3
237,2,0.8,8.84,3
238,2,0.8,8.36,3
239,2,0.8,8.54,3
240,2,0.8,9.46,3
241,2,0.8,8.96,3
242,2,0.8,9.58,3
243,2,0.8,9.42,3
244,2,0.8,9.0,3
245,2,0.8,8.28,3
246,2,0.8,8.82,3
247,2,0.8,9.32,3
248,2,0.8,8.56,3
249,2,0.8,8.02,3
250,2,0.8,8.3,3
251,2,0.8,7.68,3
252,2,0.8,8.44,3
253,2,0.8,8.42,3
254,2,0.8,9.18,3
255,2,0.8,8.34,3
256,2,0.8,8.34,3
257,2,0.8,9.04,3
258,2,0.8,9.12,3
259,2,0.8,8.8,3
260,2,0.8,9.1,3
261,2,0.8,8.26,3
262,2,0.8,9.42,3
263,2,0.8,9.88,3
264,2,0.8,8.84,3
265,2,0.8,9.82,3
266,2,0.8,9.02,3
267,2,0.8,9.06,3
268,2,0.8,8.7,3
269,2,0.8,8.36,3
270,2,0.8,8.2,3
271,2,0.8,9.0,3
272,2,0.8,8.78,3
273,2,0.8,8.26,3
274,2,0.8,8.78,3
275,2,0.8,8.48,3
276,2,0.8,8.74,3
277,2,0.8,8.88,3
278,2,0.8,8.3,3
279,2,0.8,8.38,3
280,2,0.8,7.8,3
281,2,0.8,9.42,3
282,2,0.8,10.4,3
283,2,0.8,8.68,3
284,2,0.8,8.56,3
285,2,0.8,8.58,3
286,2,0.8,9.4,3
287,2,0.8,9.36,3
288,2,0.8,8.06,3
289,2,0.8,9.04,3
290,2,0.8,7.98,3
291,2,0.8,8.28,3
292,2,0.8,8.98,3
293,2,0.8,9.06,3
294,2,0.8,8.24,3
295,2,0.8,9.26,3
296,2,0.8,8.76,3
297,2,0.8,8.02,3
298,2,0.8,8.86,3
299,2,0.8,8.8,3
300,2,0.8,8.46,3
301,2,0.8,8.4,3
302,2,0.8,8.06,3
303,2,0.8,8.7,3
304,2,0.8,8.46,3
305,2,0.8,8.3,3
306,2,0.8,7.82,3
307,2,0.8,8.54,3
308,2,0.8,9.66,3
309,2,0.8,9.54,3
310,2,0.8,9.08,3
311,2,0.8,7.76,3
312,2,0.8,8.4,3
313,2,0.8,8.96,3
314,2,0.8,8.58,3
315,2,0.8,8.18,3
316,2,0.8,8.9,3
317,2,0.8,8.14,3
318,2,0.8,7.8,3
319,2,0.8,8.1,3
320,2,0.8,9.06,3
321,2,0.8,8.94,3
322,2,0.8,7.96,3
323,2,0.8,8.24,3
324,2,0.8,8.38,3
325,2,0.8,9.2,3
326,2,0.8,9.24,3
327,2,0.8,8.68,3
328,2,0.8,9.38,3
329,2,0.8,8.64,3
330,2,0.8,8.94,3
331,2,0.8,8.88,3
332,2,0.8,8.66,3
333,2,0.8,7.5,3
334,2,0.8,7.98,3
335,2,0.8,8.38,3
336,2,0.8,8.34,3
337,2,0.8,8.68,3
338,2,0.8,9.0,3
339,2,0.8,8.36,3
340,2,0.8,9.12,3
341,2,0.8,8.3,3
342,2,0.8,8.58,3
343,2,0.8,7.94,3
344,2,0.8,8.74,3
345,2,0.8,8.48,3
346,2,0.8,8.3,3
347,2,0.8,9.96,3
348,2,0.8,8.92,3
349,2,0.8,9.34,3
350,2,0.8,9.04,3
351,2,0.8,9.3,3
352,2,0.8,9.38,3
353,2,0.8,7.14,3
354,2,0.8,8.0,3
355,2,0.8,8.54,3
356,2,0.8,7.7,3
357,2,0.8,8.56,3
358,2,0.8,9.26,3
359,2,0.8,8.66,3
360,2,0.8,8.6,3
361,2,0.8,8.62,3
362,2,0.8,8.7,3
363,2,0.8,8.84,3
364,2,0.8,7.76,3
365,2,0.8,8.74,3
366,2,0.8,9.48,3
367,2,0.8,8.86,3
368,2,0.8,8.44,3
369,2,0.8,8.64,3
370,2,0.8,9.68,3
371,2,0.8,8.2,3
372,2,0.8,8.82,3
373,2,0.8,8.1,3
374,2,0.8,7.9,3
375,2,0.8,8.18,3
376,2,0.8,8.82,3
377,2,0.8,8.2,3
378,2,0.8,8.6,3
379,2,0.8,8.94,3
380,2,0.8,8.54,3
381,2,0.8,9.46,3
382,2,0.8,8.86,3
383,2,0.8,9.4,3
384,2,0.8,8.96,3
385,2,0.8,9.2,3
386,2,0.8,9.34,3
387,2,0.8,8.68,3
388,2,0.8,8.02,3
389,2,0.8,8.16,3
390,2,0.8,8.44,3
391,2,0.8,8.32,3
392,2,0.8,9.42,3
393,2,0.8,8.58,3
394,2,0.8,8.82,3
395,2,0.8,8.74,3
396,2,0.8,10.22,3
397,2,0.8,9.68,3
398,2,0.8,8.28,3
399,2,0.8,8.06,3
400,2,0.8,8.88,3
401,2,0.8,8.1,3
402,2,0.8,8.5,3
403,2,0.8,8.16,3
404,2,0.8,8.76,3
405,2,0.8,9.06,3
406,2,0.8,8.9,3
407,2,0.8,9.54,3
408,2,0.8,9.12,3
409,2,0.8,8.38,3
410,2,0.8,8.36,3
411,2,0.8,9.2,3
412,2,0.8,8.66,3
413,2,0.8,8.74,3
414,2,0.8,9.02,3
415,2,0.8,7.78,3
416,2,0.8,9.38,3
417,2,0.8,8.48,3
418,2,0.8,8.16,3
419,2,0.8,9.04,3
420,2,0.8,8.96,3
421,2,0.8,8.7,3
422,2,0.8,8.64,3
423,2,0.8,7.96,3
424,2,0.8,8.54,3
425,2,0.8,9.52,3
426,2,0.8,8.64,3
427,2,0.8,9.0,3
428,2,0.8,10.06,3
429,2,0.8,8.64,3
430,2,0.8,8.94,3
431,2,0.8,8.62,3
432,2,0.8,9.4,3
433,2,0.8,8.88,3
434,2,0.8,9.0,3
435,2,0.8,8.74,3
436,2,0.8,9.4,3
437,2,0.8,9.84,3
438,2,0.8,8.78,3
439,2,0.8,8.42,3
440,2,0.8,8.44,3
441,2,0.8,8.4,3
442,2,0.8,8.74,3
443,2,0.8,8.28,3
444,2,0.8,8.54,3
445,2,0.8,7.98,3
446,2,0.8,8.72,3
447,2,0.8,8.64,3
448,2,0.8,8.26,3
449,2,0.8,8.24,3
450,2,0.8,8.6,3
451,2,0.8,9.5,3
452,2,0.8,9.92,3
453,2,0.8,8.32,3
454,2,0.8,8.58,3
455,2,0.8,9.32,3
456,2,0.8,8.38,3
457,2,0.8,9.18,3
458,2,0.8,9.38,3
459,2,0.8,9.86,3
460,2,0.8,9.3,3
461,2,0.8,7.98,3
462,2,0.8,9.26,3
463,2,0.8,9.04,3
464,2,0.8,8.6,3
465,2,0.8,8.62,3
466,2,0.8,8.76,3
467,2,0.8,8.94,3
468,2,0.8,8.02,3
469,2,0.8,8.74,3
470,2,0.8,9.78,3
471,2,0.8,9.38,3
472,2,0.8,8.48,3
473,2,0.8,8.66,3
474,2,0.8,8.38,3
475,2,0.8,9.5,3
476,2,0.8,8.42,3
477,2,0.8,9.64,3
478,2,0.8,8.52,3
479,2,0.8,9.36,3
480,2,0.8,9.28,3
481,2,0.8,8.66,3
482,2,0.8,7.62,3
483,2,0.8,7.78,3
484,2,0.8,8.34,3
485,2,0.8,8.82,3
486,2,0.8,8.1,3
487,2,0.8,8.3,3
488,2,0.8,8.22,3
489,2,0.8,8.14,3
490,2,0.8,8.76,3
491,2,0.8,8.88,3
492,2,0.8,8.7,3
493,2,0.8,8.34,3
494,2,0.8,8.26,3
495,2,0.8,8.5,3
496,2,0.8,8.72,3
497,2,0.8,8.42,3
498,2,0.8,9.8,3
499,2,0.8,9.0,3
500,2,0.8,9.18,3
501,2,0.8,8.78,3
502,2,0.8,8.04,3
503,2,0.8,8.38,3
504,2,0.8,8.92,3
505,2,0.8,9.18,3
506,2,0.8,8.1,3
507,2,0.8,9.0,3
508,2,0.8,8.76,3
509,2,0.8,7.94,3
510,2,0.8,8.7,3
511,2,0.8,8.56,3
512,2,0.8,8.0,3
513,2,0.8,8.68,3
514,2,0.8,8.38,3
515,2,0.8,7.92,3
516,2,0.8,8.26,3
517,2,0.8,8.86,3
518,2,0.8,8.9,3
519,2,0.8,9.86,3
520,2,0.8,8.5,3
521,2,0.8,7.72,3
522,2,0.8,8.46,3
523,2,0.8,8.86,3
524,2,0.8,8.6,3
525,2,0.8,8.34,3
526,2,0.8,8.72,3
527,2,0.8,8.6,3
528,2,0.8,8.78,3
529,2,0.8,8.18,3
530,2,0.8,10.0,3
531,2,0.8,9.12,3
532,2,0.8,8.7,3
533,2,0.8,9.1,3
534,2,0.8,9.42,3
535,2,0.8,9.8,3
536,2,0.8,10.18,3
537,2,0.8,10.18,3
538,2,0.8,8.36,3
539,2,0.8,8.62,3
540,2,0.8,8.04,3
541,2,0.8,8.26,3
542,2,0.8,8.02,3
543,2,0.8,8.18,3
544,2,0.8,8.26,3
545,2,0.8,8.16,3
546,2,0.8,8.26,3
547,2,0.8,9.16,3
548,2,0.8,8.82,3
549,2,0.8,8.58,3
550,2,0.8,8.46,3
551,2,0.8,8.84,3
552,2,0.8,8.62,3
553,2,0.8,8.74,3
554,2,0.8,8.98,3
555,2,0.8,8.34,3
556,2,0.8,9.44,3
557,2,0.8,9.04,3
558,2,0.8,8.38,3
559,2,0.8,9.2,3
560,2,0.8,9.12,3
561,2,0.8,9.0,3
562,2,0.8,8.62,3
563,2,0.8,8.64,3
564,2,0.8,8.98,3
565,2,0.8,8.68,3
566,2,0.8,8.26,3
567,2,0.8,9.1,3
568,2,0.8,9.2,3
569,2,0.8,8.8,3
570,2,0.8,8.58,3
571,2,0.8,8.26,3
572,2,0.8,9.14,3
573,2,0.8,9.06,3
574,2,0.8,9.06,3
575,2,0.8,9.5,3
576,2,0.8,9.24,3
577,2,0.8,8.62,3
578,2,0.8,9.24,3
579,2,0.8,8.14,3
580,2,0.8,8.36,3
581,2,0.8,8.7,3
582,2,0.8,8.92,3
583,2,0.8,8.6,3
584,2,0.8,8.66,3
585,2,0.8,7.94,3
586,2,0.8,7.52,3
587,2,0.8,8.04,3
588,2,0.8,8.08,3
589,2,0.8,9.12,3
590,2,0.8,9.7,3
591,2,0.8,9.14,3
592,2,0.8,9.18,3
593,2,0.8,8.24,3
594,2,0.8,8.8,3
595,2,0.8,8.48,3
596,2,0.8,8.6,3
597,2,0.8,8.74,3
598,2,0.8,9.02,3
599,2,0.8,8.6,3
600,2,0.8,8.68,3
601,2,0.8,8.12,3
602,2,0.8,8.64,3
603,2,0.8,8.92,3
604,2,0.8,8.1,3
605,2,0.8,8.22,3
606,2,0.8,8.12,3
607,2,0.8,8.78,3
608,2,0.8,8.9,3
609,2,0.8,8.2,3
610,2,0.8,8.54,3
611,2,0.8,7.96,3
612,2,0.8,9.14,3
613,2,0.8,8.84,3
614,2,0.8,9.46,3
615,2,0.8,8.8,3
616,2,0.8,8.6,3
617,2,0.8,9.0,3
618,2,0.8,8.58,3
619,2,0.8,8.96,3
620,2,0.8,9.02,3
621,2,0.8,9.46,3
622,2,0.8,9.46,3
623,2,0.8,8.86,3
624,2,0.8,8.34,3
625,2,0.8,8.48,3
626,2,0.8,7.5,3
627,2,0.8,8.96,3
628,2,0.8,8.7,3
629,2,0.8,8.82,3
630,2,0.8,8.48,3
631,2,0.8,9.26,3
632,2,0.8,8.52,3
633,2,0.8,7.98,3
634,2,0.8,8.64,3
635,2,0.8,7.78,3
636,2,0.8,8.38,3
637,2,0.8,7.94,3
638,2,0.8,8.72,3
639,2,0.8,8.54,3
640,2,0.8,8.3,3
641,2,0.8,7.78,3
642,2,0.8,9.36,3
643,2,0.8,9.08,3
644,2,0.8,9.46,3
645,2,0.8,9.9,3
646,2,0.8,8.94,3
647,2,0.8,8.8,3
648,2,0.8,9.48,3
649,2,0.8,9.44,3
650,2,0.8,8.44,3
651,2,0.8,8.16,3
652,2,0.8,8.94,3
653,2,0.8,9.0,3
654,2,0.8,9.36,3
655,2,0.8,8.4,3
656,2,0.8,8.86,3
657,2,0.8,9.6,3
658,2,0.8,9.84,3
659,2,0.8,8.24,3
660,2,0.8,8.54,3
661,2,0.8,8.66,3
662,2,0.8,8.54,3
663,2,0.8,9.0,3
664,2,0.8,7.5,3
665,2,0.8,9.32,3
666,2,0.8,9.18,3
667,2,0.8,9.7,3
668,2,0.8,9.1,3
669,2,0.8,8.66,3
670,2,0.8,8.02,3
671,2,0.8,8.66,3
672,2,0.8,8.88,3
673,2,0.8,8.42,3
674,2,0.8,8.34,3
675,2,0.8,7.64,3
676,2,0.8,7.8,3
677,2,0.8,8.86,3
678,2,0.8,8.98,3
679,2,0.8,7.86,3
680,2,0.8,8.22,3
681,2,0.8,8.86,3
682,2,0.8,8.64,3
683,2,0.8,8.48,3
684,2,0.8,8.76,3
685,2,0.8,9.14,3
686,2,0.8,8.62,3
687,2,0.8,8.28,3
688,2,0.8,8.26,3
689,2,0.8,8.48,3
690,2,0.8,9.44,3
691,2,0.8,8.9,3
692,2,0.8,8.7,3
693,2,0.8,8.48,3
694,2,0.8,7.9,3
695,2,0.8,9.2,3
696,2,0.8,8.1,3
697,2,0.8,8.52,3
698,2,0.8,8.62,3
699,2,0.8,8.24,3
700,2,0.8,8.5,3
701,2,0.8,9.32,3
702,2,0.8,8.7,3
703,2,0.8,8.86,3
704,2,0.8,9.02,3
705,2,0.8,8.64,3
706,2,0.8,10.18,3
707,2,0.8,8.84,3
708,2,0.8,10.64,3
709,2,0.8,9.28,3
710,2,0.8,8.32,3
711,2,0.8,8.88,3
712,2,0.8,8.36,3
713,2,0.8,8.14,3
714,2,0.8,9.02,3
715,2,0.8,8.14,3
716,2,0.8,9.52,3
717,2,0.8,8.72,3
718,2,0.8,8.64,3
719,2,0.8,9.12,3
720,2,0.8,9.18,3
721,2,0.8,9.24,3
722,2,0.8,9.48,3
723,2,0.8,8.68,3
724,2,0.8,8.96,3
725,2,0.8,9.96,3
726,2,0.8,8.14,3
727,2,0.8,9.34,3
728,2,0.8,9.28,3
729,2,0.8,8.86,3
730,2,0.8,9.1,3
731,2,0.8,9.08,3
732,2,0.8,8.4,3
733,2,0.8,9.24,3
734,2,0.8,9.26,3
735,2,0.8,8.92,3
736,2,0.8,8.86,3
737,2,0.8,8.28,3
738,2,0.8,8.16,3
739,2,0.8,9.34,3
740,2,0.8,9.12,3
741,2,0.8,9.12,3
742,2,0.8,9.1,3
743,2,0.8,8.62,3
744,2,0.8,9.14,3
745,2,0.8,9.04,3
746,2,0.8,7.64,3
747,2,0.8,8.48,3
748,2,0.8,8.5,2
749,2,0.8,8.9,2
750,2,0.8,8.74,2
751,2,0.8,7.9,2
752,2,0.8,7.92,2
753,2,0.8,8.3,2
754,2,0.8,9.12,2
755,2,0.8,8.18,2
756,2,0.8,7.78,2
757,2,0.8,8.24,2
758,2,0.8,7.56,2
759,2,0.8,7.86,2
760,2,0.8,8.38,2
761,2,0.8,7.74,2
762,2,0.8,8.44,2
763,2,0.8,8.14,2
764,2,0.8,6.56,2
765,2,0.8,7.98,2
766,2,0.8,7.7,2
767,2,0.8,7.16,2
768,2,0.8,7.48,2
769,2,0.8,7.72,2
770,2,0.8,7.46,2
771,2,0.8,7.44,2
772,2,0.8,7.42,2
773,2,0.8,7.74,2
774,2,0.8,7.62,2
775,2,0.8,7.52,2
776,2,0.8,8.12,2
777,2,0.8,7.74,2
778,2,0.8,7.6,2
779,2,0.8,7.2,2
780,2,0.8,7.7,2
781,2,0.8,6.78,2
782,2,0.8,7.22,2
783,2,0.8,7.46,2
784,2,0.8,8.22,2
785,2,0.8,7.86,2
786,2,0.8,7.52,2
787,2,0.8,7.56,2
788,2,0.8,6.94,2
789,2,0.8,7.64,2
790,2,0.8,7.44,2
791,2,0.8,7.98,2
792,2,0.8,7.54,2
793,2,0.8,7.22,2
794,2,0.8,7.46,2
795,2,0.8,7.92,2
796,2,0.8,7.1,2
797,2,0.8,7.62,2
798,2,0.8,8.24,2
799,2,0.8,8.68,2
800,2,0.8,8.46,2
801,2,0.8,7.06,2
802,2,0.8,6.96,2
803,2,0.8,7.2,2
804,2,0.8,7.84,2
805,2,0.8,8.14,2
806,2,0.8,8.5,2
807,2,0.8,7.98,2
808,2,0.8,7.0,2
809,2,0.8,7.18,2
810,2,0.8,6.82,2
811,2,0.8,7.36,2
812,2,0.8,7.92,2
813,2,0.8,8.38,2
814,2,0.8,8.36,2
815,2,0.8,7.38,2
816,2,0.8,7.76,2
817,2,0.8,7.58,2
818,2,0.8,7.48,2
819,2,0.8,7.6,2
820,2,0.8,9.08,2
821,2,0.8,7.6,2
822,2,0.8,7.62,2
823,2,0.8,8.32,2
824,2,0.8,7.46,2
825,2,0.8,8.14,2
826,2,0.8,8.54,2
827,2,0.8,8.18,2
828,2,0.8,8.2,2
829,2,0.8,8.66,2
830,2,0.8,8.2,2
831,2,0.8,7.84,2
832,2,0.8,8.58,2
833,2,0.8,8.24,2
834,2,0.8,7.44,2
835,2,0.8,8.32,2
836,2,0.8,8.06,2
837,2,0.8,7.62,2
838,2,0.8,8.54,2
839,2,0.8,8.88,2
840,2,0.8,8.14,2
841,2,0.8,7.72,2
842,2,0.8,8.42,2
843,2,0.8,8.24,2
844,2,0.8,7.66,2
845,2,0.8,7.78,2
846,2,0.8,7.62,2
847,2,0.8,6.66,2
848,2,0.8,8.08,2
849,2,0.8,8.36,2
850,2,0.8,8.38,2
851,2,0.8,8.58,2
852,2,0.8,8.16,2
853,2,0.8,7.82,2
854,2,0.8,7.46,2
855,2,0.8,6.36,2
856,2,0.8,6.98,2
857,2,0.8,7.4,2
858,2,0.8,8.72,2
859,2,0.8,8.84,2
860,2,0.8,8.04,2
861,2,0.8,8.4,2
862,2,0.8,8.56,2
863,2,0.8,7.92,2
864,2,0.8,7.38,2
865,2,0.8,7.32,2
866,2,0.8,8.76,2
867,2,0.8,8.68,2
868,2,0.8,7.66,2
869,2,0.8,8.9,2
870,2,0.8,8.92,2
871,2,0.8,8.8,2
872,2,0.8,9.0,2
873,2,0.8,8.8,2
874,2,0.8,7.98,2
875,2,0.8,7.5,2
876,2,0.8,7.46,2
877,2,0.8,7.92,2
878,2,0.8,7.84,2
879,2,0.8,7.0,2
880,2,0.8,7.86,2
881,2,0.8,8.22,2
882,2,0.8,7.62,2
883,2,0.8,7.88,2
884,2,0.8,7.36,2
885,2,0.8,7.78,2
886,2,0.8,7.78,2
887,2,0.8,7.86,2
888,2,0.8,8.16,2
889,2,0.8,8.54,2
890,2,0.8,8.72,2
891,2,0.8,8.6,2
892,2,0.8,7.54,2
893,2,0.8,7.16,2
894,2,0.8,8.14,2
895,2,0.8,7.2,2
896,2,0.8,7.26,2
897,2,0.8,7.54,2
898,2,0.8,7.68,2
899,2,0.8,8.0,2
900,2,0.8,7.92,2
901,2,0.8,7.08,2
902,2,0.8,8.94,2
903,2,0.8,7.7,2
904,2,0.8,7.52,2
905,2,0.8,7.72,2
906,2,0.8,7.76,2
907,2,0.8,7.88,2
908,2,0.8,7.12,2
909,2,0.8,7.62,2
910,2,0.8,8.5,2
911,2,0.8,8.1,2
912,2,0.8,8.04,2
913,2,0.8,7.98,2
914,2,0.8,8.46,2
915,2,0.8,9.54,2
916,2,0.8,7.82,2
917,2,0.8,7.92,2
918,2,0.8,8.18,2
919,2,0.8,7.86,2
920,2,0.8,8.36,2
921,2,0.8,7.56,2
922,2,0.8,8.3,2
923,2,0.8,7.64,2
924,2,0.8,7.88,2
925,2,0.8,7.82,2
926,2,0.8,7.68,2
927,2,0.8,7.38,2
928,2,0.8,7.72,2
929,2,0.8,9.32,2
930,2,0.8,7.92,2
931,2,0.8,7.68,2
932,2,0.8,7.6,2
933,2,0.8,8.12,2
934,2,0.8,8.5,2
935,2,0.8,7.64,2
936,2,0.8,8.3,2
937,2,0.8,7.38,2
938,2,0.8,8.34,2
939,2,0.8,7.7,2
940,2,0.8,7.82,2
941,2,0.8,7.82,2
942,2,0.8,8.1,2
943,2,0.8,7.76,2
944,2,0.8,7.9,2
945,2,0.8,7.46,2
946,2,0.8,7.88,2
947,2,0.8,7.3,2
948,2,0.8,7.48,2
949,2,0.8,7.18,2
950,2,0.8,6.46,2
951,2,0.8,8.06,2
952,2,0.8,7.9,2
953,2,0.8,7.96,2
954,2,0.8,7.18,2
955,2,0.8,7.58,2
956,2,0.8,8.0,2
957,2,0.8,8.42,2
958,2,0.8,8.16,2
959,2,0.8,7.88,2
960,2,0.8,8.14,2
961,2,0.8,7.92,2
962,2,0.8,7.4,2
963,2,0.8,7.9,2
964,2,0.8,7.46,2
965,2,0.8,8.48,2
966,2,0.8,8.72,2
967,2,0.8,8.02,2
968,2,0.8,7.94,2
969,2,0.8,8.08,2
970,2,0.8,8.3,2
971,2,0.8,9.06,2
972,2,0.8,7.14,2
973,2,0.8,7.8,2
974,2,0.8,8.44,2
975,2,0.8,9.42,2
976,2,0.8,8.12,2
977,2,0.8,8.36,2
978,2,0.8,7.8,2
979,2,0.8,9.24,2
980,2,0.8,7.5,2
981,2,0.8,7.98,2
982,2,0.8,7.74,2
983,2,0.8,7.62,2
984,2,0.8,7.96,2
985,2,0.8,7.76,2
986,2,0.8,8.36,2
987,2,0.8,8.26,2
988,2,0.8,7.3,2
989,2,0.8,7.5,2
990,2,0.8,7.66,2
991,2,0.8,7.32,2
992,2,0.8,7.4,2
993,2,0.8,7.62,2
994,2,0.8,7.98,2
995,2,0.8,7.02,2
996,2,0.8,7.42,2
997,2,0.8,8.18,2
998,2,0.8,7.92,2
999,2,0.8,7.82,2
1000,2,0.8,8.04,2
1001,2,0.8,7.78,2
1002,2,0.8,7.56,2
1003,2,0.8,6.5,2
1004,2,0.8,7.38,2
1005,2,0.8,7.58,2
1006,2,0.8,8.0,2
1007,2,0.8,7.38,2
1008,2,0.8,8.22,2
1009,2,0.8,8.18,2
1010,2,0.8,8.52,2
1011,2,0.8,7.88,2
1012,2,0.8,7.84,2
1013,2,0.8,8.54,2
1014,2,0.8,7.82,2
1015,2,0.8,6.66,2
1016,2,0.8,6.7,2
1017,2,0.8,8.32,2
1018,2,0.8,7.94,2
1019,2,0.8,7.2,2
1020,2,0.8,7.36,2
1021,2,0.8,7.7,2
1022,2,0.8,8.44,2
1023,2,0.8,7.46,2
1024,2,0.8,6.84,2
1025,2,0.8,7.5,2
1026,2,0.8,6.86,2
1027,2,0.8,7.92,2
1028,2,0.8,7.9,2
1029,2,0.8,8.4,2
1030,2,0.8,8.8,2
1031,2,0.8,8.84,2
1032,2,0.8,7.1,2
1033,2,0.8,8.08,2
1034,2,0.8,8.84,2
1035,2,0.8,8.52,2
1036,2,0.8,7.88,2
1037,2,0.8,8.02,2
1038,2,0.8,7.5,2
1039,2,0.8,9.18,2
1040,2,0.8,7.72,2
1041,2,0.8,6.08,2
1042,2,0.8,7.48,2
1043,2,0.8,7.62,2
1044,2,0.8,7.7,2
1045,2,0.8,8.56,2
1046,2,0.8,7.66,2
1047,2,0.8,8.94,2
1048,2,0.8,8.8,2
1049,2,0.8,7.58,2
1050,2,0.8,7.94,2
1051,2,0.8,7.9,2
1052,2,0.8,7.66,2
1053,2,0.8,8.5,2
1054,2,0.8,8.54,2
1055,2,0.8,8.42,2
1056,2,0.8,8.24,2
1057,2,0.8,7.82,2
1058,2,0.8,7.32,2
1059,2,0.8,7.18,2
1060,2,0.8,8.4,2
1061,2,0.8,9.48,2
1062,2,0.8,8.26,2
1063,2,0.8,8.42,2
1064,2,0.8,8.52,2
1065,2,0.8,7.98,2
1066,2,0.8,8.22,2
1067,2,0.8,8.1,2
1068,2,0.8,7.56,2
1069,2,0.8,7.64,2
1070,2,0.8,7.66,2
1071,2,0.8,6.68,2
1072,2,0.8,7.32,2
1073,2,0.8,7.98,2
1074,2,0.8,7.7,2
1075,2,0.8,8.02,2
1076,2,0.8,7.66,2
1077,2,0.8,7.56,2
1078,2,0.8,7.16,2
1079,2,0.8,7.1,2
1080,2,0.8,6.98,2
1081,2,0.8,7.98,1
1082,2,0.8,6.94,1
1083,2,0.8,7.72,1
1084,2,0.8,7.16,1
1085,2,0.8,5.62,1
1086,2,0.8,7.02,1
1087,2,0.8,7.38,1
1088,2,0.8,7.14,1
1089,2,0.8,7.44,1
1090,2,0.8,6.98,1
1091,2,0.8,6.36,1
1092,2,0.8,7.26,1
1093,2,0.8,7.88,1
1094,2,0.8,7.12,1
1095,2,0.8,6.94,1
1096,2,0.8,7.04,1
1097,2,0.8,6.42,1
1098,2,0.8,6.32,1
1099,2,0.8,7.68,1
1100,2,0.8,7.16,1
1101,2,0.8,7.06,1
1102,2,0.8,6.7,1
1103,2,0.8,6.3,1
1104,2,0.8,6.96,1
1105,2,0.8,7.02,1
1106,2,0.8,6.08,1
1107,2,0.8,6.84,1
1108,2,0.8,6.9,1
1109,2,0.8,7.52,1
1110,2,0.8,6.94,1
1111,2,0.8,6.76,1
1112,2,0.8,6.02,1
1113,2,0.8,6.62,1
1114,2,0.8,6.2,1
1115,2,0.8,7.92,1
1116,2,0.8,7.58,1
1117,2,0.8,7.52,1
1118,2,0.8,7.2,1
1119,2,0.8,7.72,1
1120,2,0.8,7.18,1
1121,2,0.8,7.0,1
1122,2,0.8,6.5,1
1123,2,0.8,6.9,1
1124,2,0.8,6.8,1
1125,2,0.8,6.34,1
1126,2,0.8,7.58,1
1127,2,0.8,7.86,1
1128,2,0.8,7.2,1
1129,2,0.8,7.82,1
1130,2,0.8,7.56,1
1131,2,0.8,7.12,1
1132,2,0.8,7.0,1
1133,2,0.8,7.3,1
1134,2,0.8,6.98,1
1135,2,0.8,7.0,1
1136,2,0.8,7.52,1
1137,2,0.8,7.02,1
1138,2,0.8,6.7,1
1139,2,0.8,6.5,1
1140,2,0.8,6.82,1
1141,2,0.8,7.06,1
1142,2,0.8,6.92,1
1143,2,0.8,7.18,1
1144,2,0.8,7.46,1
1145,2,0.8,7.36,1
1146,2,0.8,6.1,1
1147,2,0.8,6.68,1
1148,2,0.8,5.82,1
1149,2,0.8,6.7,1
1150,2,0.8,6.76,1
1151,2,0.8,7.6,1
1152,2,0.8,6.54,1
1153,2,0.8,6.48,1
1154,2,0.8,6.46,1
1155,2,0.8,6.04,1
1156,2,0.8,7.28,1
1157,2,0.8,6.78,1
1158,2,0.8,6.3,1
1159,2,0.8,6.06,1
1160,2,0.8,5.92,1
1161,2,0.8,6.94,1
1162,2,0.8,7.44,1
1163,2,0.8,8.12,1
1164,2,0.8,8.82,1
1165,2,0.8,6.88,1
1166,2,0.8,7.9,1
1167,2,0.8,7.28,1
1168,2,0.8,6.78,1
1169,2,0.8,6.76,1
1170,2,0.8,6.62,1
1171,2,0.8,7.16,1
1172,2,0.8,6.88,1
1173,2,0.8,7.48,1
1174,2,0.8,7.02,1
1175,2,0.8,7.0,1
1176,2,0.8,7.06,1
1177,2,0.8,7.42,1
1178,2,0.8,7.16,1
1179,2,0.8,7.82,1
1180,2,0.8,6.88,1
1181,2,0.8,6.54,1
1182,2,0.8,6.92,1
1183,2,0.8,7.54,1
1184,2,0.8,6.4,1
1185,2,0.8,7.22,1
1186,2,0.8,6.0,1
1187,2,0.8,6.92,1
1188,2,0.8,7.22,1
1189,2,0.8,6.5,1
1190,2,0.8,6.36,1
1191,2,0.8,7.12,1
1192,2,0.8,7.36,1
1193,2,0.8,7.48,1
1194,2,0.8,7.38,1
1195,2,0.8,7.44,1
1196,2,0.8,7.22,1
1197,2,0.8,6.18,1
1198,2,0.8,6.98,1
1199,2,0.8,7.9,1
1200,2,0.8,6.84,1
1201,2,0.8,7.6,1
1202,2,0.8,6.94,1
1203,2,0.8,6.98,1
1204,2,0.8,6.7,1
1205,2,0.8,7.16,1
1206,2,0.8,6.72,1
1207,2,0.8,6.68,1
1208,2,0.8,7.42,1
1209,2,0.8,7.16,1
1210,2,0.8,6.28,1
1211,2,0.8,7.48,1
1212,2,0.8,6.82,1
1213,2,0.8,6.3,1
1214,2,0.8,6.78,1
1215,2,0.8,6.44,1
1216,2,0.8,6.96,1
1217,2,0.8,5.86,1
1218,2,0.8,6.64,1
1219,2,0.8,6.36,1
1220,2,0.8,7.32,1
1221,2,0.8,6.92,1
1222,2,0.8,7.16,1
1223,2,0.8,6.04,1
1224,2,0.8,7.34,1
1225,2,0.8,7.2,1
1226,2,0.8,7.16,1
1227,2,0.8,7.12,1
1228,2,0.8,6.46,1
1229,2,0.8,6.34,1
1230,2,0.8,7.6,1
1231,2,0.8,6.7,1
1232,2,0.8,6.48,1
1233,2,0.8,6.12,1
1234,2,0.8,6.96,1
1235,2,0.8,7.26,1
1236,2,0.8,7.12,1
1237,2,0.8,7.22,1
1238,2,0.8,5.7,1
1239,2,0.8,6.18,1
1240,2,0.8,6.88,1
1241,2,0.8,7.98,1
1242,2,0.8,6.86,1
1243,2,0.8,7.84,1
1244,2,0.8,7.02,1
1245,2,0.8,7.76,1
1246,2,0.8,6.36,1
1247,2,0.8,7.24,1
1248,2,0.8,6.8,1
1249,2,0.8,7.06,1
1250,2,0.8,7.14,1
1251,2,0.8,6.12,1
1252,2,0.8,7.28,1
1253,2,0.8,8.2,1
1254,2,0.8,6.34,1
1255,2,0.8,7.58,1
1256,2,0.8,6.04,1
1257,2,0.8,6.62,1
1258,2,0.8,6.96,1
1259,2,0.8,6.78,1
1260,2,0.8,6.48,1
1261,2,0.8,6.92,1
1262,2,0.8,6.18,1
1263,2,0.8,7.92,1
1264,2,0.8,5.88,1
1265,2,0.8,7.1,1
1266,2,0.8,6.04,1
1267,2,0.8,7.0,1
1268,2,0.8,8.72,1
1269,2,0.8,8.24,1
1270,2,0.8,8.62,1
1271,2,0.8,7.04,1
1272,2,0.8,7.18,1
1273,2,0.8,7.2,1
1274,2,0.8,7.44,1
1275,2,0.8,7.1,1
1276,2,0.8,7.16,1
1277,2,0.8,7.32,1
1278,2,0.8,7.16,1
1279,2,0.8,8.2,1
1280,2,0.8,6.98,1
1281,2,0.8,7.0,1
1282,2,0.8,7.22,1
1283,2,0.8,6.0,1
1284,2,0.8,6.72,1
1285,2,0.8,7.3,1
1286,2,0.8,6.3,1
1287,2,0.8,7.46,1
1288,2,0.8,6.78,1
1289,2,0.8,6.7,1
1290,2,0.8,7.1,1
1291,2,0.8,7.54,1
1292,2,0.8,7.4,1
1293,2,0.8,6.24,1
1294,2,0.8,6.56,1
1295,2,0.8,5.66,1
1296,2,0.8,6.16,1
1297,2,0.8,6.72,1
1298,2,0.8,7.5,1
1299,2,0.8,8.2,1
1300,2,0.8,7.04,1
1301,2,0.8,7.1,1
1302,2,0.8,7.44,1
1303,2,0.8,7.56,1
1304,2,0.8,7.72,1
1305,2,0.8,7.4,1
1306,2,0.8,5.92,1
1307,2,0.8,6.0,1
1308,2,0.8,5.84,1
1309,2,0.8,6.76,1
1310,2,0.8,7.78,1
1311,2,0.8,6.56,1
1312,2,0.8,6.74,1
1313,2,0.8,6.46,1
1314,2,0.8,6.64,1
1315,2,0.8,5.74,1
1316,2,0.8,6.32,1
1317,2,0.8,5.58,1
1318,2,0.8,6.52,1
1319,2,0.8,7.18,1
1320,2,0.8,8.3,1
1321,2,0.8,7.22,1
1322,2,0.8,7.44,1
1323,2,0.8,7.42,1
1324,2,0.8,7.24,1
1325,2,0.8,7.84,1
1326,2,0.8,7.06,1
1327,2,0.8,7.08,1
1328,2,0.8,7.04,1
1329,2,0.8,7.28,1
1330,2,0.8,7.12,1
1331,2,0.8,7.9,1
1332,2,0.8,7.42,1
1333,2,0.8,8.48,1
1334,2,0.8,7.82,1
1335,2,0.8,6.9,1
1336,2,0.8,7.72,1
1337,2,0.8,7.74,1
1338,2,0.8,7.04,1
1339,2,0.8,6.46,1
1340,2,0.8,7.34,1
1341,2,0.8,6.98,1
1342,2,0.8,7.26,1
1343,2,0.8,7.5,1
1344,2,0.8,7.92,1
1345,2,0.8,8.18,1
1346,2,0.8,7.06,1
1347,2,0.8,7.66,1
1348,2,0.8,7.18,1
1349,2,0.8,6.78,1
1350,2,0.8,7.82,1
1351,2,0.8,6.62,1
1352,2,0.8,7.16,1
1353,2,0.8,6.8,1
1354,2,0.8,6.48,1
1355,2,0.8,7.02,1
1356,2,0.8,6.28,1
1357,2,0.8,7.06,1
1358,2,0.8,6.6,1
1359,2,0.8,6.62,1
1360,2,0.8,7.48,1
1361,2,0.8,7.1,1
1362,2,0.8,6.12,1
1363,2,0.8,6.04,1
1364,2,0.8,6.84,1
1365,2,0.8,6.88,1
1366,2,0.8,6.08,1
1367,2,0.8,8.1,1
1368,2,0.8,7.18,1
1369,2,0.8,7.6,1
1370,2,0.8,7.3,1
1371,2,0.8,6.76,1
1372,2,0.8,6.8,1
1373,2,0.8,6.16,1
1374,2,0.8,6.6,1
1375,2,0.8,6.56,1
1376,2,0.8,7.3,1
1377,2,0.8,6.88,1
1378,2,0.8,7.64,1
1379,2,0.8,6.12,1
1380,2,0.8,6.14,1
1381,2,0.8,5.96,1
1382,2,0.8,7.2,1
1383,2,0.8,5.38,1
1384,2,0.8,6.64,1
1385,2,0.8,7.26,1
1386,2,0.8,7.06,1
1387,2,0.8,7.52,1
1388,2,0.8,6.84,1
1389,2,0.8,7.34,1
1390,2,0.8,7.24,1
1391,2,0.8,7.56,1
1392,2,0.8,7.56,1
1393,2,0.8,8.16,1
1394,2,0.8,7.78,1
1395,2,0.8,7.4,1
1396,2,0.8,6.66,1
1397,2,0.8,6.78,1
1398,2,0.8,6.9,1
1399,2,0.8,6.7,1
1400,2,0.8,7.34,1
1401,2,0.8,6.86,1
1402,2,0.8,6.96,1
1403,2,0.8,7.08,1
1404,2,0.8,6.74,1
1405,2,0.8,7.2,1
1406,2,0.8,7.62,1
1407,2,0.8,6.64,1
1408,2,0.8,6.78,1
1409,2,0.8,7.64,1
1410,2,0.8,7.8,1
1411,2,0.8,7.42,1
1412,2,0.8,6.92,1
1413,2,0.8,7.0,1
1414,2,0.8,6.28,1
1415,2,0.8,6.18,1
1416,2,0.8,6.4,1
1417,2,0.8,6.68,1
1418,2,0.8,6.78,1
1419,2,0.8,6.36,1
1420,2,0.8,6.38,1
1421,2,0.8,7.06,1
1422,2,0.8,6.96,1
1423,2,0.8,8.28,1
1424,2,0.8,7.52,1
1425,2,0.8,6.48,1
1426,2,0.8,7.4,1
1427,2,0.8,6.84,1
1428,2,0.8,7.36,1
1429,2,0.8,6.48,1
1430,2,0.8,7.06,1
1431,2,0.8,7.56,1
1432,2,0.8,6.0,1
1433,2,0.8,7.14,1
1434,2,0.8,6.46,1
1435,2,0.8,5.76,1
1436,2,0.8,6.08,1
1437,2,0.8,6.64,1
1438,2,0.8,7.34,1
1439,2,0.8,7.22,1
1440,2,0.8,7.56,1
1441,2,0.8,7.74,1
1442,2,0.8,7.98,1
1443,2,0.8,7.94,1
1444,2,0.8,6.94,1
1445,2,0.8,7.2,1
1446,2,0.8,6.58,1
1447,2,0.8,7.24,1
1448,2,0.8,7.08,1
1449,2,0.8,6.68,1
1450,2,0.8,7.52,1
1451,2,0.8,7.38,1
1452,2,0.8,6.6,1
1453,2,0.8,7.5,1
1454,2,0.8,7.16,1
1455,2,0.8,7.14,1
1456,2,0.8,6.62,1
1457,2,0.8,7.22,1
1458,2,0.8,7.04,1
1459,2,0.8,6.42,1
1460,2,0.8,6.04,1
1461,2,0.8,5.74,1
1462,2,0.8,6.98,1
1463,2,0.8,7.36,1
1464,2,0.8,6.66,1
1465,2,0.8,6.58,1
1466,2,0.8,7.24,1
1467,2,0.8,6.6,1
1468,2,0.8,7.12,1
1469,2,0.8,6.94,1
1470,2,0.8,5.9,1
1471,2,0.8,6.74,1
1472,2,0.8,7.44,1
1473,2,0.8,7.26,1
1474,2,0.8,7.54,1
1475,2,0.8,6.62,1
1476,2,0.8,7.52,1
1477,2,0.8,7.8,1
1478,2,0.8,7.36,1
1479,2,0.8,6.02,1
1480,2,0.8,7.24,1
1481,2,0.8,7.4,1
1482,2,0.8,8.42,1
1483,2,0.8,7.34,1
1484,2,0.8,7.3,1
1485,2,0.8,6.96,1
1486,2,0.8,6.98,1
1487,2,0.8,7.2,1
1488,2,0.8,7.36,1
1489,2,0.8,6.1,1
1490,2,0.8,7.34,1
1491,2,0.8,7.26,1
1492,2,0.8,7.44,1
1493,2,0.8,6.58,1
1494,2,0.8,7.46,1
1495,2,0.8,6.74,1
1496,2,0.8,6.44,1
1497,2,0.8,6.76,1
1498,2,0.8,7.3,1
1499,2,0.8,6.36,1
1500,2,0.8,6.66,1
1501,2,0.8,6.46,1
1502,2,0.8,6.84,1
1503,2,0.8,6.9,1
1504,2,0.8,7.38,1
1505,2,0.8,7.7,1
1506,2,0.8,6.04,1
1507,2,0.8,6.52,1
1508,2,0.8,6.4,1
1509,2,0.8,7.58,1
1510,2,0.8,6.9,1
1511,2,0.8,5.96,1
1512,2,0.8,6.94,1
1513,2,0.8,7.5,1
1514,2,0.8,7.18,1
1515,2,0.8,7.84,1
1516,2,0.8,6.86,1
1517,2,0.8,7.22,1
1518,2,0.8,6.7,1
1519,2,0.8,7.56,1
1520,2,0.8,6.72,1
1521,2,0.8,7.36,1
1522,2,0.8,7.52,1
1523,2,0.8,6.6,1
1524,2,0.8,7.06,1
1525,2,0.8,7.18,1
1526,2,0.8,7.74,1
1527,2,0.8,7.5,1
1528,2,0.8,6.6,1
1529,2,0.8,7.76,1
1530,2,0.8,7.12,1
1531,2,0.8,7.36,1
1532,2,0.8,7.4,1
1533,2,0.8,7.62,1
1534,2,0.8,6.38,1
1535,2,0.8,6.6,1
1536,2,0.8,6.38,1
1537,2,0.8,6.8,1
1538,2,0.8,6.3,1
1539,2,0.8,7.46,1
1540,2,0.8,7.26,1
1541,2,0.8,7.78,1
1542,2,0.8,8.42,1
1543,2,0.8,7.26,1
1544,2,0.8,7.1,1
1545,2,0.8,7.22,1
1546,2,0.8,6.54,1
1547,2,0.8,6.02,1
1548,2,0.8,6.14,1
1549,2,0.8,6.24,1
1550,2,0.8,6.48,1
1551,2,0.8,7.16,1
1552,2,0.8,7.6,1
1553,2,0.8,7.16,1
1554,2,0.8,7.66,1
1555,2,0.8,6.42,1
1556,2,0.8,6.54,1
1557,2,0.8,6.86,1
1558,2,0.8,6.72,1
1559,2,0.8,8.3,1
1560,2,0.8,7.78,1
1561,2,0.8,7.34,1
1562,2,0.8,7.86,1
1563,2,0.8,7.52,1
1564,2,0.8,7.54,1
1565,2,0.8,7.86,1
1566,2,0.8,6.9,1
1567,2,0.8,7.66,1
1568,2,0.8,7.08,1
1569,2,0.8,6.7,1
1570,2,0.8,6.14,1
1571,2,0.8,5.8,1
1572,2,0.8,6.64,1
1573,2,0.8,7.98,1
1574,2,0.8,7.54,1
1575,2,0.8,7.54,1
1576,2,0.8,7.22,1
1577,2,0.8,7.62,1
1578,2,0.8,6.82,1
1579,2,0.8,7.6,1
1580,2,0.8,6.58,1
1581,2,0.8,6.8,1
1582,2,0.8,6.6,1
1583,2,0.8,6.28,1
1584,2,0.8,7.48,1
1585,2,0.8,6.82,1
1586,2,0.8,6.86,1
1587,2,0.8,7.3,1
1588,2,0.8,6.96,1
1589,2,0.8,6.96,1
1590,2,0.8,7.58,1
1591,2,0.8,7.18,1
1592,2,0.8,6.0,1
1593,2,0.8,7.74,1
1594,2,0.8,6.24,1
1595,2,0.8,6.74,1
1596,2,0.8,7.54,1
1597,2,0.8,6.94,1
1598,2,0.8,7.2,1
1599,2,0.8,7.64,1
1600,2,0.8,8.04,1
1601,2,0.8,6.82,1
1602,2,0.8,7.0,1
1603,2,0.8,7.04,1
1604,2,0.8,7.0,1
1605,2,0.8,6.32,1
1606,2,0.8,6.98,1
1607,2,0.8,6.68,1
1608,2,0.8,6.76,1
1609,2,0.8,7.3,1
1610,2,0.8,6.44,1
1611,2,0.8,7.14,1
1612,2,0.8,6.38,1
1613,2,0.8,7.44,1
1614,2,0.8,6.92,1
1615,2,0.8,5.84,1
1616,2,0.8,6.04,1
1617,2,0.8,7.4,1
1618,2,0.8,8.4,1
1619,2,0.8,7.32,1
1620,2,0.8,7.02,1
1621,2,0.8,7.24,1
1622,2,0.8,6.42,1
1623,2,0.8,7.3,1
1624,2,0.8,7.44,1
1625,2,0.8,6.98,1
1626,2,0.8,7.4,1
1627,2,0.8,5.9,1
1628,2,0.8,7.08,1
1629,2,0.8,6.48,1
1630,2,0.8,6.96,1
1631,2,0.8,6.92,1
1632,2,0.8,6.22,1
1633,2,0.8,7.6,1
1634,2,0.8,7.6,1
1635,2,0.8,7.68,1
1636,2,0.8,7.78,1
1637,2,0.8,7.72,1
1638,2,0.8,7.96,1
1639,2,0.8,5.9,1
1640,2,0.8,7.06,1
1641,2,0.8,7.08,1
1642,2,0.8,6.24,1
1643,2,0.8,6.72,1
1644,2,0.8,6.72,1
1645,2,0.8,7.06,1
1646,2,0.8,8.28,1
1647,2,0.8,6.92,1
1648,2,0.8,7.26,1
1649,2,0.8,7.68,1
1650,2,0.8,5.96,1
1651,2,0.8,6.82,1
1652,2,0.8,6.84,1
1653,2,0.8,7.5,1
1654,2,0.8,6.42,1
1655,2,0.8,6.78,1
1656,2,0.8,6.68,1
1657,2,0.8,7.2,1
1658,2,0.8,7.22,1
1659,2,0.8,5.18,1
1660,2,0.8,6.18,1
1661,2,0.8,6.68,1
1662,2,0.8,7.1,1
1663,2,0.8,6.82,1
1664,2,0.8,6.82,1
1665,2,0.8,6.2,1
1666,2,0.8,6.28,1
1667,2,0.8,7.46,1
1668,2,0.8,6.58,1
1669,2,0.8,6.94,1
1670,2,0.8,6.92,1
1671,2,0.8,7.34,1
1672,2,0.8,7.3,1
1673,2,0.8,7.32,1
1674,2,0.8,7.16,1
1675,2,0.8,6.44,1
1676,2,0.8,6.96,1
1677,2,0.8,7.7,1
1678,2,0.8,7.28,1
1679,2,0.8,7.12,1
1680,2,0.8,6.86,1
1681,2,0.8,6.82,1
1682,2,0.8,7.78,1
1683,2,0.8,6.96,1
1684,2,0.8,8.36,1
1685,2,0.8,7.06,1
1686,2,0.8,7.18,1
1687,2,0.8,6.98,1
1688,2,0.8,6.6,1
1689,2,0.8,6.98,1
1690,2,0.8,6.64,1
1691,2,0.8,7.34,1
1692,2,0.8,7.34,1
1693,2,0.8,7.6,1
1694,2,0.8,6.52,1
1695,2,0.8,7.06,1
1696,2,0.8,7.26,1
1697,2,0.8,8.32,1
1698,2,0.8,6.5,1
1699,2,0.8,5.64,1
1700,2,0.8,7.04,1
1701,2,0.8,6.88,1
1702,2,0.8,6.34,1
1703,2,0.8,6.8,1
1704,2,0.8,6.74,1
1705,2,0.8,6.86,1
1706,2,0.8,7.04,1
1707,2,0.8,7.38,1
1708,2,0.8,6.8,1
1709,2,0.8,7.36,1
1710,2,0.8,6.62,1
1711,2,0.8,7.28,1
1712,2,0.8,7.12,1
1713,2,0.8,7.5,1
1714,2,0.8,6.32,1
1715,2,0.8,6.46,1
1716,2,0.8,7.66,1
1717,2,0.8,7.16,1
1718,2,0.8,7.0,1
1719,2,0.8,7.68,1
1720,2,0.8,6.68,1
1721,2,0.8,6.24,1
1722,2,0.8,7.58,1
1723,2,0.8,7.32,1
1724,2,0.8,7.36,1
1725,2,0.8,6.64,1
1726,2,0.8,6.58,1
1727,2,0.8,7.1,1
1728,2,0.8,6.66,1
1729,2,0.8,6.06,1
1730,2,0.8,6.76,1
1731,2,0.8,6.76,1
1732,2,0.8,6.88,1
1733,2,0.8,7.08,1
1734,2,0.8,7.66,1
1735,2,0.8,7.1,1
1736,2,0.8,6.12,1
1737,2,0.8,6.96,1
1738,2,0.8,6.66,1
1739,2,0.8,7.78,1
1740,2,0.8,6.36,1
1741,2,0.8,7.34,1
1742,2,0.8,7.38,1
1743,2,0.8,7.16,1
1744,2,0.8,7.14,1
1745,2,0.8,6.84,1
1746,2,0.8,6.84,1
1747,2,0.8,6.16,1
1748,2,0.8,7.8,1
1749,2,0.8,7.92,1
1750,2,0.8,7.74,1
1751,2,0.8,7.68,1
1752,2,0.8,7.3,1
1753,2,0.8,7.38,1
1754,2,0.8,7.46,1
1755,2,0.8,7.62,1
1756,2,0.8,7.14,1
1757,2,0.8,6.9,1
1758,2,0.8,6.6,1
1759,2,0.8,7.26,1
1760,2,0.8,6.82,1
1761,2,0.8,6.98,1
1762,2,0.8,7.52,1
1763,2,0.8,7.58,1
1764,2,0.8,7.22,1
1765,2,0.8,6.9,1
1766,2,0.8,6.54,1
1767,2,0.8,6.1,1
1768,2,0.8,6.44,1
1769,2,0.8,6.88,1
1770,2,0.8,6.38,1
1771,2,0.8,7.62,1
1772,2,0.8,5.96,1
1773,2,0.8,6.98,1
1774,2,0.8,8.1,1
1775,2,0.8,6.72,1
1776,2,0.8,7.04,1
1777,2,0.8,8.08,1
1778,2,0.8,7.44,1
1779,2,0.8,7.52,1
1780,2,0.8,6.56,1
1781,2,0.8,7.06,1
1782,2,0.8,6.66,1
1783,2,0.8,8.14,1
1784,2,0.8,7.18,1
1785,2,0.8,7.3,1
1786,2,0.8,7.22,1
1787,2,0.8,7.34,1
1788,2,0.8,7.18,1
1789,2,0.8,7.34,1
1790,2,0.8,6.5,1
1791,2,0.8,6.42,1
1792,2,0.8,7.02,1
1793,2,0.8,5.9,1
1794,2,0.8,6.98,1
1795,2,0.8,6.76,1
1796,2,0.8,5.78,1
1797,2,0.8,6.14,1
1798,2,0.8,6.96,1
1799,2,0.8,7.64,1
1800,2,0.8,7.98,1
1801,2,0.8,7.72,1
1802,2,0.8,7.12,1
1803,2,0.8,7.46,1
1804,2,0.8,6.58,1
1805,2,0.8,6.88,1
1806,2,0.8,6.92,1
1807,2,0.8,7.8,1
1808,2,0.8,7.8,1
1809,2,0.8,6.54,1
1810,2,0.8,6.86,1
1811,2,0.8,7.56,1
1812,2,0.8,7.84,1
1813,2,0.8,6.44,1
1814,2,0.8,7.58,1
1815,2,0.8,8.06,1
1816,2,0.8,7.46,1
1817,2,0.8,6.38,1
1818,2,0.8,7.44,1
1819,2,0.8,7.5,1
1820,2,0.8,7.12,1
1821,2,0.8,8.24,1
1822,2,0.8,7.1,1
1823,2,0.8,7.74,1
1824,2,0.8,6.52,1
1825,2,0.8,7.08,1
1826,2,0.8,7.56,1
1827,2,0.8,7.04,1
1828,2,0.8,7.12,1
1829,2,0.8,8.22,1
1830,2,0.8,6.98,1
1831,2,0.8,7.5,1
1832,2,0.8,6.86,1
1833,2,0.8,6.24,1
1834,2,0.8,6.86,1
1835,2,0.8,6.6,1
1836,2,0.8,7.0,1
1837,2,0.8,6.48,1
1838,2,0.8,6.6,1
1839,2,0.8,6.92,1
1840,2,0.8,6.76,1
1841,2,0.8,7.68,1
1842,2,0.8,7.74,1
1843,2,0.8,7.3,1
1844,2,0.8,8.32,1
1845,2,0.8,7.56,1
1846,2,0.8,7.74,1
1847,2,0.8,7.22,1
1848,2,0.8,6.94,1
1849,2,0.8,6.56,1
1850,2,0.8,8.08,1
1851,2,0.8,7.2,1
1852,2,0.8,6.74,1
1853,2,0.8,7.0,1
1854,2,0.8,8.02,1
1855,2,0.8,6.72,1
1856,2,0.8,8.18,1
1857,2,0.8,8.16,1
1858,2,0.8,6.74,1
1859,2,0.8,7.04,1
1860,2,0.8,6.84,1
1861,2,0.8,7.0,1
1862,2,0.8,5.92,1
1863,2,0.8,6.62,1
1864,2,0.8,7.44,1
1865,2,0.8,7.28,1
1866,2,0.8,7.46,1
1867,2,0.8,7.82,1
1868,2,0.8,7.68,1
1869,2,0.8,7.0,1
1870,2,0.8,7.44,1
1871,2,0.8,7.34,1
1872,2,0.8,7.46,1
1873,2,0.8,6.58,1
1874,2,0.8,6.34,1
1875,2,0.8,6.18,1
1876,2,0.8,6.7,1
1877,2,0.8,7.2,1
1878,2,0.8,7.02,1
1879,2,0.8,6.0,1
1880,2,0.8,7.34,1
1881,2,0.8,6.5,1
1882,2,0.8,6.5,1
1883,2,0.8,7.58,1
1884,2,0.8,7.54,1
1885,2,0.8,7.94,1
1886,2,0.8,6.82,1
1887,2,0.8,7.5,1
1888,2,0.8,7.76,1
1889,2,0.8,8.38,1
1890,2,0.8,7.16,1
1891,2,0.8,6.68,1
1892,2,0.8,7.3,1
1893,2,0.8,7.36,1
1894,2,0.8,7.24,1
1895,2,0.8,7.2,1
1896,2,0.8,7.12,1
1897,2,0.8,6.82,1
1898,2,0.8,6.86,1
1899,2,0.8,6.68,1
1900,2,0.8,5.82,1
1901,2,0.8,7.06,1
1902,2,0.8,6.96,1
1903,2,0.8,7.18,1
1904,2,0.8,6.76,1
1905,2,0.8,7.0,1
1906,2,0.8,6.84,1
1907,2,0.8,6.72,1
1908,2,0.8,6.7,1
1909,2,0.8,6.28,1
1910,2,0.8,6.7,1
1911,2,0.8,7.28,1
1912,2,0.8,6.4,1
1913,2,0.8,7.18,1
1914,2,0.8,6.14,1
1915,2,0.8,8.06,1
1916,2,0.8,7.36,1
1917,2,0.8,7.1,1
1918,2,0.8,7.54,1
1919,2,0.8,7.82,1
1920,2,0.8,7.66,1
1921,2,0.8,7.44,1
1922,2,0.8,7.78,1
1923,2,0.8,6.9,1
1924,2,0.8,6.6,1
1925,2,0.8,6.94,1
1926,2,0.8,6.28,1
1927,2,0.8,7.78,1
1928,2,0.8,8.36,1
1929,2,0.8,7.9,1
1930,2,0.8,7.76,1
1931,2,0.8,6.98,1
1932,2,0.8,7.1,1
1933,2,0.8,6.9,1
1934,2,0.8,5.64,1
1935,2,0.8,6.22,1
1936,2,0.8,6.98,1
1937,2,0.8,6.88,1
1938,2,0.8,5.86,1
1939,2,0.8,6.46,1
1940,2,0.8,8.46,1
1941,2,0.8,7.7,1
1942,2,0.8,7.3,1
1943,2,0.8,8.5,1
1944,2,0.8,7.5,1
1945,2,0.8,6.82,1
1946,2,0.8,6.1,1
1947,2,0.8,5.7,1
1948,2,0.8,6.66,1
1949,2,0.8,7.02,1
1950,2,0.8,7.82,1
1951,2,0.8,6.54,1
1952,2,0.8,7.28,1
1953,2,0.8,6.44,1
1954,2,0.8,7.2,1
1955,2,0.8,7.92,1
1956,2,0.8,7.78,1
1957,2,0.8,6.84,1
1958,2,0.8,8.62,1
1959,2,0.8,8.18,1
1960,2,0.8,8.12,1
1961,2,0.8,8.48,1
1962,2,0.8,6.24,1
1963,2,0.8,7.38,1
1964,2,0.8,7.38,1
1965,2,0.8,6.7,1
1966,2,0.8,7.82,1
1967,2,0.8,7.16,1
1968,2,0.8,7.0,1
1969,2,0.8,7.3,1
1970,2,0.8,7.02,1
1971,2,0.8,6.56,1
1972,2,0.8,7.06,1
1973,2,0.8,7.7,1
1974,2,0.8,6.7,1
1975,2,0.8,6.46,1
1976,2,0.8,6.36,1
1977,2,0.8,6.78,1
1978,2,0.8,7.02,1
1979,2,0.8,6.84,1
1980,2,0.8,6.38,1
1981,2,0.8,7.06,1
1982,2,0.8,6.58,1
1983,2,0.8,6.52,1
1984,2,0.8,7.18,1
1985,2,0.8,7.56,1
1986,2,0.8,8.06,1
1987,2,0.8,6.68,1
1988,2,0.8,6.8,1
1989,2,0.8,6.36,1
1990,2,0.8,6.46,1
1991,2,0.8,6.9,1
1992,2,0.8,7.92,1
1993,2,0.8,6.62,1
1994,2,0.8,6.64,1
1995,2,0.8,7.26,1
1996,2,0.8,7.52,1
1997,2,0.8,7.7,1
1998,2,0.8,7.56,1
1999,2,0.8,7.02,1
2000,2,0.8,6.94,1
0,3,0.8,58.3,45
1,3,0.8,50.12,41
2,3,0.8,45.28,38
3,3,0.8,41.26,34
4,3,0.8,37.3,31
5,3,0.8,34.42,28
6,3,0.8,31.18,27
7,3,0.8,30.44,26
8,3,0.8,29.94,24
9,3,0.8,28.28,22
10,3,0.8,26.24,21
11,3,0.8,24.94,21
12,3,0.8,24.46,20
13,3,0.8,24.18,19
14,3,0.8,23.06,19
15,3,0.8,21.92,18
16,3,0.8,21.7,17
17,3,0.8,21.04,17
18,3,0.8,20.6,17
19,3,0.8,20.94,15
20,3,0.8,21.16,15
21,3,0.8,19.74,14
22,3,0.8,19.14,13
23,3,0.8,18.2,13
24,3,0.8,18.0,13
25,3,0.8,18.1,12
26,3,0.8,16.74,12
27,3,0.8,16.44,12
28,3,0.8,16.3,12
29,3,0.8,16.38,12
30,3,0.8,16.08,12
31,3,0.8,16.08,12
32,3,0.8,16.66,11
33,3,0.8,15.82,11
34,3,0.8,16.04,11
35,3,0.8,15.06,11
36,3,0.8,15.16,10
37,3,0.8,14.94,10
38,3,0.8,15.62,10
39,3,0.8,15.82,10
40,3,0.8,14.26,10
41,3,0.8,15.18,9
42,3,0.8,13.92,9
43,3,0.8,14.18,9
44,3,0.8,13.3,9
45,3,0.8,12.8,8
46,3,0.8,12.92,8
47,3,0.8,13.64,8
48,3,0.8,13.76,8
49,3,0.8,13.6,8
50,3,0.8,13.2,8
51,3,0.8,13.28,8
52,3,0.8,13.76,8
53,3,0.8,13.12,8
54,3,0.8,12.44,8
55,3,0.8,12.98,8
56,3,0.8,13.08,8
57,3,0.8,12.94,8
58,3,0.8,13.64,8
59,3,0.8,13.56,8
60,3,0.8,13.32,8
61,3,0.8,13.16,8
62,3,0.8,12.8,8
63,3,0.8,12.36,8
64,3,0.8,12.74,8
65,3,0.8,12.32,8
66,3,0.8,13.2,8
67,3,0.8,13.24,8
68,3,0.8,13.28,8
69,3,0.8,13.7,8
70,3,0.8,13.94,8
71,3,0.8,12.74,8
72,3,0.8,12.82,8
73,3,0.8,13.14,8
74,3,0.8,13.4,8
75,3,0.8,13.58,8
76,3,0.8,12.82,8
77,3,0.8,12.54,8
78,3,0.8,13.1,7
79,3,0.8,11.98,7
80,3,0.8,11.82,7
81,3,0.8,11.94,7
82,3,0.8,12.34,5
83,3,0.8,11.18,5
84,3,0.8,10.8,5
85,3,0.8,11.48,5
86,3,0.8,10.66,5
87,3,0.8,11.0,5
88,3,0.8,10.06,5
89,3,0.8,11.14,5
90,3,0.8,10.24,5
91,3,0.8,10.48,5
92,3,0.8,10.5,5
93,3,0.8,10.82,5
94,3,0.8,11.06,5
95,3,0.8,10.12,5
96,3,0.8,9.4,5
97,3,0.8,10.68,5
98,3,0.8,9.88,5
99,3,0.8,9.94,5
100,3,0.8,10.1,5
101,3,0.8,10.76,5
102,3,0.8,11.56,5
103,3,0.8,10.54,5
104,3,0.8,10.6,5
105,3,0.8,10.26,5
106,3,0.8,10.14,5
107,3,0.8,11.14,5
108,3,0.8,9.62,5
109,3,0.8,10.98,5
110,3,0.8,9.98,5
111,3,0.8,10.06,5
112,3,0.8,10.44,5
113,3,0.8,10.28,5
114,3,0.8,11.0,5
115,3,0.8,10.76,5
116,3,0.8,10.48,5
117,3,0.8,10.62,5
118,3,0.8,10.3,5
119,3,0.8,9.46,5
120,3,0.8,10.82,5
121,3,0.8,11.16,5
122,3,0.8,10.56,5
123,3,0.8,10.56,5
124,3,0.8,11.62,5
125,3,0.8,10.78,5
126,3,0.8,12.28,5
127,3,0.8,10.74,4
128,3,0.8,9.42,4
129,3,0.8,10.3,4
130,3,0.8,9.16,4
131,3,0.8,9.84,4
132,3,0.8,9.48,4
133,3,0.8,9.66,4
134,3,0.8,10.24,4
135,3,0.8,9.64,4
136,3,0.8,9.32,4
137,3,0.8,10.42,4
138,3,0.8,8.84,4
139,3,0.8,8.92,4
140,3,0.8,9.56,4
141,3,0.8,8.84,4
142,3,0.8,9.0,4
143,3,0.8,9.06,4
144,3,0.8,9.92,4
145,3,0.8,9.3,4
146,3,0.8,9.74,4
147,3,0.8,9.22,4
148,3,0.8,10.28,4
149,3,0.8,9.12,4
150,3,0.8,10.24,4
151,3,0.8,10.04,4
152,3,0.8,9.9,4
153,3,0.8,9.32,4
154,3,0.8,9.26,4
155,3,0.8,8.88,3
156,3,0.8,8.24,3
157,3,0.8,8.84,3
158,3,0.8,9.18,3
159,3,0.8,9.1,3
160,3,0.8,8.42,3
161,3,0.8,8.46,3
162,3,0.8,9.28,3
163,3,0.8,9.9,3
164,3,0.8,9.32,3
165,3,0.8,9.22,3
166,3,0.8,9.3,3
167,3,0.8,9.22,3
168,3,0.8,9.36,3
169,3,0.8,9.16,3
170,3,0.8,9.32,3
171,3,0.8,7.46,3
172,3,0.8,8.84,3
173,3,0.8,8.14,3
174,3,0.8,8.48,3
175,3,0.8,7.56,3
176,3,0.8,8.52,3
177,3,0.8,9.0,3
178,3,0.8,9.28,3
179,3,0.8,8.5,3
180,3,0.8,9.04,3
181,3,0.8,7.98,3
182,3,0.8,8.98,3
183,3,0.8,9.46,3
184,3,0.8,8.52,3
185,3,0.8,8.76,3
186,3,0.8,8.94,3
187,3,0.8,8.8,3
188,3,0.8,8.88,3
189,3,0.8,8.56,3
190,3,0.8,8.02,3
191,3,0.8,8.6,3
192,3,0.8,9.1,3
193,3,0.8,7.7,3
194,3,0.8,7.98,3
195,3,0.8,8.64,3
196,3,0.8,9.14,3
197,3,0.8,8.8,3
198,3,0.8,8.74,3
199,3,0.8,8.28,3
200,3,0.8,9.52,3
201,3,0.8,8.76,3
202,3,0.8,8.02,3
203,3,0.8,8.44,3
204,3,0.8,7.74,3
205,3,0.8,8.3,3
206,3,0.8,8.14,3
207,3,0.8,9.26,3
208,3,0.8,9.02,3
209,3,0.8,8.68,3
210,3,0.8,9.2,3
211,3,0.8,9.24,3
212,3,0.8,8.44,3
213,3,0.8,8.86,3
214,3,0.8,9.2,3
215,3,0.8,8.52,3
216,3,0.8,8.94,3
217,3,0.8,8.72,3
218,3,0.8,8.86,3
219,3,0.8,8.82,3
220,3,0.8,8.86,3
221,3,0.8,7.94,3
222,3,0.8,9.58,3
223,3,0.8,9.06,3
224,3,0.8,8.96,3
225,3,0.8,8.3,3
226,3,0.8,8.08,3
227,3,0.8,8.62,3
228,3,0.8,8.32,2
229,3,0.8,8.48,2
230,3,0.8,7.5,2
231,3,0.8,7.64,2
232,3,0.8,7.54,2
233,3,0.8,7.24,2
234,3,0.8,8.54,2
235,3,0.8,8.06,2
236,3,0.8,8.44,2
237,3,0.8,8.22,2
238,3,0.8,8.1,2
239,3,0.8,8.16,1
240,3,0.8,7.7,1
241,3,0.8,7.26,1
242,3,0.8,7.26,1
243,3,0.8,6.58,1
244,3,0.8,7.02,1
245,3,0.8,8.16,1
246,3,0.8,7.6,1
247,3,0.8,6.7,1
248,3,0.8,8.22,1
249,3,0.8,7.96,1
250,3,0.8,6.42,1
251,3,0.8,6.52,1
252,3,0.8,6.86,1
253,3,0.8,7.58,1
254,3,0.8,7.26,1
255,3,0.8,7.06,1
256,3,0.8,7.36,1
257,3,0.8,5.88,1
258,3,0.8,7.46,1
259,3,0.8,6.42,1
260,3,0.8,5.9,1
261,3,0.8,7.78,1
262,3,0.8,8.0,1
263,3,0.8,7.02,1
264,3,0.8,6.58,1
265,3,0.8,7.56,1
266,3,0.8,6.9,1
267,3,0.8,6.54,1
268,3,0.8,6.4,1
269,3,0.8,6.68,1
270,3,0.8,7.06,1
271,3,0.8,6.9,1
272,3,0.8,7.22,1
273,3,0.8,7.28,1
274,3,0.8,7.88,1
275,3,0.8,7.32,1
276,3,0.8,7.74,1
277,3,0.8,7.02,1
278,3,0.8,7.04,1
279,3,0.8,6.26,1
280,3,0.8,7.02,1
281,3,0.8,7.74,1
282,3,0.8,7.54,1
283,3,0.8,7.76,1
284,3,0.8,6.8,1
285,3,0.8,7.5,1
286,3,0.8,7.54,1
287,3,0.8,7.7,1
288,3,0.8,8.2,1
289,3,0.8,8.2,1
290,3,0.8,6.78,1
291,3,0.8,6.5,1
292,3,0.8,6.86,1
293,3,0.8,7.2,1
294,3,0.8,7.74,1
295,3,0.8,6.96,1
296,3,0.8,6.9,1
297,3,0.8,6.26,1
298,3,0.8,5.9,1
299,3,0.8,6.72,1
300,3,0.8,6.26,1
301,3,0.8,6.4,1
302,3,0.8,7.0,1
303,3,0.8,7.16,1
304,3,0.8,6.84,1
305,3,0.8,6.68,1
306,3,0.8,5.7,1
307,3,0.8,6.28,1
308,3,0.8,6.76,1
309,3,0.8,7.6,1
310,3,0.8,7.16,1
311,3,0.8,8.34,1
312,3,0.8,6.8,1
313,3,0.8,8.26,1
314,3,0.8,7.46,1
315,3,0.8,7.2,1
316,3,0.8,7.6,1
317,3,0.8,7.48,1
318,3,0.8,6.26,1
319,3,0.8,7.5,1
320,3,0.8,7.84,1
321,3,0.8,7.36,1
322,3,0.8,7.9,1
323,3,0.8,6.44,1
324,3,0.8,6.16,1
325,3,0.8,6.74,1
326,3,0.8,7.26,1
327,3,0.8,7.9,1
328,3,0.8,7.62,1
329,3,0.8,7.2,1
330,3,0.8,6.54,1
331,3,0.8,6.72,1
332,3,0.8,7.04,1
333,3,0.8,6.3,1
334,3,0.8,5.86,1
335,3,0.8,5.74,1
336,3,0.8,7.44,1
337,3,0.8,6.48,1
338,3,0.8,7.24,1
339,3,0.8,6.76,1
340,3,0.8,7.04,1
341,3,0.8,6.94,1
342,3,0.8,7.56,1
343,3,0.8,7.4,1
344,3,0.8,6.32,1
345,3,0.8,6.14,1
346,3,0.8,7.14,1
347,3,0.8,6.12,1
348,3,0.8,6.36,1
349,3,0.8,7.0,1
350,3,0.8,6.22,1
351,3,0.8,6.68,1
352,3,0.8,7.24,1
353,3,0.8,7.76,1
354,3,0.8,7.54,1
355,3,0.8,7.18,1
356,3,0.8,7.04,1
357,3,0.8,6.42,1
358,3,0.8,6.96,1
359,3,0.8,7.4,1
360,3,0.8,8.04,1
361,3,0.8,7.66,1
362,3,0.8,8.28,1
363,3,0.8,8.16,1
364,3,0.8,6.72,1
365,3,0.8,7.52,1
366,3,0.8,6.4,1
367,3,0.8,5.56,1
368,3,0.8,6.72,1
369,3,0.8,6.6,1
370,3,0.8,7.38,1
371,3,0.8,6.34,1
372,3,0.8,7.18,1
373,3,0.8,7.72,1
374,3,0.8,8.22,1
375,3,0.8,8.1,1
376,3,0.8,7.32,1
377,3,0.8,6.68,1
378,3,0.8,7.02,1
379,3,0.8,6.92,1
380,3,0.8,6.54,1
381,3,0.8,7.42,1
382,3,0.8,7.5,1
383,3,0.8,7.96,1
384,3,0.8,7.4,1
385,3,0.8,6.96,1
386,3,0.8,6.86,1
387,3,0.8,7.96,1
388,3,0.8,7.36,1
389,3,0.8,7.52,1
390,3,0.8,7.06,1
391,3,0.8,7.82,1
392,3,0.8,6.76,1
393,3,0.8,7.0,1
394,3,0.8,7.8,1
395,3,0.8,6.58,1
396,3,0.8,6.7,1
397,3,0.8,6.88,1
398,3,0.8,7.42,1
399,3,0.8,6.94,1
400,3,0.8,8.3,1
401,3,0.8,7.86,1
402,3,0.8,5.72,1
403,3,0.8,6.6,1
404,3,0.8,8.08,1
405,3,0.8,8.46,1
406,3,0.8,6.78,1
407,3,0.8,7.18,1
408,3,0.8,5.94,1
409,3,0.8,7.2,1
410,3,0.8,6.82,1
411,3,0.8,5.54,1
412,3,0.8,6.2,1
413,3,0.8,7.74,1
414,3,0.8,8.18,1
415,3,0.8,7.94,1
416,3,0.8,8.54,1
417,3,0.8,6.42,1
418,3,0.8,6.54,1
419,3,0.8,7.5,1
420,3,0.8,6.84,1
421,3,0.8,6.44,1
422,3,0.8,7.06,1
423,3,0.8,6.94,1
424,3,0.8,6.78,1
425,3,0.8,7.48,1
426,3,0.8,6.32,1
427,3,0.8,7.24,1
428,3,0.8,6.8,1
429,3,0.8,6.1,1
430,3,0.8,7.12,1
431,3,0.8,7.9,1
432,3,0.8,7.14,1
433,3,0.8,7.42,1
434,3,0.8,7.64,1
435,3,0.8,6.12,1
436,3,0.8,6.62,1
437,3,0.8,8.06,1
438,3,0.8,7.2,1
439,3,0.8,7.86,1
440,3,0.8,7.08,1
441,3,0.8,7.14,1
442,3,0.8,7.24,1
443,3,0.8,6.72,1
444,3,0.8,6.26,1
445,3,0.8,8.0,1
446,3,0.8,7.18,1
447,3,0.8,6.8,1
448,3,0.8,7.22,1
449,3,0.8,6.48,1
450,3,0.8,6.86,1
451,3,0.8,7.34,1
452,3,0.8,7.96,1
453,3,0.8,8.8,1
454,3,0.8,7.84,1
455,3,0.8,7.38,1
456,3,0.8,7.74,1
457,3,0.8,7.34,1
458,3,0.8,8.46,1
459,3,0.8,8.26,1
460,3,0.8,8.2,1
461,3,0.8,7.72,1
462,3,0.8,7.02,1
463,3,0.8,6.9,1
464,3,0.8,7.88,1
465,3,0.8,6.02,1
466,3,0.8,6.08,1
467,3,0.8,6.72,1
468,3,0.8,7.16,1
469,3,0.8,6.1,1
470,3,0.8,7.98,1
471,3,0.8,7.06,1
472,3,0.8,6.38,1
473,3,0.8,7.68,1
474,3,0.8,7.3,1
475,3,0.8,7.42,1
476,3,0.8,6.82,1
477,3,0.8,7.34,1
478,3,0.8,6.92,1
479,3,0.8,7.7,1
480,3,0.8,7.24,1
481,3,0.8,7.4,1
482,3,0.8,6.9,1
483,3,0.8,7.36,1
484,3,0.8,8.0,1
485,3,0.8,7.0,1
486,3,0.8,6.44,1
487,3,0.8,6.68,1
488,3,0.8,7.38,1
489,3,0.8,7.24,1
490,3,0.8,6.92,1
491,3,0.8,6.28,1
492,3,0.8,6.88,1
493,3,0.8,7.78,1
494,3,0.8,7.22,1
495,3,0.8,7.46,1
496,3,0.8,4.98,1
497,3,0.8,6.36,1
498,3,0.8,5.94,1
499,3,0.8,6.72,1
500,3,0.8,6.28,1
501,3,0.8,6.56,1
502,3,0.8,7.06,1
503,3,0.8,6.2,1
504,3,0.8,6.48,1
505,3,0.8,7.54,1
506,3,0.8,7.6,1
507,3,0.8,7.46,1
508,3,0.8,6.5,1
509,3,0.8,7.04,1
510,3,0.8,6.16,1
511,3,0.8,6.06,1
512,3,0.8,5.98,1
513,3,0.8,7.2,1
514,3,0.8,6.52,1
515,3,0.8,6.24,1
516,3,0.8,6.6,1
517,3,0.8,6.74,1
518,3,0.8,7.52,1
519,3,0.8,6.78,1
520,3,0.8,7.04,1
521,3,0.8,7.36,1
522,3,0.8,7.44,1
523,3,0.8,7.78,1
524,3,0.8,7.36,1
525,3,0.8,5.94,1
526,3,0.8,6.64,1
527,3,0.8,7.86,1
528,3,0.8,7.66,1
529,3,0.8,7.7,1
530,3,0.8,6.96,1
531,3,0.8,7.52,1
532,3,0.8,7.22,1
533,3,0.8,7.72,1
534,3,0.8,7.72,1
535,3,0.8,7.2,1
536,3,0.8,7.12,1
537,3,0.8,6.54,1
538,3,0.8,6.66,1
539,3,0.8,6.88,1
540,3,0.8,7.44,1
541,3,0.8,7.02,1
542,3,0.8,6.8,1
543,3,0.8,6.64,1
544,3,0.8,6.62,1
545,3,0.8,6.54,1
546,3,0.8,6.62,1
547,3,0.8,7.04,1
548,3,0.8,7.2,1
549,3,0.8,7.38,1
550,3,0.8,7.84,1
551,3,0.8,7.3,1
552,3,0.8,6.5,1
553,3,0.8,6.42,1
554,3,0.8,6.46,1
555,3,0.8,6.24,1
556,3,0.8,6.3,1
557,3,0.8,7.1,1
558,3,0.8,7.8,1
559,3,0.8,6.6,1
560,3,0.8,7.36,1
561,3,0.8,7.16,1
562,3,0.8,6.24,1
563,3,0.8,6.18,1
564,3,0.8,6.94,1
565,3,0.8,6.58,1
566,3,0.8,7.26,1
567,3,0.8,7.32,1
568,3,0.8,7.1,1
569,3,0.8,7.4,1
570,3,0.8,6.74,1
571,3,0.8,6.8,1
572,3,0.8,7.04,1
573,3,0.8,7.34,1
574,3,0.8,6.78,1
575,3,0.8,7.28,1
576,3,0.8,7.0,1
577,3,0.8,6.92,1
578,3,0.8,7.56,1
579,3,0.8,7.74,1
580,3,0.8,7.2,1
581,3,0.8,6.54,1
582,3,0.8,6.22,1
583,3,0.8,6.72,1
584,3,0.8,6.68,1
585,3,0.8,7.16,1
586,3,0.8,7.4,1
587,3,0.8,7.1,1
588,3,0.8,6.88,1
589,3,0.8,7.26,1
590,3,0.8,7.7,1
591,3,0.8,7.14,1
592,3,0.8,7.98,1
593,3,0.8,6.84,1
594,3,0.8,7.66,1
595,3,0.8,7.28,1
596,3,0.8,7.52,1
597,3,0.8,7.46,1
598,3,0.8,8.12,1
599,3,0.8,8.14,1
600,3,0.8,7.04,1
601,3,0.8,6.78,1
602,3,0.8,7.38,1
603,3,0.8,7.12,1
604,3,0.8,5.7,1
605,3,0.8,5.66,1
606,3,0.8,7.2,1
607,3,0.8,7.1,1
608,3,0.8,7.32,1
609,3,0.8,6.96,1
610,3,0.8,6.24,1
611,3,0.8,6.02,1
612,3,0.8,6.7,1
613,3,0.8,7.04,1
614,3,0.8,7.96,1
615,3,0.8,6.98,1
616,3,0.8,7.14,1
617,3,0.8,7.16,1
618,3,0.8,6.4,1
619,3,0.8,6.68,1
620,3,0.8,6.96,1
621,3,0.8,6.88,1
622,3,0.8,7.46,1
623,3,0.8,8.04,1
624,3,0.8,7.42,1
625,3,0.8,6.54,1
626,3,0.8,7.4,1
627,3,0.8,6.46,1
628,3,0.8,6.68,1
629,3,0.8,7.42,1
630,3,0.8,6.58,1
631,3,0.8,6.52,1
632,3,0.8,7.18,1
633,3,0.8,7.06,1
634,3,0.8,6.68,1
635,3,0.8,7.4,1
636,3,0.8,6.78,1
637,3,0.8,7.44,1
638,3,0.8,7.14,1
639,3,0.8,6.86,1
640,3,0.8,6.46,1
641,3,0.8,7.54,1
642,3,0.8,6.32,1
643,3,0.8,6.28,1
644,3,0.8,6.88,1
645,3,0.8,7.2,1
646,3,0.8,6.78,1
647,3,0.8,6.42,1
648,3,0.8,5.5,1
649,3,0.8,7.08,1
650,3,0.8,6.74,1
651,3,0.8,7.42,1
652,3,0.8,6.9,1
653,3,0.8,6.9,1
654,3,0.8,6.64,1
655,3,0.8,7.54,1
656,3,0.8,8.1,1
657,3,0.8,6.82,1
658,3,0.8,6.36,1
659,3,0.8,7.44,1
660,3,0.8,7.28,1
661,3,0.8,7.2,1
662,3,0.8,6.78,1
663,3,0.8,7.06,1
664,3,0.8,7.36,1
665,3,0.8,7.22,1
666,3,0.8,7.7,1
667,3,0.8,7.78,1
668,3,0.8,7.54,1
669,3,0.8,7.44,1
670,3,0.8,7.26,1
671,3,0.8,7.64,1
672,3,0.8,6.9,1
673,3,0.8,6.24,1
674,3,0.8,6.56,1
675,3,0.8,6.66,1
676,3,0.8,6.9,1
677,3,0.8,6.82,1
678,3,0.8,6.98,1
679,3,0.8,6.6,1
680,3,0.8,6.22,1
681,3,0.8,7.48,1
682,3,0.8,6.06,1
683,3,0.8,6.58,1
684,3,0.8,7.72,1
685,3,0.8,6.92,1
686,3,0.8,7.12,1
687,3,0.8,7.84,1
688,3,0.8,7.98,1
689,3,0.8,7.82,1
690,3,0.8,6.96,1
691,3,0.8,7.1,1
692,3,0.8,6.08,1
693,3,0.8,6.14,1
694,3,0.8,6.86,1
695,3,0.8,6.54,1
696,3,0.8,6.94,1
697,3,0.8,7.7,1
698,3,0.8,7.68,1
699,3,0.8,7.74,1
700,3,0.8,8.42,1
701,3,0.8,6.28,1
702,3,0.8,6.56,1
703,3,0.8,6.4,1
704,3,0.8,7.68,1
705,3,0.8,6.66,1
706,3,0.8,6.48,1
707,3,0.8,7.48,1
708,3,0.8,7.96,1
709,3,0.8,7.28,1
710,3,0.8,7.98,1
711,3,0.8,7.08,1
712,3,0.8,6.6,1
713,3,0.8,6.66,1
714,3,0.8,6.2,1
715,3,0.8,6.76,1
716,3,0.8,5.5,1
717,3,0.8,6.44,1
718,3,0.8,6.78,1
719,3,0.8,7.06,1
720,3,0.8,8.26,1
721,3,0.8,7.1,1
722,3,0.8,7.7,1
723,3,0.8,7.24,1
724,3,0.8,7.24,1
725,3,0.8,7.32,1
726,3,0.8,7.42,1
727,3,0.8,7.28,1
728,3,0.8,7.22,1
729,3,0.8,7.6,1
730,3,0.8,7.04,1
731,3,0.8,6.5,1
732,3,0.8,6.3,1
733,3,0.8,6.68,1
734,3,0.8,6.96,1
735,3,0.8,6.56,1
736,3,0.8,6.8,1
737,3,0.8,6.68,1
738,3,0.8,7.16,1
739,3,0.8,7.38,1
740,3,0.8,6.82,1
741,3,0.8,6.62,1
742,3,0.8,7.2,1
743,3,0.8,6.88,1
744,3,0.8,6.94,1
745,3,0.8,6.5,1
746,3,0.8,6.3,1
747,3,0.8,8.1,1
748,3,0.8,6.3,1
749,3,0.8,7.0,1
750,3,0.8,5.82,1
751,3,0.8,6.84,1
752,3,0.8,7.7,1
753,3,0.8,7.06,1
754,3,0.8,6.26,1
755,3,0.8,7.3,1
756,3,0.8,6.94,1
757,3,0.8,7.32,1
758,3,0.8,6.66,1
759,3,0.8,6.98,1
760,3,0.8,5.94,1
761,3,0.8,6.4,1
762,3,0.8,6.62,1
763,3,0.8,6.76,1
764,3,0.8,6.84,1
765,3,0.8,7.1,1
766,3,0.8,6.06,1
767,3,0.8,6.64,1
768,3,0.8,6.66,1
769,3,0.8,6.58,1
770,3,0.8,6.76,1
771,3,0.8,7.28,1
772,3,0.8,8.72,1
773,3,0.8,7.44,1
774,3,0.8,6.56,1
775,3,0.8,6.98,1
776,3,0.8,7.26,1
777,3,0.8,6.22,1
778,3,0.8,6.94,1
779,3,0.8,6.16,1
780,3,0.8,6.24,1
781,3,0.8,7.72,1
782,3,0.8,7.18,1
783,3,0.8,7.12,1
784,3,0.8,6.68,1
785,3,0.8,7.74,1
786,3,0.8,7.12,1
787,3,0.8,7.52,1
788,3,0.8,7.74,1
789,3,0.8,7.6,1
790,3,0.8,6.88,1
791,3,0.8,7.22,1
792,3,0.8,6.86,1
793,3,0.8,6.5,1
794,3,0.8,7.32,1
795,3,0.8,6.5,1
796,3,0.8,5.8,1
797,3,0.8,6.78,1
798,3,0.8,5.4,1
799,3,0.8,5.62,1
800,3,0.8,6.36,1
801,3,0.8,6.7,1
802,3,0.8,6.3,1
803,3,0.8,6.94,1
804,3,0.8,6.38,1
805,3,0.8,6.7,1
806,3,0.8,5.44,1
807,3,0.8,6.98,1
808,3,0.8,7.22,1
809,3,0.8,7.22,1
810,3,0.8,6.88,1
811,3,0.8,7.92,1
812,3,0.8,8.02,1
813,3,0.8,6.28,1
814,3,0.8,6.58,1
815,3,0.8,6.14,1
816,3,0.8,7.26,1
817,3,0.8,6.14,1
818,3,0.8,6.84,1
819,3,0.8,7.22,1
820,3,0.8,8.4,1
821,3,0.8,6.62,1
822,3,0.8,5.4,1
823,3,0.8,6.42,1
824,3,0.8,7.08,1
825,3,0.8,6.82,1
826,3,0.8,6.92,1
827,3,0.8,8.56,1
828,3,0.8,7.22,1
829,3,0.8,6.68,1
830,3,0.8,8.36,1
831,3,0.8,6.9,1
832,3,0.8,6.54,1
833,3,0.8,6.42,1
834,3,0.8,6.54,1
835,3,0.8,7.08,1
836,3,0.8,7.32,1
837,3,0.8,7.0,1
838,3,0.8,7.74,1
839,3,0.8,7.08,1
840,3,0.8,6.66,1
841,3,0.8,7.0,1
842,3,0.8,7.68,1
843,3,0.8,7.4,1
844,3,0.8,6.22,1
845,3,0.8,6.1,1
846,3,0.8,7.0,1
847,3,0.8,6.84,1
848,3,0.8,8.06,1
849,3,0.8,7.38,1
850,3,0.8,7.12,1
851,3,0.8,7.34,1
852,3,0.8,7.14,1
853,3,0.8,7.14,1
854,3,0.8,6.36,1
855,3,0.8,7.06,1
856,3,0.8,7.0,1
857,3,0.8,6.56,1
858,3,0.8,7.34,1
859,3,0.8,6.44,1
860,3,0.8,6.82,1
861,3,0.8,7.4,1
862,3,0.8,7.46,1
863,3,0.8,8.1,1
864,3,0.8,7.02,1
865,3,0.8,7.14,1
866,3,0.8,7.64,1
867,3,0.8,8.56,1
868,3,0.8,7.42,1
869,3,0.8,6.5,1
870,3,0.8,6.38,1
871,3,0.8,7.62,1
872,3,0.8,7.46,1
873,3,0.8,7.76,1
874,3,0.8,7.76,1
875,3,0.8,7.2,1
876,3,0.8,8.3,1
877,3,0.8,7.34,1
878,3,0.8,7.12,1
879,3,0.8,7.02,1
880,3,0.8,7.36,1
881,3,0.8,7.14,1
882,3,0.8,6.8,1
883,3,0.8,8.04,1
884,3,0.8,7.0,1
885,3,0.8,7.46,1
886,3,0.8,7.28,1
887,3,0.8,7.84,1
888,3,0.8,7.06,1
889,3,0.8,6.98,1
890,3,0.8,7.28,1
891,3,0.8,8.06,1
892,3,0.8,7.74,1
893,3,0.8,6.7,1
894,3,0.8,6.5,1
895,3,0.8,7.3,1
896,3,0.8,6.76,1
897,3,0.8,6.28,1
898,3,0.8,6.14,1
899,3,0.8,7.34,1
900,3,0.8,6.54,1
901,3,0.8,7.08,1
902,3,0.8,7.24,1
903,3,0.8,7.2,1
904,3,0.8,6.64,1
905,3,0.8,7.1,1
906,3,0.8,6.34,1
907,3,0.8,6.2,1
908,3,0.8,7.02,1
909,3,0.8,7.48,1
910,3,0.8,7.18,1
911,3,0.8,7.86,1
912,3,0.8,7.12,1
913,3,0.8,8.16,1
914,3,0.8,6.94,1
915,3,0.8,6.72,1
916,3,0.8,6.44,1
917,3,0.8,6.52,1
918,3,0.8,7.32,1
919,3,0.8,6.88,1
920,3,0.8,6.8,1
921,3,0.8,6.56,1
922,3,0.8,6.96,1
923,3,0.8,6.4,1
924,3,0.8,7.2,1
925,3,0.8,6.64,1
926,3,0.8,6.44,1
927,3,0.8,6.58,1
928,3,0.8,6.48,1
929,3,0.8,7.36,1
930,3,0.8,7.46,1
931,3,0.8,7.7,1
932,3,0.8,7.16,1
933,3,0.8,7.02,1
934,3,0.8,7.6,1
935,3,0.8,7.48,1
936,3,0.8,7.3,1
937,3,0.8,7.16,1
938,3,0.8,6.44,1
939,3,0.8,6.92,1
940,3,0.8,6.7,1
941,3,0.8,7.1,1
942,3,0.8,6.98,1
943,3,0.8,7.0,1
944,3,0.8,6.4,1
945,3,0.8,7.54,1
946,3,0.8,7.54,1
947,3,0.8,7.04,1
948,3,0.8,7.74,1
949,3,0.8,6.7,1
950,3,0.8,7.1,1
951,3,0.8,7.24,1
952,3,0.8,6.92,1
953,3,0.8,7.94,1
954,3,0.8,6.8,1
955,3,0.8,6.84,1
956,3,0.8,6.78,1
957,3,0.8,6.74,1
958,3,0.8,7.08,1
959,3,0.8,8.5,1
960,3,0.8,7.2,1
961,3,0.8,7.68,1
962,3,0.8,5.32,1
963,3,0.8,6.02,1
964,3,0.8,6.68,1
965,3,0.8,6.96,1
966,3,0.8,6.82,1
967,3,0.8,7.16,1
968,3,0.8,7.3,1
969,3,0.8,7.44,1
970,3,0.8,6.32,1
971,3,0.8,6.28,1
972,3,0.8,6.56,1
973,3,0.8,6.06,1
974,3,0.8,6.86,1
975,3,0.8,7.5,1
976,3,0.8,6.62,1
977,3,0.8,6.58,1
978,3,0.8,7.26,1
979,3,0.8,6.6,1
980,3,0.8,5.42,1
981,3,0.8,6.26,1
982,3,0.8,6.48,1
983,3,0.8,7.04,1
984,3,0.8,7.02,1
985,3,0.8,5.94,1
986,3,0.8,6.54,1
987,3,0.8,6.38,1
988,3,0.8,6.42,1
989,3,0.8,6.42,1
990,3,0.8,7.0,1
991,3,0.8,6.92,1
992,3,0.8,6.98,1
993,3,0.8,7.04,1
994,3,0.8,8.46,1
995,3,0.8,7.86,1
996,3,0.8,6.72,1
997,3,0.8,8.02,1
998,3,0.8,7.86,1
999,3,0.8,7.9,1
1000,3,0.8,8.04,1
1001,3,0.8,6.62,1
1002,3,0.8,7.32,1
1003,3,0.8,6.9,1
1004,3,0.8,7.52,1
1005,3,0.8,7.02,1
1006,3,0.8,7.04,1
1007,3,0.8,6.66,1
1008,3,0.8,7.2,1
1009,3,0.8,7.2,1
1010,3,0.8,7.32,1
1011,3,0.8,7.26,1
1012,3,0.8,7.0,1
1013,3,0.8,6.84,1
1014,3,0.8,6.82,1
1015,3,0.8,6.2,1
1016,3,0.8,6.92,1
1017,3,0.8,6.1,1
1018,3,0.8,7.08,1
1019,3,0.8,7.02,1
1020,3,0.8,6.94,1
1021,3,0.8,7.78,1
1022,3,0.8,6.6,1
1023,3,0.8,6.58,1
1024,3,0.8,6.18,1
1025,3,0.8,6.62,1
1026,3,0.8,6.58,1
1027,3,0.8,6.12,1
1028,3,0.8,6.1,1
1029,3,0.8,6.62,1
1030,3,0.8,7.12,1
1031,3,0.8,7.18,1
1032,3,0.8,7.14,1
1033,3,0.8,7.62,1
1034,3,0.8,6.82,1
1035,3,0.8,6.52,1
1036,3,0.8,6.38,1
1037,3,0.8,7.62,1
1038,3,0.8,6.68,1
1039,3,0.8,6.62,1
1040,3,0.8,7.34,1
1041,3,0.8,7.96,1
1042,3,0.8,6.9,1
1043,3,0.8,6.36,1
1044,3,0.8,7.68,1
1045,3,0.8,7.1,1
1046,3,0.8,7.86,1
1047,3,0.8,7.54,1
1048,3,0.8,7.12,1
1049,3,0.8,7.64,1
1050,3,0.8,7.96,1
1051,3,0.8,6.76,1
1052,3,0.8,6.66,1
1053,3,0.8,6.36,1
1054,3,0.8,6.94,1
1055,3,0.8,6.72,1
1056,3,0.8,5.74,1
1057,3,0.8,6.88,1
1058,3,0.8,6.2,1
1059,3,0.8,6.74,1
1060,3,0.8,6.88,1
1061,3,0.8,6.9,1
1062,3,0.8,7.18,1
1063,3,0.8,6.36,1
1064,3,0.8,6.96,1
1065,3,0.8,8.4,1
1066,3,0.8,7.32,1
1067,3,0.8,6.88,1
1068,3,0.8,6.32,1
1069,3,0.8,6.84,1
1070,3,0.8,7.04,1
1071,3,0.8,6.94,1
1072,3,0.8,6.82,1
1073,3,0.8,7.08,1
1074,3,0.8,6.96,1
1075,3,0.8,6.78,1
1076,3,0.8,6.68,1
1077,3,0.8,6.16,1
1078,3,0.8,7.22,1
1079,3,0.8,7.66,1
1080,3,0.8,7.72,1
1081,3,0.8,6.66,1
1082,3,0.8,5.88,1
1083,3,0.8,6.94,1
1084,3,0.8,6.86,1
1085,3,0.8,7.42,1
1086,3,0.8,7.3,1
1087,3,0.8,6.32,1
1088,3,0.8,7.18,1
1089,3,0.8,7.34,1
1090,3,0.8,6.28,1
1091,3,0.8,6.02,1
1092,3,0.8,7.32,1
1093,3,0.8,8.22,1
1094,3,0.8,8.36,1
1095,3,0.8,6.86,1
1096,3,0.8,6.52,1
1097,3,0.8,6.62,1
1098,3,0.8,7.12,1
1099,3,0.8,7.08,1
1100,3,0.8,6.5,1
1101,3,0.8,6.5,1
1102,3,0.8,6.38,1
1103,3,0.8,6.62,1
1104,3,0.8,7.32,1
1105,3,0.8,6.92,1
1106,3,0.8,6.4,1
1107,3,0.8,6.52,1
1108,3,0.8,6.8,1
1109,3,0.8,6.88,1
1110,3,0.8,6.44,1
1111,3,0.8,6.76,1
1112,3,0.8,7.08,1
1113,3,0.8,7.06,1
1114,3,0.8,7.82,1
1115,3,0.8,6.52,1
1116,3,0.8,6.92,1
1117,3,0.8,8.0,1
1118,3,0.8,6.62,1
1119,3,0.8,6.48,1
1120,3,0.8,7.1,1
1121,3,0.8,6.76,1
1122,3,0.8,6.22,1
1123,3,0.8,6.84,1
1124,3,0.8,7.62,1
1125,3,0.8,7.94,1
1126,3,0.8,7.48,1
1127,3,0.8,7.42,1
1128,3,0.8,6.98,1
1129,3,0.8,6.92,1
1130,3,0.8,7.04,1
1131,3,0.8,5.9,1
1132,3,0.8,6.08,1
1133,3,0.8,6.7,1
1134,3,0.8,6.98,1
1135,3,0.8,7.02,1
1136,3,0.8,7.66,1
1137,3,0.8,6.66,1
1138,3,0.8,6.36,1
1139,3,0.8,6.7,1
1140,3,0.8,6.8,1
1141,3,0.8,7.34,1
1142,3,0.8,7.52,1
1143,3,0.8,7.04,1
1144,3,0.8,6.46,1
1145,3,0.8,6.08,1
1146,3,0.8,7.42,1
1147,3,0.8,6.78,1
1148,3,0.8,6.38,1
1149,3,0.8,7.76,1
1150,3,0.8,7.04,1
1151,3,0.8,6.66,1
1152,3,0.8,6.68,1
1153,3,0.8,6.12,1
1154,3,0.8,6.34,1
1155,3,0.8,7.24,1
1156,3,0.8,6.96,1
1157,3,0.8,7.2,1
1158,3,0.8,7.9,1
1159,3,0.8,8.0,1
1160,3,0.8,6.92,1
1161,3,0.8,6.78,1
1162,3,0.8,6.44,1
1163,3,0.8,6.38,1
1164,3,0.8,6.4,1
1165,3,0.8,6.86,1
1166,3,0.8,6.68,1
1167,3,0.8,6.56,1
1168,3,0.8,7.22,1
1169,3,0.8,7.24,1
1170,3,0.8,6.8,1
1171,3,0.8,6.94,1
1172,3,0.8,7.3,1
1173,3,0.8,7.16,1
1174,3,0.8,7.1,1
1175,3,0.8,6.34,1
1176,3,0.8,6.46,1
1177,3,0.8,6.76,1
1178,3,0.8,8.44,1
1179,3,0.8,8.18,1
1180,3,0.8,6.52,1
1181,3,0.8,7.3,1
1182,3,0.8,5.88,1
1183,3,0.8,7.44,1
1184,3,0.8,7.1,1
1185,3,0.8,6.22,1
1186,3,0.8,7.08,1
1187,3,0.8,7.22,1
1188,3,0.8,6.92,1
1189,3,0.8,6.96,1
1190,3,0.8,7.08,1
1191,3,0.8,5.86,1
1192,3,0.8,7.64,1
1193,3,0.8,7.64,1
1194,3,0.8,7.2,1
1195,3,0.8,6.72,1
1196,3,0.8,7.42,1
1197,3,0.8,7.76,1
1198,3,0.8,6.44,1
1199,3,0.8,6.52,1
1200,3,0.8,7.44,1
1201,3,0.8,5.94,1
1202,3,0.8,6.52,1
1203,3,0.8,8.06,1
1204,3,0.8,7.58,1
1205,3,0.8,7.54,1
1206,3,0.8,8.54,1
1207,3,0.8,6.86,1
1208,3,0.8,6.18,1
1209,3,0.8,8.08,1
1210,3,0.8,6.62,1
1211,3,0.8,6.46,1
1212,3,0.8,6.84,1
1213,3,0.8,6.36,1
1214,3,0.8,6.84,1
1215,3,0.8,6.26,1
1216,3,0.8,6.52,1
1217,3,0.8,7.42,1
1218,3,0.8,7.7,1
1219,3,0.8,7.48,1
1220,3,0.8,6.7,1
1221,3,0.8,7.92,1
1222,3,0.8,6.98,1
1223,3,0.8,6.74,1
1224,3,0.8,7.18,1
1225,3,0.8,6.92,1
1226,3,0.8,6.84,1
1227,3,0.8,7.16,1
1228,3,0.8,7.18,1
1229,3,0.8,7.24,1
1230,3,0.8,7.14,1
1231,3,0.8,7.2,1
1232,3,0.8,6.96,1
1233,3,0.8,7.38,1
1234,3,0.8,7.38,1
1235,3,0.8,7.5,1
1236,3,0.8,5.86,1
1237,3,0.8,7.16,1
1238,3,0.8,6.74,1
1239,3,0.8,7.94,1
1240,3,0.8,7.06,1
1241,3,0.8,7.48,1
1242,3,0.8,6.34,1
1243,3,0.8,6.16,1
1244,3,0.8,6.54,1
1245,3,0.8,7.48,1
1246,3,0.8,6.72,1
1247,3,0.8,6.42,1
1248,3,0.8,7.76,1
1249,3,0.8,7.76,1
1250,3,0.8,7.2,1
1251,3,0.8,7.02,1
1252,3,0.8,7.54,1
1253,3,0.8,6.08,1
1254,3,0.8,6.96,1
1255,3,0.8,7.26,1
1256,3,0.8,7.18,1
1257,3,0.8,6.2,1
1258,3,0.8,8.02,1
1259,3,0.8,6.96,1
1260,3,0.8,6.84,1
1261,3,0.8,6.46,1
1262,3,0.8,6.74,1
1263,3,0.8,6.26,1
1264,3,0.8,6.34,1
1265,3,0.8,6.84,1
1266,3,0.8,7.02,1
1267,3,0.8,6.44,1
1268,3,0.8,8.02,1
1269,3,0.8,6.84,1
1270,3,0.8,8.04,1
1271,3,0.8,7.22,1
1272,3,0.8,7.22,1
1273,3,0.8,6.2,1
1274,3,0.8,7.12,1
1275,3,0.8,6.26,1
1276,3,0.8,6.66,1
1277,3,0.8,6.72,1
1278,3,0.8,7.7,1
1279,3,0.8,7.26,1
1280,3,0.8,7.72,1
1281,3,0.8,6.66,1
1282,3,0.8,8.0,1
1283,3,0.8,7.88,1
1284,3,0.8,7.74,1
1285,3,0.8,7.04,1
1286,3,0.8,7.12,1
1287,3,0.8,6.7,1
1288,3,0.8,6.66,1
1289,3,0.8,6.96,1
1290,3,0.8,7.18,1
1291,3,0.8,6.32,1
1292,3,0.8,7.12,1
1293,3,0.8,7.22,1
1294,3,0.8,6.56,1
1295,3,0.8,7.04,1
1296,3,0.8,7.04,1
1297,3,0.8,6.88,1
1298,3,0.8,6.88,1
1299,3,0.8,7.22,1
1300,3,0.8,6.62,1
1301,3,0.8,6.9,1
1302,3,0.8,6.88,1
1303,3,0.8,6.12,1
1304,3,0.8,6.88,1
1305,3,0.8,6.64,1
1306,3,0.8,6.7,1
1307,3,0.8,6.74,1
1308,3,0.8,7.22,1
1309,3,0.8,6.7,1
1310,3,0.8,7.56,1
1311,3,0.8,6.94,1
1312,3,0.8,7.94,1
1313,3,0.8,7.76,1
1314,3,0.8,7.66,1
1315,3,0.8,6.66,1
1316,3,0.8,7.02,1
1317,3,0.8,6.64,1
1318,3,0.8,7.26,1
1319,3,0.8,5.98,1
1320,3,0.8,7.16,1
1321,3,0.8,7.26,1
1322,3,0.8,6.32,1
1323,3,0.8,7.62,1
1324,3,0.8,6.52,1
1325,3,0.8,7.3,1
1326,3,0.8,7.06,1
1327,3,0.8,6.86,1
1328,3,0.8,6.96,1
1329,3,0.8,7.08,1
1330,3,0.8,6.12,1
1331,3,0.8,6.62,1
1332,3,0.8,7.66,1
1333,3,0.8,6.9,1
1334,3,0.8,6.96,1
1335,3,0.8,7.44,1
1336,3,0.8,6.28,1
1337,3,0.8,6.48,1
1338,3,0.8,6.84,1
1339,3,0.8,7.7,1
1340,3,0.8,7.34,1
1341,3,0.8,6.74,1
1342,3,0.8,6.72,1
1343,3,0.8,7.12,1
1344,3,0.8,6.98,1
1345,3,0.8,6.84,1
1346,3,0.8,6.28,1
1347,3,0.8,6.54,1
1348,3,0.8,7.5,1
1349,3,0.8,7.46,1
1350,3,0.8,7.48,1
1351,3,0.8,7.1,1
1352,3,0.8,6.38,1
1353,3,0.8,6.8,1
1354,3,0.8,6.6,1
1355,3,0.8,8.16,1
1356,3,0.8,7.4,1
1357,3,0.8,6.16,1
1358,3,0.8,6.3,1
1359,3,0.8,7.12,1
1360,3,0.8,6.86,1
1361,3,0.8,7.3,1
1362,3,0.8,6.78,1
1363,3,0.8,7.22,1
1364,3,0.8,7.06,1
1365,3,0.8,6.48,1
1366,3,0.8,6.52,1
1367,3,0.8,5.66,1
1368,3,0.8,6.58,1
1369,3,0.8,5.9,1
1370,3,0.8,6.3,1
1371,3,0.8,6.72,1
1372,3,0.8,6.04,1
1373,3,0.8,7.22,1
1374,3,0.8,6.44,1
1375,3,0.8,6.66,1
1376,3,0.8,6.44,1
1377,3,0.8,6.14,1
1378,3,0.8,6.58,1
1379,3,0.8,6.72,1
1380,3,0.8,6.92,1
1381,3,0.8,7.1,1
1382,3,0.8,6.84,1
1383,3,0.8,7.06,1
1384,3,0.8,7.1,1
1385,3,0.8,6.78,1
1386,3,0.8,7.64,1
1387,3,0.8,7.9,1
1388,3,0.8,6.9,1
1389,3,0.8,6.88,1
1390,3,0.8,8.04,1
1391,3,0.8,7.24,1
1392,3,0.8,8.2,1
1393,3,0.8,7.74,1
1394,3,0.8,6.98,1
1395,3,0.8,7.54,1
1396,3,0.8,6.84,1
1397,3,0.8,6.88,1
1398,3,0.8,8.06,1
1399,3,0.8,6.62,1
1400,3,0.8,7.86,1
1401,3,0.8,6.68,1
1402,3,0.8,7.24,1
1403,3,0.8,7.7,1
1404,3,0.8,7.8,1
1405,3,0.8,8.14,1
1406,3,0.8,7.64,1
1407,3,0.8,7.0,1
1408,3,0.8,6.34,1
1409,3,0.8,8.72,1
1410,3,0.8,5.98,1
1411,3,0.8,6.88,1
1412,3,0.8,7.46,1
1413,3,0.8,7.14,1
1414,3,0.8,7.3,1
1415,3,0.8,6.28,1
1416,3,0.8,6.0,1
1417,3,0.8,6.86,1
1418,3,0.8,6.3,1
1419,3,0.8,6.9,1
1420,3,0.8,7.02,1
1421,3,0.8,6.56,1
1422,3,0.8,7.62,1
1423,3,0.8,6.82,1
1424,3,0.8,7.5,1
1425,3,0.8,7.82,1
1426,3,0.8,7.28,1
1427,3,0.8,7.22,1
1428,3,0.8,5.7,1
1429,3,0.8,6.62,1
1430,3,0.8,7.66,1
1431,3,0.8,6.52,1
1432,3,0.8,5.74,1
1433,3,0.8,6.78,1
1434,3,0.8,6.5,1
1435,3,0.8,7.24,1
1436,3,0.8,7.68,1
1437,3,0.8,7.02,1
1438,3,0.8,6.4,1
1439,3,0.8,6.66,1
1440,3,0.8,7.5,1
1441,3,0.8,6.94,1
1442,3,0.8,6.88,1
1443,3,0.8,6.64,1
1444,3,0.8,6.28,1
1445,3,0.8,7.72,1
1446,3,0.8,7.52,1
1447,3,0.8,8.04,1
1448,3,0.8,7.22,1
1449,3,0.8,7.14,1
1450,3,0.8,6.88,1
1451,3,0.8,5.98,1
1452,3,0.8,7.46,1
1453,3,0.8,6.88,1
1454,3,0.8,6.18,1
1455,3,0.8,6.6,1
1456,3,0.8,6.52,1
1457,3,0.8,6.82,1
1458,3,0.8,6.36,1
1459,3,0.8,6.7,1
1460,3,0.8,6.96,1
1461,3,0.8,7.06,1
1462,3,0.8,6.6,1
1463,3,0.8,6.5,1
1464,3,0.8,6.84,1
1465,3,0.8,8.1,1
1466,3,0.8,6.62,1
1467,3,0.8,6.34,1
1468,3,0.8,7.44,1
1469,3,0.8,7.68,1
1470,3,0.8,6.9,1
1471,3,0.8,5.86,1
1472,3,0.8,6.74,1
1473,3,0.8,8.32,1
1474,3,0.8,7.76,1
1475,3,0.8,7.1,1
1476,3,0.8,7.72,1
1477,3,0.8,7.48,1
1478,3,0.8,6.14,1
1479,3,0.8,6.72,1
1480,3,0.8,6.2,1
1481,3,0.8,6.9,1
1482,3,0.8,7.0,1
1483,3,0.8,6.44,1
1484,3,0.8,6.7,1
1485,3,0.8,7.28,1
1486,3,0.8,6.58,1
1487,3,0.8,7.74,1
1488,3,0.8,6.7,1
1489,3,0.8,7.8,1
1490,3,0.8,6.1,1
1491,3,0.8,6.48,1
1492,3,0.8,6.74,1
1493,3,0.8,7.82,1
1494,3,0.8,6.2,1
1495,3,0.8,7.48,1
1496,3,0.8,6.36,1
1497,3,0.8,6.6,1
1498,3,0.8,6.86,1
1499,3,0.8,7.0,1
1500,3,0.8,6.94,1
1501,3,0.8,7.18,1
1502,3,0.8,7.28,1
1503,3,0.8,7.34,1
1504,3,0.8,7.78,1
1505,3,0.8,8.4,1
1506,3,0.8,8.3,1
1507,3,0.8,7.8,1
1508,3,0.8,7.8,1
1509,3,0.8,6.72,1
1510,3,0.8,7.38,1
1511,3,0.8,6.8,1
1512,3,0.8,7.0,1
1513,3,0.8,7.08,1
1514,3,0.8,6.88,1
1515,3,0.8,6.86,1
1516,3,0.8,6.66,1
1517,3,0.8,6.98,1
1518,3,0.8,6.46,1
1519,3,0.8,8.58,1
1520,3,0.8,7.94,1
1521,3,0.8,6.4,1
1522,3,0.8,6.26,1
1523,3,0.8,6.28,1
1524,3,0.8,7.6,1
1525,3,0.8,7.04,1
1526,3,0.8,6.84,1
1527,3,0.8,7.36,1
1528,3,0.8,7.3,1
1529,3,0.8,7.42,1
1530,3,0.8,6.76,1
1531,3,0.8,6.5,1
1532,3,0.8,7.46,1
1533,3,0.8,7.42,1
1534,3,0.8,7.78,1
1535,3,0.8,6.7,1
1536,3,0.8,7.32,1
1537,3,0.8,6.8,1
1538,3,0.8,6.6,1
1539,3,0.8,6.46,1
1540,3,0.8,7.44,1
1541,3,0.8,6.7,1
1542,3,0.8,6.86,1
1543,3,0.8,8.56,1
1544,3,0.8,7.12,1
1545,3,0.8,6.36,1
1546,3,0.8,6.28,1
1547,3,0.8,7.72,1
1548,3,0.8,6.04,1
1549,3,0.8,7.76,1
1550,3,0.8,6.84,1
1551,3,0.8,7.16,1
1552,3,0.8,6.06,1
1553,3,0.8,7.04,1
1554,3,0.8,6.76,1
1555,3,0.8,7.56,1
1556,3,0.8,7.48,1
1557,3,0.8,7.28,1
1558,3,0.8,6.44,1
1559,3,0.8,6.54,1
1560,3,0.8,7.14,1
1561,3,0.8,7.14,1
1562,3,0.8,7.34,1
1563,3,0.8,6.92,1
1564,3,0.8,7.64,1
1565,3,0.8,7.74,1
1566,3,0.8,7.78,1
1567,3,0.8,6.66,1
1568,3,0.8,6.96,1
1569,3,0.8,7.44,1
1570,3,0.8,7.6,1
1571,3,0.8,7.3,1
1572,3,0.8,7.24,1
1573,3,0.8,6.48,1
1574,3,0.8,7.8,1
1575,3,0.8,7.48,1
1576,3,0.8,6.8,1
1577,3,0.8,7.34,1
1578,3,0.8,7.08,1
1579,3,0.8,6.8,1
1580,3,0.8,6.7,1
1581,3,0.8,6.66,1
1582,3,0.8,6.42,1
1583,3,0.8,6.08,1
1584,3,0.8,7.06,1
1585,3,0.8,6.24,1
1586,3,0.8,6.52,1
1587,3,0.8,6.26,1
1588,3,0.8,7.22,1
1589,3,0.8,7.82,1
1590,3,0.8,6.08,1
1591,3,0.8,7.74,1
1592,3,0.8,7.8,1
1593,3,0.8,6.62,1
1594,3,0.8,6.88,1
1595,3,0.8,7.34,1
1596,3,0.8,7.02,1
1597,3,0.8,6.32,1
1598,3,0.8,7.62,1
1599,3,0.8,7.48,1
1600,3,0.8,7.66,1
1601,3,0.8,5.72,1
1602,3,0.8,7.58,1
1603,3,0.8,7.6,1
1604,3,0.8,7.12,1
1605,3,0.8,6.64,1
1606,3,0.8,6.74,1
1607,3,0.8,7.28,1
1608,3,0.8,5.92,1
1609,3,0.8,6.12,1
1610,3,0.8,6.82,1
1611,3,0.8,6.82,1
1612,3,0.8,5.88,1
1613,3,0.8,6.52,1
1614,3,0.8,6.5,1
1615,3,0.8,7.0,1
1616,3,0.8,7.18,1
1617,3,0.8,7.96,1
1618,3,0.8,7.02,1
1619,3,0.8,6.24,1
1620,3,0.8,7.1,1
1621,3,0.8,6.64,1
1622,3,0.8,7.46,1
1623,3,0.8,7.26,1
1624,3,0.8,6.7,1
1625,3,0.8,6.58,1
1626,3,0.8,6.46,1
1627,3,0.8,7.38,1
1628,3,0.8,6.84,1
1629,3,0.8,7.8,1
1630,3,0.8,7.58,1
1631,3,0.8,6.6,1
1632,3,0.8,7.04,1
1633,3,0.8,6.92,1
1634,3,0.8,6.68,1
1635,3,0.8,6.86,1
1636,3,0.8,7.04,1
1637,3,0.8,6.46,1
1638,3,0.8,7.56,1
1639,3,0.8,7.7,1
1640,3,0.8,7.58,1
1641,3,0.8,7.72,1
1642,3,0.8,7.44,1
1643,3,0.8,7.52,1
1644,3,0.8,6.84,1
1645,3,0.8,6.28,1
1646,3,0.8,6.92,1
1647,3,0.8,7.08,1
1648,3,0.8,6.48,1
1649,3,0.8,5.76,1
1650,3,0.8,7.56,1
1651,3,0.8,7.3,1
1652,3,0.8,6.4,1
1653,3,0.8,6.64,1
1654,3,0.8,6.1,1
1655,3,0.8,5.78,1
1656,3,0.8,6.72,1
1657,3,0.8,5.46,1
1658,3,0.8,6.78,1
1659,3,0.8,6.48,1
1660,3,0.8,6.64,1
1661,3,0.8,6.22,1
1662,3,0.8,6.4,1
1663,3,0.8,6.94,1
1664,3,0.8,7.42,1
1665,3,0.8,6.12,1
1666,3,0.8,6.22,1
1667,3,0.8,6.92,1
1668,3,0.8,6.94,1
1669,3,0.8,7.1,1
1670,3,0.8,6.44,1
1671,3,0.8,6.74,1
1672,3,0.8,7.48,1
1673,3,0.8,7.22,1
1674,3,0.8,6.9,1
1675,3,0.8,6.74,1
1676,3,0.8,7.14,1
1677,3,0.8,7.34,1
1678,3,0.8,6.98,1
1679,3,0.8,6.98,1
1680,3,0.8,6.2,1
1681,3,0.8,6.9,1
1682,3,0.8,6.92,1
1683,3,0.8,6.78,1
1684,3,0.8,6.68,1
1685,3,0.8,6.5,1
1686,3,0.8,7.88,1
1687,3,0.8,6.96,1
1688,3,0.8,7.94,1
1689,3,0.8,6.64,1
1690,3,0.8,6.64,1
1691,3,0.8,7.08,1
1692,3,0.8,6.7,1
1693,3,0.8,6.18,1
1694,3,0.8,7.22,1
1695,3,0.8,7.0,1
1696,3,0.8,6.86,1
1697,3,0.8,6.58,1
1698,3,0.8,6.34,1
1699,3,0.8,6.22,1
1700,3,0.8,7.04,1
1701,3,0.8,7.16,1
1702,3,0.8,7.38,1
1703,3,0.8,7.58,1
1704,3,0.8,7.24,1
1705,3,0.8,6.32,1
1706,3,0.8,5.58,1
1707,3,0.8,6.72,1
1708,3,0.8,7.02,1
1709,3,0.8,7.38,1
1710,3,0.8,6.46,1
1711,3,0.8,6.72,1
1712,3,0.8,6.6,1
1713,3,0.8,8.22,1
1714,3,0.8,8.08,1
1715,3,0.8,7.18,1
1716,3,0.8,7.74,1
1717,3,0.8,8.08,1
1718,3,0.8,6.58,1
1719,3,0.8,7.26,1
1720,3,0.8,6.68,1
1721,3,0.8,6.22,1
1722,3,0.8,6.7,1
1723,3,0.8,6.72,1
1724,3,0.8,6.82,1
1725,3,0.8,7.22,1
1726,3,0.8,6.9,1
1727,3,0.8,7.02,1
1728,3,0.8,6.38,1
1729,3,0.8,6.6,1
1730,3,0.8,7.06,1
1731,3,0.8,6.9,1
1732,3,0.8,7.6,1
1733,3,0.8,7.54,1
1734,3,0.8,6.84,1
1735,3,0.8,6.58,1
1736,3,0.8,7.16,1
1737,3,0.8,7.66,1
1738,3,0.8,7.64,1
1739,3,0.8,7.26,1
1740,3,0.8,7.44,1
1741,3,0.8,5.66,1
1742,3,0.8,6.94,1
1743,3,0.8,7.26,1
1744,3,0.8,6.6,1
1745,3,0.8,6.36,1
1746,3,0.8,7.36,1
1747,3,0.8,6.62,1
1748,3,0.8,7.86,1
1749,3,0.8,7.48,1
1750,3,0.8,7.28,1
1751,3,0.8,7.26,1
1752,3,0.8,7.58,1
1753,3,0.8,6.14,1
1754,3,0.8,6.88,1
1755,3,0.8,7.16,1
1756,3,0.8,7.84,1
1757,3,0.8,8.24,1
1758,3,0.8,7.38,1
1759,3,0.8,7.54,1
1760,3,0.8,6.72,1
1761,3,0.8,6.56,1
1762,3,0.8,6.5,1
1763,3,0.8,7.0,1
1764,3,0.8,6.92,1
1765,3,0.8,6.96,1
1766,3,0.8,6.02,1
1767,3,0.8,6.8,1
1768,3,0.8,6.88,1
1769,3,0.8,7.32,1
1770,3,0.8,6.24,1
1771,3,0.8,7.22,1
1772,3,0.8,7.76,1
1773,3,0.8,7.16,1
1774,3,0.8,7.66,1
1775,3,0.8,7.92,1
1776,3,0.8,6.64,1
1777,3,0.8,7.3,1
1778,3,0.8,7.38,1
1779,3,0.8,7.92,1
1780,3,0.8,7.16,1
1781,3,0.8,7.28,1
1782,3,0.8,7.12,1
1783,3,0.8,7.12,1
1784,3,0.8,7.34,1
1785,3,0.8,6.96,1
1786,3,0.8,7.66,1
1787,3,0.8,7.7,1
1788,3,0.8,7.06,1
1789,3,0.8,7.54,1
1790,3,0.8,7.0,1
1791,3,0.8,7.46,1
1792,3,0.8,6.64,1
1793,3,0.8,6.72,1
1794,3,0.8,6.78,1
1795,3,0.8,6.44,1
1796,3,0.8,6.96,1
1797,3,0.8,6.0,1
1798,3,0.8,6.08,1
1799,3,0.8,6.4,1
1800,3,0.8,7.7,1
1801,3,0.8,7.32,1
1802,3,0.8,5.84,1
1803,3,0.8,7.2,1
1804,3,0.8,6.54,1
1805,3,0.8,6.88,1
1806,3,0.8,7.5,1
1807,3,0.8,6.82,1
1808,3,0.8,7.14,1
1809,3,0.8,5.9,1
1810,3,0.8,6.7,1
1811,3,0.8,6.38,1
1812,3,0.8,6.34,1
1813,3,0.8,6.72,1
1814,3,0.8,8.24,1
1815,3,0.8,7.28,1
1816,3,0.8,6.38,1
1817,3,0.8,7.16,1
1818,3,0.8,7.24,1
1819,3,0.8,6.5,1
1820,3,0.8,7.14,1
1821,3,0.8,7.32,1
1822,3,0.8,8.06,1
1823,3,0.8,7.04,1
1824,3,0.8,7.56,1
1825,3,0.8,6.8,1
1826,3,0.8,6.36,1
1827,3,0.8,6.54,1
1828,3,0.8,7.76,1
1829,3,0.8,6.82,1
1830,3,0.8,6.06,1
1831,3,0.8,7.5,1
1832,3,0.8,7.54,1
1833,3,0.8,7.08,1
1834,3,0.8,7.32,1
1835,3,0.8,7.02,1
1836,3,0.8,6.8,1
1837,3,0.8,7.82,1
1838,3,0.8,6.9,1
1839,3,0.8,8.62,1
1840,3,0.8,6.66,1
1841,3,0.8,6.1,1
1842,3,0.8,7.22,1
1843,3,0.8,6.5,1
1844,3,0.8,7.3,1
1845,3,0.8,7.0,1
1846,3,0.8,7.34,1
1847,3,0.8,6.64,1
1848,3,0.8,7.24,1
1849,3,0.8,7.12,1
1850,3,0.8,7.92,1
1851,3,0.8,6.9,1
1852,3,0.8,7.2,1
1853,3,0.8,7.68,1
1854,3,0.8,7.06,1
1855,3,0.8,6.84,1
1856,3,0.8,7.08,1
1857,3,0.8,7.16,1
1858,3,0.8,7.4,1
1859,3,0.8,7.52,1
1860,3,0.8,7.48,1
1861,3,0.8,7.52,1
1862,3,0.8,7.42,1
1863,3,0.8,6.98,1
1864,3,0.8,7.44,1
1865,3,0.8,6.7,1
1866,3,0.8,7.14,1
1867,3,0.8,7.88,1
1868,3,0.8,8.34,1
1869,3,0.8,6.58,1
1870,3,0.8,7.3,1
1871,3,0.8,6.48,1
1872,3,0.8,7.1,1
1873,3,0.8,7.4,1
1874,3,0.8,7.32,1
1875,3,0.8,7.1,1
1876,3,0.8,7.36,1
1877,3,0.8,7.66,1
1878,3,0.8,8.52,1
1879,3,0.8,7.1,1
1880,3,0.8,6.34,1
1881,3,0.8,6.36,1
1882,3,0.8,6.94,1
1883,3,0.8,7.32,1
1884,3,0.8,6.66,1
1885,3,0.8,6.32,1
1886,3,0.8,7.18,1
1887,3,0.8,6.18,1
1888,3,0.8,7.64,1
1889,3,0.8,6.98,1
1890,3,0.8,7.02,1
1891,3,0.8,7.08,1
1892,3,0.8,7.88,1
1893,3,0.8,8.1,1
1894,3,0.8,7.64,1
1895,3,0.8,8.26,1
1896,3,0.8,6.54,1
1897,3,0.8,7.28,1
1898,3,0.8,6.34,1
1899,3,0.8,7.46,1
1900,3,0.8,6.82,1
1901,3,0.8,7.08,1
1902,3,0.8,7.12,1
1903,3,0.8,6.0,1
1904,3,0.8,6.8,1
1905,3,0.8,6.9,1
1906,3,0.8,7.08,1
1907,3,0.8,7.42,1
1908,3,0.8,6.84,1
1909,3,0.8,6.76,1
1910,3,0.8,6.52,1
1911,3,0.8,6.76,1
1912,3,0.8,6.12,1
1913,3,0.8,6.98,1
1914,3,0.8,7.14,1
1915,3,0.8,6.68,1
1916,3,0.8,7.24,1
1917,3,0.8,7.22,1
1918,3,0.8,5.88,1
1919,3,0.8,6.92,1
1920,3,0.8,6.88,1
1921,3,0.8,7.04,1
1922,3,0.8,6.84,1
1923,3,0.8,7.22,1
1924,3,0.8,7.24,1
1925,3,0.8,7.76,1
1926,3,0.8,8.02,1
1927,3,0.8,7.62,1
1928,3,0.8,7.5,1
1929,3,0.8,7.18,1
1930,3,0.8,7.76,1
1931,3,0.8,8.0,1
1932,3,0.8,8.76,1
1933,3,0.8,6.84,1
1934,3,0.8,7.06,1
1935,3,0.8,7.58,1
1936,3,0.8,6.8,1
1937,3,0.8,6.94,1
1938,3,0.8,6.02,1
1939,3,0.8,6.62,1
1940,3,0.8,6.32,1
1941,3,0.8,7.5,1
1942,3,0.8,6.04,1
1943,3,0.8,7.54,1
1944,3,0.8,7.26,1
1945,3,0.8,7.58,1
1946,3,0.8,7.4,1
1947,3,0.8,7.4,1
1948,3,0.8,7.24,1
1949,3,0.8,6.16,1
1950,3,0.8,7.28,1
1951,3,0.8,6.36,1
1952,3,0.8,7.3,1
1953,3,0.8,6.46,1
1954,3,0.8,6.66,1
1955,3,0.8,7.44,1
1956,3,0.8,6.9,1
1957,3,0.8,6.96,1
1958,3,0.8,7.84,1
1959,3,0.8,7.66,1
1960,3,0.8,7.34,1
1961,3,0.8,7.18,1
1962,3,0.8,6.72,1
1963,3,0.8,7.0,1
1964,3,0.8,6.86,1
1965,3,0.8,7.18,1
1966,3,0.8,8.86,1
1967,3,0.8,8.18,1
1968,3,0.8,7.74,1
1969,3,0.8,7.52,1
1970,3,0.8,7.2,1
1971,3,0.8,5.58,1
1972,3,0.8,6.7,1
1973,3,0.8,6.54,1
1974,3,0.8,6.82,1
1975,3,0.8,7.38,1
1976,3,0.8,6.98,1
1977,3,0.8,6.62,1
1978,3,0.8,6.68,1
1979,3,0.8,6.7,1
1980,3,0.8,6.42,1
1981,3,0.8,6.72,1
1982,3,0.8,7.04,1
1983,3,0.8,5.94,1
1984,3,0.8,6.94,1
1985,3,0.8,6.24,1
1986,3,0.8,5.86,1
1987,3,0.8,6.86,1
1988,3,0.8,6.88,1
1989,3,0.8,7.5,1
1990,3,0.8,8.76,1
1991,3,0.8,7.38,1
1992,3,0.8,7.04,1
1993,3,0.8,7.74,1
1994,3,0.8,6.44,1
1995,3,0.8,8.5,1
1996,3,0.8,6.84,1
1997,3,0.8,6.48,1
1998,3,0.8,6.6,1
1999,3,0.8,7.52,1
2000,3,0.8,6.72,1
0,4,0.8,57.86,40
1,4,0.8,46.52,39
2,4,0.8,41.22,37
3,4,0.8,39.46,35
4,4,0.8,36.86,29
5,4,0.8,33.82,28
6,4,0.8,32.04,25
7,4,0.8,28.94,23
8,4,0.8,27.56,22
9,4,0.8,25.88,22
10,4,0.8,25.46,20
11,4,0.8,24.6,20
12,4,0.8,23.66,19
13,4,0.8,23.1,19
14,4,0.8,24.34,17
15,4,0.8,22.16,16
16,4,0.8,21.68,15
17,4,0.8,19.18,14
18,4,0.8,18.3,14
19,4,0.8,18.86,13
20,4,0.8,18.34,13
21,4,0.8,17.94,13
22,4,0.8,18.14,13
23,4,0.8,17.66,13
24,4,0.8,18.0,13
25,4,0.8,18.06,13
26,4,0.8,18.28,12
27,4,0.8,18.1,12
28,4,0.8,15.92,11
29,4,0.8,16.1,10
30,4,0.8,15.48,10
31,4,0.8,15.4,10
32,4,0.8,15.6,10
33,4,0.8,15.08,10
34,4,0.8,15.46,10
35,4,0.8,15.28,10
36,4,0.8,14.24,10
37,4,0.8,14.86,10
38,4,0.8,14.98,10
39,4,0.8,13.9,10
40,4,0.8,14.66,10
41,4,0.8,14.68,10
42,4,0.8,15.04,10
43,4,0.8,14.88,10
44,4,0.8,14.66,10
45,4,0.8,15.84,10
46,4,0.8,15.74,9
47,4,0.8,14.64,9
48,4,0.8,13.78,9
49,4,0.8,13.84,9
50,4,0.8,13.38,9
51,4,0.8,13.54,8
52,4,0.8,13.66,8
53,4,0.8,13.44,8
54,4,0.8,12.9,8
55,4,0.8,13.32,8
56,4,0.8,13.9,8
57,4,0.8,13.22,8
58,4,0.8,13.4,8
59,4,0.8,13.14,7
60,4,0.8,11.5,7
61,4,0.8,11.98,7
62,4,0.8,12.0,7
63,4,0.8,11.86,7
64,4,0.8,12.64,7
65,4,0.8,12.92,7
66,4,0.8,13.2,7
67,4,0.8,12.8,7
68,4,0.8,13.7,7
69,4,0.8,13.84,7
70,4,0.8,12.46,7
71,4,0.8,12.24,7
72,4,0.8,12.12,7
73,4,0.8,11.84,7
74,4,0.8,11.86,7
75,4,0.8,11.5,7
76,4,0.8,12.88,7
77,4,0.8,12.4,7
78,4,0.8,13.06,7
79,4,0.8,13.5,7
80,4,0.8,12.6,7
81,4,0.8,11.38,7
82,4,0.8,11.86,7
83,4,0.8,12.66,7
84,4,0.8,12.34,7
85,4,0.8,11.46,7
86,4,0.8,11.98,7
87,4,0.8,12.32,7
88,4,0.8,13.16,7
89,4,0.8,11.86,7
90,4,0.8,12.38,7
91,4,0.8,12.32,7
92,4,0.8,11.46,7
93,4,0.8,12.46,7
94,4,0.8,11.66,7
95,4,0.8,11.64,7
96,4,0.8,11.2,6
97,4,0.8,12.68,6
98,4,0.8,11.22,6
99,4,0.8,11.52,6
100,4,0.8,10.96,6
101,4,0.8,10.84,6
102,4,0.8,11.3,6
103,4,0.8,11.82,6
104,4,0.8,11.54,6
105,4,0.8,10.42,6
106,4,0.8,10.98,6
107,4,0.8,11.18,6
108,4,0.8,11.46,6
109,4,0.8,11.6,6
110,4,0.8,11.56,6
111,4,0.8,10.62,6
112,4,0.8,10.74,6
113,4,0.8,11.6,6
114,4,0.8,11.96,6
115,4,0.8,11.76,6
116,4,0.8,11.32,6
117,4,0.8,11.68,6
118,4,0.8,12.18,6
119,4,0.8,11.68,6
120,4,0.8,10.62,6
121,4,0.8,11.26,5
122,4,0.8,10.84,5
123,4,0.8,10.92,5
124,4,0.8,10.26,5
125,4,0.8,9.74,5
126,4,0.8,10.7,5
127,4,0.8,9.54,5
128,4,0.8,10.14,5
129,4,0.8,10.12,5
130,4,0.8,10.36,5
131,4,0.8,10.5,5
132,4,0.8,10.0,5
133,4,0.8,10.84,5
134,4,0.8,11.2,5
135,4,0.8,11.4,5
136,4,0.8,10.74,5
137,4,0.8,10.86,5
138,4,0.8,10.42,5
139,4,0.8,9.84,5
140,4,0.8,10.64,5
141,4,0.8,10.38,5
142,4,0.8,10.48,5
143,4,0.8,10.88,5
144,4,0.8,10.16,5
145,4,0.8,10.24,5
146,4,0.8,10.56,5
147,4,0.8,10.46,5
148,4,0.8,10.58,5
149,4,0.8,9.76,5
150,4,0.8,10.16,5
151,4,0.8,10.6,5
152,4,0.8,10.44,5
153,4,0.8,11.52,5
154,4,0.8,10.22,5
155,4,0.8,10.56,5
156,4,0.8,10.64,5
157,4,0.8,10.1,5
158,4,0.8,9.78,5
159,4,0.8,10.24,5
160,4,0.8,10.78,5
161,4,0.8,10.62,5
162,4,0.8,10.34,5
163,4,0.8,11.42,5
164,4,0.8,11.24,5
165,4,0.8,10.92,5
166,4,0.8,10.48,4
167,4,0.8,10.16,4
168,4,0.8,10.28,4
169,4,0.8,9.68,4
170,4,0.8,10.06,4
171,4,0.8,9.2,4
172,4,0.8,8.82,3
173,4,0.8,8.54,3
174,4,0.8,8.82,3
175,4,0.8,8.6,3
176,4,0.8,8.46,3
177,4,0.8,8.9,3
178,4,0.8,8.26,3
179,4,0.8,8.18,3
180,4,0.8,8.48,3
181,4,0.8,8.6,3
182,4,0.8,10.14,3
183,4,0.8,9.5,3
184,4,0.8,9.58,3
185,4,0.8,8.28,3
186,4,0.8,9.0,3
187,4,0.8,8.6,3
188,4,0.8,9.1,3
189,4,0.8,9.16,3
190,4,0.8,9.34,3
191,4,0.8,8.74,3
192,4,0.8,8.34,3
193,4,0.8,8.02,3
194,4,0.8,9.1,3
195,4,0.8,9.58,3
196,4,0.8,9.4,3
197,4,0.8,8.82,3
198,4,0.8,9.02,3
199,4,0.8,8.52,3
200,4,0.8,8.36,3
201,4,0.8,8.48,3
202,4,0.8,8.32,3
203,4,0.8,8.66,3
204,4,0.8,9.04,3
205,4,0.8,9.64,3
206,4,0.8,9.28,3
207,4,0.8,8.28,3
208,4,0.8,9.2,3
209,4,0.8,8.26,3
210,4,0.8,9.48,3
211,4,0.8,8.56,3
212,4,0.8,8.98,3
213,4,0.8,9.04,3
214,4,0.8,8.7,3
215,4,0.8,7.84,3
216,4,0.8,8.62,3
217,4,0.8,9.1,3
218,4,0.8,8.54,3
219,4,0.8,8.82,3
220,4,0.8,8.18,3
221,4,0.8,9.36,3
222,4,0.8,8.96,3
223,4,0.8,8.64,3
224,4,0.8,8.94,3
225,4,0.8,8.84,3
226,4,0.8,8.5,2
227,4,0.8,8.02,2
228,4,0.8,8.24,2
229,4,0.8,7.74,2
230,4,0.8,6.46,2
231,4,0.8,6.76,2
232,4,0.8,8.44,2
233,4,0.8,8.0,2
234,4,0.8,7.86,2
235,4,0.8,7.76,2
236,4,0.8,7.64,2
237,4,0.8,7.96,2
238,4,0.8,8.46,2
239,4,0.8,7.92,2
240,4,0.8,7.54,2
241,4,0.8,7.76,2
242,4,0.8,7.74,2
243,4,0.8,7.72,2
244,4,0.8,8.66,2
245,4,0.8,9.12,2
246,4,0.8,8.24,2
247,4,0.8,7.58,2
248,4,0.8,7.66,2
249,4,0.8,8.36,2
250,4,0.8,8.3,2
251,4,0.8,8.78,2
252,4,0.8,8.46,2
253,4,0.8,7.74,2
254,4,0.8,6.98,2
255,4,0.8,8.1,2
256,4,0.8,7.72,2
257,4,0.8,7.98,2
258,4,0.8,7.7,2
259,4,0.8,8.6,2
260,4,0.8,8.58,2
261,4,0.8,8.9,2
262,4,0.8,8.84,2
263,4,0.8,7.56,2
264,4,0.8,8.26,2
265,4,0.8,7.5,2
266,4,0.8,7.72,2
267,4,0.8,8.22,2
268,4,0.8,8.66,2
269,4,0.8,8.26,2
270,4,0.8,8.28,2
271,4,0.8,8.38,2
272,4,0.8,7.86,2
273,4,0.8,8.06,2
274,4,0.8,7.14,2
275,4,0.8,7.76,2
276,4,0.8,8.94,2
277,4,0.8,8.44,2
278,4,0.8,8.36,2
279,4,0.8,7.8,2
280,4,0.8,7.14,2
281,4,0.8,8.18,2
282,4,0.8,7.58,2
283,4,0.8,7.26,2
284,4,0.8,6.72,2
285,4,0.8,7.9,2
286,4,0.8,7.42,2
287,4,0.8,7.4,2
288,4,0.8,7.76,2
289,4,0.8,7.78,2
290,4,0.8,8.26,2
291,4,0.8,7.72,2
292,4,0.8,7.62,2
293,4,0.8,7.6,2
294,4,0.8,7.6,2
295,4,0.8,8.04,2
296,4,0.8,7.62,2
297,4,0.8,7.78,2
298,4,0.8,7.86,2
299,4,0.8,8.56,2
300,4,0.8,7.8,2
301,4,0.8,9.48,2
302,4,0.8,8.44,2
303,4,0.8,7.34,2
304,4,0.8,8.14,2
305,4,0.8,9.12,2
306,4,0.8,8.02,2
307,4,0.8,7.84,2
308,4,0.8,7.34,2
309,4,0.8,7.44,2
310,4,0.8,8.68,2
311,4,0.8,8.42,2
312,4,0.8,7.66,2
313,4,0.8,7.06,2
314,4,0.8,7.52,2
315,4,0.8,7.16,2
316,4,0.8,7.56,2
317,4,0.8,8.62,2
318,4,0.8,9.16,2
319,4,0.8,8.06,2
320,4,0.8,8.62,2
321,4,0.8,8.7,2
322,4,0.8,7.56,2
323,4,0.8,8.58,2
324,4,0.8,8.44,2
325,4,0.8,8.96,2
326,4,0.8,7.74,2
327,4,0.8,7.6,2
328,4,0.8,8.38,2
329,4,0.8,7.6,2
330,4,0.8,8.64,2
331,4,0.8,9.28,2
332,4,0.8,8.64,2
333,4,0.8,7.7,2
334,4,0.8,8.48,2
335,4,0.8,8.6,2
336,4,0.8,7.96,2
337,4,0.8,8.58,1
338,4,0.8,6.54,1
339,4,0.8,7.04,1
340,4,0.8,7.08,1
341,4,0.8,6.88,1
342,4,0.8,7.68,1
343,4,0.8,6.4,1
344,4,0.8,6.92,1
345,4,0.8,7.42,1
346,4,0.8,7.48,1
347,4,0.8,7.7,1
348,4,0.8,7.54,1
349,4,0.8,6.8,1
350,4,0.8,8.38,1
351,4,0.8,7.58,1
352,4,0.8,8.52,1
353,4,0.8,6.92,1
354,4,0.8,6.36,1
355,4,0.8,7.04,1
356,4,0.8,6.82,1
357,4,0.8,6.98,1
358,4,0.8,7.08,1
359,4,0.8,6.78,1
360,4,0.8,7.68,1
361,4,0.8,7.36,1
362,4,0.8,6.94,1
363,4,0.8,7.16,1
364,4,0.8,7.28,1
365,4,0.8,7.92,1
366,4,0.8,6.92,1
367,4,0.8,7.52,1
368,4,0.8,8.46,1
369,4,0.8,8.06,1
370,4,0.8,7.3,1
371,4,0.8,6.42,1
372,4,0.8,6.54,1
373,4,0.8,6.94,1
374,4,0.8,5.96,1
375,4,0.8,6.62,1
376,4,0.8,7.68,1
377,4,0.8,7.14,1
378,4,0.8,6.58,1
379,4,0.8,6.52,1
380,4,0.8,6.6,1
381,4,0.8,6.5,1
382,4,0.8,6.64,1
383,4,0.8,7.06,1
384,4,0.8,6.6,1
385,4,0.8,6.76,1
386,4,0.8,7.4,1
387,4,0.8,7.18,1
388,4,0.8,7.04,1
389,4,0.8,7.22,1
390,4,0.8,6.48,1
391,4,0.8,6.96,1
392,4,0.8,7.28,1
393,4,0.8,6.88,1
394,4,0.8,7.98,1
395,4,0.8,8.22,1
396,4,0.8,7.76,1
397,4,0.8,7.54,1
398,4,0.8,6.92,1
399,4,0.8,7.1,1
400,4,0.8,7.22,1
401,4,0.8,7.06,1
402,4,0.8,6.66,1
403,4,0.8,7.1,1
404,4,0.8,6.98,1
405,4,0.8,7.34,1
406,4,0.8,6.76,1
407,4,0.8,6.94,1
408,4,0.8,7.6,1
409,4,0.8,6.6,1
410,4,0.8,6.2,1
411,4,0.8,7.5,1
412,4,0.8,6.88,1
413,4,0.8,7.86,1
414,4,0.8,7.36,1
415,4,0.8,7.08,1
416,4,0.8,6.3,1
417,4,0.8,5.44,1
418,4,0.8,6.24,1
419,4,0.8,6.34,1
420,4,0.8,7.12,1
421,4,0.8,6.96,1
422,4,0.8,7.42,1
423,4,0.8,7.4,1
424,4,0.8,6.44,1
425,4,0.8,5.58,1
426,4,0.8,7.1,1
427,4,0.8,7.04,1
428,4,0.8,7.32,1
429,4,0.8,6.7,1
430,4,0.8,6.26,1
431,4,0.8,7.12,1
432,4,0.8,7.76,1
433,4,0.8,8.34,1
434,4,0.8,7.4,1
435,4,0.8,7.46,1
436,4,0.8,6.66,1
437,4,0.8,6.54,1
438,4,0.8,6.88,1
439,4,0.8,7.56,1
440,4,0.8,7.86,1
441,4,0.8,7.18,1
442,4,0.8,7.44,1
443,4,0.8,6.94,1
444,4,0.8,7.36,1
445,4,0.8,7.7,1
446,4,0.8,6.1,1
447,4,0.8,6.42,1
448,4,0.8,6.14,1
449,4,0.8,6.74,1
450,4,0.8,7.34,1
451,4,0.8,7.28,1
452,4,0.8,5.52,1
453,4,0.8,5.86,1
454,4,0.8,7.1,1
455,4,0.8,6.88,1
456,4,0.8,7.54,1
457,4,0.8,6.8,1
458,4,0.8,8.06,1
459,4,0.8,7.78,1
460,4,0.8,7.94,1
461,4,0.8,7.3,1
462,4,0.8,7.98,1
463,4,0.8,7.5,1
464,4,0.8,7.0,1
465,4,0.8,7.56,1
466,4,0.8,6.54,1
467,4,0.8,6.96,1
468,4,0.8,7.74,1
469,4,0.8,7.18,1
470,4,0.8,6.54,1
471,4,0.8,7.28,1
472,4,0.8,6.36,1
473,4,0.8,6.58,1
474,4,0.8,7.14,1
475,4,0.8,6.62,1
476,4,0.8,6.78,1
477,4,0.8,7.52,1
478,4,0.8,6.96,1
479,4,0.8,8.46,1
480,4,0.8,7.58,1
481,4,0.8,7.42,1
482,4,0.8,7.0,1
483,4,0.8,7.6,1
484,4,0.8,6.64,1
485,4,0.8,7.4,1
486,4,0.8,7.44,1
487,4,0.8,7.5,1
488,4,0.8,7.22,1
489,4,0.8,6.5,1
490,4,0.8,7.04,1
491,4,0.8,6.9,1
492,4,0.8,7.36,1
493,4,0.8,7.58,1
494,4,0.8,7.04,1
495,4,0.8,6.12,1
496,4,0.8,7.6,1
497,4,0.8,6.76,1
498,4,0.8,7.0,1
499,4,0.8,6.66,1
500,4,0.8,7.0,1
501,4,0.8,6.78,1
502,4,0.8,7.1,1
503,4,0.8,7.78,1
504,4,0.8,6.92,1
505,4,0.8,6.24,1
506,4,0.8,6.42,1
507,4,0.8,5.84,1
508,4,0.8,6.34,1
509,4,0.8,5.86,1
510,4,0.8,6.24,1
511,4,0.8,6.1,1
512,4,0.8,6.66,1
513,4,0.8,7.16,1
514,4,0.8,7.28,1
515,4,0.8,7.5,1
516,4,0.8,6.84,1
517,4,0.8,6.46,1
518,4,0.8,6.6,1
519,4,0.8,5.78,1
520,4,0.8,6.98,1
521,4,0.8,7.4,1
522,4,0.8,7.02,1
523,4,0.8,6.66,1
524,4,0.8,6.54,1
525,4,0.8,7.5,1
526,4,0.8,7.38,1
527,4,0.8,6.74,1
528,4,0.8,7.12,1
529,4,0.8,6.74,1
530,4,0.8,7.38,1
531,4,0.8,7.24,1
532,4,0.8,7.04,1
533,4,0.8,6.5,1
534,4,0.8,7.08,1
535,4,0.8,7.08,1
536,4,0.8,7.42,1
537,4,0.8,7.54,1
538,4,0.8,7.26,1
539,4,0.8,7.42,1
540,4,0.8,7.66,1
541,4,0.8,5.98,1
542,4,0.8,7.22,1
543,4,0.8,6.88,1
544,4,0.8,6.66,1
545,4,0.8,6.16,1
546,4,0.8,6.76,1
547,4,0.8,6.48,1
548,4,0.8,6.92,1
549,4,0.8,7.64,1
550,4,0.8,7.32,1
551,4,0.8,6.66,1
552,4,0.8,6.8,1
553,4,0.8,7.2,1
554,4,0.8,6.84,1
555,4,0.8,7.12,1
556,4,0.8,7.96,1
557,4,0.8,6.46,1
558,4,0.8,6.7,1
559,4,0.8,7.14,1
560,4,0.8,6.46,1
561,4,0.8,7.32,1
562,4,0.8,6.68,1
563,4,0.8,7.48,1
564,4,0.8,6.32,1
565,4,0.8,7.04,1
566,4,0.8,6.12,1
567,4,0.8,6.68,1
568,4,0.8,5.9,1
569,4,0.8,6.82,1
570,4,0.8,7.2,1
571,4,0.8,6.44,1
572,4,0.8,6.3,1
573,4,0.8,6.42,1
574,4,0.8,6.62,1
575,4,0.8,6.9,1
576,4,0.8,6.24,1
577,4,0.8,6.68,1
578,4,0.8,6.74,1
579,4,0.8,6.88,1
580,4,0.8,7.66,1
581,4,0.8,7.72,1
582,4,0.8,6.92,1
583,4,0.8,6.7,1
584,4,0.8,6.44,1
585,4,0.8,7.16,1
586,4,0.8,6.68,1
587,4,0.8,8.06,1
588,4,0.8,7.48,1
589,4,0.8,6.84,1
590,4,0.8,6.54,1
591,4,0.8,7.22,1
592,4,0.8,7.3,1
593,4,0.8,6.88,1
594,4,0.8,7.82,1
595,4,0.8,7.98,1
596,4,0.8,7.18,1
597,4,0.8,6.66,1
598,4,0.8,7.44,1
599,4,0.8,7.16,1
600,4,0.8,7.54,1
601,4,0.8,6.38,1
602,4,0.8,6.42,1
603,4,0.8,7.7,1
604,4,0.8,6.94,1
605,4,0.8,6.98,1
606,4,0.8,7.78,1
607,4,0.8,7.8,1
608,4,0.8,6.56,1
609,4,0.8,7.2,1
610,4,0.8,8.14,1
611,4,0.8,7.78,1
612,4,0.8,7.16,1
613,4,0.8,8.22,1
614,4,0.8,8.54,1
615,4,0.8,7.14,1
616,4,0.8,7.3,1
617,4,0.8,7.06,1
618,4,0.8,6.74,1
619,4,0.8,7.68,1
620,4,0.8,6.98,1
621,4,0.8,6.3,1
622,4,0.8,6.54,1
623,4,0.8,7.3,1
624,4,0.8,7.9,1
625,4,0.8,6.84,1
626,4,0.8,7.32,1
627,4,0.8,6.02,1
628,4,0.8,6.68,1
629,4,0.8,7.5,1
630,4,0.8,7.42,1
631,4,0.8,6.88,1
632,4,0.8,6.28,1
633,4,0.8,6.6,1
634,4,0.8,7.52,1
635,4,0.8,7.32,1
636,4,0.8,7.3,1
637,4,0.8,7.7,1
638,4,0.8,6.88,1
639,4,0.8,6.34,1
640,4,0.8,7.14,1
641,4,0.8,8.64,1
642,4,0.8,7.72,1
643,4,0.8,6.64,1
644,4,0.8,7.0,1
645,4,0.8,7.08,1
646,4,0.8,6.1,1
647,4,0.8,7.14,1
648,4,0.8,6.08,1
649,4,0.8,7.4,1
650,4,0.8,7.2,1
651,4,0.8,7.66,1
652,4,0.8,6.9,1
653,4,0.8,7.38,1
654,4,0.8,7.5,1
655,4,0.8,6.46,1
656,4,0.8,6.42,1
657,4,0.8,7.68,1
658,4,0.8,6.56,1
659,4,0.8,7.28,1
660,4,0.8,7.8,1
661,4,0.8,8.1,1
662,4,0.8,6.94,1
663,4,0.8,7.66,1
664,4,0.8,7.46,1
665,4,0.8,7.52,1
666,4,0.8,7.82,1
667,4,0.8,7.04,1
668,4,0.8,8.18,1
669,4,0.8,7.9,1
670,4,0.8,6.86,1
671,4,0.8,7.5,1
672,4,0.8,7.2,1
673,4,0.8,6.54,1
674,4,0.8,7.98,1
675,4,0.8,7.46,1
676,4,0.8,7.04,1
677,4,0.8,6.28,1
678,4,0.8,6.58,1
679,4,0.8,7.1,1
680,4,0.8,7.32,1
681,4,0.8,8.38,1
682,4,0.8,6.44,1
683,4,0.8,6.8,1
684,4,0.8,6.72,1
685,4,0.8,6.9,1
686,4,0.8,6.28,1
687,4,0.8,6.8,1
688,4,0.8,6.46,1
689,4,0.8,7.16,1
690,4,0.8,6.56,1
691,4,0.8,5.96,1
692,4,0.8,7.0,1
693,4,0.8,6.32,1
694,4,0.8,7.24,1
695,4,0.8,7.58,1
696,4,0.8,6.7,1
697,4,0.8,6.18,1
698,4,0.8,6.98,1
699,4,0.8,7.22,1
700,4,0.8,7.66,1
701,4,0.8,8.3,1
702,4,0.8,6.4,1
703,4,0.8,6.28,1
704,4,0.8,6.48,1
705,4,0.8,8.0,1
706,4,0.8,6.6,1
707,4,0.8,8.94,1
708,4,0.8,7.16,1
709,4,0.8,7.36,1
710,4,0.8,6.72,1
711,4,0.8,7.16,1
712,4,0.8,7.56,1
713,4,0.8,6.78,1
714,4,0.8,6.82,1
715,4,0.8,7.72,1
716,4,0.8,7.48,1
717,4,0.8,7.42,1
718,4,0.8,7.46,1
719,4,0.8,6.32,1
720,4,0.8,6.74,1
721,4,0.8,7.28,1
722,4,0.8,7.4,1
723,4,0.8,6.9,1
724,4,0.8,7.02,1
725,4,0.8,7.02,1
726,4,0.8,7.04,1
727,4,0.8,7.42,1
728,4,0.8,7.26,1
729,4,0.8,7.04,1
730,4,0.8,6.6,1
731,4,0.8,6.74,1
732,4,0.8,6.6,1
733,4,0.8,6.92,1
734,4,0.8,6.28,1
735,4,0.8,6.98,1
736,4,0.8,7.08,1
737,4,0.8,6.82,1
738,4,0.8,6.78,1
739,4,0.8,6.16,1
740,4,0.8,6.76,1
741,4,0.8,6.86,1
742,4,0.8,8.24,1
743,4,0.8,8.66,1
744,4,0.8,6.84,1
745,4,0.8,7.58,1
746,4,0.8,7.24,1
747,4,0.8,7.56,1
748,4,0.8,6.38,1
749,4,0.8,7.14,1
750,4,0.8,7.74,1
751,4,0.8,6.64,1
752,4,0.8,7.5,1
753,4,0.8,6.08,1
754,4,0.8,7.7,1
755,4,0.8,6.7,1
756,4,0.8,7.72,1
757,4,0.8,6.94,1
758,4,0.8,7.82,1
759,4,0.8,7.18,1
760,4,0.8,7.44,1
761,4,0.8,6.5,1
762,4,0.8,7.22,1
763,4,0.8,6.9,1
764,4,0.8,6.46,1
765,4,0.8,7.52,1
766,4,0.8,7.02,1
767,4,0.8,7.0,1
768,4,0.8,6.86,1
769,4,0.8,7.3,1
770,4,0.8,7.22,1
771,4,0.8,7.24,1
772,4,0.8,6.6,1
773,4,0.8,6.86,1
774,4,0.8,6.64,1
775,4,0.8,6.88,1
776,4,0.8,6.82,1
777,4,0.8,6.7,1
778,4,0.8,6.72,1
779,4,0.8,7.22,1
780,4,0.8,6.68,1
781,4,0.8,6.2,1
782,4,0.8,6.98,1
783,4,0.8,8.4,1
784,4,0.8,6.42,1
785,4,0.8,7.22,1
786,4,0.8,6.16,1
787,4,0.8,7.4,1
788,4,0.8,6.22,1
789,4,0.8,6.54,1
790,4,0.8,7.9,1
791,4,0.8,9.0,1
792,4,0.8,7.2,1
793,4,0.8,7.96,1
794,4,0.8,7.16,1
795,4,0.8,7.46,1
796,4,0.8,6.52,1
797,4,0.8,6.84,1
798,4,0.8,6.18,1
799,4,0.8,6.9,1
800,4,0.8,7.16,1
801,4,0.8,8.2,1
802,4,0.8,6.2,1
803,4,0.8,6.22,1
804,4,0.8,6.16,1
805,4,0.8,6.72,1
806,4,0.8,6.6,1
807,4,0.8,6.74,1
808,4,0.8,7.06,1
809,4,0.8,7.22,1
810,4,0.8,7.26,1
811,4,0.8,6.88,1
812,4,0.8,6.86,1
813,4,0.8,6.62,1
814,4,0.8,7.74,1
815,4,0.8,6.98,1
816,4,0.8,6.32,1
817,4,0.8,6.34,1
818,4,0.8,8.0,1
819,4,0.8,6.32,1
820,4,0.8,7.24,1
821,4,0.8,6.3,1
822,4,0.8,7.0,1
823,4,0.8,6.46,1
824,4,0.8,6.36,1
825,4,0.8,7.16,1
826,4,0.8,7.84,1
827,4,0.8,7.08,1
828,4,0.8,6.94,1
829,4,0.8,7.26,1
830,4,0.8,6.68,1
831,4,0.8,6.28,1
832,4,0.8,7.36,1
833,4,0.8,6.22,1
834,4,0.8,7.22,1
835,4,0.8,6.38,1
836,4,0.8,7.22,1
837,4,0.8,7.6,1
838,4,0.8,7.06,1
839,4,0.8,7.4,1
840,4,0.8,7.64,1
841,4,0.8,6.58,1
842,4,0.8,6.56,1
843,4,0.8,7.62,1
844,4,0.8,7.24,1
845,4,0.8,7.38,1
846,4,0.8,6.3,1
847,4,0.8,7.0,1
848,4,0.8,7.14,1
849,4,0.8,7.34,1
850,4,0.8,8.06,1
851,4,0.8,6.74,1
852,4,0.8,6.82,1
853,4,0.8,7.1,1
854,4,0.8,7.98,1
855,4,0.8,7.32,1
856,4,0.8,7.54,1
857,4,0.8,7.54,1
858,4,0.8,6.86,1
859,4,0.8,6.12,1
860,4,0.8,6.76,1
861,4,0.8,6.48,1
862,4,0.8,7.1,1
863,4,0.8,7.66,1
864,4,0.8,7.18,1
865,4,0.8,7.64,1
866,4,0.8,7.44,1
867,4,0.8,7.04,1
868,4,0.8,6.68,1
869,4,0.8,8.02,1
870,4,0.8,7.84,1
871,4,0.8,6.76,1
872,4,0.8,7.2,1
873,4,0.8,7.26,1
874,4,0.8,7.62,1
875,4,0.8,7.9,1
876,4,0.8,6.34,1
877,4,0.8,6.98,1
878,4,0.8,6.92,1
879,4,0.8,6.94,1
880,4,0.8,6.74,1
881,4,0.8,7.1,1
882,4,0.8,7.52,1
883,4,0.8,6.0,1
884,4,0.8,6.4,1
885,4,0.8,6.88,1
886,4,0.8,7.16,1
887,4,0.8,7.18,1
888,4,0.8,6.6,1
889,4,0.8,7.44,1
890,4,0.8,6.78,1
891,4,0.8,6.12,1
892,4,0.8,7.12,1
893,4,0.8,6.84,1
894,4,0.8,5.96,1
895,4,0.8,6.78,1
896,4,0.8,6.74,1
897,4,0.8,6.22,1
898,4,0.8,6.94,1
899,4,0.8,7.08,1
900,4,0.8,6.34,1
901,4,0.8,6.56,1
902,4,0.8,6.52,1
903,4,0.8,6.76,1
904,4,0.8,6.38,1
905,4,0.8,7.48,1
906,4,0.8,7.08,1
907,4,0.8,6.6,1
908,4,0.8,7.74,1
909,4,0.8,7.44,1
910,4,0.8,6.7,1
911,4,0.8,7.2,1
912,4,0.8,6.78,1
913,4,0.8,7.36,1
914,4,0.8,7.48,1
915,4,0.8,7.42,1
916,4,0.8,6.82,1
917,4,0.8,7.8,1
918,4,0.8,7.94,1
919,4,0.8,8.04,1
920,4,0.8,6.74,1
921,4,0.8,6.28,1
922,4,0.8,6.94,1
923,4,0.8,6.54,1
924,4,0.8,6.4,1
925,4,0.8,7.44,1
926,4,0.8,6.2,1
927,4,0.8,6.92,1
928,4,0.8,7.3,1
929,4,0.8,6.96,1
930,4,0.8,6.64,1
931,4,0.8,7.32,1
932,4,0.8,7.26,1
933,4,0.8,7.18,1
934,4,0.8,7.16,1
935,4,0.8,7.52,1
936,4,0.8,6.64,1
937,4,0.8,6.34,1
938,4,0.8,7.54,1
939,4,0.8,8.04,1
940,4,0.8,6.96,1
941,4,0.8,6.42,1
942,4,0.8,7.12,1
943,4,0.8,6.76,1
944,4,0.8,6.94,1
945,4,0.8,5.72,1
946,4,0.8,6.66,1
947,4,0.8,6.98,1
948,4,0.8,7.14,1
949,4,0.8,6.64,1
950,4,0.8,6.72,1
951,4,0.8,7.5,1
952,4,0.8,6.9,1
953,4,0.8,7.3,1
954,4,0.8,7.18,1
955,4,0.8,7.38,1
956,4,0.8,7.02,1
957,4,0.8,5.86,1
958,4,0.8,6.7,1
959,4,0.8,6.4,1
960,4,0.8,6.22,1
961,4,0.8,6.5,1
962,4,0.8,7.42,1
963,4,0.8,7.06,1
964,4,0.8,8.02,1
965,4,0.8,7.06,1
966,4,0.8,6.64,1
967,4,0.8,7.74,1
968,4,0.8,7.38,1
969,4,0.8,7.74,1
970,4,0.8,7.16,1
971,4,0.8,7.1,1
972,4,0.8,7.18,1
973,4,0.8,8.42,1
974,4,0.8,6.26,1
975,4,0.8,6.56,1
976,4,0.8,6.74,1
977,4,0.8,7.84,1
978,4,0.8,7.54,1
979,4,0.8,6.9,1
980,4,0.8,8.38,1
981,4,0.8,7.28,1
982,4,0.8,6.92,1
983,4,0.8,7.3,1
984,4,0.8,6.06,1
985,4,0.8,7.3,1
986,4,0.8,7.56,1
987,4,0.8,5.84,1
988,4,0.8,7.42,1
989,4,0.8,8.66,1
990,4,0.8,7.12,1
991,4,0.8,7.08,1
992,4,0.8,8.22,1
993,4,0.8,7.62,1
994,4,0.8,8.46,1
995,4,0.8,7.68,1
996,4,0.8,7.4,1
997,4,0.8,7.28,1
998,4,0.8,7.96,1
999,4,0.8,6.46,1
1000,4,0.8,7.2,1
1001,4,0.8,6.84,1
1002,4,0.8,7.18,1
1003,4,0.8,6.36,1
1004,4,0.8,6.98,1
1005,4,0.8,6.88,1
1006,4,0.8,6.26,1
1007,4,0.8,6.68,1
1008,4,0.8,6.1,1
1009,4,0.8,6.64,1
1010,4,0.8,7.2,1
1011,4,0.8,6.2,1
1012,4,0.8,6.72,1
1013,4,0.8,7.4,1
1014,4,0.8,7.4,1
1015,4,0.8,6.98,1
1016,4,0.8,7.24,1
1017,4,0.8,8.3,1
1018,4,0.8,7.42,1
1019,4,0.8,6.66,1
1020,4,0.8,7.2,1
1021,4,0.8,7.04,1
1022,4,0.8,7.9,1
1023,4,0.8,7.18,1
1024,4,0.8,6.92,1
1025,4,0.8,6.6,1
1026,4,0.8,6.74,1
1027,4,0.8,7.36,1
1028,4,0.8,8.88,1
1029,4,0.8,8.76,1
1030,4,0.8,7.14,1
1031,4,0.8,7.0,1
1032,4,0.8,5.92,1
1033,4,0.8,7.22,1
1034,4,0.8,6.62,1
1035,4,0.8,7.54,1
1036,4,0.8,7.96,1
1037,4,0.8,7.56,1
1038,4,0.8,7.06,1
1039,4,0.8,7.16,1
1040,4,0.8,6.88,1
1041,4,0.8,7.04,1
1042,4,0.8,6.92,1
1043,4,0.8,6.36,1
1044,4,0.8,7.02,1
1045,4,0.8,7.08,1
1046,4,0.8,7.2,1
1047,4,0.8,7.02,1
1048,4,0.8,6.44,1
1049,4,0.8,6.82,1
1050,4,0.8,6.98,1
1051,4,0.8,7.76,1
1052,4,0.8,6.5,1
1053,4,0.8,6.56,1
1054,4,0.8,7.0,1
1055,4,0.8,6.24,1
1056,4,0.8,7.1,1
1057,4,0.8,6.22,1
1058,4,0.8,6.98,1
1059,4,0.8,6.96,1
1060,4,0.8,7.04,1
1061,4,0.8,7.44,1
1062,4,0.8,7.22,1
1063,4,0.8,7.06,1
1064,4,0.8,7.02,1
1065,4,0.8,6.56,1
1066,4,0.8,7.16,1
1067,4,0.8,6.84,1
1068,4,0.8,6.52,1
1069,4,0.8,7.06,1
1070,4,0.8,6.76,1
1071,4,0.8,6.9,1
1072,4,0.8,7.04,1
1073,4,0.8,7.44,1
1074,4,0.8,6.76,1
1075,4,0.8,6.5,1
1076,4,0.8,7.36,1
1077,4,0.8,6.52,1
1078,4,0.8,7.68,1
1079,4,0.8,6.28,1
1080,4,0.8,5.42,1
1081,4,0.8,6.96,1
1082,4,0.8,6.4,1
1083,4,0.8,6.62,1
1084,4,0.8,6.64,1
1085,4,0.8,6.42,1
1086,4,0.8,6.78,1
1087,4,0.8,7.22,1
1088,4,0.8,6.34,1
1089,4,0.8,6.18,1
1090,4,0.8,5.86,1
1091,4,0.8,5.72,1
1092,4,0.8,6.76,1
1093,4,0.8,8.38,1
1094,4,0.8,7.68,1
1095,4,0.8,7.74,1
1096,4,0.8,6.92,1
1097,4,0.8,6.86,1
1098,4,0.8,6.68,1
1099,4,0.8,7.28,1
1100,4,0.8,6.54,1
1101,4,0.8,6.6,1
1102,4,0.8,6.54,1
1103,4,0.8,5.92,1
1104,4,0.8,6.48,1
1105,4,0.8,6.8,1
1106,4,0.8,6.6,1
1107,4,0.8,7.1,1
1108,4,0.8,7.32,1
1109,4,0.8,7.4,1
1110,4,0.8,7.46,0
0,5,0.8,54.98,40
1,5,0.8,45.9,37
2,5,0.8,39.48,32
3,5,0.8,36.38,30
4,5,0.8,33.78,29
5,5,0.8,32.48,27
6,5,0.8,30.94,27
7,5,0.8,30.24,25
8,5,0.8,28.7,24
9,5,0.8,27.5,22
10,5,0.8,26.32,21
11,5,0.8,24.96,21
12,5,0.8,23.82,19
13,5,0.8,23.86,19
14,5,0.8,23.08,19
15,5,0.8,22.82,18
16,5,0.8,22.58,18
17,5,0.8,21.76,18
18,5,0.8,22.4,17
19,5,0.8,20.76,16
20,5,0.8,20.78,16
21,5,0.8,19.5,16
22,5,0.8,20.62,15
23,5,0.8,19.66,15
24,5,0.8,19.58,15
25,5,0.8,19.5,15
26,5,0.8,19.48,15
27,5,0.8,19.52,15
28,5,0.8,19.56,15
29,5,0.8,19.1,14
30,5,0.8,19.02,13
31,5,0.8,18.18,13
32,5,0.8,17.56,13
33,5,0.8,17.68,12
34,5,0.8,16.88,12
35,5,0.8,16.08,12
36,5,0.8,16.22,10
37,5,0.8,15.48,10
38,5,0.8,14.6,10
39,5,0.8,14.34,10
40,5,0.8,14.94,9
41,5,0.8,13.92,9
42,5,0.8,13.9,9
43,5,0.8,14.24,9
44,5,0.8,13.92,9
45,5,0.8,13.44,8
46,5,0.8,13.64,8
47,5,0.8,12.46,8
48,5,0.8,13.86,8
49,5,0.8,13.98,8
50,5,0.8,13.72,8
51,5,0.8,13.96,8
52,5,0.8,12.88,8
53,5,0.8,13.24,8
54,5,0.8,12.62,8
55,5,0.8,13.16,8
56,5,0.8,13.34,8
57,5,0.8,13.12,8
58,5,0.8,12.68,8
59,5,0.8,12.84,8
60,5,0.8,12.74,8
61,5,0.8,13.12,8
62,5,0.8,13.58,8
63,5,0.8,12.22,8
64,5,0.8,13.12,8
65,5,0.8,12.92,8
66,5,0.8,13.14,8
67,5,0.8,12.28,8
68,5,0.8,12.54,8
69,5,0.8,12.94,8
70,5,0.8,12.84,8
71,5,0.8,13.3,8
72,5,0.8,12.66,8
73,5,0.8,13.4,8
74,5,0.8,13.28,8
75,5,0.8,13.32,8
76,5,0.8,12.32,8
77,5,0.8,12.76,8
78,5,0.8,12.72,8
79,5,0.8,12.36,8
80,5,0.8,12.78,8
81,5,0.8,12.96,8
82,5,0.8,13.44,8
83,5,0.8,12.08,7
84,5,0.8,12.36,7
85,5,0.8,12.34,7
86,5,0.8,12.76,7
87,5,0.8,13.38,7
88,5,0.8,11.92,7
89,5,0.8,13.64,7
90,5,0.8,11.38,7
91,5,0.8,11.58,7
92,5,0.8,12.44,7
93,5,0.8,11.7,6
94,5,0.8,11.52,6
95,5,0.8,12.24,6
96,5,0.8,11.66,6
97,5,0.8,11.78,6
98,5,0.8,10.28,6
99,5,0.8,10.96,6
100,5,0.8,10.8,6
101,5,0.8,10.94,6
102,5,0.8,10.84,6
103,5,0.8,11.38,6
104,5,0.8,10.8,6
105,5,0.8,11.66,6
106,5,0.8,11.24,6
107,5,0.8,11.82,6
108,5,0.8,11.72,6
109,5,0.8,11.22,6
110,5,0.8,12.3,6
111,5,0.8,11.86,6
112,5,0.8,11.76,6
113,5,0.8,11.6,6
114,5,0.8,12.22,6
115,5,0.8,10.66,6
116,5,0.8,11.1,6
117,5,0.8,11.2,6
118,5,0.8,10.98,6
119,5,0.8,11.88,6
120,5,0.8,10.7,6
121,5,0.8,11.66,6
122,5,0.8,11.9,6
123,5,0.8,10.64,6
124,5,0.8,10.34,6
125,5,0.8,10.7,6
126,5,0.8,11.32,6
127,5,0.8,10.24,6
128,5,0.8,11.68,6
129,5,0.8,12.82,6
130,5,0.8,11.18,6
131,5,0.8,11.34,6
132,5,0.8,10.28,6
133,5,0.8,11.7,6
134,5,0.8,12.14,6
135,5,0.8,11.54,6
136,5,0.8,11.48,6
137,5,0.8,11.16,6
138,5,0.8,11.24,6
139,5,0.8,11.5,6
140,5,0.8,11.6,6
141,5,0.8,12.12,6
142,5,0.8,12.18,6
143,5,0.8,11.5,6
144,5,0.8,10.96,6
145,5,0.8,11.38,6
146,5,0.8,11.34,6
147,5,0.8,11.54,6
148,5,0.8,10.28,6
149,5,0.8,11.26,6
150,5,0.8,11.02,6
151,5,0.8,12.22,6
152,5,0.8,11.56,6
153,5,0.8,11.52,6
154,5,0.8,11.92,6
155,5,0.8,11.2,6
156,5,0.8,11.18,6
157,5,0.8,11.68,6
158,5,0.8,12.06,6
159,5,0.8,11.94,6
160,5,0.8,11.56,6
161,5,0.8,12.24,6
162,5,0.8,11.52,6
163,5,0.8,10.7,6
164,5,0.8,11.78,6
165,5,0.8,11.78,6
166,5,0.8,12.3,6
167,5,0.8,11.74,6
168,5,0.8,11.74,6
169,5,0.8,11.54,6
170,5,0.8,10.76,6
171,5,0.8,10.72,6
172,5,0.8,10.6,6
173,5,0.8,11.84,6
174,5,0.8,11.92,6
175,5,0.8,11.18,6
176,5,0.8,11.3,6
177,5,0.8,11.6,6
178,5,0.8,10.88,6
179,5,0.8,11.06,6
180,5,0.8,10.72,6
181,5,0.8,11.48,6
182,5,0.8,10.98,6
183,5,0.8,11.48,6
184,5,0.8,10.52,5
185,5,0.8,11.38,5
186,5,0.8,10.94,5
187,5,0.8,10.56,5
188,5,0.8,10.56,5
189,5,0.8,10.88,5
190,5,0.8,11.06,5
191,5,0.8,10.12,5
192,5,0.8,11.0,5
193,5,0.8,9.76,5
194,5,0.8,9.36,5
195,5,0.8,10.96,5
196,5,0.8,10.5,5
197,5,0.8,10.56,5
198,5,0.8,10.54,5
199,5,0.8,10.5,5
200,5,0.8,10.72,5
201,5,0.8,10.84,5
202,5,0.8,10.58,5
203,5,0.8,10.08,5
204,5,0.8,10.08,5
205,5,0.8,9.64,5
206,5,0.8,10.42,5
207,5,0.8,10.8,5
208,5,0.8,11.38,5
209,5,0.8,10.58,5
210,5,0.8,9.7,5
211,5,0.8,10.64,5
212,5,0.8,9.64,5
213,5,0.8,10.78,5
214,5,0.8,9.86,5
215,5,0.8,10.48,5
216,5,0.8,10.14,5
217,5,0.8,9.66,5
218,5,0.8,9.92,5
219,5,0.8,10.64,5
220,5,0.8,10.6,5
221,5,0.8,10.76,5
222,5,0.8,10.28,5
223,5,0.8,10.58,5
224,5,0.8,10.14,5
225,5,0.8,10.06,5
226,5,0.8,10.88,5
227,5,0.8,11.12,5
228,5,0.8,9.28,5
229,5,0.8,9.74,5
230,5,0.8,10.44,5
231,5,0.8,9.62,5
232,5,0.8,10.66,5
233,5,0.8,10.06,5
234,5,0.8,9.7,5
235,5,0.8,9.78,5
236,5,0.8,10.38,5
237,5,0.8,9.62,5
238,5,0.8,10.12,5
239,5,0.8,11.0,5
240,5,0.8,10.42,5
241,5,0.8,10.06,5
242,5,0.8,11.2,5
243,5,0.8,10.92,5
244,5,0.8,9.98,5
245,5,0.8,10.04,5
246,5,0.8,11.18,5
247,5,0.8,10.16,5
248,5,0.8,10.66,5
249,5,0.8,11.08,5
250,5,0.8,10.42,5
251,5,0.8,11.14,5
252,5,0.8,10.1,5
253,5,0.8,10.0,5
254,5,0.8,9.96,5
255,5,0.8,11.3,5
256,5,0.8,10.5,5
257,5,0.8,10.62,5
258,5,0.8,10.08,5
259,5,0.8,10.08,5
260,5,0.8,9.94,5
261,5,0.8,10.86,5
262,5,0.8,10.48,5
263,5,0.8,10.28,5
264,5,0.8,9.74,5
265,5,0.8,9.82,5
266,5,0.8,10.84,5
267,5,0.8,10.64,5
268,5,0.8,10.38,5
269,5,0.8,11.24,5
270,5,0.8,11.04,5
271,5,0.8,10.2,5
272,5,0.8,10.5,5
273,5,0.8,10.78,5
274,5,0.8,10.1,5
275,5,0.8,10.5,5
276,5,0.8,10.74,5
277,5,0.8,9.18,5
278,5,0.8,10.6,5
279,5,0.8,10.78,5
280,5,0.8,10.5,5
281,5,0.8,10.66,5
282,5,0.8,9.72,5
283,5,0.8,10.32,5
284,5,0.8,10.56,5
285,5,0.8,11.46,5
286,5,0.8,10.38,5
287,5,0.8,10.4,5
288,5,0.8,10.7,5
289,5,0.8,10.24,5
290,5,0.8,10.44,5
291,5,0.8,10.38,5
292,5,0.8,10.5,5
293,5,0.8,10.64,5
294,5,0.8,10.16,5
295,5,0.8,10.62,5
296,5,0.8,10.66,5
297,5,0.8,10.52,5
298,5,0.8,10.64,5
299,5,0.8,10.78,5
300,5,0.8,10.68,5
301,5,0.8,10.94,5
302,5,0.8,10.1,5
303,5,0.8,10.74,5
304,5,0.8,11.04,5
305,5,0.8,11.14,5
306,5,0.8,10.24,5
307,5,0.8,11.38,5
308,5,0.8,10.76,5
309,5,0.8,10.46,5
310,5,0.8,9.52,5
311,5,0.8,11.1,5
312,5,0.8,10.06,5
313,5,0.8,9.98,5
314,5,0.8,10.82,5
315,5,0.8,10.54,5
316,5,0.8,10.0,5
317,5,0.8,10.14,5
318,5,0.8,10.38,5
319,5,0.8,10.06,5
320,5,0.8,10.06,5
321,5,0.8,10.5,5
322,5,0.8,10.1,5
323,5,0.8,9.82,5
324,5,0.8,10.4,5
325,5,0.8,9.82,5
326,5,0.8,11.22,5
327,5,0.8,9.98,5
328,5,0.8,10.06,5
329,5,0.8,11.04,5
330,5,0.8,10.46,5
331,5,0.8,10.76,5
332,5,0.8,10.32,5
333,5,0.8,9.72,5
334,5,0.8,10.42,5
335,5,0.8,10.72,5
336,5,0.8,10.18,5
337,5,0.8,10.82,5
338,5,0.8,9.92,5
339,5,0.8,10.14,5
340,5,0.8,10.44,5
341,5,0.8,11.12,5
342,5,0.8,11.96,5
343,5,0.8,11.34,5
344,5,0.8,9.74,5
345,5,0.8,10.72,4
346,5,0.8,9.0,4
347,5,0.8,10.1,4
348,5,0.8,9.9,4
349,5,0.8,8.66,4
350,5,0.8,9.86,4
351,5,0.8,10.26,4
352,5,0.8,10.24,4
353,5,0.8,9.96,4
354,5,0.8,9.4,4
355,5,0.8,9.5,4
356,5,0.8,10.04,4
357,5,0.8,10.24,4
358,5,0.8,10.08,4
359,5,0.8,10.08,4
360,5,0.8,9.96,4
361,5,0.8,9.36,4
362,5,0.8,9.76,4
363,5,0.8,9.92,4
364,5,0.8,9.9,4
365,5,0.8,9.44,4
366,5,0.8,9.46,4
367,5,0.8,10.22,4
368,5,0.8,9.12,4
369,5,0.8,10.32,4
370,5,0.8,10.22,4
371,5,0.8,9.72,4
372,5,0.8,9.0,4
373,5,0.8,9.04,4
374,5,0.8,9.62,4
375,5,0.8,10.54,4
376,5,0.8,9.38,4
377,5,0.8,9.02,4
378,5,0.8,8.7,4
379,5,0.8,9.42,4
380,5,0.8,9.84,4
381,5,0.8,10.74,4
382,5,0.8,10.04,4
383,5,0.8,9.92,4
384,5,0.8,10.38,4
385,5,0.8,9.7,4
386,5,0.8,8.72,4
387,5,0.8,9.06,4
388,5,0.8,10.08,4
389,5,0.8,10.58,4
390,5,0.8,10.62,3
391,5,0.8,9.02,3
392,5,0.8,8.84,3
393,5,0.8,9.42,3
394,5,0.8,8.14,3
395,5,0.8,8.62,3
396,5,0.8,8.58,3
397,5,0.8,8.56,3
398,5,0.8,8.82,3
399,5,0.8,8.8,3
400,5,0.8,9.36,3
401,5,0.8,9.72,3
402,5,0.8,8.9,3
403,5,0.8,8.08,3
404,5,0.8,8.34,3
405,5,0.8,8.96,3
406,5,0.8,8.5,3
407,5,0.8,8.94,3
408,5,0.8,9.12,3
409,5,0.8,9.62,3
410,5,0.8,8.08,3
411,5,0.8,8.48,3
412,5,0.8,8.2,3
413,5,0.8,8.44,3
414,5,0.8,8.26,3
415,5,0.8,8.74,3
416,5,0.8,7.92,3
417,5,0.8,9.06,3
418,5,0.8,8.88,3
419,5,0.8,8.62,3
420,5,0.8,8.74,3
421,5,0.8,8.26,3
422,5,0.8,8.52,3
423,5,0.8,9.5,3
424,5,0.8,9.06,3
425,5,0.8,8.38,3
426,5,0.8,8.38,3
427,5,0.8,9.08,3
428,5,0.8,9.58,3
429,5,0.8,8.44,3
430,5,0.8,9.2,3
431,5,0.8,9.18,3
432,5,0.8,8.56,3
433,5,0.8,7.74,3
434,5,0.8,8.92,3
435,5,0.8,8.3,3
436,5,0.8,9.0,3
437,5,0.8,8.84,3
438,5,0.8,8.86,3
439,5,0.8,9.08,3
440,5,0.8,8.9,3
441,5,0.8,9.48,3
442,5,0.8,7.78,3
443,5,0.8,7.76,3
444,5,0.8,7.78,3
445,5,0.8,9.9,3
446,5,0.8,9.14,3
447,5,0.8,8.1,3
448,5,0.8,8.3,3
449,5,0.8,9.52,3
450,5,0.8,8.22,3
451,5,0.8,8.42,3
452,5,0.8,8.88,3
453,5,0.8,8.84,3
454,5,0.8,8.32,3
455,5,0.8,8.74,3
456,5,0.8,9.0,3
457,5,0.8,9.38,3
458,5,0.8,8.68,3
459,5,0.8,8.84,3
460,5,0.8,8.38,3
461,5,0.8,8.92,3
462,5,0.8,8.68,3
463,5,0.8,9.76,3
464,5,0.8,8.88,3
465,5,0.8,8.16,3
466,5,0.8,8.46,3
467,5,0.8,9.1,3
468,5,0.8,9.64,3
469,5,0.8,8.24,3
470,5,0.8,8.04,3
471,5,0.8,9.22,3
472,5,0.8,8.88,3
473,5,0.8,8.3,3
474,5,0.8,7.98,3
475,5,0.8,9.38,3
476,5,0.8,7.66,3
477,5,0.8,8.2,3
478,5,0.8,7.98,3
479,5,0.8,8.3,3
480,5,0.8,8.16,3
481,5,0.8,8.5,3
482,5,0.8,8.34,3
483,5,0.8,8.3,3
484,5,0.8,8.1,3
485,5,0.8,8.84,3
486,5,0.8,9.24,3
487,5,0.8,9.3,3
488,5,0.8,9.34,3
489,5,0.8,8.94,3
490,5,0.8,9.02,3
491,5,0.8,8.76,3
492,5,0.8,9.2,3
493,5,0.8,8.86,3
494,5,0.8,7.4,3
495,5,0.8,9.38,3
496,5,0.8,8.0,3
497,5,0.8,8.78,3
498,5,0.8,9.28,3
499,5,0.8,7.88,3
500,5,0.8,9.0,3
501,5,0.8,8.94,3
502,5,0.8,8.96,3
503,5,0.8,8.98,3
504,5,0.8,9.48,3
505,5,0.8,8.9,3
506,5,0.8,9.46,3
507,5,0.8,8.64,3
508,5,0.8,8.1,3
509,5,0.8,8.84,3
510,5,0.8,8.2,3
511,5,0.8,8.88,3
512,5,0.8,8.7,2
513,5,0.8,8.22,2
514,5,0.8,8.18,2
515,5,0.8,8.16,2
516,5,0.8,8.36,2
517,5,0.8,8.34,2
518,5,0.8,7.58,2
519,5,0.8,7.26,2
520,5,0.8,8.72,2
521,5,0.8,8.14,2
522,5,0.8,8.54,2
523,5,0.8,7.28,2
524,5,0.8,7.86,2
525,5,0.8,8.18,2
526,5,0.8,8.02,2
527,5,0.8,7.7,2
528,5,0.8,7.82,2
529,5,0.8,8.08,2
530,5,0.8,8.6,2
531,5,0.8,7.56,2
532,5,0.8,7.4,2
533,5,0.8,7.84,2
534,5,0.8,7.84,2
535,5,0.8,8.46,2
536,5,0.8,8.78,2
537,5,0.8,8.08,2
538,5,0.8,7.08,2
539,5,0.8,8.38,2
540,5,0.8,8.68,2
541,5,0.8,8.54,2
542,5,0.8,8.1,2
543,5,0.8,8.6,2
544,5,0.8,7.4,2
545,5,0.8,7.4,2
546,5,0.8,7.52,2
547,5,0.8,8.6,2
548,5,0.8,7.32,2
549,5,0.8,7.52,2
550,5,0.8,7.74,2
551,5,0.8,9.0,2
552,5,0.8,7.68,2
553,5,0.8,8.08,2
554,5,0.8,8.2,2
555,5,0.8,8.0,2
556,5,0.8,8.22,2
557,5,0.8,8.46,2
558,5,0.8,7.86,2
559,5,0.8,8.52,2
560,5,0.8,7.76,2
561,5,0.8,7.4,2
562,5,0.8,7.28,2
563,5,0.8,8.02,2
564,5,0.8,8.06,2
565,5,0.8,7.84,2
566,5,0.8,7.76,2
567,5,0.8,8.96,2
568,5,0.8,7.34,2
569,5,0.8,7.6,2
570,5,0.8,8.52,2
571,5,0.8,9.46,2
572,5,0.8,9.54,2
573,5,0.8,8.84,2
574,5,0.8,8.66,2
575,5,0.8,8.26,2
576,5,0.8,7.44,2
577,5,0.8,7.4,2
578,5,0.8,7.72,2
579,5,0.8,7.92,2
580,5,0.8,7.98,2
581,5,0.8,7.34,2
582,5,0.8,7.44,2
583,5,0.8,8.54,2
584,5,0.8,9.14,2
585,5,0.8,8.1,2
586,5,0.8,7.98,2
587,5,0.8,7.1,2
588,5,0.8,7.16,2
589,5,0.8,8.24,2
590,5,0.8,8.0,2
591,5,0.8,8.32,2
592,5,0.8,8.22,2
593,5,0.8,7.86,2
594,5,0.8,7.5,2
595,5,0.8,7.2,2
596,5,0.8,8.16,2
597,5,0.8,7.26,2
598,5,0.8,7.04,2
599,5,0.8,7.04,2
600,5,0.8,8.38,2
601,5,0.8,8.14,2
602,5,0.8,8.14,2
603,5,0.8,9.38,2
604,5,0.8,7.64,2
605,5,0.8,7.18,2
606,5,0.8,7.8,2
607,5,0.8,7.8,2
608,5,0.8,6.72,2
609,5,0.8,7.64,2
610,5,0.8,8.28,2
611,5,0.8,8.32,2
612,5,0.8,6.76,2
613,5,0.8,8.0,2
614,5,0.8,8.52,2
615,5,0.8,7.64,2
616,5,0.8,7.68,2
617,5,0.8,8.14,2
618,5,0.8,7.94,2
619,5,0.8,7.82,2
620,5,0.8,8.78,2
621,5,0.8,8.44,2
622,5,0.8,7.48,2
623,5,0.8,8.0,2
624,5,0.8,7.78,2
625,5,0.8,7.92,2
626,5,0.8,8.68,2
627,5,0.8,7.7,2
628,5,0.8,7.56,2
629,5,0.8,8.48,2
630,5,0.8,8.82,2
631,5,0.8,8.08,2
632,5,0.8,7.4,2
633,5,0.8,8.76,2
634,5,0.8,9.58,2
635,5,0.8,7.84,2
636,5,0.8,8.0,2
637,5,0.8,7.72,2
638,5,0.8,7.78,2
639,5,0.8,7.72,2
640,5,0.8,8.04,2
641,5,0.8,7.78,2
642,5,0.8,8.54,2
643,5,0.8,7.8,2
644,5,0.8,7.86,2
645,5,0.8,7.92,2
646,5,0.8,7.22,2
647,5,0.8,7.28,2
648,5,0.8,7.64,2
649,5,0.8,7.12,2
650,5,0.8,8.08,2
651,5,0.8,8.4,2
652,5,0.8,7.26,2
653,5,0.8,7.72,2
654,5,0.8,8.1,2
655,5,0.8,8.06,2
656,5,0.8,8.3,2
657,5,0.8,7.78,2
658,5,0.8,9.12,2
659,5,0.8,7.98,2
660,5,0.8,8.2,2
661,5,0.8,8.2,2
662,5,0.8,7.9,2
663,5,0.8,8.76,2
664,5,0.8,8.56,2
665,5,0.8,7.68,2
666,5,0.8,7.48,2
667,5,0.8,7.52,2
668,5,0.8,7.62,2
669,5,0.8,7.62,2
670,5,0.8,7.2,2
671,5,0.8,8.38,2
672,5,0.8,8.5,2
673,5,0.8,8.54,2
674,5,0.8,7.62,2
675,5,0.8,7.92,2
676,5,0.8,7.54,2
677,5,0.8,7.66,2
678,5,0.8,8.08,2
679,5,0.8,6.82,2
680,5,0.8,7.4,2
681,5,0.8,7.76,2
682,5,0.8,8.7,2
683,5,0.8,8.62,2
684,5,0.8,8.44,2
685,5,0.8,7.44,2
686,5,0.8,7.66,2
687,5,0.8,7.96,2
688,5,0.8,6.78,2
689,5,0.8,7.56,2
690,5,0.8,7.8,2
691,5,0.8,7.84,2
692,5,0.8,7.56,2
693,5,0.8,7.32,2
694,5,0.8,8.2,2
695,5,0.8,7.42,2
696,5,0.8,8.54,2
697,5,0.8,7.92,2
698,5,0.8,8.24,2
699,5,0.8,8.04,2
700,5,0.8,8.16,2
701,5,0.8,8.16,2
702,5,0.8,7.84,2
703,5,0.8,8.04,2
704,5,0.8,8.8,2
705,5,0.8,7.64,2
706,5,0.8,6.6,2
707,5,0.8,7.5,2
708,5,0.8,7.14,2
709,5,0.8,7.6,2
710,5,0.8,8.44,2
711,5,0.8,8.36,2
712,5,0.8,8.12,2
713,5,0.8,8.3,2
714,5,0.8,7.8,2
715,5,0.8,7.64,2
716,5,0.8,8.54,2
717,5,0.8,7.8,2
718,5,0.8,7.98,2
719,5,0.8,6.88,2
720,5,0.8,7.38,2
721,5,0.8,7.66,2
722,5,0.8,7.58,2
723,5,0.8,7.82,2
724,5,0.8,8.46,2
725,5,0.8,7.36,2
726,5,0.8,7.38,2
727,5,0.8,8.52,2
728,5,0.8,7.88,2
729,5,0.8,8.46,2
730,5,0.8,8.02,2
731,5,0.8,8.62,2
732,5,0.8,8.04,2
733,5,0.8,8.42,2
734,5,0.8,8.08,2
735,5,0.8,8.02,2
736,5,0.8,8.58,2
737,5,0.8,7.96,2
738,5,0.8,8.88,2
739,5,0.8,8.62,2
740,5,0.8,8.62,2
741,5,0.8,8.8,2
742,5,0.8,8.06,2
743,5,0.8,7.6,2
744,5,0.8,7.64,2
745,5,0.8,8.32,2
746,5,0.8,8.42,2
747,5,0.8,9.0,2
748,5,0.8,7.38,2
749,5,0.8,7.8,2
750,5,0.8,7.94,2
751,5,0.8,8.2,2
752,5,0.8,7.68,2
753,5,0.8,7.42,2
754,5,0.8,7.56,2
755,5,0.8,6.94,2
756,5,0.8,7.56,2
757,5,0.8,8.28,2
758,5,0.8,7.88,2
759,5,0.8,8.22,2
760,5,0.8,8.02,2
761,5,0.8,7.82,2
762,5,0.8,8.16,2
763,5,0.8,7.64,2
764,5,0.8,8.0,2
765,5,0.8,7.0,2
766,5,0.8,7.26,2
767,5,0.8,7.7,2
768,5,0.8,6.94,2
769,5,0.8,7.48,2
770,5,0.8,7.86,2
771,5,0.8,8.24,2
772,5,0.8,8.54,2
773,5,0.8,7.54,2
774,5,0.8,8.46,2
775,5,0.8,8.0,2
776,5,0.8,7.04,2
777,5,0.8,8.58,2
778,5,0.8,7.84,2
779,5,0.8,9.06,2
780,5,0.8,8.02,2
781,5,0.8,8.26,2
782,5,0.8,8.1,2
783,5,0.8,7.52,2
784,5,0.8,7.16,2
785,5,0.8,6.86,2
786,5,0.8,7.64,2
787,5,0.8,7.96,2
788,5,0.8,7.42,2
789,5,0.8,7.42,2
790,5,0.8,7.32,2
791,5,0.8,7.72,2
792,5,0.8,8.28,2
793,5,0.8,7.94,2
794,5,0.8,8.8,2
795,5,0.8,8.58,2
796,5,0.8,7.48,2
797,5,0.8,7.9,2
798,5,0.8,7.58,2
799,5,0.8,8.66,2
800,5,0.8,8.2,2
801,5,0.8,8.0,2
802,5,0.8,8.16,2
803,5,0.8,6.8,2
804,5,0.8,7.14,2
805,5,0.8,7.88,2
806,5,0.8,8.92,2
807,5,0.8,7.68,2
808,5,0.8,8.4,2
809,5,0.8,8.58,2
810,5,0.8,8.0,2
811,5,0.8,7.92,2
812,5,0.8,8.04,2
813,5,0.8,8.64,2
814,5,0.8,8.64,2
815,5,0.8,8.08,2
816,5,0.8,8.26,2
817,5,0.8,8.04,2
818,5,0.8,8.58,2
819,5,0.8,7.24,2
820,5,0.8,7.76,2
821,5,0.8,7.08,2
822,5,0.8,8.12,2
823,5,0.8,7.78,2
824,5,0.8,7.86,2
825,5,0.8,8.56,2
826,5,0.8,8.48,2
827,5,0.8,8.2,2
828,5,0.8,8.88,2
829,5,0.8,9.04,2
830,5,0.8,9.32,2
831,5,0.8,7.7,2
832,5,0.8,7.6,2
833,5,0.8,8.6,2
834,5,0.8,9.04,2
835,5,0.8,8.14,2
836,5,0.8,8.32,2
837,5,0.8,8.04,2
838,5,0.8,8.68,2
839,5,0.8,7.96,2
840,5,0.8,7.04,2
841,5,0.8,7.4,2
842,5,0.8,7.98,2
843,5,0.8,7.78,2
844,5,0.8,8.22,2
845,5,0.8,7.86,2
846,5,0.8,7.62,2
847,5,0.8,8.08,2
848,5,0.8,8.22,2
849,5,0.8,6.64,2
850,5,0.8,7.9,2
851,5,0.8,8.42,2
852,5,0.8,8.04,2
853,5,0.8,7.56,2
854,5,0.8,8.2,2
855,5,0.8,7.94,2
856,5,0.8,7.72,2
857,5,0.8,7.64,2
858,5,0.8,8.08,2
859,5,0.8,7.24,2
860,5,0.8,7.4,2
861,5,0.8,8.12,2
862,5,0.8,6.74,2
863,5,0.8,7.28,2
864,5,0.8,7.86,2
865,5,0.8,8.08,2
866,5,0.8,8.26,2
867,5,0.8,8.64,2
868,5,0.8,8.24,2
869,5,0.8,8.66,2
870,5,0.8,9.06,2
871,5,0.8,7.74,2
872,5,0.8,7.64,2
873,5,0.8,7.52,2
874,5,0.8,8.02,2
875,5,0.8,8.08,2
876,5,0.8,7.34,2
877,5,0.8,8.18,2
878,5,0.8,7.08,2
879,5,0.8,8.66,2
880,5,0.8,7.5,2
881,5,0.8,8.96,2
882,5,0.8,7.76,2
883,5,0.8,8.5,2
884,5,0.8,8.8,2
885,5,0.8,8.12,2
886,5,0.8,7.92,2
887,5,0.8,6.94,2
888,5,0.8,7.54,2
889,5,0.8,8.16,2
890,5,0.8,7.92,2
891,5,0.8,7.64,2
892,5,0.8,7.56,2
893,5,0.8,8.54,2
894,5,0.8,7.84,2
895,5,0.8,7.72,2
896,5,0.8,8.1,2
897,5,0.8,7.56,2
898,5,0.8,8.78,2
899,5,0.8,7.94,2
900,5,0.8,8.0,2
901,5,0.8,7.36,2
902,5,0.8,8.52,2
903,5,0.8,9.02,2
904,5,0.8,7.96,2
905,5,0.8,7.68,2
906,5,0.8,8.58,2
907,5,0.8,7.88,2
908,5,0.8,7.82,2
909,5,0.8,7.76,2
910,5,0.8,8.06,2
911,5,0.8,8.1,2
912,5,0.8,7.72,2
913,5,0.8,8.5,2
914,5,0.8,8.44,2
915,5,0.8,8.08,2
916,5,0.8,7.86,2
917,5,0.8,7.98,2
918,5,0.8,7.6,2
919,5,0.8,7.34,2
920,5,0.8,7.86,2
921,5,0.8,7.7,2
922,5,0.8,7.84,2
923,5,0.8,7.26,2
924,5,0.8,8.3,2
925,5,0.8,8.24,2
926,5,0.8,7.5,2
927,5,0.8,6.98,2
928,5,0.8,7.82,2
929,5,0.8,7.7,2
930,5,0.8,7.32,2
931,5,0.8,8.4,2
932,5,0.8,8.68,2
933,5,0.8,7.26,2
934,5,0.8,8.9,2
935,5,0.8,7.84,2
936,5,0.8,8.2,2
937,5,0.8,6.78,2
938,5,0.8,7.7,2
939,5,0.8,7.3,2
940,5,0.8,8.82,2
941,5,0.8,8.24,2
942,5,0.8,8.3,2
943,5,0.8,8.32,2
944,5,0.8,8.34,2
945,5,0.8,7.42,2
946,5,0.8,7.74,2
947,5,0.8,7.88,2
948,5,0.8,8.32,2
949,5,0.8,8.44,2
950,5,0.8,8.0,2
951,5,0.8,8.62,2
952,5,0.8,7.86,2
953,5,0.8,7.98,2
954,5,0.8,7.48,2
955,5,0.8,7.58,2
956,5,0.8,8.08,2
957,5,0.8,8.94,2
958,5,0.8,8.36,2
959,5,0.8,7.78,2
960,5,0.8,7.52,2
961,5,0.8,8.82,2
962,5,0.8,9.08,2
963,5,0.8,7.18,2
964,5,0.8,7.08,2
965,5,0.8,7.66,2
966,5,0.8,7.44,2
967,5,0.8,7.2,2
968,5,0.8,8.4,2
969,5,0.8,7.74,2
970,5,0.8,8.88,2
971,5,0.8,8.38,2
972,5,0.8,7.7,2
973,5,0.8,7.74,2
974,5,0.8,8.96,2
975,5,0.8,7.92,2
976,5,0.8,8.4,2
977,5,0.8,8.72,2
978,5,0.8,8.84,2
979,5,0.8,8.18,2
980,5,0.8,7.82,2
981,5,0.8,7.3,2
982,5,0.8,7.52,2
983,5,0.8,7.26,2
984,5,0.8,8.6,2
985,5,0.8,8.12,2
986,5,0.8,7.34,2
987,5,0.8,8.02,2
988,5,0.8,8.18,2
989,5,0.8,7.56,2
990,5,0.8,9.18,2
991,5,0.8,7.68,2
992,5,0.8,7.16,2
993,5,0.8,7.98,2
994,5,0.8,7.32,2
995,5,0.8,8.94,2
996,5,0.8,7.26,2
997,5,0.8,7.28,2
998,5,0.8,8.08,2
999,5,0.8,7.8,2
1000,5,0.8,8.82,2
1001,5,0.8,8.8,2
1002,5,0.8,7.96,2
1003,5,0.8,8.04,2
1004,5,0.8,7.66,2
1005,5,0.8,8.0,2
1006,5,0.8,9.48,2
1007,5,0.8,7.62,2
1008,5,0.8,8.64,2
1009,5,0.8,7.32,2
1010,5,0.8,7.42,2
1011,5,0.8,7.34,2
1012,5,0.8,8.46,2
1013,5,0.8,8.32,2
1014,5,0.8,8.7,2
1015,5,0.8,8.54,2
1016,5,0.8,8.02,2
1017,5,0.8,8.24,2
1018,5,0.8,7.64,2
1019,5,0.8,7.44,2
1020,5,0.8,7.12,2
1021,5,0.8,7.84,2
1022,5,0.8,8.96,2
1023,5,0.8,7.96,2
1024,5,0.8,9.38,2
1025,5,0.8,9.42,2
1026,5,0.8,8.54,2
1027,5,0.8,8.48,2
1028,5,0.8,7.78,2
1029,5,0.8,8.08,2
1030,5,0.8,8.5,2
1031,5,0.8,7.76,2
1032,5,0.8,7.98,2
1033,5,0.8,8.7,2
1034,5,0.8,7.46,2
1035,5,0.8,7.98,2
1036,5,0.8,8.16,2
1037,5,0.8,7.98,2
1038,5,0.8,7.54,2
1039,5,0.8,7.72,2
1040,5,0.8,6.92,2
1041,5,0.8,7.0,2
1042,5,0.8,8.44,2
1043,5,0.8,8.24,2
1044,5,0.8,8.08,2
1045,5,0.8,8.7,2
1046,5,0.8,7.74,2
1047,5,0.8,8.62,2
1048,5,0.8,7.92,2
1049,5,0.8,7.48,2
1050,5,0.8,7.64,2
1051,5,0.8,7.04,2
1052,5,0.8,8.56,2
1053,5,0.8,7.92,2
1054,5,0.8,7.26,2
1055,5,0.8,6.92,2
1056,5,0.8,7.1,2
1057,5,0.8,6.82,2
1058,5,0.8,7.86,2
1059,5,0.8,7.78,2
1060,5,0.8,7.66,2
1061,5,0.8,7.44,2
1062,5,0.8,7.78,2
1063,5,0.8,6.94,2
1064,5,0.8,7.6,2
1065,5,0.8,7.54,2
1066,5,0.8,8.58,2
1067,5,0.8,8.34,2
1068,5,0.8,7.76,2
1069,5,0.8,6.98,2
1070,5,0.8,7.84,2
1071,5,0.8,6.92,2
1072,5,0.8,7.42,2
1073,5,0.8,7.74,2
1074,5,0.8,7.36,2
1075,5,0.8,8.0,2
1076,5,0.8,8.3,2
1077,5,0.8,8.54,2
1078,5,0.8,8.36,2
1079,5,0.8,7.48,2
1080,5,0.8,6.68,2
1081,5,0.8,7.38,2
1082,5,0.8,8.54,2
1083,5,0.8,7.74,2
1084,5,0.8,7.34,2
1085,5,0.8,7.42,2
1086,5,0.8,7.64,2
1087,5,0.8,8.06,2
1088,5,0.8,6.78,2
1089,5,0.8,7.24,2
1090,5,0.8,7.72,2
1091,5,0.8,7.8,2
1092,5,0.8,7.16,2
1093,5,0.8,7.96,2
1094,5,0.8,8.48,2
1095,5,0.8,8.0,2
1096,5,0.8,8.26,2
1097,5,0.8,7.56,2
1098,5,0.8,7.68,2
1099,5,0.8,7.84,2
1100,5,0.8,7.74,2
1101,5,0.8,7.64,2
1102,5,0.8,8.04,2
1103,5,0.8,6.48,2
1104,5,0.8,7.4,2
1105,5,0.8,7.66,2
1106,5,0.8,7.42,2
1107,5,0.8,7.76,2
1108,5,0.8,7.3,2
1109,5,0.8,7.32,2
1110,5,0.8,7.34,2
1111,5,0.8,7.5,2
1112,5,0.8,6.92,2
1113,5,0.8,7.78,2
1114,5,0.8,7.5,2
1115,5,0.8,7.62,2
1116,5,0.8,6.98,2
1117,5,0.8,7.94,2
1118,5,0.8,8.34,2
1119,5,0.8,7.08,2
1120,5,0.8,7.24,2
1121,5,0.8,8.32,2
1122,5,0.8,8.26,2
1123,5,0.8,8.38,2
1124,5,0.8,8.84,2
1125,5,0.8,7.46,2
1126,5,0.8,8.6,2
1127,5,0.8,8.44,2
1128,5,0.8,8.04,2
1129,5,0.8,7.48,2
1130,5,0.8,7.46,2
1131,5,0.8,7.74,2
1132,5,0.8,8.06,2
1133,5,0.8,8.32,2
1134,5,0.8,8.92,2
1135,5,0.8,8.42,2
1136,5,0.8,8.4,2
1137,5,0.8,9.08,2
1138,5,0.8,7.82,2
1139,5,0.8,8.08,2
1140,5,0.8,8.02,2
1141,5,0.8,8.44,2
1142,5,0.8,8.92,2
1143,5,0.8,7.84,2
1144,5,0.8,7.42,2
1145,5,0.8,8.02,2
1146,5,0.8,6.72,2
1147,5,0.8,7.86,2
1148,5,0.8,7.7,2
1149,5,0.8,7.28,2
1150,5,0.8,8.68,2
1151,5,0.8,7.78,2
1152,5,0.8,8.72,2
1153,5,0.8,7.9,2
1154,5,0.8,8.1,2
1155,5,0.8,7.78,2
1156,5,0.8,8.24,2
1157,5,0.8,7.64,2
1158,5,0.8,8.84,2
1159,5,0.8,8.22,2
1160,5,0.8,7.8,2
1161,5,0.8,7.82,2
1162,5,0.8,7.82,2
1163,5,0.8,8.62,2
1164,5,0.8,9.26,2
1165,5,0.8,7.0,2
1166,5,0.8,8.5,2
1167,5,0.8,9.1,2
1168,5,0.8,7.94,2
1169,5,0.8,7.82,2
1170,5,0.8,8.48,2
1171,5,0.8,6.88,2
1172,5,0.8,7.46,2
1173,5,0.8,7.58,2
1174,5,0.8,7.8,2
1175,5,0.8,7.82,2
1176,5,0.8,7.48,2
1177,5,0.8,7.88,2
1178,5,0.8,8.38,2
1179,5,0.8,8.54,2
1180,5,0.8,8.8,2
1181,5,0.8,8.54,2
1182,5,0.8,8.1,2
1183,5,0.8,7.54,2
1184,5,0.8,8.6,2
1185,5,0.8,7.28,2
1186,5,0.8,6.96,2
1187,5,0.8,7.48,2
1188,5,0.8,8.0,2
1189,5,0.8,7.68,2
1190,5,0.8,7.88,2
1191,5,0.8,8.68,2
1192,5,0.8,7.48,2
1193,5,0.8,7.88,2
1194,5,0.8,7.76,2
1195,5,0.8,7.22,2
1196,5,0.8,7.92,2
1197,5,0.8,8.12,2
1198,5,0.8,7.92,2
1199,5,0.8,9.0,2
1200,5,0.8,8.14,2
1201,5,0.8,7.16,2
1202,5,0.8,7.08,2
1203,5,0.8,7.4,2
1204,5,0.8,7.72,2
1205,5,0.8,6.98,2
1206,5,0.8,7.74,2
1207,5,0.8,7.54,2
1208,5,0.8,8.22,2
1209,5,0.8,8.5,2
1210,5,0.8,7.28,2
1211,5,0.8,8.32,2
1212,5,0.8,7.88,2
1213,5,0.8,8.36,2
1214,5,0.8,8.02,2
1215,5,0.8,7.74,2
1216,5,0.8,8.06,2
1217,5,0.8,7.44,2
1218,5,0.8,8.24,2
1219,5,0.8,8.3,2
1220,5,0.8,8.5,2
1221,5,0.8,8.18,2
1222,5,0.8,7.0,2
1223,5,0.8,7.54,2
1224,5,0.8,8.3,2
1225,5,0.8,7.72,2
1226,5,0.8,8.14,2
1227,5,0.8,8.52,2
1228,5,0.8,7.9,2
1229,5,0.8,7.4,2
1230,5,0.8,7.46,2
1231,5,0.8,7.26,2
1232,5,0.8,7.82,2
1233,5,0.8,8.7,2
1234,5,0.8,8.48,2
1235,5,0.8,8.0,2
1236,5,0.8,7.54,2
1237,5,0.8,7.26,2
1238,5,0.8,7.06,2
1239,5,0.8,7.56,2
1240,5,0.8,7.7,2
1241,5,0.8,8.4,2
1242,5,0.8,7.8,2
1243,5,0.8,7.42,2
1244,5,0.8,7.38,2
1245,5,0.8,7.96,2
1246,5,0.8,8.42,2
1247,5,0.8,7.94,2
1248,5,0.8,7.82,2
1249,5,0.8,9.06,2
1250,5,0.8,7.86,2
1251,5,0.8,7.9,2
1252,5,0.8,7.88,2
1253,5,0.8,7.86,2
1254,5,0.8,8.54,2
1255,5,0.8,8.34,2
1256,5,0.8,8.7,2
1257,5,0.8,8.44,2
1258,5,0.8,8.14,2
1259,5,0.8,8.0,2
1260,5,0.8,9.08,2
1261,5,0.8,8.04,2
1262,5,0.8,9.44,2
1263,5,0.8,8.68,2
1264,5,0.8,7.56,2
1265,5,0.8,7.54,2
1266,5,0.8,7.92,2
1267,5,0.8,8.06,2
1268,5,0.8,7.64,2
1269,5,0.8,7.14,2
1270,5,0.8,8.3,2
1271,5,0.8,8.56,2
1272,5,0.8,7.94,2
1273,5,0.8,8.62,2
1274,5,0.8,8.38,2
1275,5,0.8,8.28,2
1276,5,0.8,8.3,2
1277,5,0.8,7.62,2
1278,5,0.8,7.56,2
1279,5,0.8,7.32,2
1280,5,0.8,8.66,2
1281,5,0.8,8.02,2
1282,5,0.8,6.92,2
1283,5,0.8,7.1,2
1284,5,0.8,7.3,2
1285,5,0.8,8.12,2
1286,5,0.8,8.12,2
1287,5,0.8,8.4,2
1288,5,0.8,7.74,2
1289,5,0.8,8.02,2
1290,5,0.8,7.98,2
1291,5,0.8,8.46,2
1292,5,0.8,7.58,2
1293,5,0.8,8.12,2
1294,5,0.8,7.36,2
1295,5,0.8,8.04,2
1296,5,0.8,7.58,2
1297,5,0.8,7.6,2
1298,5,0.8,7.34,2
1299,5,0.8,7.38,2
1300,5,0.8,7.54,2
1301,5,0.8,7.66,2
1302,5,0.8,8.4,2
1303,5,0.8,7.98,2
1304,5,0.8,8.18,2
1305,5,0.8,6.82,2
1306,5,0.8,7.5,2
1307,5,0.8,7.96,2
1308,5,0.8,7.7,2
1309,5,0.8,7.82,2
1310,5,0.8,7.52,2
1311,5,0.8,8.22,2
1312,5,0.8,7.72,2
1313,5,0.8,7.9,2
1314,5,0.8,8.72,2
1315,5,0.8,8.5,2
1316,5,0.8,6.74,2
1317,5,0.8,6.64,2
1318,5,0.8,7.46,2
1319,5,0.8,6.84,2
1320,5,0.8,7.62,2
1321,5,0.8,7.9,2
1322,5,0.8,7.94,2
1323,5,0.8,8.18,2
1324,5,0.8,8.16,2
1325,5,0.8,7.42,2
1326,5,0.8,8.28,2
1327,5,0.8,7.9,2
1328,5,0.8,7.3,1
1329,5,0.8,7.92,1
1330,5,0.8,6.34,1
1331,5,0.8,7.04,1
1332,5,0.8,6.82,1
1333,5,0.8,6.16,1
1334,5,0.8,6.64,1
1335,5,0.8,7.12,1
1336,5,0.8,8.4,1
1337,5,0.8,6.46,1
1338,5,0.8,6.94,1
1339,5,0.8,7.12,1
1340,5,0.8,6.92,1
1341,5,0.8,7.8,1
1342,5,0.8,7.1,1
1343,5,0.8,6.4,1
1344,5,0.8,7.1,1
1345,5,0.8,6.72,1
1346,5,0.8,7.14,1
1347,5,0.8,6.92,1
1348,5,0.8,6.66,1
1349,5,0.8,6.08,1
1350,5,0.8,6.58,1
1351,5,0.8,7.04,1
1352,5,0.8,6.62,1
1353,5,0.8,7.46,1
1354,5,0.8,7.32,1
1355,5,0.8,6.2,1
1356,5,0.8,6.08,1
1357,5,0.8,6.56,1
1358,5,0.8,6.88,1
1359,5,0.8,7.3,1
1360,5,0.8,7.62,1
1361,5,0.8,8.08,1
1362,5,0.8,6.72,1
1363,5,0.8,7.78,1
1364,5,0.8,6.9,1
1365,5,0.8,6.16,1
1366,5,0.8,6.82,1
1367,5,0.8,7.18,1
1368,5,0.8,6.88,1
1369,5,0.8,7.64,1
1370,5,0.8,6.94,1
1371,5,0.8,6.72,1
1372,5,0.8,7.6,1
1373,5,0.8,5.92,1
1374,5,0.8,8.12,1
1375,5,0.8,8.24,1
1376,5,0.8,7.12,1
1377,5,0.8,8.12,1
1378,5,0.8,7.5,1
1379,5,0.8,8.08,1
1380,5,0.8,6.36,1
1381,5,0.8,6.2,1
1382,5,0.8,7.84,1
1383,5,0.8,7.16,1
1384,5,0.8,6.02,1
1385,5,0.8,7.7,1
1386,5,0.8,7.26,1
1387,5,0.8,6.38,1
1388,5,0.8,7.02,1
1389,5,0.8,7.88,1
1390,5,0.8,6.46,1
1391,5,0.8,7.12,1
1392,5,0.8,7.12,1
1393,5,0.8,6.6,1
1394,5,0.8,7.2,1
1395,5,0.8,7.36,1
1396,5,0.8,7.06,1
1397,5,0.8,6.7,1
1398,5,0.8,6.56,1
1399,5,0.8,6.84,1
1400,5,0.8,6.8,1
1401,5,0.8,6.56,1
1402,5,0.8,7.2,1
1403,5,0.8,7.22,1
1404,5,0.8,7.92,1
1405,5,0.8,6.3,1
1406,5,0.8,6.9,1
1407,5,0.8,7.4,1
1408,5,0.8,6.88,1
1409,5,0.8,6.94,1
1410,5,0.8,7.38,1
1411,5,0.8,7.2,1
1412,5,0.8,6.84,1
1413,5,0.8,7.64,1
1414,5,0.8,7.36,1
1415,5,0.8,7.06,1
1416,5,0.8,6.64,1
1417,5,0.8,6.16,1
1418,5,0.8,6.42,1
1419,5,0.8,7.92,1
1420,5,0.8,7.6,1
1421,5,0.8,6.18,1
1422,5,0.8,6.56,1
1423,5,0.8,6.86,1
1424,5,0.8,6.62,1
1425,5,0.8,7.38,1
1426,5,0.8,7.66,1
1427,5,0.8,6.6,1
1428,5,0.8,6.12,1
1429,5,0.8,6.54,1
1430,5,0.8,7.48,1
1431,5,0.8,7.64,1
1432,5,0.8,7.24,1
1433,5,0.8,6.2,1
1434,5,0.8,6.6,1
1435,5,0.8,6.74,1
1436,5,0.8,6.9,1
1437,5,0.8,6.56,1
1438,5,0.8,6.98,1
1439,5,0.8,7.82,1
1440,5,0.8,6.16,1
1441,5,0.8,7.08,1
1442,5,0.8,6.78,1
1443,5,0.8,6.98,1
1444,5,0.8,7.14,1
1445,5,0.8,7.68,1
1446,5,0.8,7.56,1
1447,5,0.8,7.4,1
1448,5,0.8,6.26,1
1449,5,0.8,6.76,1
1450,5,0.8,6.8,1
1451,5,0.8,7.8,1
1452,5,0.8,6.8,1
1453,5,0.8,7.2,1
1454,5,0.8,6.02,1
1455,5,0.8,7.74,1
1456,5,0.8,6.26,1
1457,5,0.8,6.72,1
1458,5,0.8,7.02,1
1459,5,0.8,7.48,1
1460,5,0.8,7.14,1
1461,5,0.8,7.48,1
1462,5,0.8,7.36,1
1463,5,0.8,7.52,1
1464,5,0.8,8.04,1
1465,5,0.8,8.34,1
1466,5,0.8,7.7,1
1467,5,0.8,7.52,1
1468,5,0.8,8.02,1
1469,5,0.8,6.26,1
1470,5,0.8,7.26,1
1471,5,0.8,6.64,1
1472,5,0.8,7.08,1
1473,5,0.8,7.18,1
1474,5,0.8,6.8,1
1475,5,0.8,6.46,1
1476,5,0.8,7.06,1
1477,5,0.8,7.24,1
1478,5,0.8,7.38,1
1479,5,0.8,6.7,1
1480,5,0.8,6.06,1
1481,5,0.8,7.32,1
1482,5,0.8,6.68,1
1483,5,0.8,7.52,1
1484,5,0.8,8.14,1
1485,5,0.8,8.18,1
1486,5,0.8,7.94,1
1487,5,0.8,6.88,1
1488,5,0.8,6.88,1
1489,5,0.8,6.22,1
1490,5,0.8,7.0,1
1491,5,0.8,7.6,1
1492,5,0.8,7.04,1
1493,5,0.8,6.14,1
1494,5,0.8,7.66,1
1495,5,0.8,7.54,1
1496,5,0.8,7.16,1
1497,5,0.8,7.04,1
1498,5,0.8,6.74,1
1499,5,0.8,7.56,1
1500,5,0.8,6.54,1
1501,5,0.8,6.84,1
1502,5,0.8,7.28,1
1503,5,0.8,7.76,1
1504,5,0.8,7.1,1
1505,5,0.8,7.76,1
1506,5,0.8,6.58,1
1507,5,0.8,6.26,1
1508,5,0.8,7.42,1
1509,5,0.8,6.94,1
1510,5,0.8,6.66,1
1511,5,0.8,5.94,1
1512,5,0.8,6.06,1
1513,5,0.8,6.62,1
1514,5,0.8,6.34,1
1515,5,0.8,6.44,1
1516,5,0.8,5.9,1
1517,5,0.8,7.32,1
1518,5,0.8,6.66,1
1519,5,0.8,6.56,1
1520,5,0.8,6.02,1
1521,5,0.8,7.58,1
1522,5,0.8,6.8,1
1523,5,0.8,6.46,1
1524,5,0.8,7.1,1
1525,5,0.8,6.92,1
1526,5,0.8,6.5,1
1527,5,0.8,7.5,1
1528,5,0.8,7.02,1
1529,5,0.8,7.24,1
1530,5,0.8,7.22,1
1531,5,0.8,7.72,1
1532,5,0.8,7.58,1
1533,5,0.8,7.48,1
1534,5,0.8,6.76,1
1535,5,0.8,7.3,1
1536,5,0.8,7.3,1
1537,5,0.8,6.52,1
1538,5,0.8,7.08,1
1539,5,0.8,6.72,1
1540,5,0.8,7.66,1
1541,5,0.8,8.04,1
1542,5,0.8,7.54,1
1543,5,0.8,6.42,1
1544,5,0.8,7.44,1
1545,5,0.8,6.8,1
1546,5,0.8,6.82,1
1547,5,0.8,8.28,1
1548,5,0.8,8.46,1
1549,5,0.8,7.4,1
1550,5,0.8,7.18,1
1551,5,0.8,7.1,1
1552,5,0.8,8.5,1
1553,5,0.8,7.42,1
1554,5,0.8,6.52,1
1555,5,0.8,7.0,1
1556,5,0.8,7.22,1
1557,5,0.8,6.86,1
1558,5,0.8,6.02,1
1559,5,0.8,7.22,1
1560,5,0.8,7.06,1
1561,5,0.8,7.0,1
1562,5,0.8,5.78,1
1563,5,0.8,6.76,1
1564,5,0.8,6.72,1
1565,5,0.8,7.16,1
1566,5,0.8,6.46,1
1567,5,0.8,6.58,1
1568,5,0.8,7.28,1
1569,5,0.8,6.78,1
1570,5,0.8,6.42,1
1571,5,0.8,6.7,1
1572,5,0.8,6.36,1
1573,5,0.8,5.8,1
1574,5,0.8,6.5,1
1575,5,0.8,7.8,1
1576,5,0.8,7.56,1
1577,5,0.8,7.74,1
1578,5,0.8,7.62,1
1579,5,0.8,6.34,1
1580,5,0.8,6.32,1
1581,5,0.8,7.3,1
1582,5,0.8,6.88,1
1583,5,0.8,6.2,1
1584,5,0.8,6.6,1
1585,5,0.8,6.38,1
1586,5,0.8,7.1,1
1587,5,0.8,7.44,1
1588,5,0.8,8.1,1
1589,5,0.8,8.62,1
1590,5,0.8,7.0,1
1591,5,0.8,5.74,1
1592,5,0.8,7.04,1
1593,5,0.8,6.64,1
1594,5,0.8,6.64,1
1595,5,0.8,7.36,1
1596,5,0.8,6.7,1
1597,5,0.8,7.96,1
1598,5,0.8,6.76,1
1599,5,0.8,6.96,1
1600,5,0.8,7.58,1
1601,5,0.8,7.64,1
1602,5,0.8,7.84,1
1603,5,0.8,7.3,1
1604,5,0.8,6.34,1
1605,5,0.8,7.08,1
1606,5,0.8,6.78,1
1607,5,0.8,7.18,1
1608,5,0.8,6.2,1
1609,5,0.8,7.78,1
1610,5,0.8,7.44,1
1611,5,0.8,6.96,1
1612,5,0.8,7.28,1
1613,5,0.8,8.04,1
1614,5,0.8,8.6,1
1615,5,0.8,7.38,1
1616,5,0.8,6.8,1
1617,5,0.8,8.04,1
1618,5,0.8,6.96,1
1619,5,0.8,7.22,1
1620,5,0.8,7.18,1
1621,5,0.8,7.22,1
1622,5,0.8,6.04,1
1623,5,0.8,7.06,1
1624,5,0.8,6.12,1
1625,5,0.8,7.26,1
1626,5,0.8,6.3,1
1627,5,0.8,7.02,1
1628,5,0.8,7.42,1
1629,5,0.8,7.58,1
1630,5,0.8,6.94,1
1631,5,0.8,6.76,1
1632,5,0.8,6.92,1
1633,5,0.8,7.26,1
1634,5,0.8,6.48,1
1635,5,0.8,6.74,1
1636,5,0.8,7.04,1
1637,5,0.8,7.46,1
1638,5,0.8,7.26,1
1639,5,0.8,7.2,1
1640,5,0.8,6.66,1
1641,5,0.8,7.3,1
1642,5,0.8,7.42,1
1643,5,0.8,7.4,1
1644,5,0.8,7.0,1
1645,5,0.8,7.3,1
1646,5,0.8,6.38,1
1647,5,0.8,6.64,1
1648,5,0.8,7.3,1
1649,5,0.8,7.06,1
1650,5,0.8,7.0,1
1651,5,0.8,6.36,1
1652,5,0.8,7.24,1
1653,5,0.8,5.84,1
1654,5,0.8,6.88,1
1655,5,0.8,6.08,1
1656,5,0.8,6.32,1
1657,5,0.8,6.48,1
1658,5,0.8,5.88,1
1659,5,0.8,6.76,1
1660,5,0.8,6.74,1
1661,5,0.8,6.02,1
1662,5,0.8,6.6,1
1663,5,0.8,6.68,1
1664,5,0.8,6.64,1
1665,5,0.8,7.3,1
1666,5,0.8,6.86,1
1667,5,0.8,6.8,1
1668,5,0.8,6.66,1
1669,5,0.8,6.96,1
1670,5,0.8,7.1,1
1671,5,0.8,7.84,1
1672,5,0.8,7.62,1
1673,5,0.8,7.24,1
1674,5,0.8,6.52,1
1675,5,0.8,7.76,1
1676,5,0.8,7.32,1
1677,5,0.8,6.92,1
1678,5,0.8,7.44,1
1679,5,0.8,6.66,1
1680,5,0.8,6.94,1
1681,5,0.8,7.28,1
1682,5,0.8,7.46,1
1683,5,0.8,6.92,1
1684,5,0.8,6.04,1
1685,5,0.8,6.82,1
1686,5,0.8,7.54,1
1687,5,0.8,7.74,1
1688,5,0.8,7.42,1
1689,5,0.8,7.62,1
1690,5,0.8,7.98,1
1691,5,0.8,7.6,1
1692,5,0.8,7.18,1
1693,5,0.8,7.5,1
1694,5,0.8,7.88,1
1695,5,0.8,7.46,1
1696,5,0.8,7.06,1
1697,5,0.8,7.74,1
1698,5,0.8,6.84,1
1699,5,0.8,6.46,1
1700,5,0.8,6.7,1
1701,5,0.8,7.12,1
1702,5,0.8,8.0,1
1703,5,0.8,6.52,1
1704,5,0.8,6.9,1
1705,5,0.8,7.84,1
1706,5,0.8,7.24,1
1707,5,0.8,7.22,1
1708,5,0.8,7.52,1
1709,5,0.8,6.66,1
1710,5,0.8,6.08,1
1711,5,0.8,6.56,1
1712,5,0.8,7.3,1
1713,5,0.8,6.68,1
1714,5,0.8,6.5,1
1715,5,0.8,7.54,1
1716,5,0.8,6.66,1
1717,5,0.8,6.28,1
1718,5,0.8,7.72,1
1719,5,0.8,6.96,1
1720,5,0.8,7.66,1
1721,5,0.8,6.7,1
1722,5,0.8,6.96,1
1723,5,0.8,6.94,1
1724,5,0.8,6.02,1
1725,5,0.8,6.54,1
1726,5,0.8,7.52,1
1727,5,0.8,8.02,1
1728,5,0.8,8.9,1
1729,5,0.8,8.06,1
1730,5,0.8,7.34,1
1731,5,0.8,7.0,1
1732,5,0.8,7.1,1
1733,5,0.8,7.58,1
1734,5,0.8,7.14,1
1735,5,0.8,6.76,1
1736,5,0.8,7.24,1
1737,5,0.8,6.18,1
1738,5,0.8,7.04,1
1739,5,0.8,7.0,1
1740,5,0.8,6.02,1
1741,5,0.8,6.7,1
1742,5,0.8,6.28,1
1743,5,0.8,7.02,1
1744,5,0.8,7.24,1
1745,5,0.8,7.54,1
1746,5,0.8,6.9,1
1747,5,0.8,8.34,1
1748,5,0.8,6.78,1
1749,5,0.8,6.92,1
1750,5,0.8,6.78,1
1751,5,0.8,5.52,1
1752,5,0.8,7.64,1
1753,5,0.8,7.26,1
1754,5,0.8,6.88,1
1755,5,0.8,7.3,1
1756,5,0.8,6.62,1
1757,5,0.8,7.96,1
1758,5,0.8,6.84,1
1759,5,0.8,5.8,1
1760,5,0.8,7.24,1
1761,5,0.8,7.06,1
1762,5,0.8,7.66,1
1763,5,0.8,7.36,1
1764,5,0.8,7.06,1
1765,5,0.8,6.8,1
1766,5,0.8,6.96,1
1767,5,0.8,7.4,1
1768,5,0.8,7.72,1
1769,5,0.8,7.18,1
1770,5,0.8,6.6,1
1771,5,0.8,6.74,1
1772,5,0.8,7.58,1
1773,5,0.8,7.5,1
1774,5,0.8,7.86,1
1775,5,0.8,7.46,1
1776,5,0.8,7.98,1
1777,5,0.8,7.1,1
1778,5,0.8,7.58,1
1779,5,0.8,7.66,1
1780,5,0.8,7.7,1
1781,5,0.8,6.68,1
1782,5,0.8,5.72,1
1783,5,0.8,6.24,1
1784,5,0.8,5.58,1
1785,5,0.8,6.18,1
1786,5,0.8,6.68,1
1787,5,0.8,6.14,1
1788,5,0.8,6.38,1
1789,5,0.8,6.58,1
1790,5,0.8,7.06,1
1791,5,0.8,7.94,1
1792,5,0.8,7.88,1
1793,5,0.8,7.68,1
1794,5,0.8,7.76,1
1795,5,0.8,7.24,1
1796,5,0.8,7.16,1
1797,5,0.8,6.72,1
1798,5,0.8,7.38,1
1799,5,0.8,7.76,1
1800,5,0.8,7.04,1
1801,5,0.8,7.64,1
1802,5,0.8,7.54,1
1803,5,0.8,7.6,1
1804,5,0.8,5.54,1
1805,5,0.8,6.34,1
1806,5,0.8,6.44,1
1807,5,0.8,6.52,1
1808,5,0.8,7.68,1
1809,5,0.8,6.4,1
1810,5,0.8,6.88,1
1811,5,0.8,6.28,1
1812,5,0.8,6.24,1
1813,5,0.8,6.94,1
1814,5,0.8,6.78,1
1815,5,0.8,7.74,1
1816,5,0.8,7.52,1
1817,5,0.8,6.98,1
1818,5,0.8,6.52,1
1819,5,0.8,6.74,1
1820,5,0.8,6.68,1
1821,5,0.8,6.98,1
1822,5,0.8,6.8,1
1823,5,0.8,6.74,1
1824,5,0.8,7.94,1
1825,5,0.8,7.2,1
1826,5,0.8,7.42,1
1827,5,0.8,6.86,1
1828,5,0.8,6.58,1
1829,5,0.8,6.78,1
1830,5,0.8,7.54,1
1831,5,0.8,6.58,1
1832,5,0.8,6.44,1
1833,5,0.8,5.64,1
1834,5,0.8,7.54,1
1835,5,0.8,7.24,1
1836,5,0.8,6.86,1
1837,5,0.8,6.82,1
1838,5,0.8,6.58,1
1839,5,0.8,7.24,1
1840,5,0.8,7.42,1
1841,5,0.8,7.38,1
1842,5,0.8,7.66,1
1843,5,0.8,7.6,1
1844,5,0.8,6.0,1
1845,5,0.8,8.48,1
1846,5,0.8,7.62,1
1847,5,0.8,7.08,1
1848,5,0.8,7.06,1
1849,5,0.8,7.56,1
1850,5,0.8,6.24,1
1851,5,0.8,8.14,1
1852,5,0.8,6.46,1
1853,5,0.8,7.1,1
1854,5,0.8,6.9,1
1855,5,0.8,7.88,1
1856,5,0.8,7.88,1
1857,5,0.8,7.82,1
1858,5,0.8,6.88,1
1859,5,0.8,8.82,1
1860,5,0.8,7.38,1
1861,5,0.8,6.84,1
1862,5,0.8,6.92,1
1863,5,0.8,6.74,1
1864,5,0.8,5.96,1
1865,5,0.8,7.08,1
1866,5,0.8,6.42,1
1867,5,0.8,6.54,1
1868,5,0.8,7.56,1
1869,5,0.8,6.94,1
1870,5,0.8,7.18,1
1871,5,0.8,6.98,1
1872,5,0.8,6.86,1
1873,5,0.8,7.44,1
1874,5,0.8,6.76,1
1875,5,0.8,6.86,1
1876,5,0.8,6.4,1
1877,5,0.8,7.7,1
1878,5,0.8,6.76,1
1879,5,0.8,6.78,1
1880,5,0.8,8.08,1
1881,5,0.8,8.74,1
1882,5,0.8,8.68,1
1883,5,0.8,7.82,1
1884,5,0.8,7.08,1
1885,5,0.8,7.76,1
1886,5,0.8,7.14,1
1887,5,0.8,6.24,1
1888,5,0.8,6.58,1
1889,5,0.8,5.84,1
1890,5,0.8,6.86,1
1891,5,0.8,6.28,1
1892,5,0.8,6.76,1
1893,5,0.8,7.86,1
1894,5,0.8,6.92,1
1895,5,0.8,6.8,1
1896,5,0.8,7.38,1
1897,5,0.8,6.58,1
1898,5,0.8,7.94,1
1899,5,0.8,7.32,1
1900,5,0.8,6.42,1
1901,5,0.8,6.46,1
1902,5,0.8,7.16,1
1903,5,0.8,6.3,1
1904,5,0.8,6.88,1
1905,5,0.8,6.6,1
1906,5,0.8,6.24,1
1907,5,0.8,6.94,1
1908,5,0.8,7.3,1
1909,5,0.8,7.48,1
1910,5,0.8,7.38,1
1911,5,0.8,7.06,1
1912,5,0.8,7.48,1
1913,5,0.8,6.14,1
1914,5,0.8,6.54,1
1915,5,0.8,6.36,1
1916,5,0.8,6.96,1
1917,5,0.8,6.64,1
1918,5,0.8,6.54,1
1919,5,0.8,7.46,1
1920,5,0.8,6.6,1
1921,5,0.8,7.48,1
1922,5,0.8,6.82,1
1923,5,0.8,6.76,1
1924,5,0.8,6.54,1
1925,5,0.8,6.56,1
1926,5,0.8,6.96,1
1927,5,0.8,6.2,1
1928,5,0.8,6.82,1
1929,5,0.8,7.42,1
1930,5,0.8,7.16,1
1931,5,0.8,6.52,1
1932,5,0.8,6.34,1
1933,5,0.8,6.3,1
1934,5,0.8,7.54,1
1935,5,0.8,7.74,1
1936,5,0.8,7.86,1
1937,5,0.8,7.0,1
1938,5,0.8,8.1,1
1939,5,0.8,7.68,1
1940,5,0.8,6.88,1
1941,5,0.8,7.32,1
1942,5,0.8,6.72,1
1943,5,0.8,6.6,1
1944,5,0.8,6.86,1
1945,5,0.8,6.94,1
1946,5,0.8,7.56,1
1947,5,0.8,7.44,1
1948,5,0.8,7.1,1
1949,5,0.8,6.7,1
1950,5,0.8,5.98,1
1951,5,0.8,6.34,1
1952,5,0.8,6.78,1
1953,5,0.8,6.7,1
1954,5,0.8,6.76,1
1955,5,0.8,6.68,1
1956,5,0.8,6.94,1
1957,5,0.8,6.16,1
1958,5,0.8,6.58,1
1959,5,0.8,6.84,1
1960,5,0.8,6.96,1
1961,5,0.8,6.9,1
1962,5,0.8,6.16,1
1963,5,0.8,7.08,1
1964,5,0.8,7.1,1
1965,5,0.8,6.32,1
1966,5,0.8,7.06,1
1967,5,0.8,6.2,1
1968,5,0.8,5.56,1
1969,5,0.8,5.38,1
1970,5,0.8,5.58,1
1971,5,0.8,6.6,1
1972,5,0.8,7.7,1
1973,5,0.8,7.22,1
1974,5,0.8,7.94,1
1975,5,0.8,6.88,1
1976,5,0.8,6.28,1
1977,5,0.8,5.96,1
1978,5,0.8,6.52,1
1979,5,0.8,7.64,1
1980,5,0.8,6.82,1
1981,5,0.8,6.8,1
1982,5,0.8,7.38,1
1983,5,0.8,6.68,1
1984,5,0.8,7.06,1
1985,5,0.8,7.62,1
1986,5,0.8,7.44,1
1987,5,0.8,7.18,1
1988,5,0.8,7.8,1
1989,5,0.8,7.56,1
1990,5,0.8,7.64,1
1991,5,0.8,7.5,1
1992,5,0.8,7.84,1
1993,5,0.8,7.64,1
1994,5,0.8,8.24,1
1995,5,0.8,6.74,1
1996,5,0.8,6.4,1
1997,5,0.8,7.32,1
1998,5,0.8,8.0,1
1999,5,0.8,7.52,1
2000,5,0.8,7.94,1
0,1,0.95,57.84,28
1,1,0.95,41.34,27
2,1,0.95,30.3,25
3,1,0.95,29.28,25
4,1,0.95,27.9,24
5,1,0.95,27.88,23
6,1,0.95,27.08,23
7,1,0.95,26.9,23
8,1,0.95,27.32,19
9,1,0.95,24.84,17
10,1,0.95,20.8,17
11,1,0.95,20.74,17
12,1,0.95,20.68,17
13,1,0.95,21.3,17
14,1,0.95,21.3,16
15,1,0.95,20.84,16
16,1,0.95,20.1,15
17,1,0.95,19.76,15
18,1,0.95,18.9,14
19,1,0.95,18.98,14
20,1,0.95,18.42,14
21,1,0.95,18.5,14
22,1,0.95,18.56,13
23,1,0.95,17.18,13
24,1,0.95,17.16,13
25,1,0.95,16.78,13
26,1,0.95,17.7,13
27,1,0.95,17.26,12
28,1,0.95,17.04,12
29,1,0.95,16.62,11
30,1,0.95,15.58,11
31,1,0.95,15.52,11
32,1,0.95,15.72,11
33,1,0.95,15.88,10
34,1,0.95,14.52,10
35,1,0.95,14.16,10
36,1,0.95,14.22,10
37,1,0.95,14.76,10
38,1,0.95,14.72,10
39,1,0.95,15.02,10
40,1,0.95,15.26,10
41,1,0.95,14.9,10
42,1,0.95,15.36,10
43,1,0.95,14.08,9
44,1,0.95,14.86,9
45,1,0.95,13.98,9
46,1,0.95,13.82,9
47,1,0.95,13.1,9
48,1,0.95,13.44,9
49,1,0.95,13.5,9
50,1,0.95,14.04,9
51,1,0.95,13.76,9
52,1,0.95,13.96,9
53,1,0.95,13.08,9
54,1,0.95,13.98,9
55,1,0.95,13.82,9
56,1,0.95,14.1,8
57,1,0.95,13.34,8
58,1,0.95,14.16,8
59,1,0.95,14.08,7
60,1,0.95,12.9,7
61,1,0.95,12.84,7
62,1,0.95,11.66,7
63,1,0.95,11.12,7
64,1,0.95,12.58,7
65,1,0.95,11.64,7
66,1,0.95,12.9,7
67,1,0.95,12.24,7
68,1,0.95,13.28,7
69,1,0.95,12.22,7
70,1,0.95,12.74,7
71,1,0.95,12.86,7
72,1,0.95,12.82,7
73,1,0.95,12.88,7
74,1,0.95,12.84,7
75,1,0.95,11.86,7
76,1,0.95,12.6,7
77,1,0.95,12.3,7
78,1,0.95,13.14,7
79,1,0.95,12.62,7
80,1,0.95,11.62,7
81,1,0.95,12.22,6
82,1,0.95,11.14,6
83,1,0.95,10.86,6
84,1,0.95,10.98,6
85,1,0.95,11.58,6
86,1,0.95,10.7,6
87,1,0.95,11.5,5
88,1,0.95,11.12,5
89,1,0.95,9.96,5
90,1,0.95,10.2,5
91,1,0.95,10.04,5
92,1,0.95,10.42,5
93,1,0.95,10.0,5
94,1,0.95,9.78,5
95,1,0.95,10.72,5
96,1,0.95,10.44,5
97,1,0.95,10.66,5
98,1,0.95,10.5,5
99,1,0.95,10.52,5
100,1,0.95,9.84,5
101,1,0.95,10.02,5
102,1,0.95,9.96,5
103,1,0.95,10.38,5
104,1,0.95,10.14,5
105,1,0.95,9.84,5
106,1,0.95,10.28,5
107,1,0.95,10.06,5
108,1,0.95,10.2,5
109,1,0.95,10.0,5
110,1,0.95,10.64,5
111,1,0.95,9.72,5
112,1,0.95,9.82,5
113,1,0.95,9.76,5
114,1,0.95,10.1,5
115,1,0.95,9.6,5
116,1,0.95,11.28,5
117,1,0.95,9.28,5
118,1,0.95,11.12,5
119,1,0.95,10.7,5
120,1,0.95,10.38,5
121,1,0.95,10.5,5
122,1,0.95,10.52,4
123,1,0.95,9.64,4
124,1,0.95,9.56,4
125,1,0.95,10.0,4
126,1,0.95,9.44,4
127,1,0.95,10.34,4
128,1,0.95,9.8,4
129,1,0.95,10.14,4
130,1,0.95,9.26,3
131,1,0.95,9.22,3
132,1,0.95,8.76,3
133,1,0.95,8.76,2
134,1,0.95,9.46,2
135,1,0.95,9.52,2
136,1,0.95,7.68,2
137,1,0.95,8.22,2
138,1,0.95,8.96,2
139,1,0.95,8.54,2
140,1,0.95,8.84,2
141,1,0.95,7.52,2
142,1,0.95,8.46,2
143,1,0.95,7.84,2
144,1,0.95,7.1,2
145,1,0.95,7.54,2
146,1,0.95,8.46,2
147,1,0.95,7.98,2
148,1,0.95,7.56,2
149,1,0.95,7.12,2
150,1,0.95,9.3,2
151,1,0.95,8.72,2
152,1,0.95,8.2,2
153,1,0.95,7.86,2
154,1,0.95,7.74,2
155,1,0.95,8.08,2
156,1,0.95,6.76,2
157,1,0.95,7.22,2
158,1,0.95,8.32,2
159,1,0.95,7.54,2
160,1,0.95,7.14,2
161,1,0.95,7.0,2
162,1,0.95,7.52,2
163,1,0.95,7.8,2
164,1,0.95,8.2,2
165,1,0.95,8.26,2
166,1,0.95,7.72,2
167,1,0.95,7.88,2
168,1,0.95,8.54,2
169,1,0.95,8.04,2
170,1,0.95,8.12,2
171,1,0.95,7.6,2
172,1,0.95,7.92,2
173,1,0.95,7.76,2
174,1,0.95,8.98,2
175,1,0.95,8.6,2
176,1,0.95,7.52,2
177,1,0.95,7.92,2
178,1,0.95,8.4,2
179,1,0.95,8.3,2
180,1,0.95,7.32,2
181,1,0.95,7.56,2
182,1,0.95,8.26,2
183,1,0.95,8.14,2
184,1,0.95,8.66,2
185,1,0.95,7.78,2
186,1,0.95,7.58,2
187,1,0.95,7.86,2
188,1,0.95,8.04,2
189,1,0.95,8.18,2
190,1,0.95,9.22,2
191,1,0.95,8.04,2
192,1,0.95,7.28,2
193,1,0.95,7.2,2
194,1,0.95,7.66,2
195,1,0.95,7.26,2
196,1,0.95,7.32,2
197,1,0.95,7.42,2
198,1,0.95,7.36,2
199,1,0.95,7.9,2
200,1,0.95,6.92,2
201,1,0.95,7.78,2
202,1,0.95,7.94,2
203,1,0.95,9.34,2
204,1,0.95,7.66,2
205,1,0.95,7.72,2
206,1,0.95,8.02,2
207,1,0.95,7.98,2
208,1,0.95,7.94,2
209,1,0.95,9.46,2
210,1,0.95,8.74,2
211,1,0.95,8.42,2
212,1,0.95,8.82,2
213,1,0.95,9.08,2
214,1,0.95,7.98,2
215,1,0.95,8.02,2
216,1,0.95,7.48,2
217,1,0.95,7.46,2
218,1,0.95,7.22,2
219,1,0.95,7.66,2
220,1,0.95,7.56,2
221,1,0.95,8.2,2
222,1,0.95,8.18,2
223,1,0.95,7.54,2
224,1,0.95,7.4,2
225,1,0.95,7.82,2
226,1,0.95,7.4,2
227,1,0.95,8.0,2
228,1,0.95,8.14,2
229,1,0.95,7.92,2
230,1,0.95,7.98,2
231,1,0.95,7.64,2
232,1,0.95,7.8,2
233,1,0.95,7.74,2
234,1,0.95,9.24,2
235,1,0.95,7.66,2
236,1,0.95,7.94,2
237,1,0.95,7.86,2
238,1,0.95,7.7,2
239,1,0.95,8.04,2
240,1,0.95,8.4,2
241,1,0.95,7.92,2
242,1,0.95,8.22,2
243,1,0.95,7.84,2
244,1,0.95,7.7,2
245,1,0.95,7.72,2
246,1,0.95,8.04,2
247,1,0.95,8.28,2
248,1,0.95,7.76,2
249,1,0.95,8.14,2
250,1,0.95,7.96,2
251,1,0.95,7.62,2
252,1,0.95,8.18,2
253,1,0.95,8.32,2
254,1,0.95,8.08,2
255,1,0.95,7.8,2
256,1,0.95,8.6,2
257,1,0.95,8.06,2
258,1,0.95,7.8,2
259,1,0.95,7.3,2
260,1,0.95,8.42,2
261,1,0.95,7.68,2
262,1,0.95,8.62,2
263,1,0.95,8.26,2
264,1,0.95,8.32,2
265,1,0.95,7.92,2
266,1,0.95,9.04,2
267,1,0.95,7.92,2
268,1,0.95,8.1,2
269,1,0.95,7.68,2
270,1,0.95,8.38,2
271,1,0.95,8.48,2
272,1,0.95,7.3,2
273,1,0.95,7.86,2
274,1,0.95,7.76,2
275,1,0.95,6.14,2
276,1,0.95,7.74,2
277,1,0.95,7.68,2
278,1,0.95,7.68,2
279,1,0.95,7.44,2
280,1,0.95,8.24,2
281,1,0.95,8.56,2
282,1,0.95,7.3,2
283,1,0.95,8.12,2
284,1,0.95,8.9,2
285,1,0.95,8.54,2
286,1,0.95,8.16,2
287,1,0.95,8.26,2
288,1,0.95,7.82,2
289,1,0.95,7.88,2
290,1,0.95,8.42,2
291,1,0.95,8.2,2
292,1,0.95,9.02,2
293,1,0.95,8.28,2
294,1,0.95,8.1,2
295,1,0.95,8.14,2
296,1,0.95,8.12,2
297,1,0.95,8.32,2
298,1,0.95,7.4,2
299,1,0.95,8.08,2
300,1,0.95,8.46,2
301,1,0.95,7.94,2
302,1,0.95,7.36,2
303,1,0.95,7.16,2
304,1,0.95,7.52,2
305,1,0.95,7.22,2
306,1,0.95,8.62,2
307,1,0.95,8.38,2
308,1,0.95,9.0,2
309,1,0.95,7.96,2
310,1,0.95,7.44,2
311,1,0.95,8.74,2
312,1,0.95,8.1,2
313,1,0.95,8.38,2
314,1,0.95,8.72,2
315,1,0.95,8.88,2
316,1,0.95,8.58,2
317,1,0.95,8.3,2
318,1,0.95,8.26,2
319,1,0.95,7.58,2
320,1,0.95,8.94,2
321,1,0.95,9.5,2
322,1,0.95,8.5,2
323,1,0.95,6.98,2
324,1,0.95,8.82,2
325,1,0.95,7.36,2
326,1,0.95,8.8,2
327,1,0.95,8.2,2
328,1,0.95,7.9,2
329,1,0.95,7.4,2
330,1,0.95,8.56,2
331,1,0.95,8.54,2
332,1,0.95,6.74,2
333,1,0.95,6.84,2
334,1,0.95,8.12,2
335,1,0.95,7.56,2
336,1,0.95,8.28,2
337,1,0.95,8.1,2
338,1,0.95,8.8,2
339,1,0.95,9.02,2
340,1,0.95,8.88,2
341,1,0.95,7.78,2
342,1,0.95,7.42,2
343,1,0.95,7.78,2
344,1,0.95,8.84,2
345,1,0.95,7.38,2
346,1,0.95,8.04,2
347,1,0.95,7.28,2
348,1,0.95,8.86,2
349,1,0.95,8.36,2
350,1,0.95,8.08,2
351,1,0.95,7.9,2
352,1,0.95,7.52,2
353,1,0.95,6.78,2
354,1,0.95,7.06,2
355,1,0.95,7.62,2
356,1,0.95,7.84,2
357,1,0.95,8.34,2
358,1,0.95,7.74,2
359,1,0.95,7.28,2
360,1,0.95,8.32,2
361,1,0.95,7.62,2
362,1,0.95,8.8,2
363,1,0.95,8.82,2
364,1,0.95,8.52,2
365,1,0.95,7.42,2
366,1,0.95,8.12,2
367,1,0.95,8.6,2
368,1,0.95,9.48,2
369,1,0.95,9.38,2
370,1,0.95,9.3,2
371,1,0.95,8.56,2
372,1,0.95,7.62,2
373,1,0.95,8.24,2
374,1,0.95,7.66,2
375,1,0.95,7.92,2
376,1,0.95,7.48,2
377,1,0.95,8.36,2
378,1,0.95,8.28,2
379,1,0.95,7.64,2
380,1,0.95,9.06,2
381,1,0.95,7.8,2
382,1,0.95,7.56,2
383,1,0.95,7.02,2
384,1,0.95,7.56,2
385,1,0.95,8.38,2
386,1,0.95,8.06,2
387,1,0.95,7.46,2
388,1,0.95,8.38,2
389,1,0.95,7.94,2
390,1,0.95,7.64,2
391,1,0.95,7.02,2
392,1,0.95,7.82,2
393,1,0.95,8.12,2
394,1,0.95,8.18,2
395,1,0.95,8.06,2
396,1,0.95,7.56,2
397,1,0.95,8.0,2
398,1,0.95,7.6,2
399,1,0.95,7.86,2
400,1,0.95,8.12,2
401,1,0.95,8.86,2
402,1,0.95,8.52,2
403,1,0.95,7.76,2
404,1,0.95,6.86,2
405,1,0.95,7.46,2
406,1,0.95,7.98,2
407,1,0.95,7.28,2
408,1,0.95,7.04,2
409,1,0.95,7.68,2
410,1,0.95,7.8,2
411,1,0.95,7.46,2
412,1,0.95,8.42,2
413,1,0.95,7.82,2
414,1,0.95,7.9,2
415,1,0.95,7.56,2
416,1,0.95,7.42,2
417,1,0.95,8.36,2
418,1,0.95,8.42,2
419,1,0.95,7.68,2
420,1,0.95,7.36,2
421,1,0.95,8.7,2
422,1,0.95,8.08,2
423,1,0.95,7.84,2
424,1,0.95,7.46,2
425,1,0.95,7.32,2
426,1,0.95,8.92,2
427,1,0.95,8.02,2
428,1,0.95,7.32,2
429,1,0.95,7.82,2
430,1,0.95,7.6,2
431,1,0.95,7.68,2
432,1,0.95,8.62,2
433,1,0.95,7.82,2
434,1,0.95,8.22,2
435,1,0.95,8.06,2
436,1,0.95,7.22,2
437,1,0.95,8.18,2
438,1,0.95,8.0,2
439,1,0.95,6.54,2
440,1,0.95,7.66,2
441,1,0.95,8.28,2
442,1,0.95,7.38,2
443,1,0.95,8.64,2
444,1,0.95,8.24,2
445,1,0.95,7.52,2
446,1,0.95,7.54,2
447,1,0.95,8.62,2
448,1,0.95,7.62,2
449,1,0.95,8.0,2
450,1,0.95,7.5,2
451,1,0.95,7.82,2
452,1,0.95,6.64,2
453,1,0.95,6.6,2
454,1,0.95,7.04,2
455,1,0.95,7.72,2
456,1,0.95,7.28,2
457,1,0.95,8.34,2
458,1,0.95,6.94,2
459,1,0.95,8.26,2
460,1,0.95,8.12,2
461,1,0.95,7.56,2
462,1,0.95,7.62,2
463,1,0.95,7.34,2
464,1,0.95,7.26,2
465,1,0.95,8.86,2
466,1,0.95,9.44,2
467,1,0.95,8.02,2
468,1,0.95,7.62,2
469,1,0.95,8.22,2
470,1,0.95,7.18,2
471,1,0.95,7.76,2
472,1,0.95,7.46,2
473,1,0.95,7.36,2
474,1,0.95,7.12,2
475,1,0.95,7.72,2
476,1,0.95,7.78,2
477,1,0.95,8.46,2
478,1,0.95,8.28,2
479,1,0.95,7.3,2
480,1,0.95,7.62,2
481,1,0.95,8.48,2
482,1,0.95,7.6,2
483,1,0.95,7.22,2
484,1,0.95,8.08,2
485,1,0.95,7.92,2
486,1,0.95,7.18,2
487,1,0.95,8.04,2
488,1,0.95,7.78,2
489,1,0.95,7.98,2
490,1,0.95,7.58,2
491,1,0.95,7.76,2
492,1,0.95,7.32,2
493,1,0.95,8.94,2
494,1,0.95,8.76,2
495,1,0.95,7.2,2
496,1,0.95,7.52,2
497,1,0.95,8.5,2
498,1,0.95,7.48,2
499,1,0.95,8.72,2
500,1,0.95,7.8,2
501,1,0.95,7.04,2
502,1,0.95,8.12,2
503,1,0.95,8.1,2
504,1,0.95,7.96,2
505,1,0.95,8.26,2
506,1,0.95,7.34,2
507,1,0.95,6.96,2
508,1,0.95,7.36,2
509,1,0.95,8.92,2
510,1,0.95,8.82,2
511,1,0.95,7.8,2
512,1,0.95,8.5,2
513,1,0.95,7.32,2
514,1,0.95,7.26,2
515,1,0.95,7.38,2
516,1,0.95,7.26,2
517,1,0.95,8.24,2
518,1,0.95,8.38,2
519,1,0.95,7.1,2
520,1,0.95,7.92,2
521,1,0.95,7.62,2
522,1,0.95,7.6,2
523,1,0.95,7.9,2
524,1,0.95,8.56,2
525,1,0.95,8.92,2
526,1,0.95,8.66,2
527,1,0.95,7.8,2
528,1,0.95,8.38,2
529,1,0.95,7.62,2
530,1,0.95,8.08,2
531,1,0.95,7.88,2
532,1,0.95,8.32,2
533,1,0.95,8.46,2
534,1,0.95,7.7,2
535,1,0.95,9.12,2
536,1,0.95,8.14,2
537,1,0.95,8.22,2
538,1,0.95,8.84,2
539,1,0.95,8.28,2
540,1,0.95,8.6,2
541,1,0.95,7.9,2
542,1,0.95,8.9,2
543,1,0.95,8.3,2
544,1,0.95,7.64,2
545,1,0.95,8.82,2
546,1,0.95,8.08,2
547,1,0.95,7.68,2
548,1,0.95,7.36,2
549,1,0.95,7.56,2
550,1,0.95,6.98,2
551,1,0.95,7.66,2
552,1,0.95,6.66,2
553,1,0.95,7.88,2
554,1,0.95,7.06,2
555,1,0.95,7.4,2
556,1,0.95,8.28,2
557,1,0.95,8.58,2
558,1,0.95,7.3,2
559,1,0.95,7.76,2
560,1,0.95,6.9,2
561,1,0.95,7.0,2
562,1,0.95,6.9,2
563,1,0.95,7.68,2
564,1,0.95,7.44,2
565,1,0.95,7.6,2
566,1,0.95,7.84,2
567,1,0.95,8.04,2
568,1,0.95,7.36,2
569,1,0.95,7.6,2
570,1,0.95,8.66,2
571,1,0.95,8.72,2
572,1,0.95,8.34,2
573,1,0.95,8.66,2
574,1,0.95,8.06,2
575,1,0.95,7.9,2
576,1,0.95,8.08,2
577,1,0.95,8.28,2
578,1,0.95,7.92,2
579,1,0.95,7.5,2
580,1,0.95,8.48,2
581,1,0.95,7.68,2
582,1,0.95,8.28,2
583,1,0.95,6.88,2
584,1,0.95,8.86,2
585,1,0.95,8.28,2
586,1,0.95,6.18,2
587,1,0.95,7.42,2
588,1,0.95,7.88,2
589,1,0.95,7.28,2
590,1,0.95,7.32,2
591,1,0.95,8.52,2
592,1,0.95,8.54,2
593,1,0.95,7.7,2
594,1,0.95,8.06,2
595,1,0.95,9.1,2
596,1,0.95,8.9,2
597,1,0.95,7.4,2
598,1,0.95,7.96,2
599,1,0.95,7.44,2
600,1,0.95,7.4,2
601,1,0.95,7.26,2
602,1,0.95,7.02,2
603,1,0.95,7.88,2
604,1,0.95,9.42,2
605,1,0.95,7.84,2
606,1,0.95,7.24,2
607,1,0.95,7.06,2
608,1,0.95,7.84,2
609,1,0.95,9.16,2
610,1,0.95,7.9,2
611,1,0.95,8.54,2
612,1,0.95,7.4,2
613,1,0.95,8.12,2
614,1,0.95,8.58,2
615,1,0.95,6.88,2
616,1,0.95,7.62,2
617,1,0.95,8.18,2
618,1,0.95,7.9,2
619,1,0.95,8.5,2
620,1,0.95,8.2,2
621,1,0.95,8.58,2
622,1,0.95,8.66,2
623,1,0.95,7.98,2
624,1,0.95,8.2,2
625,1,0.95,7.34,2
626,1,0.95,7.92,2
627,1,0.95,7.72,2
628,1,0.95,8.76,2
629,1,0.95,8.36,2
630,1,0.95,8.14,2
631,1,0.95,8.34,2
632,1,0.95,8.08,2
633,1,0.95,8.76,2
634,1,0.95,8.1,2
635,1,0.95,8.1,2
636,1,0.95,7.02,2
637,1,0.95,8.74,2
638,1,0.95,8.18,2
639,1,0.95,8.2,2
640,1,0.95,8.82,2
641,1,0.95,7.32,2
642,1,0.95,8.7,2
643,1,0.95,8.18,2
644,1,0.95,9.04,2
645,1,0.95,8.66,2
646,1,0.95,7.94,2
647,1,0.95,7.3,2
648,1,0.95,7.44,2
649,1,0.95,7.6,2
650,1,0.95,8.06,2
651,1,0.95,8.5,2
652,1,0.95,6.56,2
653,1,0.95,7.76,2
654,1,0.95,7.28,2
655,1,0.95,8.0,2
656,1,0.95,7.32,2
657,1,0.95,7.32,2
658,1,0.95,8.46,2
659,1,0.95,8.44,2
660,1,0.95,7.76,2
661,1,0.95,7.8,2
662,1,0.95,8.08,2
663,1,0.95,8.26,2
664,1,0.95,8.1,2
665,1,0.95,7.78,2
666,1,0.95,7.08,2
667,1,0.95,8.3,2
668,1,0.95,8.26,2
669,1,0.95,8.68,2
670,1,0.95,7.66,2
671,1,0.95,7.96,2
672,1,0.95,8.4,2
673,1,0.95,8.04,2
674,1,0.95,8.46,2
675,1,0.95,7.66,2
676,1,0.95,7.64,2
677,1,0.95,8.28,2
678,1,0.95,7.32,2
679,1,0.95,8.6,2
680,1,0.95,8.16,2
681,1,0.95,8.0,2
682,1,0.95,8.16,2
683,1,0.95,7.52,2
684,1,0.95,7.76,2
685,1,0.95,8.32,2
686,1,0.95,8.4,2
687,1,0.95,7.58,2
688,1,0.95,7.68,2
689,1,0.95,8.72,2
690,1,0.95,8.56,2
691,1,0.95,8.12,2
692,1,0.95,7.86,2
693,1,0.95,8.5,2
694,1,0.95,7.22,2
695,1,0.95,7.86,2
696,1,0.95,8.26,2
697,1,0.95,7.74,2
698,1,0.95,7.62,2
699,1,0.95,8.06,2
700,1,0.95,8.16,2
701,1,0.95,8.02,2
702,1,0.95,7.7,2
703,1,0.95,7.92,2
704,1,0.95,8.32,2
705,1,0.95,8.02,2
706,1,0.95,7.3,2
707,1,0.95,8.82,2
708,1,0.95,8.64,2
709,1,0.95,8.78,2
710,1,0.95,8.46,2
711,1,0.95,7.78,2
712,1,0.95,8.36,2
713,1,0.95,6.78,2
714,1,0.95,7.6,2
715,1,0.95,8.72,2
716,1,0.95,7.64,2
717,1,0.95,7.82,2
718,1,0.95,7.24,2
719,1,0.95,6.86,2
720,1,0.95,7.2,2
721,1,0.95,8.46,2
722,1,0.95,8.46,2
723,1,0.95,7.88,2
724,1,0.95,7.84,2
725,1,0.95,7.08,2
726,1,0.95,8.16,2
727,1,0.95,8.32,2
728,1,0.95,7.96,2
729,1,0.95,8.14,2
730,1,0.95,7.36,2
731,1,0.95,7.84,2
732,1,0.95,7.98,2
733,1,0.95,8.54,2
734,1,0.95,7.0,2
735,1,0.95,7.66,2
736,1,0.95,7.54,2
737,1,0.95,7.14,2
738,1,0.95,6.42,2
739,1,0.95,7.82,2
740,1,0.95,7.98,2
741,1,0.95,7.74,2
742,1,0.95,9.24,2
743,1,0.95,7.98,2
744,1,0.95,7.96,2
745,1,0.95,8.12,2
746,1,0.95,8.06,2
747,1,0.95,7.44,2
748,1,0.95,7.4,2
749,1,0.95,7.8,2
750,1,0.95,7.24,2
751,1,0.95,8.48,2
752,1,0.95,8.04,2
753,1,0.95,8.02,2
754,1,0.95,7.18,2
755,1,0.95,8.04,2
756,1,0.95,7.74,2
757,1,0.95,7.86,2
758,1,0.95,8.48,2
759,1,0.95,8.32,2
760,1,0.95,7.36,2
761,1,0.95,7.04,2
762,1,0.95,7.22,2
763,1,0.95,8.3,2
764,1,0.95,8.4,2
765,1,0.95,7.58,2
766,1,0.95,7.88,2
767,1,0.95,6.74,2
768,1,0.95,7.68,2
769,1,0.95,8.6,2
770,1,0.95,7.98,2
771,1,0.95,8.54,2
772,1,0.95,7.46,2
773,1,0.95,7.92,2
774,1,0.95,8.06,2
775,1,0.95,7.36,2
776,1,0.95,8.46,2
777,1,0.95,7.38,2
778,1,0.95,8.48,2
779,1,0.95,8.76,2
780,1,0.95,8.24,2
781,1,0.95,7.48,2
782,1,0.95,7.3,2
783,1,0.95,8.02,2
784,1,0.95,7.66,2
785,1,0.95,8.7,2
786,1,0.95,8.14,2
787,1,0.95,7.38,2
788,1,0.95,7.58,2
789,1,0.95,8.02,2
790,1,0.95,7.94,2
791,1,0.95,7.78,2
792,1,0.95,7.88,2
793,1,0.95,8.42,2
794,1,0.95,8.78,2
795,1,0.95,8.16,2
796,1,0.95,7.84,2
797,1,0.95,7.78,2
798,1,0.95,7.46,2
799,1,0.95,7.72,2
800,1,0.95,7.26,2
801,1,0.95,7.16,2
802,1,0.95,7.74,2
803,1,0.95,7.62,2
804,1,0.95,8.08,2
805,1,0.95,7.98,2
806,1,0.95,8.14,2
807,1,0.95,8.04,2
808,1,0.95,8.54,2
809,1,0.95,8.06,2
810,1,0.95,7.58,2
811,1,0.95,7.9,2
812,1,0.95,7.42,2
813,1,0.95,8.06,2
814,1,0.95,8.04,2
815,1,0.95,7.4,2
816,1,0.95,8.08,2
817,1,0.95,7.62,2
818,1,0.95,6.76,2
819,1,0.95,8.46,2
820,1,0.95,7.78,2
821,1,0.95,7.24,2
822,1,0.95,7.5,2
823,1,0.95,8.04,2
824,1,0.95,7.4,2
825,1,0.95,7.84,2
826,1,0.95,7.64,2
827,1,0.95,7.26,2
828,1,0.95,7.34,2
829,1,0.95,7.16,2
830,1,0.95,8.02,2
831,1,0.95,7.56,2
832,1,0.95,7.78,2
833,1,0.95,7.64,2
834,1,0.95,7.74,2
835,1,0.95,7.54,2
836,1,0.95,9.2,2
837,1,0.95,7.72,2
838,1,0.95,7.54,2
839,1,0.95,8.22,2
840,1,0.95,7.74,2
841,1,0.95,7.9,2
842,1,0.95,7.46,2
843,1,0.95,8.0,2
844,1,0.95,7.86,2
845,1,0.95,7.84,2
846,1,0.95,7.96,2
847,1,0.95,8.4,2
848,1,0.95,8.44,2
849,1,0.95,7.26,2
850,1,0.95,7.14,2
851,1,0.95,7.72,2
852,1,0.95,7.68,2
853,1,0.95,8.68,2
854,1,0.95,8.28,2
855,1,0.95,7.54,2
856,1,0.95,7.3,2
857,1,0.95,7.48,2
858,1,0.95,7.4,2
859,1,0.95,7.96,2
860,1,0.95,7.52,2
861,1,0.95,6.94,2
862,1,0.95,7.26,2
863,1,0.95,7.58,2
864,1,0.95,7.3,2
865,1,0.95,7.72,2
866,1,0.95,8.14,2
867,1,0.95,8.5,2
868,1,0.95,8.18,2
869,1,0.95,8.6,2
870,1,0.95,8.24,2
871,1,0.95,8.22,2
872,1,0.95,7.32,2
873,1,0.95,8.3,2
874,1,0.95,7.9,2
875,1,0.95,7.76,2
876,1,0.95,7.14,2
877,1,0.95,7.52,2
878,1,0.95,8.32,2
879,1,0.95,7.26,2
880,1,0.95,8.06,2
881,1,0.95,7.34,2
882,1,0.95,8.2,2
883,1,0.95,7.68,2
884,1,0.95,7.42,2
885,1,0.95,7.16,2
886,1,0.95,8.12,2
887,1,0.95,7.38,2
888,1,0.95,7.86,2
889,1,0.95,7.46,2
890,1,0.95,6.52,2
891,1,0.95,6.3,2
892,1,0.95,8.0,2
893,1,0.95,6.98,2
894,1,0.95,8.0,2
895,1,0.95,7.16,2
896,1,0.95,8.16,2
897,1,0.95,9.38,2
898,1,0.95,8.18,2
899,1,0.95,7.8,2
900,1,0.95,7.44,2
901,1,0.95,7.92,2
902,1,0.95,7.48,2
903,1,0.95,7.12,2
904,1,0.95,7.38,2
905,1,0.95,7.62,2
906,1,0.95,8.32,2
907,1,0.95,8.2,2
908,1,0.95,8.32,2
909,1,0.95,7.84,2
910,1,0.95,7.94,2
911,1,0.95,7.96,2
912,1,0.95,8.5,2
913,1,0.95,7.38,2
914,1,0.95,7.28,2
915,1,0.95,8.56,2
916,1,0.95,7.8,2
917,1,0.95,8.62,2
918,1,0.95,8.04,2
919,1,0.95,7.84,2
920,1,0.95,8.54,2
921,1,0.95,7.9,2
922,1,0.95,8.0,2
923,1,0.95,8.12,2
924,1,0.95,8.12,2
925,1,0.95,7.94,2
926,1,0.95,8.2,2
927,1,0.95,8.02,2
928,1,0.95,7.68,2
929,1,0.95,7.86,2
930,1,0.95,6.44,2
931,1,0.95,7.02,2
932,1,0.95,7.6,2
933,1,0.95,8.04,2
934,1,0.95,7.84,2
935,1,0.95,8.32,2
936,1,0.95,9.0,2
937,1,0.95,8.22,2
938,1,0.95,6.9,2
939,1,0.95,7.2,2
940,1,0.95,8.7,2
941,1,0.95,8.24,2
942,1,0.95,7.0,2
943,1,0.95,8.04,2
944,1,0.95,7.34,2
945,1,0.95,6.98,2
946,1,0.95,7.72,2
947,1,0.95,8.24,2
948,1,0.95,7.5,2
949,1,0.95,7.24,2
950,1,0.95,7.28,2
951,1,0.95,7.38,2
952,1,0.95,7.46,2
953,1,0.95,8.4,2
954,1,0.95,7.7,2
955,1,0.95,8.42,2
956,1,0.95,7.72,2
957,1,0.95,7.82,2
958,1,0.95,7.9,2
959,1,0.95,7.58,2
960,1,0.95,7.1,2
961,1,0.95,6.6,2
962,1,0.95,7.78,2
963,1,0.95,7.78,2
964,1,0.95,7.3,2
965,1,0.95,8.34,2
966,1,0.95,8.26,2
967,1,0.95,7.98,2
968,1,0.95,7.78,2
969,1,0.95,8.6,2
970,1,0.95,8.3,2
971,1,0.95,8.52,2
972,1,0.95,8.42,2
973,1,0.95,7.66,2
974,1,0.95,8.02,2
975,1,0.95,6.96,2
976,1,0.95,7.54,2
977,1,0.95,7.28,2
978,1,0.95,7.18,2
979,1,0.95,6.66,2
980,1,0.95,7.88,2
981,1,0.95,7.58,2
982,1,0.95,7.22,2
983,1,0.95,7.42,2
984,1,0.95,6.26,2
985,1,0.95,6.52,2
986,1,0.95,7.84,2
987,1,0.95,7.68,2
988,1,0.95,6.84,2
989,1,0.95,8.54,2
990,1,0.95,7.26,2
991,1,0.95,7.96,2
992,1,0.95,9.2,2
993,1,0.95,8.48,2
994,1,0.95,8.4,2
995,1,0.95,8.46,2
996,1,0.95,8.52,2
997,1,0.95,8.44,2
998,1,0.95,8.82,2
999,1,0.95,8.62,2
1000,1,0.95,7.84,2
1001,1,0.95,7.32,2
1002,1,0.95,7.86,2
1003,1,0.95,8.04,2
1004,1,0.95,8.16,2
1005,1,0.95,7.3,2
1006,1,0.95,7.86,2
1007,1,0.95,8.36,2
1008,1,0.95,7.74,2
1009,1,0.95,7.56,2
1010,1,0.95,8.0,2
1011,1,0.95,8.38,2
1012,1,0.95,8.12,2
1013,1,0.95,7.28,2
1014,1,0.95,6.68,2
1015,1,0.95,7.54,2
1016,1,0.95,6.88,2
1017,1,0.95,7.22,2
1018,1,0.95,7.72,2
1019,1,0.95,8.48,2
1020,1,0.95,8.06,2
1021,1,0.95,8.4,2
1022,1,0.95,7.5,2
1023,1,0.95,8.34,2
1024,1,0.95,7.84,2
1025,1,0.95,7.66,2
1026,1,0.95,7.18,2
1027,1,0.95,8.32,2
1028,1,0.95,7.76,2
1029,1,0.95,9.0,2
1030,1,0.95,7.74,2
1031,1,0.95,8.26,2
1032,1,0.95,7.82,2
1033,1,0.95,7.78,2
1034,1,0.95,7.5,2
1035,1,0.95,8.18,2
1036,1,0.95,8.26,2
1037,1,0.95,7.82,2
1038,1,0.95,7.2,2
1039,1,0.95,6.8,2
1040,1,0.95,7.2,2
1041,1,0.95,7.02,2
1042,1,0.95,8.3,2
1043,1,0.95,8.06,2
1044,1,0.95,7.24,2
1045,1,0.95,8.0,2
1046,1,0.95,7.38,2
1047,1,0.95,7.56,2
1048,1,0.95,8.16,2
1049,1,0.95,7.94,2
1050,1,0.95,7.66,2
1051,1,0.95,7.54,2
1052,1,0.95,7.74,2
1053,1,0.95,7.72,2
1054,1,0.95,7.28,2
1055,1,0.95,7.0,2
1056,1,0.95,7.3,2
1057,1,0.95,7.4,2
1058,1,0.95,8.26,2
1059,1,0.95,8.04,2
1060,1,0.95,8.1,2
1061,1,0.95,8.9,2
1062,1,0.95,8.08,2
1063,1,0.95,8.32,2
1064,1,0.95,6.92,2
1065,1,0.95,8.34,2
1066,1,0.95,8.38,2
1067,1,0.95,7.42,2
1068,1,0.95,8.02,2
1069,1,0.95,7.52,2
1070,1,0.95,8.1,2
1071,1,0.95,8.36,2
1072,1,0.95,7.96,2
1073,1,0.95,8.26,2
1074,1,0.95,7.6,2
1075,1,0.95,7.16,2
1076,1,0.95,8.16,2
1077,1,0.95,8.74,2
1078,1,0.95,8.02,2
1079,1,0.95,7.52,2
1080,1,0.95,7.62,2
1081,1,0.95,7.88,2
1082,1,0.95,8.18,2
1083,1,0.95,7.34,2
1084,1,0.95,8.22,2
1085,1,0.95,8.76,2
1086,1,0.95,9.38,2
1087,1,0.95,8.4,2
1088,1,0.95,8.52,2
1089,1,0.95,8.06,2
1090,1,0.95,8.52,2
1091,1,0.95,7.36,2
1092,1,0.95,8.4,2
1093,1,0.95,6.74,2
1094,1,0.95,8.24,2
1095,1,0.95,8.2,2
1096,1,0.95,8.52,2
1097,1,0.95,8.16,2
1098,1,0.95,7.64,2
1099,1,0.95,7.28,2
1100,1,0.95,7.56,2
1101,1,0.95,7.34,2
1102,1,0.95,8.2,2
1103,1,0.95,8.48,2
1104,1,0.95,8.16,2
1105,1,0.95,8.6,2
1106,1,0.95,8.22,2
1107,1,0.95,8.28,2
1108,1,0.95,7.84,2
1109,1,0.95,7.78,2
1110,1,0.95,7.98,2
1111,1,0.95,8.34,2
1112,1,0.95,8.44,2
1113,1,0.95,7.98,2
1114,1,0.95,8.78,2
1115,1,0.95,7.98,2
1116,1,0.95,7.86,2
1117,1,0.95,9.4,2
1118,1,0.95,8.2,2
1119,1,0.95,8.64,2
1120,1,0.95,8.28,2
1121,1,0.95,8.42,2
1122,1,0.95,8.92,2
1123,1,0.95,6.74,2
1124,1,0.95,7.64,2
1125,1,0.95,8.7,2
1126,1,0.95,8.58,2
1127,1,0.95,7.48,2
1128,1,0.95,8.46,2
1129,1,0.95,7.32,2
1130,1,0.95,7.8,2
1131,1,0.95,7.94,2
1132,1,0.95,7.4,2
1133,1,0.95,8.02,2
1134,1,0.95,8.08,2
1135,1,0.95,8.52,2
1136,1,0.95,7.6,2
1137,1,0.95,7.0,2
1138,1,0.95,7.48,2
1139,1,0.95,8.02,2
1140,1,0.95,7.98,2
1141,1,0.95,7.82,2
1142,1,0.95,7.3,2
1143,1,0.95,8.74,2
1144,1,0.95,9.22,2
1145,1,0.95,7.84,2
1146,1,0.95,8.6,2
1147,1,0.95,8.46,2
1148,1,0.95,8.54,2
1149,1,0.95,7.94,2
1150,1,0.95,7.66,2
1151,1,0.95,7.78,2
1152,1,0.95,7.62,2
1153,1,0.95,7.16,2
1154,1,0.95,8.4,2
1155,1,0.95,8.16,2
1156,1,0.95,7.28,2
1157,1,0.95,7.7,2
1158,1,0.95,7.74,2
1159,1,0.95,8.2,2
1160,1,0.95,8.44,2
1161,1,0.95,7.68,2
1162,1,0.95,7.5,2
1163,1,0.95,9.06,2
1164,1,0.95,8.9,2
1165,1,0.95,7.78,2
1166,1,0.95,7.42,2
1167,1,0.95,7.02,2
1168,1,0.95,7.54,2
1169,1,0.95,7.6,2
1170,1,0.95,7.92,2
1171,1,0.95,7.8,2
1172,1,0.95,7.34,2
1173,1,0.95,7.42,2
1174,1,0.95,7.4,2
1175,1,0.95,8.2,2
1176,1,0.95,7.8,2
1177,1,0.95,6.74,2
1178,1,0.95,7.52,2
1179,1,0.95,8.4,2
1180,1,0.95,7.88,2
1181,1,0.95,7.16,2
1182,1,0.95,7.66,2
1183,1,0.95,8.6,2
1184,1,0.95,7.82,2
1185,1,0.95,8.04,2
1186,1,0.95,8.46,2
1187,1,0.95,8.24,2
1188,1,0.95,6.94,2
1189,1,0.95,7.44,2
1190,1,0.95,7.22,2
1191,1,0.95,7.48,2
1192,1,0.95,7.56,2
1193,1,0.95,7.58,2
1194,1,0.95,7.24,2
1195,1,0.95,7.42,2
1196,1,0.95,8.12,2
1197,1,0.95,7.8,2
1198,1,0.95,8.16,2
1199,1,0.95,7.92,2
1200,1,0.95,7.9,2
1201,1,0.95,7.12,2
1202,1,0.95,6.78,2
1203,1,0.95,7.44,2
1204,1,0.95,8.14,2
1205,1,0.95,7.54,2
1206,1,0.95,7.68,2
1207,1,0.95,6.9,2
1208,1,0.95,7.92,2
1209,1,0.95,8.0,2
1210,1,0.95,7.12,2
1211,1,0.95,8.24,2
1212,1,0.95,7.2,2
1213,1,0.95,7.02,2
1214,1,0.95,8.32,2
1215,1,0.95,8.64,2
1216,1,0.95,8.34,2
1217,1,0.95,7.82,2
1218,1,0.95,7.96,2
1219,1,0.95,7.88,2
1220,1,0.95,7.7,2
1221,1,0.95,7.42,2
1222,1,0.95,8.44,2
1223,1,0.95,8.64,2
1224,1,0.95,6.84,2
1225,1,0.95,7.8,2
1226,1,0.95,8.2,2
1227,1,0.95,7.34,2
1228,1,0.95,8.14,2
1229,1,0.95,6.86,2
1230,1,0.95,7.96,2
1231,1,0.95,7.64,2
1232,1,0.95,8.06,2
1233,1,0.95,8.04,2
1234,1,0.95,7.78,2
1235,1,0.95,7.38,2
1236,1,0.95,7.8,2
1237,1,0.95,7.32,2
1238,1,0.95,7.24,2
1239,1,0.95,8.04,2
1240,1,0.95,7.88,2
1241,1,0.95,8.42,2
1242,1,0.95,8.12,2
1243,1,0.95,7.42,2
1244,1,0.95,7.68,2
1245,1,0.95,8.4,2
1246,1,0.95,7.62,2
1247,1,0.95,8.66,2
1248,1,0.95,9.08,2
1249,1,0.95,8.34,2
1250,1,0.95,6.64,2
1251,1,0.95,7.74,2
1252,1,0.95,8.02,2
1253,1,0.95,7.3,2
1254,1,0.95,7.3,2
1255,1,0.95,8.42,2
1256,1,0.95,7.84,2
1257,1,0.95,8.12,2
1258,1,0.95,8.58,2
1259,1,0.95,7.62,2
1260,1,0.95,8.16,2
1261,1,0.95,7.86,2
1262,1,0.95,7.74,2
1263,1,0.95,7.4,2
1264,1,0.95,8.46,2
1265,1,0.95,8.52,2
1266,1,0.95,9.26,2
1267,1,0.95,8.06,2
1268,1,0.95,7.92,2
1269,1,0.95,9.32,2
1270,1,0.95,9.38,2
1271,1,0.95,7.84,2
1272,1,0.95,7.62,2
1273,1,0.95,8.18,2
1274,1,0.95,7.9,2
1275,1,0.95,8.06,2
1276,1,0.95,8.42,2
1277,1,0.95,8.84,2
1278,1,0.95,8.06,2
1279,1,0.95,7.2,2
1280,1,0.95,8.22,2
1281,1,0.95,7.12,2
1282,1,0.95,8.0,2
1283,1,0.95,7.8,2
1284,1,0.95,8.12,2
1285,1,0.95,7.66,2
1286,1,0.95,6.44,2
1287,1,0.95,7.76,2
1288,1,0.95,8.2,2
1289,1,0.95,8.18,2
1290,1,0.95,8.32,2
1291,1,0.95,10.2,2
1292,1,0.95,8.76,2
1293,1,0.95,7.84,2
1294,1,0.95,8.0,2
1295,1,0.95,8.56,2
1296,1,0.95,7.48,2
1297,1,0.95,7.56,2
1298,1,0.95,8.0,2
1299,1,0.95,8.6,2
1300,1,0.95,7.2,2
1301,1,0.95,8.36,2
1302,1,0.95,8.58,2
1303,1,0.95,8.02,2
1304,1,0.95,7.84,2
1305,1,0.95,7.46,2
1306,1,0.95,7.18,2
1307,1,0.95,7.82,2
1308,1,0.95,7.82,2
1309,1,0.95,7.72,2
1310,1,0.95,8.36,2
1311,1,0.95,8.06,2
1312,1,0.95,8.0,2
1313,1,0.95,7.36,2
1314,1,0.95,8.66,2
1315,1,0.95,6.54,2
1316,1,0.95,6.6,2
1317,1,0.95,6.5,2
1318,1,0.95,7.62,2
1319,1,0.95,7.62,2
1320,1,0.95,7.1,2
1321,1,0.95,7.56,2
1322,1,0.95,7.48,2
1323,1,0.95,7.2,2
1324,1,0.95,6.86,2
1325,1,0.95,7.88,2
1326,1,0.95,8.32,2
1327,1,0.95,6.94,2
1328,1,0.95,7.86,2
1329,1,0.95,6.86,2
1330,1,0.95,7.7,2
1331,1,0.95,8.48,2
1332,1,0.95,8.6,2
1333,1,0.95,8.02,2
1334,1,0.95,7.5,2
1335,1,0.95,8.26,2
1336,1,0.95,7.46,2
1337,1,0.95,7.34,2
1338,1,0.95,7.82,2
1339,1,0.95,7.96,2
1340,1,0.95,7.62,2
1341,1,0.95,7.58,2
1342,1,0.95,8.78,2
1343,1,0.95,7.52,2
1344,1,0.95,8.14,2
1345,1,0.95,7.9,2
1346,1,0.95,8.94,2
1347,1,0.95,7.5,2
1348,1,0.95,7.04,2
1349,1,0.95,7.34,2
1350,1,0.95,8.26,2
1351,1,0.95,6.84,2
1352,1,0.95,7.22,2
1353,1,0.95,7.8,2
1354,1,0.95,8.22,2
1355,1,0.95,7.86,2
1356,1,0.95,7.44,2
1357,1,0.95,8.16,2
1358,1,0.95,8.5,2
1359,1,0.95,8.0,2
1360,1,0.95,8.14,2
1361,1,0.95,7.1,2
1362,1,0.95,8.48,2
1363,1,0.95,8.06,2
1364,1,0.95,9.58,2
1365,1,0.95,7.86,2
1366,1,0.95,8.48,2
1367,1,0.95,7.7,2
1368,1,0.95,7.66,2
1369,1,0.95,8.04,2
1370,1,0.95,8.3,2
1371,1,0.95,7.42,2
1372,1,0.95,7.62,2
1373,1,0.95,7.78,2
1374,1,0.95,7.12,2
1375,1,0.95,7.32,2
1376,1,0.95,8.22,2
1377,1,0.95,8.44,2
1378,1,0.95,7.94,2
1379,1,0.95,6.74,2
1380,1,0.95,6.96,2
1381,1,0.95,8.06,2
1382,1,0.95,8.08,2
1383,1,0.95,7.88,2
1384,1,0.95,7.68,2
1385,1,0.95,7.66,2
1386,1,0.95,7.88,2
1387,1,0.95,7.96,2
1388,1,0.95,7.58,2
1389,1,0.95,7.86,2
1390,1,0.95,7.42,2
1391,1,0.95,8.58,2
1392,1,0.95,7.74,2
1393,1,0.95,6.78,2
1394,1,0.95,6.9,2
1395,1,0.95,8.08,2
1396,1,0.95,8.24,2
1397,1,0.95,6.74,2
1398,1,0.95,7.66,2
1399,1,0.95,7.68,2
1400,1,0.95,8.76,2
1401,1,0.95,8.02,2
1402,1,0.95,8.28,2
1403,1,0.95,7.36,2
1404,1,0.95,7.22,2
1405,1,0.95,7.8,2
1406,1,0.95,8.08,2
1407,1,0.95,7.44,2
1408,1,0.95,6.74,2
1409,1,0.95,8.76,2
1410,1,0.95,8.28,2
1411,1,0.95,9.38,2
1412,1,0.95,8.58,2
1413,1,0.95,9.16,2
1414,1,0.95,7.58,2
1415,1,0.95,7.86,2
1416,1,0.95,8.16,2
1417,1,0.95,8.08,2
1418,1,0.95,7.92,2
1419,1,0.95,8.14,2
1420,1,0.95,7.62,2
1421,1,0.95,6.9,2
1422,1,0.95,8.26,2
1423,1,0.95,7.78,2
1424,1,0.95,9.42,2
1425,1,0.95,8.4,2
1426,1,0.95,8.8,2
1427,1,0.95,8.12,2
1428,1,0.95,8.0,2
1429,1,0.95,7.86,2
1430,1,0.95,7.46,2
1431,1,0.95,6.9,2
1432,1,0.95,7.66,2
1433,1,0.95,8.02,2
1434,1,0.95,8.08,2
1435,1,0.95,8.06,2
1436,1,0.95,8.46,2
1437,1,0.95,8.84,2
1438,1,0.95,9.2,2
1439,1,0.95,8.04,2
1440,1,0.95,7.78,2
1441,1,0.95,7.34,2
1442,1,0.95,8.44,2
1443,1,0.95,8.16,2
1444,1,0.95,7.32,2
1445,1,0.95,7.3,2
1446,1,0.95,8.06,2
1447,1,0.95,7.98,2
1448,1,0.95,7.28,2
1449,1,0.95,7.66,2
1450,1,0.95,7.58,2
1451,1,0.95,7.96,2
1452,1,0.95,7.9,2
1453,1,0.95,7.66,2
1454,1,0.95,7.1,2
1455,1,0.95,7.96,2
1456,1,0.95,7.1,2
1457,1,0.95,8.48,2
1458,1,0.95,8.84,2
1459,1,0.95,7.56,2
1460,1,0.95,7.9,2
1461,1,0.95,8.2,2
1462,1,0.95,8.78,2
1463,1,0.95,8.7,2
1464,1,0.95,7.86,2
1465,1,0.95,7.82,2
1466,1,0.95,8.2,2
1467,1,0.95,7.7,2
1468,1,0.95,7.46,2
1469,1,0.95,7.64,2
1470,1,0.95,7.7,2
1471,1,0.95,7.3,2
1472,1,0.95,7.16,2
1473,1,0.95,6.86,2
1474,1,0.95,7.6,2
1475,1,0.95,8.64,2
1476,1,0.95,8.4,2
1477,1,0.95,8.0,2
1478,1,0.95,7.56,2
1479,1,0.95,7.74,2
1480,1,0.95,8.84,2
1481,1,0.95,7.92,2
1482,1,0.95,7.76,2
1483,1,0.95,6.94,2
1484,1,0.95,7.52,2
1485,1,0.95,8.98,2
1486,1,0.95,7.86,2
1487,1,0.95,7.84,2
1488,1,0.95,8.22,2
1489,1,0.95,7.94,2
1490,1,0.95,7.9,2
1491,1,0.95,7.62,2
1492,1,0.95,8.24,2
1493,1,0.95,7.96,2
1494,1,0.95,7.12,2
1495,1,0.95,7.3,2
1496,1,0.95,6.6,2
1497,1,0.95,7.72,2
1498,1,0.95,8.04,2
1499,1,0.95,8.18,2
1500,1,0.95,7.56,2
1501,1,0.95,6.9,2
1502,1,0.95,7.62,2
1503,1,0.95,7.32,2
1504,1,0.95,8.48,2
1505,1,0.95,7.84,2
1506,1,0.95,6.98,2
1507,1,0.95,7.82,2
1508,1,0.95,7.16,2
1509,1,0.95,7.58,2
1510,1,0.95,7.92,2
1511,1,0.95,7.04,2
1512,1,0.95,7.74,2
1513,1,0.95,7.54,2
1514,1,0.95,8.26,2
1515,1,0.95,7.7,2
1516,1,0.95,8.08,2
1517,1,0.95,7.96,2
1518,1,0.95,7.72,2
1519,1,0.95,7.98,2
1520,1,0.95,6.62,2
1521,1,0.95,7.6,2
1522,1,0.95,7.74,2
1523,1,0.95,7.9,2
1524,1,0.95,7.9,2
1525,1,0.95,8.14,2
1526,1,0.95,8.18,2
1527,1,0.95,7.82,2
1528,1,0.95,7.04,2
1529,1,0.95,7.92,2
1530,1,0.95,7.5,2
1531,1,0.95,7.36,2
1532,1,0.95,7.62,2
1533,1,0.95,7.88,2
1534,1,0.95,7.48,2
1535,1,0.95,8.6,2
1536,1,0.95,8.06,2
1537,1,0.95,7.18,2
1538,1,0.95,8.02,2
1539,1,0.95,7.72,2
1540,1,0.95,7.9,2
1541,1,0.95,7.48,2
1542,1,0.95,7.54,2
1543,1,0.95,7.82,2
1544,1,0.95,7.72,2
1545,1,0.95,7.62,2
1546,1,0.95,6.36,2
1547,1,0.95,7.28,2
1548,1,0.95,7.72,2
1549,1,0.95,7.3,2
1550,1,0.95,8.36,2
1551,1,0.95,7.66,2
1552,1,0.95,7.88,2
1553,1,0.95,7.68,2
1554,1,0.95,8.08,2
1555,1,0.95,9.2,2
1556,1,0.95,8.12,2
1557,1,0.95,7.28,2
1558,1,0.95,7.32,2
1559,1,0.95,7.2,2
1560,1,0.95,7.66,2
1561,1,0.95,7.12,2
1562,1,0.95,8.66,2
1563,1,0.95,7.92,2
1564,1,0.95,8.58,2
1565,1,0.95,7.3,2
1566,1,0.95,7.56,2
1567,1,0.95,8.22,2
1568,1,0.95,8.68,2
1569,1,0.95,7.56,2
1570,1,0.95,8.1,2
1571,1,0.95,8.12,2
1572,1,0.95,7.72,2
1573,1,0.95,6.9,2
1574,1,0.95,8.2,2
1575,1,0.95,7.52,2
1576,1,0.95,8.54,2
1577,1,0.95,8.56,2
1578,1,0.95,7.6,2
1579,1,0.95,8.62,2
1580,1,0.95,8.5,2
1581,1,0.95,8.4,2
1582,1,0.95,8.04,2
1583,1,0.95,8.04,2
1584,1,0.95,8.46,2
1585,1,0.95,7.1,2
1586,1,0.95,6.72,2
1587,1,0.95,8.22,2
1588,1,0.95,7.86,2
1589,1,0.95,7.76,2
1590,1,0.95,6.8,2
1591,1,0.95,7.7,2
1592,1,0.95,8.86,2
1593,1,0.95,8.44,2
1594,1,0.95,8.38,2
1595,1,0.95,8.5,2
1596,1,0.95,8.28,2
1597,1,0.95,8.22,2
1598,1,0.95,8.1,2
1599,1,0.95,7.56,2
1600,1,0.95,7.0,2
1601,1,0.95,7.98,2
1602,1,0.95,8.06,2
1603,1,0.95,8.68,2
1604,1,0.95,7.68,2
1605,1,0.95,7.54,2
1606,1,0.95,6.96,2
1607,1,0.95,7.76,2
1608,1,0.95,7.28,2
1609,1,0.95,7.9,2
1610,1,0.95,7.54,2
1611,1,0.95,7.72,2
1612,1,0.95,8.74,2
1613,1,0.95,7.8,2
1614,1,0.95,7.8,2
1615,1,0.95,8.3,2
1616,1,0.95,7.9,2
1617,1,0.95,7.1,2
1618,1,0.95,8.36,2
1619,1,0.95,7.84,2
1620,1,0.95,7.66,2
1621,1,0.95,7.8,2
1622,1,0.95,7.34,2
1623,1,0.95,7.24,2
1624,1,0.95,7.52,2
1625,1,0.95,7.74,2
1626,1,0.95,7.28,2
1627,1,0.95,7.38,2
1628,1,0.95,8.42,2
1629,1,0.95,7.64,2
1630,1,0.95,6.98,2
1631,1,0.95,6.5,2
1632,1,0.95,7.4,2
1633,1,0.95,7.64,2
1634,1,0.95,8.34,2
1635,1,0.95,7.46,2
1636,1,0.95,7.86,2
1637,1,0.95,7.98,2
1638,1,0.95,7.74,2
1639,1,0.95,7.32,2
1640,1,0.95,7.44,2
1641,1,0.95,7.52,2
1642,1,0.95,7.0,2
1643,1,0.95,7.82,2
1644,1,0.95,7.9,2
1645,1,0.95,7.52,2
1646,1,0.95,7.72,2
1647,1,0.95,7.32,2
1648,1,0.95,7.92,2
1649,1,0.95,8.2,2
1650,1,0.95,8.38,2
1651,1,0.95,7.44,2
1652,1,0.95,8.0,2
1653,1,0.95,8.4,2
1654,1,0.95,8.78,2
1655,1,0.95,7.7,2
1656,1,0.95,6.66,2
1657,1,0.95,7.32,2
1658,1,0.95,8.46,2
1659,1,0.95,7.56,2
1660,1,0.95,7.92,2
1661,1,0.95,8.12,2
1662,1,0.95,8.96,2
1663,1,0.95,8.56,2
1664,1,0.95,7.7,2
1665,1,0.95,7.74,2
1666,1,0.95,8.06,2
1667,1,0.95,7.48,2
1668,1,0.95,8.0,2
1669,1,0.95,7.4,2
1670,1,0.95,7.66,2
1671,1,0.95,7.46,2
1672,1,0.95,7.66,2
1673,1,0.95,7.9,2
1674,1,0.95,8.14,2
1675,1,0.95,8.1,2
1676,1,0.95,8.28,2
1677,1,0.95,8.7,2
1678,1,0.95,8.2,2
1679,1,0.95,7.44,2
1680,1,0.95,8.1,2
1681,1,0.95,7.92,2
1682,1,0.95,8.08,2
1683,1,0.95,7.08,2
1684,1,0.95,7.04,2
1685,1,0.95,7.88,2
1686,1,0.95,8.86,2
1687,1,0.95,7.6,2
1688,1,0.95,7.48,2
1689,1,0.95,7.98,2
1690,1,0.95,7.78,2
1691,1,0.95,8.3,2
1692,1,0.95,7.46,2
1693,1,0.95,7.76,2
1694,1,0.95,7.78,2
1695,1,0.95,7.64,2
1696,1,0.95,7.4,2
1697,1,0.95,8.4,2
1698,1,0.95,8.3,2
1699,1,0.95,8.08,2
1700,1,0.95,8.68,2
1701,1,0.95,9.24,2
1702,1,0.95,8.64,2
1703,1,0.95,8.36,2
1704,1,0.95,7.24,2
1705,1,0.95,7.38,2
1706,1,0.95,7.96,2
1707,1,0.95,8.42,2
1708,1,0.95,8.08,2
1709,1,0.95,8.32,2
1710,1,0.95,7.96,2
1711,1,0.95,8.24,2
1712,1,0.95,8.42,2
1713,1,0.95,8.36,2
1714,1,0.95,7.72,2
1715,1,0.95,7.74,2
1716,1,0.95,7.36,2
1717,1,0.95,8.78,2
1718,1,0.95,8.36,2
1719,1,0.95,6.94,2
1720,1,0.95,7.2,2
1721,1,0.95,7.76,2
1722,1,0.95,7.74,2
1723,1,0.95,7.56,2
1724,1,0.95,7.98,2
1725,1,0.95,7.48,2
1726,1,0.95,8.42,2
1727,1,0.95,7.88,2
1728,1,0.95,7.56,2
1729,1,0.95,7.24,2
1730,1,0.95,8.56,2
1731,1,0.95,7.98,2
1732,1,0.95,7.76,2
1733,1,0.95,8.68,2
1734,1,0.95,8.34,2
1735,1,0.95,7.74,2
1736,1,0.95,8.42,2
1737,1,0.95,9.26,2
1738,1,0.95,8.2,2
1739,1,0.95,9.28,2
1740,1,0.95,7.36,2
1741,1,0.95,6.54,2
1742,1,0.95,8.26,2
1743,1,0.95,7.48,2
1744,1,0.95,7.42,2
1745,1,0.95,8.1,2
1746,1,0.95,7.98,2
1747,1,0.95,8.0,2
1748,1,0.95,7.32,2
1749,1,0.95,8.32,2
1750,1,0.95,7.66,2
1751,1,0.95,8.38,2
1752,1,0.95,8.7,2
1753,1,0.95,8.0,2
1754,1,0.95,8.16,2
1755,1,0.95,8.08,2
1756,1,0.95,7.52,2
1757,1,0.95,7.66,2
1758,1,0.95,7.0,2
1759,1,0.95,7.6,2
1760,1,0.95,7.52,2
1761,1,0.95,8.26,2
1762,1,0.95,8.08,2
1763,1,0.95,8.36,2
1764,1,0.95,8.02,2
1765,1,0.95,7.36,2
1766,1,0.95,7.3,2
1767,1,0.95,7.54,2
1768,1,0.95,7.42,2
1769,1,0.95,7.0,2
1770,1,0.95,7.1,2
1771,1,0.95,7.76,2
1772,1,0.95,7.82,2
1773,1,0.95,7.82,2
1774,1,0.95,7.34,2
1775,1,0.95,7.72,2
1776,1,0.95,8.0,2
1777,1,0.95,7.84,2
1778,1,0.95,8.26,2
1779,1,0.95,7.72,2
1780,1,0.95,8.96,2
1781,1,0.95,8.24,2
1782,1,0.95,8.98,2
1783,1,0.95,8.5,2
1784,1,0.95,7.12,2
1785,1,0.95,7.86,2
1786,1,0.95,7.36,2
1787,1,0.95,8.52,2
1788,1,0.95,7.54,2
1789,1,0.95,7.32,2
1790,1,0.95,7.84,2
1791,1,0.95,7.58,2
1792,1,0.95,7.54,2
1793,1,0.95,7.94,2
1794,1,0.95,7.48,2
1795,1,0.95,7.54,2
1796,1,0.95,7.1,2
1797,1,0.95,7.18,2
1798,1,0.95,7.4,2
1799,1,0.95,8.5,2
1800,1,0.95,6.74,2
1801,1,0.95,8.24,2
1802,1,0.95,8.22,2
1803,1,0.95,8.6,2
1804,1,0.95,7.64,2
1805,1,0.95,8.2,2
1806,1,0.95,8.2,2
1807,1,0.95,7.9,2
1808,1,0.95,8.28,2
1809,1,0.95,6.9,2
1810,1,0.95,7.98,2
1811,1,0.95,7.76,2
1812,1,0.95,7.92,2
1813,1,0.95,7.7,2
1814,1,0.95,6.76,2
1815,1,0.95,7.56,2
1816,1,0.95,7.6,2
1817,1,0.95,7.12,2
1818,1,0.95,7.68,2
1819,1,0.95,7.96,2
1820,1,0.95,7.7,2
1821,1,0.95,6.34,2
1822,1,0.95,7.62,2
1823,1,0.95,6.82,2
1824,1,0.95,7.02,2
1825,1,0.95,7.5,2
1826,1,0.95,7.4,2
1827,1,0.95,7.16,2
1828,1,0.95,7.02,2
1829,1,0.95,8.2,2
1830,1,0.95,8.04,2
1831,1,0.95,8.5,2
1832,1,0.95,7.82,2
1833,1,0.95,7.54,2
1834,1,0.95,6.92,2
1835,1,0.95,7.44,2
1836,1,0.95,8.02,2
1837,1,0.95,7.66,2
1838,1,0.95,6.72,2
1839,1,0.95,7.28,2
1840,1,0.95,6.2,2
1841,1,0.95,7.64,2
1842,1,0.95,8.1,2
1843,1,0.95,7.36,2
1844,1,0.95,8.76,2
1845,1,0.95,6.98,2
1846,1,0.95,8.38,2
1847,1,0.95,8.62,2
1848,1,0.95,8.94,2
1849,1,0.95,8.22,2
1850,1,0.95,8.18,2
1851,1,0.95,7.36,2
1852,1,0.95,7.54,2
1853,1,0.95,7.88,2
1854,1,0.95,8.18,2
1855,1,0.95,7.08,2
1856,1,0.95,7.84,2
1857,1,0.95,8.66,2
1858,1,0.95,7.84,2
1859,1,0.95,8.1,2
1860,1,0.95,7.94,2
1861,1,0.95,7.7,2
1862,1,0.95,8.08,2
1863,1,0.95,8.16,2
1864,1,0.95,7.52,2
1865,1,0.95,7.44,2
1866,1,0.95,8.14,2
1867,1,0.95,6.64,2
1868,1,0.95,7.6,2
1869,1,0.95,8.74,2
1870,1,0.95,8.62,2
1871,1,0.95,8.1,2
1872,1,0.95,7.1,2
1873,1,0.95,7.5,2
1874,1,0.95,7.48,2
1875,1,0.95,8.86,2
1876,1,0.95,7.54,2
1877,1,0.95,8.32,2
1878,1,0.95,7.66,2
1879,1,0.95,7.78,2
1880,1,0.95,7.7,2
1881,1,0.95,8.18,2
1882,1,0.95,8.62,2
1883,1,0.95,8.32,2
1884,1,0.95,7.48,2
1885,1,0.95,7.56,2
1886,1,0.95,8.12,2
1887,1,0.95,7.94,2
1888,1,0.95,7.1,2
1889,1,0.95,7.84,2
1890,1,0.95,7.6,2
1891,1,0.95,8.24,2
1892,1,0.95,7.76,2
1893,1,0.95,8.24,2
1894,1,0.95,8.92,2
1895,1,0.95,7.72,2
1896,1,0.95,7.96,2
1897,1,0.95,8.1,2
1898,1,0.95,7.2,2
1899,1,0.95,7.42,2
1900,1,0.95,8.22,2
1901,1,0.95,8.48,2
1902,1,0.95,7.12,2
1903,1,0.95,7.3,2
1904,1,0.95,7.34,2
1905,1,0.95,8.08,2
1906,1,0.95,8.12,2
1907,1,0.95,7.24,2
1908,1,0.95,8.22,2
1909,1,0.95,8.06,2
1910,1,0.95,7.28,2
1911,1,0.95,7.06,2
1912,1,0.95,7.12,2
1913,1,0.95,6.52,2
1914,1,0.95,8.32,2
1915,1,0.95,8.16,2
1916,1,0.95,8.54,2
1917,1,0.95,7.42,2
1918,1,0.95,8.38,2
1919,1,0.95,8.08,2
1920,1,0.95,7.7,2
1921,1,0.95,8.3,2
1922,1,0.95,7.8,2
1923,1,0.95,7.5,2
1924,1,0.95,7.52,2
1925,1,0.95,8.74,2
1926,1,0.95,7.9,2
1927,1,0.95,8.08,2
1928,1,0.95,8.2,2
1929,1,0.95,7.38,2
1930,1,0.95,7.1,2
1931,1,0.95,7.5,2
1932,1,0.95,7.38,2
1933,1,0.95,7.46,2
1934,1,0.95,7.94,2
1935,1,0.95,8.96,2
1936,1,0.95,8.5,2
1937,1,0.95,7.7,2
1938,1,0.95,8.24,2
1939,1,0.95,7.12,2
1940,1,0.95,7.08,2
1941,1,0.95,7.1,2
1942,1,0.95,7.14,2
1943,1,0.95,7.62,2
1944,1,0.95,8.72,2
1945,1,0.95,8.34,2
1946,1,0.95,7.76,2
1947,1,0.95,7.04,2
1948,1,0.95,7.7,2
1949,1,0.95,7.22,2
1950,1,0.95,7.94,2
1951,1,0.95,7.52,2
1952,1,0.95,7.48,2
1953,1,0.95,8.94,2
1954,1,0.95,7.86,2
1955,1,0.95,7.66,2
1956,1,0.95,8.06,2
1957,1,0.95,7.94,2
1958,1,0.95,8.22,2
1959,1,0.95,7.74,2
1960,1,0.95,8.24,2
1961,1,0.95,8.36,2
1962,1,0.95,7.98,2
1963,1,0.95,7.66,2
1964,1,0.95,8.4,2
1965,1,0.95,7.44,2
1966,1,0.95,8.74,2
1967,1,0.95,8.32,2
1968,1,0.95,7.82,2
1969,1,0.95,7.86,2
1970,1,0.95,8.24,2
1971,1,0.95,7.84,2
1972,1,0.95,7.74,2
1973,1,0.95,7.2,2
1974,1,0.95,7.14,2
1975,1,0.95,6.72,2
1976,1,0.95,7.74,2
1977,1,0.95,8.24,2
1978,1,0.95,7.84,2
1979,1,0.95,8.82,2
1980,1,0.95,8.16,2
1981,1,0.95,8.94,2
1982,1,0.95,8.18,2
1983,1,0.95,7.78,2
1984,1,0.95,8.04,2
1985,1,0.95,7.74,2
1986,1,0.95,8.1,2
1987,1,0.95,8.32,2
1988,1,0.95,8.86,2
1989,1,0.95,7.82,2
1990,1,0.95,7.26,2
1991,1,0.95,8.52,2
1992,1,0.95,8.02,2
1993,1,0.95,8.44,2
1994,1,0.95,9.6,2
1995,1,0.95,9.1,2
1996,1,0.95,7.54,2
1997,1,0.95,8.08,2
1998,1,0.95,8.16,2
1999,1,0.95,8.2,2
2000,1,0.95,7.88,2
0,2,0.95,57.54,44
1,2,0.95,48.74,38
2,2,0.95,44.82,37
3,2,0.95,39.76,33
4,2,0.95,36.8,28
5,2,0.95,33.7,28
6,2,0.95,31.42,27
7,2,0.95,31.0,26
8,2,0.95,29.46,24
9,2,0.95,27.4,22
10,2,0.95,26.5,22
11,2,0.95,25.48,20
12,2,0.95,24.38,19
13,2,0.95,23.68,19
14,2,0.95,23.06,19
15,2,0.95,22.8,18
16,2,0.95,22.38,18
17,2,0.95,22.34,18
18,2,0.95,22.16,17
19,2,0.95,22.18,17
20,2,0.95,21.18,17
21,2,0.95,20.58,17
22,2,0.95,20.6,17
23,2,0.95,21.48,16
24,2,0.95,20.34,16
25,2,0.95,19.18,16
26,2,0.95,19.4,16
27,2,0.95,20.38,16
28,2,0.95,20.98,15
29,2,0.95,20.06,14
30,2,0.95,19.46,14
31,2,0.95,18.16,14
32,2,0.95,18.54,14
33,2,0.95,19.18,14
34,2,0.95,18.98,14
35,2,0.95,18.3,14
36,2,0.95,18.52,14
37,2,0.95,18.16,13
38,2,0.95,17.9,12
39,2,0.95,17.22,11
40,2,0.95,16.02,11
41,2,0.95,15.98,10
42,2,0.95,15.7,10
43,2,0.95,14.8,10
44,2,0.95,15.34,10
45,2,0.95,15.26,9
46,2,0.95,14.34,9
47,2,0.95,14.02,9
48,2,0.95,14.14,9
49,2,0.95,13.5,9
50,2,0.95,12.68,8
51,2,0.95,12.88,8
52,2,0.95,12.86,8
53,2,0.95,12.9,8
54,2,0.95,13.34,8
55,2,0.95,12.06,8
56,2,0.95,12.08,8
57,2,0.95,12.5,8
58,2,0.95,12.34,8
59,2,0.95,12.42,8
60,2,0.95,12.92,8
61,2,0.95,12.6,8
62,2,0.95,12.38,8
63,2,0.95,12.58,7
64,2,0.95,12.6,7
65,2,0.95,12.52,7
66,2,0.95,12.18,7
67,2,0.95,12.76,7
68,2,0.95,11.62,7
69,2,0.95,11.52,7
70,2,0.95,11.86,7
71,2,0.95,12.26,7
72,2,0.95,12.88,7
73,2,0.95,12.08,7
74,2,0.95,12.24,7
75,2,0.95,13.2,7
76,2,0.95,12.66,6
77,2,0.95,11.76,6
78,2,0.95,11.7,6
79,2,0.95,10.6,6
80,2,0.95,11.1,6
81,2,0.95,11.78,6
82,2,0.95,10.3,6
83,2,0.95,11.22,6
84,2,0.95,10.4,6
85,2,0.95,10.56,6
86,2,0.95,12.04,6
87,2,0.95,11.32,6
88,2,0.95,11.28,6
89,2,0.95,11.28,6
90,2,0.95,10.34,6
91,2,0.95,11.42,6
92,2,0.95,11.54,6
93,2,0.95,11.26,6
94,2,0.95,10.28,6
95,2,0.95,10.82,6
96,2,0.95,12.08,6
97,2,0.95,11.26,6
98,2,0.95,11.6,6
99,2,0.95,11.54,6
100,2,0.95,12.02,6
101,2,0.95,11.26,6
102,2,0.95,11.16,6
103,2,0.95,11.46,6
104,2,0.95,11.54,6
105,2,0.95,12.18,6
106,2,0.95,11.32,6
107,2,0.95,11.22,6
108,2,0.95,11.42,6
109,2,0.95,11.54,6
110,2,0.95,12.04,6
111,2,0.95,11.54,6
112,2,0.95,11.2,6
113,2,0.95,11.68,6
114,2,0.95,11.56,6
115,2,0.95,11.34,6
116,2,0.95,11.08,6
117,2,0.95,11.54,6
118,2,0.95,10.88,6
119,2,0.95,11.16,6
120,2,0.95,10.78,6
121,2,0.95,11.88,6
122,2,0.95,12.06,6
123,2,0.95,10.6,6
124,2,0.95,11.34,6
125,2,0.95,10.48,6
126,2,0.95,11.66,6
127,2,0.95,11.54,6
128,2,0.95,11.6,6
129,2,0.95,11.58,6
130,2,0.95,11.28,6
131,2,0.95,11.56,6
132,2,0.95,11.52,6
133,2,0.95,10.8,6
134,2,0.95,11.42,6
135,2,0.95,11.78,5
136,2,0.95,10.94,5
137,2,0.95,10.6,5
138,2,0.95,9.78,5
139,2,0.95,9.88,5
140,2,0.95,10.3,5
141,2,0.95,10.46,5
142,2,0.95,11.08,5
143,2,0.95,10.08,5
144,2,0.95,10.5,5
145,2,0.95,9.34,5
146,2,0.95,10.26,5
147,2,0.95,9.96,5
148,2,0.95,10.82,5
149,2,0.95,10.52,5
150,2,0.95,10.54,5
151,2,0.95,9.28,5
152,2,0.95,10.26,5
153,2,0.95,9.88,5
154,2,0.95,9.56,5
155,2,0.95,9.9,5
156,2,0.95,10.8,5
157,2,0.95,10.72,5
158,2,0.95,10.3,5
159,2,0.95,10.82,5
160,2,0.95,10.64,5
161,2,0.95,10.24,5
162,2,0.95,11.24,5
163,2,0.95,10.78,5
164,2,0.95,10.42,5
165,2,0.95,9.96,5
166,2,0.95,9.86,5
167,2,0.95,11.56,5
168,2,0.95,9.98,5
169,2,0.95,10.8,5
170,2,0.95,10.44,5
171,2,0.95,11.74,5
172,2,0.95,11.42,5
173,2,0.95,10.72,5
174,2,0.95,11.3,5
175,2,0.95,9.42,5
176,2,0.95,10.14,5
177,2,0.95,10.06,5
178,2,0.95,10.28,5
179,2,0.95,10.94,5
180,2,0.95,10.74,5
181,2,0.95,11.06,5
182,2,0.95,11.38,5
183,2,0.95,10.76,5
184,2,0.95,9.06,4
185,2,0.95,9.3,4
186,2,0.95,9.22,4
187,2,0.95,8.54,4
188,2,0.95,8.32,4
189,2,0.95,8.74,4
190,2,0.95,9.5,4
191,2,0.95,9.2,4
192,2,0.95,8.78,4
193,2,0.95,9.7,4
194,2,0.95,9.56,4
195,2,0.95,9.68,4
196,2,0.95,9.06,4
197,2,0.95,9.9,4
198,2,0.95,9.5,4
199,2,0.95,8.76,4
200,2,0.95,8.96,4
201,2,0.95,9.24,4
202,2,0.95,8.66,4
203,2,0.95,9.28,4
204,2,0.95,9.86,4
205,2,0.95,9.2,4
206,2,0.95,10.04,4
207,2,0.95,10.28,4
208,2,0.95,9.4,4
209,2,0.95,9.36,4
210,2,0.95,10.2,4
211,2,0.95,10.42,4
212,2,0.95,9.1,4
213,2,0.95,9.42,4
214,2,0.95,9.84,4
215,2,0.95,8.66,4
216,2,0.95,9.54,4
217,2,0.95,9.44,3
218,2,0.95,8.74,3
219,2,0.95,8.92,3
220,2,0.95,7.94,3
221,2,0.95,8.72,3
222,2,0.95,10.0,3
223,2,0.95,8.4,3
224,2,0.95,8.9,3
225,2,0.95,8.5,3
226,2,0.95,8.9,3
227,2,0.95,8.32,3
228,2,0.95,8.7,3
229,2,0.95,9.56,3
230,2,0.95,8.4,3
231,2,0.95,8.66,3
232,2,0.95,7.84,3
233,2,0.95,8.52,3
234,2,0.95,9.92,3
235,2,0.95,8.76,3
236,2,0.95,8.82,3
237,2,0.95,8.44,3
238,2,0.95,7.9,3
239,2,0.95,8.84,3
240,2,0.95,8.88,3
241,2,0.95,8.6,3
242,2,0.95,8.5,3
243,2,0.95,8.78,3
244,2,0.95,8.86,3
245,2,0.95,8.94,3
246,2,0.95,8.62,3
247,2,0.95,9.48,3
248,2,0.95,8.6,3
249,2,0.95,8.46,3
250,2,0.95,8.48,3
251,2,0.95,7.88,3
252,2,0.95,8.44,3
253,2,0.95,7.94,3
254,2,0.95,9.62,3
255,2,0.95,8.92,3
256,2,0.95,8.56,3
257,2,0.95,9.04,3
258,2,0.95,9.28,3
259,2,0.95,8.78,3
260,2,0.95,8.62,3
261,2,0.95,8.38,3
262,2,0.95,8.92,3
263,2,0.95,8.32,3
264,2,0.95,7.96,3
265,2,0.95,8.78,3
266,2,0.95,9.2,3
267,2,0.95,9.3,3
268,2,0.95,8.88,3
269,2,0.95,8.98,3
270,2,0.95,9.0,3
271,2,0.95,9.26,3
272,2,0.95,9.06,3
273,2,0.95,7.9,3
274,2,0.95,9.02,3
275,2,0.95,8.5,3
276,2,0.95,9.26,3
277,2,0.95,8.7,3
278,2,0.95,8.1,3
279,2,0.95,8.56,3
280,2,0.95,7.9,3
281,2,0.95,9.72,3
282,2,0.95,10.46,3
283,2,0.95,9.58,3
284,2,0.95,8.56,3
285,2,0.95,8.22,3
286,2,0.95,9.08,3
287,2,0.95,8.84,3
288,2,0.95,8.28,3
289,2,0.95,9.12,3
290,2,0.95,8.24,3
291,2,0.95,7.74,3
292,2,0.95,8.4,3
293,2,0.95,9.84,3
294,2,0.95,9.28,3
295,2,0.95,10.38,3
296,2,0.95,9.64,3
297,2,0.95,8.1,3
298,2,0.95,8.68,3
299,2,0.95,8.56,3
300,2,0.95,9.7,3
301,2,0.95,8.82,3
302,2,0.95,8.3,3
303,2,0.95,9.16,3
304,2,0.95,8.76,3
305,2,0.95,8.02,3
306,2,0.95,8.42,3
307,2,0.95,8.48,3
308,2,0.95,9.92,3
309,2,0.95,9.36,3
310,2,0.95,8.46,3
311,2,0.95,8.18,3
312,2,0.95,8.34,3
313,2,0.95,8.76,3
314,2,0.95,8.76,3
315,2,0.95,8.2,3
316,2,0.95,9.0,3
317,2,0.95,8.44,3
318,2,0.95,7.82,3
319,2,0.95,7.26,3
320,2,0.95,8.76,3
321,2,0.95,8.96,3
322,2,0.95,8.3,3
323,2,0.95,8.0,3
324,2,0.95,8.82,3
325,2,0.95,8.98,3
326,2,0.95,9.14,3
327,2,0.95,8.86,3
328,2,0.95,9.74,3
329,2,0.95,9.0,3
330,2,0.95,8.88,3
331,2,0.95,8.96,3
332,2,0.95,8.78,3
333,2,0.95,7.88,3
334,2,0.95,8.2,3
335,2,0.95,8.66,3
336,2,0.95,9.18,3
337,2,0.95,8.72,3
338,2,0.95,8.64,3
339,2,0.95,7.86,3
340,2,0.95,8.54,3
341,2,0.95,9.14,3
342,2,0.95,9.14,3
343,2,0.95,7.98,3
344,2,0.95,9.06,3
345,2,0.95,8.36,3
346,2,0.95,8.22,3
347,2,0.95,9.22,3
348,2,0.95,8.24,3
349,2,0.95,8.8,3
350,2,0.95,8.28,3
351,2,0.95,9.88,3
352,2,0.95,8.54,3
353,2,0.95,8.62,3
354,2,0.95,8.46,3
355,2,0.95,9.46,3
356,2,0.95,8.6,3
357,2,0.95,8.6,3
358,2,0.95,8.94,3
359,2,0.95,8.56,3
360,2,0.95,8.58,3
361,2,0.95,9.44,3
362,2,0.95,8.68,3
363,2,0.95,9.46,3
364,2,0.95,8.2,3
365,2,0.95,9.1,3
366,2,0.95,9.28,3
367,2,0.95,9.2,3
368,2,0.95,9.1,3
369,2,0.95,9.08,3
370,2,0.95,9.2,3
371,2,0.95,8.56,3
372,2,0.95,8.74,3
373,2,0.95,7.72,3
374,2,0.95,7.9,3
375,2,0.95,8.24,3
376,2,0.95,7.98,3
377,2,0.95,8.62,3
378,2,0.95,8.88,3
379,2,0.95,9.82,3
380,2,0.95,8.52,3
381,2,0.95,8.98,3
382,2,0.95,8.24,3
383,2,0.95,9.04,3
384,2,0.95,8.72,3
385,2,0.95,8.46,3
386,2,0.95,9.2,3
387,2,0.95,9.02,3
388,2,0.95,9.04,3
389,2,0.95,7.84,3
390,2,0.95,8.94,3
391,2,0.95,8.58,2
392,2,0.95,8.98,2
393,2,0.95,8.46,2
394,2,0.95,8.58,2
395,2,0.95,8.84,2
396,2,0.95,8.7,2
397,2,0.95,8.24,2
398,2,0.95,7.32,2
399,2,0.95,7.42,2
400,2,0.95,7.66,2
401,2,0.95,6.96,2
402,2,0.95,7.66,2
403,2,0.95,7.18,2
404,2,0.95,7.76,2
405,2,0.95,8.24,2
406,2,0.95,7.5,2
407,2,0.95,8.36,2
408,2,0.95,8.66,2
409,2,0.95,7.86,2
410,2,0.95,7.26,2
411,2,0.95,8.3,2
412,2,0.95,7.46,2
413,2,0.95,7.5,2
414,2,0.95,7.58,2
415,2,0.95,7.9,2
416,2,0.95,7.78,2
417,2,0.95,7.26,2
418,2,0.95,7.36,2
419,2,0.95,8.58,2
420,2,0.95,7.92,2
421,2,0.95,8.76,2
422,2,0.95,7.82,2
423,2,0.95,6.96,2
424,2,0.95,7.26,2
425,2,0.95,7.7,2
426,2,0.95,8.68,2
427,2,0.95,8.02,2
428,2,0.95,8.7,2
429,2,0.95,7.84,2
430,2,0.95,7.86,2
431,2,0.95,7.04,2
432,2,0.95,7.3,2
433,2,0.95,7.34,2
434,2,0.95,7.8,2
435,2,0.95,7.48,2
436,2,0.95,8.86,2
437,2,0.95,9.32,2
438,2,0.95,8.2,2
439,2,0.95,7.66,2
440,2,0.95,7.96,2
441,2,0.95,7.7,2
442,2,0.95,7.5,1
443,2,0.95,7.28,1
444,2,0.95,7.1,1
445,2,0.95,6.4,1
446,2,0.95,7.14,1
447,2,0.95,6.98,1
448,2,0.95,5.88,1
449,2,0.95,6.38,1
450,2,0.95,6.8,1
451,2,0.95,7.64,1
452,2,0.95,7.4,1
453,2,0.95,6.76,1
454,2,0.95,7.16,1
455,2,0.95,8.26,1
456,2,0.95,7.44,1
457,2,0.95,7.2,1
458,2,0.95,7.34,1
459,2,0.95,7.54,1
460,2,0.95,7.48,1
461,2,0.95,6.7,1
462,2,0.95,7.18,1
463,2,0.95,7.2,1
464,2,0.95,7.14,1
465,2,0.95,6.9,1
466,2,0.95,6.58,1
467,2,0.95,7.68,1
468,2,0.95,6.9,1
469,2,0.95,6.48,1
470,2,0.95,8.14,1
471,2,0.95,7.28,1
472,2,0.95,6.78,1
473,2,0.95,6.54,1
474,2,0.95,6.64,1
475,2,0.95,6.68,1
476,2,0.95,6.74,1
477,2,0.95,7.08,1
478,2,0.95,6.82,1
479,2,0.95,7.32,1
480,2,0.95,7.22,1
481,2,0.95,7.62,1
482,2,0.95,7.66,1
483,2,0.95,6.48,1
484,2,0.95,6.82,1
485,2,0.95,6.84,1
486,2,0.95,6.86,1
487,2,0.95,5.86,1
488,2,0.95,6.24,1
489,2,0.95,6.98,1
490,2,0.95,7.16,1
491,2,0.95,7.52,1
492,2,0.95,7.3,1
493,2,0.95,6.4,1
494,2,0.95,5.72,1
495,2,0.95,6.42,1
496,2,0.95,6.48,1
497,2,0.95,6.18,1
498,2,0.95,6.7,1
499,2,0.95,6.5,1
500,2,0.95,6.52,1
501,2,0.95,7.14,1
502,2,0.95,6.64,1
503,2,0.95,5.84,1
504,2,0.95,6.46,1
505,2,0.95,6.78,1
506,2,0.95,7.7,1
507,2,0.95,6.6,1
508,2,0.95,7.0,1
509,2,0.95,6.4,1
510,2,0.95,5.9,1
511,2,0.95,5.94,1
512,2,0.95,7.08,1
513,2,0.95,7.68,1
514,2,0.95,7.3,1
515,2,0.95,7.16,1
516,2,0.95,6.5,1
517,2,0.95,6.58,1
518,2,0.95,6.64,1
519,2,0.95,7.78,1
520,2,0.95,6.86,1
521,2,0.95,6.56,1
522,2,0.95,6.66,1
523,2,0.95,6.42,1
524,2,0.95,6.36,1
525,2,0.95,6.44,1
526,2,0.95,8.04,1
527,2,0.95,7.36,1
528,2,0.95,7.16,1
529,2,0.95,6.28,1
530,2,0.95,6.92,1
531,2,0.95,7.6,1
532,2,0.95,6.8,1
533,2,0.95,6.04,1
534,2,0.95,7.64,1
535,2,0.95,7.68,1
536,2,0.95,8.8,1
537,2,0.95,8.2,1
538,2,0.95,6.98,1
539,2,0.95,7.26,1
540,2,0.95,7.02,1
541,2,0.95,7.4,1
542,2,0.95,6.98,1
543,2,0.95,6.16,1
544,2,0.95,7.84,1
545,2,0.95,6.8,1
546,2,0.95,6.5,1
547,2,0.95,7.58,1
548,2,0.95,7.78,1
549,2,0.95,7.62,1
550,2,0.95,7.18,1
551,2,0.95,7.26,1
552,2,0.95,7.42,1
553,2,0.95,7.3,1
554,2,0.95,7.04,1
555,2,0.95,5.92,1
556,2,0.95,6.72,1
557,2,0.95,7.44,1
558,2,0.95,7.78,1
559,2,0.95,7.36,1
560,2,0.95,7.08,1
561,2,0.95,7.62,1
562,2,0.95,6.92,1
563,2,0.95,6.62,1
564,2,0.95,7.36,1
565,2,0.95,7.06,1
566,2,0.95,6.34,1
567,2,0.95,6.92,1
568,2,0.95,7.04,1
569,2,0.95,7.22,1
570,2,0.95,6.48,1
571,2,0.95,6.78,1
572,2,0.95,7.52,1
573,2,0.95,7.32,1
574,2,0.95,7.38,1
575,2,0.95,7.36,1
576,2,0.95,6.54,1
577,2,0.95,7.18,1
578,2,0.95,7.48,1
579,2,0.95,6.26,1
580,2,0.95,6.4,1
581,2,0.95,7.28,1
582,2,0.95,7.14,1
583,2,0.95,7.04,1
584,2,0.95,6.34,1
585,2,0.95,7.12,1
586,2,0.95,6.42,1
587,2,0.95,6.46,1
588,2,0.95,7.8,1
589,2,0.95,8.12,1
590,2,0.95,7.96,1
591,2,0.95,6.66,1
592,2,0.95,7.3,1
593,2,0.95,7.1,1
594,2,0.95,6.5,1
595,2,0.95,6.7,1
596,2,0.95,6.02,1
597,2,0.95,7.1,1
598,2,0.95,6.82,1
599,2,0.95,6.82,1
600,2,0.95,6.88,1
601,2,0.95,6.3,0
0,3,0.95,58.3,45
1,3,0.95,50.6,42
2,3,0.95,46.96,39
3,3,0.95,41.94,36
4,3,0.95,38.8,34
5,3,0.95,36.5,31
6,3,0.95,34.24,29
7,3,0.95,32.56,28
8,3,0.95,31.88,28
9,3,0.95,31.3,27
10,3,0.95,30.62,25
11,3,0.95,28.64,23
12,3,0.95,26.78,21
13,3,0.95,25.64,21
14,3,0.95,24.54,19
15,3,0.95,23.52,18
16,3,0.95,22.1,17
17,3,0.95,21.86,17
18,3,0.95,21.58,17
19,3,0.95,21.56,16
20,3,0.95,20.64,16
21,3,0.95,20.38,16
22,3,0.95,20.9,16
23,3,0.95,20.84,15
24,3,0.95,19.16,15
25,3,0.95,19.46,15
26,3,0.95,18.56,14
27,3,0.95,19.02,14
28,3,0.95,18.7,13
29,3,0.95,17.76,13
30,3,0.95,16.76,12
31,3,0.95,16.6,12
32,3,0.95,17.16,12
33,3,0.95,16.28,12
34,3,0.95,16.54,12
35,3,0.95,16.52,12
36,3,0.95,16.18,11
37,3,0.95,15.94,11
38,3,0.95,16.5,11
39,3,0.95,15.66,10
40,3,0.95,14.04,9
41,3,0.95,14.5,9
42,3,0.95,14.22,9
43,3,0.95,13.72,8
44,3,0.95,13.22,8
45,3,0.95,12.74,8
46,3,0.95,12.16,8
47,3,0.95,13.04,8
48,3,0.95,13.24,8
49,3,0.95,13.54,8
50,3,0.95,13.74,8
51,3,0.95,13.04,7
52,3,0.95,13.22,7
53,3,0.95,13.04,7
54,3,0.95,11.92,7
55,3,0.95,11.8,7
56,3,0.95,12.28,7
57,3,0.95,12.4,7
58,3,0.95,12.66,7
59,3,0.95,12.68,7
60,3,0.95,12.84,7
61,3,0.95,12.82,7
62,3,0.95,12.72,7
63,3,0.95,12.58,7
64,3,0.95,11.86,7
65,3,0.95,11.68,7
66,3,0.95,12.22,7
67,3,0.95,13.22,7
68,3,0.95,12.44,6
69,3,0.95,11.98,6
70,3,0.95,11.12,6
71,3,0.95,10.98,6
72,3,0.95,11.0,6
73,3,0.95,11.58,6
74,3,0.95,11.6,6
75,3,0.95,11.0,6
76,3,0.95,10.76,6
77,3,0.95,10.5,6
78,3,0.95,10.68,6
79,3,0.95,11.26,6
80,3,0.95,11.18,6
81,3,0.95,11.12,6
82,3,0.95,11.06,6
83,3,0.95,11.02,6
84,3,0.95,11.54,6
85,3,0.95,11.5,6
86,3,0.95,11.0,6
87,3,0.95,11.84,6
88,3,0.95,11.8,6
89,3,0.95,10.52,6
90,3,0.95,11.18,6
91,3,0.95,10.5,6
92,3,0.95,11.24,6
93,3,0.95,11.22,6
94,3,0.95,11.54,6
95,3,0.95,10.86,6
96,3,0.95,11.56,6
97,3,0.95,11.44,6
98,3,0.95,11.44,6
99,3,0.95,10.68,6
100,3,0.95,11.5,6
101,3,0.95,11.68,6
102,3,0.95,11.44,6
103,3,0.95,11.12,6
104,3,0.95,11.26,6
105,3,0.95,11.06,6
106,3,0.95,12.12,6
107,3,0.95,11.52,6
108,3,0.95,11.4,6
109,3,0.95,10.1,6
110,3,0.95,10.36,6
111,3,0.95,11.24,6
112,3,0.95,10.98,6
113,3,0.95,11.08,5
114,3,0.95,10.04,5
115,3,0.95,10.2,5
116,3,0.95,10.64,5
117,3,0.95,10.64,5
118,3,0.95,9.78,5
119,3,0.95,10.44,5
120,3,0.95,11.04,5
121,3,0.95,10.18,5
122,3,0.95,10.1,5
123,3,0.95,10.36,5
124,3,0.95,10.68,5
125,3,0.95,10.56,5
126,3,0.95,10.16,5
127,3,0.95,10.16,5
128,3,0.95,10.62,5
129,3,0.95,10.44,5
130,3,0.95,11.14,5
131,3,0.95,10.7,5
132,3,0.95,10.7,5
133,3,0.95,11.16,5
134,3,0.95,10.62,5
135,3,0.95,10.02,5
136,3,0.95,11.38,5
137,3,0.95,9.9,5
138,3,0.95,9.22,5
139,3,0.95,10.06,5
140,3,0.95,10.04,5
141,3,0.95,10.34,4
142,3,0.95,9.68,3
143,3,0.95,9.56,3
144,3,0.95,8.82,3
145,3,0.95,9.86,3
146,3,0.95,9.84,3
147,3,0.95,9.58,3
148,3,0.95,9.18,3
149,3,0.95,9.16,3
150,3,0.95,8.56,3
151,3,0.95,9.26,3
152,3,0.95,8.84,3
153,3,0.95,7.98,3
154,3,0.95,8.2,3
155,3,0.95,8.26,3
156,3,0.95,8.5,3
157,3,0.95,9.3,3
158,3,0.95,8.92,3
159,3,0.95,8.3,3
160,3,0.95,8.32,3
161,3,0.95,8.68,3
162,3,0.95,8.94,3
163,3,0.95,8.84,3
164,3,0.95,9.1,3
165,3,0.95,8.62,3
166,3,0.95,9.74,3
167,3,0.95,9.04,3
168,3,0.95,9.32,3
169,3,0.95,9.06,3
170,3,0.95,7.72,3
171,3,0.95,8.36,3
172,3,0.95,7.94,3
173,3,0.95,8.38,3
174,3,0.95,8.64,3
175,3,0.95,8.92,3
176,3,0.95,9.38,3
177,3,0.95,8.56,3
178,3,0.95,8.24,3
179,3,0.95,9.02,3
180,3,0.95,8.16,3
181,3,0.95,9.62,3
182,3,0.95,9.22,3
183,3,0.95,9.4,3
184,3,0.95,7.9,3
185,3,0.95,9.32,3
186,3,0.95,8.92,3
187,3,0.95,8.84,3
188,3,0.95,8.56,3
189,3,0.95,9.86,3
190,3,0.95,8.94,3
191,3,0.95,8.94,3
192,3,0.95,8.86,3
193,3,0.95,7.9,3
194,3,0.95,7.9,3
195,3,0.95,8.7,3
196,3,0.95,8.86,3
197,3,0.95,8.56,3
198,3,0.95,9.22,3
199,3,0.95,8.58,3
200,3,0.95,8.14,3
201,3,0.95,8.2,3
202,3,0.95,9.02,3
203,3,0.95,7.72,3
204,3,0.95,7.8,3
205,3,0.95,8.7,3
206,3,0.95,8.46,3
207,3,0.95,8.98,3
208,3,0.95,9.16,3
209,3,0.95,9.18,3
210,3,0.95,9.08,3
211,3,0.95,8.58,3
212,3,0.95,8.68,3
213,3,0.95,8.6,3
214,3,0.95,9.2,3
215,3,0.95,9.08,3
216,3,0.95,8.9,3
217,3,0.95,8.88,3
218,3,0.95,8.46,3
219,3,0.95,8.58,3
220,3,0.95,8.48,3
221,3,0.95,9.8,3
222,3,0.95,8.92,3
223,3,0.95,8.0,3
224,3,0.95,8.0,3
225,3,0.95,8.68,3
226,3,0.95,8.72,3
227,3,0.95,8.46,3
228,3,0.95,8.14,3
229,3,0.95,8.64,3
230,3,0.95,7.98,3
231,3,0.95,8.44,3
232,3,0.95,8.6,3
233,3,0.95,9.1,3
234,3,0.95,8.42,3
235,3,0.95,8.88,3
236,3,0.95,10.44,3
237,3,0.95,8.92,3
238,3,0.95,9.04,3
239,3,0.95,9.48,2
240,3,0.95,8.58,2
241,3,0.95,8.4,2
242,3,0.95,7.0,2
243,3,0.95,7.6,2
244,3,0.95,8.26,2
245,3,0.95,7.74,2
246,3,0.95,7.36,2
247,3,0.95,8.42,2
248,3,0.95,8.82,2
249,3,0.95,8.68,2
250,3,0.95,7.4,2
251,3,0.95,8.66,2
252,3,0.95,8.14,2
253,3,0.95,8.48,2
254,3,0.95,8.42,2
255,3,0.95,9.62,2
256,3,0.95,8.18,2
257,3,0.95,8.36,2
258,3,0.95,7.56,2
259,3,0.95,7.26,2
260,3,0.95,8.22,2
261,3,0.95,8.14,2
262,3,0.95,8.3,2
263,3,0.95,6.7,2
264,3,0.95,8.74,2
265,3,0.95,8.66,2
266,3,0.95,7.34,2
267,3,0.95,7.06,2
268,3,0.95,7.58,2
269,3,0.95,8.96,2
270,3,0.95,7.38,2
271,3,0.95,7.18,2
272,3,0.95,7.38,2
273,3,0.95,7.82,2
274,3,0.95,8.9,2
275,3,0.95,6.96,2
276,3,0.95,7.6,2
277,3,0.95,7.96,2
278,3,0.95,7.78,2
279,3,0.95,6.92,2
280,3,0.95,7.54,2
281,3,0.95,8.24,2
282,3,0.95,7.96,2
283,3,0.95,7.76,2
284,3,0.95,8.28,2
285,3,0.95,8.38,2
286,3,0.95,7.42,2
287,3,0.95,8.0,2
288,3,0.95,8.1,2
289,3,0.95,7.8,2
290,3,0.95,7.24,2
291,3,0.95,8.0,2
292,3,0.95,7.92,2
293,3,0.95,7.76,2
294,3,0.95,7.02,2
295,3,0.95,7.02,2
296,3,0.95,7.88,2
297,3,0.95,8.56,2
298,3,0.95,7.04,2
299,3,0.95,7.94,2
300,3,0.95,7.3,2
301,3,0.95,7.44,2
302,3,0.95,8.0,2
303,3,0.95,7.84,2
304,3,0.95,8.1,2
305,3,0.95,7.24,2
306,3,0.95,6.86,2
307,3,0.95,7.6,2
308,3,0.95,7.42,2
309,3,0.95,8.7,2
310,3,0.95,7.86,2
311,3,0.95,8.52,2
312,3,0.95,8.5,2
313,3,0.95,8.78,2
314,3,0.95,8.4,2
315,3,0.95,8.06,2
316,3,0.95,7.8,2
317,3,0.95,9.28,2
318,3,0.95,7.72,2
319,3,0.95,7.8,2
320,3,0.95,7.82,2
321,3,0.95,8.88,2
322,3,0.95,7.98,2
323,3,0.95,7.74,2
324,3,0.95,7.94,2
325,3,0.95,7.18,2
326,3,0.95,7.4,2
327,3,0.95,8.04,2
328,3,0.95,8.52,2
329,3,0.95,7.78,2
330,3,0.95,7.0,2
331,3,0.95,7.84,2
332,3,0.95,8.26,2
333,3,0.95,7.5,2
334,3,0.95,7.04,2
335,3,0.95,6.94,2
336,3,0.95,8.08,2
337,3,0.95,8.6,2
338,3,0.95,8.12,2
339,3,0.95,7.94,2
340,3,0.95,7.78,2
341,3,0.95,7.22,2
342,3,0.95,8.58,2
343,3,0.95,7.48,2
344,3,0.95,7.2,2
345,3,0.95,7.28,2
346,3,0.95,8.36,2
347,3,0.95,7.14,2
348,3,0.95,7.9,2
349,3,0.95,8.0,2
350,3,0.95,7.04,2
351,3,0.95,7.7,2
352,3,0.95,8.16,2
353,3,0.95,9.02,2
354,3,0.95,7.72,2
355,3,0.95,7.96,2
356,3,0.95,7.7,2
357,3,0.95,7.2,2
358,3,0.95,7.22,2
359,3,0.95,7.1,2
360,3,0.95,8.66,2
361,3,0.95,8.58,2
362,3,0.95,8.2,2
363,3,0.95,8.16,2
364,3,0.95,7.46,2
365,3,0.95,8.6,2
366,3,0.95,7.74,2
367,3,0.95,6.86,2
368,3,0.95,8.1,2
369,3,0.95,8.26,2
370,3,0.95,8.04,2
371,3,0.95,7.02,2
372,3,0.95,7.9,2
373,3,0.95,8.62,2
374,3,0.95,8.56,2
375,3,0.95,8.18,2
376,3,0.95,7.32,2
377,3,0.95,7.84,2
378,3,0.95,8.36,2
379,3,0.95,8.02,2
380,3,0.95,7.5,2
381,3,0.95,8.16,2
382,3,0.95,7.5,2
383,3,0.95,8.2,2
384,3,0.95,8.08,2
385,3,0.95,8.14,2
386,3,0.95,7.92,2
387,3,0.95,7.72,2
388,3,0.95,8.36,2
389,3,0.95,7.96,2
390,3,0.95,9.04,2
391,3,0.95,8.64,2
392,3,0.95,8.3,2
393,3,0.95,9.02,2
394,3,0.95,8.52,2
395,3,0.95,8.3,2
396,3,0.95,7.86,2
397,3,0.95,8.4,2
398,3,0.95,8.08,2
399,3,0.95,8.8,2
400,3,0.95,8.42,2
401,3,0.95,7.52,2
402,3,0.95,8.58,2
403,3,0.95,8.36,2
404,3,0.95,7.46,2
405,3,0.95,8.36,2
406,3,0.95,7.5,2
407,3,0.95,8.12,2
408,3,0.95,7.82,2
409,3,0.95,8.58,2
410,3,0.95,7.34,2
411,3,0.95,7.64,2
412,3,0.95,7.64,2
413,3,0.95,8.04,2
414,3,0.95,8.5,2
415,3,0.95,7.72,2
416,3,0.95,8.76,2
417,3,0.95,7.72,2
418,3,0.95,7.12,2
419,3,0.95,7.6,2
420,3,0.95,8.0,2
421,3,0.95,7.76,2
422,3,0.95,7.7,2
423,3,0.95,8.32,2
424,3,0.95,8.52,2
425,3,0.95,8.48,2
426,3,0.95,6.94,2
427,3,0.95,8.14,2
428,3,0.95,7.48,2
429,3,0.95,7.66,2
430,3,0.95,7.8,2
431,3,0.95,7.62,2
432,3,0.95,8.16,2
433,3,0.95,8.22,2
434,3,0.95,8.04,2
435,3,0.95,7.14,2
436,3,0.95,7.6,2
437,3,0.95,8.12,2
438,3,0.95,7.62,2
439,3,0.95,8.06,2
440,3,0.95,7.82,2
441,3,0.95,7.8,2
442,3,0.95,8.5,2
443,3,0.95,8.16,2
444,3,0.95,7.0,2
445,3,0.95,8.96,2
446,3,0.95,8.86,2
447,3,0.95,8.08,2
448,3,0.95,8.04,2
449,3,0.95,7.78,2
450,3,0.95,7.32,2
451,3,0.95,7.48,2
452,3,0.95,8.3,2
453,3,0.95,9.34,2
454,3,0.95,7.92,2
455,3,0.95,8.48,2
456,3,0.95,9.06,2
457,3,0.95,8.48,2
458,3,0.95,8.88,2
459,3,0.95,8.22,2
460,3,0.95,8.38,2
461,3,0.95,8.78,2
462,3,0.95,7.6,2
463,3,0.95,7.6,2
464,3,0.95,8.76,2
465,3,0.95,7.42,2
466,3,0.95,7.88,2
467,3,0.95,7.02,2
468,3,0.95,8.2,2
469,3,0.95,7.5,2
470,3,0.95,7.4,2
471,3,0.95,7.64,2
472,3,0.95,7.5,2
473,3,0.95,7.5,2
474,3,0.95,8.88,2
475,3,0.95,7.86,2
476,3,0.95,8.28,2
477,3,0.95,7.94,2
478,3,0.95,8.04,2
479,3,0.95,7.76,2
480,3,0.95,8.6,2
481,3,0.95,9.04,2
482,3,0.95,8.34,2
483,3,0.95,6.74,2
484,3,0.95,7.14,2
485,3,0.95,8.1,2
486,3,0.95,7.74,2
487,3,0.95,8.24,2
488,3,0.95,7.36,2
489,3,0.95,7.86,2
490,3,0.95,6.24,2
491,3,0.95,6.98,2
492,3,0.95,7.82,2
493,3,0.95,8.6,2
494,3,0.95,8.3,2
495,3,0.95,8.94,2
496,3,0.95,8.08,2
497,3,0.95,8.4,2
498,3,0.95,8.4,2
499,3,0.95,7.94,2
500,3,0.95,7.54,2
501,3,0.95,7.98,2
502,3,0.95,8.2,2
503,3,0.95,8.04,2
504,3,0.95,7.24,2
505,3,0.95,7.08,2
506,3,0.95,7.8,2
507,3,0.95,7.82,2
508,3,0.95,7.94,2
509,3,0.95,7.2,2
510,3,0.95,7.1,2
511,3,0.95,7.76,2
512,3,0.95,7.7,2
513,3,0.95,8.62,2
514,3,0.95,8.06,2
515,3,0.95,7.86,2
516,3,0.95,7.8,2
517,3,0.95,7.38,2
518,3,0.95,7.98,1
519,3,0.95,7.74,1
520,3,0.95,6.8,1
521,3,0.95,6.94,1
522,3,0.95,7.34,1
523,3,0.95,7.4,1
524,3,0.95,7.64,1
525,3,0.95,8.0,1
526,3,0.95,5.94,1
527,3,0.95,6.12,1
528,3,0.95,7.12,1
529,3,0.95,7.02,1
530,3,0.95,7.24,1
531,3,0.95,7.32,1
532,3,0.95,7.78,1
533,3,0.95,7.18,1
534,3,0.95,7.3,1
535,3,0.95,7.62,1
536,3,0.95,6.54,1
537,3,0.95,7.08,1
538,3,0.95,7.24,1
539,3,0.95,6.64,1
540,3,0.95,6.58,1
541,3,0.95,7.2,1
542,3,0.95,6.8,1
543,3,0.95,6.54,1
544,3,0.95,6.56,1
545,3,0.95,6.5,1
546,3,0.95,7.12,1
547,3,0.95,6.52,1
548,3,0.95,6.28,1
549,3,0.95,7.38,1
550,3,0.95,7.46,1
551,3,0.95,8.18,1
552,3,0.95,7.62,1
553,3,0.95,6.82,1
554,3,0.95,7.3,1
555,3,0.95,8.74,1
556,3,0.95,7.2,1
557,3,0.95,6.8,1
558,3,0.95,7.26,1
559,3,0.95,7.88,1
560,3,0.95,6.76,1
561,3,0.95,6.96,1
562,3,0.95,7.18,1
563,3,0.95,7.32,1
564,3,0.95,6.6,1
565,3,0.95,7.48,1
566,3,0.95,7.04,1
567,3,0.95,7.56,1
568,3,0.95,7.0,1
569,3,0.95,7.36,1
570,3,0.95,7.32,1
571,3,0.95,7.88,1
572,3,0.95,6.54,1
573,3,0.95,7.32,1
574,3,0.95,6.9,1
575,3,0.95,6.32,1
576,3,0.95,6.62,1
577,3,0.95,6.0,1
578,3,0.95,7.32,1
579,3,0.95,6.7,1
580,3,0.95,6.94,1
581,3,0.95,6.92,1
582,3,0.95,6.22,1
583,3,0.95,7.38,1
584,3,0.95,6.74,1
585,3,0.95,7.4,1
586,3,0.95,6.96,1
587,3,0.95,8.02,1
588,3,0.95,7.66,1
589,3,0.95,7.28,1
590,3,0.95,7.88,1
591,3,0.95,6.42,1
592,3,0.95,7.04,1
593,3,0.95,7.4,1
594,3,0.95,6.44,1
595,3,0.95,7.68,1
596,3,0.95,7.6,1
597,3,0.95,7.14,1
598,3,0.95,7.34,1
599,3,0.95,8.1,1
600,3,0.95,8.36,1
601,3,0.95,7.34,1
602,3,0.95,8.12,1
603,3,0.95,7.16,1
604,3,0.95,7.14,1
605,3,0.95,6.0,1
606,3,0.95,5.42,1
607,3,0.95,6.68,1
608,3,0.95,6.78,1
609,3,0.95,6.96,1
610,3,0.95,7.24,1
611,3,0.95,6.1,1
612,3,0.95,6.8,1
613,3,0.95,6.76,1
614,3,0.95,7.26,1
615,3,0.95,8.1,1
616,3,0.95,6.92,1
617,3,0.95,7.76,1
618,3,0.95,7.4,1
619,3,0.95,6.9,1
620,3,0.95,7.24,1
621,3,0.95,7.12,1
622,3,0.95,6.78,1
623,3,0.95,7.26,1
624,3,0.95,8.2,1
625,3,0.95,8.04,1
626,3,0.95,7.18,1
627,3,0.95,7.36,1
628,3,0.95,7.36,1
629,3,0.95,7.16,1
630,3,0.95,7.62,1
631,3,0.95,6.62,1
632,3,0.95,6.46,1
633,3,0.95,7.18,1
634,3,0.95,7.74,1
635,3,0.95,6.76,1
636,3,0.95,6.72,1
637,3,0.95,6.9,1
638,3,0.95,7.46,1
639,3,0.95,7.58,1
640,3,0.95,7.18,1
641,3,0.95,6.74,1
642,3,0.95,8.12,1
643,3,0.95,6.58,1
644,3,0.95,6.56,1
645,3,0.95,7.16,1
646,3,0.95,7.64,1
647,3,0.95,7.16,1
648,3,0.95,6.74,1
649,3,0.95,5.92,1
650,3,0.95,6.88,1
651,3,0.95,6.34,1
652,3,0.95,6.62,1
653,3,0.95,6.78,1
654,3,0.95,6.92,1
655,3,0.95,7.02,1
656,3,0.95,6.3,1
657,3,0.95,7.5,1
658,3,0.95,6.92,1
659,3,0.95,6.3,1
660,3,0.95,7.56,1
661,3,0.95,6.72,1
662,3,0.95,7.52,1
663,3,0.95,7.0,1
664,3,0.95,6.98,1
665,3,0.95,7.88,1
666,3,0.95,7.38,1
667,3,0.95,6.86,1
668,3,0.95,7.44,1
669,3,0.95,6.96,1
670,3,0.95,7.84,1
671,3,0.95,7.16,1
672,3,0.95,8.58,1
673,3,0.95,7.54,1
674,3,0.95,6.24,1
675,3,0.95,6.66,1
676,3,0.95,6.84,1
677,3,0.95,6.24,1
678,3,0.95,6.36,1
679,3,0.95,7.24,1
680,3,0.95,6.44,1
681,3,0.95,6.62,1
682,3,0.95,6.8,1
683,3,0.95,6.62,1
684,3,0.95,7.16,1
685,3,0.95,7.1,1
686,3,0.95,6.06,1
687,3,0.95,7.76,1
688,3,0.95,7.32,1
689,3,0.95,7.3,1
690,3,0.95,7.72,1
691,3,0.95,6.62,1
692,3,0.95,7.44,1
693,3,0.95,6.68,1
694,3,0.95,7.16,1
695,3,0.95,7.1,1
696,3,0.95,6.26,1
697,3,0.95,7.2,1
698,3,0.95,7.7,1
699,3,0.95,7.58,1
700,3,0.95,7.08,1
701,3,0.95,7.78,1
702,3,0.95,7.46,1
703,3,0.95,6.94,1
704,3,0.95,7.06,1
705,3,0.95,6.14,1
706,3,0.95,7.52,1
707,3,0.95,6.88,1
708,3,0.95,7.04,1
709,3,0.95,6.68,1
710,3,0.95,7.36,1
711,3,0.95,7.18,1
712,3,0.95,7.26,1
713,3,0.95,6.52,1
714,3,0.95,7.1,1
715,3,0.95,6.5,1
716,3,0.95,7.0,1
717,3,0.95,6.22,1
718,3,0.95,6.82,1
719,3,0.95,5.74,1
720,3,0.95,6.4,1
721,3,0.95,7.7,1
722,3,0.95,7.82,1
723,3,0.95,7.66,1
724,3,0.95,7.5,1
725,3,0.95,7.38,1
726,3,0.95,8.0,1
727,3,0.95,8.12,1
728,3,0.95,7.04,1
729,3,0.95,7.16,1
730,3,0.95,7.76,1
731,3,0.95,7.46,1
732,3,0.95,6.5,1
733,3,0.95,6.66,1
734,3,0.95,7.0,1
735,3,0.95,6.42,1
736,3,0.95,6.82,1
737,3,0.95,6.58,1
738,3,0.95,7.14,1
739,3,0.95,6.82,1
740,3,0.95,6.26,1
741,3,0.95,6.76,1
742,3,0.95,6.84,1
743,3,0.95,7.5,1
744,3,0.95,6.76,1
745,3,0.95,7.02,1
746,3,0.95,6.5,1
747,3,0.95,6.3,1
748,3,0.95,7.32,1
749,3,0.95,6.76,1
750,3,0.95,6.26,1
751,3,0.95,5.78,1
752,3,0.95,7.0,1
753,3,0.95,7.6,1
754,3,0.95,7.44,1
755,3,0.95,6.74,1
756,3,0.95,7.82,1
757,3,0.95,6.98,1
758,3,0.95,7.36,1
759,3,0.95,7.2,1
760,3,0.95,7.24,1
761,3,0.95,6.44,1
762,3,0.95,6.6,1
763,3,0.95,6.82,1
764,3,0.95,6.94,1
765,3,0.95,6.32,1
766,3,0.95,6.22,1
767,3,0.95,6.36,1
768,3,0.95,6.76,1
769,3,0.95,6.6,1
770,3,0.95,6.74,1
771,3,0.95,7.18,1
772,3,0.95,6.5,1
773,3,0.95,6.5,1
774,3,0.95,7.16,1
775,3,0.95,6.06,1
776,3,0.95,6.36,1
777,3,0.95,6.54,1
778,3,0.95,7.48,1
779,3,0.95,7.3,1
780,3,0.95,6.66,1
781,3,0.95,7.04,1
782,3,0.95,7.32,1
783,3,0.95,7.24,1
784,3,0.95,7.54,1
785,3,0.95,6.28,1
786,3,0.95,7.46,1
787,3,0.95,7.9,1
788,3,0.95,6.98,1
789,3,0.95,6.84,1
790,3,0.95,6.8,1
791,3,0.95,6.86,1
792,3,0.95,8.1,1
793,3,0.95,6.7,1
794,3,0.95,6.58,1
795,3,0.95,6.78,1
796,3,0.95,6.54,1
797,3,0.95,6.28,1
798,3,0.95,6.86,1
799,3,0.95,6.4,1
800,3,0.95,6.02,1
801,3,0.95,7.52,1
802,3,0.95,6.92,1
803,3,0.95,7.1,1
804,3,0.95,6.54,1
805,3,0.95,6.58,1
806,3,0.95,7.22,1
807,3,0.95,6.52,1
808,3,0.95,7.52,1
809,3,0.95,8.36,1
810,3,0.95,7.68,1
811,3,0.95,7.2,1
812,3,0.95,6.92,1
813,3,0.95,7.22,1
814,3,0.95,7.42,1
815,3,0.95,7.56,1
816,3,0.95,6.5,1
817,3,0.95,6.84,1
818,3,0.95,6.06,1
819,3,0.95,6.68,1
820,3,0.95,7.02,1
821,3,0.95,7.36,1
822,3,0.95,6.26,1
823,3,0.95,6.98,1
824,3,0.95,6.82,1
825,3,0.95,6.36,1
826,3,0.95,6.8,1
827,3,0.95,6.98,1
828,3,0.95,8.86,1
829,3,0.95,6.62,1
830,3,0.95,6.26,1
831,3,0.95,6.92,1
832,3,0.95,6.62,1
833,3,0.95,6.94,1
834,3,0.95,7.24,1
835,3,0.95,7.52,1
836,3,0.95,7.26,1
837,3,0.95,6.96,1
838,3,0.95,6.58,1
839,3,0.95,7.24,1
840,3,0.95,7.0,1
841,3,0.95,7.56,1
842,3,0.95,7.34,1
843,3,0.95,7.76,1
844,3,0.95,7.7,1
845,3,0.95,6.42,1
846,3,0.95,6.4,1
847,3,0.95,6.58,1
848,3,0.95,7.16,1
849,3,0.95,6.98,1
850,3,0.95,7.16,1
851,3,0.95,6.94,1
852,3,0.95,7.54,1
853,3,0.95,6.7,1
854,3,0.95,6.92,1
855,3,0.95,5.74,1
856,3,0.95,6.98,1
857,3,0.95,6.86,1
858,3,0.95,6.18,1
859,3,0.95,6.44,1
860,3,0.95,6.58,1
861,3,0.95,6.88,1
862,3,0.95,7.4,1
863,3,0.95,7.96,1
864,3,0.95,7.46,1
865,3,0.95,6.62,1
866,3,0.95,7.96,1
867,3,0.95,8.26,1
868,3,0.95,8.04,1
869,3,0.95,6.52,1
870,3,0.95,6.6,1
871,3,0.95,6.98,1
872,3,0.95,7.54,1
873,3,0.95,6.74,1
874,3,0.95,7.7,1
875,3,0.95,7.54,1
876,3,0.95,7.54,1
877,3,0.95,7.96,1
878,3,0.95,6.76,1
879,3,0.95,6.8,1
880,3,0.95,7.82,1
881,3,0.95,7.8,1
882,3,0.95,7.62,1
883,3,0.95,7.2,1
884,3,0.95,8.28,1
885,3,0.95,7.58,1
886,3,0.95,7.14,1
887,3,0.95,6.18,1
888,3,0.95,6.74,1
889,3,0.95,7.7,1
890,3,0.95,7.12,1
891,3,0.95,7.0,1
892,3,0.95,7.08,1
893,3,0.95,6.76,1
894,3,0.95,6.36,1
895,3,0.95,6.6,1
896,3,0.95,7.18,1
897,3,0.95,6.6,1
898,3,0.95,6.84,1
899,3,0.95,7.06,1
900,3,0.95,7.7,1
901,3,0.95,6.72,1
902,3,0.95,7.26,1
903,3,0.95,6.96,1
904,3,0.95,7.58,1
905,3,0.95,7.26,1
906,3,0.95,7.08,1
907,3,0.95,7.76,1
908,3,0.95,6.88,1
909,3,0.95,8.42,1
910,3,0.95,6.96,1
911,3,0.95,7.12,1
912,3,0.95,8.66,1
913,3,0.95,7.16,1
914,3,0.95,7.68,1
915,3,0.95,6.92,1
916,3,0.95,6.72,1
917,3,0.95,6.78,1
918,3,0.95,7.42,1
919,3,0.95,7.62,1
920,3,0.95,7.26,1
921,3,0.95,6.48,1
922,3,0.95,6.3,1
923,3,0.95,7.08,1
924,3,0.95,7.28,1
925,3,0.95,8.0,1
926,3,0.95,6.98,1
927,3,0.95,6.76,1
928,3,0.95,6.7,1
929,3,0.95,6.84,1
930,3,0.95,7.18,1
931,3,0.95,7.28,1
932,3,0.95,7.76,1
933,3,0.95,6.68,1
934,3,0.95,7.36,1
935,3,0.95,8.02,1
936,3,0.95,7.32,1
937,3,0.95,6.88,1
938,3,0.95,6.56,1
939,3,0.95,6.72,1
940,3,0.95,6.4,1
941,3,0.95,6.84,1
942,3,0.95,6.92,1
943,3,0.95,6.04,1
944,3,0.95,6.82,1
945,3,0.95,6.52,1
946,3,0.95,7.38,1
947,3,0.95,7.48,1
948,3,0.95,7.26,1
949,3,0.95,7.22,1
950,3,0.95,6.24,1
951,3,0.95,7.24,1
952,3,0.95,7.1,1
953,3,0.95,6.84,1
954,3,0.95,7.22,1
955,3,0.95,8.14,1
956,3,0.95,7.38,1
957,3,0.95,6.76,1
958,3,0.95,6.54,1
959,3,0.95,6.76,1
960,3,0.95,8.32,1
961,3,0.95,7.2,1
962,3,0.95,7.6,1
963,3,0.95,6.52,1
964,3,0.95,6.44,1
965,3,0.95,6.68,1
966,3,0.95,7.78,1
967,3,0.95,7.22,1
968,3,0.95,8.12,1
969,3,0.95,7.58,1
970,3,0.95,8.16,1
971,3,0.95,7.08,1
972,3,0.95,6.96,1
973,3,0.95,6.94,1
974,3,0.95,5.48,1
975,3,0.95,7.18,1
976,3,0.95,7.06,1
977,3,0.95,5.58,1
978,3,0.95,6.74,1
979,3,0.95,8.02,1
980,3,0.95,7.36,1
981,3,0.95,6.36,1
982,3,0.95,5.68,1
983,3,0.95,6.12,1
984,3,0.95,6.38,1
985,3,0.95,7.04,1
986,3,0.95,6.14,1
987,3,0.95,6.44,1
988,3,0.95,7.26,1
989,3,0.95,6.4,1
990,3,0.95,7.42,1
991,3,0.95,7.04,1
992,3,0.95,6.92,1
993,3,0.95,7.08,1
994,3,0.95,7.02,1
995,3,0.95,8.06,1
996,3,0.95,7.74,1
997,3,0.95,6.88,1
998,3,0.95,7.28,1
999,3,0.95,6.62,1
1000,3,0.95,6.58,1
1001,3,0.95,7.28,1
1002,3,0.95,6.64,1
1003,3,0.95,7.16,1
1004,3,0.95,6.82,1
1005,3,0.95,7.18,1
1006,3,0.95,7.0,1
1007,3,0.95,7.0,1
1008,3,0.95,6.84,1
1009,3,0.95,7.54,1
1010,3,0.95,7.48,1
1011,3,0.95,7.46,1
1012,3,0.95,6.96,1
1013,3,0.95,6.82,1
1014,3,0.95,6.56,1
1015,3,0.95,6.72,1
1016,3,0.95,6.68,1
1017,3,0.95,7.5,1
1018,3,0.95,5.98,1
1019,3,0.95,6.7,1
1020,3,0.95,6.36,1
1021,3,0.95,7.08,1
1022,3,0.95,7.66,1
1023,3,0.95,6.96,1
1024,3,0.95,6.74,1
1025,3,0.95,6.18,1
1026,3,0.95,6.56,1
1027,3,0.95,6.84,1
1028,3,0.95,6.86,1
1029,3,0.95,6.98,1
1030,3,0.95,7.28,1
1031,3,0.95,7.38,1
1032,3,0.95,6.58,1
1033,3,0.95,6.96,1
1034,3,0.95,7.86,1
1035,3,0.95,6.92,1
1036,3,0.95,6.7,1
1037,3,0.95,6.7,1
1038,3,0.95,7.04,1
1039,3,0.95,7.16,1
1040,3,0.95,6.6,1
1041,3,0.95,7.84,1
1042,3,0.95,8.02,1
1043,3,0.95,7.22,1
1044,3,0.95,7.18,1
1045,3,0.95,7.74,1
1046,3,0.95,7.7,1
1047,3,0.95,8.12,1
1048,3,0.95,7.7,1
1049,3,0.95,7.16,1
1050,3,0.95,7.7,1
1051,3,0.95,6.8,1
1052,3,0.95,8.76,1
1053,3,0.95,7.1,1
1054,3,0.95,6.94,1
1055,3,0.95,7.06,1
1056,3,0.95,6.68,1
1057,3,0.95,5.6,1
1058,3,0.95,6.8,1
1059,3,0.95,7.4,1
1060,3,0.95,7.0,1
1061,3,0.95,7.46,1
1062,3,0.95,7.0,1
1063,3,0.95,6.82,1
1064,3,0.95,7.16,1
1065,3,0.95,6.48,1
1066,3,0.95,7.58,1
1067,3,0.95,8.4,1
1068,3,0.95,7.8,1
1069,3,0.95,6.84,1
1070,3,0.95,5.9,1
1071,3,0.95,6.72,1
1072,3,0.95,7.02,1
1073,3,0.95,7.04,1
1074,3,0.95,8.06,1
1075,3,0.95,8.68,1
1076,3,0.95,7.16,1
1077,3,0.95,6.78,1
1078,3,0.95,6.78,1
1079,3,0.95,6.96,1
1080,3,0.95,8.18,1
1081,3,0.95,7.56,1
1082,3,0.95,7.84,1
1083,3,0.95,7.36,1
1084,3,0.95,6.54,1
1085,3,0.95,6.9,1
1086,3,0.95,6.84,1
1087,3,0.95,6.68,1
1088,3,0.95,7.18,1
1089,3,0.95,6.1,1
1090,3,0.95,7.5,1
1091,3,0.95,6.96,1
1092,3,0.95,5.76,1
1093,3,0.95,6.64,1
1094,3,0.95,7.22,1
1095,3,0.95,7.96,1
1096,3,0.95,7.9,1
1097,3,0.95,7.26,1
1098,3,0.95,6.54,1
1099,3,0.95,6.98,1
1100,3,0.95,6.44,1
1101,3,0.95,7.32,1
1102,3,0.95,6.32,1
1103,3,0.95,6.46,1
1104,3,0.95,6.5,1
1105,3,0.95,6.88,1
1106,3,0.95,7.1,1
1107,3,0.95,6.84,1
1108,3,0.95,6.46,1
1109,3,0.95,6.02,1
1110,3,0.95,6.78,1
1111,3,0.95,7.46,1
1112,3,0.95,6.2,1
1113,3,0.95,6.72,1
1114,3,0.95,6.82,1
1115,3,0.95,6.2,1
1116,3,0.95,6.86,1
1117,3,0.95,6.32,1
1118,3,0.95,6.66,1
1119,3,0.95,7.04,1
1120,3,0.95,6.16,1
1121,3,0.95,6.56,1
1122,3,0.95,6.48,1
1123,3,0.95,6.06,1
1124,3,0.95,6.42,1
1125,3,0.95,6.56,1
1126,3,0.95,7.98,1
1127,3,0.95,8.0,1
1128,3,0.95,6.48,1
1129,3,0.95,7.3,1
1130,3,0.95,6.88,1
1131,3,0.95,7.98,1
1132,3,0.95,7.26,1
1133,3,0.95,7.04,1
1134,3,0.95,6.02,1
1135,3,0.95,6.82,1
1136,3,0.95,7.02,1
1137,3,0.95,7.72,1
1138,3,0.95,6.92,1
1139,3,0.95,5.62,1
1140,3,0.95,7.24,1
1141,3,0.95,6.48,1
1142,3,0.95,6.5,1
1143,3,0.95,7.62,1
1144,3,0.95,7.42,1
1145,3,0.95,7.12,1
1146,3,0.95,7.42,1
1147,3,0.95,6.98,1
1148,3,0.95,8.36,1
1149,3,0.95,7.14,1
1150,3,0.95,7.34,1
1151,3,0.95,7.68,1
1152,3,0.95,6.98,1
1153,3,0.95,6.76,1
1154,3,0.95,6.98,1
1155,3,0.95,6.88,1
1156,3,0.95,6.26,1
1157,3,0.95,8.12,1
1158,3,0.95,6.34,1
1159,3,0.95,7.0,1
1160,3,0.95,7.08,1
1161,3,0.95,7.74,1
1162,3,0.95,7.3,1
1163,3,0.95,7.12,1
1164,3,0.95,6.36,1
1165,3,0.95,7.08,1
1166,3,0.95,7.34,1
1167,3,0.95,6.74,1
1168,3,0.95,6.5,1
1169,3,0.95,6.48,1
1170,3,0.95,7.18,1
1171,3,0.95,7.12,1
1172,3,0.95,6.9,1
1173,3,0.95,6.94,1
1174,3,0.95,6.86,1
1175,3,0.95,6.28,1
1176,3,0.95,6.54,1
1177,3,0.95,6.22,1
1178,3,0.95,5.82,1
1179,3,0.95,6.58,1
1180,3,0.95,7.16,1
1181,3,0.95,7.34,1
1182,3,0.95,7.24,1
1183,3,0.95,7.3,1
1184,3,0.95,6.58,1
1185,3,0.95,6.8,1
1186,3,0.95,6.82,1
1187,3,0.95,6.32,1
1188,3,0.95,7.72,1
1189,3,0.95,7.76,1
1190,3,0.95,7.68,1
1191,3,0.95,7.06,1
1192,3,0.95,7.4,1
1193,3,0.95,6.38,1
1194,3,0.95,6.84,1
1195,3,0.95,7.72,1
1196,3,0.95,7.9,1
1197,3,0.95,7.6,1
1198,3,0.95,6.0,1
1199,3,0.95,6.7,1
1200,3,0.95,6.82,1
1201,3,0.95,6.48,1
1202,3,0.95,6.94,1
1203,3,0.95,7.6,1
1204,3,0.95,6.12,1
1205,3,0.95,6.9,1
1206,3,0.95,6.9,1
1207,3,0.95,7.04,1
1208,3,0.95,7.2,1
1209,3,0.95,7.62,1
1210,3,0.95,7.1,1
1211,3,0.95,7.44,1
1212,3,0.95,7.02,1
1213,3,0.95,6.34,1
1214,3,0.95,6.9,1
1215,3,0.95,7.38,1
1216,3,0.95,7.12,1
1217,3,0.95,6.48,1
1218,3,0.95,6.5,1
1219,3,0.95,7.1,1
1220,3,0.95,7.56,1
1221,3,0.95,7.36,1
1222,3,0.95,6.82,1
1223,3,0.95,7.0,1
1224,3,0.95,7.38,1
1225,3,0.95,7.42,1
1226,3,0.95,6.86,1
1227,3,0.95,6.26,1
1228,3,0.95,6.72,1
1229,3,0.95,6.98,1
1230,3,0.95,7.14,1
1231,3,0.95,7.34,1
1232,3,0.95,7.8,1
1233,3,0.95,8.0,1
1234,3,0.95,6.7,1
1235,3,0.95,8.0,1
1236,3,0.95,7.14,1
1237,3,0.95,7.52,1
1238,3,0.95,6.64,1
1239,3,0.95,6.84,1
1240,3,0.95,6.86,1
1241,3,0.95,7.48,1
1242,3,0.95,7.62,1
1243,3,0.95,7.6,1
1244,3,0.95,6.96,1
1245,3,0.95,6.38,1
1246,3,0.95,6.42,1
1247,3,0.95,6.92,1
1248,3,0.95,7.16,1
1249,3,0.95,6.56,1
1250,3,0.95,7.32,1
1251,3,0.95,7.94,1
1252,3,0.95,7.32,1
1253,3,0.95,7.8,1
1254,3,0.95,8.0,1
1255,3,0.95,7.2,1
1256,3,0.95,7.12,1
1257,3,0.95,7.18,1
1258,3,0.95,7.48,1
1259,3,0.95,6.38,1
1260,3,0.95,6.8,1
1261,3,0.95,8.04,1
1262,3,0.95,6.52,1
1263,3,0.95,6.52,1
1264,3,0.95,6.38,1
1265,3,0.95,6.86,1
1266,3,0.95,6.52,1
1267,3,0.95,6.76,1
1268,3,0.95,6.9,1
1269,3,0.95,6.48,1
1270,3,0.95,8.44,1
1271,3,0.95,7.1,1
1272,3,0.95,7.4,1
1273,3,0.95,7.76,1
1274,3,0.95,7.52,1
1275,3,0.95,5.82,1
1276,3,0.95,7.02,1
1277,3,0.95,7.56,1
1278,3,0.95,7.14,1
1279,3,0.95,7.56,1
1280,3,0.95,8.16,1
1281,3,0.95,7.46,1
1282,3,0.95,7.52,1
1283,3,0.95,7.1,1
1284,3,0.95,7.38,1
1285,3,0.95,6.88,1
1286,3,0.95,7.44,1
1287,3,0.95,7.46,1
1288,3,0.95,7.78,1
1289,3,0.95,7.0,1
1290,3,0.95,6.12,1
1291,3,0.95,6.36,1
1292,3,0.95,7.3,1
1293,3,0.95,7.64,1
1294,3,0.95,6.72,1
1295,3,0.95,6.92,1
1296,3,0.95,7.18,1
1297,3,0.95,6.28,1
1298,3,0.95,7.22,1
1299,3,0.95,6.82,1
1300,3,0.95,7.84,1
1301,3,0.95,7.58,1
1302,3,0.95,6.96,1
1303,3,0.95,7.5,1
1304,3,0.95,7.48,1
1305,3,0.95,6.56,1
1306,3,0.95,6.16,1
1307,3,0.95,6.7,1
1308,3,0.95,7.58,1
1309,3,0.95,7.62,1
1310,3,0.95,7.74,1
1311,3,0.95,6.82,1
1312,3,0.95,6.68,1
1313,3,0.95,6.48,1
1314,3,0.95,8.0,1
1315,3,0.95,8.06,1
1316,3,0.95,6.56,1
1317,3,0.95,5.82,1
1318,3,0.95,7.1,1
1319,3,0.95,6.78,1
1320,3,0.95,6.06,1
1321,3,0.95,7.32,1
1322,3,0.95,6.4,1
1323,3,0.95,6.7,1
1324,3,0.95,7.42,1
1325,3,0.95,6.38,1
1326,3,0.95,7.26,1
1327,3,0.95,6.68,1
1328,3,0.95,6.34,1
1329,3,0.95,7.12,1
1330,3,0.95,7.12,1
1331,3,0.95,6.36,1
1332,3,0.95,6.44,1
1333,3,0.95,6.94,1
1334,3,0.95,6.84,1
1335,3,0.95,5.76,1
1336,3,0.95,7.0,1
1337,3,0.95,6.0,1
1338,3,0.95,7.06,1
1339,3,0.95,7.5,1
1340,3,0.95,7.6,1
1341,3,0.95,7.46,1
1342,3,0.95,7.36,1
1343,3,0.95,6.8,1
1344,3,0.95,7.22,1
1345,3,0.95,7.44,1
1346,3,0.95,6.3,1
1347,3,0.95,6.46,1
1348,3,0.95,6.38,1
1349,3,0.95,6.28,1
1350,3,0.95,6.5,1
1351,3,0.95,6.98,1
1352,3,0.95,7.06,1
1353,3,0.95,6.02,1
1354,3,0.95,6.3,1
1355,3,0.95,7.0,1
1356,3,0.95,7.9,1
1357,3,0.95,7.06,1
1358,3,0.95,5.52,1
1359,3,0.95,6.04,1
1360,3,0.95,7.52,1
1361,3,0.95,7.16,1
1362,3,0.95,7.52,1
1363,3,0.95,7.3,1
1364,3,0.95,7.44,1
1365,3,0.95,7.94,1
1366,3,0.95,7.16,1
1367,3,0.95,6.62,1
1368,3,0.95,6.34,1
1369,3,0.95,5.56,1
1370,3,0.95,5.78,1
1371,3,0.95,6.62,1
1372,3,0.95,7.48,1
1373,3,0.95,6.58,1
1374,3,0.95,7.44,1
1375,3,0.95,7.28,1
1376,3,0.95,7.22,1
1377,3,0.95,6.3,1
1378,3,0.95,6.04,1
1379,3,0.95,7.0,1
1380,3,0.95,7.58,1
1381,3,0.95,6.7,1
1382,3,0.95,7.68,1
1383,3,0.95,7.1,1
1384,3,0.95,7.28,1
1385,3,0.95,7.78,1
1386,3,0.95,6.72,1
1387,3,0.95,7.2,1
1388,3,0.95,6.66,1
1389,3,0.95,7.38,1
1390,3,0.95,6.5,1
1391,3,0.95,8.2,1
1392,3,0.95,7.78,1
1393,3,0.95,7.66,1
1394,3,0.95,7.72,1
1395,3,0.95,6.82,1
1396,3,0.95,8.04,1
1397,3,0.95,6.7,1
1398,3,0.95,7.0,1
1399,3,0.95,8.7,1
1400,3,0.95,7.48,1
1401,3,0.95,7.76,1
1402,3,0.95,7.46,1
1403,3,0.95,6.82,1
1404,3,0.95,6.76,1
1405,3,0.95,8.02,1
1406,3,0.95,7.28,1
1407,3,0.95,7.6,1
1408,3,0.95,7.04,1
1409,3,0.95,7.22,1
1410,3,0.95,8.44,1
1411,3,0.95,6.34,1
1412,3,0.95,6.48,1
1413,3,0.95,7.1,1
1414,3,0.95,6.88,1
1415,3,0.95,7.76,1
1416,3,0.95,6.58,1
1417,3,0.95,6.4,1
1418,3,0.95,5.94,1
1419,3,0.95,7.12,1
1420,3,0.95,7.54,1
1421,3,0.95,7.78,1
1422,3,0.95,6.52,1
1423,3,0.95,7.34,1
1424,3,0.95,6.46,1
1425,3,0.95,6.84,1
1426,3,0.95,7.68,1
1427,3,0.95,6.98,1
1428,3,0.95,7.02,1
1429,3,0.95,6.62,1
1430,3,0.95,6.98,1
1431,3,0.95,7.28,1
1432,3,0.95,7.34,1
1433,3,0.95,6.84,1
1434,3,0.95,7.4,1
1435,3,0.95,6.44,1
1436,3,0.95,6.78,1
1437,3,0.95,7.18,1
1438,3,0.95,6.64,1
1439,3,0.95,6.22,1
1440,3,0.95,6.38,1
1441,3,0.95,6.52,1
1442,3,0.95,7.58,1
1443,3,0.95,6.92,1
1444,3,0.95,8.02,1
1445,3,0.95,6.98,1
1446,3,0.95,7.24,1
1447,3,0.95,7.94,1
1448,3,0.95,8.08,1
1449,3,0.95,7.22,1
1450,3,0.95,6.92,1
1451,3,0.95,7.06,1
1452,3,0.95,6.7,1
1453,3,0.95,7.72,1
1454,3,0.95,7.36,1
1455,3,0.95,7.0,1
1456,3,0.95,7.8,1
1457,3,0.95,7.58,1
1458,3,0.95,6.26,1
1459,3,0.95,6.62,1
1460,3,0.95,6.42,1
1461,3,0.95,6.74,1
1462,3,0.95,7.52,1
1463,3,0.95,6.66,1
1464,3,0.95,6.94,1
1465,3,0.95,7.44,1
1466,3,0.95,7.56,1
1467,3,0.95,6.56,1
1468,3,0.95,6.0,1
1469,3,0.95,6.9,1
1470,3,0.95,7.66,1
1471,3,0.95,7.06,1
1472,3,0.95,5.66,1
1473,3,0.95,6.52,1
1474,3,0.95,8.12,1
1475,3,0.95,7.22,1
1476,3,0.95,6.96,1
1477,3,0.95,6.98,1
1478,3,0.95,7.98,1
1479,3,0.95,6.46,1
1480,3,0.95,7.0,1
1481,3,0.95,5.54,1
1482,3,0.95,6.84,1
1483,3,0.95,6.7,1
1484,3,0.95,6.2,1
1485,3,0.95,7.18,1
1486,3,0.95,8.4,1
1487,3,0.95,6.46,1
1488,3,0.95,8.5,1
1489,3,0.95,6.84,1
1490,3,0.95,7.64,1
1491,3,0.95,6.66,1
1492,3,0.95,6.56,1
1493,3,0.95,6.64,1
1494,3,0.95,6.84,1
1495,3,0.95,7.08,1
1496,3,0.95,7.44,1
1497,3,0.95,6.64,1
1498,3,0.95,6.64,1
1499,3,0.95,7.4,1
1500,3,0.95,7.58,1
1501,3,0.95,7.12,1
1502,3,0.95,7.5,1
1503,3,0.95,7.34,1
1504,3,0.95,7.36,1
1505,3,0.95,8.12,1
1506,3,0.95,8.26,1
1507,3,0.95,7.66,1
1508,3,0.95,7.0,1
1509,3,0.95,7.88,1
1510,3,0.95,6.72,1
1511,3,0.95,7.52,1
1512,3,0.95,7.64,1
1513,3,0.95,7.62,1
1514,3,0.95,7.26,1
1515,3,0.95,7.64,1
1516,3,0.95,7.16,1
1517,3,0.95,6.56,1
1518,3,0.95,6.56,1
1519,3,0.95,6.46,1
1520,3,0.95,6.72,1
1521,3,0.95,8.04,1
1522,3,0.95,7.82,1
1523,3,0.95,6.6,1
1524,3,0.95,8.12,1
1525,3,0.95,5.68,1
1526,3,0.95,6.78,1
1527,3,0.95,6.72,1
1528,3,0.95,6.6,1
1529,3,0.95,6.66,1
1530,3,0.95,6.92,1
1531,3,0.95,7.32,1
1532,3,0.95,7.04,1
1533,3,0.95,7.64,1
1534,3,0.95,7.6,1
1535,3,0.95,7.02,1
1536,3,0.95,7.02,1
1537,3,0.95,6.98,1
1538,3,0.95,6.98,1
1539,3,0.95,7.14,1
1540,3,0.95,7.24,1
1541,3,0.95,8.4,1
1542,3,0.95,8.04,1
1543,3,0.95,7.34,1
1544,3,0.95,7.02,1
1545,3,0.95,8.16,1
1546,3,0.95,6.86,1
1547,3,0.95,6.84,1
1548,3,0.95,5.96,1
1549,3,0.95,6.98,1
1550,3,0.95,5.84,1
1551,3,0.95,7.04,1
1552,3,0.95,7.74,1
1553,3,0.95,6.8,1
1554,3,0.95,6.92,1
1555,3,0.95,7.42,1
1556,3,0.95,6.6,1
1557,3,0.95,6.7,1
1558,3,0.95,6.26,1
1559,3,0.95,6.28,1
1560,3,0.95,6.62,1
1561,3,0.95,6.84,1
1562,3,0.95,7.46,1
1563,3,0.95,7.38,1
1564,3,0.95,7.3,1
1565,3,0.95,6.78,1
1566,3,0.95,7.3,1
1567,3,0.95,7.54,1
1568,3,0.95,7.52,1
1569,3,0.95,7.14,1
1570,3,0.95,8.28,1
1571,3,0.95,7.8,1
1572,3,0.95,7.62,1
1573,3,0.95,6.86,1
1574,3,0.95,6.12,1
1575,3,0.95,7.68,1
1576,3,0.95,7.6,1
1577,3,0.95,7.48,1
1578,3,0.95,7.64,1
1579,3,0.95,7.48,1
1580,3,0.95,7.52,1
1581,3,0.95,7.28,1
1582,3,0.95,7.26,1
1583,3,0.95,6.4,1
1584,3,0.95,6.84,1
1585,3,0.95,6.42,1
1586,3,0.95,5.96,1
1587,3,0.95,5.98,1
1588,3,0.95,6.6,1
1589,3,0.95,6.92,1
1590,3,0.95,6.84,1
1591,3,0.95,6.5,1
1592,3,0.95,6.82,1
1593,3,0.95,7.68,1
1594,3,0.95,6.08,1
1595,3,0.95,7.7,1
1596,3,0.95,6.82,1
1597,3,0.95,6.16,1
1598,3,0.95,6.84,1
1599,3,0.95,6.74,1
1600,3,0.95,7.74,1
1601,3,0.95,7.64,1
1602,3,0.95,6.38,1
1603,3,0.95,7.58,1
1604,3,0.95,8.68,1
1605,3,0.95,7.96,1
1606,3,0.95,6.5,1
1607,3,0.95,6.82,1
1608,3,0.95,7.14,1
1609,3,0.95,6.38,1
1610,3,0.95,6.52,1
1611,3,0.95,7.04,1
1612,3,0.95,7.04,1
1613,3,0.95,6.04,1
1614,3,0.95,7.0,1
1615,3,0.95,6.7,1
1616,3,0.95,6.6,1
1617,3,0.95,6.24,1
1618,3,0.95,7.14,1
1619,3,0.95,6.68,1
1620,3,0.95,6.86,1
1621,3,0.95,6.98,1
1622,3,0.95,6.86,1
1623,3,0.95,8.12,1
1624,3,0.95,6.5,1
1625,3,0.95,7.06,1
1626,3,0.95,6.76,1
1627,3,0.95,7.02,1
1628,3,0.95,7.26,1
1629,3,0.95,6.9,1
1630,3,0.95,7.72,1
1631,3,0.95,7.24,1
1632,3,0.95,6.18,1
1633,3,0.95,7.72,1
1634,3,0.95,6.92,1
1635,3,0.95,6.52,1
1636,3,0.95,6.54,1
1637,3,0.95,7.36,1
1638,3,0.95,7.08,1
1639,3,0.95,7.42,1
1640,3,0.95,7.26,1
1641,3,0.95,6.4,1
1642,3,0.95,6.86,1
1643,3,0.95,7.02,1
1644,3,0.95,8.12,1
1645,3,0.95,7.02,1
1646,3,0.95,6.82,1
1647,3,0.95,6.68,1
1648,3,0.95,7.54,1
1649,3,0.95,7.24,1
1650,3,0.95,6.08,1
1651,3,0.95,7.22,1
1652,3,0.95,6.8,1
1653,3,0.95,7.22,1
1654,3,0.95,7.12,1
1655,3,0.95,6.7,1
1656,3,0.95,6.02,1
1657,3,0.95,7.2,1
1658,3,0.95,6.16,1
1659,3,0.95,7.28,1
1660,3,0.95,7.26,1
1661,3,0.95,7.24,1
1662,3,0.95,6.62,1
1663,3,0.95,7.38,1
1664,3,0.95,6.7,1
1665,3,0.95,7.26,1
1666,3,0.95,6.4,1
1667,3,0.95,6.44,1
1668,3,0.95,6.18,1
1669,3,0.95,7.02,1
1670,3,0.95,6.82,1
1671,3,0.95,6.74,1
1672,3,0.95,8.12,1
1673,3,0.95,8.02,1
1674,3,0.95,7.92,1
1675,3,0.95,7.24,1
1676,3,0.95,7.7,1
1677,3,0.95,6.52,1
1678,3,0.95,6.9,1
1679,3,0.95,6.46,1
1680,3,0.95,6.74,1
1681,3,0.95,6.52,1
1682,3,0.95,6.36,1
1683,3,0.95,6.86,1
1684,3,0.95,6.56,1
1685,3,0.95,5.78,1
1686,3,0.95,6.52,1
1687,3,0.95,7.78,1
1688,3,0.95,6.3,1
1689,3,0.95,7.36,1
1690,3,0.95,6.8,1
1691,3,0.95,7.2,1
1692,3,0.95,7.42,1
1693,3,0.95,7.92,1
1694,3,0.95,6.46,1
1695,3,0.95,7.52,1
1696,3,0.95,7.96,1
1697,3,0.95,7.5,1
1698,3,0.95,6.92,1
1699,3,0.95,6.32,1
1700,3,0.95,6.12,1
1701,3,0.95,7.24,1
1702,3,0.95,7.42,1
1703,3,0.95,6.8,1
1704,3,0.95,7.08,1
1705,3,0.95,6.48,1
1706,3,0.95,7.64,1
1707,3,0.95,6.1,1
1708,3,0.95,6.66,1
1709,3,0.95,6.9,1
1710,3,0.95,7.82,1
1711,3,0.95,6.5,1
1712,3,0.95,6.48,1
1713,3,0.95,6.8,1
1714,3,0.95,8.22,1
1715,3,0.95,7.88,1
1716,3,0.95,7.34,1
1717,3,0.95,7.5,1
1718,3,0.95,7.04,1
1719,3,0.95,7.38,1
1720,3,0.95,7.66,1
1721,3,0.95,6.52,1
1722,3,0.95,6.88,1
1723,3,0.95,7.6,1
1724,3,0.95,7.06,1
1725,3,0.95,6.72,1
1726,3,0.95,6.72,1
1727,3,0.95,6.54,1
1728,3,0.95,7.16,1
1729,3,0.95,7.28,1
1730,3,0.95,7.06,1
1731,3,0.95,6.88,1
1732,3,0.95,7.36,1
1733,3,0.95,7.76,1
1734,3,0.95,7.86,1
1735,3,0.95,6.94,1
1736,3,0.95,7.34,1
1737,3,0.95,7.3,1
1738,3,0.95,8.28,1
1739,3,0.95,8.56,1
1740,3,0.95,6.84,1
1741,3,0.95,6.96,1
1742,3,0.95,7.68,1
1743,3,0.95,6.38,1
1744,3,0.95,7.1,1
1745,3,0.95,7.08,1
1746,3,0.95,6.2,1
1747,3,0.95,7.5,1
1748,3,0.95,7.48,1
1749,3,0.95,6.7,1
1750,3,0.95,6.34,1
1751,3,0.95,6.6,1
1752,3,0.95,7.06,1
1753,3,0.95,7.26,1
1754,3,0.95,7.16,1
1755,3,0.95,7.12,1
1756,3,0.95,7.4,1
1757,3,0.95,7.22,1
1758,3,0.95,8.32,1
1759,3,0.95,7.82,1
1760,3,0.95,6.88,1
1761,3,0.95,6.42,1
1762,3,0.95,6.54,1
1763,3,0.95,8.5,1
1764,3,0.95,7.8,1
1765,3,0.95,7.56,1
1766,3,0.95,6.9,1
1767,3,0.95,6.54,1
1768,3,0.95,7.7,1
1769,3,0.95,7.88,1
1770,3,0.95,7.26,1
1771,3,0.95,8.34,1
1772,3,0.95,7.82,1
1773,3,0.95,6.86,1
1774,3,0.95,7.04,1
1775,3,0.95,7.1,1
1776,3,0.95,6.86,1
1777,3,0.95,6.98,1
1778,3,0.95,7.92,1
1779,3,0.95,7.22,1
1780,3,0.95,6.28,1
1781,3,0.95,7.1,1
1782,3,0.95,7.42,1
1783,3,0.95,6.88,1
1784,3,0.95,7.48,1
1785,3,0.95,6.94,1
1786,3,0.95,7.34,1
1787,3,0.95,7.1,1
1788,3,0.95,8.18,1
1789,3,0.95,6.6,1
1790,3,0.95,6.66,1
1791,3,0.95,7.14,1
1792,3,0.95,6.46,1
1793,3,0.95,7.04,1
1794,3,0.95,6.96,1
1795,3,0.95,6.46,1
1796,3,0.95,7.14,1
1797,3,0.95,6.78,1
1798,3,0.95,5.96,1
1799,3,0.95,6.4,1
1800,3,0.95,6.48,1
1801,3,0.95,6.94,1
1802,3,0.95,7.0,1
1803,3,0.95,6.04,1
1804,3,0.95,6.74,1
1805,3,0.95,6.52,1
1806,3,0.95,6.12,1
1807,3,0.95,7.1,1
1808,3,0.95,6.56,1
1809,3,0.95,6.86,1
1810,3,0.95,6.44,1
1811,3,0.95,6.82,1
1812,3,0.95,5.86,1
1813,3,0.95,5.94,1
1814,3,0.95,6.32,1
1815,3,0.95,7.66,1
1816,3,0.95,8.0,1
1817,3,0.95,7.68,1
1818,3,0.95,6.68,1
1819,3,0.95,7.48,1
1820,3,0.95,6.7,1
1821,3,0.95,7.12,1
1822,3,0.95,7.24,1
1823,3,0.95,8.22,1
1824,3,0.95,7.32,1
1825,3,0.95,7.7,1
1826,3,0.95,6.82,1
1827,3,0.95,6.84,1
1828,3,0.95,6.66,1
1829,3,0.95,7.28,1
1830,3,0.95,6.18,1
1831,3,0.95,6.16,1
1832,3,0.95,7.54,1
1833,3,0.95,7.76,1
1834,3,0.95,6.5,1
1835,3,0.95,6.86,1
1836,3,0.95,6.76,1
1837,3,0.95,6.98,1
1838,3,0.95,7.8,1
1839,3,0.95,6.52,1
1840,3,0.95,7.72,1
1841,3,0.95,6.98,1
1842,3,0.95,6.86,1
1843,3,0.95,7.54,1
1844,3,0.95,6.56,1
1845,3,0.95,7.3,1
1846,3,0.95,7.4,1
1847,3,0.95,7.38,1
1848,3,0.95,6.64,1
1849,3,0.95,6.9,1
1850,3,0.95,6.92,1
1851,3,0.95,7.92,1
1852,3,0.95,7.24,1
1853,3,0.95,7.06,1
1854,3,0.95,8.12,1
1855,3,0.95,7.46,1
1856,3,0.95,6.8,1
1857,3,0.95,6.96,1
1858,3,0.95,6.98,1
1859,3,0.95,6.82,1
1860,3,0.95,7.36,1
1861,3,0.95,7.44,1
1862,3,0.95,8.06,1
1863,3,0.95,8.2,1
1864,3,0.95,7.36,1
1865,3,0.95,7.58,1
1866,3,0.95,6.64,1
1867,3,0.95,6.86,1
1868,3,0.95,8.0,1
1869,3,0.95,8.0,1
1870,3,0.95,6.7,1
1871,3,0.95,6.76,1
1872,3,0.95,6.32,1
1873,3,0.95,7.3,1
1874,3,0.95,7.3,1
1875,3,0.95,7.5,1
1876,3,0.95,7.1,1
1877,3,0.95,6.92,1
1878,3,0.95,7.52,1
1879,3,0.95,7.98,1
1880,3,0.95,7.52,1
1881,3,0.95,7.12,1
1882,3,0.95,6.68,1
1883,3,0.95,6.72,1
1884,3,0.95,7.78,1
1885,3,0.95,7.72,1
1886,3,0.95,6.7,1
1887,3,0.95,5.7,1
1888,3,0.95,6.78,1
1889,3,0.95,7.3,1
1890,3,0.95,7.22,1
1891,3,0.95,6.66,1
1892,3,0.95,7.12,1
1893,3,0.95,6.66,1
1894,3,0.95,7.76,1
1895,3,0.95,7.18,1
1896,3,0.95,7.62,1
1897,3,0.95,6.62,1
1898,3,0.95,7.1,1
1899,3,0.95,6.68,1
1900,3,0.95,6.94,1
1901,3,0.95,7.08,1
1902,3,0.95,8.58,1
1903,3,0.95,8.2,1
1904,3,0.95,6.78,1
1905,3,0.95,7.76,1
1906,3,0.95,7.04,1
1907,3,0.95,6.6,1
1908,3,0.95,8.44,1
1909,3,0.95,6.82,1
1910,3,0.95,7.16,1
1911,3,0.95,6.82,1
1912,3,0.95,7.24,1
1913,3,0.95,6.8,1
1914,3,0.95,7.34,1
1915,3,0.95,7.06,1
1916,3,0.95,7.18,1
1917,3,0.95,7.32,1
1918,3,0.95,6.84,1
1919,3,0.95,7.06,1
1920,3,0.95,6.96,1
1921,3,0.95,6.84,1
1922,3,0.95,7.06,1
1923,3,0.95,6.98,1
1924,3,0.95,7.12,1
1925,3,0.95,7.2,1
1926,3,0.95,7.78,1
1927,3,0.95,6.8,1
1928,3,0.95,7.28,1
1929,3,0.95,7.5,1
1930,3,0.95,8.0,1
1931,3,0.95,8.2,1
1932,3,0.95,7.48,1
1933,3,0.95,7.9,1
1934,3,0.95,7.28,1
1935,3,0.95,7.38,1
1936,3,0.95,7.0,1
1937,3,0.95,6.76,1
1938,3,0.95,6.92,1
1939,3,0.95,6.38,1
1940,3,0.95,6.86,1
1941,3,0.95,6.28,1
1942,3,0.95,7.4,1
1943,3,0.95,6.06,1
1944,3,0.95,7.7,1
1945,3,0.95,7.28,1
1946,3,0.95,8.04,1
1947,3,0.95,7.66,1
1948,3,0.95,6.48,1
1949,3,0.95,7.58,1
1950,3,0.95,7.22,1
1951,3,0.95,7.32,1
1952,3,0.95,7.1,1
1953,3,0.95,7.32,1
1954,3,0.95,6.78,1
1955,3,0.95,7.44,1
1956,3,0.95,6.76,1
1957,3,0.95,7.74,1
1958,3,0.95,6.16,1
1959,3,0.95,7.84,1
1960,3,0.95,7.26,1
1961,3,0.95,7.8,1
1962,3,0.95,6.98,1
1963,3,0.95,6.66,1
1964,3,0.95,6.76,1
1965,3,0.95,7.08,1
1966,3,0.95,7.38,1
1967,3,0.95,8.1,1
1968,3,0.95,7.42,1
1969,3,0.95,6.9,1
1970,3,0.95,6.8,1
1971,3,0.95,6.66,1
1972,3,0.95,6.22,1
1973,3,0.95,6.7,1
1974,3,0.95,7.32,1
1975,3,0.95,7.14,1
1976,3,0.95,7.08,1
1977,3,0.95,7.16,1
1978,3,0.95,7.56,1
1979,3,0.95,6.32,1
1980,3,0.95,5.92,1
1981,3,0.95,6.74,1
1982,3,0.95,6.68,1
1983,3,0.95,7.46,1
1984,3,0.95,6.28,1
1985,3,0.95,7.5,1
1986,3,0.95,5.96,1
1987,3,0.95,6.62,1
1988,3,0.95,7.16,1
1989,3,0.95,7.26,1
1990,3,0.95,6.94,1
1991,3,0.95,8.0,1
1992,3,0.95,7.34,1
1993,3,0.95,7.52,1
1994,3,0.95,7.0,1
1995,3,0.95,6.2,1
1996,3,0.95,6.86,1
1997,3,0.95,5.92,1
1998,3,0.95,6.44,1
1999,3,0.95,6.68,1
2000,3,0.95,7.56,1
0,4,0.95,57.86,40
1,4,0.95,48.46,38
2,4,0.95,42.3,34
3,4,0.95,38.9,32
4,4,0.95,35.04,30
5,4,0.95,34.1,28
6,4,0.95,32.52,27
7,4,0.95,29.28,23
8,4,0.95,28.16,23
9,4,0.95,27.16,22
10,4,0.95,26.32,22
11,4,0.95,25.2,22
12,4,0.95,25.32,21
13,4,0.95,24.5,18
14,4,0.95,22.94,18
15,4,0.95,22.24,16
16,4,0.95,21.72,16
17,4,0.95,20.16,16
18,4,0.95,20.32,16
19,4,0.95,19.74,15
20,4,0.95,19.16,13
21,4,0.95,18.42,13
22,4,0.95,17.86,13
23,4,0.95,17.5,12
24,4,0.95,17.06,12
25,4,0.95,17.32,12
26,4,0.95,16.92,12
27,4,0.95,16.54,12
28,4,0.95,15.84,12
29,4,0.95,16.88,12
30,4,0.95,17.1,12
31,4,0.95,17.26,12
32,4,0.95,16.42,12
33,4,0.95,16.08,11
34,4,0.95,16.2,11
35,4,0.95,16.06,10
36,4,0.95,15.1,10
37,4,0.95,15.52,10
38,4,0.95,16.64,9
39,4,0.95,14.02,9
40,4,0.95,13.78,9
41,4,0.95,14.24,9
42,4,0.95,14.24,9
43,4,0.95,14.62,9
44,4,0.95,14.58,9
45,4,0.95,14.6,9
46,4,0.95,15.02,9
47,4,0.95,13.74,9
48,4,0.95,13.72,9
49,4,0.95,14.4,9
50,4,0.95,13.6,9
51,4,0.95,14.1,9
52,4,0.95,14.16,9
53,4,0.95,13.78,9
54,4,0.95,13.42,9
55,4,0.95,13.86,9
56,4,0.95,15.18,9
57,4,0.95,14.26,9
58,4,0.95,14.42,9
59,4,0.95,13.54,9
60,4,0.95,13.42,9
61,4,0.95,13.6,8
62,4,0.95,13.08,8
63,4,0.95,13.3,8
64,4,0.95,12.8,8
65,4,0.95,13.4,8
66,4,0.95,13.14,8
67,4,0.95,14.34,8
68,4,0.95,14.56,8
69,4,0.95,14.46,8
70,4,0.95,12.78,8
71,4,0.95,13.12,8
72,4,0.95,13.4,8
73,4,0.95,12.74,8
74,4,0.95,12.6,8
75,4,0.95,12.02,8
76,4,0.95,12.78,8
77,4,0.95,13.42,8
78,4,0.95,13.74,8
79,4,0.95,14.5,8
80,4,0.95,14.32,8
81,4,0.95,13.38,8
82,4,0.95,13.06,8
83,4,0.95,13.52,8
84,4,0.95,13.54,8
85,4,0.95,12.56,8
86,4,0.95,13.24,8
87,4,0.95,13.58,8
88,4,0.95,13.24,8
89,4,0.95,12.26,8
90,4,0.95,13.1,8
91,4,0.95,13.08,8
92,4,0.95,12.58,8
93,4,0.95,14.2,8
94,4,0.95,13.6,7
95,4,0.95,12.66,7
96,4,0.95,11.62,7
97,4,0.95,12.1,7
98,4,0.95,12.26,7
99,4,0.95,12.2,7
100,4,0.95,11.68,6
101,4,0.95,12.14,6
102,4,0.95,11.92,6
103,4,0.95,12.58,6
104,4,0.95,11.24,6
105,4,0.95,10.76,6
106,4,0.95,11.3,6
107,4,0.95,10.84,6
108,4,0.95,11.34,6
109,4,0.95,11.26,6
110,4,0.95,11.22,6
111,4,0.95,10.7,6
112,4,0.95,11.04,6
113,4,0.95,11.94,6
114,4,0.95,11.16,6
115,4,0.95,11.34,6
116,4,0.95,10.58,6
117,4,0.95,11.24,6
118,4,0.95,11.72,6
119,4,0.95,11.2,6
120,4,0.95,11.32,6
121,4,0.95,12.24,6
122,4,0.95,10.76,6
123,4,0.95,10.8,6
124,4,0.95,10.66,6
125,4,0.95,11.22,5
126,4,0.95,10.6,5
127,4,0.95,11.0,5
128,4,0.95,11.1,5
129,4,0.95,10.36,5
130,4,0.95,10.62,5
131,4,0.95,10.28,5
132,4,0.95,10.74,5
133,4,0.95,10.56,5
134,4,0.95,10.82,5
135,4,0.95,11.78,5
136,4,0.95,10.24,5
137,4,0.95,10.86,5
138,4,0.95,10.78,5
139,4,0.95,10.12,5
140,4,0.95,11.52,5
141,4,0.95,10.72,5
142,4,0.95,11.08,5
143,4,0.95,10.58,5
144,4,0.95,10.42,5
145,4,0.95,9.4,5
146,4,0.95,10.06,5
147,4,0.95,11.46,5
148,4,0.95,11.02,5
149,4,0.95,10.02,5
150,4,0.95,10.06,5
151,4,0.95,9.94,5
152,4,0.95,10.62,5
153,4,0.95,9.76,5
154,4,0.95,10.26,5
155,4,0.95,10.28,5
156,4,0.95,10.02,5
157,4,0.95,10.54,5
158,4,0.95,10.62,5
159,4,0.95,9.9,5
160,4,0.95,10.82,5
161,4,0.95,10.38,5
162,4,0.95,10.32,5
163,4,0.95,10.2,5
164,4,0.95,10.92,5
165,4,0.95,11.26,5
166,4,0.95,9.94,5
167,4,0.95,10.62,5
168,4,0.95,11.52,5
169,4,0.95,10.42,5
170,4,0.95,10.36,5
171,4,0.95,9.66,5
172,4,0.95,10.08,5
173,4,0.95,9.82,5
174,4,0.95,11.48,5
175,4,0.95,11.48,5
176,4,0.95,10.98,5
177,4,0.95,10.6,5
178,4,0.95,10.1,5
179,4,0.95,9.78,5
180,4,0.95,9.92,5
181,4,0.95,10.6,5
182,4,0.95,11.16,5
183,4,0.95,10.74,5
184,4,0.95,10.74,5
185,4,0.95,11.04,5
186,4,0.95,11.06,5
187,4,0.95,10.04,5
188,4,0.95,11.02,5
189,4,0.95,10.86,4
190,4,0.95,9.4,4
191,4,0.95,9.6,4
192,4,0.95,9.14,4
193,4,0.95,9.08,4
194,4,0.95,9.36,4
195,4,0.95,10.1,4
196,4,0.95,10.04,4
197,4,0.95,9.52,4
198,4,0.95,9.7,4
199,4,0.95,9.12,4
200,4,0.95,9.32,4
201,4,0.95,9.42,4
202,4,0.95,9.08,4
203,4,0.95,8.48,4
204,4,0.95,9.76,4
205,4,0.95,10.1,4
206,4,0.95,10.48,4
207,4,0.95,9.96,4
208,4,0.95,9.88,4
209,4,0.95,9.78,4
210,4,0.95,9.2,4
211,4,0.95,8.88,4
212,4,0.95,10.08,4
213,4,0.95,8.86,4
214,4,0.95,8.56,4
215,4,0.95,9.48,4
216,4,0.95,8.92,4
217,4,0.95,9.6,4
218,4,0.95,10.02,4
219,4,0.95,10.1,4
220,4,0.95,9.66,4
221,4,0.95,9.74,4
222,4,0.95,8.94,4
223,4,0.95,8.7,4
224,4,0.95,9.9,4
225,4,0.95,10.66,4
226,4,0.95,8.94,4
227,4,0.95,9.2,4
228,4,0.95,9.8,4
229,4,0.95,10.78,4
230,4,0.95,9.7,4
231,4,0.95,9.1,4
232,4,0.95,8.38,4
233,4,0.95,9.78,4
234,4,0.95,9.32,4
235,4,0.95,9.5,4
236,4,0.95,9.72,4
237,4,0.95,9.54,4
238,4,0.95,9.64,4
239,4,0.95,10.34,4
240,4,0.95,9.42,4
241,4,0.95,8.6,4
242,4,0.95,8.58,4
243,4,0.95,9.82,4
244,4,0.95,9.26,4
245,4,0.95,9.74,4
246,4,0.95,10.08,4
247,4,0.95,9.3,4
248,4,0.95,8.88,4
249,4,0.95,8.5,4
250,4,0.95,9.52,4
251,4,0.95,9.6,4
252,4,0.95,8.6,4
253,4,0.95,8.9,4
254,4,0.95,9.64,4
255,4,0.95,9.14,4
256,4,0.95,9.12,4
257,4,0.95,10.2,4
258,4,0.95,9.74,4
259,4,0.95,9.62,4
260,4,0.95,10.24,4
261,4,0.95,10.28,4
262,4,0.95,9.86,4
263,4,0.95,10.04,4
264,4,0.95,9.94,4
265,4,0.95,9.96,4
266,4,0.95,10.4,4
267,4,0.95,9.3,4
268,4,0.95,10.34,4
269,4,0.95,10.58,4
270,4,0.95,9.58,4
271,4,0.95,9.5,4
272,4,0.95,9.68,4
273,4,0.95,9.9,4
274,4,0.95,10.02,4
275,4,0.95,9.28,4
276,4,0.95,9.28,4
277,4,0.95,10.06,4
278,4,0.95,9.46,4
279,4,0.95,9.14,4
280,4,0.95,9.58,4
281,4,0.95,8.68,4
282,4,0.95,9.82,4
283,4,0.95,9.94,4
284,4,0.95,9.38,4
285,4,0.95,9.26,4
286,4,0.95,10.24,4
287,4,0.95,8.84,4
288,4,0.95,9.62,4
289,4,0.95,9.38,4
290,4,0.95,9.28,4
291,4,0.95,9.7,4
292,4,0.95,9.94,4
293,4,0.95,9.3,4
294,4,0.95,8.68,4
295,4,0.95,8.9,4
296,4,0.95,9.74,4
297,4,0.95,10.18,4
298,4,0.95,10.12,4
299,4,0.95,9.64,4
300,4,0.95,10.18,4
301,4,0.95,9.98,4
302,4,0.95,10.48,4
303,4,0.95,9.98,4
304,4,0.95,9.98,4
305,4,0.95,10.82,4
306,4,0.95,10.64,4
307,4,0.95,11.0,4
308,4,0.95,10.62,4
309,4,0.95,10.62,4
310,4,0.95,10.3,4
311,4,0.95,9.48,4
312,4,0.95,10.36,4
313,4,0.95,9.92,4
314,4,0.95,9.34,4
315,4,0.95,9.2,3
316,4,0.95,8.72,3
317,4,0.95,9.38,3
318,4,0.95,8.94,3
319,4,0.95,8.48,3
320,4,0.95,8.12,3
321,4,0.95,7.86,3
322,4,0.95,8.34,3
323,4,0.95,9.44,3
324,4,0.95,8.4,3
325,4,0.95,8.8,3
326,4,0.95,8.92,3
327,4,0.95,8.78,3
328,4,0.95,8.4,3
329,4,0.95,8.4,3
330,4,0.95,8.6,3
331,4,0.95,9.0,3
332,4,0.95,10.2,3
333,4,0.95,9.98,3
334,4,0.95,9.68,3
335,4,0.95,8.2,3
336,4,0.95,9.18,3
337,4,0.95,9.52,3
338,4,0.95,8.84,3
339,4,0.95,9.62,3
340,4,0.95,7.64,3
341,4,0.95,8.16,3
342,4,0.95,8.42,3
343,4,0.95,8.26,3
344,4,0.95,8.62,3
345,4,0.95,9.6,3
346,4,0.95,10.18,3
347,4,0.95,8.9,3
348,4,0.95,9.18,3
349,4,0.95,9.8,3
350,4,0.95,8.58,3
351,4,0.95,9.06,3
352,4,0.95,8.88,3
353,4,0.95,10.06,3
354,4,0.95,9.98,3
355,4,0.95,8.28,3
356,4,0.95,8.48,3
357,4,0.95,9.06,3
358,4,0.95,9.56,3
359,4,0.95,9.94,3
360,4,0.95,9.64,3
361,4,0.95,8.8,3
362,4,0.95,9.54,3
363,4,0.95,9.32,3
364,4,0.95,8.56,3
365,4,0.95,9.26,3
366,4,0.95,8.7,3
367,4,0.95,8.64,3
368,4,0.95,7.98,3
369,4,0.95,8.84,3
370,4,0.95,9.74,3
371,4,0.95,9.92,3
372,4,0.95,9.96,3
373,4,0.95,8.2,3
374,4,0.95,8.66,3
375,4,0.95,8.26,3
376,4,0.95,9.24,3
377,4,0.95,8.6,3
378,4,0.95,8.52,3
379,4,0.95,7.78,3
380,4,0.95,7.98,3
381,4,0.95,8.1,3
382,4,0.95,7.92,3
383,4,0.95,8.52,3
384,4,0.95,8.76,3
385,4,0.95,9.4,3
386,4,0.95,9.12,3
387,4,0.95,9.0,3
388,4,0.95,9.4,3
389,4,0.95,9.66,3
390,4,0.95,9.08,3
391,4,0.95,9.16,3
392,4,0.95,8.24,3
393,4,0.95,8.82,3
394,4,0.95,8.78,3
395,4,0.95,8.96,3
396,4,0.95,9.34,3
397,4,0.95,9.26,3
398,4,0.95,8.92,3
399,4,0.95,9.04,3
400,4,0.95,8.22,3
401,4,0.95,8.8,3
402,4,0.95,8.78,3
403,4,0.95,8.42,3
404,4,0.95,8.24,3
405,4,0.95,8.94,3
406,4,0.95,8.42,3
407,4,0.95,8.7,3
408,4,0.95,8.1,3
409,4,0.95,8.84,3
410,4,0.95,9.24,3
411,4,0.95,8.92,3
412,4,0.95,7.88,3
413,4,0.95,9.12,3
414,4,0.95,8.62,3
415,4,0.95,10.34,3
416,4,0.95,9.22,3
417,4,0.95,8.34,3
418,4,0.95,8.6,3
419,4,0.95,8.08,3
420,4,0.95,7.5,3
421,4,0.95,8.8,3
422,4,0.95,8.6,3
423,4,0.95,8.64,3
424,4,0.95,8.8,3
425,4,0.95,8.96,3
426,4,0.95,8.44,3
427,4,0.95,8.04,3
428,4,0.95,9.12,3
429,4,0.95,9.06,3
430,4,0.95,9.32,3
431,4,0.95,8.24,3
432,4,0.95,8.4,3
433,4,0.95,8.8,3
434,4,0.95,9.66,3
435,4,0.95,10.1,3
436,4,0.95,8.5,3
437,4,0.95,8.52,3
438,4,0.95,7.64,3
439,4,0.95,8.78,3
440,4,0.95,9.02,3
441,4,0.95,9.1,3
442,4,0.95,8.84,3
443,4,0.95,8.24,3
444,4,0.95,7.48,3
445,4,0.95,9.76,3
446,4,0.95,8.4,3
447,4,0.95,8.32,3
448,4,0.95,8.84,3
449,4,0.95,9.1,3
450,4,0.95,8.74,3
451,4,0.95,7.74,3
452,4,0.95,7.7,3
453,4,0.95,8.06,3
454,4,0.95,9.26,3
455,4,0.95,8.22,3
456,4,0.95,7.98,3
457,4,0.95,9.22,3
458,4,0.95,9.34,3
459,4,0.95,8.5,3
460,4,0.95,8.8,3
461,4,0.95,8.94,3
462,4,0.95,9.14,3
463,4,0.95,9.44,3
464,4,0.95,9.56,3
465,4,0.95,9.76,3
466,4,0.95,9.4,3
467,4,0.95,8.86,3
468,4,0.95,8.7,3
469,4,0.95,8.38,3
470,4,0.95,9.12,3
471,4,0.95,9.66,3
472,4,0.95,8.68,3
473,4,0.95,8.94,3
474,4,0.95,8.5,3
475,4,0.95,8.4,3
476,4,0.95,8.16,3
477,4,0.95,7.96,3
478,4,0.95,8.16,3
479,4,0.95,8.54,3
480,4,0.95,9.02,3
481,4,0.95,8.5,3
482,4,0.95,10.26,3
483,4,0.95,9.5,3
484,4,0.95,9.28,3
485,4,0.95,9.72,3
486,4,0.95,9.14,3
487,4,0.95,9.24,3
488,4,0.95,9.32,2
489,4,0.95,8.08,2
490,4,0.95,8.92,2
491,4,0.95,8.08,2
492,4,0.95,8.38,2
493,4,0.95,8.08,2
494,4,0.95,7.58,2
495,4,0.95,7.84,2
496,4,0.95,7.76,2
497,4,0.95,6.48,2
498,4,0.95,7.68,2
499,4,0.95,8.76,2
500,4,0.95,7.8,2
501,4,0.95,7.12,2
502,4,0.95,7.74,2
503,4,0.95,8.44,2
504,4,0.95,7.9,2
505,4,0.95,8.18,2
506,4,0.95,8.04,2
507,4,0.95,7.72,2
508,4,0.95,6.92,2
509,4,0.95,7.44,2
510,4,0.95,7.98,2
511,4,0.95,7.16,2
512,4,0.95,7.6,2
513,4,0.95,8.22,2
514,4,0.95,7.76,2
515,4,0.95,7.84,2
516,4,0.95,8.54,2
517,4,0.95,8.52,2
518,4,0.95,8.86,2
519,4,0.95,7.92,2
520,4,0.95,7.48,2
521,4,0.95,7.5,2
522,4,0.95,7.9,2
523,4,0.95,8.98,2
524,4,0.95,8.46,2
525,4,0.95,7.76,2
526,4,0.95,7.24,2
527,4,0.95,7.34,2
528,4,0.95,8.14,2
529,4,0.95,7.96,2
530,4,0.95,7.9,2
531,4,0.95,8.04,2
532,4,0.95,7.84,2
533,4,0.95,7.58,2
534,4,0.95,7.72,2
535,4,0.95,7.54,2
536,4,0.95,7.34,2
537,4,0.95,7.78,2
538,4,0.95,7.72,2
539,4,0.95,8.1,2
540,4,0.95,8.26,2
541,4,0.95,8.12,2
542,4,0.95,8.38,2
543,4,0.95,9.52,2
544,4,0.95,7.42,2
545,4,0.95,7.82,2
546,4,0.95,7.92,2
547,4,0.95,7.56,2
548,4,0.95,7.58,2
549,4,0.95,8.0,2
550,4,0.95,8.26,2
551,4,0.95,8.82,2
552,4,0.95,8.22,2
553,4,0.95,8.84,2
554,4,0.95,8.82,2
555,4,0.95,8.4,2
556,4,0.95,7.72,2
557,4,0.95,8.2,2
558,4,0.95,7.9,2
559,4,0.95,7.64,2
560,4,0.95,8.0,2
561,4,0.95,7.66,2
562,4,0.95,7.86,2
563,4,0.95,8.34,2
564,4,0.95,7.8,2
565,4,0.95,8.4,2
566,4,0.95,7.18,2
567,4,0.95,7.82,2
568,4,0.95,7.44,2
569,4,0.95,7.52,2
570,4,0.95,7.54,2
571,4,0.95,7.98,2
572,4,0.95,7.98,2
573,4,0.95,8.4,2
574,4,0.95,7.96,2
575,4,0.95,7.98,2
576,4,0.95,8.06,2
577,4,0.95,7.86,2
578,4,0.95,8.2,2
579,4,0.95,7.34,2
580,4,0.95,8.46,2
581,4,0.95,8.1,2
582,4,0.95,7.18,2
583,4,0.95,8.02,2
584,4,0.95,9.4,2
585,4,0.95,7.6,2
586,4,0.95,8.08,2
587,4,0.95,7.34,2
588,4,0.95,7.2,2
589,4,0.95,8.5,2
590,4,0.95,8.18,2
591,4,0.95,8.72,2
592,4,0.95,8.26,2
593,4,0.95,8.28,2
594,4,0.95,7.94,2
595,4,0.95,8.1,2
596,4,0.95,7.4,2
597,4,0.95,7.78,2
598,4,0.95,7.6,2
599,4,0.95,8.1,2
600,4,0.95,6.32,2
601,4,0.95,7.16,2
602,4,0.95,7.86,2
603,4,0.95,7.46,2
604,4,0.95,7.84,2
605,4,0.95,8.16,2
606,4,0.95,7.52,2
607,4,0.95,8.64,2
608,4,0.95,7.72,2
609,4,0.95,7.0,2
610,4,0.95,6.92,2
611,4,0.95,7.62,2
612,4,0.95,8.98,2
613,4,0.95,8.04,2
614,4,0.95,7.94,2
615,4,0.95,8.88,2
616,4,0.95,8.74,2
617,4,0.95,7.76,2
618,4,0.95,8.78,2
619,4,0.95,8.66,2
620,4,0.95,8.46,2
621,4,0.95,9.26,2
622,4,0.95,7.16,2
623,4,0.95,7.86,2
624,4,0.95,8.08,2
625,4,0.95,8.36,2
626,4,0.95,7.8,2
627,4,0.95,7.14,2
628,4,0.95,8.12,2
629,4,0.95,7.96,2
630,4,0.95,7.84,2
631,4,0.95,7.5,2
632,4,0.95,6.96,2
633,4,0.95,7.3,2
634,4,0.95,8.28,2
635,4,0.95,7.0,2
636,4,0.95,6.86,2
637,4,0.95,7.38,2
638,4,0.95,7.6,2
639,4,0.95,8.18,2
640,4,0.95,8.1,2
641,4,0.95,7.24,2
642,4,0.95,8.0,2
643,4,0.95,8.12,2
644,4,0.95,8.0,2
645,4,0.95,8.12,2
646,4,0.95,8.42,2
647,4,0.95,8.22,2
648,4,0.95,7.36,2
649,4,0.95,8.52,2
650,4,0.95,7.44,2
651,4,0.95,7.04,2
652,4,0.95,7.62,2
653,4,0.95,7.68,2
654,4,0.95,8.28,2
655,4,0.95,8.26,2
656,4,0.95,7.98,2
657,4,0.95,8.42,2
658,4,0.95,7.6,2
659,4,0.95,8.2,2
660,4,0.95,8.4,2
661,4,0.95,8.48,2
662,4,0.95,8.58,2
663,4,0.95,7.92,2
664,4,0.95,8.08,2
665,4,0.95,8.1,2
666,4,0.95,8.7,2
667,4,0.95,7.56,2
668,4,0.95,9.04,2
669,4,0.95,8.0,2
670,4,0.95,8.48,2
671,4,0.95,8.64,2
672,4,0.95,7.64,2
673,4,0.95,8.22,2
674,4,0.95,8.14,2
675,4,0.95,7.6,2
676,4,0.95,8.62,2
677,4,0.95,7.6,2
678,4,0.95,6.94,2
679,4,0.95,7.98,2
680,4,0.95,7.92,2
681,4,0.95,8.08,2
682,4,0.95,7.08,2
683,4,0.95,7.22,2
684,4,0.95,7.96,2
685,4,0.95,7.32,2
686,4,0.95,8.8,2
687,4,0.95,7.9,2
688,4,0.95,8.14,2
689,4,0.95,7.92,2
690,4,0.95,7.38,2
691,4,0.95,6.74,2
692,4,0.95,7.6,2
693,4,0.95,7.88,2
694,4,0.95,8.22,2
695,4,0.95,7.32,2
696,4,0.95,6.8,2
697,4,0.95,7.36,2
698,4,0.95,7.46,2
699,4,0.95,8.06,2
700,4,0.95,8.74,2
701,4,0.95,7.5,2
702,4,0.95,7.04,2
703,4,0.95,7.58,2
704,4,0.95,7.92,2
705,4,0.95,8.14,2
706,4,0.95,7.94,2
707,4,0.95,6.72,2
708,4,0.95,6.64,2
709,4,0.95,7.06,2
710,4,0.95,7.86,2
711,4,0.95,7.34,2
712,4,0.95,8.84,2
713,4,0.95,8.3,2
714,4,0.95,8.36,2
715,4,0.95,7.38,2
716,4,0.95,8.18,2
717,4,0.95,8.46,2
718,4,0.95,8.8,2
719,4,0.95,7.74,2
720,4,0.95,8.04,2
721,4,0.95,7.34,2
722,4,0.95,8.2,2
723,4,0.95,8.18,2
724,4,0.95,7.1,2
725,4,0.95,7.8,2
726,4,0.95,8.34,2
727,4,0.95,8.4,2
728,4,0.95,8.22,2
729,4,0.95,8.96,2
730,4,0.95,8.18,2
731,4,0.95,7.56,2
732,4,0.95,7.96,2
733,4,0.95,8.82,2
734,4,0.95,7.84,2
735,4,0.95,7.52,2
736,4,0.95,7.74,2
737,4,0.95,8.12,2
738,4,0.95,7.7,2
739,4,0.95,8.0,2
740,4,0.95,7.68,2
741,4,0.95,7.76,2
742,4,0.95,8.38,2
743,4,0.95,8.04,2
744,4,0.95,7.06,2
745,4,0.95,7.2,2
746,4,0.95,6.6,2
747,4,0.95,8.36,2
748,4,0.95,9.12,2
749,4,0.95,8.22,2
750,4,0.95,8.32,2
751,4,0.95,8.42,2
752,4,0.95,7.94,2
753,4,0.95,7.76,2
754,4,0.95,8.36,2
755,4,0.95,7.52,2
756,4,0.95,6.82,2
757,4,0.95,7.06,2
758,4,0.95,8.2,2
759,4,0.95,7.36,2
760,4,0.95,8.12,2
761,4,0.95,7.64,2
762,4,0.95,7.44,2
763,4,0.95,8.12,2
764,4,0.95,8.62,2
765,4,0.95,7.9,2
766,4,0.95,7.8,2
767,4,0.95,7.66,2
768,4,0.95,7.6,2
769,4,0.95,8.34,2
770,4,0.95,7.74,2
771,4,0.95,7.7,2
772,4,0.95,7.62,2
773,4,0.95,8.24,2
774,4,0.95,8.46,2
775,4,0.95,8.42,2
776,4,0.95,8.1,2
777,4,0.95,8.46,2
778,4,0.95,8.94,2
779,4,0.95,8.56,2
780,4,0.95,7.8,2
781,4,0.95,7.18,2
782,4,0.95,6.92,2
783,4,0.95,7.42,2
784,4,0.95,8.2,2
785,4,0.95,8.28,2
786,4,0.95,7.96,2
787,4,0.95,7.72,2
788,4,0.95,8.28,2
789,4,0.95,7.1,2
790,4,0.95,7.32,2
791,4,0.95,6.96,2
792,4,0.95,8.18,2
793,4,0.95,7.3,2
794,4,0.95,8.5,2
795,4,0.95,7.88,2
796,4,0.95,7.36,2
797,4,0.95,8.64,2
798,4,0.95,8.24,2
799,4,0.95,8.16,2
800,4,0.95,9.34,2
801,4,0.95,7.74,2
802,4,0.95,8.34,2
803,4,0.95,7.86,2
804,4,0.95,8.4,2
805,4,0.95,8.06,2
806,4,0.95,9.06,2
807,4,0.95,7.5,2
808,4,0.95,7.88,2
809,4,0.95,8.28,2
810,4,0.95,6.96,2
811,4,0.95,7.54,2
812,4,0.95,7.88,2
813,4,0.95,7.62,2
814,4,0.95,7.54,2
815,4,0.95,6.96,2
816,4,0.95,6.7,2
817,4,0.95,8.06,2
818,4,0.95,8.4,2
819,4,0.95,6.72,2
820,4,0.95,7.74,2
821,4,0.95,7.66,2
822,4,0.95,6.88,2
823,4,0.95,7.42,2
824,4,0.95,7.14,2
825,4,0.95,7.18,2
826,4,0.95,7.78,2
827,4,0.95,7.68,2
828,4,0.95,7.6,2
829,4,0.95,8.08,2
830,4,0.95,7.78,2
831,4,0.95,7.34,2
832,4,0.95,8.14,2
833,4,0.95,8.4,2
834,4,0.95,7.44,2
835,4,0.95,8.06,2
836,4,0.95,8.3,2
837,4,0.95,7.86,2
838,4,0.95,8.02,2
839,4,0.95,7.28,2
840,4,0.95,7.94,2
841,4,0.95,8.42,2
842,4,0.95,7.32,2
843,4,0.95,8.82,2
844,4,0.95,8.84,2
845,4,0.95,8.04,2
846,4,0.95,7.44,2
847,4,0.95,7.9,2
848,4,0.95,7.76,2
849,4,0.95,8.18,2
850,4,0.95,7.82,2
851,4,0.95,6.82,2
852,4,0.95,7.28,2
853,4,0.95,8.0,2
854,4,0.95,8.92,2
855,4,0.95,6.7,2
856,4,0.95,7.26,2
857,4,0.95,7.76,2
858,4,0.95,7.9,2
859,4,0.95,7.66,2
860,4,0.95,8.46,2
861,4,0.95,9.44,2
862,4,0.95,8.62,2
863,4,0.95,7.68,2
864,4,0.95,8.04,2
865,4,0.95,8.44,2
866,4,0.95,8.44,2
867,4,0.95,8.08,2
868,4,0.95,8.4,2
869,4,0.95,8.12,2
870,4,0.95,7.58,2
871,4,0.95,7.54,2
872,4,0.95,8.3,2
873,4,0.95,8.32,2
874,4,0.95,8.68,2
875,4,0.95,8.08,2
876,4,0.95,7.6,2
877,4,0.95,8.2,2
878,4,0.95,7.72,2
879,4,0.95,8.2,2
880,4,0.95,8.58,2
881,4,0.95,7.58,2
882,4,0.95,7.72,2
883,4,0.95,7.8,2
884,4,0.95,7.76,2
885,4,0.95,8.1,2
886,4,0.95,8.7,2
887,4,0.95,7.6,2
888,4,0.95,7.24,2
889,4,0.95,8.42,2
890,4,0.95,8.9,2
891,4,0.95,9.4,2
892,4,0.95,8.92,2
893,4,0.95,8.46,2
894,4,0.95,8.32,2
895,4,0.95,6.78,2
896,4,0.95,7.44,2
897,4,0.95,7.26,2
898,4,0.95,7.0,2
899,4,0.95,7.64,2
900,4,0.95,7.98,2
901,4,0.95,8.44,2
902,4,0.95,8.8,2
903,4,0.95,7.76,2
904,4,0.95,7.8,2
905,4,0.95,7.74,2
906,4,0.95,7.34,2
907,4,0.95,7.56,2
908,4,0.95,7.86,2
909,4,0.95,7.08,2
910,4,0.95,7.66,2
911,4,0.95,7.82,2
912,4,0.95,7.64,2
913,4,0.95,8.76,2
914,4,0.95,7.34,2
915,4,0.95,7.62,2
916,4,0.95,7.66,2
917,4,0.95,7.7,2
918,4,0.95,7.74,2
919,4,0.95,8.06,2
920,4,0.95,7.72,2
921,4,0.95,6.98,2
922,4,0.95,8.12,2
923,4,0.95,8.12,2
924,4,0.95,8.42,2
925,4,0.95,6.8,2
926,4,0.95,6.9,2
927,4,0.95,7.38,2
928,4,0.95,7.88,2
929,4,0.95,6.56,2
930,4,0.95,7.62,2
931,4,0.95,8.06,2
932,4,0.95,7.76,2
933,4,0.95,8.38,2
934,4,0.95,8.7,2
935,4,0.95,8.8,2
936,4,0.95,7.76,2
937,4,0.95,8.5,2
938,4,0.95,9.1,2
939,4,0.95,8.32,2
940,4,0.95,8.02,2
941,4,0.95,7.26,2
942,4,0.95,7.92,2
943,4,0.95,7.78,2
944,4,0.95,8.06,2
945,4,0.95,7.5,2
946,4,0.95,7.94,2
947,4,0.95,7.02,2
948,4,0.95,7.64,2
949,4,0.95,8.68,2
950,4,0.95,7.88,2
951,4,0.95,7.58,2
952,4,0.95,7.1,2
953,4,0.95,7.84,2
954,4,0.95,7.92,2
955,4,0.95,8.16,2
956,4,0.95,8.72,2
957,4,0.95,7.56,2
958,4,0.95,7.28,2
959,4,0.95,7.32,2
960,4,0.95,8.34,2
961,4,0.95,7.2,2
962,4,0.95,7.4,2
963,4,0.95,7.12,2
964,4,0.95,6.84,2
965,4,0.95,7.56,2
966,4,0.95,8.18,2
967,4,0.95,8.76,2
968,4,0.95,7.16,2
969,4,0.95,8.5,2
970,4,0.95,7.34,2
971,4,0.95,8.22,2
972,4,0.95,8.54,2
973,4,0.95,8.18,2
974,4,0.95,7.14,2
975,4,0.95,7.5,2
976,4,0.95,7.2,2
977,4,0.95,8.38,2
978,4,0.95,9.04,2
979,4,0.95,6.96,2
980,4,0.95,6.42,2
981,4,0.95,8.02,2
982,4,0.95,8.08,2
983,4,0.95,7.16,2
984,4,0.95,8.26,2
985,4,0.95,8.54,2
986,4,0.95,8.48,2
987,4,0.95,8.28,2
988,4,0.95,7.3,2
989,4,0.95,8.22,2
990,4,0.95,8.42,2
991,4,0.95,7.8,2
992,4,0.95,7.92,2
993,4,0.95,8.32,2
994,4,0.95,8.44,2
995,4,0.95,8.84,2
996,4,0.95,9.9,2
997,4,0.95,9.34,2
998,4,0.95,9.38,2
999,4,0.95,9.28,2
1000,4,0.95,9.16,2
1001,4,0.95,9.24,2
1002,4,0.95,8.46,2
1003,4,0.95,7.32,2
1004,4,0.95,8.16,2
1005,4,0.95,7.78,2
1006,4,0.95,8.62,2
1007,4,0.95,7.98,2
1008,4,0.95,8.28,2
1009,4,0.95,8.0,2
1010,4,0.95,7.82,2
1011,4,0.95,7.56,2
1012,4,0.95,7.7,2
1013,4,0.95,7.84,2
1014,4,0.95,8.1,2
1015,4,0.95,7.04,2
1016,4,0.95,7.58,2
1017,4,0.95,8.54,2
1018,4,0.95,7.64,2
1019,4,0.95,7.9,2
1020,4,0.95,8.5,2
1021,4,0.95,8.6,2
1022,4,0.95,8.44,2
1023,4,0.95,7.8,2
1024,4,0.95,7.58,2
1025,4,0.95,8.22,2
1026,4,0.95,8.3,2
1027,4,0.95,7.64,2
1028,4,0.95,7.7,2
1029,4,0.95,7.86,2
1030,4,0.95,8.04,2
1031,4,0.95,7.74,2
1032,4,0.95,9.64,2
1033,4,0.95,9.32,2
1034,4,0.95,8.62,2
1035,4,0.95,7.82,2
1036,4,0.95,7.14,2
1037,4,0.95,8.02,2
1038,4,0.95,7.94,2
1039,4,0.95,7.54,2
1040,4,0.95,8.58,2
1041,4,0.95,7.42,2
1042,4,0.95,7.66,2
1043,4,0.95,7.08,2
1044,4,0.95,7.38,2
1045,4,0.95,7.7,2
1046,4,0.95,7.52,2
1047,4,0.95,7.48,2
1048,4,0.95,7.28,2
1049,4,0.95,8.44,2
1050,4,0.95,8.26,2
1051,4,0.95,7.72,2
1052,4,0.95,7.64,2
1053,4,0.95,8.52,2
1054,4,0.95,8.44,2
1055,4,0.95,8.18,2
1056,4,0.95,7.24,2
1057,4,0.95,8.32,2
1058,4,0.95,8.84,2
1059,4,0.95,7.26,2
1060,4,0.95,7.74,2
1061,4,0.95,7.94,2
1062,4,0.95,8.14,2
1063,4,0.95,7.7,2
1064,4,0.95,8.72,2
1065,4,0.95,9.06,2
1066,4,0.95,8.18,2
1067,4,0.95,8.04,2
1068,4,0.95,7.6,2
1069,4,0.95,7.06,2
1070,4,0.95,8.08,2
1071,4,0.95,8.14,2
1072,4,0.95,7.64,2
1073,4,0.95,9.1,2
1074,4,0.95,8.02,2
1075,4,0.95,7.62,2
1076,4,0.95,8.24,2
1077,4,0.95,8.54,2
1078,4,0.95,7.94,2
1079,4,0.95,7.5,2
1080,4,0.95,7.52,2
1081,4,0.95,8.12,2
1082,4,0.95,8.74,2
1083,4,0.95,7.64,2
1084,4,0.95,7.74,2
1085,4,0.95,7.28,2
1086,4,0.95,7.16,2
1087,4,0.95,6.84,2
1088,4,0.95,7.54,2
1089,4,0.95,7.64,2
1090,4,0.95,7.68,2
1091,4,0.95,7.94,2
1092,4,0.95,7.38,2
1093,4,0.95,7.66,2
1094,4,0.95,6.58,2
1095,4,0.95,7.32,2
1096,4,0.95,8.94,2
1097,4,0.95,9.18,2
1098,4,0.95,8.7,2
1099,4,0.95,8.56,2
1100,4,0.95,7.22,2
1101,4,0.95,6.76,2
1102,4,0.95,7.62,2
1103,4,0.95,7.92,2
1104,4,0.95,8.0,2
1105,4,0.95,7.1,2
1106,4,0.95,6.9,2
1107,4,0.95,7.88,2
1108,4,0.95,7.46,2
1109,4,0.95,7.88,2
1110,4,0.95,7.28,2
1111,4,0.95,8.06,2
1112,4,0.95,8.16,2
1113,4,0.95,8.84,2
1114,4,0.95,7.94,2
1115,4,0.95,8.44,2
1116,4,0.95,7.96,2
1117,4,0.95,7.92,2
1118,4,0.95,7.98,2
1119,4,0.95,8.02,2
1120,4,0.95,8.12,2
1121,4,0.95,8.12,2
1122,4,0.95,7.32,2
1123,4,0.95,8.18,2
1124,4,0.95,7.46,2
1125,4,0.95,7.5,2
1126,4,0.95,8.36,2
1127,4,0.95,7.76,2
1128,4,0.95,7.18,2
1129,4,0.95,7.78,2
1130,4,0.95,7.2,2
1131,4,0.95,7.64,2
1132,4,0.95,8.24,2
1133,4,0.95,7.8,2
1134,4,0.95,8.04,2
1135,4,0.95,7.9,2
1136,4,0.95,8.16,2
1137,4,0.95,7.56,2
1138,4,0.95,7.26,2
1139,4,0.95,8.08,2
1140,4,0.95,7.12,2
1141,4,0.95,7.6,2
1142,4,0.95,7.8,2
1143,4,0.95,7.9,2
1144,4,0.95,7.58,2
1145,4,0.95,8.2,2
1146,4,0.95,8.0,2
1147,4,0.95,7.26,2
1148,4,0.95,7.36,2
1149,4,0.95,8.16,2
1150,4,0.95,8.02,2
1151,4,0.95,7.24,2
1152,4,0.95,7.58,2
1153,4,0.95,8.14,2
1154,4,0.95,7.56,2
1155,4,0.95,7.76,2
1156,4,0.95,7.44,2
1157,4,0.95,7.0,2
1158,4,0.95,7.98,2
1159,4,0.95,7.68,2
1160,4,0.95,7.46,2
1161,4,0.95,7.62,2
1162,4,0.95,7.52,2
1163,4,0.95,8.08,2
1164,4,0.95,7.3,2
1165,4,0.95,7.74,2
1166,4,0.95,7.5,2
1167,4,0.95,8.12,2
1168,4,0.95,8.02,2
1169,4,0.95,7.9,2
1170,4,0.95,7.18,2
1171,4,0.95,8.96,2
1172,4,0.95,7.94,2
1173,4,0.95,8.3,2
1174,4,0.95,8.46,2
1175,4,0.95,6.6,2
1176,4,0.95,7.4,2
1177,4,0.95,7.18,2
1178,4,0.95,7.9,2
1179,4,0.95,7.5,2
1180,4,0.95,7.92,2
1181,4,0.95,8.2,2
1182,4,0.95,8.76,2
1183,4,0.95,9.02,2
1184,4,0.95,8.44,2
1185,4,0.95,8.48,2
1186,4,0.95,7.96,2
1187,4,0.95,7.1,2
1188,4,0.95,7.74,2
1189,4,0.95,8.26,2
1190,4,0.95,7.96,2
1191,4,0.95,8.52,2
1192,4,0.95,7.76,2
1193,4,0.95,7.84,2
1194,4,0.95,8.12,2
1195,4,0.95,7.76,2
1196,4,0.95,7.6,2
1197,4,0.95,8.06,2
1198,4,0.95,7.38,2
1199,4,0.95,8.48,2
1200,4,0.95,8.8,2
1201,4,0.95,8.66,2
1202,4,0.95,8.34,2
1203,4,0.95,7.54,2
1204,4,0.95,7.62,2
1205,4,0.95,8.28,2
1206,4,0.95,8.92,2
1207,4,0.95,8.88,2
1208,4,0.95,8.42,2
1209,4,0.95,7.44,2
1210,4,0.95,7.0,2
1211,4,0.95,7.28,2
1212,4,0.95,7.46,2
1213,4,0.95,7.92,2
1214,4,0.95,7.36,2
1215,4,0.95,7.84,2
1216,4,0.95,7.5,2
1217,4,0.95,7.08,2
1218,4,0.95,8.32,2
1219,4,0.95,9.54,2
1220,4,0.95,8.88,2
1221,4,0.95,8.72,2
1222,4,0.95,8.24,2
1223,4,0.95,7.74,2
1224,4,0.95,7.48,2
1225,4,0.95,7.86,2
1226,4,0.95,9.16,2
1227,4,0.95,8.84,2
1228,4,0.95,8.12,2
1229,4,0.95,7.86,2
1230,4,0.95,8.14,2
1231,4,0.95,8.44,2
1232,4,0.95,8.02,2
1233,4,0.95,7.78,2
1234,4,0.95,7.86,2
1235,4,0.95,8.26,2
1236,4,0.95,9.02,2
1237,4,0.95,8.3,2
1238,4,0.95,8.66,2
1239,4,0.95,7.78,2
1240,4,0.95,7.04,2
1241,4,0.95,9.38,2
1242,4,0.95,8.48,2
1243,4,0.95,8.7,2
1244,4,0.95,6.6,2
1245,4,0.95,8.46,2
1246,4,0.95,8.4,2
1247,4,0.95,7.18,2
1248,4,0.95,8.4,2
1249,4,0.95,8.12,2
1250,4,0.95,7.9,2
1251,4,0.95,7.74,2
1252,4,0.95,8.24,2
1253,4,0.95,7.64,2
1254,4,0.95,6.9,2
1255,4,0.95,7.58,2
1256,4,0.95,8.04,2
1257,4,0.95,7.44,2
1258,4,0.95,7.82,2
1259,4,0.95,8.06,2
1260,4,0.95,8.0,2
1261,4,0.95,8.66,2
1262,4,0.95,9.5,2
1263,4,0.95,7.9,2
1264,4,0.95,7.96,2
1265,4,0.95,7.34,2
1266,4,0.95,7.58,2
1267,4,0.95,8.14,2
1268,4,0.95,7.58,2
1269,4,0.95,8.04,2
1270,4,0.95,8.28,2
1271,4,0.95,7.18,2
1272,4,0.95,7.36,2
1273,4,0.95,7.82,2
1274,4,0.95,7.6,2
1275,4,0.95,8.04,2
1276,4,0.95,8.38,2
1277,4,0.95,8.02,2
1278,4,0.95,7.94,2
1279,4,0.95,7.46,2
1280,4,0.95,7.58,2
1281,4,0.95,7.8,2
1282,4,0.95,8.3,2
1283,4,0.95,8.12,2
1284,4,0.95,7.26,2
1285,4,0.95,7.5,2
1286,4,0.95,7.16,2
1287,4,0.95,7.9,2
1288,4,0.95,8.44,2
1289,4,0.95,8.92,2
1290,4,0.95,8.66,2
1291,4,0.95,7.3,2
1292,4,0.95,9.06,2
1293,4,0.95,7.94,2
1294,4,0.95,7.94,2
1295,4,0.95,7.74,2
1296,4,0.95,7.74,2
1297,4,0.95,7.54,2
1298,4,0.95,8.36,2
1299,4,0.95,7.68,2
1300,4,0.95,8.08,2
1301,4,0.95,7.9,2
1302,4,0.95,6.94,2
1303,4,0.95,7.9,2
1304,4,0.95,7.2,2
1305,4,0.95,8.1,2
1306,4,0.95,6.9,2
1307,4,0.95,7.72,2
1308,4,0.95,7.98,2
1309,4,0.95,8.3,2
1310,4,0.95,8.78,2
1311,4,0.95,9.06,2
1312,4,0.95,8.4,2
1313,4,0.95,8.52,2
1314,4,0.95,8.16,2
1315,4,0.95,8.46,2
1316,4,0.95,7.82,2
1317,4,0.95,8.52,2
1318,4,0.95,8.96,2
1319,4,0.95,7.56,2
1320,4,0.95,7.16,2
1321,4,0.95,8.48,2
1322,4,0.95,7.14,2
1323,4,0.95,8.26,2
1324,4,0.95,7.74,2
1325,4,0.95,7.88,2
1326,4,0.95,7.04,2
1327,4,0.95,7.12,2
1328,4,0.95,9.04,2
1329,4,0.95,8.4,2
1330,4,0.95,8.14,2
1331,4,0.95,8.34,2
1332,4,0.95,8.06,2
1333,4,0.95,7.82,2
1334,4,0.95,7.82,2
1335,4,0.95,8.24,2
1336,4,0.95,8.06,2
1337,4,0.95,8.14,2
1338,4,0.95,8.9,2
1339,4,0.95,8.4,2
1340,4,0.95,7.64,2
1341,4,0.95,8.14,2
1342,4,0.95,7.96,2
1343,4,0.95,8.14,2
1344,4,0.95,8.0,2
1345,4,0.95,7.26,2
1346,4,0.95,8.36,2
1347,4,0.95,8.68,2
1348,4,0.95,8.02,2
1349,4,0.95,7.38,2
1350,4,0.95,7.74,2
1351,4,0.95,8.58,2
1352,4,0.95,7.08,2
1353,4,0.95,8.48,2
1354,4,0.95,9.12,2
1355,4,0.95,7.48,2
1356,4,0.95,7.62,2
1357,4,0.95,8.32,2
1358,4,0.95,7.34,2
1359,4,0.95,8.6,2
1360,4,0.95,8.52,2
1361,4,0.95,7.68,2
1362,4,0.95,7.46,2
1363,4,0.95,7.98,2
1364,4,0.95,8.26,2
1365,4,0.95,8.24,2
1366,4,0.95,8.04,2
1367,4,0.95,8.3,2
1368,4,0.95,8.3,2
1369,4,0.95,8.98,2
1370,4,0.95,8.54,2
1371,4,0.95,8.42,2
1372,4,0.95,7.88,2
1373,4,0.95,7.58,2
1374,4,0.95,7.2,2
1375,4,0.95,7.52,2
1376,4,0.95,7.22,2
1377,4,0.95,7.92,2
1378,4,0.95,8.12,2
1379,4,0.95,7.44,2
1380,4,0.95,6.7,2
1381,4,0.95,7.3,2
1382,4,0.95,8.46,2
1383,4,0.95,8.24,2
1384,4,0.95,7.28,2
1385,4,0.95,6.56,2
1386,4,0.95,7.8,2
1387,4,0.95,7.8,2
1388,4,0.95,7.88,2
1389,4,0.95,7.98,2
1390,4,0.95,8.3,2
1391,4,0.95,7.98,2
1392,4,0.95,8.4,2
1393,4,0.95,7.76,2
1394,4,0.95,8.9,2
1395,4,0.95,8.36,2
1396,4,0.95,8.78,2
1397,4,0.95,8.86,2
1398,4,0.95,7.94,2
1399,4,0.95,7.46,2
1400,4,0.95,7.94,2
1401,4,0.95,8.1,2
1402,4,0.95,6.88,2
1403,4,0.95,7.9,2
1404,4,0.95,8.34,2
1405,4,0.95,8.1,2
1406,4,0.95,8.94,2
1407,4,0.95,8.24,2
1408,4,0.95,8.66,2
1409,4,0.95,8.88,2
1410,4,0.95,9.1,2
1411,4,0.95,7.34,2
1412,4,0.95,7.54,2
1413,4,0.95,8.1,2
1414,4,0.95,7.48,2
1415,4,0.95,7.32,2
1416,4,0.95,7.08,2
1417,4,0.95,7.9,2
1418,4,0.95,8.5,2
1419,4,0.95,6.58,2
1420,4,0.95,6.98,2
1421,4,0.95,8.22,2
1422,4,0.95,7.66,2
1423,4,0.95,8.32,2
1424,4,0.95,7.76,2
1425,4,0.95,7.92,2
1426,4,0.95,7.66,2
1427,4,0.95,8.04,2
1428,4,0.95,8.6,2
1429,4,0.95,7.36,2
1430,4,0.95,7.34,2
1431,4,0.95,7.98,2
1432,4,0.95,8.4,2
1433,4,0.95,8.26,2
1434,4,0.95,8.32,2
1435,4,0.95,7.56,2
1436,4,0.95,6.88,2
1437,4,0.95,8.3,2
1438,4,0.95,7.18,2
1439,4,0.95,7.26,2
1440,4,0.95,7.96,2
1441,4,0.95,8.36,2
1442,4,0.95,8.06,2
1443,4,0.95,7.78,2
1444,4,0.95,7.18,2
1445,4,0.95,8.32,2
1446,4,0.95,8.42,2
1447,4,0.95,9.4,2
1448,4,0.95,8.12,2
1449,4,0.95,8.46,2
1450,4,0.95,8.18,2
1451,4,0.95,7.92,2
1452,4,0.95,7.3,2
1453,4,0.95,7.58,2
1454,4,0.95,7.68,2
1455,4,0.95,7.52,2
1456,4,0.95,8.18,2
1457,4,0.95,6.82,2
1458,4,0.95,7.34,2
1459,4,0.95,7.84,2
1460,4,0.95,7.94,2
1461,4,0.95,8.3,2
1462,4,0.95,7.9,2
1463,4,0.95,7.06,2
1464,4,0.95,8.62,2
1465,4,0.95,7.7,2
1466,4,0.95,7.42,2
1467,4,0.95,7.88,2
1468,4,0.95,7.8,2
1469,4,0.95,8.24,2
1470,4,0.95,8.42,2
1471,4,0.95,7.58,2
1472,4,0.95,7.76,2
1473,4,0.95,7.64,2
1474,4,0.95,7.12,2
1475,4,0.95,7.12,2
1476,4,0.95,7.84,2
1477,4,0.95,6.96,2
1478,4,0.95,8.1,2
1479,4,0.95,7.62,2
1480,4,0.95,7.78,2
1481,4,0.95,7.42,2
1482,4,0.95,8.82,2
1483,4,0.95,7.98,2
1484,4,0.95,7.68,2
1485,4,0.95,7.88,2
1486,4,0.95,8.42,2
1487,4,0.95,9.06,2
1488,4,0.95,7.94,2
1489,4,0.95,7.64,2
1490,4,0.95,7.5,2
1491,4,0.95,7.94,2
1492,4,0.95,8.5,2
1493,4,0.95,8.1,2
1494,4,0.95,6.82,2
1495,4,0.95,7.48,2
1496,4,0.95,7.24,2
1497,4,0.95,7.76,2
1498,4,0.95,8.36,2
1499,4,0.95,6.98,2
1500,4,0.95,7.14,2
1501,4,0.95,7.66,2
1502,4,0.95,8.24,2
1503,4,0.95,7.22,2
1504,4,0.95,7.34,2
1505,4,0.95,8.14,2
1506,4,0.95,7.82,2
1507,4,0.95,8.0,2
1508,4,0.95,7.04,2
1509,4,0.95,8.16,2
1510,4,0.95,8.14,2
1511,4,0.95,8.26,2
1512,4,0.95,7.32,2
1513,4,0.95,7.98,2
1514,4,0.95,7.62,2
1515,4,0.95,8.14,2
1516,4,0.95,7.54,2
1517,4,0.95,7.98,2
1518,4,0.95,8.16,2
1519,4,0.95,7.62,2
1520,4,0.95,8.06,2
1521,4,0.95,8.86,2
1522,4,0.95,7.8,2
1523,4,0.95,6.98,2
1524,4,0.95,7.84,2
1525,4,0.95,7.58,2
1526,4,0.95,7.08,2
1527,4,0.95,7.12,2
1528,4,0.95,6.96,2
1529,4,0.95,6.82,2
1530,4,0.95,6.98,2
1531,4,0.95,7.18,2
1532,4,0.95,7.44,2
1533,4,0.95,7.56,2
1534,4,0.95,7.8,2
1535,4,0.95,7.48,2
1536,4,0.95,7.76,2
1537,4,0.95,7.56,2
1538,4,0.95,7.02,2
1539,4,0.95,8.18,2
1540,4,0.95,8.24,2
1541,4,0.95,7.86,2
1542,4,0.95,7.7,2
1543,4,0.95,8.0,2
1544,4,0.95,8.4,2
1545,4,0.95,7.62,2
1546,4,0.95,7.7,2
1547,4,0.95,7.38,2
1548,4,0.95,8.24,2
1549,4,0.95,8.16,2
1550,4,0.95,7.96,2
1551,4,0.95,8.34,2
1552,4,0.95,7.72,2
1553,4,0.95,8.58,2
1554,4,0.95,8.16,2
1555,4,0.95,8.4,2
1556,4,0.95,7.22,2
1557,4,0.95,7.46,2
1558,4,0.95,7.66,2
1559,4,0.95,8.96,2
1560,4,0.95,7.82,2
1561,4,0.95,7.06,2
1562,4,0.95,8.22,2
1563,4,0.95,8.2,2
1564,4,0.95,7.34,2
1565,4,0.95,7.7,2
1566,4,0.95,8.68,2
1567,4,0.95,8.26,2
1568,4,0.95,7.38,2
1569,4,0.95,7.66,2
1570,4,0.95,7.82,2
1571,4,0.95,7.86,2
1572,4,0.95,7.26,2
1573,4,0.95,7.52,2
1574,4,0.95,7.82,2
1575,4,0.95,7.8,2
1576,4,0.95,7.9,2
1577,4,0.95,7.2,2
1578,4,0.95,7.26,2
1579,4,0.95,7.5,2
1580,4,0.95,7.94,2
1581,4,0.95,7.44,2
1582,4,0.95,7.88,2
1583,4,0.95,8.06,2
1584,4,0.95,7.34,2
1585,4,0.95,7.9,2
1586,4,0.95,8.78,2
1587,4,0.95,8.36,2
1588,4,0.95,8.56,2
1589,4,0.95,7.64,2
1590,4,0.95,8.04,2
1591,4,0.95,8.62,2
1592,4,0.95,7.86,2
1593,4,0.95,7.76,2
1594,4,0.95,7.76,2
1595,4,0.95,8.02,2
1596,4,0.95,7.58,2
1597,4,0.95,7.96,2
1598,4,0.95,6.82,2
1599,4,0.95,7.92,2
1600,4,0.95,7.7,2
1601,4,0.95,7.36,2
1602,4,0.95,8.0,2
1603,4,0.95,7.9,2
1604,4,0.95,7.98,2
1605,4,0.95,7.3,2
1606,4,0.95,7.64,2
1607,4,0.95,8.42,2
1608,4,0.95,7.76,2
1609,4,0.95,7.88,2
1610,4,0.95,8.14,2
1611,4,0.95,8.48,2
1612,4,0.95,8.12,2
1613,4,0.95,8.38,2
1614,4,0.95,7.82,2
1615,4,0.95,7.96,2
1616,4,0.95,8.16,2
1617,4,0.95,8.02,2
1618,4,0.95,7.16,2
1619,4,0.95,7.16,2
1620,4,0.95,7.9,2
1621,4,0.95,7.32,2
1622,4,0.95,7.96,2
1623,4,0.95,7.32,2
1624,4,0.95,7.52,2
1625,4,0.95,7.64,2
1626,4,0.95,7.76,1
1627,4,0.95,7.68,1
1628,4,0.95,7.66,1
1629,4,0.95,7.48,1
1630,4,0.95,7.42,1
1631,4,0.95,6.64,1
1632,4,0.95,7.78,1
1633,4,0.95,7.1,1
1634,4,0.95,6.78,1
1635,4,0.95,8.34,1
1636,4,0.95,8.08,1
1637,4,0.95,6.76,1
1638,4,0.95,6.32,1
1639,4,0.95,6.74,1
1640,4,0.95,7.32,1
1641,4,0.95,7.52,1
1642,4,0.95,7.44,1
1643,4,0.95,7.04,1
1644,4,0.95,7.7,1
1645,4,0.95,6.98,1
1646,4,0.95,7.02,1
1647,4,0.95,7.0,1
1648,4,0.95,6.28,1
1649,4,0.95,6.04,1
1650,4,0.95,6.26,1
1651,4,0.95,6.14,1
1652,4,0.95,6.58,1
1653,4,0.95,6.24,1
1654,4,0.95,6.68,1
1655,4,0.95,7.12,1
1656,4,0.95,8.58,1
1657,4,0.95,7.46,1
1658,4,0.95,6.56,1
1659,4,0.95,7.6,1
1660,4,0.95,7.6,1
1661,4,0.95,5.94,1
1662,4,0.95,7.0,1
1663,4,0.95,6.42,1
1664,4,0.95,7.76,1
1665,4,0.95,7.3,1
1666,4,0.95,7.74,1
1667,4,0.95,7.12,1
1668,4,0.95,7.98,1
1669,4,0.95,7.44,1
1670,4,0.95,6.52,1
1671,4,0.95,7.14,1
1672,4,0.95,7.2,1
1673,4,0.95,7.12,1
1674,4,0.95,6.66,1
1675,4,0.95,7.94,1
1676,4,0.95,7.06,1
1677,4,0.95,8.4,1
1678,4,0.95,6.68,1
1679,4,0.95,6.54,1
1680,4,0.95,7.2,1
1681,4,0.95,6.24,1
1682,4,0.95,7.5,1
1683,4,0.95,6.84,1
1684,4,0.95,7.0,1
1685,4,0.95,7.12,1
1686,4,0.95,6.92,1
1687,4,0.95,6.6,1
1688,4,0.95,6.62,1
1689,4,0.95,6.7,1
1690,4,0.95,6.86,1
1691,4,0.95,8.74,1
1692,4,0.95,7.1,1
1693,4,0.95,7.68,1
1694,4,0.95,7.2,1
1695,4,0.95,7.08,1
1696,4,0.95,8.22,1
1697,4,0.95,7.22,1
1698,4,0.95,7.68,1
1699,4,0.95,7.22,1
1700,4,0.95,6.64,1
1701,4,0.95,6.86,1
1702,4,0.95,7.06,1
1703,4,0.95,7.2,1
1704,4,0.95,6.18,1
1705,4,0.95,6.52,1
1706,4,0.95,6.48,1
1707,4,0.95,7.6,1
1708,4,0.95,7.48,1
1709,4,0.95,6.08,1
1710,4,0.95,6.26,1
1711,4,0.95,7.66,1
1712,4,0.95,7.4,1
1713,4,0.95,6.94,1
1714,4,0.95,6.4,1
1715,4,0.95,6.68,1
1716,4,0.95,6.64,1
1717,4,0.95,6.4,1
1718,4,0.95,7.56,1
1719,4,0.95,7.1,1
1720,4,0.95,6.46,1
1721,4,0.95,7.44,1
1722,4,0.95,7.5,1
1723,4,0.95,6.08,1
1724,4,0.95,7.04,1
1725,4,0.95,6.58,1
1726,4,0.95,6.4,1
1727,4,0.95,6.54,1
1728,4,0.95,6.46,1
1729,4,0.95,7.3,1
1730,4,0.95,6.7,1
1731,4,0.95,7.66,1
1732,4,0.95,7.4,1
1733,4,0.95,7.26,1
1734,4,0.95,7.38,1
1735,4,0.95,7.14,1
1736,4,0.95,6.74,1
1737,4,0.95,7.38,1
1738,4,0.95,7.16,1
1739,4,0.95,6.98,1
1740,4,0.95,5.62,1
1741,4,0.95,6.88,1
1742,4,0.95,6.4,1
1743,4,0.95,6.64,1
1744,4,0.95,6.78,1
1745,4,0.95,7.26,1
1746,4,0.95,7.22,1
1747,4,0.95,7.64,1
1748,4,0.95,6.62,1
1749,4,0.95,7.0,1
1750,4,0.95,7.62,1
1751,4,0.95,6.8,1
1752,4,0.95,6.8,1
1753,4,0.95,6.44,1
1754,4,0.95,6.38,1
1755,4,0.95,6.96,1
1756,4,0.95,7.0,1
1757,4,0.95,7.6,1
1758,4,0.95,6.72,1
1759,4,0.95,6.98,1
1760,4,0.95,5.74,1
1761,4,0.95,7.22,1
1762,4,0.95,7.38,1
1763,4,0.95,8.26,1
1764,4,0.95,6.7,1
1765,4,0.95,6.82,1
1766,4,0.95,6.72,1
1767,4,0.95,6.68,1
1768,4,0.95,5.78,1
1769,4,0.95,7.04,1
1770,4,0.95,6.9,1
1771,4,0.95,7.12,1
1772,4,0.95,6.96,1
1773,4,0.95,7.32,1
1774,4,0.95,7.78,1
1775,4,0.95,6.64,1
1776,4,0.95,6.26,1
1777,4,0.95,6.58,1
1778,4,0.95,6.96,1
1779,4,0.95,7.0,1
1780,4,0.95,6.18,1
1781,4,0.95,5.9,1
1782,4,0.95,6.9,1
1783,4,0.95,7.02,1
1784,4,0.95,6.18,1
1785,4,0.95,6.72,1
1786,4,0.95,7.88,1
1787,4,0.95,7.44,1
1788,4,0.95,8.28,1
1789,4,0.95,7.36,1
1790,4,0.95,6.34,1
1791,4,0.95,6.54,1
1792,4,0.95,6.5,1
1793,4,0.95,7.26,1
1794,4,0.95,7.34,1
1795,4,0.95,6.76,1
1796,4,0.95,7.14,1
1797,4,0.95,6.4,1
1798,4,0.95,6.82,1
1799,4,0.95,6.6,1
1800,4,0.95,7.04,1
1801,4,0.95,7.64,1
1802,4,0.95,6.12,1
1803,4,0.95,6.7,1
1804,4,0.95,7.28,1
1805,4,0.95,6.84,1
1806,4,0.95,7.24,1
1807,4,0.95,6.72,1
1808,4,0.95,7.1,1
1809,4,0.95,6.88,1
1810,4,0.95,6.94,1
1811,4,0.95,6.66,1
1812,4,0.95,6.9,1
1813,4,0.95,6.98,1
1814,4,0.95,8.04,1
1815,4,0.95,6.3,1
1816,4,0.95,7.0,1
1817,4,0.95,6.04,1
1818,4,0.95,7.94,1
1819,4,0.95,7.82,1
1820,4,0.95,7.7,1
1821,4,0.95,7.82,1
1822,4,0.95,7.48,1
1823,4,0.95,6.0,1
1824,4,0.95,6.82,1
1825,4,0.95,7.68,1
1826,4,0.95,7.38,1
1827,4,0.95,6.68,1
1828,4,0.95,6.18,1
1829,4,0.95,8.1,1
1830,4,0.95,6.46,1
1831,4,0.95,6.62,1
1832,4,0.95,7.7,1
1833,4,0.95,7.64,1
1834,4,0.95,7.38,1
1835,4,0.95,6.6,1
1836,4,0.95,6.32,1
1837,4,0.95,6.46,1
1838,4,0.95,7.5,1
1839,4,0.95,6.96,1
1840,4,0.95,7.56,1
1841,4,0.95,7.16,1
1842,4,0.95,6.9,1
1843,4,0.95,6.86,1
1844,4,0.95,7.22,1
1845,4,0.95,5.8,1
1846,4,0.95,7.02,1
1847,4,0.95,7.34,1
1848,4,0.95,6.76,1
1849,4,0.95,7.62,1
1850,4,0.95,7.74,1
1851,4,0.95,6.82,1
1852,4,0.95,6.44,1
1853,4,0.95,7.78,1
1854,4,0.95,9.0,1
1855,4,0.95,7.2,1
1856,4,0.95,6.78,1
1857,4,0.95,7.78,1
1858,4,0.95,7.7,1
1859,4,0.95,7.26,1
1860,4,0.95,8.46,1
1861,4,0.95,7.52,1
1862,4,0.95,6.42,1
1863,4,0.95,7.28,1
1864,4,0.95,7.42,1
1865,4,0.95,6.82,1
1866,4,0.95,6.32,1
1867,4,0.95,6.26,1
1868,4,0.95,7.32,1
1869,4,0.95,8.02,1
1870,4,0.95,5.92,1
1871,4,0.95,6.2,1
1872,4,0.95,6.88,1
1873,4,0.95,7.28,1
1874,4,0.95,7.02,1
1875,4,0.95,6.4,1
1876,4,0.95,7.02,1
1877,4,0.95,6.74,1
1878,4,0.95,6.76,1
1879,4,0.95,7.66,1
1880,4,0.95,7.42,1
1881,4,0.95,6.72,1
1882,4,0.95,6.76,1
1883,4,0.95,7.4,1
1884,4,0.95,8.18,1
1885,4,0.95,7.12,1
1886,4,0.95,6.4,1
1887,4,0.95,6.94,1
1888,4,0.95,7.02,1
1889,4,0.95,6.88,1
1890,4,0.95,7.68,1
1891,4,0.95,7.16,1
1892,4,0.95,7.4,1
1893,4,0.95,7.46,1
1894,4,0.95,7.3,1
1895,4,0.95,7.66,1
1896,4,0.95,7.16,1
1897,4,0.95,6.4,1
1898,4,0.95,6.72,1
1899,4,0.95,7.6,1
1900,4,0.95,7.74,1
1901,4,0.95,6.42,1
1902,4,0.95,7.1,1
1903,4,0.95,7.0,1
1904,4,0.95,6.28,1
1905,4,0.95,7.24,1
1906,4,0.95,6.12,1
1907,4,0.95,6.6,1
1908,4,0.95,7.34,1
1909,4,0.95,7.54,1
1910,4,0.95,7.02,1
1911,4,0.95,7.3,1
1912,4,0.95,7.4,1
1913,4,0.95,7.58,1
1914,4,0.95,6.92,1
1915,4,0.95,6.5,1
1916,4,0.95,7.62,1
1917,4,0.95,7.12,1
1918,4,0.95,6.76,1
1919,4,0.95,7.62,1
1920,4,0.95,6.58,1
1921,4,0.95,7.3,1
1922,4,0.95,8.62,1
1923,4,0.95,6.72,1
1924,4,0.95,6.98,1
1925,4,0.95,6.6,1
1926,4,0.95,7.3,1
1927,4,0.95,7.2,1
1928,4,0.95,6.68,1
1929,4,0.95,6.66,1
1930,4,0.95,7.34,1
1931,4,0.95,7.22,1
1932,4,0.95,7.78,1
1933,4,0.95,7.84,1
1934,4,0.95,7.54,1
1935,4,0.95,7.2,1
1936,4,0.95,6.52,1
1937,4,0.95,8.56,1
1938,4,0.95,7.32,1
1939,4,0.95,7.92,1
1940,4,0.95,6.76,1
1941,4,0.95,6.76,1
1942,4,0.95,7.04,1
1943,4,0.95,7.26,1
1944,4,0.95,6.86,1
1945,4,0.95,6.96,1
1946,4,0.95,7.86,1
1947,4,0.95,6.84,1
1948,4,0.95,7.5,1
1949,4,0.95,6.64,1
1950,4,0.95,6.52,1
1951,4,0.95,6.7,1
1952,4,0.95,5.84,1
1953,4,0.95,6.74,1
1954,4,0.95,7.26,1
1955,4,0.95,7.48,1
1956,4,0.95,6.18,1
1957,4,0.95,6.88,1
1958,4,0.95,6.34,1
1959,4,0.95,7.58,1
1960,4,0.95,6.86,1
1961,4,0.95,6.9,1
1962,4,0.95,7.56,1
1963,4,0.95,7.8,1
1964,4,0.95,6.86,1
1965,4,0.95,7.34,1
1966,4,0.95,6.84,1
1967,4,0.95,7.56,1
1968,4,0.95,7.6,1
1969,4,0.95,6.34,1
1970,4,0.95,6.44,1
1971,4,0.95,6.42,1
1972,4,0.95,7.46,1
1973,4,0.95,7.0,1
1974,4,0.95,7.18,1
1975,4,0.95,6.88,1
1976,4,0.95,6.6,1
1977,4,0.95,6.28,1
1978,4,0.95,6.18,1
1979,4,0.95,6.86,1
1980,4,0.95,7.94,1
1981,4,0.95,7.5,1
1982,4,0.95,6.72,1
1983,4,0.95,6.78,1
1984,4,0.95,6.2,1
1985,4,0.95,6.8,1
1986,4,0.95,6.52,1
1987,4,0.95,7.3,1
1988,4,0.95,6.66,1
1989,4,0.95,6.86,1
1990,4,0.95,6.6,1
1991,4,0.95,6.56,1
1992,4,0.95,6.46,1
1993,4,0.95,7.76,1
1994,4,0.95,7.24,1
1995,4,0.95,7.68,1
1996,4,0.95,6.62,1
1997,4,0.95,7.9,1
1998,4,0.95,7.28,1
1999,4,0.95,6.64,1
2000,4,0.95,7.18,1
0,5,0.95,54.98,40
1,5,0.95,45.82,37
2,5,0.95,39.94,33
3,5,0.95,36.26,29
4,5,0.95,32.54,28
5,5,0.95,30.02,26
6,5,0.95,29.96,24
7,5,0.95,27.56,22
8,5,0.95,26.08,22
9,5,0.95,25.72,20
10,5,0.95,24.52,20
11,5,0.95,24.18,18
12,5,0.95,22.66,18
13,5,0.95,22.08,17
14,5,0.95,21.46,16
15,5,0.95,20.48,16
16,5,0.95,20.38,16
17,5,0.95,20.88,15
18,5,0.95,19.56,14
19,5,0.95,19.18,14
20,5,0.95,20.1,13
21,5,0.95,17.96,13
22,5,0.95,17.54,13
23,5,0.95,18.28,13
24,5,0.95,17.96,13
25,5,0.95,18.36,13
26,5,0.95,18.04,13
27,5,0.95,16.82,12
28,5,0.95,16.3,12
29,5,0.95,16.5,11
30,5,0.95,15.82,11
31,5,0.95,15.64,11
32,5,0.95,15.24,11
33,5,0.95,15.92,11
34,5,0.95,14.56,11
35,5,0.95,15.34,10
36,5,0.95,14.74,10
37,5,0.95,14.5,9
38,5,0.95,14.5,9
39,5,0.95,14.68,9
40,5,0.95,13.94,9
41,5,0.95,13.64,9
42,5,0.95,13.14,9
43,5,0.95,14.8,9
44,5,0.95,14.72,9
45,5,0.95,14.42,9
46,5,0.95,14.42,9
47,5,0.95,14.52,9
48,5,0.95,14.24,9
49,5,0.95,13.88,9
50,5,0.95,14.68,9
51,5,0.95,14.0,9
52,5,0.95,14.06,9
53,5,0.95,13.88,9
54,5,0.95,14.48,9
55,5,0.95,14.34,9
56,5,0.95,13.4,9
57,5,0.95,14.1,8
58,5,0.95,13.36,8
59,5,0.95,13.76,8
60,5,0.95,13.24,8
61,5,0.95,13.98,8
62,5,0.95,12.42,8
63,5,0.95,12.48,8
64,5,0.95,12.52,8
65,5,0.95,13.3,8
66,5,0.95,12.98,8
67,5,0.95,12.96,7
68,5,0.95,12.68,7
69,5,0.95,12.68,7
70,5,0.95,13.08,7
71,5,0.95,12.04,7
72,5,0.95,12.28,7
73,5,0.95,12.62,7
74,5,0.95,12.66,7
75,5,0.95,11.36,6
76,5,0.95,12.18,6
77,5,0.95,11.48,6
78,5,0.95,10.58,6
79,5,0.95,11.44,6
80,5,0.95,12.14,6
81,5,0.95,11.5,6
82,5,0.95,9.72,6
83,5,0.95,11.24,6
84,5,0.95,10.84,6
85,5,0.95,10.92,6
86,5,0.95,12.28,6
87,5,0.95,11.58,6
88,5,0.95,11.66,5
89,5,0.95,10.66,5
90,5,0.95,10.42,5
91,5,0.95,10.38,5
92,5,0.95,10.06,5
93,5,0.95,9.46,5
94,5,0.95,10.88,5
95,5,0.95,10.38,5
96,5,0.95,10.46,5
97,5,0.95,10.88,5
98,5,0.95,10.52,5
99,5,0.95,9.64,5
100,5,0.95,10.2,5
101,5,0.95,11.12,5
102,5,0.95,10.38,5
103,5,0.95,9.66,5
104,5,0.95,10.6,5
105,5,0.95,9.72,5
106,5,0.95,10.54,5
107,5,0.95,10.34,5
108,5,0.95,10.3,5
109,5,0.95,10.74,5
110,5,0.95,10.84,5
111,5,0.95,10.38,5
112,5,0.95,10.2,5
113,5,0.95,10.82,5
114,5,0.95,9.92,5
115,5,0.95,10.48,5
116,5,0.95,11.08,5
117,5,0.95,10.72,5
118,5,0.95,11.8,5
119,5,0.95,9.84,5
120,5,0.95,10.86,5
121,5,0.95,10.66,5
122,5,0.95,9.92,5
123,5,0.95,9.64,5
124,5,0.95,10.74,5
125,5,0.95,11.3,5
126,5,0.95,10.34,5
127,5,0.95,10.92,5
128,5,0.95,11.44,5
129,5,0.95,9.58,5
130,5,0.95,11.22,5
131,5,0.95,9.84,5
132,5,0.95,10.8,5
133,5,0.95,10.66,5
134,5,0.95,10.08,5
135,5,0.95,10.06,5
136,5,0.95,9.88,5
137,5,0.95,10.64,5
138,5,0.95,10.82,5
139,5,0.95,9.7,5
140,5,0.95,10.96,5
141,5,0.95,10.42,5
142,5,0.95,10.4,5
143,5,0.95,10.38,5
144,5,0.95,10.06,5
145,5,0.95,10.8,5
146,5,0.95,10.72,5
147,5,0.95,10.16,5
148,5,0.95,10.32,5
149,5,0.95,10.1,5
150,5,0.95,11.32,5
151,5,0.95,10.22,5
152,5,0.95,10.38,5
153,5,0.95,10.18,5
154,5,0.95,9.84,5
155,5,0.95,11.06,5
156,5,0.95,10.3,5
157,5,0.95,10.42,5
158,5,0.95,10.48,5
159,5,0.95,10.42,5
160,5,0.95,10.84,5
161,5,0.95,11.18,5
162,5,0.95,10.16,5
163,5,0.95,10.84,5
164,5,0.95,9.96,5
165,5,0.95,10.82,5
166,5,0.95,11.08,5
167,5,0.95,10.72,5
168,5,0.95,10.38,5
169,5,0.95,10.54,5
170,5,0.95,9.86,5
171,5,0.95,9.86,5
172,5,0.95,11.04,5
173,5,0.95,10.1,5
174,5,0.95,10.16,5
175,5,0.95,9.82,5
176,5,0.95,10.82,5
177,5,0.95,10.6,5
178,5,0.95,10.64,5
179,5,0.95,10.32,5
180,5,0.95,11.14,5
181,5,0.95,10.02,5
182,5,0.95,11.12,5
183,5,0.95,10.82,5
184,5,0.95,10.74,5
185,5,0.95,11.6,5
186,5,0.95,10.64,5
187,5,0.95,10.66,5
188,5,0.95,10.68,5
189,5,0.95,10.44,5
190,5,0.95,10.38,5
191,5,0.95,9.82,5
192,5,0.95,9.46,5
193,5,0.95,9.08,5
194,5,0.95,10.22,5
195,5,0.95,10.64,5
196,5,0.95,10.72,4
197,5,0.95,10.5,4
198,5,0.95,10.02,4
199,5,0.95,9.68,4
200,5,0.95,9.76,4
201,5,0.95,9.34,4
202,5,0.95,8.7,4
203,5,0.95,9.54,4
204,5,0.95,8.6,4
205,5,0.95,9.3,4
206,5,0.95,9.98,4
207,5,0.95,9.26,4
208,5,0.95,9.68,4
209,5,0.95,9.22,4
210,5,0.95,10.24,4
211,5,0.95,9.44,4
212,5,0.95,9.66,4
213,5,0.95,9.04,4
214,5,0.95,9.66,4
215,5,0.95,9.12,4
216,5,0.95,8.72,4
217,5,0.95,8.48,3
218,5,0.95,8.92,3
219,5,0.95,8.62,3
220,5,0.95,8.94,3
221,5,0.95,8.2,3
222,5,0.95,8.92,3
223,5,0.95,8.84,3
224,5,0.95,7.78,3
225,5,0.95,8.76,3
226,5,0.95,8.72,3
227,5,0.95,8.44,3
228,5,0.95,8.14,3
229,5,0.95,8.3,3
230,5,0.95,7.96,3
231,5,0.95,8.36,3
232,5,0.95,8.74,3
233,5,0.95,8.6,3
234,5,0.95,7.92,3
235,5,0.95,8.94,3
236,5,0.95,8.7,3
237,5,0.95,8.72,3
238,5,0.95,9.22,3
239,5,0.95,8.64,3
240,5,0.95,9.16,3
241,5,0.95,9.28,3
242,5,0.95,8.58,3
243,5,0.95,8.82,3
244,5,0.95,8.58,3
245,5,0.95,10.04,3
246,5,0.95,8.06,2
247,5,0.95,8.06,2
248,5,0.95,8.2,2
249,5,0.95,8.28,2
250,5,0.95,8.4,2
251,5,0.95,7.6,2
252,5,0.95,7.84,2
253,5,0.95,8.18,2
254,5,0.95,8.14,2
255,5,0.95,8.2,2
256,5,0.95,8.04,2
257,5,0.95,7.52,2
258,5,0.95,8.24,2
259,5,0.95,8.32,2
260,5,0.95,8.12,2
261,5,0.95,8.4,2
262,5,0.95,7.58,2
263,5,0.95,7.22,2
264,5,0.95,7.42,2
265,5,0.95,8.04,2
266,5,0.95,7.4,2
267,5,0.95,8.06,2
268,5,0.95,9.14,2
269,5,0.95,7.98,2
270,5,0.95,7.6,2
271,5,0.95,8.4,2
272,5,0.95,8.72,2
273,5,0.95,8.52,2
274,5,0.95,7.98,2
275,5,0.95,7.38,2
276,5,0.95,7.36,2
277,5,0.95,7.8,2
278,5,0.95,8.64,2
279,5,0.95,7.76,2
280,5,0.95,7.76,2
281,5,0.95,7.36,2
282,5,0.95,7.6,2
283,5,0.95,7.58,2
284,5,0.95,9.02,2
285,5,0.95,8.22,2
286,5,0.95,7.84,2
287,5,0.95,7.9,2
288,5,0.95,7.38,2
289,5,0.95,8.1,2
290,5,0.95,7.54,2
291,5,0.95,7.78,2
292,5,0.95,7.82,2
293,5,0.95,8.26,2
294,5,0.95,7.6,2
295,5,0.95,8.46,2
296,5,0.95,7.4,2
297,5,0.95,8.22,2
298,5,0.95,7.82,2
299,5,0.95,8.22,2
300,5,0.95,8.24,2
301,5,0.95,7.32,2
302,5,0.95,8.4,2
303,5,0.95,7.88,2
304,5,0.95,8.54,2
305,5,0.95,8.16,2
306,5,0.95,8.74,2
307,5,0.95,8.52,2
308,5,0.95,8.02,2
309,5,0.95,6.86,2
310,5,0.95,8.28,2
311,5,0.95,7.24,2
312,5,0.95,7.14,2
313,5,0.95,8.14,2
314,5,0.95,7.78,2
315,5,0.95,7.82,2
316,5,0.95,6.92,2
317,5,0.95,7.04,2
318,5,0.95,7.68,2
319,5,0.95,7.72,2
320,5,0.95,8.06,2
321,5,0.95,7.2,2
322,5,0.95,8.04,2
323,5,0.95,8.0,2
324,5,0.95,7.22,2
325,5,0.95,7.78,2
326,5,0.95,8.3,2
327,5,0.95,7.96,2
328,5,0.95,8.16,2
329,5,0.95,8.26,2
330,5,0.95,8.34,2
331,5,0.95,8.86,2
332,5,0.95,7.3,2
333,5,0.95,8.56,2
334,5,0.95,8.66,2
335,5,0.95,7.8,2
336,5,0.95,7.56,2
337,5,0.95,7.08,2
338,5,0.95,7.44,2
339,5,0.95,7.48,2
340,5,0.95,7.74,2
341,5,0.95,8.0,2
342,5,0.95,8.08,2
343,5,0.95,9.12,2
344,5,0.95,8.82,2
345,5,0.95,8.08,2
346,5,0.95,7.46,2
347,5,0.95,7.76,2
348,5,0.95,8.2,2
349,5,0.95,8.98,2
350,5,0.95,8.92,2
351,5,0.95,7.84,2
352,5,0.95,7.18,2
353,5,0.95,8.02,2
354,5,0.95,8.54,2
355,5,0.95,8.08,2
356,5,0.95,8.78,2
357,5,0.95,7.92,2
358,5,0.95,9.0,2
359,5,0.95,7.82,2
360,5,0.95,7.7,2
361,5,0.95,8.3,2
362,5,0.95,8.3,2
363,5,0.95,8.16,2
364,5,0.95,7.78,2
365,5,0.95,8.24,2
366,5,0.95,8.58,2
367,5,0.95,8.68,2
368,5,0.95,7.94,2
369,5,0.95,7.12,2
370,5,0.95,7.62,2
371,5,0.95,8.16,2
372,5,0.95,8.0,2
373,5,0.95,8.06,2
374,5,0.95,8.78,2
375,5,0.95,8.22,2
376,5,0.95,8.28,2
377,5,0.95,7.28,2
378,5,0.95,6.72,2
379,5,0.95,7.58,2
380,5,0.95,6.48,2
381,5,0.95,7.46,2
382,5,0.95,7.62,2
383,5,0.95,7.1,2
384,5,0.95,7.8,2
385,5,0.95,6.8,2
386,5,0.95,8.94,2
387,5,0.95,8.22,2
388,5,0.95,8.36,2
389,5,0.95,7.24,2
390,5,0.95,7.22,2
391,5,0.95,8.32,2
392,5,0.95,7.34,2
393,5,0.95,7.36,2
394,5,0.95,8.16,2
395,5,0.95,7.86,2
396,5,0.95,7.3,2
397,5,0.95,7.98,2
398,5,0.95,8.72,2
399,5,0.95,9.4,2
400,5,0.95,8.42,2
401,5,0.95,8.64,2
402,5,0.95,7.7,2
403,5,0.95,8.92,2
404,5,0.95,8.58,2
405,5,0.95,7.7,2
406,5,0.95,8.0,2
407,5,0.95,8.52,2
408,5,0.95,7.5,2
409,5,0.95,9.1,2
410,5,0.95,8.08,2
411,5,0.95,7.88,2
412,5,0.95,8.28,2
413,5,0.95,8.46,2
414,5,0.95,7.5,2
415,5,0.95,8.02,2
416,5,0.95,8.78,2
417,5,0.95,8.56,2
418,5,0.95,7.76,2
419,5,0.95,8.1,2
420,5,0.95,7.32,2
421,5,0.95,8.92,2
422,5,0.95,7.86,2
423,5,0.95,7.58,2
424,5,0.95,7.22,2
425,5,0.95,7.88,2
426,5,0.95,7.9,2
427,5,0.95,6.94,2
428,5,0.95,8.14,2
429,5,0.95,7.7,2
430,5,0.95,7.44,2
431,5,0.95,7.98,2
432,5,0.95,7.56,2
433,5,0.95,8.06,2
434,5,0.95,7.86,2
435,5,0.95,7.56,2
436,5,0.95,7.28,2
437,5,0.95,8.3,2
438,5,0.95,7.8,2
439,5,0.95,6.96,2
440,5,0.95,7.08,2
441,5,0.95,7.28,2
442,5,0.95,7.28,2
443,5,0.95,7.88,2
444,5,0.95,8.88,2
445,5,0.95,8.0,2
446,5,0.95,7.34,2
447,5,0.95,8.1,2
448,5,0.95,7.68,2
449,5,0.95,7.38,2
450,5,0.95,7.32,2
451,5,0.95,8.54,2
452,5,0.95,7.9,2
453,5,0.95,7.76,2
454,5,0.95,8.36,2
455,5,0.95,8.26,2
456,5,0.95,7.82,2
457,5,0.95,8.16,2
458,5,0.95,8.02,2
459,5,0.95,7.68,2
460,5,0.95,8.36,2
461,5,0.95,7.84,2
462,5,0.95,6.64,2
463,5,0.95,7.64,2
464,5,0.95,8.34,2
465,5,0.95,7.44,2
466,5,0.95,8.5,2
467,5,0.95,7.64,2
468,5,0.95,7.7,2
469,5,0.95,8.52,2
470,5,0.95,7.42,2
471,5,0.95,7.34,2
472,5,0.95,8.14,2
473,5,0.95,7.7,2
474,5,0.95,7.76,2
475,5,0.95,7.04,2
476,5,0.95,7.56,2
477,5,0.95,6.9,2
478,5,0.95,8.18,2
479,5,0.95,7.52,2
480,5,0.95,7.72,2
481,5,0.95,8.72,2
482,5,0.95,7.56,2
483,5,0.95,8.14,2
484,5,0.95,7.22,2
485,5,0.95,7.7,2
486,5,0.95,8.34,2
487,5,0.95,7.94,2
488,5,0.95,6.58,2
489,5,0.95,7.6,2
490,5,0.95,8.06,2
491,5,0.95,7.3,2
492,5,0.95,6.64,2
493,5,0.95,8.22,2
494,5,0.95,7.06,2
495,5,0.95,8.04,2
496,5,0.95,8.18,2
497,5,0.95,8.18,2
498,5,0.95,8.32,2
499,5,0.95,7.12,2
500,5,0.95,8.06,2
501,5,0.95,7.14,2
502,5,0.95,7.46,2
503,5,0.95,8.8,2
504,5,0.95,8.02,2
505,5,0.95,7.7,2
506,5,0.95,7.94,2
507,5,0.95,8.02,2
508,5,0.95,7.14,2
509,5,0.95,8.02,2
510,5,0.95,8.88,2
511,5,0.95,7.1,2
512,5,0.95,8.54,2
513,5,0.95,8.46,2
514,5,0.95,8.68,2
515,5,0.95,6.9,2
516,5,0.95,7.6,2
517,5,0.95,7.76,2
518,5,0.95,7.82,2
519,5,0.95,8.48,2
520,5,0.95,8.28,2
521,5,0.95,8.0,2
522,5,0.95,8.3,2
523,5,0.95,8.56,2
524,5,0.95,7.98,2
525,5,0.95,7.64,2
526,5,0.95,8.3,2
527,5,0.95,8.54,2
528,5,0.95,7.9,2
529,5,0.95,8.2,2
530,5,0.95,8.2,2
531,5,0.95,9.3,2
532,5,0.95,8.0,2
533,5,0.95,8.5,2
534,5,0.95,8.26,2
535,5,0.95,8.62,2
536,5,0.95,6.74,2
537,5,0.95,8.02,2
538,5,0.95,8.3,2
539,5,0.95,7.92,2
540,5,0.95,7.76,2
541,5,0.95,8.0,2
542,5,0.95,8.54,2
543,5,0.95,8.06,2
544,5,0.95,8.14,2
545,5,0.95,8.1,2
546,5,0.95,7.3,2
547,5,0.95,7.78,2
548,5,0.95,7.58,2
549,5,0.95,8.98,2
550,5,0.95,7.98,2
551,5,0.95,7.4,2
552,5,0.95,7.24,2
553,5,0.95,8.06,2
554,5,0.95,7.6,2
555,5,0.95,7.66,2
556,5,0.95,8.06,2
557,5,0.95,7.66,2
558,5,0.95,8.08,2
559,5,0.95,7.24,2
560,5,0.95,7.26,2
561,5,0.95,7.1,2
562,5,0.95,7.06,2
563,5,0.95,7.48,2
564,5,0.95,7.68,2
565,5,0.95,7.52,2
566,5,0.95,7.48,2
567,5,0.95,7.98,2
568,5,0.95,7.72,2
569,5,0.95,8.64,2
570,5,0.95,8.08,2
571,5,0.95,8.52,2
572,5,0.95,7.94,2
573,5,0.95,7.36,2
574,5,0.95,7.12,2
575,5,0.95,7.9,2
576,5,0.95,7.24,2
577,5,0.95,7.76,2
578,5,0.95,7.2,2
579,5,0.95,7.76,2
580,5,0.95,8.22,2
581,5,0.95,8.02,2
582,5,0.95,7.46,2
583,5,0.95,8.28,2
584,5,0.95,7.6,2
585,5,0.95,6.58,2
586,5,0.95,8.3,2
587,5,0.95,8.4,2
588,5,0.95,8.9,2
589,5,0.95,8.6,2
590,5,0.95,7.7,2
591,5,0.95,7.58,2
592,5,0.95,7.76,2
593,5,0.95,8.88,2
594,5,0.95,7.72,2
595,5,0.95,8.1,2
596,5,0.95,7.46,2
597,5,0.95,7.84,2
598,5,0.95,8.36,2
599,5,0.95,7.66,2
600,5,0.95,8.32,2
601,5,0.95,7.58,2
602,5,0.95,7.64,2
603,5,0.95,7.44,2
604,5,0.95,7.76,2
605,5,0.95,6.8,2
606,5,0.95,7.56,2
607,5,0.95,8.32,2
608,5,0.95,8.3,2
609,5,0.95,7.1,2
610,5,0.95,8.2,2
611,5,0.95,8.04,2
612,5,0.95,7.26,2
613,5,0.95,7.72,2
614,5,0.95,7.48,2
615,5,0.95,7.98,2
616,5,0.95,8.32,2
617,5,0.95,8.74,2
618,5,0.95,8.98,2
619,5,0.95,7.22,2
620,5,0.95,8.9,2
621,5,0.95,7.14,2
622,5,0.95,8.8,2
623,5,0.95,9.06,2
624,5,0.95,8.26,2
625,5,0.95,7.74,2
626,5,0.95,7.1,2
627,5,0.95,8.1,2
628,5,0.95,8.18,2
629,5,0.95,7.38,2
630,5,0.95,8.38,2
631,5,0.95,8.32,2
632,5,0.95,7.86,2
633,5,0.95,7.98,2
634,5,0.95,7.84,2
635,5,0.95,8.38,2
636,5,0.95,7.76,2
637,5,0.95,8.64,2
638,5,0.95,7.4,2
639,5,0.95,8.18,2
640,5,0.95,7.44,2
641,5,0.95,7.86,2
642,5,0.95,7.64,2
643,5,0.95,7.18,2
644,5,0.95,7.3,2
645,5,0.95,7.46,2
646,5,0.95,7.64,2
647,5,0.95,8.42,2
648,5,0.95,7.86,2
649,5,0.95,7.56,2
650,5,0.95,7.12,2
651,5,0.95,8.08,2
652,5,0.95,7.78,2
653,5,0.95,7.36,2
654,5,0.95,7.48,2
655,5,0.95,7.38,2
656,5,0.95,8.36,2
657,5,0.95,8.42,2
658,5,0.95,7.96,2
659,5,0.95,8.08,2
660,5,0.95,7.6,2
661,5,0.95,7.58,2
662,5,0.95,7.2,2
663,5,0.95,7.6,2
664,5,0.95,7.56,2
665,5,0.95,7.44,2
666,5,0.95,7.52,2
667,5,0.95,7.56,2
668,5,0.95,7.78,2
669,5,0.95,7.4,2
670,5,0.95,8.14,2
671,5,0.95,7.44,2
672,5,0.95,7.18,2
673,5,0.95,8.1,2
674,5,0.95,7.68,2
675,5,0.95,7.6,2
676,5,0.95,7.82,2
677,5,0.95,8.16,2
678,5,0.95,8.68,2
679,5,0.95,8.26,2
680,5,0.95,7.98,2
681,5,0.95,7.1,2
682,5,0.95,7.18,2
683,5,0.95,7.48,2
684,5,0.95,7.08,2
685,5,0.95,7.88,2
686,5,0.95,7.76,2
687,5,0.95,7.92,2
688,5,0.95,7.56,2
689,5,0.95,6.94,2
690,5,0.95,7.44,2
691,5,0.95,7.66,2
692,5,0.95,8.46,2
693,5,0.95,7.8,2
694,5,0.95,7.58,2
695,5,0.95,7.4,2
696,5,0.95,8.0,2
697,5,0.95,7.22,2
698,5,0.95,7.26,2
699,5,0.95,7.86,2
700,5,0.95,8.98,2
701,5,0.95,7.42,2
702,5,0.95,6.62,2
703,5,0.95,7.46,2
704,5,0.95,7.22,2
705,5,0.95,6.94,2
706,5,0.95,8.12,2
707,5,0.95,8.44,2
708,5,0.95,7.78,2
709,5,0.95,8.36,2
710,5,0.95,7.98,2
711,5,0.95,8.38,2
712,5,0.95,8.6,2
713,5,0.95,8.18,2
714,5,0.95,7.58,2
715,5,0.95,7.0,2
716,5,0.95,7.9,2
717,5,0.95,7.38,2
718,5,0.95,7.66,2
719,5,0.95,7.4,2
720,5,0.95,7.34,2
721,5,0.95,7.62,2
722,5,0.95,7.38,2
723,5,0.95,8.04,2
724,5,0.95,8.2,2
725,5,0.95,9.1,2
726,5,0.95,8.18,2
727,5,0.95,7.78,2
728,5,0.95,8.26,2
729,5,0.95,8.5,2
730,5,0.95,8.1,2
731,5,0.95,8.58,2
732,5,0.95,9.02,2
733,5,0.95,7.84,2
734,5,0.95,7.72,2
735,5,0.95,7.4,2
736,5,0.95,8.42,2
737,5,0.95,8.16,2
738,5,0.95,8.02,2
739,5,0.95,8.52,2
740,5,0.95,7.66,2
741,5,0.95,8.4,2
742,5,0.95,8.64,2
743,5,0.95,8.72,2
744,5,0.95,8.4,2
745,5,0.95,6.82,2
746,5,0.95,8.1,2
747,5,0.95,8.18,2
748,5,0.95,8.0,2
749,5,0.95,7.48,2
750,5,0.95,7.02,2
751,5,0.95,7.6,2
752,5,0.95,8.34,2
753,5,0.95,9.02,2
754,5,0.95,8.12,2
755,5,0.95,8.48,2
756,5,0.95,8.9,2
757,5,0.95,8.26,2
758,5,0.95,7.62,2
759,5,0.95,7.82,2
760,5,0.95,7.86,2
761,5,0.95,7.9,2
762,5,0.95,7.08,2
763,5,0.95,7.68,2
764,5,0.95,8.3,2
765,5,0.95,7.48,2
766,5,0.95,7.96,2
767,5,0.95,7.56,2
768,5,0.95,8.08,2
769,5,0.95,8.58,2
770,5,0.95,8.26,2
771,5,0.95,8.66,2
772,5,0.95,8.1,2
773,5,0.95,7.3,2
774,5,0.95,7.78,2
775,5,0.95,7.24,2
776,5,0.95,8.46,2
777,5,0.95,8.26,2
778,5,0.95,8.68,2
779,5,0.95,7.88,2
780,5,0.95,7.76,2
781,5,0.95,7.34,2
782,5,0.95,7.22,2
783,5,0.95,7.4,2
784,5,0.95,7.54,2
785,5,0.95,7.36,2
786,5,0.95,7.56,2
787,5,0.95,7.5,2
788,5,0.95,7.66,2
789,5,0.95,7.06,2
790,5,0.95,7.3,2
791,5,0.95,8.36,2
792,5,0.95,8.0,2
793,5,0.95,7.36,2
794,5,0.95,7.62,2
795,5,0.95,6.96,2
796,5,0.95,8.66,2
797,5,0.95,7.26,2
798,5,0.95,7.68,2
799,5,0.95,9.68,2
800,5,0.95,7.32,2
801,5,0.95,7.32,2
802,5,0.95,7.5,2
803,5,0.95,8.5,2
804,5,0.95,6.8,2
805,5,0.95,8.1,2
806,5,0.95,7.34,2
807,5,0.95,7.3,2
808,5,0.95,8.12,2
809,5,0.95,6.9,2
810,5,0.95,7.92,2
811,5,0.95,8.32,2
812,5,0.95,7.5,2
813,5,0.95,7.48,2
814,5,0.95,7.32,2
815,5,0.95,7.22,2
816,5,0.95,8.0,2
817,5,0.95,7.3,2
818,5,0.95,8.18,2
819,5,0.95,8.48,2
820,5,0.95,7.92,2
821,5,0.95,8.38,2
822,5,0.95,8.24,2
823,5,0.95,8.12,2
824,5,0.95,8.4,2
825,5,0.95,8.72,2
826,5,0.95,8.68,2
827,5,0.95,7.46,2
828,5,0.95,7.86,2
829,5,0.95,7.9,2
830,5,0.95,7.76,2
831,5,0.95,8.2,2
832,5,0.95,8.84,2
833,5,0.95,7.94,2
834,5,0.95,8.22,2
835,5,0.95,8.2,2
836,5,0.95,7.34,2
837,5,0.95,8.24,2
838,5,0.95,8.52,2
839,5,0.95,7.94,2
840,5,0.95,7.94,2
841,5,0.95,7.6,2
842,5,0.95,6.84,2
843,5,0.95,7.88,2
844,5,0.95,9.18,2
845,5,0.95,8.08,2
846,5,0.95,8.18,2
847,5,0.95,7.62,2
848,5,0.95,7.96,2
849,5,0.95,8.76,2
850,5,0.95,8.44,2
851,5,0.95,8.44,2
852,5,0.95,7.82,2
853,5,0.95,7.68,2
854,5,0.95,7.34,2
855,5,0.95,7.88,2
856,5,0.95,6.88,2
857,5,0.95,6.98,1
858,5,0.95,6.76,1
859,5,0.95,6.46,1
860,5,0.95,6.24,1
861,5,0.95,7.2,1
862,5,0.95,7.78,1
863,5,0.95,7.64,1
864,5,0.95,7.5,1
865,5,0.95,7.66,1
866,5,0.95,6.66,1
867,5,0.95,7.44,1
868,5,0.95,6.34,1
869,5,0.95,6.6,1
870,5,0.95,6.48,1
871,5,0.95,6.58,1
872,5,0.95,7.0,1
873,5,0.95,6.94,1
874,5,0.95,8.18,1
875,5,0.95,6.0,1
876,5,0.95,7.64,1
877,5,0.95,7.26,1
878,5,0.95,8.06,1
879,5,0.95,7.1,1
880,5,0.95,7.8,1
881,5,0.95,7.06,1
882,5,0.95,6.98,1
883,5,0.95,7.06,1
884,5,0.95,6.32,1
885,5,0.95,6.26,1
886,5,0.95,7.1,1
887,5,0.95,7.14,1
888,5,0.95,6.62,1
889,5,0.95,7.0,1
890,5,0.95,7.34,1
891,5,0.95,7.38,1
892,5,0.95,6.92,1
893,5,0.95,7.0,1
894,5,0.95,6.44,1
895,5,0.95,7.04,1
896,5,0.95,7.08,1
897,5,0.95,7.96,1
898,5,0.95,6.76,1
899,5,0.95,8.14,1
900,5,0.95,7.92,1
901,5,0.95,6.98,1
902,5,0.95,7.72,1
903,5,0.95,8.16,1
904,5,0.95,7.62,1
905,5,0.95,6.08,1
906,5,0.95,7.02,1
907,5,0.95,7.7,1
908,5,0.95,7.52,1
909,5,0.95,6.86,1
910,5,0.95,7.08,1
911,5,0.95,6.46,1
912,5,0.95,6.38,1
913,5,0.95,7.4,1
914,5,0.95,7.6,1
915,5,0.95,7.2,1
916,5,0.95,6.74,1
917,5,0.95,7.64,1
918,5,0.95,7.48,1
919,5,0.95,5.9,1
920,5,0.95,6.42,1
921,5,0.95,7.16,1
922,5,0.95,7.54,1
923,5,0.95,7.5,1
924,5,0.95,5.9,1
925,5,0.95,6.16,1
926,5,0.95,7.44,1
927,5,0.95,7.08,1
928,5,0.95,7.66,1
929,5,0.95,8.0,1
930,5,0.95,6.44,1
931,5,0.95,6.52,1
932,5,0.95,5.64,1
933,5,0.95,6.34,1
934,5,0.95,7.26,1
935,5,0.95,8.28,1
936,5,0.95,7.4,1
937,5,0.95,8.6,1
938,5,0.95,6.64,1
939,5,0.95,7.08,1
940,5,0.95,7.72,1
941,5,0.95,6.8,1
942,5,0.95,6.92,1
943,5,0.95,6.64,1
944,5,0.95,6.8,1
945,5,0.95,6.5,1
946,5,0.95,7.68,1
947,5,0.95,7.5,1
948,5,0.95,7.44,1
949,5,0.95,6.64,1
950,5,0.95,7.02,1
951,5,0.95,6.56,1
952,5,0.95,6.72,1
953,5,0.95,7.06,1
954,5,0.95,8.34,1
955,5,0.95,7.2,1
956,5,0.95,7.32,1
957,5,0.95,6.6,1
958,5,0.95,7.06,1
959,5,0.95,7.86,1
960,5,0.95,6.22,1
961,5,0.95,7.0,1
962,5,0.95,7.38,1
963,5,0.95,6.28,1
964,5,0.95,6.46,1
965,5,0.95,7.9,1
966,5,0.95,7.7,1
967,5,0.95,7.64,1
968,5,0.95,7.28,1
969,5,0.95,7.4,1
970,5,0.95,7.1,1
971,5,0.95,7.58,1
972,5,0.95,7.28,1
973,5,0.95,8.28,1
974,5,0.95,6.7,1
975,5,0.95,7.72,1
976,5,0.95,7.44,1
977,5,0.95,7.36,1
978,5,0.95,7.56,1
979,5,0.95,5.98,1
980,5,0.95,6.3,1
981,5,0.95,7.6,1
982,5,0.95,7.68,1
983,5,0.95,6.36,1
984,5,0.95,7.46,1
985,5,0.95,7.2,1
986,5,0.95,6.1,1
987,5,0.95,7.16,1
988,5,0.95,6.9,1
989,5,0.95,6.14,1
990,5,0.95,7.04,1
991,5,0.95,6.14,1
992,5,0.95,8.5,1
993,5,0.95,7.26,1
994,5,0.95,7.0,1
995,5,0.95,6.72,1
996,5,0.95,7.08,1
997,5,0.95,6.74,1
998,5,0.95,7.44,1
999,5,0.95,7.88,1
1000,5,0.95,7.08,1
1001,5,0.95,5.96,1
1002,5,0.95,7.3,1
1003,5,0.95,8.26,1
1004,5,0.95,7.02,1
1005,5,0.95,7.2,1
1006,5,0.95,6.8,1
1007,5,0.95,6.8,1
1008,5,0.95,6.4,1
1009,5,0.95,7.42,1
1010,5,0.95,7.14,1
1011,5,0.95,8.02,1
1012,5,0.95,7.16,1
1013,5,0.95,6.96,1
1014,5,0.95,7.62,1
1015,5,0.95,6.68,1
1016,5,0.95,6.68,1
1017,5,0.95,6.18,1
1018,5,0.95,6.26,1
1019,5,0.95,7.94,1
1020,5,0.95,7.0,1
1021,5,0.95,8.12,1
1022,5,0.95,8.82,1
1023,5,0.95,7.28,1
1024,5,0.95,7.64,1
1025,5,0.95,6.54,1
1026,5,0.95,7.26,1
1027,5,0.95,7.34,1
1028,5,0.95,7.32,1
1029,5,0.95,7.28,1
1030,5,0.95,7.78,1
1031,5,0.95,7.12,1
1032,5,0.95,6.74,1
1033,5,0.95,7.3,1
1034,5,0.95,7.1,1
1035,5,0.95,6.12,1
1036,5,0.95,6.56,1
1037,5,0.95,6.82,1
1038,5,0.95,7.0,1
1039,5,0.95,7.78,1
1040,5,0.95,6.96,1
1041,5,0.95,7.52,1
1042,5,0.95,8.3,1
1043,5,0.95,6.96,1
1044,5,0.95,8.2,1
1045,5,0.95,7.8,1
1046,5,0.95,6.7,1
1047,5,0.95,6.92,1
1048,5,0.95,6.92,1
1049,5,0.95,7.44,1
1050,5,0.95,7.82,1
1051,5,0.95,6.8,1
1052,5,0.95,6.68,1
1053,5,0.95,6.36,1
1054,5,0.95,6.18,1
1055,5,0.95,7.5,1
1056,5,0.95,7.0,1
1057,5,0.95,7.08,1
1058,5,0.95,7.32,1
1059,5,0.95,7.46,1
1060,5,0.95,5.72,1
1061,5,0.95,6.96,1
1062,5,0.95,7.14,1
1063,5,0.95,7.9,1
1064,5,0.95,6.96,1
1065,5,0.95,6.54,1
1066,5,0.95,6.0,1
1067,5,0.95,6.8,1
1068,5,0.95,6.76,1
1069,5,0.95,6.28,1
1070,5,0.95,7.22,1
1071,5,0.95,5.96,1
1072,5,0.95,6.98,1
1073,5,0.95,7.84,1
1074,5,0.95,8.06,1
1075,5,0.95,7.76,1
1076,5,0.95,6.52,1
1077,5,0.95,5.84,1
1078,5,0.95,7.24,1
1079,5,0.95,7.16,1
1080,5,0.95,7.06,1
1081,5,0.95,5.98,1
1082,5,0.95,7.52,1
1083,5,0.95,6.84,1
1084,5,0.95,7.5,1
1085,5,0.95,6.86,1
1086,5,0.95,7.82,1
1087,5,0.95,7.24,1
1088,5,0.95,6.86,1
1089,5,0.95,6.48,1
1090,5,0.95,7.7,1
1091,5,0.95,7.4,1
1092,5,0.95,6.36,1
1093,5,0.95,6.62,1
1094,5,0.95,6.68,1
1095,5,0.95,7.54,1
1096,5,0.95,6.98,1
1097,5,0.95,7.38,1
1098,5,0.95,7.12,1
1099,5,0.95,7.34,1
1100,5,0.95,7.08,1
1101,5,0.95,7.38,1
1102,5,0.95,7.08,1
1103,5,0.95,6.58,1
1104,5,0.95,6.76,1
1105,5,0.95,6.04,1
1106,5,0.95,6.56,1
1107,5,0.95,6.56,1
1108,5,0.95,7.28,1
1109,5,0.95,6.64,1
1110,5,0.95,6.78,1
1111,5,0.95,6.94,1
1112,5,0.95,6.62,1
1113,5,0.95,5.98,1
1114,5,0.95,6.8,1
1115,5,0.95,7.84,1
1116,5,0.95,6.16,1
1117,5,0.95,6.72,1
1118,5,0.95,7.32,1
1119,5,0.95,6.42,1
1120,5,0.95,6.58,1
1121,5,0.95,7.54,1
1122,5,0.95,7.16,1
1123,5,0.95,8.22,1
1124,5,0.95,7.52,1
1125,5,0.95,6.96,1
1126,5,0.95,5.84,1
1127,5,0.95,6.44,1
1128,5,0.95,7.2,1
1129,5,0.95,6.64,1
1130,5,0.95,7.54,1
1131,5,0.95,7.42,1
1132,5,0.95,8.74,1
1133,5,0.95,7.72,1
1134,5,0.95,7.64,1
1135,5,0.95,6.54,1
1136,5,0.95,7.56,1
1137,5,0.95,6.76,1
1138,5,0.95,7.0,1
1139,5,0.95,6.9,1
1140,5,0.95,6.84,1
1141,5,0.95,6.12,1
1142,5,0.95,6.42,1
1143,5,0.95,5.78,1
1144,5,0.95,6.9,1
1145,5,0.95,7.54,1
1146,5,0.95,7.26,1
1147,5,0.95,7.16,1
1148,5,0.95,6.94,1
1149,5,0.95,6.08,1
1150,5,0.95,6.88,1
1151,5,0.95,6.58,1
1152,5,0.95,6.8,1
1153,5,0.95,6.9,1
1154,5,0.95,7.0,1
1155,5,0.95,6.84,1
1156,5,0.95,8.08,1
1157,5,0.95,6.78,1
1158,5,0.95,6.44,1
1159,5,0.95,6.16,1
1160,5,0.95,7.34,1
1161,5,0.95,8.34,1
1162,5,0.95,6.36,1
1163,5,0.95,6.88,1
1164,5,0.95,7.06,1
1165,5,0.95,7.26,1
1166,5,0.95,7.22,1
1167,5,0.95,7.82,1
1168,5,0.95,6.3,1
1169,5,0.95,6.84,1
1170,5,0.95,7.44,1
1171,5,0.95,7.06,1
1172,5,0.95,6.76,1
1173,5,0.95,6.4,1
1174,5,0.95,6.34,1
1175,5,0.95,7.14,1
1176,5,0.95,7.62,1
1177,5,0.95,8.1,1
1178,5,0.95,7.5,1
1179,5,0.95,7.52,1
1180,5,0.95,7.68,1
1181,5,0.95,7.72,1
1182,5,0.95,6.84,1
1183,5,0.95,6.52,1
1184,5,0.95,7.22,1
1185,5,0.95,6.98,1
1186,5,0.95,6.08,1
1187,5,0.95,7.6,1
1188,5,0.95,7.12,1
1189,5,0.95,6.94,1
1190,5,0.95,6.68,1
1191,5,0.95,6.92,1
1192,5,0.95,6.18,1
1193,5,0.95,7.26,1
1194,5,0.95,6.68,1
1195,5,0.95,7.18,1
1196,5,0.95,6.94,1
1197,5,0.95,6.9,1
1198,5,0.95,7.28,1
1199,5,0.95,6.6,1
1200,5,0.95,6.54,1
1201,5,0.95,6.6,1
1202,5,0.95,6.64,0
