generation,run,parameter,mean_fitness,best_fitness
0,1,500,57.84,28
1,1,500,40.82,28
2,1,500,31.2,26
3,1,500,29.66,22
4,1,500,27.16,22
5,1,500,25.64,21
6,1,500,25.56,20
7,1,500,24.64,19
8,1,500,24.1,19
9,1,500,23.0,19
10,1,500,22.66,18
11,1,500,21.88,18
12,1,500,21.38,16
13,1,500,21.06,16
14,1,500,20.8,16
15,1,500,20.86,16
16,1,500,20.44,16
17,1,500,19.84,16
18,1,500,19.1,16
19,1,500,19.98,16
20,1,500,19.96,15
21,1,500,20.02,15
22,1,500,20.14,15
23,1,500,18.6,14
24,1,500,18.82,14
25,1,500,17.46,14
26,1,500,18.26,13
27,1,500,18.06,11
28,1,500,15.86,11
29,1,500,15.88,11
30,1,500,15.66,11
31,1,500,15.24,11
32,1,500,15.0,10
33,1,500,15.98,10
34,1,500,14.8,10
35,1,500,15.3,10
36,1,500,14.88,10
37,1,500,14.96,10
38,1,500,14.9,10
39,1,500,14.66,10
40,1,500,14.64,10
41,1,500,14.98,10
42,1,500,14.62,10
43,1,500,14.38,10
44,1,500,15.3,10
45,1,500,14.52,10
46,1,500,14.62,9
47,1,500,13.86,9
48,1,500,13.92,9
49,1,500,13.86,9
50,1,500,14.74,9
51,1,500,15.4,9
52,1,500,14.72,9
53,1,500,14.54,9
54,1,500,15.0,9
55,1,500,14.62,9
56,1,500,13.16,9
57,1,500,13.94,9
58,1,500,14.24,9
59,1,500,14.1,9
60,1,500,14.38,9
61,1,500,13.62,9
62,1,500,13.28,9
63,1,500,13.58,9
64,1,500,13.4,9
65,1,500,14.3,9
66,1,500,14.38,8
67,1,500,13.7,8
68,1,500,14.16,8
69,1,500,13.4,8
70,1,500,13.7,8
71,1,500,13.52,8
72,1,500,13.66,8
73,1,500,13.5,8
74,1,500,13.24,8
75,1,500,12.52,8
76,1,500,12.52,8
77,1,500,13.12,8
78,1,500,13.7,8
79,1,500,12.62,8
80,1,500,12.62,8
81,1,500,12.18,8
82,1,500,12.94,8
83,1,500,12.66,8
84,1,500,13.0,8
85,1,500,13.96,8
86,1,500,12.52,8
87,1,500,13.42,8
88,1,500,13.46,8
89,1,500,12.4,8
90,1,500,12.66,8
91,1,500,12.5,8
92,1,500,13.36,8
93,1,500,12.56,8
94,1,500,12.58,8
95,1,500,13.14,8
96,1,500,12.94,8
97,1,500,14.16,8
98,1,500,13.14,8
99,1,500,12.98,8
100,1,500,12.92,8
101,1,500,12.8,8
102,1,500,12.54,7
103,1,500,12.58,7
104,1,500,12.04,7
105,1,500,11.72,7
106,1,500,11.92,7
107,1,500,11.9,6
108,1,500,12.34,6
109,1,500,11.06,6
110,1,500,11.24,6
111,1,500,10.22,6
112,1,500,11.1,6
113,1,500,10.64,6
114,1,500,10.58,6
115,1,500,10.96,6
116,1,500,11.6,6
117,1,500,10.66,6
118,1,500,11.22,6
119,1,500,10.88,6
120,1,500,11.18,6
121,1,500,10.78,6
122,1,500,11.44,6
123,1,500,11.3,6
124,1,500,11.52,6
125,1,500,11.22,6
126,1,500,10.72,6
127,1,500,11.54,6
128,1,500,11.14,6
129,1,500,11.38,6
130,1,500,10.7,6
131,1,500,11.52,6
132,1,500,11.32,6
133,1,500,11.42,6
134,1,500,12.36,6
135,1,500,12.26,6
136,1,500,11.02,6
137,1,500,11.38,6
138,1,500,12.4,6
139,1,500,12.4,6
140,1,500,11.7,6
141,1,500,11.98,6
142,1,500,11.18,6
143,1,500,11.14,6
144,1,500,10.66,6
145,1,500,11.48,6
146,1,500,11.88,6
147,1,500,11.84,6
148,1,500,10.6,6
149,1,500,10.72,6
150,1,500,12.18,6
151,1,500,11.76,6
152,1,500,11.1,6
153,1,500,11.0,6
154,1,500,11.18,6
155,1,500,11.42,5
156,1,500,10.86,5
157,1,500,9.64,5
158,1,500,10.74,5
159,1,500,10.84,5
160,1,500,10.26,5
161,1,500,10.1,5
162,1,500,11.04,5
163,1,500,11.64,5
164,1,500,10.72,5
165,1,500,9.54,5
166,1,500,10.64,5
167,1,500,10.84,5
168,1,500,11.24,5
169,1,500,11.5,5
170,1,500,10.34,5
171,1,500,11.38,5
172,1,500,10.76,5
173,1,500,9.9,5
174,1,500,10.44,5
175,1,500,10.86,5
176,1,500,9.88,5
177,1,500,10.2,5
178,1,500,10.94,5
179,1,500,9.76,5
180,1,500,11.3,5
181,1,500,10.24,5
182,1,500,10.38,5
183,1,500,9.7,5
184,1,500,10.84,5
185,1,500,8.98,5
186,1,500,10.34,5
187,1,500,10.28,5
188,1,500,10.32,5
189,1,500,10.2,5
190,1,500,11.08,5
191,1,500,10.52,5
192,1,500,10.58,5
193,1,500,9.5,5
194,1,500,11.3,5
195,1,500,10.28,5
196,1,500,9.82,5
197,1,500,9.96,5
198,1,500,10.36,5
199,1,500,10.56,5
200,1,500,10.66,5
201,1,500,10.2,5
202,1,500,9.78,5
203,1,500,11.14,5
204,1,500,10.34,5
205,1,500,10.14,5
206,1,500,10.04,5
207,1,500,9.56,5
208,1,500,10.56,5
209,1,500,10.58,5
210,1,500,10.46,5
211,1,500,10.42,4
212,1,500,10.38,4
213,1,500,9.66,4
214,1,500,10.38,4
215,1,500,9.92,4
216,1,500,9.28,4
217,1,500,8.94,4
218,1,500,9.26,4
219,1,500,9.42,4
220,1,500,9.16,4
221,1,500,9.78,4
222,1,500,9.6,4
223,1,500,10.02,4
224,1,500,9.8,4
225,1,500,9.68,4
226,1,500,9.22,4
227,1,500,9.46,4
228,1,500,10.06,4
229,1,500,9.64,4
230,1,500,9.86,4
231,1,500,9.98,4
232,1,500,9.58,4
233,1,500,9.9,4
234,1,500,10.54,4
235,1,500,9.7,4
236,1,500,9.32,4
237,1,500,10.46,4
238,1,500,9.64,4
239,1,500,9.66,4
240,1,500,9.78,4
241,1,500,9.84,4
242,1,500,9.68,4
243,1,500,9.96,4
244,1,500,9.94,4
245,1,500,10.16,4
246,1,500,9.68,4
247,1,500,9.92,4
248,1,500,9.72,4
249,1,500,9.58,3
250,1,500,8.7,3
251,1,500,9.12,3
252,1,500,8.54,3
253,1,500,9.16,3
254,1,500,8.56,3
255,1,500,8.92,3
256,1,500,9.32,3
257,1,500,9.14,3
258,1,500,8.22,3
259,1,500,8.82,3
260,1,500,9.74,3
261,1,500,8.22,3
262,1,500,8.64,3
263,1,500,8.46,3
264,1,500,9.24,3
265,1,500,8.9,3
266,1,500,8.7,3
267,1,500,8.74,3
268,1,500,8.24,3
269,1,500,9.12,3
270,1,500,9.32,3
271,1,500,8.92,3
272,1,500,8.54,3
273,1,500,8.96,3
274,1,500,8.82,3
275,1,500,8.06,3
276,1,500,9.3,3
277,1,500,9.4,3
278,1,500,7.56,3
279,1,500,8.24,3
280,1,500,9.28,3
281,1,500,9.74,3
282,1,500,8.34,3
283,1,500,7.96,3
284,1,500,9.1,3
285,1,500,8.94,3
286,1,500,8.5,3
287,1,500,9.04,3
288,1,500,8.86,3
289,1,500,9.6,3
290,1,500,9.38,3
291,1,500,8.88,3
292,1,500,8.54,3
293,1,500,8.72,3
294,1,500,9.52,3
295,1,500,9.66,3
296,1,500,9.6,3
297,1,500,8.78,3
298,1,500,8.78,3
299,1,500,8.0,3
300,1,500,9.12,3
301,1,500,9.04,3
302,1,500,8.76,3
303,1,500,8.08,3
304,1,500,9.12,3
305,1,500,8.04,3
306,1,500,8.72,3
307,1,500,9.16,3
308,1,500,8.74,3
309,1,500,8.94,3
310,1,500,8.42,3
311,1,500,8.24,3
312,1,500,8.84,3
313,1,500,9.54,3
314,1,500,8.68,3
315,1,500,9.7,3
316,1,500,9.54,3
317,1,500,10.56,3
318,1,500,9.5,2
319,1,500,7.72,2
320,1,500,8.18,2
321,1,500,8.32,2
322,1,500,8.26,2
323,1,500,7.04,2
324,1,500,7.72,2
325,1,500,8.32,2
326,1,500,7.3,2
327,1,500,7.24,2
328,1,500,7.84,2
329,1,500,7.62,2
330,1,500,7.78,2
331,1,500,8.3,2
332,1,500,8.0,2
333,1,500,8.38,2
334,1,500,8.52,2
335,1,500,8.42,2
336,1,500,8.26,2
337,1,500,8.2,2
338,1,500,8.16,2
339,1,500,8.28,2
340,1,500,8.06,2
341,1,500,7.36,2
342,1,500,7.62,2
343,1,500,7.74,2
344,1,500,8.64,2
345,1,500,8.7,2
346,1,500,7.76,2
347,1,500,7.68,2
348,1,500,7.56,2
349,1,500,8.1,2
350,1,500,9.0,2
351,1,500,7.98,2
352,1,500,7.68,2
353,1,500,8.34,2
354,1,500,6.94,2
355,1,500,6.94,2
356,1,500,7.88,2
357,1,500,8.36,2
358,1,500,8.0,2
359,1,500,7.2,2
360,1,500,6.92,2
361,1,500,8.5,2
362,1,500,8.26,2
363,1,500,8.28,2
364,1,500,8.96,2
365,1,500,8.0,2
366,1,500,6.92,2
367,1,500,7.88,2
368,1,500,8.0,2
369,1,500,8.02,2
370,1,500,8.42,2
371,1,500,8.08,2
372,1,500,7.32,2
373,1,500,7.68,2
374,1,500,8.96,2
375,1,500,8.28,2
376,1,500,8.2,2
377,1,500,6.98,2
378,1,500,7.54,2
379,1,500,7.66,2
380,1,500,7.32,2
381,1,500,8.32,2
382,1,500,7.92,2
383,1,500,8.04,2
384,1,500,7.26,2
385,1,500,8.0,2
386,1,500,6.88,2
387,1,500,7.74,2
388,1,500,8.12,2
389,1,500,7.96,2
390,1,500,7.32,2
391,1,500,8.64,2
392,1,500,7.78,2
393,1,500,8.12,2
394,1,500,8.54,2
395,1,500,9.28,2
396,1,500,7.92,2
397,1,500,7.48,2
398,1,500,7.94,2
399,1,500,7.38,2
400,1,500,7.28,2
401,1,500,7.26,2
402,1,500,8.56,2
403,1,500,7.62,2
404,1,500,7.82,2
405,1,500,7.9,2
406,1,500,7.36,2
407,1,500,7.9,2
408,1,500,7.82,2
409,1,500,7.58,2
410,1,500,8.0,2
411,1,500,8.42,2
412,1,500,6.9,2
413,1,500,8.9,2
414,1,500,7.68,2
415,1,500,8.12,2
416,1,500,7.86,2
417,1,500,7.82,2
418,1,500,9.02,2
419,1,500,8.52,2
420,1,500,8.08,2
421,1,500,8.06,2
422,1,500,7.72,2
423,1,500,7.88,2
424,1,500,7.52,2
425,1,500,7.0,2
426,1,500,7.34,2
427,1,500,8.34,2
428,1,500,7.04,2
429,1,500,7.4,2
430,1,500,8.18,2
431,1,500,8.22,2
432,1,500,8.06,2
433,1,500,8.18,2
434,1,500,7.62,2
435,1,500,8.26,2
436,1,500,8.06,2
437,1,500,7.72,2
438,1,500,8.14,2
439,1,500,7.56,2
440,1,500,6.78,2
441,1,500,7.98,2
442,1,500,7.66,2
443,1,500,7.04,2
444,1,500,7.34,2
445,1,500,7.8,2
446,1,500,7.38,2
447,1,500,7.46,2
448,1,500,9.26,2
449,1,500,8.2,2
450,1,500,7.46,2
451,1,500,7.04,2
452,1,500,7.72,2
453,1,500,7.66,2
454,1,500,7.3,2
455,1,500,7.14,2
456,1,500,8.2,2
457,1,500,7.42,2
458,1,500,7.74,2
459,1,500,7.34,2
460,1,500,7.78,2
461,1,500,6.7,2
462,1,500,8.14,2
463,1,500,8.36,2
464,1,500,8.42,2
465,1,500,7.78,2
466,1,500,9.24,2
467,1,500,9.62,2
468,1,500,7.88,2
469,1,500,7.56,2
470,1,500,8.26,2
471,1,500,7.14,2
472,1,500,7.68,2
473,1,500,8.14,2
474,1,500,7.76,2
475,1,500,7.2,2
476,1,500,7.88,2
477,1,500,7.82,2
478,1,500,8.56,2
479,1,500,8.2,2
480,1,500,7.8,2
481,1,500,7.56,2
482,1,500,7.8,2
483,1,500,7.86,2
484,1,500,7.26,2
485,1,500,8.04,2
486,1,500,8.7,2
487,1,500,7.42,2
488,1,500,7.28,2
489,1,500,8.22,2
490,1,500,7.56,2
491,1,500,8.52,2
492,1,500,8.48,2
493,1,500,7.42,2
494,1,500,7.7,2
495,1,500,8.1,2
496,1,500,7.88,2
497,1,500,8.24,2
498,1,500,8.4,2
499,1,500,8.28,2
500,1,500,8.12,2
0,2,500,57.54,44
1,2,500,50.28,40
2,2,500,44.08,35
3,2,500,40.0,34
4,2,500,36.62,30
5,2,500,33.16,28
6,2,500,31.38,26
7,2,500,29.52,26
8,2,500,28.94,25
9,2,500,28.18,22
10,2,500,27.4,21
11,2,500,24.9,21
12,2,500,24.88,21
13,2,500,24.36,20
14,2,500,23.4,20
15,2,500,23.58,16
16,2,500,22.36,16
17,2,500,19.9,15
18,2,500,19.0,15
19,2,500,19.54,15
20,2,500,19.5,15
21,2,500,19.26,15
22,2,500,19.22,15
23,2,500,19.32,15
24,2,500,19.34,15
25,2,500,18.3,15
26,2,500,18.62,15
27,2,500,18.9,15
28,2,500,19.26,14
29,2,500,19.38,14
30,2,500,18.76,14
31,2,500,17.82,14
32,2,500,18.92,14
33,2,500,18.38,14
34,2,500,19.58,13
35,2,500,17.88,13
36,2,500,17.9,13
37,2,500,17.74,13
38,2,500,17.76,13
39,2,500,16.78,13
40,2,500,16.9,12
41,2,500,17.08,12
42,2,500,17.68,12
43,2,500,16.3,12
44,2,500,16.38,12
45,2,500,16.78,12
46,2,500,16.28,12
47,2,500,16.62,11
48,2,500,16.84,11
49,2,500,16.12,11
50,2,500,14.92,11
51,2,500,15.66,11
52,2,500,15.22,10
53,2,500,15.78,10
54,2,500,15.1,9
55,2,500,14.06,9
56,2,500,13.58,9
57,2,500,14.34,9
58,2,500,13.2,9
59,2,500,12.96,9
60,2,500,13.12,9
61,2,500,13.22,9
62,2,500,13.1,9
63,2,500,14.46,9
64,2,500,14.94,9
65,2,500,13.94,9
66,2,500,13.06,8
67,2,500,13.48,8
68,2,500,13.68,7
69,2,500,12.92,7
70,2,500,12.24,7
71,2,500,12.56,7
72,2,500,12.38,7
73,2,500,12.56,7
74,2,500,13.4,7
75,2,500,13.38,7
76,2,500,11.66,7
77,2,500,12.38,7
78,2,500,11.94,7
79,2,500,11.58,7
80,2,500,12.04,7
81,2,500,12.66,7
82,2,500,11.34,7
83,2,500,11.82,7
84,2,500,12.64,7
85,2,500,12.2,7
86,2,500,12.24,7
87,2,500,11.82,7
88,2,500,11.54,7
89,2,500,13.06,7
90,2,500,12.86,7
91,2,500,11.96,7
92,2,500,13.02,7
93,2,500,11.96,7
94,2,500,11.42,7
95,2,500,11.26,7
96,2,500,12.98,7
97,2,500,12.34,7
98,2,500,13.04,7
99,2,500,12.02,7
100,2,500,13.12,7
101,2,500,12.86,7
102,2,500,13.08,7
103,2,500,12.74,7
104,2,500,12.26,6
105,2,500,12.26,6
106,2,500,12.12,6
107,2,500,11.78,6
108,2,500,11.42,6
109,2,500,12.28,6
110,2,500,11.48,6
111,2,500,11.6,6
112,2,500,11.14,6
113,2,500,11.72,6
114,2,500,12.5,6
115,2,500,11.06,6
116,2,500,12.16,6
117,2,500,11.16,6
118,2,500,10.88,6
119,2,500,10.48,6
120,2,500,10.76,6
121,2,500,11.18,6
122,2,500,10.86,6
123,2,500,10.7,6
124,2,500,10.64,5
125,2,500,11.08,5
126,2,500,11.32,5
127,2,500,10.66,5
128,2,500,10.66,5
129,2,500,12.4,5
130,2,500,11.7,5
131,2,500,12.02,5
132,2,500,10.68,5
133,2,500,10.76,5
134,2,500,11.44,5
135,2,500,11.94,5
136,2,500,11.24,5
137,2,500,11.32,5
138,2,500,10.68,5
139,2,500,10.62,5
140,2,500,10.62,5
141,2,500,9.46,5
142,2,500,10.64,5
143,2,500,11.16,5
144,2,500,10.98,5
145,2,500,9.48,4
146,2,500,8.82,4
147,2,500,9.58,4
148,2,500,10.08,4
149,2,500,9.96,4
150,2,500,9.62,4
151,2,500,8.9,4
152,2,500,9.5,4
153,2,500,8.04,4
154,2,500,9.52,4
155,2,500,10.26,4
156,2,500,9.92,4
157,2,500,10.1,4
158,2,500,10.46,4
159,2,500,10.48,3
160,2,500,8.68,3
161,2,500,9.0,3
162,2,500,8.98,3
163,2,500,8.9,3
164,2,500,8.86,3
165,2,500,8.86,3
166,2,500,9.84,3
167,2,500,8.98,3
168,2,500,8.9,3
169,2,500,8.56,3
170,2,500,10.98,3
171,2,500,9.16,3
172,2,500,9.66,3
173,2,500,9.36,3
174,2,500,9.2,3
175,2,500,8.9,3
176,2,500,8.26,3
177,2,500,8.1,3
178,2,500,8.36,3
179,2,500,9.02,3
180,2,500,7.9,3
181,2,500,8.54,3
182,2,500,8.68,3
183,2,500,9.56,3
184,2,500,7.92,3
185,2,500,9.0,3
186,2,500,8.72,3
187,2,500,7.72,3
188,2,500,8.52,3
189,2,500,8.8,3
190,2,500,8.84,3
191,2,500,9.2,3
192,2,500,8.42,3
193,2,500,8.68,3
194,2,500,9.12,3
195,2,500,9.82,3
196,2,500,8.42,3
197,2,500,9.4,3
198,2,500,9.44,3
199,2,500,8.22,3
200,2,500,8.6,3
201,2,500,8.32,3
202,2,500,8.54,3
203,2,500,8.54,3
204,2,500,7.86,3
205,2,500,7.44,3
206,2,500,9.1,3
207,2,500,9.5,3
208,2,500,9.16,3
209,2,500,7.92,3
210,2,500,8.9,3
211,2,500,8.46,3
212,2,500,8.52,3
213,2,500,8.5,3
214,2,500,8.54,3
215,2,500,7.98,3
216,2,500,9.06,3
217,2,500,7.74,3
218,2,500,7.84,3
219,2,500,8.38,3
220,2,500,9.34,3
221,2,500,9.44,3
222,2,500,8.64,3
223,2,500,7.98,3
224,2,500,9.7,3
225,2,500,9.18,3
226,2,500,9.42,3
227,2,500,8.38,3
228,2,500,8.18,3
229,2,500,8.9,3
230,2,500,9.26,3
231,2,500,9.14,3
232,2,500,7.96,3
233,2,500,7.98,3
234,2,500,9.28,3
235,2,500,8.04,3
236,2,500,8.48,3
237,2,500,8.84,3
238,2,500,8.36,3
239,2,500,8.54,3
240,2,500,9.46,3
241,2,500,8.96,3
242,2,500,9.58,3
243,2,500,9.42,3
244,2,500,9.0,3
245,2,500,8.28,3
246,2,500,8.82,3
247,2,500,9.32,3
248,2,500,8.56,3
249,2,500,8.02,3
250,2,500,8.3,3
251,2,500,7.68,3
252,2,500,8.44,3
253,2,500,8.42,3
254,2,500,9.18,3
255,2,500,8.34,3
256,2,500,8.34,3
257,2,500,9.04,3
258,2,500,9.12,3
259,2,500,8.8,3
260,2,500,9.1,3
261,2,500,8.26,3
262,2,500,9.42,3
263,2,500,9.88,3
264,2,500,8.84,3
265,2,500,9.82,3
266,2,500,9.02,3
267,2,500,9.06,3
268,2,500,8.7,3
269,2,500,8.36,3
270,2,500,8.2,3
271,2,500,9.0,3
272,2,500,8.78,3
273,2,500,8.26,3
274,2,500,8.78,3
275,2,500,8.48,3
276,2,500,8.74,3
277,2,500,8.88,3
278,2,500,8.3,3
279,2,500,8.38,3
280,2,500,7.8,3
281,2,500,9.42,3
282,2,500,10.4,3
283,2,500,8.68,3
284,2,500,8.56,3
285,2,500,8.58,3
286,2,500,9.4,3
287,2,500,9.36,3
288,2,500,8.06,3
289,2,500,9.04,3
290,2,500,7.98,3
291,2,500,8.28,3
292,2,500,8.98,3
293,2,500,9.06,3
294,2,500,8.24,3
295,2,500,9.26,3
296,2,500,8.76,3
297,2,500,8.02,3
298,2,500,8.86,3
299,2,500,8.8,3
300,2,500,8.46,3
301,2,500,8.4,3
302,2,500,8.06,3
303,2,500,8.7,3
304,2,500,8.46,3
305,2,500,8.3,3
306,2,500,7.82,3
307,2,500,8.54,3
308,2,500,9.66,3
309,2,500,9.54,3
310,2,500,9.08,3
311,2,500,7.76,3
312,2,500,8.4,3
313,2,500,8.96,3
314,2,500,8.58,3
315,2,500,8.18,3
316,2,500,8.9,3
317,2,500,8.14,3
318,2,500,7.8,3
319,2,500,8.1,3
320,2,500,9.06,3
321,2,500,8.94,3
322,2,500,7.96,3
323,2,500,8.24,3
324,2,500,8.38,3
325,2,500,9.2,3
326,2,500,9.24,3
327,2,500,8.68,3
328,2,500,9.38,3
329,2,500,8.64,3
330,2,500,8.94,3
331,2,500,8.88,3
332,2,500,8.66,3
333,2,500,7.5,3
334,2,500,7.98,3
335,2,500,8.38,3
336,2,500,8.34,3
337,2,500,8.68,3
338,2,500,9.0,3
339,2,500,8.36,3
340,2,500,9.12,3
341,2,500,8.3,3
342,2,500,8.58,3
343,2,500,7.94,3
344,2,500,8.74,3
345,2,500,8.48,3
346,2,500,8.3,3
347,2,500,9.96,3
348,2,500,8.92,3
349,2,500,9.34,3
350,2,500,9.04,3
351,2,500,9.3,3
352,2,500,9.38,3
353,2,500,7.14,3
354,2,500,8.0,3
355,2,500,8.54,3
356,2,500,7.7,3
357,2,500,8.56,3
358,2,500,9.26,3
359,2,500,8.66,3
360,2,500,8.6,3
361,2,500,8.62,3
362,2,500,8.7,3
363,2,500,8.84,3
364,2,500,7.76,3
365,2,500,8.74,3
366,2,500,9.48,3
367,2,500,8.86,3
368,2,500,8.44,3
369,2,500,8.64,3
370,2,500,9.68,3
371,2,500,8.2,3
372,2,500,8.82,3
373,2,500,8.1,3
374,2,500,7.9,3
375,2,500,8.18,3
376,2,500,8.82,3
377,2,500,8.2,3
378,2,500,8.6,3
379,2,500,8.94,3
380,2,500,8.54,3
381,2,500,9.46,3
382,2,500,8.86,3
383,2,500,9.4,3
384,2,500,8.96,3
385,2,500,9.2,3
386,2,500,9.34,3
387,2,500,8.68,3
388,2,500,8.02,3
389,2,500,8.16,3
390,2,500,8.44,3
391,2,500,8.32,3
392,2,500,9.42,3
393,2,500,8.58,3
394,2,500,8.82,3
395,2,500,8.74,3
396,2,500,10.22,3
397,2,500,9.68,3
398,2,500,8.28,3
399,2,500,8.06,3
400,2,500,8.88,3
401,2,500,8.1,3
402,2,500,8.5,3
403,2,500,8.16,3
404,2,500,8.76,3
405,2,500,9.06,3
406,2,500,8.9,3
407,2,500,9.54,3
408,2,500,9.12,3
409,2,500,8.38,3
410,2,500,8.36,3
411,2,500,9.2,3
412,2,500,8.66,3
413,2,500,8.74,3
414,2,500,9.02,3
415,2,500,7.78,3
416,2,500,9.38,3
417,2,500,8.48,3
418,2,500,8.16,3
419,2,500,9.04,3
420,2,500,8.96,3
421,2,500,8.7,3
422,2,500,8.64,3
423,2,500,7.96,3
424,2,500,8.54,3
425,2,500,9.52,3
426,2,500,8.64,3
427,2,500,9.0,3
428,2,500,10.06,3
429,2,500,8.64,3
430,2,500,8.94,3
431,2,500,8.62,3
432,2,500,9.4,3
433,2,500,8.88,3
434,2,500,9.0,3
435,2,500,8.74,3
436,2,500,9.4,3
437,2,500,9.84,3
438,2,500,8.78,3
439,2,500,8.42,3
440,2,500,8.44,3
441,2,500,8.4,3
442,2,500,8.74,3
443,2,500,8.28,3
444,2,500,8.54,3
445,2,500,7.98,3
446,2,500,8.72,3
447,2,500,8.64,3
448,2,500,8.26,3
449,2,500,8.24,3
450,2,500,8.6,3
451,2,500,9.5,3
452,2,500,9.92,3
453,2,500,8.32,3
454,2,500,8.58,3
455,2,500,9.32,3
456,2,500,8.38,3
457,2,500,9.18,3
458,2,500,9.38,3
459,2,500,9.86,3
460,2,500,9.3,3
461,2,500,7.98,3
462,2,500,9.26,3
463,2,500,9.04,3
464,2,500,8.6,3
465,2,500,8.62,3
466,2,500,8.76,3
467,2,500,8.94,3
468,2,500,8.02,3
469,2,500,8.74,3
470,2,500,9.78,3
471,2,500,9.38,3
472,2,500,8.48,3
473,2,500,8.66,3
474,2,500,8.38,3
475,2,500,9.5,3
476,2,500,8.42,3
477,2,500,9.64,3
478,2,500,8.52,3
479,2,500,9.36,3
480,2,500,9.28,3
481,2,500,8.66,3
482,2,500,7.62,3
483,2,500,7.78,3
484,2,500,8.34,3
485,2,500,8.82,3
486,2,500,8.1,3
487,2,500,8.3,3
488,2,500,8.22,3
489,2,500,8.14,3
490,2,500,8.76,3
491,2,500,8.88,3
492,2,500,8.7,3
493,2,500,8.34,3
494,2,500,8.26,3
495,2,500,8.5,3
496,2,500,8.72,3
497,2,500,8.42,3
498,2,500,9.8,3
499,2,500,9.0,3
500,2,500,9.18,3
0,3,500,58.3,45
1,3,500,50.12,41
2,3,500,45.28,38
3,3,500,41.26,34
4,3,500,37.3,31
5,3,500,34.42,28
6,3,500,31.18,27
7,3,500,30.44,26
8,3,500,29.94,24
9,3,500,28.28,22
10,3,500,26.24,21
11,3,500,24.94,21
12,3,500,24.46,20
13,3,500,24.18,19
14,3,500,23.06,19
15,3,500,21.92,18
16,3,500,21.7,17
17,3,500,21.04,17
18,3,500,20.6,17
19,3,500,20.94,15
20,3,500,21.16,15
21,3,500,19.74,14
22,3,500,19.14,13
23,3,500,18.2,13
24,3,500,18.0,13
25,3,500,18.1,12
26,3,500,16.74,12
27,3,500,16.44,12
28,3,500,16.3,12
29,3,500,16.38,12
30,3,500,16.08,12
31,3,500,16.08,12
32,3,500,16.66,11
33,3,500,15.82,11
34,3,500,16.04,11
35,3,500,15.06,11
36,3,500,15.16,10
37,3,500,14.94,10
38,3,500,15.62,10
39,3,500,15.82,10
40,3,500,14.26,10
41,3,500,15.18,9
42,3,500,13.92,9
43,3,500,14.18,9
44,3,500,13.3,9
45,3,500,12.8,8
46,3,500,12.92,8
47,3,500,13.64,8
48,3,500,13.76,8
49,3,500,13.6,8
50,3,500,13.2,8
51,3,500,13.28,8
52,3,500,13.76,8
53,3,500,13.12,8
54,3,500,12.44,8
55,3,500,12.98,8
56,3,500,13.08,8
57,3,500,12.94,8
58,3,500,13.64,8
59,3,500,13.56,8
60,3,500,13.32,8
61,3,500,13.16,8
62,3,500,12.8,8
63,3,500,12.36,8
64,3,500,12.74,8
65,3,500,12.32,8
66,3,500,13.2,8
67,3,500,13.24,8
68,3,500,13.28,8
69,3,500,13.7,8
70,3,500,13.94,8
71,3,500,12.74,8
72,3,500,12.82,8
73,3,500,13.14,8
74,3,500,13.4,8
75,3,500,13.58,8
76,3,500,12.82,8
77,3,500,12.54,8
78,3,500,13.1,7
79,3,500,11.98,7
80,3,500,11.82,7
81,3,500,11.94,7
82,3,500,12.34,5
83,3,500,11.18,5
84,3,500,10.8,5
85,3,500,11.48,5
86,3,500,10.66,5
87,3,500,11.0,5
88,3,500,10.06,5
89,3,500,11.14,5
90,3,500,10.24,5
91,3,500,10.48,5
92,3,500,10.5,5
93,3,500,10.82,5
94,3,500,11.06,5
95,3,500,10.12,5
96,3,500,9.4,5
97,3,500,10.68,5
98,3,500,9.88,5
99,3,500,9.94,5
100,3,500,10.1,5
101,3,500,10.76,5
102,3,500,11.56,5
103,3,500,10.54,5
104,3,500,10.6,5
105,3,500,10.26,5
106,3,500,10.14,5
107,3,500,11.14,5
108,3,500,9.62,5
109,3,500,10.98,5
110,3,500,9.98,5
111,3,500,10.06,5
112,3,500,10.44,5
113,3,500,10.28,5
114,3,500,11.0,5
115,3,500,10.76,5
116,3,500,10.48,5
117,3,500,10.62,5
118,3,500,10.3,5
119,3,500,9.46,5
120,3,500,10.82,5
121,3,500,11.16,5
122,3,500,10.56,5
123,3,500,10.56,5
124,3,500,11.62,5
125,3,500,10.78,5
126,3,500,12.28,5
127,3,500,10.74,4
128,3,500,9.42,4
129,3,500,10.3,4
130,3,500,9.16,4
131,3,500,9.84,4
132,3,500,9.48,4
133,3,500,9.66,4
134,3,500,10.24,4
135,3,500,9.64,4
136,3,500,9.32,4
137,3,500,10.42,4
138,3,500,8.84,4
139,3,500,8.92,4
140,3,500,9.56,4
141,3,500,8.84,4
142,3,500,9.0,4
143,3,500,9.06,4
144,3,500,9.92,4
145,3,500,9.3,4
146,3,500,9.74,4
147,3,500,9.22,4
148,3,500,10.28,4
149,3,500,9.12,4
150,3,500,10.24,4
151,3,500,10.04,4
152,3,500,9.9,4
153,3,500,9.32,4
154,3,500,9.26,4
155,3,500,8.88,3
156,3,500,8.24,3
157,3,500,8.84,3
158,3,500,9.18,3
159,3,500,9.1,3
160,3,500,8.42,3
161,3,500,8.46,3
162,3,500,9.28,3
163,3,500,9.9,3
164,3,500,9.32,3
165,3,500,9.22,3
166,3,500,9.3,3
167,3,500,9.22,3
168,3,500,9.36,3
169,3,500,9.16,3
170,3,500,9.32,3
171,3,500,7.46,3
172,3,500,8.84,3
173,3,500,8.14,3
174,3,500,8.48,3
175,3,500,7.56,3
176,3,500,8.52,3
177,3,500,9.0,3
178,3,500,9.28,3
179,3,500,8.5,3
180,3,500,9.04,3
181,3,500,7.98,3
182,3,500,8.98,3
183,3,500,9.46,3
184,3,500,8.52,3
185,3,500,8.76,3
186,3,500,8.94,3
187,3,500,8.8,3
188,3,500,8.88,3
189,3,500,8.56,3
190,3,500,8.02,3
191,3,500,8.6,3
192,3,500,9.1,3
193,3,500,7.7,3
194,3,500,7.98,3
195,3,500,8.64,3
196,3,500,9.14,3
197,3,500,8.8,3
198,3,500,8.74,3
199,3,500,8.28,3
200,3,500,9.52,3
201,3,500,8.76,3
202,3,500,8.02,3
203,3,500,8.44,3
204,3,500,7.74,3
205,3,500,8.3,3
206,3,500,8.14,3
207,3,500,9.26,3
208,3,500,9.02,3
209,3,500,8.68,3
210,3,500,9.2,3
211,3,500,9.24,3
212,3,500,8.44,3
213,3,500,8.86,3
214,3,500,9.2,3
215,3,500,8.52,3
216,3,500,8.94,3
217,3,500,8.72,3
218,3,500,8.86,3
219,3,500,8.82,3
220,3,500,8.86,3
221,3,500,7.94,3
222,3,500,9.58,3
223,3,500,9.06,3
224,3,500,8.96,3
225,3,500,8.3,3
226,3,500,8.08,3
227,3,500,8.62,3
228,3,500,8.32,2
229,3,500,8.48,2
230,3,500,7.5,2
231,3,500,7.64,2
232,3,500,7.54,2
233,3,500,7.24,2
234,3,500,8.54,2
235,3,500,8.06,2
236,3,500,8.44,2
237,3,500,8.22,2
238,3,500,8.1,2
239,3,500,8.16,1
240,3,500,7.7,1
241,3,500,7.26,1
242,3,500,7.26,1
243,3,500,6.58,1
244,3,500,7.02,1
245,3,500,8.16,1
246,3,500,7.6,1
247,3,500,6.7,1
248,3,500,8.22,1
249,3,500,7.96,1
250,3,500,6.42,1
251,3,500,6.52,1
252,3,500,6.86,1
253,3,500,7.58,1
254,3,500,7.26,1
255,3,500,7.06,1
256,3,500,7.36,1
257,3,500,5.88,1
258,3,500,7.46,1
259,3,500,6.42,1
260,3,500,5.9,1
261,3,500,7.78,1
262,3,500,8.0,1
263,3,500,7.02,1
264,3,500,6.58,1
265,3,500,7.56,1
266,3,500,6.9,1
267,3,500,6.54,1
268,3,500,6.4,1
269,3,500,6.68,1
270,3,500,7.06,1
271,3,500,6.9,1
272,3,500,7.22,1
273,3,500,7.28,1
274,3,500,7.88,1
275,3,500,7.32,1
276,3,500,7.74,1
277,3,500,7.02,1
278,3,500,7.04,1
279,3,500,6.26,1
280,3,500,7.02,1
281,3,500,7.74,1
282,3,500,7.54,1
283,3,500,7.76,1
284,3,500,6.8,1
285,3,500,7.5,1
286,3,500,7.54,1
287,3,500,7.7,1
288,3,500,8.2,1
289,3,500,8.2,1
290,3,500,6.78,1
291,3,500,6.5,1
292,3,500,6.86,1
293,3,500,7.2,1
294,3,500,7.74,1
295,3,500,6.96,1
296,3,500,6.9,1
297,3,500,6.26,1
298,3,500,5.9,1
299,3,500,6.72,1
300,3,500,6.26,1
301,3,500,6.4,1
302,3,500,7.0,1
303,3,500,7.16,1
304,3,500,6.84,1
305,3,500,6.68,1
306,3,500,5.7,1
307,3,500,6.28,1
308,3,500,6.76,1
309,3,500,7.6,1
310,3,500,7.16,1
311,3,500,8.34,1
312,3,500,6.8,1
313,3,500,8.26,1
314,3,500,7.46,1
315,3,500,7.2,1
316,3,500,7.6,1
317,3,500,7.48,1
318,3,500,6.26,1
319,3,500,7.5,1
320,3,500,7.84,1
321,3,500,7.36,1
322,3,500,7.9,1
323,3,500,6.44,1
324,3,500,6.16,1
325,3,500,6.74,1
326,3,500,7.26,1
327,3,500,7.9,1
328,3,500,7.62,1
329,3,500,7.2,1
330,3,500,6.54,1
331,3,500,6.72,1
332,3,500,7.04,1
333,3,500,6.3,1
334,3,500,5.86,1
335,3,500,5.74,1
336,3,500,7.44,1
337,3,500,6.48,1
338,3,500,7.24,1
339,3,500,6.76,1
340,3,500,7.04,1
341,3,500,6.94,1
342,3,500,7.56,1
343,3,500,7.4,1
344,3,500,6.32,1
345,3,500,6.14,1
346,3,500,7.14,1
347,3,500,6.12,1
348,3,500,6.36,1
349,3,500,7.0,1
350,3,500,6.22,1
351,3,500,6.68,1
352,3,500,7.24,1
353,3,500,7.76,1
354,3,500,7.54,1
355,3,500,7.18,1
356,3,500,7.04,1
357,3,500,6.42,1
358,3,500,6.96,1
359,3,500,7.4,1
360,3,500,8.04,1
361,3,500,7.66,1
362,3,500,8.28,1
363,3,500,8.16,1
364,3,500,6.72,1
365,3,500,7.52,1
366,3,500,6.4,1
367,3,500,5.56,1
368,3,500,6.72,1
369,3,500,6.6,1
370,3,500,7.38,1
371,3,500,6.34,1
372,3,500,7.18,1
373,3,500,7.72,1
374,3,500,8.22,1
375,3,500,8.1,1
376,3,500,7.32,1
377,3,500,6.68,1
378,3,500,7.02,1
379,3,500,6.92,1
380,3,500,6.54,1
381,3,500,7.42,1
382,3,500,7.5,1
383,3,500,7.96,1
384,3,500,7.4,1
385,3,500,6.96,1
386,3,500,6.86,1
387,3,500,7.96,1
388,3,500,7.36,1
389,3,500,7.52,1
390,3,500,7.06,1
391,3,500,7.82,1
392,3,500,6.76,1
393,3,500,7.0,1
394,3,500,7.8,1
395,3,500,6.58,1
396,3,500,6.7,1
397,3,500,6.88,1
398,3,500,7.42,1
399,3,500,6.94,1
400,3,500,8.3,1
401,3,500,7.86,1
402,3,500,5.72,1
403,3,500,6.6,1
404,3,500,8.08,1
405,3,500,8.46,1
406,3,500,6.78,1
407,3,500,7.18,1
408,3,500,5.94,1
409,3,500,7.2,1
410,3,500,6.82,1
411,3,500,5.54,1
412,3,500,6.2,1
413,3,500,7.74,1
414,3,500,8.18,1
415,3,500,7.94,1
416,3,500,8.54,1
417,3,500,6.42,1
418,3,500,6.54,1
419,3,500,7.5,1
420,3,500,6.84,1
421,3,500,6.44,1
422,3,500,7.06,1
423,3,500,6.94,1
424,3,500,6.78,1
425,3,500,7.48,1
426,3,500,6.32,1
427,3,500,7.24,1
428,3,500,6.8,1
429,3,500,6.1,1
430,3,500,7.12,1
431,3,500,7.9,1
432,3,500,7.14,1
433,3,500,7.42,1
434,3,500,7.64,1
435,3,500,6.12,1
436,3,500,6.62,1
437,3,500,8.06,1
438,3,500,7.2,1
439,3,500,7.86,1
440,3,500,7.08,1
441,3,500,7.14,1
442,3,500,7.24,1
443,3,500,6.72,1
444,3,500,6.26,1
445,3,500,8.0,1
446,3,500,7.18,1
447,3,500,6.8,1
448,3,500,7.22,1
449,3,500,6.48,1
450,3,500,6.86,1
451,3,500,7.34,1
452,3,500,7.96,1
453,3,500,8.8,1
454,3,500,7.84,1
455,3,500,7.38,1
456,3,500,7.74,1
457,3,500,7.34,1
458,3,500,8.46,1
459,3,500,8.26,1
460,3,500,8.2,1
461,3,500,7.72,1
462,3,500,7.02,1
463,3,500,6.9,1
464,3,500,7.88,1
465,3,500,6.02,1
466,3,500,6.08,1
467,3,500,6.72,1
468,3,500,7.16,1
469,3,500,6.1,1
470,3,500,7.98,1
471,3,500,7.06,1
472,3,500,6.38,1
473,3,500,7.68,1
474,3,500,7.3,1
475,3,500,7.42,1
476,3,500,6.82,1
477,3,500,7.34,1
478,3,500,6.92,1
479,3,500,7.7,1
480,3,500,7.24,1
481,3,500,7.4,1
482,3,500,6.9,1
483,3,500,7.36,1
484,3,500,8.0,1
485,3,500,7.0,1
486,3,500,6.44,1
487,3,500,6.68,1
488,3,500,7.38,1
489,3,500,7.24,1
490,3,500,6.92,1
491,3,500,6.28,1
492,3,500,6.88,1
493,3,500,7.78,1
494,3,500,7.22,1
495,3,500,7.46,1
496,3,500,4.98,1
497,3,500,6.36,1
498,3,500,5.94,1
499,3,500,6.72,1
500,3,500,6.28,1
0,4,500,57.86,40
1,4,500,46.52,39
2,4,500,41.22,37
3,4,500,39.46,35
4,4,500,36.86,29
5,4,500,33.82,28
6,4,500,32.04,25
7,4,500,28.94,23
8,4,500,27.56,22
9,4,500,25.88,22
10,4,500,25.46,20
11,4,500,24.6,20
12,4,500,23.66,19
13,4,500,23.1,19
14,4,500,24.34,17
15,4,500,22.16,16
16,4,500,21.68,15
17,4,500,19.18,14
18,4,500,18.3,14
19,4,500,18.86,13
20,4,500,18.34,13
21,4,500,17.94,13
22,4,500,18.14,13
23,4,500,17.66,13
24,4,500,18.0,13
25,4,500,18.06,13
26,4,500,18.28,12
27,4,500,18.1,12
28,4,500,15.92,11
29,4,500,16.1,10
30,4,500,15.48,10
31,4,500,15.4,10
32,4,500,15.6,10
33,4,500,15.08,10
34,4,500,15.46,10
35,4,500,15.28,10
36,4,500,14.24,10
37,4,500,14.86,10
38,4,500,14.98,10
39,4,500,13.9,10
40,4,500,14.66,10
41,4,500,14.68,10
42,4,500,15.04,10
43,4,500,14.88,10
44,4,500,14.66,10
45,4,500,15.84,10
46,4,500,15.74,9
47,4,500,14.64,9
48,4,500,13.78,9
49,4,500,13.84,9
50,4,500,13.38,9
51,4,500,13.54,8
52,4,500,13.66,8
53,4,500,13.44,8
54,4,500,12.9,8
55,4,500,13.32,8
56,4,500,13.9,8
57,4,500,13.22,8
58,4,500,13.4,8
59,4,500,13.14,7
60,4,500,11.5,7
61,4,500,11.98,7
62,4,500,12.0,7
63,4,500,11.86,7
64,4,500,12.64,7
65,4,500,12.92,7
66,4,500,13.2,7
67,4,500,12.8,7
68,4,500,13.7,7
69,4,500,13.84,7
70,4,500,12.46,7
71,4,500,12.24,7
72,4,500,12.12,7
73,4,500,11.84,7
74,4,500,11.86,7
75,4,500,11.5,7
76,4,500,12.88,7
77,4,500,12.4,7
78,4,500,13.06,7
79,4,500,13.5,7
80,4,500,12.6,7
81,4,500,11.38,7
82,4,500,11.86,7
83,4,500,12.66,7
84,4,500,12.34,7
85,4,500,11.46,7
86,4,500,11.98,7
87,4,500,12.32,7
88,4,500,13.16,7
89,4,500,11.86,7
90,4,500,12.38,7
91,4,500,12.32,7
92,4,500,11.46,7
93,4,500,12.46,7
94,4,500,11.66,7
95,4,500,11.64,7
96,4,500,11.2,6
97,4,500,12.68,6
98,4,500,11.22,6
99,4,500,11.52,6
100,4,500,10.96,6
101,4,500,10.84,6
102,4,500,11.3,6
103,4,500,11.82,6
104,4,500,11.54,6
105,4,500,10.42,6
106,4,500,10.98,6
107,4,500,11.18,6
108,4,500,11.46,6
109,4,500,11.6,6
110,4,500,11.56,6
111,4,500,10.62,6
112,4,500,10.74,6
113,4,500,11.6,6
114,4,500,11.96,6
115,4,500,11.76,6
116,4,500,11.32,6
117,4,500,11.68,6
118,4,500,12.18,6
119,4,500,11.68,6
120,4,500,10.62,6
121,4,500,11.26,5
122,4,500,10.84,5
123,4,500,10.92,5
124,4,500,10.26,5
125,4,500,9.74,5
126,4,500,10.7,5
127,4,500,9.54,5
128,4,500,10.14,5
129,4,500,10.12,5
130,4,500,10.36,5
131,4,500,10.5,5
132,4,500,10.0,5
133,4,500,10.84,5
134,4,500,11.2,5
135,4,500,11.4,5
136,4,500,10.74,5
137,4,500,10.86,5
138,4,500,10.42,5
139,4,500,9.84,5
140,4,500,10.64,5
141,4,500,10.38,5
142,4,500,10.48,5
143,4,500,10.88,5
144,4,500,10.16,5
145,4,500,10.24,5
146,4,500,10.56,5
147,4,500,10.46,5
148,4,500,10.58,5
149,4,500,9.76,5
150,4,500,10.16,5
151,4,500,10.6,5
152,4,500,10.44,5
153,4,500,11.52,5
154,4,500,10.22,5
155,4,500,10.56,5
156,4,500,10.64,5
157,4,500,10.1,5
158,4,500,9.78,5
159,4,500,10.24,5
160,4,500,10.78,5
161,4,500,10.62,5
162,4,500,10.34,5
163,4,500,11.42,5
164,4,500,11.24,5
165,4,500,10.92,5
166,4,500,10.48,4
167,4,500,10.16,4
168,4,500,10.28,4
169,4,500,9.68,4
170,4,500,10.06,4
171,4,500,9.2,4
172,4,500,8.82,3
173,4,500,8.54,3
174,4,500,8.82,3
175,4,500,8.6,3
176,4,500,8.46,3
177,4,500,8.9,3
178,4,500,8.26,3
179,4,500,8.18,3
180,4,500,8.48,3
181,4,500,8.6,3
182,4,500,10.14,3
183,4,500,9.5,3
184,4,500,9.58,3
185,4,500,8.28,3
186,4,500,9.0,3
187,4,500,8.6,3
188,4,500,9.1,3
189,4,500,9.16,3
190,4,500,9.34,3
191,4,500,8.74,3
192,4,500,8.34,3
193,4,500,8.02,3
194,4,500,9.1,3
195,4,500,9.58,3
196,4,500,9.4,3
197,4,500,8.82,3
198,4,500,9.02,3
199,4,500,8.52,3
200,4,500,8.36,3
201,4,500,8.48,3
202,4,500,8.32,3
203,4,500,8.66,3
204,4,500,9.04,3
205,4,500,9.64,3
206,4,500,9.28,3
207,4,500,8.28,3
208,4,500,9.2,3
209,4,500,8.26,3
210,4,500,9.48,3
211,4,500,8.56,3
212,4,500,8.98,3
213,4,500,9.04,3
214,4,500,8.7,3
215,4,500,7.84,3
216,4,500,8.62,3
217,4,500,9.1,3
218,4,500,8.54,3
219,4,500,8.82,3
220,4,500,8.18,3
221,4,500,9.36,3
222,4,500,8.96,3
223,4,500,8.64,3
224,4,500,8.94,3
225,4,500,8.84,3
226,4,500,8.5,2
227,4,500,8.02,2
228,4,500,8.24,2
229,4,500,7.74,2
230,4,500,6.46,2
231,4,500,6.76,2
232,4,500,8.44,2
233,4,500,8.0,2
234,4,500,7.86,2
235,4,500,7.76,2
236,4,500,7.64,2
237,4,500,7.96,2
238,4,500,8.46,2
239,4,500,7.92,2
240,4,500,7.54,2
241,4,500,7.76,2
242,4,500,7.74,2
243,4,500,7.72,2
244,4,500,8.66,2
245,4,500,9.12,2
246,4,500,8.24,2
247,4,500,7.58,2
248,4,500,7.66,2
249,4,500,8.36,2
250,4,500,8.3,2
251,4,500,8.78,2
252,4,500,8.46,2
253,4,500,7.74,2
254,4,500,6.98,2
255,4,500,8.1,2
256,4,500,7.72,2
257,4,500,7.98,2
258,4,500,7.7,2
259,4,500,8.6,2
260,4,500,8.58,2
261,4,500,8.9,2
262,4,500,8.84,2
263,4,500,7.56,2
264,4,500,8.26,2
265,4,500,7.5,2
266,4,500,7.72,2
267,4,500,8.22,2
268,4,500,8.66,2
269,4,500,8.26,2
270,4,500,8.28,2
271,4,500,8.38,2
272,4,500,7.86,2
273,4,500,8.06,2
274,4,500,7.14,2
275,4,500,7.76,2
276,4,500,8.94,2
277,4,500,8.44,2
278,4,500,8.36,2
279,4,500,7.8,2
280,4,500,7.14,2
281,4,500,8.18,2
282,4,500,7.58,2
283,4,500,7.26,2
284,4,500,6.72,2
285,4,500,7.9,2
286,4,500,7.42,2
287,4,500,7.4,2
288,4,500,7.76,2
289,4,500,7.78,2
290,4,500,8.26,2
291,4,500,7.72,2
292,4,500,7.62,2
293,4,500,7.6,2
294,4,500,7.6,2
295,4,500,8.04,2
296,4,500,7.62,2
297,4,500,7.78,2
298,4,500,7.86,2
299,4,500,8.56,2
300,4,500,7.8,2
301,4,500,9.48,2
302,4,500,8.44,2
303,4,500,7.34,2
304,4,500,8.14,2
305,4,500,9.12,2
306,4,500,8.02,2
307,4,500,7.84,2
308,4,500,7.34,2
309,4,500,7.44,2
310,4,500,8.68,2
311,4,500,8.42,2
312,4,500,7.66,2
313,4,500,7.06,2
314,4,500,7.52,2
315,4,500,7.16,2
316,4,500,7.56,2
317,4,500,8.62,2
318,4,500,9.16,2
319,4,500,8.06,2
320,4,500,8.62,2
321,4,500,8.7,2
322,4,500,7.56,2
323,4,500,8.58,2
324,4,500,8.44,2
325,4,500,8.96,2
326,4,500,7.74,2
327,4,500,7.6,2
328,4,500,8.38,2
329,4,500,7.6,2
330,4,500,8.64,2
331,4,500,9.28,2
332,4,500,8.64,2
333,4,500,7.7,2
334,4,500,8.48,2
335,4,500,8.6,2
336,4,500,7.96,2
337,4,500,8.58,1
338,4,500,6.54,1
339,4,500,7.04,1
340,4,500,7.08,1
341,4,500,6.88,1
342,4,500,7.68,1
343,4,500,6.4,1
344,4,500,6.92,1
345,4,500,7.42,1
346,4,500,7.48,1
347,4,500,7.7,1
348,4,500,7.54,1
349,4,500,6.8,1
350,4,500,8.38,1
351,4,500,7.58,1
352,4,500,8.52,1
353,4,500,6.92,1
354,4,500,6.36,1
355,4,500,7.04,1
356,4,500,6.82,1
357,4,500,6.98,1
358,4,500,7.08,1
359,4,500,6.78,1
360,4,500,7.68,1
361,4,500,7.36,1
362,4,500,6.94,1
363,4,500,7.16,1
364,4,500,7.28,1
365,4,500,7.92,1
366,4,500,6.92,1
367,4,500,7.52,1
368,4,500,8.46,1
369,4,500,8.06,1
370,4,500,7.3,1
371,4,500,6.42,1
372,4,500,6.54,1
373,4,500,6.94,1
374,4,500,5.96,1
375,4,500,6.62,1
376,4,500,7.68,1
377,4,500,7.14,1
378,4,500,6.58,1
379,4,500,6.52,1
380,4,500,6.6,1
381,4,500,6.5,1
382,4,500,6.64,1
383,4,500,7.06,1
384,4,500,6.6,1
385,4,500,6.76,1
386,4,500,7.4,1
387,4,500,7.18,1
388,4,500,7.04,1
389,4,500,7.22,1
390,4,500,6.48,1
391,4,500,6.96,1
392,4,500,7.28,1
393,4,500,6.88,1
394,4,500,7.98,1
395,4,500,8.22,1
396,4,500,7.76,1
397,4,500,7.54,1
398,4,500,6.92,1
399,4,500,7.1,1
400,4,500,7.22,1
401,4,500,7.06,1
402,4,500,6.66,1
403,4,500,7.1,1
404,4,500,6.98,1
405,4,500,7.34,1
406,4,500,6.76,1
407,4,500,6.94,1
408,4,500,7.6,1
409,4,500,6.6,1
410,4,500,6.2,1
411,4,500,7.5,1
412,4,500,6.88,1
413,4,500,7.86,1
414,4,500,7.36,1
415,4,500,7.08,1
416,4,500,6.3,1
417,4,500,5.44,1
418,4,500,6.24,1
419,4,500,6.34,1
420,4,500,7.12,1
421,4,500,6.96,1
422,4,500,7.42,1
423,4,500,7.4,1
424,4,500,6.44,1
425,4,500,5.58,1
426,4,500,7.1,1
427,4,500,7.04,1
428,4,500,7.32,1
429,4,500,6.7,1
430,4,500,6.26,1
431,4,500,7.12,1
432,4,500,7.76,1
433,4,500,8.34,1
434,4,500,7.4,1
435,4,500,7.46,1
436,4,500,6.66,1
437,4,500,6.54,1
438,4,500,6.88,1
439,4,500,7.56,1
440,4,500,7.86,1
441,4,500,7.18,1
442,4,500,7.44,1
443,4,500,6.94,1
444,4,500,7.36,1
445,4,500,7.7,1
446,4,500,6.1,1
447,4,500,6.42,1
448,4,500,6.14,1
449,4,500,6.74,1
450,4,500,7.34,1
451,4,500,7.28,1
452,4,500,5.52,1
453,4,500,5.86,1
454,4,500,7.1,1
455,4,500,6.88,1
456,4,500,7.54,1
457,4,500,6.8,1
458,4,500,8.06,1
459,4,500,7.78,1
460,4,500,7.94,1
461,4,500,7.3,1
462,4,500,7.98,1
463,4,500,7.5,1
464,4,500,7.0,1
465,4,500,7.56,1
466,4,500,6.54,1
467,4,500,6.96,1
468,4,500,7.74,1
469,4,500,7.18,1
470,4,500,6.54,1
471,4,500,7.28,1
472,4,500,6.36,1
473,4,500,6.58,1
474,4,500,7.14,1
475,4,500,6.62,1
476,4,500,6.78,1
477,4,500,7.52,1
478,4,500,6.96,1
479,4,500,8.46,1
480,4,500,7.58,1
481,4,500,7.42,1
482,4,500,7.0,1
483,4,500,7.6,1
484,4,500,6.64,1
485,4,500,7.4,1
486,4,500,7.44,1
487,4,500,7.5,1
488,4,500,7.22,1
489,4,500,6.5,1
490,4,500,7.04,1
491,4,500,6.9,1
492,4,500,7.36,1
493,4,500,7.58,1
494,4,500,7.04,1
495,4,500,6.12,1
496,4,500,7.6,1
497,4,500,6.76,1
498,4,500,7.0,1
499,4,500,6.66,1
500,4,500,7.0,1
0,5,500,54.98,40
1,5,500,45.9,37
2,5,500,39.48,32
3,5,500,36.38,30
4,5,500,33.78,29
5,5,500,32.48,27
6,5,500,30.94,27
7,5,500,30.24,25
8,5,500,28.7,24
9,5,500,27.5,22
10,5,500,26.32,21
11,5,500,24.96,21
12,5,500,23.82,19
13,5,500,23.86,19
14,5,500,23.08,19
15,5,500,22.82,18
16,5,500,22.58,18
17,5,500,21.76,18
18,5,500,22.4,17
19,5,500,20.76,16
20,5,500,20.78,16
21,5,500,19.5,16
22,5,500,20.62,15
23,5,500,19.66,15
24,5,500,19.58,15
25,5,500,19.5,15
26,5,500,19.48,15
27,5,500,19.52,15
28,5,500,19.56,15
29,5,500,19.1,14
30,5,500,19.02,13
31,5,500,18.18,13
32,5,500,17.56,13
33,5,500,17.68,12
34,5,500,16.88,12
35,5,500,16.08,12
36,5,500,16.22,10
37,5,500,15.48,10
38,5,500,14.6,10
39,5,500,14.34,10
40,5,500,14.94,9
41,5,500,13.92,9
42,5,500,13.9,9
43,5,500,14.24,9
44,5,500,13.92,9
45,5,500,13.44,8
46,5,500,13.64,8
47,5,500,12.46,8
48,5,500,13.86,8
49,5,500,13.98,8
50,5,500,13.72,8
51,5,500,13.96,8
52,5,500,12.88,8
53,5,500,13.24,8
54,5,500,12.62,8
55,5,500,13.16,8
56,5,500,13.34,8
57,5,500,13.12,8
58,5,500,12.68,8
59,5,500,12.84,8
60,5,500,12.74,8
61,5,500,13.12,8
62,5,500,13.58,8
63,5,500,12.22,8
64,5,500,13.12,8
65,5,500,12.92,8
66,5,500,13.14,8
67,5,500,12.28,8
68,5,500,12.54,8
69,5,500,12.94,8
70,5,500,12.84,8
71,5,500,13.3,8
72,5,500,12.66,8
73,5,500,13.4,8
74,5,500,13.28,8
75,5,500,13.32,8
76,5,500,12.32,8
77,5,500,12.76,8
78,5,500,12.72,8
79,5,500,12.36,8
80,5,500,12.78,8
81,5,500,12.96,8
82,5,500,13.44,8
83,5,500,12.08,7
84,5,500,12.36,7
85,5,500,12.34,7
86,5,500,12.76,7
87,5,500,13.38,7
88,5,500,11.92,7
89,5,500,13.64,7
90,5,500,11.38,7
91,5,500,11.58,7
92,5,500,12.44,7
93,5,500,11.7,6
94,5,500,11.52,6
95,5,500,12.24,6
96,5,500,11.66,6
97,5,500,11.78,6
98,5,500,10.28,6
99,5,500,10.96,6
100,5,500,10.8,6
101,5,500,10.94,6
102,5,500,10.84,6
103,5,500,11.38,6
104,5,500,10.8,6
105,5,500,11.66,6
106,5,500,11.24,6
107,5,500,11.82,6
108,5,500,11.72,6
109,5,500,11.22,6
110,5,500,12.3,6
111,5,500,11.86,6
112,5,500,11.76,6
113,5,500,11.6,6
114,5,500,12.22,6
115,5,500,10.66,6
116,5,500,11.1,6
117,5,500,11.2,6
118,5,500,10.98,6
119,5,500,11.88,6
120,5,500,10.7,6
121,5,500,11.66,6
122,5,500,11.9,6
123,5,500,10.64,6
124,5,500,10.34,6
125,5,500,10.7,6
126,5,500,11.32,6
127,5,500,10.24,6
128,5,500,11.68,6
129,5,500,12.82,6
130,5,500,11.18,6
131,5,500,11.34,6
132,5,500,10.28,6
133,5,500,11.7,6
134,5,500,12.14,6
135,5,500,11.54,6
136,5,500,11.48,6
137,5,500,11.16,6
138,5,500,11.24,6
139,5,500,11.5,6
140,5,500,11.6,6
141,5,500,12.12,6
142,5,500,12.18,6
143,5,500,11.5,6
144,5,500,10.96,6
145,5,500,11.38,6
146,5,500,11.34,6
147,5,500,11.54,6
148,5,500,10.28,6
149,5,500,11.26,6
150,5,500,11.02,6
151,5,500,12.22,6
152,5,500,11.56,6
153,5,500,11.52,6
154,5,500,11.92,6
155,5,500,11.2,6
156,5,500,11.18,6
157,5,500,11.68,6
158,5,500,12.06,6
159,5,500,11.94,6
160,5,500,11.56,6
161,5,500,12.24,6
162,5,500,11.52,6
163,5,500,10.7,6
164,5,500,11.78,6
165,5,500,11.78,6
166,5,500,12.3,6
167,5,500,11.74,6
168,5,500,11.74,6
169,5,500,11.54,6
170,5,500,10.76,6
171,5,500,10.72,6
172,5,500,10.6,6
173,5,500,11.84,6
174,5,500,11.92,6
175,5,500,11.18,6
176,5,500,11.3,6
177,5,500,11.6,6
178,5,500,10.88,6
179,5,500,11.06,6
180,5,500,10.72,6
181,5,500,11.48,6
182,5,500,10.98,6
183,5,500,11.48,6
184,5,500,10.52,5
185,5,500,11.38,5
186,5,500,10.94,5
187,5,500,10.56,5
188,5,500,10.56,5
189,5,500,10.88,5
190,5,500,11.06,5
191,5,500,10.12,5
192,5,500,11.0,5
193,5,500,9.76,5
194,5,500,9.36,5
195,5,500,10.96,5
196,5,500,10.5,5
197,5,500,10.56,5
198,5,500,10.54,5
199,5,500,10.5,5
200,5,500,10.72,5
201,5,500,10.84,5
202,5,500,10.58,5
203,5,500,10.08,5
204,5,500,10.08,5
205,5,500,9.64,5
206,5,500,10.42,5
207,5,500,10.8,5
208,5,500,11.38,5
209,5,500,10.58,5
210,5,500,9.7,5
211,5,500,10.64,5
212,5,500,9.64,5
213,5,500,10.78,5
214,5,500,9.86,5
215,5,500,10.48,5
216,5,500,10.14,5
217,5,500,9.66,5
218,5,500,9.92,5
219,5,500,10.64,5
220,5,500,10.6,5
221,5,500,10.76,5
222,5,500,10.28,5
223,5,500,10.58,5
224,5,500,10.14,5
225,5,500,10.06,5
226,5,500,10.88,5
227,5,500,11.12,5
228,5,500,9.28,5
229,5,500,9.74,5
230,5,500,10.44,5
231,5,500,9.62,5
232,5,500,10.66,5
233,5,500,10.06,5
234,5,500,9.7,5
235,5,500,9.78,5
236,5,500,10.38,5
237,5,500,9.62,5
238,5,500,10.12,5
239,5,500,11.0,5
240,5,500,10.42,5
241,5,500,10.06,5
242,5,500,11.2,5
243,5,500,10.92,5
244,5,500,9.98,5
245,5,500,10.04,5
246,5,500,11.18,5
247,5,500,10.16,5
248,5,500,10.66,5
249,5,500,11.08,5
250,5,500,10.42,5
251,5,500,11.14,5
252,5,500,10.1,5
253,5,500,10.0,5
254,5,500,9.96,5
255,5,500,11.3,5
256,5,500,10.5,5
257,5,500,10.62,5
258,5,500,10.08,5
259,5,500,10.08,5
260,5,500,9.94,5
261,5,500,10.86,5
262,5,500,10.48,5
263,5,500,10.28,5
264,5,500,9.74,5
265,5,500,9.82,5
266,5,500,10.84,5
267,5,500,10.64,5
268,5,500,10.38,5
269,5,500,11.24,5
270,5,500,11.04,5
271,5,500,10.2,5
272,5,500,10.5,5
273,5,500,10.78,5
274,5,500,10.1,5
275,5,500,10.5,5
276,5,500,10.74,5
277,5,500,9.18,5
278,5,500,10.6,5
279,5,500,10.78,5
280,5,500,10.5,5
281,5,500,10.66,5
282,5,500,9.72,5
283,5,500,10.32,5
284,5,500,10.56,5
285,5,500,11.46,5
286,5,500,10.38,5
287,5,500,10.4,5
288,5,500,10.7,5
289,5,500,10.24,5
290,5,500,10.44,5
291,5,500,10.38,5
292,5,500,10.5,5
293,5,500,10.64,5
294,5,500,10.16,5
295,5,500,10.62,5
296,5,500,10.66,5
297,5,500,10.52,5
298,5,500,10.64,5
299,5,500,10.78,5
300,5,500,10.68,5
301,5,500,10.94,5
302,5,500,10.1,5
303,5,500,10.74,5
304,5,500,11.04,5
305,5,500,11.14,5
306,5,500,10.24,5
307,5,500,11.38,5
308,5,500,10.76,5
309,5,500,10.46,5
310,5,500,9.52,5
311,5,500,11.1,5
312,5,500,10.06,5
313,5,500,9.98,5
314,5,500,10.82,5
315,5,500,10.54,5
316,5,500,10.0,5
317,5,500,10.14,5
318,5,500,10.38,5
319,5,500,10.06,5
320,5,500,10.06,5
321,5,500,10.5,5
322,5,500,10.1,5
323,5,500,9.82,5
324,5,500,10.4,5
325,5,500,9.82,5
326,5,500,11.22,5
327,5,500,9.98,5
328,5,500,10.06,5
329,5,500,11.04,5
330,5,500,10.46,5
331,5,500,10.76,5
332,5,500,10.32,5
333,5,500,9.72,5
334,5,500,10.42,5
335,5,500,10.72,5
336,5,500,10.18,5
337,5,500,10.82,5
338,5,500,9.92,5
339,5,500,10.14,5
340,5,500,10.44,5
341,5,500,11.12,5
342,5,500,11.96,5
343,5,500,11.34,5
344,5,500,9.74,5
345,5,500,10.72,4
346,5,500,9.0,4
347,5,500,10.1,4
348,5,500,9.9,4
349,5,500,8.66,4
350,5,500,9.86,4
351,5,500,10.26,4
352,5,500,10.24,4
353,5,500,9.96,4
354,5,500,9.4,4
355,5,500,9.5,4
356,5,500,10.04,4
357,5,500,10.24,4
358,5,500,10.08,4
359,5,500,10.08,4
360,5,500,9.96,4
361,5,500,9.36,4
362,5,500,9.76,4
363,5,500,9.92,4
364,5,500,9.9,4
365,5,500,9.44,4
366,5,500,9.46,4
367,5,500,10.22,4
368,5,500,9.12,4
369,5,500,10.32,4
370,5,500,10.22,4
371,5,500,9.72,4
372,5,500,9.0,4
373,5,500,9.04,4
374,5,500,9.62,4
375,5,500,10.54,4
376,5,500,9.38,4
377,5,500,9.02,4
378,5,500,8.7,4
379,5,500,9.42,4
380,5,500,9.84,4
381,5,500,10.74,4
382,5,500,10.04,4
383,5,500,9.92,4
384,5,500,10.38,4
385,5,500,9.7,4
386,5,500,8.72,4
387,5,500,9.06,4
388,5,500,10.08,4
389,5,500,10.58,4
390,5,500,10.62,3
391,5,500,9.02,3
392,5,500,8.84,3
393,5,500,9.42,3
394,5,500,8.14,3
395,5,500,8.62,3
396,5,500,8.58,3
397,5,500,8.56,3
398,5,500,8.82,3
399,5,500,8.8,3
400,5,500,9.36,3
401,5,500,9.72,3
402,5,500,8.9,3
403,5,500,8.08,3
404,5,500,8.34,3
405,5,500,8.96,3
406,5,500,8.5,3
407,5,500,8.94,3
408,5,500,9.12,3
409,5,500,9.62,3
410,5,500,8.08,3
411,5,500,8.48,3
412,5,500,8.2,3
413,5,500,8.44,3
414,5,500,8.26,3
415,5,500,8.74,3
416,5,500,7.92,3
417,5,500,9.06,3
418,5,500,8.88,3
419,5,500,8.62,3
420,5,500,8.74,3
421,5,500,8.26,3
422,5,500,8.52,3
423,5,500,9.5,3
424,5,500,9.06,3
425,5,500,8.38,3
426,5,500,8.38,3
427,5,500,9.08,3
428,5,500,9.58,3
429,5,500,8.44,3
430,5,500,9.2,3
431,5,500,9.18,3
432,5,500,8.56,3
433,5,500,7.74,3
434,5,500,8.92,3
435,5,500,8.3,3
436,5,500,9.0,3
437,5,500,8.84,3
438,5,500,8.86,3
439,5,500,9.08,3
440,5,500,8.9,3
441,5,500,9.48,3
442,5,500,7.78,3
443,5,500,7.76,3
444,5,500,7.78,3
445,5,500,9.9,3
446,5,500,9.14,3
447,5,500,8.1,3
448,5,500,8.3,3
449,5,500,9.52,3
450,5,500,8.22,3
451,5,500,8.42,3
452,5,500,8.88,3
453,5,500,8.84,3
454,5,500,8.32,3
455,5,500,8.74,3
456,5,500,9.0,3
457,5,500,9.38,3
458,5,500,8.68,3
459,5,500,8.84,3
460,5,500,8.38,3
461,5,500,8.92,3
462,5,500,8.68,3
463,5,500,9.76,3
464,5,500,8.88,3
465,5,500,8.16,3
466,5,500,8.46,3
467,5,500,9.1,3
468,5,500,9.64,3
469,5,500,8.24,3
470,5,500,8.04,3
471,5,500,9.22,3
472,5,500,8.88,3
473,5,500,8.3,3
474,5,500,7.98,3
475,5,500,9.38,3
476,5,500,7.66,3
477,5,500,8.2,3
478,5,500,7.98,3
479,5,500,8.3,3
480,5,500,8.16,3
481,5,500,8.5,3
482,5,500,8.34,3
483,5,500,8.3,3
484,5,500,8.1,3
485,5,500,8.84,3
486,5,500,9.24,3
487,5,500,9.3,3
488,5,500,9.34,3
489,5,500,8.94,3
490,5,500,9.02,3
491,5,500,8.76,3
492,5,500,9.2,3
493,5,500,8.86,3
494,5,500,7.4,3
495,5,500,9.38,3
496,5,500,8.0,3
497,5,500,8.78,3
498,5,500,9.28,3
499,5,500,7.88,3
500,5,500,9.0,3
0,1,2000,57.84,28
1,1,2000,40.82,28
2,1,2000,31.2,26
3,1,2000,29.66,22
4,1,2000,27.16,22
5,1,2000,25.64,21
6,1,2000,25.56,20
7,1,2000,24.64,19
8,1,2000,24.1,19
9,1,2000,23.0,19
10,1,2000,22.66,18
11,1,2000,21.88,18
12,1,2000,21.38,16
13,1,2000,21.06,16
14,1,2000,20.8,16
15,1,2000,20.86,16
16,1,2000,20.44,16
17,1,2000,19.84,16
18,1,2000,19.1,16
19,1,2000,19.98,16
20,1,2000,19.96,15
21,1,2000,20.02,15
22,1,2000,20.14,15
23,1,2000,18.6,14
24,1,2000,18.82,14
25,1,2000,17.46,14
26,1,2000,18.26,13
27,1,2000,18.06,11
28,1,2000,15.86,11
29,1,2000,15.88,11
30,1,2000,15.66,11
31,1,2000,15.24,11
32,1,2000,15.0,10
33,1,2000,15.98,10
34,1,2000,14.8,10
35,1,2000,15.3,10
36,1,2000,14.88,10
37,1,2000,14.96,10
38,1,2000,14.9,10
39,1,2000,14.66,10
40,1,2000,14.64,10
41,1,2000,14.98,10
42,1,2000,14.62,10
43,1,2000,14.38,10
44,1,2000,15.3,10
45,1,2000,14.52,10
46,1,2000,14.62,9
47,1,2000,13.86,9
48,1,2000,13.92,9
49,1,2000,13.86,9
50,1,2000,14.74,9
51,1,2000,15.4,9
52,1,2000,14.72,9
53,1,2000,14.54,9
54,1,2000,15.0,9
55,1,2000,14.62,9
56,1,2000,13.16,9
57,1,2000,13.94,9
58,1,2000,14.24,9
59,1,2000,14.1,9
60,1,2000,14.38,9
61,1,2000,13.62,9
62,1,2000,13.28,9
63,1,2000,13.58,9
64,1,2000,13.4,9
65,1,2000,14.3,9
66,1,2000,14.38,8
67,1,2000,13.7,8
68,1,2000,14.16,8
69,1,2000,13.4,8
70,1,2000,13.7,8
71,1,2000,13.52,8
72,1,2000,13.66,8
73,1,2000,13.5,8
74,1,2000,13.24,8
75,1,2000,12.52,8
76,1,2000,12.52,8
77,1,2000,13.12,8
78,1,2000,13.7,8
79,1,2000,12.62,8
80,1,2000,12.62,8
81,1,2000,12.18,8
82,1,2000,12.94,8
83,1,2000,12.66,8
84,1,2000,13.0,8
85,1,2000,13.96,8
86,1,2000,12.52,8
87,1,2000,13.42,8
88,1,2000,13.46,8
89,1,2000,12.4,8
90,1,2000,12.66,8
91,1,2000,12.5,8
92,1,2000,13.36,8
93,1,2000,12.56,8
94,1,2000,12.58,8
95,1,2000,13.14,8
96,1,2000,12.94,8
97,1,2000,14.16,8
98,1,2000,13.14,8
99,1,2000,12.98,8
100,1,2000,12.92,8
101,1,2000,12.8,8
102,1,2000,12.54,7
103,1,2000,12.58,7
104,1,2000,12.04,7
105,1,2000,11.72,7
106,1,2000,11.92,7
107,1,2000,11.9,6
108,1,2000,12.34,6
109,1,2000,11.06,6
110,1,2000,11.24,6
111,1,2000,10.22,6
112,1,2000,11.1,6
113,1,2000,10.64,6
114,1,2000,10.58,6
115,1,2000,10.96,6
116,1,2000,11.6,6
117,1,2000,10.66,6
118,1,2000,11.22,6
119,1,2000,10.88,6
120,1,2000,11.18,6
121,1,2000,10.78,6
122,1,2000,11.44,6
123,1,2000,11.3,6
124,1,2000,11.52,6
125,1,2000,11.22,6
126,1,2000,10.72,6
127,1,2000,11.54,6
128,1,2000,11.14,6
129,1,2000,11.38,6
130,1,2000,10.7,6
131,1,2000,11.52,6
132,1,2000,11.32,6
133,1,2000,11.42,6
134,1,2000,12.36,6
135,1,2000,12.26,6
136,1,2000,11.02,6
137,1,2000,11.38,6
138,1,2000,12.4,6
139,1,2000,12.4,6
140,1,2000,11.7,6
141,1,2000,11.98,6
142,1,2000,11.18,6
143,1,2000,11.14,6
144,1,2000,10.66,6
145,1,2000,11.48,6
146,1,2000,11.88,6
147,1,2000,11.84,6
148,1,2000,10.6,6
149,1,2000,10.72,6
150,1,2000,12.18,6
151,1,2000,11.76,6
152,1,2000,11.1,6
153,1,2000,11.0,6
154,1,2000,11.18,6
155,1,2000,11.42,5
156,1,2000,10.86,5
157,1,2000,9.64,5
158,1,2000,10.74,5
159,1,2000,10.84,5
160,1,2000,10.26,5
161,1,2000,10.1,5
162,1,2000,11.04,5
163,1,2000,11.64,5
164,1,2000,10.72,5
165,1,2000,9.54,5
166,1,2000,10.64,5
167,1,2000,10.84,5
168,1,2000,11.24,5
169,1,2000,11.5,5
170,1,2000,10.34,5
171,1,2000,11.38,5
172,1,2000,10.76,5
173,1,2000,9.9,5
174,1,2000,10.44,5
175,1,2000,10.86,5
176,1,2000,9.88,5
177,1,2000,10.2,5
178,1,2000,10.94,5
179,1,2000,9.76,5
180,1,2000,11.3,5
181,1,2000,10.24,5
182,1,2000,10.38,5
183,1,2000,9.7,5
184,1,2000,10.84,5
185,1,2000,8.98,5
186,1,2000,10.34,5
187,1,2000,10.28,5
188,1,2000,10.32,5
189,1,2000,10.2,5
190,1,2000,11.08,5
191,1,2000,10.52,5
192,1,2000,10.58,5
193,1,2000,9.5,5
194,1,2000,11.3,5
195,1,2000,10.28,5
196,1,2000,9.82,5
197,1,2000,9.96,5
198,1,2000,10.36,5
199,1,2000,10.56,5
200,1,2000,10.66,5
201,1,2000,10.2,5
202,1,2000,9.78,5
203,1,2000,11.14,5
204,1,2000,10.34,5
205,1,2000,10.14,5
206,1,2000,10.04,5
207,1,2000,9.56,5
208,1,2000,10.56,5
209,1,2000,10.58,5
210,1,2000,10.46,5
211,1,2000,10.42,4
212,1,2000,10.38,4
213,1,2000,9.66,4
214,1,2000,10.38,4
215,1,2000,9.92,4
216,1,2000,9.28,4
217,1,2000,8.94,4
218,1,2000,9.26,4
219,1,2000,9.42,4
220,1,2000,9.16,4
221,1,2000,9.78,4
222,1,2000,9.6,4
223,1,2000,10.02,4
224,1,2000,9.8,4
225,1,2000,9.68,4
226,1,2000,9.22,4
227,1,2000,9.46,4
228,1,2000,10.06,4
229,1,2000,9.64,4
230,1,2000,9.86,4
231,1,2000,9.98,4
232,1,2000,9.58,4
233,1,2000,9.9,4
234,1,2000,10.54,4
235,1,2000,9.7,4
236,1,2000,9.32,4
237,1,2000,10.46,4
238,1,2000,9.64,4
239,1,2000,9.66,4
240,1,2000,9.78,4
241,1,2000,9.84,4
242,1,2000,9.68,4
243,1,2000,9.96,4
244,1,2000,9.94,4
245,1,2000,10.16,4
246,1,2000,9.68,4
247,1,2000,9.92,4
248,1,2000,9.72,4
249,1,2000,9.58,3
250,1,2000,8.7,3
251,1,2000,9.12,3
252,1,2000,8.54,3
253,1,2000,9.16,3
254,1,2000,8.56,3
255,1,2000,8.92,3
256,1,2000,9.32,3
257,1,2000,9.14,3
258,1,2000,8.22,3
259,1,2000,8.82,3
260,1,2000,9.74,3
261,1,2000,8.22,3
262,1,2000,8.64,3
263,1,2000,8.46,3
264,1,2000,9.24,3
265,1,2000,8.9,3
266,1,2000,8.7,3
267,1,2000,8.74,3
268,1,2000,8.24,3
269,1,2000,9.12,3
270,1,2000,9.32,3
271,1,2000,8.92,3
272,1,2000,8.54,3
273,1,2000,8.96,3
274,1,2000,8.82,3
275,1,2000,8.06,3
276,1,2000,9.3,3
277,1,2000,9.4,3
278,1,2000,7.56,3
279,1,2000,8.24,3
280,1,2000,9.28,3
281,1,2000,9.74,3
282,1,2000,8.34,3
283,1,2000,7.96,3
284,1,2000,9.1,3
285,1,2000,8.94,3
286,1,2000,8.5,3
287,1,2000,9.04,3
288,1,2000,8.86,3
289,1,2000,9.6,3
290,1,2000,9.38,3
291,1,2000,8.88,3
292,1,2000,8.54,3
293,1,2000,8.72,3
294,1,2000,9.52,3
295,1,2000,9.66,3
296,1,2000,9.6,3
297,1,2000,8.78,3
298,1,2000,8.78,3
299,1,2000,8.0,3
300,1,2000,9.12,3
301,1,2000,9.04,3
302,1,2000,8.76,3
303,1,2000,8.08,3
304,1,2000,9.12,3
305,1,2000,8.04,3
306,1,2000,8.72,3
307,1,2000,9.16,3
308,1,2000,8.74,3
309,1,2000,8.94,3
310,1,2000,8.42,3
311,1,2000,8.24,3
312,1,2000,8.84,3
313,1,2000,9.54,3
314,1,2000,8.68,3
315,1,2000,9.7,3
316,1,2000,9.54,3
317,1,2000,10.56,3
318,1,2000,9.5,2
319,1,2000,7.72,2
320,1,2000,8.18,2
321,1,2000,8.32,2
322,1,2000,8.26,2
323,1,2000,7.04,2
324,1,2000,7.72,2
325,1,2000,8.32,2
326,1,2000,7.3,2
327,1,2000,7.24,2
328,1,2000,7.84,2
329,1,2000,7.62,2
330,1,2000,7.78,2
331,1,2000,8.3,2
332,1,2000,8.0,2
333,1,2000,8.38,2
334,1,2000,8.52,2
335,1,2000,8.42,2
336,1,2000,8.26,2
337,1,2000,8.2,2
338,1,2000,8.16,2
339,1,2000,8.28,2
340,1,2000,8.06,2
341,1,2000,7.36,2
342,1,2000,7.62,2
343,1,2000,7.74,2
344,1,2000,8.64,2
345,1,2000,8.7,2
346,1,2000,7.76,2
347,1,2000,7.68,2
348,1,2000,7.56,2
349,1,2000,8.1,2
350,1,2000,9.0,2
351,1,2000,7.98,2
352,1,2000,7.68,2
353,1,2000,8.34,2
354,1,2000,6.94,2
355,1,2000,6.94,2
356,1,2000,7.88,2
357,1,2000,8.36,2
358,1,2000,8.0,2
359,1,2000,7.2,2
360,1,2000,6.92,2
361,1,2000,8.5,2
362,1,2000,8.26,2
363,1,2000,8.28,2
364,1,2000,8.96,2
365,1,2000,8.0,2
366,1,2000,6.92,2
367,1,2000,7.88,2
368,1,2000,8.0,2
369,1,2000,8.02,2
370,1,2000,8.42,2
371,1,2000,8.08,2
372,1,2000,7.32,2
373,1,2000,7.68,2
374,1,2000,8.96,2
375,1,2000,8.28,2
376,1,2000,8.2,2
377,1,2000,6.98,2
378,1,2000,7.54,2
379,1,2000,7.66,2
380,1,2000,7.32,2
381,1,2000,8.32,2
382,1,2000,7.92,2
383,1,2000,8.04,2
384,1,2000,7.26,2
385,1,2000,8.0,2
386,1,2000,6.88,2
387,1,2000,7.74,2
388,1,2000,8.12,2
389,1,2000,7.96,2
390,1,2000,7.32,2
391,1,2000,8.64,2
392,1,2000,7.78,2
393,1,2000,8.12,2
394,1,2000,8.54,2
395,1,2000,9.28,2
396,1,2000,7.92,2
397,1,2000,7.48,2
398,1,2000,7.94,2
399,1,2000,7.38,2
400,1,2000,7.28,2
401,1,2000,7.26,2
402,1,2000,8.56,2
403,1,2000,7.62,2
404,1,2000,7.82,2
405,1,2000,7.9,2
406,1,2000,7.36,2
407,1,2000,7.9,2
408,1,2000,7.82,2
409,1,2000,7.58,2
410,1,2000,8.0,2
411,1,2000,8.42,2
412,1,2000,6.9,2
413,1,2000,8.9,2
414,1,2000,7.68,2
415,1,2000,8.12,2
416,1,2000,7.86,2
417,1,2000,7.82,2
418,1,2000,9.02,2
419,1,2000,8.52,2
420,1,2000,8.08,2
421,1,2000,8.06,2
422,1,2000,7.72,2
423,1,2000,7.88,2
424,1,2000,7.52,2
425,1,2000,7.0,2
426,1,2000,7.34,2
427,1,2000,8.34,2
428,1,2000,7.04,2
429,1,2000,7.4,2
430,1,2000,8.18,2
431,1,2000,8.22,2
432,1,2000,8.06,2
433,1,2000,8.18,2
434,1,2000,7.62,2
435,1,2000,8.26,2
436,1,2000,8.06,2
437,1,2000,7.72,2
438,1,2000,8.14,2
439,1,2000,7.56,2
440,1,2000,6.78,2
441,1,2000,7.98,2
442,1,2000,7.66,2
443,1,2000,7.04,2
444,1,2000,7.34,2
445,1,2000,7.8,2
446,1,2000,7.38,2
447,1,2000,7.46,2
448,1,2000,9.26,2
449,1,2000,8.2,2
450,1,2000,7.46,2
451,1,2000,7.04,2
452,1,2000,7.72,2
453,1,2000,7.66,2
454,1,2000,7.3,2
455,1,2000,7.14,2
456,1,2000,8.2,2
457,1,2000,7.42,2
458,1,2000,7.74,2
459,1,2000,7.34,2
460,1,2000,7.78,2
461,1,2000,6.7,2
462,1,2000,8.14,2
463,1,2000,8.36,2
464,1,2000,8.42,2
465,1,2000,7.78,2
466,1,2000,9.24,2
467,1,2000,9.62,2
468,1,2000,7.88,2
469,1,2000,7.56,2
470,1,2000,8.26,2
471,1,2000,7.14,2
472,1,2000,7.68,2
473,1,2000,8.14,2
474,1,2000,7.76,2
475,1,2000,7.2,2
476,1,2000,7.88,2
477,1,2000,7.82,2
478,1,2000,8.56,2
479,1,2000,8.2,2
480,1,2000,7.8,2
481,1,2000,7.56,2
482,1,2000,7.8,2
483,1,2000,7.86,2
484,1,2000,7.26,2
485,1,2000,8.04,2
486,1,2000,8.7,2
487,1,2000,7.42,2
488,1,2000,7.28,2
489,1,2000,8.22,2
490,1,2000,7.56,2
491,1,2000,8.52,2
492,1,2000,8.48,2
493,1,2000,7.42,2
494,1,2000,7.7,2
495,1,2000,8.1,2
496,1,2000,7.88,2
497,1,2000,8.24,2
498,1,2000,8.4,2
499,1,2000,8.28,2
500,1,2000,8.12,2
501,1,2000,7.86,2
502,1,2000,7.32,2
503,1,2000,6.96,2
504,1,2000,8.28,2
505,1,2000,7.82,2
506,1,2000,8.36,2
507,1,2000,7.7,2
508,1,2000,7.18,2
509,1,2000,7.28,2
510,1,2000,8.44,2
511,1,2000,8.06,2
512,1,2000,7.08,2
513,1,2000,8.62,2
514,1,2000,8.76,2
515,1,2000,8.22,2
516,1,2000,8.5,2
517,1,2000,8.18,2
518,1,2000,7.82,2
519,1,2000,8.2,2
520,1,2000,7.52,2
521,1,2000,7.42,2
522,1,2000,8.76,2
523,1,2000,9.28,2
524,1,2000,9.6,2
525,1,2000,8.62,2
526,1,2000,9.0,2
527,1,2000,8.68,2
528,1,2000,7.94,2
529,1,2000,7.98,2
530,1,2000,8.22,2
531,1,2000,7.66,2
532,1,2000,8.38,2
533,1,2000,8.32,2
534,1,2000,8.28,2
535,1,2000,7.68,2
536,1,2000,8.88,2
537,1,2000,7.9,2
538,1,2000,8.52,2
539,1,2000,8.42,2
540,1,2000,8.82,2
541,1,2000,8.66,2
542,1,2000,8.26,2
543,1,2000,9.14,2
544,1,2000,8.6,2
545,1,2000,7.4,2
546,1,2000,8.52,2
547,1,2000,8.18,2
548,1,2000,7.8,2
549,1,2000,8.2,2
550,1,2000,7.38,2
551,1,2000,7.1,2
552,1,2000,7.64,2
553,1,2000,6.4,2
554,1,2000,7.6,2
555,1,2000,7.12,2
556,1,2000,7.54,2
557,1,2000,8.18,2
558,1,2000,7.94,2
559,1,2000,7.74,2
560,1,2000,8.06,2
561,1,2000,7.12,2
562,1,2000,7.48,2
563,1,2000,7.5,2
564,1,2000,7.88,2
565,1,2000,7.98,2
566,1,2000,8.16,2
567,1,2000,7.94,2
568,1,2000,8.22,2
569,1,2000,7.8,2
570,1,2000,7.68,2
571,1,2000,8.44,2
572,1,2000,8.5,2
573,1,2000,8.36,2
574,1,2000,8.54,2
575,1,2000,7.84,2
576,1,2000,7.6,2
577,1,2000,7.9,2
578,1,2000,7.18,2
579,1,2000,7.54,2
580,1,2000,7.56,2
581,1,2000,7.54,2
582,1,2000,7.76,2
583,1,2000,8.46,2
584,1,2000,7.28,2
585,1,2000,8.54,2
586,1,2000,7.58,2
587,1,2000,7.36,2
588,1,2000,7.64,2
589,1,2000,7.04,2
590,1,2000,6.34,2
591,1,2000,7.16,2
592,1,2000,8.5,2
593,1,2000,7.06,2
594,1,2000,7.32,2
595,1,2000,7.36,2
596,1,2000,7.86,2
597,1,2000,7.0,2
598,1,2000,7.38,2
599,1,2000,6.82,2
600,1,2000,7.3,2
601,1,2000,7.84,2
602,1,2000,6.52,2
603,1,2000,7.44,2
604,1,2000,7.78,2
605,1,2000,8.34,2
606,1,2000,7.96,2
607,1,2000,8.86,2
608,1,2000,8.12,2
609,1,2000,8.7,2
610,1,2000,8.12,2
611,1,2000,8.36,2
612,1,2000,8.08,2
613,1,2000,6.6,2
614,1,2000,7.46,2
615,1,2000,8.12,2
616,1,2000,7.22,2
617,1,2000,7.66,2
618,1,2000,8.18,2
619,1,2000,7.5,2
620,1,2000,7.6,2
621,1,2000,7.92,2
622,1,2000,8.16,2
623,1,2000,7.92,2
624,1,2000,8.04,2
625,1,2000,8.74,2
626,1,2000,7.44,2
627,1,2000,7.98,2
628,1,2000,7.8,2
629,1,2000,7.2,2
630,1,2000,7.74,2
631,1,2000,8.6,2
632,1,2000,7.4,2
633,1,2000,8.06,2
634,1,2000,8.38,2
635,1,2000,8.04,2
636,1,2000,7.82,2
637,1,2000,6.96,2
638,1,2000,8.68,2
639,1,2000,7.72,2
640,1,2000,7.58,2
641,1,2000,7.08,2
642,1,2000,6.8,2
643,1,2000,8.12,2
644,1,2000,8.58,2
645,1,2000,8.2,2
646,1,2000,7.4,2
647,1,2000,7.9,2
648,1,2000,7.66,2
649,1,2000,8.32,2
650,1,2000,8.4,2
651,1,2000,8.06,2
652,1,2000,7.22,2
653,1,2000,7.2,2
654,1,2000,8.28,2
655,1,2000,7.66,2
656,1,2000,8.26,2
657,1,2000,7.08,2
658,1,2000,7.58,2
659,1,2000,9.14,2
660,1,2000,7.78,2
661,1,2000,7.5,2
662,1,2000,8.08,2
663,1,2000,8.04,2
664,1,2000,8.08,2
665,1,2000,8.1,2
666,1,2000,8.98,2
667,1,2000,7.08,2
668,1,2000,7.52,2
669,1,2000,8.6,2
670,1,2000,8.06,2
671,1,2000,8.2,2
672,1,2000,8.48,2
673,1,2000,8.28,2
674,1,2000,8.44,2
675,1,2000,8.36,2
676,1,2000,7.18,2
677,1,2000,7.2,2
678,1,2000,7.76,2
679,1,2000,7.04,2
680,1,2000,8.56,2
681,1,2000,8.38,2
682,1,2000,7.7,2
683,1,2000,7.7,2
684,1,2000,7.44,2
685,1,2000,7.58,2
686,1,2000,8.38,2
687,1,2000,7.78,2
688,1,2000,7.8,2
689,1,2000,6.98,2
690,1,2000,8.38,2
691,1,2000,8.4,2
692,1,2000,7.64,2
693,1,2000,7.22,2
694,1,2000,8.38,2
695,1,2000,7.74,2
696,1,2000,6.98,2
697,1,2000,6.72,2
698,1,2000,7.58,2
699,1,2000,7.06,2
700,1,2000,7.24,2
701,1,2000,8.58,2
702,1,2000,7.66,2
703,1,2000,8.42,2
704,1,2000,7.62,2
705,1,2000,8.48,2
706,1,2000,7.58,2
707,1,2000,8.08,2
708,1,2000,8.68,2
709,1,2000,9.06,2
710,1,2000,8.92,2
711,1,2000,7.9,2
712,1,2000,7.9,2
713,1,2000,8.7,2
714,1,2000,6.74,2
715,1,2000,8.08,2
716,1,2000,8.7,2
717,1,2000,8.04,2
718,1,2000,7.64,2
719,1,2000,7.16,2
720,1,2000,7.78,2
721,1,2000,7.96,2
722,1,2000,8.64,2
723,1,2000,8.54,2
724,1,2000,7.86,2
725,1,2000,7.7,2
726,1,2000,6.92,1
727,1,2000,7.52,1
728,1,2000,7.64,1
729,1,2000,6.9,1
730,1,2000,7.12,1
731,1,2000,7.2,1
732,1,2000,7.08,1
733,1,2000,6.88,1
734,1,2000,7.36,1
735,1,2000,6.88,1
736,1,2000,8.38,1
737,1,2000,6.42,1
738,1,2000,6.44,1
739,1,2000,6.2,1
740,1,2000,7.16,1
741,1,2000,7.44,1
742,1,2000,6.6,1
743,1,2000,8.74,1
744,1,2000,7.32,1
745,1,2000,6.94,1
746,1,2000,6.88,1
747,1,2000,7.3,1
748,1,2000,6.74,1
749,1,2000,6.58,1
750,1,2000,6.18,1
751,1,2000,7.46,1
752,1,2000,6.66,1
753,1,2000,7.24,1
754,1,2000,7.28,1
755,1,2000,6.58,1
756,1,2000,5.74,1
757,1,2000,6.62,1
758,1,2000,6.64,1
759,1,2000,6.9,1
760,1,2000,6.54,1
761,1,2000,6.06,1
762,1,2000,7.56,1
763,1,2000,6.88,1
764,1,2000,7.62,1
765,1,2000,6.98,1
766,1,2000,7.32,1
767,1,2000,6.7,1
768,1,2000,6.6,1
769,1,2000,7.16,1
770,1,2000,6.46,1
771,1,2000,7.14,1
772,1,2000,7.5,1
773,1,2000,6.96,1
774,1,2000,6.92,1
775,1,2000,7.1,1
776,1,2000,6.76,1
777,1,2000,6.88,1
778,1,2000,6.04,1
779,1,2000,7.4,1
780,1,2000,7.92,1
781,1,2000,7.2,1
782,1,2000,7.06,1
783,1,2000,6.22,1
784,1,2000,6.6,1
785,1,2000,6.34,1
786,1,2000,6.96,1
787,1,2000,7.8,1
788,1,2000,7.34,1
789,1,2000,6.54,1
790,1,2000,6.44,1
791,1,2000,7.38,1
792,1,2000,7.38,1
793,1,2000,6.78,1
794,1,2000,7.34,1
795,1,2000,7.72,1
796,1,2000,6.38,1
797,1,2000,6.72,1
798,1,2000,6.0,1
799,1,2000,7.5,1
800,1,2000,7.02,1
801,1,2000,6.78,1
802,1,2000,7.28,1
803,1,2000,7.48,1
804,1,2000,6.74,1
805,1,2000,7.16,1
806,1,2000,7.68,1
807,1,2000,7.7,1
808,1,2000,7.34,1
809,1,2000,7.78,1
810,1,2000,7.3,1
811,1,2000,7.18,1
812,1,2000,6.98,1
813,1,2000,7.66,1
814,1,2000,6.72,1
815,1,2000,7.34,1
816,1,2000,6.82,1
817,1,2000,6.92,1
818,1,2000,6.44,1
819,1,2000,6.46,1
820,1,2000,5.86,1
821,1,2000,6.5,1
822,1,2000,7.0,1
823,1,2000,6.36,1
824,1,2000,7.02,1
825,1,2000,7.28,1
826,1,2000,7.14,1
827,1,2000,8.08,1
828,1,2000,7.2,1
829,1,2000,6.7,1
830,1,2000,6.74,1
831,1,2000,6.34,1
832,1,2000,7.04,1
833,1,2000,6.94,1
834,1,2000,7.0,1
835,1,2000,6.6,1
836,1,2000,6.46,1
837,1,2000,5.98,1
838,1,2000,7.48,1
839,1,2000,6.7,1
840,1,2000,6.48,1
841,1,2000,6.9,1
842,1,2000,7.34,1
843,1,2000,6.28,1
844,1,2000,6.9,1
845,1,2000,7.14,1
846,1,2000,6.98,1
847,1,2000,6.78,1
848,1,2000,6.84,1
849,1,2000,7.16,1
850,1,2000,7.96,1
851,1,2000,6.78,1
852,1,2000,6.68,1
853,1,2000,7.32,1
854,1,2000,7.22,1
855,1,2000,7.14,1
856,1,2000,7.22,1
857,1,2000,7.12,1
858,1,2000,6.36,1
859,1,2000,6.08,1
860,1,2000,6.92,1
861,1,2000,6.82,1
862,1,2000,5.66,1
863,1,2000,6.04,1
864,1,2000,6.7,1
865,1,2000,6.64,1
866,1,2000,6.5,1
867,1,2000,7.18,1
868,1,2000,7.76,1
869,1,2000,8.38,1
870,1,2000,7.76,1
871,1,2000,7.78,1
872,1,2000,7.7,1
873,1,2000,7.94,1
874,1,2000,6.94,1
875,1,2000,7.08,1
876,1,2000,8.04,1
877,1,2000,7.06,1
878,1,2000,6.66,1
879,1,2000,6.76,1
880,1,2000,6.62,1
881,1,2000,6.86,1
882,1,2000,8.14,1
883,1,2000,6.82,1
884,1,2000,7.5,1
885,1,2000,6.76,1
886,1,2000,6.84,1
887,1,2000,6.28,1
888,1,2000,8.04,1
889,1,2000,7.2,1
890,1,2000,7.48,1
891,1,2000,6.42,1
892,1,2000,6.98,1
893,1,2000,5.78,1
894,1,2000,7.24,1
895,1,2000,6.72,1
896,1,2000,6.72,1
897,1,2000,6.98,1
898,1,2000,6.7,1
899,1,2000,7.32,1
900,1,2000,6.48,1
901,1,2000,7.14,1
902,1,2000,6.2,1
903,1,2000,7.14,1
904,1,2000,6.6,1
905,1,2000,7.46,1
906,1,2000,6.58,1
907,1,2000,7.36,1
908,1,2000,7.46,1
909,1,2000,7.54,1
910,1,2000,6.6,1
911,1,2000,6.92,1
912,1,2000,6.92,1
913,1,2000,6.78,1
914,1,2000,6.84,1
915,1,2000,6.58,1
916,1,2000,6.64,1
917,1,2000,6.1,1
918,1,2000,6.8,1
919,1,2000,6.66,1
920,1,2000,6.68,1
921,1,2000,6.54,1
922,1,2000,6.8,1
923,1,2000,7.36,1
924,1,2000,6.96,1
925,1,2000,6.74,1
926,1,2000,6.84,1
927,1,2000,7.34,1
928,1,2000,7.64,1
929,1,2000,6.64,1
930,1,2000,6.1,1
931,1,2000,7.58,1
932,1,2000,6.68,1
933,1,2000,6.36,1
934,1,2000,7.32,1
935,1,2000,7.22,1
936,1,2000,6.4,1
937,1,2000,7.68,1
938,1,2000,8.04,1
939,1,2000,6.06,1
940,1,2000,5.68,1
941,1,2000,6.3,1
942,1,2000,6.8,1
943,1,2000,7.44,1
944,1,2000,7.24,1
945,1,2000,6.74,1
946,1,2000,6.74,1
947,1,2000,6.12,1
948,1,2000,7.12,1
949,1,2000,7.24,1
950,1,2000,6.46,1
951,1,2000,5.6,1
952,1,2000,5.8,1
953,1,2000,6.2,1
954,1,2000,6.36,1
955,1,2000,6.38,1
956,1,2000,6.74,1
957,1,2000,7.86,1
958,1,2000,6.48,1
959,1,2000,7.12,1
960,1,2000,5.98,1
961,1,2000,6.7,1
962,1,2000,6.8,1
963,1,2000,6.3,1
964,1,2000,7.06,1
965,1,2000,6.68,1
966,1,2000,6.66,1
967,1,2000,6.74,1
968,1,2000,7.22,1
969,1,2000,6.84,1
970,1,2000,7.34,1
971,1,2000,8.06,1
972,1,2000,7.54,1
973,1,2000,7.42,1
974,1,2000,5.98,1
975,1,2000,6.72,1
976,1,2000,7.42,1
977,1,2000,6.74,1
978,1,2000,7.36,1
979,1,2000,6.44,1
980,1,2000,5.68,1
981,1,2000,6.48,1
982,1,2000,7.3,1
983,1,2000,7.16,1
984,1,2000,6.74,1
985,1,2000,5.88,1
986,1,2000,5.8,1
987,1,2000,6.94,1
988,1,2000,7.12,1
989,1,2000,6.0,1
990,1,2000,6.14,1
991,1,2000,7.16,1
992,1,2000,6.46,1
993,1,2000,6.84,1
994,1,2000,6.88,1
995,1,2000,8.86,1
996,1,2000,7.24,1
997,1,2000,7.7,1
998,1,2000,7.74,1
999,1,2000,7.06,1
1000,1,2000,8.12,1
1001,1,2000,7.9,1
1002,1,2000,7.5,1
1003,1,2000,7.1,1
1004,1,2000,7.84,1
1005,1,2000,6.82,1
1006,1,2000,7.18,1
1007,1,2000,5.72,1
1008,1,2000,6.62,1
1009,1,2000,6.78,1
1010,1,2000,6.92,1
1011,1,2000,6.66,1
1012,1,2000,6.98,1
1013,1,2000,7.58,1
1014,1,2000,7.06,1
1015,1,2000,7.04,1
1016,1,2000,6.14,1
1017,1,2000,6.82,1
1018,1,2000,7.02,1
1019,1,2000,6.38,1
1020,1,2000,6.14,1
1021,1,2000,6.92,1
1022,1,2000,6.7,1
1023,1,2000,7.46,1
1024,1,2000,5.68,1
1025,1,2000,7.18,1
1026,1,2000,6.36,1
1027,1,2000,6.12,1
1028,1,2000,7.0,1
1029,1,2000,7.66,1
1030,1,2000,7.32,1
1031,1,2000,7.18,1
1032,1,2000,6.4,1
1033,1,2000,7.16,1
1034,1,2000,7.28,1
1035,1,2000,6.9,1
1036,1,2000,6.14,1
1037,1,2000,7.12,1
1038,1,2000,7.48,1
1039,1,2000,7.6,1
1040,1,2000,6.88,1
1041,1,2000,7.66,1
1042,1,2000,7.2,1
1043,1,2000,7.32,1
1044,1,2000,6.56,1
1045,1,2000,7.06,1
1046,1,2000,6.34,1
1047,1,2000,6.74,1
1048,1,2000,6.92,1
1049,1,2000,7.04,1
1050,1,2000,6.58,1
1051,1,2000,6.58,1
1052,1,2000,6.06,1
1053,1,2000,7.68,1
1054,1,2000,7.32,1
1055,1,2000,6.94,1
1056,1,2000,6.48,1
1057,1,2000,6.24,1
1058,1,2000,7.34,1
1059,1,2000,7.42,1
1060,1,2000,7.12,1
1061,1,2000,7.4,1
1062,1,2000,7.22,1
1063,1,2000,7.12,1
1064,1,2000,7.04,1
1065,1,2000,6.74,1
1066,1,2000,6.24,1
1067,1,2000,6.86,1
1068,1,2000,7.16,1
1069,1,2000,6.52,1
1070,1,2000,6.86,1
1071,1,2000,6.02,1
1072,1,2000,6.58,1
1073,1,2000,6.3,1
1074,1,2000,7.16,1
1075,1,2000,7.2,1
1076,1,2000,7.9,1
1077,1,2000,7.12,1
1078,1,2000,7.52,1
1079,1,2000,8.02,1
1080,1,2000,7.54,1
1081,1,2000,6.54,1
1082,1,2000,7.2,1
1083,1,2000,7.7,1
1084,1,2000,6.7,1
1085,1,2000,6.12,1
1086,1,2000,7.28,1
1087,1,2000,7.26,1
1088,1,2000,7.6,1
1089,1,2000,7.84,1
1090,1,2000,7.4,1
1091,1,2000,6.66,1
1092,1,2000,7.28,1
1093,1,2000,6.28,1
1094,1,2000,6.74,1
1095,1,2000,6.38,1
1096,1,2000,6.5,1
1097,1,2000,6.16,1
1098,1,2000,6.24,1
1099,1,2000,6.16,1
1100,1,2000,5.78,1
1101,1,2000,6.3,1
1102,1,2000,6.62,1
1103,1,2000,7.42,1
1104,1,2000,6.82,1
1105,1,2000,7.42,1
1106,1,2000,7.74,1
1107,1,2000,7.6,1
1108,1,2000,7.3,1
1109,1,2000,7.78,1
1110,1,2000,7.06,1
1111,1,2000,7.12,1
1112,1,2000,7.88,1
1113,1,2000,7.38,1
1114,1,2000,6.3,1
1115,1,2000,7.24,1
1116,1,2000,7.56,1
1117,1,2000,7.28,1
1118,1,2000,7.12,1
1119,1,2000,7.22,1
1120,1,2000,7.04,1
1121,1,2000,7.98,1
1122,1,2000,8.1,1
1123,1,2000,8.04,1
1124,1,2000,8.48,1
1125,1,2000,6.8,1
1126,1,2000,6.32,1
1127,1,2000,7.94,1
1128,1,2000,7.82,1
1129,1,2000,7.4,1
1130,1,2000,7.32,1
1131,1,2000,6.18,1
1132,1,2000,6.1,1
1133,1,2000,6.64,1
1134,1,2000,5.94,1
1135,1,2000,7.0,1
1136,1,2000,6.78,1
1137,1,2000,8.02,1
1138,1,2000,6.62,1
1139,1,2000,6.68,1
1140,1,2000,6.84,1
1141,1,2000,7.14,1
1142,1,2000,7.76,1
1143,1,2000,7.2,1
1144,1,2000,6.84,1
1145,1,2000,8.16,1
1146,1,2000,8.8,1
1147,1,2000,7.22,1
1148,1,2000,8.16,1
1149,1,2000,7.1,1
1150,1,2000,6.96,1
1151,1,2000,7.32,1
1152,1,2000,7.2,1
1153,1,2000,7.18,1
1154,1,2000,6.2,1
1155,1,2000,6.94,1
1156,1,2000,6.62,1
1157,1,2000,5.76,1
1158,1,2000,6.78,1
1159,1,2000,6.7,1
1160,1,2000,6.94,1
1161,1,2000,6.92,1
1162,1,2000,7.02,1
1163,1,2000,6.76,1
1164,1,2000,6.44,1
1165,1,2000,6.46,1
1166,1,2000,6.68,1
1167,1,2000,7.3,1
1168,1,2000,7.46,1
1169,1,2000,5.64,1
1170,1,2000,6.96,1
1171,1,2000,6.94,1
1172,1,2000,6.68,1
1173,1,2000,6.42,1
1174,1,2000,6.28,1
1175,1,2000,7.36,1
1176,1,2000,6.68,1
1177,1,2000,7.5,1
1178,1,2000,6.74,1
1179,1,2000,6.76,1
1180,1,2000,7.32,1
1181,1,2000,5.7,1
1182,1,2000,6.12,1
1183,1,2000,6.12,1
1184,1,2000,5.76,1
1185,1,2000,6.78,1
1186,1,2000,7.06,1
1187,1,2000,7.26,1
1188,1,2000,6.94,1
1189,1,2000,8.0,1
1190,1,2000,7.28,1
1191,1,2000,6.36,1
1192,1,2000,6.32,1
1193,1,2000,7.46,1
1194,1,2000,7.12,1
1195,1,2000,7.6,1
1196,1,2000,6.7,1
1197,1,2000,8.56,1
1198,1,2000,7.42,1
1199,1,2000,7.12,1
1200,1,2000,7.46,1
1201,1,2000,6.16,1
1202,1,2000,6.36,1
1203,1,2000,6.86,1
1204,1,2000,7.0,1
1205,1,2000,7.58,1
1206,1,2000,8.12,1
1207,1,2000,7.2,1
1208,1,2000,6.34,1
1209,1,2000,6.46,1
1210,1,2000,6.82,1
1211,1,2000,7.16,1
1212,1,2000,7.48,1
1213,1,2000,7.1,1
1214,1,2000,6.86,1
1215,1,2000,7.1,1
1216,1,2000,7.38,1
1217,1,2000,7.54,1
1218,1,2000,7.26,1
1219,1,2000,6.62,1
1220,1,2000,7.28,1
1221,1,2000,6.42,1
1222,1,2000,6.44,1
1223,1,2000,7.0,1
1224,1,2000,7.82,1
1225,1,2000,6.54,1
1226,1,2000,6.2,1
1227,1,2000,6.72,1
1228,1,2000,7.22,1
1229,1,2000,6.1,1
1230,1,2000,6.16,1
1231,1,2000,7.02,1
1232,1,2000,7.62,1
1233,1,2000,7.24,1
1234,1,2000,6.5,1
1235,1,2000,6.8,1
1236,1,2000,6.76,1
1237,1,2000,7.14,1
1238,1,2000,6.02,1
1239,1,2000,6.66,1
1240,1,2000,6.8,1
1241,1,2000,7.1,1
1242,1,2000,7.1,1
1243,1,2000,6.8,1
1244,1,2000,7.0,1
1245,1,2000,7.36,1
1246,1,2000,6.86,1
1247,1,2000,7.84,1
1248,1,2000,7.3,1
1249,1,2000,6.68,1
1250,1,2000,7.42,1
1251,1,2000,7.2,1
1252,1,2000,7.18,1
1253,1,2000,6.32,1
1254,1,2000,6.4,1
1255,1,2000,7.72,1
1256,1,2000,7.34,1
1257,1,2000,6.54,1
1258,1,2000,6.26,1
1259,1,2000,6.56,1
1260,1,2000,6.24,1
1261,1,2000,6.6,1
1262,1,2000,6.54,1
1263,1,2000,7.14,1
1264,1,2000,7.66,1
1265,1,2000,6.52,1
1266,1,2000,7.04,1
1267,1,2000,7.68,1
1268,1,2000,8.16,1
1269,1,2000,7.22,1
1270,1,2000,7.58,1
1271,1,2000,7.36,1
1272,1,2000,7.8,1
1273,1,2000,6.68,1
1274,1,2000,6.62,1
1275,1,2000,6.48,1
1276,1,2000,8.2,1
1277,1,2000,6.78,1
1278,1,2000,6.94,1
1279,1,2000,6.74,1
1280,1,2000,7.34,1
1281,1,2000,7.42,1
1282,1,2000,7.34,1
1283,1,2000,7.32,1
1284,1,2000,6.22,1
1285,1,2000,6.78,1
1286,1,2000,6.86,1
1287,1,2000,5.9,1
1288,1,2000,6.22,1
1289,1,2000,6.86,1
1290,1,2000,7.62,1
1291,1,2000,6.88,1
1292,1,2000,8.1,1
1293,1,2000,7.64,1
1294,1,2000,6.7,1
1295,1,2000,6.96,1
1296,1,2000,7.26,1
1297,1,2000,7.24,1
1298,1,2000,7.52,1
1299,1,2000,6.3,1
1300,1,2000,7.54,1
1301,1,2000,6.38,1
1302,1,2000,7.3,1
1303,1,2000,7.8,1
1304,1,2000,7.28,1
1305,1,2000,6.9,1
1306,1,2000,5.86,1
1307,1,2000,6.64,1
1308,1,2000,7.92,1
1309,1,2000,7.7,1
1310,1,2000,7.48,1
1311,1,2000,7.9,1
1312,1,2000,7.66,1
1313,1,2000,7.48,1
1314,1,2000,5.8,1
1315,1,2000,7.34,1
1316,1,2000,6.42,1
1317,1,2000,5.76,1
1318,1,2000,5.64,1
1319,1,2000,6.9,1
1320,1,2000,7.36,1
1321,1,2000,5.96,1
1322,1,2000,6.5,1
1323,1,2000,6.84,1
1324,1,2000,6.68,1
1325,1,2000,6.32,1
1326,1,2000,7.04,1
1327,1,2000,7.7,1
1328,1,2000,6.48,1
1329,1,2000,7.02,1
1330,1,2000,6.86,1
1331,1,2000,6.76,1
1332,1,2000,7.7,1
1333,1,2000,7.52,1
1334,1,2000,7.3,1
1335,1,2000,7.0,1
1336,1,2000,7.86,1
1337,1,2000,8.12,1
1338,1,2000,6.66,1
1339,1,2000,6.2,1
1340,1,2000,6.62,1
1341,1,2000,6.98,1
1342,1,2000,7.2,1
1343,1,2000,7.82,1
1344,1,2000,6.58,1
1345,1,2000,7.3,1
1346,1,2000,6.8,1
1347,1,2000,7.4,1
1348,1,2000,6.76,1
1349,1,2000,6.84,1
1350,1,2000,6.92,1
1351,1,2000,8.0,1
1352,1,2000,6.9,1
1353,1,2000,5.64,1
1354,1,2000,7.32,1
1355,1,2000,7.92,1
1356,1,2000,7.5,1
1357,1,2000,7.06,1
1358,1,2000,6.8,1
1359,1,2000,5.62,1
1360,1,2000,6.04,1
1361,1,2000,6.3,1
1362,1,2000,7.58,1
1363,1,2000,6.94,1
1364,1,2000,6.26,1
1365,1,2000,6.96,1
1366,1,2000,8.16,1
1367,1,2000,6.54,1
1368,1,2000,6.6,1
1369,1,2000,6.3,1
1370,1,2000,7.34,1
1371,1,2000,7.66,1
1372,1,2000,7.4,1
1373,1,2000,6.24,1
1374,1,2000,7.06,1
1375,1,2000,6.74,1
1376,1,2000,7.04,1
1377,1,2000,7.88,1
1378,1,2000,6.64,1
1379,1,2000,6.88,1
1380,1,2000,6.46,1
1381,1,2000,6.64,1
1382,1,2000,7.24,1
1383,1,2000,7.38,1
1384,1,2000,6.72,1
1385,1,2000,7.06,1
1386,1,2000,7.46,1
1387,1,2000,6.88,1
1388,1,2000,7.38,1
1389,1,2000,6.54,1
1390,1,2000,6.9,1
1391,1,2000,7.38,1
1392,1,2000,7.8,1
1393,1,2000,7.16,1
1394,1,2000,6.52,1
1395,1,2000,7.06,1
1396,1,2000,7.56,1
1397,1,2000,7.68,1
1398,1,2000,8.08,1
1399,1,2000,6.44,1
1400,1,2000,6.74,1
1401,1,2000,7.58,1
1402,1,2000,7.7,1
1403,1,2000,7.66,1
1404,1,2000,7.24,1
1405,1,2000,7.16,1
1406,1,2000,7.44,1
1407,1,2000,7.2,1
1408,1,2000,7.9,1
1409,1,2000,6.94,1
1410,1,2000,7.64,1
1411,1,2000,7.5,1
1412,1,2000,6.68,1
1413,1,2000,8.1,1
1414,1,2000,7.94,1
1415,1,2000,8.0,1
1416,1,2000,6.42,1
1417,1,2000,6.62,1
1418,1,2000,6.86,1
1419,1,2000,6.84,1
1420,1,2000,7.54,1
1421,1,2000,6.58,1
1422,1,2000,6.36,1
1423,1,2000,6.0,1
1424,1,2000,6.86,1
1425,1,2000,6.34,1
1426,1,2000,7.66,1
1427,1,2000,6.0,1
1428,1,2000,7.02,1
1429,1,2000,7.74,1
1430,1,2000,7.14,1
1431,1,2000,7.7,1
1432,1,2000,7.12,1
1433,1,2000,5.76,1
1434,1,2000,6.72,1
1435,1,2000,7.32,1
1436,1,2000,7.72,1
1437,1,2000,7.24,1
1438,1,2000,7.64,1
1439,1,2000,7.28,1
1440,1,2000,7.38,1
1441,1,2000,7.18,1
1442,1,2000,6.9,1
1443,1,2000,6.12,1
1444,1,2000,7.32,1
1445,1,2000,8.1,1
1446,1,2000,6.54,1
1447,1,2000,5.98,1
1448,1,2000,7.28,1
1449,1,2000,6.94,1
1450,1,2000,6.6,1
1451,1,2000,7.44,1
1452,1,2000,7.68,1
1453,1,2000,7.16,1
1454,1,2000,6.68,1
1455,1,2000,6.92,1
1456,1,2000,6.9,1
1457,1,2000,7.16,1
1458,1,2000,7.14,1
1459,1,2000,7.64,1
1460,1,2000,7.8,1
1461,1,2000,6.44,1
1462,1,2000,7.46,1
1463,1,2000,8.64,1
1464,1,2000,7.28,1
1465,1,2000,7.14,1
1466,1,2000,7.22,1
1467,1,2000,6.3,1
1468,1,2000,7.44,1
1469,1,2000,6.82,1
1470,1,2000,6.56,1
1471,1,2000,6.42,1
1472,1,2000,7.0,1
1473,1,2000,6.68,1
1474,1,2000,6.22,1
1475,1,2000,6.34,1
1476,1,2000,7.12,1
1477,1,2000,7.98,1
1478,1,2000,7.52,1
1479,1,2000,6.62,1
1480,1,2000,7.0,1
1481,1,2000,6.28,1
1482,1,2000,7.86,1
1483,1,2000,8.02,1
1484,1,2000,7.32,1
1485,1,2000,5.94,1
1486,1,2000,6.52,1
1487,1,2000,7.74,1
1488,1,2000,7.14,1
1489,1,2000,6.78,1
1490,1,2000,7.02,1
1491,1,2000,6.48,1
1492,1,2000,7.12,1
1493,1,2000,7.16,1
1494,1,2000,7.44,1
1495,1,2000,6.82,1
1496,1,2000,6.1,1
1497,1,2000,6.08,1
1498,1,2000,6.88,1
1499,1,2000,7.58,1
1500,1,2000,6.76,1
1501,1,2000,7.4,1
1502,1,2000,6.44,1
1503,1,2000,6.58,1
1504,1,2000,6.68,1
1505,1,2000,6.28,1
1506,1,2000,7.96,1
1507,1,2000,6.72,1
1508,1,2000,6.3,1
1509,1,2000,7.26,1
1510,1,2000,6.4,1
1511,1,2000,6.46,1
1512,1,2000,6.92,1
1513,1,2000,6.88,1
1514,1,2000,7.04,1
1515,1,2000,6.94,1
1516,1,2000,7.24,1
1517,1,2000,6.94,1
1518,1,2000,6.96,1
1519,1,2000,7.5,1
1520,1,2000,6.76,1
1521,1,2000,6.72,1
1522,1,2000,5.22,1
1523,1,2000,6.94,1
1524,1,2000,6.88,1
1525,1,2000,7.24,1
1526,1,2000,6.74,1
1527,1,2000,6.8,1
1528,1,2000,6.78,1
1529,1,2000,7.28,1
1530,1,2000,6.08,1
1531,1,2000,7.44,1
1532,1,2000,7.2,1
1533,1,2000,6.7,1
1534,1,2000,7.22,1
1535,1,2000,7.66,1
1536,1,2000,7.64,1
1537,1,2000,8.12,1
1538,1,2000,7.62,1
1539,1,2000,6.68,1
1540,1,2000,6.84,1
1541,1,2000,6.38,1
1542,1,2000,7.02,1
1543,1,2000,7.54,1
1544,1,2000,6.72,1
1545,1,2000,6.48,1
1546,1,2000,7.12,1
1547,1,2000,7.32,1
1548,1,2000,6.98,1
1549,1,2000,6.72,1
1550,1,2000,6.2,1
1551,1,2000,6.64,1
1552,1,2000,7.7,1
1553,1,2000,7.46,1
1554,1,2000,7.22,1
1555,1,2000,6.16,1
1556,1,2000,6.5,1
1557,1,2000,7.66,1
1558,1,2000,7.24,1
1559,1,2000,7.06,1
1560,1,2000,7.4,1
1561,1,2000,6.64,1
1562,1,2000,6.16,1
1563,1,2000,6.24,1
1564,1,2000,7.48,1
1565,1,2000,7.84,1
1566,1,2000,6.5,1
1567,1,2000,5.98,1
1568,1,2000,5.76,1
1569,1,2000,7.64,1
1570,1,2000,7.52,1
1571,1,2000,7.08,1
1572,1,2000,7.28,1
1573,1,2000,7.58,1
1574,1,2000,7.64,1
1575,1,2000,7.94,1
1576,1,2000,6.96,1
1577,1,2000,7.28,1
1578,1,2000,7.54,1
1579,1,2000,8.24,1
1580,1,2000,7.26,1
1581,1,2000,7.16,1
1582,1,2000,7.82,1
1583,1,2000,7.5,1
1584,1,2000,6.8,1
1585,1,2000,7.22,1
1586,1,2000,7.78,1
1587,1,2000,7.52,1
1588,1,2000,6.72,1
1589,1,2000,7.96,1
1590,1,2000,7.68,1
1591,1,2000,6.94,1
1592,1,2000,6.66,1
1593,1,2000,8.22,1
1594,1,2000,7.12,1
1595,1,2000,6.56,1
1596,1,2000,5.72,1
1597,1,2000,6.68,1
1598,1,2000,7.6,1
1599,1,2000,7.52,1
1600,1,2000,7.64,1
1601,1,2000,6.86,1
1602,1,2000,6.5,1
1603,1,2000,7.1,1
1604,1,2000,7.28,1
1605,1,2000,7.5,1
1606,1,2000,7.58,1
1607,1,2000,7.02,1
1608,1,2000,8.0,1
1609,1,2000,6.8,1
1610,1,2000,6.1,1
1611,1,2000,6.58,1
1612,1,2000,7.76,1
1613,1,2000,7.16,1
1614,1,2000,6.66,1
1615,1,2000,7.42,1
1616,1,2000,7.04,1
1617,1,2000,6.82,1
1618,1,2000,7.14,1
1619,1,2000,7.08,1
1620,1,2000,7.4,1
1621,1,2000,7.5,1
1622,1,2000,7.72,1
1623,1,2000,7.32,1
1624,1,2000,7.28,1
1625,1,2000,6.24,1
1626,1,2000,6.56,1
1627,1,2000,6.02,1
1628,1,2000,7.36,1
1629,1,2000,6.2,1
1630,1,2000,6.56,1
1631,1,2000,7.08,1
1632,1,2000,6.56,1
1633,1,2000,6.02,1
1634,1,2000,6.04,1
1635,1,2000,7.44,1
1636,1,2000,6.9,1
1637,1,2000,6.9,1
1638,1,2000,6.36,1
1639,1,2000,6.8,1
1640,1,2000,7.58,1
1641,1,2000,7.0,1
1642,1,2000,6.7,1
1643,1,2000,5.5,1
1644,1,2000,6.08,1
1645,1,2000,5.94,1
1646,1,2000,7.3,1
1647,1,2000,6.64,1
1648,1,2000,6.86,1
1649,1,2000,7.2,1
1650,1,2000,6.7,1
1651,1,2000,7.8,1
1652,1,2000,7.72,1
1653,1,2000,7.86,1
1654,1,2000,7.0,1
1655,1,2000,6.74,1
1656,1,2000,6.68,1
1657,1,2000,8.14,1
1658,1,2000,7.48,1
1659,1,2000,6.92,1
1660,1,2000,6.18,1
1661,1,2000,8.0,1
1662,1,2000,7.2,1
1663,1,2000,8.2,1
1664,1,2000,8.24,1
1665,1,2000,7.94,1
1666,1,2000,7.56,1
1667,1,2000,7.52,1
1668,1,2000,6.46,1
1669,1,2000,7.44,1
1670,1,2000,7.38,1
1671,1,2000,7.3,1
1672,1,2000,7.8,1
1673,1,2000,7.46,1
1674,1,2000,7.08,1
1675,1,2000,6.88,1
1676,1,2000,6.66,1
1677,1,2000,6.92,1
1678,1,2000,6.7,1
1679,1,2000,7.78,1
1680,1,2000,8.08,1
1681,1,2000,7.06,1
1682,1,2000,6.06,1
1683,1,2000,6.7,1
1684,1,2000,7.16,1
1685,1,2000,7.26,1
1686,1,2000,6.5,1
1687,1,2000,6.08,1
1688,1,2000,6.46,1
1689,1,2000,6.8,1
1690,1,2000,6.52,1
1691,1,2000,6.92,1
1692,1,2000,6.72,1
1693,1,2000,6.96,1
1694,1,2000,7.42,1
1695,1,2000,7.4,1
1696,1,2000,7.06,1
1697,1,2000,6.92,1
1698,1,2000,7.24,1
1699,1,2000,6.92,1
1700,1,2000,7.84,1
1701,1,2000,7.04,1
1702,1,2000,7.14,1
1703,1,2000,7.96,1
1704,1,2000,8.44,1
1705,1,2000,8.0,1
1706,1,2000,7.52,1
1707,1,2000,6.88,1
1708,1,2000,7.8,1
1709,1,2000,7.22,1
1710,1,2000,7.14,1
1711,1,2000,6.88,1
1712,1,2000,8.08,1
1713,1,2000,6.84,1
1714,1,2000,7.26,1
1715,1,2000,7.6,1
1716,1,2000,7.28,1
1717,1,2000,6.52,1
1718,1,2000,7.3,1
1719,1,2000,6.76,1
1720,1,2000,7.26,1
1721,1,2000,7.5,1
1722,1,2000,6.8,1
1723,1,2000,6.1,1
1724,1,2000,6.66,1
1725,1,2000,7.04,1
1726,1,2000,6.86,1
1727,1,2000,6.82,1
1728,1,2000,6.06,1
1729,1,2000,6.88,1
1730,1,2000,6.92,1
1731,1,2000,7.24,1
1732,1,2000,7.06,1
1733,1,2000,7.06,1
1734,1,2000,6.56,1
1735,1,2000,6.38,1
1736,1,2000,7.08,1
1737,1,2000,7.04,1
1738,1,2000,7.12,1
1739,1,2000,7.3,1
1740,1,2000,7.66,1
1741,1,2000,8.14,1
1742,1,2000,7.8,1
1743,1,2000,7.5,1
1744,1,2000,5.42,1
1745,1,2000,7.1,1
1746,1,2000,6.54,1
1747,1,2000,6.48,1
1748,1,2000,7.28,1
1749,1,2000,7.3,1
1750,1,2000,7.12,1
1751,1,2000,6.74,1
1752,1,2000,7.38,1
1753,1,2000,6.98,1
1754,1,2000,6.68,1
1755,1,2000,7.24,1
1756,1,2000,6.7,1
1757,1,2000,7.76,1
1758,1,2000,7.74,1
1759,1,2000,7.14,1
1760,1,2000,7.46,1
1761,1,2000,6.44,1
1762,1,2000,7.62,1
1763,1,2000,6.76,1
1764,1,2000,7.14,1
1765,1,2000,6.7,1
1766,1,2000,7.5,1
1767,1,2000,6.9,1
1768,1,2000,6.52,1
1769,1,2000,5.78,1
1770,1,2000,6.4,1
1771,1,2000,6.64,1
1772,1,2000,6.06,1
1773,1,2000,6.08,1
1774,1,2000,6.56,1
1775,1,2000,7.12,1
1776,1,2000,5.82,1
1777,1,2000,5.82,1
1778,1,2000,7.58,1
1779,1,2000,6.96,1
1780,1,2000,7.04,1
1781,1,2000,7.04,1
1782,1,2000,6.74,1
1783,1,2000,8.8,1
1784,1,2000,7.54,1
1785,1,2000,7.5,1
1786,1,2000,7.5,1
1787,1,2000,6.32,1
1788,1,2000,6.58,1
1789,1,2000,7.02,1
1790,1,2000,6.68,1
1791,1,2000,6.2,1
1792,1,2000,6.64,1
1793,1,2000,6.9,1
1794,1,2000,6.62,1
1795,1,2000,7.12,1
1796,1,2000,6.48,1
1797,1,2000,6.02,1
1798,1,2000,6.98,1
1799,1,2000,6.72,1
1800,1,2000,6.52,1
1801,1,2000,6.36,1
1802,1,2000,7.28,1
1803,1,2000,6.4,1
1804,1,2000,7.54,1
1805,1,2000,7.82,1
1806,1,2000,7.18,1
1807,1,2000,6.34,1
1808,1,2000,7.16,1
1809,1,2000,6.3,1
1810,1,2000,6.5,1
1811,1,2000,6.76,1
1812,1,2000,6.66,1
1813,1,2000,7.24,1
1814,1,2000,7.12,1
1815,1,2000,6.74,1
1816,1,2000,6.88,1
1817,1,2000,6.02,1
1818,1,2000,7.22,1
1819,1,2000,7.24,1
1820,1,2000,6.6,1
1821,1,2000,7.32,1
1822,1,2000,6.82,1
1823,1,2000,6.9,1
1824,1,2000,6.22,1
1825,1,2000,6.14,1
1826,1,2000,5.76,1
1827,1,2000,6.3,1
1828,1,2000,7.12,1
1829,1,2000,7.26,1
1830,1,2000,6.02,1
1831,1,2000,6.56,1
1832,1,2000,6.76,1
1833,1,2000,6.88,1
1834,1,2000,7.94,1
1835,1,2000,7.24,1
1836,1,2000,7.04,1
1837,1,2000,6.42,1
1838,1,2000,6.56,1
1839,1,2000,6.96,1
1840,1,2000,7.22,1
1841,1,2000,6.16,1
1842,1,2000,5.68,1
1843,1,2000,6.14,1
1844,1,2000,7.02,1
1845,1,2000,7.44,1
1846,1,2000,6.82,1
1847,1,2000,7.12,1
1848,1,2000,6.18,1
1849,1,2000,7.24,1
1850,1,2000,7.58,1
1851,1,2000,7.84,1
1852,1,2000,7.36,1
1853,1,2000,6.9,1
1854,1,2000,6.48,1
1855,1,2000,7.0,1
1856,1,2000,7.34,1
1857,1,2000,6.6,1
1858,1,2000,6.52,1
1859,1,2000,7.02,1
1860,1,2000,7.1,1
1861,1,2000,7.32,1
1862,1,2000,7.16,1
1863,1,2000,6.78,1
1864,1,2000,6.62,1
1865,1,2000,7.1,1
1866,1,2000,8.0,1
1867,1,2000,8.18,1
1868,1,2000,6.66,1
1869,1,2000,6.9,1
1870,1,2000,6.42,1
1871,1,2000,6.96,1
1872,1,2000,7.82,1
1873,1,2000,7.66,1
1874,1,2000,6.66,1
1875,1,2000,7.04,1
1876,1,2000,6.42,1
1877,1,2000,7.12,1
1878,1,2000,7.1,1
1879,1,2000,7.48,1
1880,1,2000,7.88,1
1881,1,2000,6.6,1
1882,1,2000,7.96,1
1883,1,2000,7.84,1
1884,1,2000,7.44,1
1885,1,2000,8.1,1
1886,1,2000,6.96,1
1887,1,2000,6.82,1
1888,1,2000,6.86,1
1889,1,2000,7.68,1
1890,1,2000,7.8,1
1891,1,2000,5.84,1
1892,1,2000,6.88,1
1893,1,2000,6.88,1
1894,1,2000,7.08,1
1895,1,2000,7.02,1
1896,1,2000,7.66,1
1897,1,2000,7.12,1
1898,1,2000,7.4,1
1899,1,2000,7.1,1
1900,1,2000,6.72,1
1901,1,2000,6.78,1
1902,1,2000,7.54,1
1903,1,2000,7.46,1
1904,1,2000,7.78,1
1905,1,2000,7.44,1
1906,1,2000,6.76,1
1907,1,2000,6.82,1
1908,1,2000,7.2,1
1909,1,2000,7.9,1
1910,1,2000,7.7,1
1911,1,2000,7.86,1
1912,1,2000,7.5,1
1913,1,2000,6.58,1
1914,1,2000,6.5,1
1915,1,2000,6.88,1
1916,1,2000,6.54,1
1917,1,2000,7.36,1
1918,1,2000,7.08,1
1919,1,2000,7.22,1
1920,1,2000,6.56,1
1921,1,2000,7.48,1
1922,1,2000,7.5,1
1923,1,2000,7.14,1
1924,1,2000,6.8,1
1925,1,2000,6.64,1
1926,1,2000,7.02,1
1927,1,2000,6.38,1
1928,1,2000,7.76,1
1929,1,2000,6.74,1
1930,1,2000,7.16,1
1931,1,2000,7.02,1
1932,1,2000,6.78,1
1933,1,2000,6.4,1
1934,1,2000,7.1,1
1935,1,2000,7.34,1
1936,1,2000,6.2,1
1937,1,2000,7.48,1
1938,1,2000,7.44,1
1939,1,2000,8.02,1
1940,1,2000,7.0,1
1941,1,2000,6.8,1
1942,1,2000,6.92,1
1943,1,2000,6.32,1
1944,1,2000,6.62,1
1945,1,2000,6.74,1
1946,1,2000,7.28,1
1947,1,2000,7.0,1
1948,1,2000,7.66,1
1949,1,2000,6.88,1
1950,1,2000,6.44,1
1951,1,2000,7.68,1
1952,1,2000,6.64,1
1953,1,2000,7.54,1
1954,1,2000,6.66,1
1955,1,2000,6.7,1
1956,1,2000,7.18,1
1957,1,2000,7.06,1
1958,1,2000,6.98,1
1959,1,2000,6.44,1
1960,1,2000,6.52,1
1961,1,2000,6.98,1
1962,1,2000,7.26,1
1963,1,2000,7.34,1
1964,1,2000,6.06,1
1965,1,2000,6.66,1
1966,1,2000,6.62,1
1967,1,2000,7.08,1
1968,1,2000,7.88,1
1969,1,2000,7.64,1
1970,1,2000,7.58,1
1971,1,2000,6.16,1
1972,1,2000,7.62,1
1973,1,2000,6.4,1
1974,1,2000,7.02,1
1975,1,2000,7.38,1
1976,1,2000,6.6,1
1977,1,2000,6.28,1
1978,1,2000,6.72,1
1979,1,2000,7.7,1
1980,1,2000,7.7,1
1981,1,2000,6.98,1
1982,1,2000,7.26,1
1983,1,2000,8.3,1
1984,1,2000,8.48,1
1985,1,2000,6.8,1
1986,1,2000,7.2,1
1987,1,2000,8.0,1
1988,1,2000,7.58,1
1989,1,2000,7.5,1
1990,1,2000,7.28,1
1991,1,2000,7.12,1
1992,1,2000,7.0,1
1993,1,2000,6.8,1
1994,1,2000,7.5,1
1995,1,2000,7.62,1
1996,1,2000,7.22,1
1997,1,2000,7.84,1
1998,1,2000,6.64,1
1999,1,2000,6.64,1
2000,1,2000,7.26,1
0,2,2000,57.54,44
1,2,2000,50.28,40
2,2,2000,44.08,35
3,2,2000,40.0,34
4,2,2000,36.62,30
5,2,2000,33.16,28
6,2,2000,31.38,26
7,2,2000,29.52,26
8,2,2000,28.94,25
9,2,2000,28.18,22
10,2,2000,27.4,21
11,2,2000,24.9,21
12,2,2000,24.88,21
13,2,2000,24.36,20
14,2,2000,23.4,20
15,2,2000,23.58,16
16,2,2000,22.36,16
17,2,2000,19.9,15
18,2,2000,19.0,15
19,2,2000,19.54,15
20,2,2000,19.5,15
21,2,2000,19.26,15
22,2,2000,19.22,15
23,2,2000,19.32,15
24,2,2000,19.34,15
25,2,2000,18.3,15
26,2,2000,18.62,15
27,2,2000,18.9,15
28,2,2000,19.26,14
29,2,2000,19.38,14
30,2,2000,18.76,14
31,2,2000,17.82,14
32,2,2000,18.92,14
33,2,2000,18.38,14
34,2,2000,19.58,13
35,2,2000,17.88,13
36,2,2000,17.9,13
37,2,2000,17.74,13
38,2,2000,17.76,13
39,2,2000,16.78,13
40,2,2000,16.9,12
41,2,2000,17.08,12
42,2,2000,17.68,12
43,2,2000,16.3,12
44,2,2000,16.38,12
45,2,2000,16.78,12
46,2,2000,16.28,12
47,2,2000,16.62,11
48,2,2000,16.84,11
49,2,2000,16.12,11
50,2,2000,14.92,11
51,2,2000,15.66,11
52,2,2000,15.22,10
53,2,2000,15.78,10
54,2,2000,15.1,9
55,2,2000,14.06,9
56,2,2000,13.58,9
57,2,2000,14.34,9
58,2,2000,13.2,9
59,2,2000,12.96,9
60,2,2000,13.12,9
61,2,2000,13.22,9
62,2,2000,13.1,9
63,2,2000,14.46,9
64,2,2000,14.94,9
65,2,2000,13.94,9
66,2,2000,13.06,8
67,2,2000,13.48,8
68,2,2000,13.68,7
69,2,2000,12.92,7
70,2,2000,12.24,7
71,2,2000,12.56,7
72,2,2000,12.38,7
73,2,2000,12.56,7
74,2,2000,13.4,7
75,2,2000,13.38,7
76,2,2000,11.66,7
77,2,2000,12.38,7
78,2,2000,11.94,7
79,2,2000,11.58,7
80,2,2000,12.04,7
81,2,2000,12.66,7
82,2,2000,11.34,7
83,2,2000,11.82,7
84,2,2000,12.64,7
85,2,2000,12.2,7
86,2,2000,12.24,7
87,2,2000,11.82,7
88,2,2000,11.54,7
89,2,2000,13.06,7
90,2,2000,12.86,7
91,2,2000,11.96,7
92,2,2000,13.02,7
93,2,2000,11.96,7
94,2,2000,11.42,7
95,2,2000,11.26,7
96,2,2000,12.98,7
97,2,2000,12.34,7
98,2,2000,13.04,7
99,2,2000,12.02,7
100,2,2000,13.12,7
101,2,2000,12.86,7
102,2,2000,13.08,7
103,2,2000,12.74,7
104,2,2000,12.26,6
105,2,2000,12.26,6
106,2,2000,12.12,6
107,2,2000,11.78,6
108,2,2000,11.42,6
109,2,2000,12.28,6
110,2,2000,11.48,6
111,2,2000,11.6,6
112,2,2000,11.14,6
113,2,2000,11.72,6
114,2,2000,12.5,6
115,2,2000,11.06,6
116,2,2000,12.16,6
117,2,2000,11.16,6
118,2,2000,10.88,6
119,2,2000,10.48,6
120,2,2000,10.76,6
121,2,2000,11.18,6
122,2,2000,10.86,6
123,2,2000,10.7,6
124,2,2000,10.64,5
125,2,2000,11.08,5
126,2,2000,11.32,5
127,2,2000,10.66,5
128,2,2000,10.66,5
129,2,2000,12.4,5
130,2,2000,11.7,5
131,2,2000,12.02,5
132,2,2000,10.68,5
133,2,2000,10.76,5
134,2,2000,11.44,5
135,2,2000,11.94,5
136,2,2000,11.24,5
137,2,2000,11.32,5
138,2,2000,10.68,5
139,2,2000,10.62,5
140,2,2000,10.62,5
141,2,2000,9.46,5
142,2,2000,10.64,5
143,2,2000,11.16,5
144,2,2000,10.98,5
145,2,2000,9.48,4
146,2,2000,8.82,4
147,2,2000,9.58,4
148,2,2000,10.08,4
149,2,2000,9.96,4
150,2,2000,9.62,4
151,2,2000,8.9,4
152,2,2000,9.5,4
153,2,2000,8.04,4
154,2,2000,9.52,4
155,2,2000,10.26,4
156,2,2000,9.92,4
157,2,2000,10.1,4
158,2,2000,10.46,4
159,2,2000,10.48,3
160,2,2000,8.68,3
161,2,2000,9.0,3
162,2,2000,8.98,3
163,2,2000,8.9,3
164,2,2000,8.86,3
165,2,2000,8.86,3
166,2,2000,9.84,3
167,2,2000,8.98,3
168,2,2000,8.9,3
169,2,2000,8.56,3
170,2,2000,10.98,3
171,2,2000,9.16,3
172,2,2000,9.66,3
173,2,2000,9.36,3
174,2,2000,9.2,3
175,2,2000,8.9,3
176,2,2000,8.26,3
177,2,2000,8.1,3
178,2,2000,8.36,3
179,2,2000,9.02,3
180,2,2000,7.9,3
181,2,2000,8.54,3
182,2,2000,8.68,3
183,2,2000,9.56,3
184,2,2000,7.92,3
185,2,2000,9.0,3
186,2,2000,8.72,3
187,2,2000,7.72,3
188,2,2000,8.52,3
189,2,2000,8.8,3
190,2,2000,8.84,3
191,2,2000,9.2,3
192,2,2000,8.42,3
193,2,2000,8.68,3
194,2,2000,9.12,3
195,2,2000,9.82,3
196,2,2000,8.42,3
197,2,2000,9.4,3
198,2,2000,9.44,3
199,2,2000,8.22,3
200,2,2000,8.6,3
201,2,2000,8.32,3
202,2,2000,8.54,3
203,2,2000,8.54,3
204,2,2000,7.86,3
205,2,2000,7.44,3
206,2,2000,9.1,3
207,2,2000,9.5,3
208,2,2000,9.16,3
209,2,2000,7.92,3
210,2,2000,8.9,3
211,2,2000,8.46,3
212,2,2000,8.52,3
213,2,2000,8.5,3
214,2,2000,8.54,3
215,2,2000,7.98,3
216,2,2000,9.06,3
217,2,2000,7.74,3
218,2,2000,7.84,3
219,2,2000,8.38,3
220,2,2000,9.34,3
221,2,2000,9.44,3
222,2,2000,8.64,3
223,2,2000,7.98,3
224,2,2000,9.7,3
225,2,2000,9.18,3
226,2,2000,9.42,3
227,2,2000,8.38,3
228,2,2000,8.18,3
229,2,2000,8.9,3
230,2,2000,9.26,3
231,2,2000,9.14,3
232,2,2000,7.96,3
233,2,2000,7.98,3
234,2,2000,9.28,3
235,2,2000,8.04,3
236,2,2000,8.48,3
237,2,2000,8.84,3
238,2,2000,8.36,3
239,2,2000,8.54,3
240,2,2000,9.46,3
241,2,2000,8.96,3
242,2,2000,9.58,3
243,2,2000,9.42,3
244,2,2000,9.0,3
245,2,2000,8.28,3
246,2,2000,8.82,3
247,2,2000,9.32,3
248,2,2000,8.56,3
249,2,2000,8.02,3
250,2,2000,8.3,3
251,2,2000,7.68,3
252,2,2000,8.44,3
253,2,2000,8.42,3
254,2,2000,9.18,3
255,2,2000,8.34,3
256,2,2000,8.34,3
257,2,2000,9.04,3
258,2,2000,9.12,3
259,2,2000,8.8,3
260,2,2000,9.1,3
261,2,2000,8.26,3
262,2,2000,9.42,3
263,2,2000,9.88,3
264,2,2000,8.84,3
265,2,2000,9.82,3
266,2,2000,9.02,3
267,2,2000,9.06,3
268,2,2000,8.7,3
269,2,2000,8.36,3
270,2,2000,8.2,3
271,2,2000,9.0,3
272,2,2000,8.78,3
273,2,2000,8.26,3
274,2,2000,8.78,3
275,2,2000,8.48,3
276,2,2000,8.74,3
277,2,2000,8.88,3
278,2,2000,8.3,3
279,2,2000,8.38,3
280,2,2000,7.8,3
281,2,2000,9.42,3
282,2,2000,10.4,3
283,2,2000,8.68,3
284,2,2000,8.56,3
285,2,2000,8.58,3
286,2,2000,9.4,3
287,2,2000,9.36,3
288,2,2000,8.06,3
289,2,2000,9.04,3
290,2,2000,7.98,3
291,2,2000,8.28,3
292,2,2000,8.98,3
293,2,2000,9.06,3
294,2,2000,8.24,3
295,2,2000,9.26,3
296,2,2000,8.76,3
297,2,2000,8.02,3
298,2,2000,8.86,3
299,2,2000,8.8,3
300,2,2000,8.46,3
301,2,2000,8.4,3
302,2,2000,8.06,3
303,2,2000,8.7,3
304,2,2000,8.46,3
305,2,2000,8.3,3
306,2,2000,7.82,3
307,2,2000,8.54,3
308,2,2000,9.66,3
309,2,2000,9.54,3
310,2,2000,9.08,3
311,2,2000,7.76,3
312,2,2000,8.4,3
313,2,2000,8.96,3
314,2,2000,8.58,3
315,2,2000,8.18,3
316,2,2000,8.9,3
317,2,2000,8.14,3
318,2,2000,7.8,3
319,2,2000,8.1,3
320,2,2000,9.06,3
321,2,2000,8.94,3
322,2,2000,7.96,3
323,2,2000,8.24,3
324,2,2000,8.38,3
325,2,2000,9.2,3
326,2,2000,9.24,3
327,2,2000,8.68,3
328,2,2000,9.38,3
329,2,2000,8.64,3
330,2,2000,8.94,3
331,2,2000,8.88,3
332,2,2000,8.66,3
333,2,2000,7.5,3
334,2,2000,7.98,3
335,2,2000,8.38,3
336,2,2000,8.34,3
337,2,2000,8.68,3
338,2,2000,9.0,3
339,2,2000,8.36,3
340,2,2000,9.12,3
341,2,2000,8.3,3
342,2,2000,8.58,3
343,2,2000,7.94,3
344,2,2000,8.74,3
345,2,2000,8.48,3
346,2,2000,8.3,3
347,2,2000,9.96,3
348,2,2000,8.92,3
349,2,2000,9.34,3
350,2,2000,9.04,3
351,2,2000,9.3,3
352,2,2000,9.38,3
353,2,2000,7.14,3
354,2,2000,8.0,3
355,2,2000,8.54,3
356,2,2000,7.7,3
357,2,2000,8.56,3
358,2,2000,9.26,3
359,2,2000,8.66,3
360,2,2000,8.6,3
361,2,2000,8.62,3
362,2,2000,8.7,3
363,2,2000,8.84,3
364,2,2000,7.76,3
365,2,2000,8.74,3
366,2,2000,9.48,3
367,2,2000,8.86,3
368,2,2000,8.44,3
369,2,2000,8.64,3
370,2,2000,9.68,3
371,2,2000,8.2,3
372,2,2000,8.82,3
373,2,2000,8.1,3
374,2,2000,7.9,3
375,2,2000,8.18,3
376,2,2000,8.82,3
377,2,2000,8.2,3
378,2,2000,8.6,3
379,2,2000,8.94,3
380,2,2000,8.54,3
381,2,2000,9.46,3
382,2,2000,8.86,3
383,2,2000,9.4,3
384,2,2000,8.96,3
385,2,2000,9.2,3
386,2,2000,9.34,3
387,2,2000,8.68,3
388,2,2000,8.02,3
389,2,2000,8.16,3
390,2,2000,8.44,3
391,2,2000,8.32,3
392,2,2000,9.42,3
393,2,2000,8.58,3
394,2,2000,8.82,3
395,2,2000,8.74,3
396,2,2000,10.22,3
397,2,2000,9.68,3
398,2,2000,8.28,3
399,2,2000,8.06,3
400,2,2000,8.88,3
401,2,2000,8.1,3
402,2,2000,8.5,3
403,2,2000,8.16,3
404,2,2000,8.76,3
405,2,2000,9.06,3
406,2,2000,8.9,3
407,2,2000,9.54,3
408,2,2000,9.12,3
409,2,2000,8.38,3
410,2,2000,8.36,3
411,2,2000,9.2,3
412,2,2000,8.66,3
413,2,2000,8.74,3
414,2,2000,9.02,3
415,2,2000,7.78,3
416,2,2000,9.38,3
417,2,2000,8.48,3
418,2,2000,8.16,3
419,2,2000,9.04,3
420,2,2000,8.96,3
421,2,2000,8.7,3
422,2,2000,8.64,3
423,2,2000,7.96,3
424,2,2000,8.54,3
425,2,2000,9.52,3
426,2,2000,8.64,3
427,2,2000,9.0,3
428,2,2000,10.06,3
429,2,2000,8.64,3
430,2,2000,8.94,3
431,2,2000,8.62,3
432,2,2000,9.4,3
433,2,2000,8.88,3
434,2,2000,9.0,3
435,2,2000,8.74,3
436,2,2000,9.4,3
437,2,2000,9.84,3
438,2,2000,8.78,3
439,2,2000,8.42,3
440,2,2000,8.44,3
441,2,2000,8.4,3
442,2,2000,8.74,3
443,2,2000,8.28,3
444,2,2000,8.54,3
445,2,2000,7.98,3
446,2,2000,8.72,3
447,2,2000,8.64,3
448,2,2000,8.26,3
449,2,2000,8.24,3
450,2,2000,8.6,3
451,2,2000,9.5,3
452,2,2000,9.92,3
453,2,2000,8.32,3
454,2,2000,8.58,3
455,2,2000,9.32,3
456,2,2000,8.38,3
457,2,2000,9.18,3
458,2,2000,9.38,3
459,2,2000,9.86,3
460,2,2000,9.3,3
461,2,2000,7.98,3
462,2,2000,9.26,3
463,2,2000,9.04,3
464,2,2000,8.6,3
465,2,2000,8.62,3
466,2,2000,8.76,3
467,2,2000,8.94,3
468,2,2000,8.02,3
469,2,2000,8.74,3
470,2,2000,9.78,3
471,2,2000,9.38,3
472,2,2000,8.48,3
473,2,2000,8.66,3
474,2,2000,8.38,3
475,2,2000,9.5,3
476,2,2000,8.42,3
477,2,2000,9.64,3
478,2,2000,8.52,3
479,2,2000,9.36,3
480,2,2000,9.28,3
481,2,2000,8.66,3
482,2,2000,7.62,3
483,2,2000,7.78,3
484,2,2000,8.34,3
485,2,2000,8.82,3
486,2,2000,8.1,3
487,2,2000,8.3,3
488,2,2000,8.22,3
489,2,2000,8.14,3
490,2,2000,8.76,3
491,2,2000,8.88,3
492,2,2000,8.7,3
493,2,2000,8.34,3
494,2,2000,8.26,3
495,2,2000,8.5,3
496,2,2000,8.72,3
497,2,2000,8.42,3
498,2,2000,9.8,3
499,2,2000,9.0,3
500,2,2000,9.18,3
501,2,2000,8.78,3
502,2,2000,8.04,3
503,2,2000,8.38,3
504,2,2000,8.92,3
505,2,2000,9.18,3
506,2,2000,8.1,3
507,2,2000,9.0,3
508,2,2000,8.76,3
509,2,2000,7.94,3
510,2,2000,8.7,3
511,2,2000,8.56,3
512,2,2000,8.0,3
513,2,2000,8.68,3
514,2,2000,8.38,3
515,2,2000,7.92,3
516,2,2000,8.26,3
517,2,2000,8.86,3
518,2,2000,8.9,3
519,2,2000,9.86,3
520,2,2000,8.5,3
521,2,2000,7.72,3
522,2,2000,8.46,3
523,2,2000,8.86,3
524,2,2000,8.6,3
525,2,2000,8.34,3
526,2,2000,8.72,3
527,2,2000,8.6,3
528,2,2000,8.78,3
529,2,2000,8.18,3
530,2,2000,10.0,3
531,2,2000,9.12,3
532,2,2000,8.7,3
533,2,2000,9.1,3
534,2,2000,9.42,3
535,2,2000,9.8,3
536,2,2000,10.18,3
537,2,2000,10.18,3
538,2,2000,8.36,3
539,2,2000,8.62,3
540,2,2000,8.04,3
541,2,2000,8.26,3
542,2,2000,8.02,3
543,2,2000,8.18,3
544,2,2000,8.26,3
545,2,2000,8.16,3
546,2,2000,8.26,3
547,2,2000,9.16,3
548,2,2000,8.82,3
549,2,2000,8.58,3
550,2,2000,8.46,3
551,2,2000,8.84,3
552,2,2000,8.62,3
553,2,2000,8.74,3
554,2,2000,8.98,3
555,2,2000,8.34,3
556,2,2000,9.44,3
557,2,2000,9.04,3
558,2,2000,8.38,3
559,2,2000,9.2,3
560,2,2000,9.12,3
561,2,2000,9.0,3
562,2,2000,8.62,3
563,2,2000,8.64,3
564,2,2000,8.98,3
565,2,2000,8.68,3
566,2,2000,8.26,3
567,2,2000,9.1,3
568,2,2000,9.2,3
569,2,2000,8.8,3
570,2,2000,8.58,3
571,2,2000,8.26,3
572,2,2000,9.14,3
573,2,2000,9.06,3
574,2,2000,9.06,3
575,2,2000,9.5,3
576,2,2000,9.24,3
577,2,2000,8.62,3
578,2,2000,9.24,3
579,2,2000,8.14,3
580,2,2000,8.36,3
581,2,2000,8.7,3
582,2,2000,8.92,3
583,2,2000,8.6,3
584,2,2000,8.66,3
585,2,2000,7.94,3
586,2,2000,7.52,3
587,2,2000,8.04,3
588,2,2000,8.08,3
589,2,2000,9.12,3
590,2,2000,9.7,3
591,2,2000,9.14,3
592,2,2000,9.18,3
593,2,2000,8.24,3
594,2,2000,8.8,3
595,2,2000,8.48,3
596,2,2000,8.6,3
597,2,2000,8.74,3
598,2,2000,9.02,3
599,2,2000,8.6,3
600,2,2000,8.68,3
601,2,2000,8.12,3
602,2,2000,8.64,3
603,2,2000,8.92,3
604,2,2000,8.1,3
605,2,2000,8.22,3
606,2,2000,8.12,3
607,2,2000,8.78,3
608,2,2000,8.9,3
609,2,2000,8.2,3
610,2,2000,8.54,3
611,2,2000,7.96,3
612,2,2000,9.14,3
613,2,2000,8.84,3
614,2,2000,9.46,3
615,2,2000,8.8,3
616,2,2000,8.6,3
617,2,2000,9.0,3
618,2,2000,8.58,3
619,2,2000,8.96,3
620,2,2000,9.02,3
621,2,2000,9.46,3
622,2,2000,9.46,3
623,2,2000,8.86,3
624,2,2000,8.34,3
625,2,2000,8.48,3
626,2,2000,7.5,3
627,2,2000,8.96,3
628,2,2000,8.7,3
629,2,2000,8.82,3
630,2,2000,8.48,3
631,2,2000,9.26,3
632,2,2000,8.52,3
633,2,2000,7.98,3
634,2,2000,8.64,3
635,2,2000,7.78,3
636,2,2000,8.38,3
637,2,2000,7.94,3
638,2,2000,8.72,3
639,2,2000,8.54,3
640,2,2000,8.3,3
641,2,2000,7.78,3
642,2,2000,9.36,3
643,2,2000,9.08,3
644,2,2000,9.46,3
645,2,2000,9.9,3
646,2,2000,8.94,3
647,2,2000,8.8,3
648,2,2000,9.48,3
649,2,2000,9.44,3
650,2,2000,8.44,3
651,2,2000,8.16,3
652,2,2000,8.94,3
653,2,2000,9.0,3
654,2,2000,9.36,3
655,2,2000,8.4,3
656,2,2000,8.86,3
657,2,2000,9.6,3
658,2,2000,9.84,3
659,2,2000,8.24,3
660,2,2000,8.54,3
661,2,2000,8.66,3
662,2,2000,8.54,3
663,2,2000,9.0,3
664,2,2000,7.5,3
665,2,2000,9.32,3
666,2,2000,9.18,3
667,2,2000,9.7,3
668,2,2000,9.1,3
669,2,2000,8.66,3
670,2,2000,8.02,3
671,2,2000,8.66,3
672,2,2000,8.88,3
673,2,2000,8.42,3
674,2,2000,8.34,3
675,2,2000,7.64,3
676,2,2000,7.8,3
677,2,2000,8.86,3
678,2,2000,8.98,3
679,2,2000,7.86,3
680,2,2000,8.22,3
681,2,2000,8.86,3
682,2,2000,8.64,3
683,2,2000,8.48,3
684,2,2000,8.76,3
685,2,2000,9.14,3
686,2,2000,8.62,3
687,2,2000,8.28,3
688,2,2000,8.26,3
689,2,2000,8.48,3
690,2,2000,9.44,3
691,2,2000,8.9,3
692,2,2000,8.7,3
693,2,2000,8.48,3
694,2,2000,7.9,3
695,2,2000,9.2,3
696,2,2000,8.1,3
697,2,2000,8.52,3
698,2,2000,8.62,3
699,2,2000,8.24,3
700,2,2000,8.5,3
701,2,2000,9.32,3
702,2,2000,8.7,3
703,2,2000,8.86,3
704,2,2000,9.02,3
705,2,2000,8.64,3
706,2,2000,10.18,3
707,2,2000,8.84,3
708,2,2000,10.64,3
709,2,2000,9.28,3
710,2,2000,8.32,3
711,2,2000,8.88,3
712,2,2000,8.36,3
713,2,2000,8.14,3
714,2,2000,9.02,3
715,2,2000,8.14,3
716,2,2000,9.52,3
717,2,2000,8.72,3
718,2,2000,8.64,3
719,2,2000,9.12,3
720,2,2000,9.18,3
721,2,2000,9.24,3
722,2,2000,9.48,3
723,2,2000,8.68,3
724,2,2000,8.96,3
725,2,2000,9.96,3
726,2,2000,8.14,3
727,2,2000,9.34,3
728,2,2000,9.28,3
729,2,2000,8.86,3
730,2,2000,9.1,3
731,2,2000,9.08,3
732,2,2000,8.4,3
733,2,2000,9.24,3
734,2,2000,9.26,3
735,2,2000,8.92,3
736,2,2000,8.86,3
737,2,2000,8.28,3
738,2,2000,8.16,3
739,2,2000,9.34,3
740,2,2000,9.12,3
741,2,2000,9.12,3
742,2,2000,9.1,3
743,2,2000,8.62,3
744,2,2000,9.14,3
745,2,2000,9.04,3
746,2,2000,7.64,3
747,2,2000,8.48,3
748,2,2000,8.5,2
749,2,2000,8.9,2
750,2,2000,8.74,2
751,2,2000,7.9,2
752,2,2000,7.92,2
753,2,2000,8.3,2
754,2,2000,9.12,2
755,2,2000,8.18,2
756,2,2000,7.78,2
757,2,2000,8.24,2
758,2,2000,7.56,2
759,2,2000,7.86,2
760,2,2000,8.38,2
761,2,2000,7.74,2
762,2,2000,8.44,2
763,2,2000,8.14,2
764,2,2000,6.56,2
765,2,2000,7.98,2
766,2,2000,7.7,2
767,2,2000,7.16,2
768,2,2000,7.48,2
769,2,2000,7.72,2
770,2,2000,7.46,2
771,2,2000,7.44,2
772,2,2000,7.42,2
773,2,2000,7.74,2
774,2,2000,7.62,2
775,2,2000,7.52,2
776,2,2000,8.12,2
777,2,2000,7.74,2
778,2,2000,7.6,2
779,2,2000,7.2,2
780,2,2000,7.7,2
781,2,2000,6.78,2
782,2,2000,7.22,2
783,2,2000,7.46,2
784,2,2000,8.22,2
785,2,2000,7.86,2
786,2,2000,7.52,2
787,2,2000,7.56,2
788,2,2000,6.94,2
789,2,2000,7.64,2
790,2,2000,7.44,2
791,2,2000,7.98,2
792,2,2000,7.54,2
793,2,2000,7.22,2
794,2,2000,7.46,2
795,2,2000,7.92,2
796,2,2000,7.1,2
797,2,2000,7.62,2
798,2,2000,8.24,2
799,2,2000,8.68,2
800,2,2000,8.46,2
801,2,2000,7.06,2
802,2,2000,6.96,2
803,2,2000,7.2,2
804,2,2000,7.84,2
805,2,2000,8.14,2
806,2,2000,8.5,2
807,2,2000,7.98,2
808,2,2000,7.0,2
809,2,2000,7.18,2
810,2,2000,6.82,2
811,2,2000,7.36,2
812,2,2000,7.92,2
813,2,2000,8.38,2
814,2,2000,8.36,2
815,2,2000,7.38,2
816,2,2000,7.76,2
817,2,2000,7.58,2
818,2,2000,7.48,2
819,2,2000,7.6,2
820,2,2000,9.08,2
821,2,2000,7.6,2
822,2,2000,7.62,2
823,2,2000,8.32,2
824,2,2000,7.46,2
825,2,2000,8.14,2
826,2,2000,8.54,2
827,2,2000,8.18,2
828,2,2000,8.2,2
829,2,2000,8.66,2
830,2,2000,8.2,2
831,2,2000,7.84,2
832,2,2000,8.58,2
833,2,2000,8.24,2
834,2,2000,7.44,2
835,2,2000,8.32,2
836,2,2000,8.06,2
837,2,2000,7.62,2
838,2,2000,8.54,2
839,2,2000,8.88,2
840,2,2000,8.14,2
841,2,2000,7.72,2
842,2,2000,8.42,2
843,2,2000,8.24,2
844,2,2000,7.66,2
845,2,2000,7.78,2
846,2,2000,7.62,2
847,2,2000,6.66,2
848,2,2000,8.08,2
849,2,2000,8.36,2
850,2,2000,8.38,2
851,2,2000,8.58,2
852,2,2000,8.16,2
853,2,2000,7.82,2
854,2,2000,7.46,2
855,2,2000,6.36,2
856,2,2000,6.98,2
857,2,2000,7.4,2
858,2,2000,8.72,2
859,2,2000,8.84,2
860,2,2000,8.04,2
861,2,2000,8.4,2
862,2,2000,8.56,2
863,2,2000,7.92,2
864,2,2000,7.38,2
865,2,2000,7.32,2
866,2,2000,8.76,2
867,2,2000,8.68,2
868,2,2000,7.66,2
869,2,2000,8.9,2
870,2,2000,8.92,2
871,2,2000,8.8,2
872,2,2000,9.0,2
873,2,2000,8.8,2
874,2,2000,7.98,2
875,2,2000,7.5,2
876,2,2000,7.46,2
877,2,2000,7.92,2
878,2,2000,7.84,2
879,2,2000,7.0,2
880,2,2000,7.86,2
881,2,2000,8.22,2
882,2,2000,7.62,2
883,2,2000,7.88,2
884,2,2000,7.36,2
885,2,2000,7.78,2
886,2,2000,7.78,2
887,2,2000,7.86,2
888,2,2000,8.16,2
889,2,2000,8.54,2
890,2,2000,8.72,2
891,2,2000,8.6,2
892,2,2000,7.54,2
893,2,2000,7.16,2
894,2,2000,8.14,2
895,2,2000,7.2,2
896,2,2000,7.26,2
897,2,2000,7.54,2
898,2,2000,7.68,2
899,2,2000,8.0,2
900,2,2000,7.92,2
901,2,2000,7.08,2
902,2,2000,8.94,2
903,2,2000,7.7,2
904,2,2000,7.52,2
905,2,2000,7.72,2
906,2,2000,7.76,2
907,2,2000,7.88,2
908,2,2000,7.12,2
909,2,2000,7.62,2
910,2,2000,8.5,2
911,2,2000,8.1,2
912,2,2000,8.04,2
913,2,2000,7.98,2
914,2,2000,8.46,2
915,2,2000,9.54,2
916,2,2000,7.82,2
917,2,2000,7.92,2
918,2,2000,8.18,2
919,2,2000,7.86,2
920,2,2000,8.36,2
921,2,2000,7.56,2
922,2,2000,8.3,2
923,2,2000,7.64,2
924,2,2000,7.88,2
925,2,2000,7.82,2
926,2,2000,7.68,2
927,2,2000,7.38,2
928,2,2000,7.72,2
929,2,2000,9.32,2
930,2,2000,7.92,2
931,2,2000,7.68,2
932,2,2000,7.6,2
933,2,2000,8.12,2
934,2,2000,8.5,2
935,2,2000,7.64,2
936,2,2000,8.3,2
937,2,2000,7.38,2
938,2,2000,8.34,2
939,2,2000,7.7,2
940,2,2000,7.82,2
941,2,2000,7.82,2
942,2,2000,8.1,2
943,2,2000,7.76,2
944,2,2000,7.9,2
945,2,2000,7.46,2
946,2,2000,7.88,2
947,2,2000,7.3,2
948,2,2000,7.48,2
949,2,2000,7.18,2
950,2,2000,6.46,2
951,2,2000,8.06,2
952,2,2000,7.9,2
953,2,2000,7.96,2
954,2,2000,7.18,2
955,2,2000,7.58,2
956,2,2000,8.0,2
957,2,2000,8.42,2
958,2,2000,8.16,2
959,2,2000,7.88,2
960,2,2000,8.14,2
961,2,2000,7.92,2
962,2,2000,7.4,2
963,2,2000,7.9,2
964,2,2000,7.46,2
965,2,2000,8.48,2
966,2,2000,8.72,2
967,2,2000,8.02,2
968,2,2000,7.94,2
969,2,2000,8.08,2
970,2,2000,8.3,2
971,2,2000,9.06,2
972,2,2000,7.14,2
973,2,2000,7.8,2
974,2,2000,8.44,2
975,2,2000,9.42,2
976,2,2000,8.12,2
977,2,2000,8.36,2
978,2,2000,7.8,2
979,2,2000,9.24,2
980,2,2000,7.5,2
981,2,2000,7.98,2
982,2,2000,7.74,2
983,2,2000,7.62,2
984,2,2000,7.96,2
985,2,2000,7.76,2
986,2,2000,8.36,2
987,2,2000,8.26,2
988,2,2000,7.3,2
989,2,2000,7.5,2
990,2,2000,7.66,2
991,2,2000,7.32,2
992,2,2000,7.4,2
993,2,2000,7.62,2
994,2,2000,7.98,2
995,2,2000,7.02,2
996,2,2000,7.42,2
997,2,2000,8.18,2
998,2,2000,7.92,2
999,2,2000,7.82,2
1000,2,2000,8.04,2
1001,2,2000,7.78,2
1002,2,2000,7.56,2
1003,2,2000,6.5,2
1004,2,2000,7.38,2
1005,2,2000,7.58,2
1006,2,2000,8.0,2
1007,2,2000,7.38,2
1008,2,2000,8.22,2
1009,2,2000,8.18,2
1010,2,2000,8.52,2
1011,2,2000,7.88,2
1012,2,2000,7.84,2
1013,2,2000,8.54,2
1014,2,2000,7.82,2
1015,2,2000,6.66,2
1016,2,2000,6.7,2
1017,2,2000,8.32,2
1018,2,2000,7.94,2
1019,2,2000,7.2,2
1020,2,2000,7.36,2
1021,2,2000,7.7,2
1022,2,2000,8.44,2
1023,2,2000,7.46,2
1024,2,2000,6.84,2
1025,2,2000,7.5,2
1026,2,2000,6.86,2
1027,2,2000,7.92,2
1028,2,2000,7.9,2
1029,2,2000,8.4,2
1030,2,2000,8.8,2
1031,2,2000,8.84,2
1032,2,2000,7.1,2
1033,2,2000,8.08,2
1034,2,2000,8.84,2
1035,2,2000,8.52,2
1036,2,2000,7.88,2
1037,2,2000,8.02,2
1038,2,2000,7.5,2
1039,2,2000,9.18,2
1040,2,2000,7.72,2
1041,2,2000,6.08,2
1042,2,2000,7.48,2
1043,2,2000,7.62,2
1044,2,2000,7.7,2
1045,2,2000,8.56,2
1046,2,2000,7.66,2
1047,2,2000,8.94,2
1048,2,2000,8.8,2
1049,2,2000,7.58,2
1050,2,2000,7.94,2
1051,2,2000,7.9,2
1052,2,2000,7.66,2
1053,2,2000,8.5,2
1054,2,2000,8.54,2
1055,2,2000,8.42,2
1056,2,2000,8.24,2
1057,2,2000,7.82,2
1058,2,2000,7.32,2
1059,2,2000,7.18,2
1060,2,2000,8.4,2
1061,2,2000,9.48,2
1062,2,2000,8.26,2
1063,2,2000,8.42,2
1064,2,2000,8.52,2
1065,2,2000,7.98,2
1066,2,2000,8.22,2
1067,2,2000,8.1,2
1068,2,2000,7.56,2
1069,2,2000,7.64,2
1070,2,2000,7.66,2
1071,2,2000,6.68,2
1072,2,2000,7.32,2
1073,2,2000,7.98,2
1074,2,2000,7.7,2
1075,2,2000,8.02,2
1076,2,2000,7.66,2
1077,2,2000,7.56,2
1078,2,2000,7.16,2
1079,2,2000,7.1,2
1080,2,2000,6.98,2
1081,2,2000,7.98,1
1082,2,2000,6.94,1
1083,2,2000,7.72,1
1084,2,2000,7.16,1
1085,2,2000,5.62,1
1086,2,2000,7.02,1
1087,2,2000,7.38,1
1088,2,2000,7.14,1
1089,2,2000,7.44,1
1090,2,2000,6.98,1
1091,2,2000,6.36,1
1092,2,2000,7.26,1
1093,2,2000,7.88,1
1094,2,2000,7.12,1
1095,2,2000,6.94,1
1096,2,2000,7.04,1
1097,2,2000,6.42,1
1098,2,2000,6.32,1
1099,2,2000,7.68,1
1100,2,2000,7.16,1
1101,2,2000,7.06,1
1102,2,2000,6.7,1
1103,2,2000,6.3,1
1104,2,2000,6.96,1
1105,2,2000,7.02,1
1106,2,2000,6.08,1
1107,2,2000,6.84,1
1108,2,2000,6.9,1
1109,2,2000,7.52,1
1110,2,2000,6.94,1
1111,2,2000,6.76,1
1112,2,2000,6.02,1
1113,2,2000,6.62,1
1114,2,2000,6.2,1
1115,2,2000,7.92,1
1116,2,2000,7.58,1
1117,2,2000,7.52,1
1118,2,2000,7.2,1
1119,2,2000,7.72,1
1120,2,2000,7.18,1
1121,2,2000,7.0,1
1122,2,2000,6.5,1
1123,2,2000,6.9,1
1124,2,2000,6.8,1
1125,2,2000,6.34,1
1126,2,2000,7.58,1
1127,2,2000,7.86,1
1128,2,2000,7.2,1
1129,2,2000,7.82,1
1130,2,2000,7.56,1
1131,2,2000,7.12,1
1132,2,2000,7.0,1
1133,2,2000,7.3,1
1134,2,2000,6.98,1
1135,2,2000,7.0,1
1136,2,2000,7.52,1
1137,2,2000,7.02,1
1138,2,2000,6.7,1
1139,2,2000,6.5,1
1140,2,2000,6.82,1
1141,2,2000,7.06,1
1142,2,2000,6.92,1
1143,2,2000,7.18,1
1144,2,2000,7.46,1
1145,2,2000,7.36,1
1146,2,2000,6.1,1
1147,2,2000,6.68,1
1148,2,2000,5.82,1
1149,2,2000,6.7,1
1150,2,2000,6.76,1
1151,2,2000,7.6,1
1152,2,2000,6.54,1
1153,2,2000,6.48,1
1154,2,2000,6.46,1
1155,2,2000,6.04,1
1156,2,2000,7.28,1
1157,2,2000,6.78,1
1158,2,2000,6.3,1
1159,2,2000,6.06,1
1160,2,2000,5.92,1
1161,2,2000,6.94,1
1162,2,2000,7.44,1
1163,2,2000,8.12,1
1164,2,2000,8.82,1
1165,2,2000,6.88,1
1166,2,2000,7.9,1
1167,2,2000,7.28,1
1168,2,2000,6.78,1
1169,2,2000,6.76,1
1170,2,2000,6.62,1
1171,2,2000,7.16,1
1172,2,2000,6.88,1
1173,2,2000,7.48,1
1174,2,2000,7.02,1
1175,2,2000,7.0,1
1176,2,2000,7.06,1
1177,2,2000,7.42,1
1178,2,2000,7.16,1
1179,2,2000,7.82,1
1180,2,2000,6.88,1
1181,2,2000,6.54,1
1182,2,2000,6.92,1
1183,2,2000,7.54,1
1184,2,2000,6.4,1
1185,2,2000,7.22,1
1186,2,2000,6.0,1
1187,2,2000,6.92,1
1188,2,2000,7.22,1
1189,2,2000,6.5,1
1190,2,2000,6.36,1
1191,2,2000,7.12,1
1192,2,2000,7.36,1
1193,2,2000,7.48,1
1194,2,2000,7.38,1
1195,2,2000,7.44,1
1196,2,2000,7.22,1
1197,2,2000,6.18,1
1198,2,2000,6.98,1
1199,2,2000,7.9,1
1200,2,2000,6.84,1
1201,2,2000,7.6,1
1202,2,2000,6.94,1
1203,2,2000,6.98,1
1204,2,2000,6.7,1
1205,2,2000,7.16,1
1206,2,2000,6.72,1
1207,2,2000,6.68,1
1208,2,2000,7.42,1
1209,2,2000,7.16,1
1210,2,2000,6.28,1
1211,2,2000,7.48,1
1212,2,2000,6.82,1
1213,2,2000,6.3,1
1214,2,2000,6.78,1
1215,2,2000,6.44,1
1216,2,2000,6.96,1
1217,2,2000,5.86,1
1218,2,2000,6.64,1
1219,2,2000,6.36,1
1220,2,2000,7.32,1
1221,2,2000,6.92,1
1222,2,2000,7.16,1
1223,2,2000,6.04,1
1224,2,2000,7.34,1
1225,2,2000,7.2,1
1226,2,2000,7.16,1
1227,2,2000,7.12,1
1228,2,2000,6.46,1
1229,2,2000,6.34,1
1230,2,2000,7.6,1
1231,2,2000,6.7,1
1232,2,2000,6.48,1
1233,2,2000,6.12,1
1234,2,2000,6.96,1
1235,2,2000,7.26,1
1236,2,2000,7.12,1
1237,2,2000,7.22,1
1238,2,2000,5.7,1
1239,2,2000,6.18,1
1240,2,2000,6.88,1
1241,2,2000,7.98,1
1242,2,2000,6.86,1
1243,2,2000,7.84,1
1244,2,2000,7.02,1
1245,2,2000,7.76,1
1246,2,2000,6.36,1
1247,2,2000,7.24,1
1248,2,2000,6.8,1
1249,2,2000,7.06,1
1250,2,2000,7.14,1
1251,2,2000,6.12,1
1252,2,2000,7.28,1
1253,2,2000,8.2,1
1254,2,2000,6.34,1
1255,2,2000,7.58,1
1256,2,2000,6.04,1
1257,2,2000,6.62,1
1258,2,2000,6.96,1
1259,2,2000,6.78,1
1260,2,2000,6.48,1
1261,2,2000,6.92,1
1262,2,2000,6.18,1
1263,2,2000,7.92,1
1264,2,2000,5.88,1
1265,2,2000,7.1,1
1266,2,2000,6.04,1
1267,2,2000,7.0,1
1268,2,2000,8.72,1
1269,2,2000,8.24,1
1270,2,2000,8.62,1
1271,2,2000,7.04,1
1272,2,2000,7.18,1
1273,2,2000,7.2,1
1274,2,2000,7.44,1
1275,2,2000,7.1,1
1276,2,2000,7.16,1
1277,2,2000,7.32,1
1278,2,2000,7.16,1
1279,2,2000,8.2,1
1280,2,2000,6.98,1
1281,2,2000,7.0,1
1282,2,2000,7.22,1
1283,2,2000,6.0,1
1284,2,2000,6.72,1
1285,2,2000,7.3,1
1286,2,2000,6.3,1
1287,2,2000,7.46,1
1288,2,2000,6.78,1
1289,2,2000,6.7,1
1290,2,2000,7.1,1
1291,2,2000,7.54,1
1292,2,2000,7.4,1
1293,2,2000,6.24,1
1294,2,2000,6.56,1
1295,2,2000,5.66,1
1296,2,2000,6.16,1
1297,2,2000,6.72,1
1298,2,2000,7.5,1
1299,2,2000,8.2,1
1300,2,2000,7.04,1
1301,2,2000,7.1,1
1302,2,2000,7.44,1
1303,2,2000,7.56,1
1304,2,2000,7.72,1
1305,2,2000,7.4,1
1306,2,2000,5.92,1
1307,2,2000,6.0,1
1308,2,2000,5.84,1
1309,2,2000,6.76,1
1310,2,2000,7.78,1
1311,2,2000,6.56,1
1312,2,2000,6.74,1
1313,2,2000,6.46,1
1314,2,2000,6.64,1
1315,2,2000,5.74,1
1316,2,2000,6.32,1
1317,2,2000,5.58,1
1318,2,2000,6.52,1
1319,2,2000,7.18,1
1320,2,2000,8.3,1
1321,2,2000,7.22,1
1322,2,2000,7.44,1
1323,2,2000,7.42,1
1324,2,2000,7.24,1
1325,2,2000,7.84,1
1326,2,2000,7.06,1
1327,2,2000,7.08,1
1328,2,2000,7.04,1
1329,2,2000,7.28,1
1330,2,2000,7.12,1
1331,2,2000,7.9,1
1332,2,2000,7.42,1
1333,2,2000,8.48,1
1334,2,2000,7.82,1
1335,2,2000,6.9,1
1336,2,2000,7.72,1
1337,2,2000,7.74,1
1338,2,2000,7.04,1
1339,2,2000,6.46,1
1340,2,2000,7.34,1
1341,2,2000,6.98,1
1342,2,2000,7.26,1
1343,2,2000,7.5,1
1344,2,2000,7.92,1
1345,2,2000,8.18,1
1346,2,2000,7.06,1
1347,2,2000,7.66,1
1348,2,2000,7.18,1
1349,2,2000,6.78,1
1350,2,2000,7.82,1
1351,2,2000,6.62,1
1352,2,2000,7.16,1
1353,2,2000,6.8,1
1354,2,2000,6.48,1
1355,2,2000,7.02,1
1356,2,2000,6.28,1
1357,2,2000,7.06,1
1358,2,2000,6.6,1
1359,2,2000,6.62,1
1360,2,2000,7.48,1
1361,2,2000,7.1,1
1362,2,2000,6.12,1
1363,2,2000,6.04,1
1364,2,2000,6.84,1
1365,2,2000,6.88,1
1366,2,2000,6.08,1
1367,2,2000,8.1,1
1368,2,2000,7.18,1
1369,2,2000,7.6,1
1370,2,2000,7.3,1
1371,2,2000,6.76,1
1372,2,2000,6.8,1
1373,2,2000,6.16,1
1374,2,2000,6.6,1
1375,2,2000,6.56,1
1376,2,2000,7.3,1
1377,2,2000,6.88,1
1378,2,2000,7.64,1
1379,2,2000,6.12,1
1380,2,2000,6.14,1
1381,2,2000,5.96,1
1382,2,2000,7.2,1
1383,2,2000,5.38,1
1384,2,2000,6.64,1
1385,2,2000,7.26,1
1386,2,2000,7.06,1
1387,2,2000,7.52,1
1388,2,2000,6.84,1
1389,2,2000,7.34,1
1390,2,2000,7.24,1
1391,2,2000,7.56,1
1392,2,2000,7.56,1
1393,2,2000,8.16,1
1394,2,2000,7.78,1
1395,2,2000,7.4,1
1396,2,2000,6.66,1
1397,2,2000,6.78,1
1398,2,2000,6.9,1
1399,2,2000,6.7,1
1400,2,2000,7.34,1
1401,2,2000,6.86,1
1402,2,2000,6.96,1
1403,2,2000,7.08,1
1404,2,2000,6.74,1
1405,2,2000,7.2,1
1406,2,2000,7.62,1
1407,2,2000,6.64,1
1408,2,2000,6.78,1
1409,2,2000,7.64,1
1410,2,2000,7.8,1
1411,2,2000,7.42,1
1412,2,2000,6.92,1
1413,2,2000,7.0,1
1414,2,2000,6.28,1
1415,2,2000,6.18,1
1416,2,2000,6.4,1
1417,2,2000,6.68,1
1418,2,2000,6.78,1
1419,2,2000,6.36,1
1420,2,2000,6.38,1
1421,2,2000,7.06,1
1422,2,2000,6.96,1
1423,2,2000,8.28,1
1424,2,2000,7.52,1
1425,2,2000,6.48,1
1426,2,2000,7.4,1
1427,2,2000,6.84,1
1428,2,2000,7.36,1
1429,2,2000,6.48,1
1430,2,2000,7.06,1
1431,2,2000,7.56,1
1432,2,2000,6.0,1
1433,2,2000,7.14,1
1434,2,2000,6.46,1
1435,2,2000,5.76,1
1436,2,2000,6.08,1
1437,2,2000,6.64,1
1438,2,2000,7.34,1
1439,2,2000,7.22,1
1440,2,2000,7.56,1
1441,2,2000,7.74,1
1442,2,2000,7.98,1
1443,2,2000,7.94,1
1444,2,2000,6.94,1
1445,2,2000,7.2,1
1446,2,2000,6.58,1
1447,2,2000,7.24,1
1448,2,2000,7.08,1
1449,2,2000,6.68,1
1450,2,2000,7.52,1
1451,2,2000,7.38,1
1452,2,2000,6.6,1
1453,2,2000,7.5,1
1454,2,2000,7.16,1
1455,2,2000,7.14,1
1456,2,2000,6.62,1
1457,2,2000,7.22,1
1458,2,2000,7.04,1
1459,2,2000,6.42,1
1460,2,2000,6.04,1
1461,2,2000,5.74,1
1462,2,2000,6.98,1
1463,2,2000,7.36,1
1464,2,2000,6.66,1
1465,2,2000,6.58,1
1466,2,2000,7.24,1
1467,2,2000,6.6,1
1468,2,2000,7.12,1
1469,2,2000,6.94,1
1470,2,2000,5.9,1
1471,2,2000,6.74,1
1472,2,2000,7.44,1
1473,2,2000,7.26,1
1474,2,2000,7.54,1
1475,2,2000,6.62,1
1476,2,2000,7.52,1
1477,2,2000,7.8,1
1478,2,2000,7.36,1
1479,2,2000,6.02,1
1480,2,2000,7.24,1
1481,2,2000,7.4,1
1482,2,2000,8.42,1
1483,2,2000,7.34,1
1484,2,2000,7.3,1
1485,2,2000,6.96,1
1486,2,2000,6.98,1
1487,2,2000,7.2,1
1488,2,2000,7.36,1
1489,2,2000,6.1,1
1490,2,2000,7.34,1
1491,2,2000,7.26,1
1492,2,2000,7.44,1
1493,2,2000,6.58,1
1494,2,2000,7.46,1
1495,2,2000,6.74,1
1496,2,2000,6.44,1
1497,2,2000,6.76,1
1498,2,2000,7.3,1
1499,2,2000,6.36,1
1500,2,2000,6.66,1
1501,2,2000,6.46,1
1502,2,2000,6.84,1
1503,2,2000,6.9,1
1504,2,2000,7.38,1
1505,2,2000,7.7,1
1506,2,2000,6.04,1
1507,2,2000,6.52,1
1508,2,2000,6.4,1
1509,2,2000,7.58,1
1510,2,2000,6.9,1
1511,2,2000,5.96,1
1512,2,2000,6.94,1
1513,2,2000,7.5,1
1514,2,2000,7.18,1
1515,2,2000,7.84,1
1516,2,2000,6.86,1
1517,2,2000,7.22,1
1518,2,2000,6.7,1
1519,2,2000,7.56,1
1520,2,2000,6.72,1
1521,2,2000,7.36,1
1522,2,2000,7.52,1
1523,2,2000,6.6,1
1524,2,2000,7.06,1
1525,2,2000,7.18,1
1526,2,2000,7.74,1
1527,2,2000,7.5,1
1528,2,2000,6.6,1
1529,2,2000,7.76,1
1530,2,2000,7.12,1
1531,2,2000,7.36,1
1532,2,2000,7.4,1
1533,2,2000,7.62,1
1534,2,2000,6.38,1
1535,2,2000,6.6,1
1536,2,2000,6.38,1
1537,2,2000,6.8,1
1538,2,2000,6.3,1
1539,2,2000,7.46,1
1540,2,2000,7.26,1
1541,2,2000,7.78,1
1542,2,2000,8.42,1
1543,2,2000,7.26,1
1544,2,2000,7.1,1
1545,2,2000,7.22,1
1546,2,2000,6.54,1
1547,2,2000,6.02,1
1548,2,2000,6.14,1
1549,2,2000,6.24,1
1550,2,2000,6.48,1
1551,2,2000,7.16,1
1552,2,2000,7.6,1
1553,2,2000,7.16,1
1554,2,2000,7.66,1
1555,2,2000,6.42,1
1556,2,2000,6.54,1
1557,2,2000,6.86,1
1558,2,2000,6.72,1
1559,2,2000,8.3,1
1560,2,2000,7.78,1
1561,2,2000,7.34,1
1562,2,2000,7.86,1
1563,2,2000,7.52,1
1564,2,2000,7.54,1
1565,2,2000,7.86,1
1566,2,2000,6.9,1
1567,2,2000,7.66,1
1568,2,2000,7.08,1
1569,2,2000,6.7,1
1570,2,2000,6.14,1
1571,2,2000,5.8,1
1572,2,2000,6.64,1
1573,2,2000,7.98,1
1574,2,2000,7.54,1
1575,2,2000,7.54,1
1576,2,2000,7.22,1
1577,2,2000,7.62,1
1578,2,2000,6.82,1
1579,2,2000,7.6,1
1580,2,2000,6.58,1
1581,2,2000,6.8,1
1582,2,2000,6.6,1
1583,2,2000,6.28,1
1584,2,2000,7.48,1
1585,2,2000,6.82,1
1586,2,2000,6.86,1
1587,2,2000,7.3,1
1588,2,2000,6.96,1
1589,2,2000,6.96,1
1590,2,2000,7.58,1
1591,2,2000,7.18,1
1592,2,2000,6.0,1
1593,2,2000,7.74,1
1594,2,2000,6.24,1
1595,2,2000,6.74,1
1596,2,2000,7.54,1
1597,2,2000,6.94,1
1598,2,2000,7.2,1
1599,2,2000,7.64,1
1600,2,2000,8.04,1
1601,2,2000,6.82,1
1602,2,2000,7.0,1
1603,2,2000,7.04,1
1604,2,2000,7.0,1
1605,2,2000,6.32,1
1606,2,2000,6.98,1
1607,2,2000,6.68,1
1608,2,2000,6.76,1
1609,2,2000,7.3,1
1610,2,2000,6.44,1
1611,2,2000,7.14,1
1612,2,2000,6.38,1
1613,2,2000,7.44,1
1614,2,2000,6.92,1
1615,2,2000,5.84,1
1616,2,2000,6.04,1
1617,2,2000,7.4,1
1618,2,2000,8.4,1
1619,2,2000,7.32,1
1620,2,2000,7.02,1
1621,2,2000,7.24,1
1622,2,2000,6.42,1
1623,2,2000,7.3,1
1624,2,2000,7.44,1
1625,2,2000,6.98,1
1626,2,2000,7.4,1
1627,2,2000,5.9,1
1628,2,2000,7.08,1
1629,2,2000,6.48,1
1630,2,2000,6.96,1
1631,2,2000,6.92,1
1632,2,2000,6.22,1
1633,2,2000,7.6,1
1634,2,2000,7.6,1
1635,2,2000,7.68,1
1636,2,2000,7.78,1
1637,2,2000,7.72,1
1638,2,2000,7.96,1
1639,2,2000,5.9,1
1640,2,2000,7.06,1
1641,2,2000,7.08,1
1642,2,2000,6.24,1
1643,2,2000,6.72,1
1644,2,2000,6.72,1
1645,2,2000,7.06,1
1646,2,2000,8.28,1
1647,2,2000,6.92,1
1648,2,2000,7.26,1
1649,2,2000,7.68,1
1650,2,2000,5.96,1
1651,2,2000,6.82,1
1652,2,2000,6.84,1
1653,2,2000,7.5,1
1654,2,2000,6.42,1
1655,2,2000,6.78,1
1656,2,2000,6.68,1
1657,2,2000,7.2,1
1658,2,2000,7.22,1
1659,2,2000,5.18,1
1660,2,2000,6.18,1
1661,2,2000,6.68,1
1662,2,2000,7.1,1
1663,2,2000,6.82,1
1664,2,2000,6.82,1
1665,2,2000,6.2,1
1666,2,2000,6.28,1
1667,2,2000,7.46,1
1668,2,2000,6.58,1
1669,2,2000,6.94,1
1670,2,2000,6.92,1
1671,2,2000,7.34,1
1672,2,2000,7.3,1
1673,2,2000,7.32,1
1674,2,2000,7.16,1
1675,2,2000,6.44,1
1676,2,2000,6.96,1
1677,2,2000,7.7,1
1678,2,2000,7.28,1
1679,2,2000,7.12,1
1680,2,2000,6.86,1
1681,2,2000,6.82,1
1682,2,2000,7.78,1
1683,2,2000,6.96,1
1684,2,2000,8.36,1
1685,2,2000,7.06,1
1686,2,2000,7.18,1
1687,2,2000,6.98,1
1688,2,2000,6.6,1
1689,2,2000,6.98,1
1690,2,2000,6.64,1
1691,2,2000,7.34,1
1692,2,2000,7.34,1
1693,2,2000,7.6,1
1694,2,2000,6.52,1
1695,2,2000,7.06,1
1696,2,2000,7.26,1
1697,2,2000,8.32,1
1698,2,2000,6.5,1
1699,2,2000,5.64,1
1700,2,2000,7.04,1
1701,2,2000,6.88,1
1702,2,2000,6.34,1
1703,2,2000,6.8,1
1704,2,2000,6.74,1
1705,2,2000,6.86,1
1706,2,2000,7.04,1
1707,2,2000,7.38,1
1708,2,2000,6.8,1
1709,2,2000,7.36,1
1710,2,2000,6.62,1
1711,2,2000,7.28,1
1712,2,2000,7.12,1
1713,2,2000,7.5,1
1714,2,2000,6.32,1
1715,2,2000,6.46,1
1716,2,2000,7.66,1
1717,2,2000,7.16,1
1718,2,2000,7.0,1
1719,2,2000,7.68,1
1720,2,2000,6.68,1
1721,2,2000,6.24,1
1722,2,2000,7.58,1
1723,2,2000,7.32,1
1724,2,2000,7.36,1
1725,2,2000,6.64,1
1726,2,2000,6.58,1
1727,2,2000,7.1,1
1728,2,2000,6.66,1
1729,2,2000,6.06,1
1730,2,2000,6.76,1
1731,2,2000,6.76,1
1732,2,2000,6.88,1
1733,2,2000,7.08,1
1734,2,2000,7.66,1
1735,2,2000,7.1,1
1736,2,2000,6.12,1
1737,2,2000,6.96,1
1738,2,2000,6.66,1
1739,2,2000,7.78,1
1740,2,2000,6.36,1
1741,2,2000,7.34,1
1742,2,2000,7.38,1
1743,2,2000,7.16,1
1744,2,2000,7.14,1
1745,2,2000,6.84,1
1746,2,2000,6.84,1
1747,2,2000,6.16,1
1748,2,2000,7.8,1
1749,2,2000,7.92,1
1750,2,2000,7.74,1
1751,2,2000,7.68,1
1752,2,2000,7.3,1
1753,2,2000,7.38,1
1754,2,2000,7.46,1
1755,2,2000,7.62,1
1756,2,2000,7.14,1
1757,2,2000,6.9,1
1758,2,2000,6.6,1
1759,2,2000,7.26,1
1760,2,2000,6.82,1
1761,2,2000,6.98,1
1762,2,2000,7.52,1
1763,2,2000,7.58,1
1764,2,2000,7.22,1
1765,2,2000,6.9,1
1766,2,2000,6.54,1
1767,2,2000,6.1,1
1768,2,2000,6.44,1
1769,2,2000,6.88,1
1770,2,2000,6.38,1
1771,2,2000,7.62,1
1772,2,2000,5.96,1
1773,2,2000,6.98,1
1774,2,2000,8.1,1
1775,2,2000,6.72,1
1776,2,2000,7.04,1
1777,2,2000,8.08,1
1778,2,2000,7.44,1
1779,2,2000,7.52,1
1780,2,2000,6.56,1
1781,2,2000,7.06,1
1782,2,2000,6.66,1
1783,2,2000,8.14,1
1784,2,2000,7.18,1
1785,2,2000,7.3,1
1786,2,2000,7.22,1
1787,2,2000,7.34,1
1788,2,2000,7.18,1
1789,2,2000,7.34,1
1790,2,2000,6.5,1
1791,2,2000,6.42,1
1792,2,2000,7.02,1
1793,2,2000,5.9,1
1794,2,2000,6.98,1
1795,2,2000,6.76,1
1796,2,2000,5.78,1
1797,2,2000,6.14,1
1798,2,2000,6.96,1
1799,2,2000,7.64,1
1800,2,2000,7.98,1
1801,2,2000,7.72,1
1802,2,2000,7.12,1
1803,2,2000,7.46,1
1804,2,2000,6.58,1
1805,2,2000,6.88,1
1806,2,2000,6.92,1
1807,2,2000,7.8,1
1808,2,2000,7.8,1
1809,2,2000,6.54,1
1810,2,2000,6.86,1
1811,2,2000,7.56,1
1812,2,2000,7.84,1
1813,2,2000,6.44,1
1814,2,2000,7.58,1
1815,2,2000,8.06,1
1816,2,2000,7.46,1
1817,2,2000,6.38,1
1818,2,2000,7.44,1
1819,2,2000,7.5,1
1820,2,2000,7.12,1
1821,2,2000,8.24,1
1822,2,2000,7.1,1
1823,2,2000,7.74,1
1824,2,2000,6.52,1
1825,2,2000,7.08,1
1826,2,2000,7.56,1
1827,2,2000,7.04,1
1828,2,2000,7.12,1
1829,2,2000,8.22,1
1830,2,2000,6.98,1
1831,2,2000,7.5,1
1832,2,2000,6.86,1
1833,2,2000,6.24,1
1834,2,2000,6.86,1
1835,2,2000,6.6,1
1836,2,2000,7.0,1
1837,2,2000,6.48,1
1838,2,2000,6.6,1
1839,2,2000,6.92,1
1840,2,2000,6.76,1
1841,2,2000,7.68,1
1842,2,2000,7.74,1
1843,2,2000,7.3,1
1844,2,2000,8.32,1
1845,2,2000,7.56,1
1846,2,2000,7.74,1
1847,2,2000,7.22,1
1848,2,2000,6.94,1
1849,2,2000,6.56,1
1850,2,2000,8.08,1
1851,2,2000,7.2,1
1852,2,2000,6.74,1
1853,2,2000,7.0,1
1854,2,2000,8.02,1
1855,2,2000,6.72,1
1856,2,2000,8.18,1
1857,2,2000,8.16,1
1858,2,2000,6.74,1
1859,2,2000,7.04,1
1860,2,2000,6.84,1
1861,2,2000,7.0,1
1862,2,2000,5.92,1
1863,2,2000,6.62,1
1864,2,2000,7.44,1
1865,2,2000,7.28,1
1866,2,2000,7.46,1
1867,2,2000,7.82,1
1868,2,2000,7.68,1
1869,2,2000,7.0,1
1870,2,2000,7.44,1
1871,2,2000,7.34,1
1872,2,2000,7.46,1
1873,2,2000,6.58,1
1874,2,2000,6.34,1
1875,2,2000,6.18,1
1876,2,2000,6.7,1
1877,2,2000,7.2,1
1878,2,2000,7.02,1
1879,2,2000,6.0,1
1880,2,2000,7.34,1
1881,2,2000,6.5,1
1882,2,2000,6.5,1
1883,2,2000,7.58,1
1884,2,2000,7.54,1
1885,2,2000,7.94,1
1886,2,2000,6.82,1
1887,2,2000,7.5,1
1888,2,2000,7.76,1
1889,2,2000,8.38,1
1890,2,2000,7.16,1
1891,2,2000,6.68,1
1892,2,2000,7.3,1
1893,2,2000,7.36,1
1894,2,2000,7.24,1
1895,2,2000,7.2,1
1896,2,2000,7.12,1
1897,2,2000,6.82,1
1898,2,2000,6.86,1
1899,2,2000,6.68,1
1900,2,2000,5.82,1
1901,2,2000,7.06,1
1902,2,2000,6.96,1
1903,2,2000,7.18,1
1904,2,2000,6.76,1
1905,2,2000,7.0,1
1906,2,2000,6.84,1
1907,2,2000,6.72,1
1908,2,2000,6.7,1
1909,2,2000,6.28,1
1910,2,2000,6.7,1
1911,2,2000,7.28,1
1912,2,2000,6.4,1
1913,2,2000,7.18,1
1914,2,2000,6.14,1
1915,2,2000,8.06,1
1916,2,2000,7.36,1
1917,2,2000,7.1,1
1918,2,2000,7.54,1
1919,2,2000,7.82,1
1920,2,2000,7.66,1
1921,2,2000,7.44,1
1922,2,2000,7.78,1
1923,2,2000,6.9,1
1924,2,2000,6.6,1
1925,2,2000,6.94,1
1926,2,2000,6.28,1
1927,2,2000,7.78,1
1928,2,2000,8.36,1
1929,2,2000,7.9,1
1930,2,2000,7.76,1
1931,2,2000,6.98,1
1932,2,2000,7.1,1
1933,2,2000,6.9,1
1934,2,2000,5.64,1
1935,2,2000,6.22,1
1936,2,2000,6.98,1
1937,2,2000,6.88,1
1938,2,2000,5.86,1
1939,2,2000,6.46,1
1940,2,2000,8.46,1
1941,2,2000,7.7,1
1942,2,2000,7.3,1
1943,2,2000,8.5,1
1944,2,2000,7.5,1
1945,2,2000,6.82,1
1946,2,2000,6.1,1
1947,2,2000,5.7,1
1948,2,2000,6.66,1
1949,2,2000,7.02,1
1950,2,2000,7.82,1
1951,2,2000,6.54,1
1952,2,2000,7.28,1
1953,2,2000,6.44,1
1954,2,2000,7.2,1
1955,2,2000,7.92,1
1956,2,2000,7.78,1
1957,2,2000,6.84,1
1958,2,2000,8.62,1
1959,2,2000,8.18,1
1960,2,2000,8.12,1
1961,2,2000,8.48,1
1962,2,2000,6.24,1
1963,2,2000,7.38,1
1964,2,2000,7.38,1
1965,2,2000,6.7,1
1966,2,2000,7.82,1
1967,2,2000,7.16,1
1968,2,2000,7.0,1
1969,2,2000,7.3,1
1970,2,2000,7.02,1
1971,2,2000,6.56,1
1972,2,2000,7.06,1
1973,2,2000,7.7,1
1974,2,2000,6.7,1
1975,2,2000,6.46,1
1976,2,2000,6.36,1
1977,2,2000,6.78,1
1978,2,2000,7.02,1
1979,2,2000,6.84,1
1980,2,2000,6.38,1
1981,2,2000,7.06,1
1982,2,2000,6.58,1
1983,2,2000,6.52,1
1984,2,2000,7.18,1
1985,2,2000,7.56,1
1986,2,2000,8.06,1
1987,2,2000,6.68,1
1988,2,2000,6.8,1
1989,2,2000,6.36,1
1990,2,2000,6.46,1
1991,2,2000,6.9,1
1992,2,2000,7.92,1
1993,2,2000,6.62,1
1994,2,2000,6.64,1
1995,2,2000,7.26,1
1996,2,2000,7.52,1
1997,2,2000,7.7,1
1998,2,2000,7.56,1
1999,2,2000,7.02,1
2000,2,2000,6.94,1
0,3,2000,58.3,45
1,3,2000,50.12,41
2,3,2000,45.28,38
3,3,2000,41.26,34
4,3,2000,37.3,31
5,3,2000,34.42,28
6,3,2000,31.18,27
7,3,2000,30.44,26
8,3,2000,29.94,24
9,3,2000,28.28,22
10,3,2000,26.24,21
11,3,2000,24.94,21
12,3,2000,24.46,20
13,3,2000,24.18,19
14,3,2000,23.06,19
15,3,2000,21.92,18
16,3,2000,21.7,17
17,3,2000,21.04,17
18,3,2000,20.6,17
19,3,2000,20.94,15
20,3,2000,21.16,15
21,3,2000,19.74,14
22,3,2000,19.14,13
23,3,2000,18.2,13
24,3,2000,18.0,13
25,3,2000,18.1,12
26,3,2000,16.74,12
27,3,2000,16.44,12
28,3,2000,16.3,12
29,3,2000,16.38,12
30,3,2000,16.08,12
31,3,2000,16.08,12
32,3,2000,16.66,11
33,3,2000,15.82,11
34,3,2000,16.04,11
35,3,2000,15.06,11
36,3,2000,15.16,10
37,3,2000,14.94,10
38,3,2000,15.62,10
39,3,2000,15.82,10
40,3,2000,14.26,10
41,3,2000,15.18,9
42,3,2000,13.92,9
43,3,2000,14.18,9
44,3,2000,13.3,9
45,3,2000,12.8,8
46,3,2000,12.92,8
47,3,2000,13.64,8
48,3,2000,13.76,8
49,3,2000,13.6,8
50,3,2000,13.2,8
51,3,2000,13.28,8
52,3,2000,13.76,8
53,3,2000,13.12,8
54,3,2000,12.44,8
55,3,2000,12.98,8
56,3,2000,13.08,8
57,3,2000,12.94,8
58,3,2000,13.64,8
59,3,2000,13.56,8
60,3,2000,13.32,8
61,3,2000,13.16,8
62,3,2000,12.8,8
63,3,2000,12.36,8
64,3,2000,12.74,8
65,3,2000,12.32,8
66,3,2000,13.2,8
67,3,2000,13.24,8
68,3,2000,13.28,8
69,3,2000,13.7,8
70,3,2000,13.94,8
71,3,2000,12.74,8
72,3,2000,12.82,8
73,3,2000,13.14,8
74,3,2000,13.4,8
75,3,2000,13.58,8
76,3,2000,12.82,8
77,3,2000,12.54,8
78,3,2000,13.1,7
79,3,2000,11.98,7
80,3,2000,11.82,7
81,3,2000,11.94,7
82,3,2000,12.34,5
83,3,2000,11.18,5
84,3,2000,10.8,5
85,3,2000,11.48,5
86,3,2000,10.66,5
87,3,2000,11.0,5
88,3,2000,10.06,5
89,3,2000,11.14,5
90,3,2000,10.24,5
91,3,2000,10.48,5
92,3,2000,10.5,5
93,3,2000,10.82,5
94,3,2000,11.06,5
95,3,2000,10.12,5
96,3,2000,9.4,5
97,3,2000,10.68,5
98,3,2000,9.88,5
99,3,2000,9.94,5
100,3,2000,10.1,5
101,3,2000,10.76,5
102,3,2000,11.56,5
103,3,2000,10.54,5
104,3,2000,10.6,5
105,3,2000,10.26,5
106,3,2000,10.14,5
107,3,2000,11.14,5
108,3,2000,9.62,5
109,3,2000,10.98,5
110,3,2000,9.98,5
111,3,2000,10.06,5
112,3,2000,10.44,5
113,3,2000,10.28,5
114,3,2000,11.0,5
115,3,2000,10.76,5
116,3,2000,10.48,5
117,3,2000,10.62,5
118,3,2000,10.3,5
119,3,2000,9.46,5
120,3,2000,10.82,5
121,3,2000,11.16,5
122,3,2000,10.56,5
123,3,2000,10.56,5
124,3,2000,11.62,5
125,3,2000,10.78,5
126,3,2000,12.28,5
127,3,2000,10.74,4
128,3,2000,9.42,4
129,3,2000,10.3,4
130,3,2000,9.16,4
131,3,2000,9.84,4
132,3,2000,9.48,4
133,3,2000,9.66,4
134,3,2000,10.24,4
135,3,2000,9.64,4
136,3,2000,9.32,4
137,3,2000,10.42,4
138,3,2000,8.84,4
139,3,2000,8.92,4
140,3,2000,9.56,4
141,3,2000,8.84,4
142,3,2000,9.0,4
143,3,2000,9.06,4
144,3,2000,9.92,4
145,3,2000,9.3,4
146,3,2000,9.74,4
147,3,2000,9.22,4
148,3,2000,10.28,4
149,3,2000,9.12,4
150,3,2000,10.24,4
151,3,2000,10.04,4
152,3,2000,9.9,4
153,3,2000,9.32,4
154,3,2000,9.26,4
155,3,2000,8.88,3
156,3,2000,8.24,3
157,3,2000,8.84,3
158,3,2000,9.18,3
159,3,2000,9.1,3
160,3,2000,8.42,3
161,3,2000,8.46,3
162,3,2000,9.28,3
163,3,2000,9.9,3
164,3,2000,9.32,3
165,3,2000,9.22,3
166,3,2000,9.3,3
167,3,2000,9.22,3
168,3,2000,9.36,3
169,3,2000,9.16,3
170,3,2000,9.32,3
171,3,2000,7.46,3
172,3,2000,8.84,3
173,3,2000,8.14,3
174,3,2000,8.48,3
175,3,2000,7.56,3
176,3,2000,8.52,3
177,3,2000,9.0,3
178,3,2000,9.28,3
179,3,2000,8.5,3
180,3,2000,9.04,3
181,3,2000,7.98,3
182,3,2000,8.98,3
183,3,2000,9.46,3
184,3,2000,8.52,3
185,3,2000,8.76,3
186,3,2000,8.94,3
187,3,2000,8.8,3
188,3,2000,8.88,3
189,3,2000,8.56,3
190,3,2000,8.02,3
191,3,2000,8.6,3
192,3,2000,9.1,3
193,3,2000,7.7,3
194,3,2000,7.98,3
195,3,2000,8.64,3
196,3,2000,9.14,3
197,3,2000,8.8,3
198,3,2000,8.74,3
199,3,2000,8.28,3
200,3,2000,9.52,3
201,3,2000,8.76,3
202,3,2000,8.02,3
203,3,2000,8.44,3
204,3,2000,7.74,3
205,3,2000,8.3,3
206,3,2000,8.14,3
207,3,2000,9.26,3
208,3,2000,9.02,3
209,3,2000,8.68,3
210,3,2000,9.2,3
211,3,2000,9.24,3
212,3,2000,8.44,3
213,3,2000,8.86,3
214,3,2000,9.2,3
215,3,2000,8.52,3
216,3,2000,8.94,3
217,3,2000,8.72,3
218,3,2000,8.86,3
219,3,2000,8.82,3
220,3,2000,8.86,3
221,3,2000,7.94,3
222,3,2000,9.58,3
223,3,2000,9.06,3
224,3,2000,8.96,3
225,3,2000,8.3,3
226,3,2000,8.08,3
227,3,2000,8.62,3
228,3,2000,8.32,2
229,3,2000,8.48,2
230,3,2000,7.5,2
231,3,2000,7.64,2
232,3,2000,7.54,2
233,3,2000,7.24,2
234,3,2000,8.54,2
235,3,2000,8.06,2
236,3,2000,8.44,2
237,3,2000,8.22,2
238,3,2000,8.1,2
239,3,2000,8.16,1
240,3,2000,7.7,1
241,3,2000,7.26,1
242,3,2000,7.26,1
243,3,2000,6.58,1
244,3,2000,7.02,1
245,3,2000,8.16,1
246,3,2000,7.6,1
247,3,2000,6.7,1
248,3,2000,8.22,1
249,3,2000,7.96,1
250,3,2000,6.42,1
251,3,2000,6.52,1
252,3,2000,6.86,1
253,3,2000,7.58,1
254,3,2000,7.26,1
255,3,2000,7.06,1
256,3,2000,7.36,1
257,3,2000,5.88,1
258,3,2000,7.46,1
259,3,2000,6.42,1
260,3,2000,5.9,1
261,3,2000,7.78,1
262,3,2000,8.0,1
263,3,2000,7.02,1
264,3,2000,6.58,1
265,3,2000,7.56,1
266,3,2000,6.9,1
267,3,2000,6.54,1
268,3,2000,6.4,1
269,3,2000,6.68,1
270,3,2000,7.06,1
271,3,2000,6.9,1
272,3,2000,7.22,1
273,3,2000,7.28,1
274,3,2000,7.88,1
275,3,2000,7.32,1
276,3,2000,7.74,1
277,3,2000,7.02,1
278,3,2000,7.04,1
279,3,2000,6.26,1
280,3,2000,7.02,1
281,3,2000,7.74,1
282,3,2000,7.54,1
283,3,2000,7.76,1
284,3,2000,6.8,1
285,3,2000,7.5,1
286,3,2000,7.54,1
287,3,2000,7.7,1
288,3,2000,8.2,1
289,3,2000,8.2,1
290,3,2000,6.78,1
291,3,2000,6.5,1
292,3,2000,6.86,1
293,3,2000,7.2,1
294,3,2000,7.74,1
295,3,2000,6.96,1
296,3,2000,6.9,1
297,3,2000,6.26,1
298,3,2000,5.9,1
299,3,2000,6.72,1
300,3,2000,6.26,1
301,3,2000,6.4,1
302,3,2000,7.0,1
303,3,2000,7.16,1
304,3,2000,6.84,1
305,3,2000,6.68,1
306,3,2000,5.7,1
307,3,2000,6.28,1
308,3,2000,6.76,1
309,3,2000,7.6,1
310,3,2000,7.16,1
311,3,2000,8.34,1
312,3,2000,6.8,1
313,3,2000,8.26,1
314,3,2000,7.46,1
315,3,2000,7.2,1
316,3,2000,7.6,1
317,3,2000,7.48,1
318,3,2000,6.26,1
319,3,2000,7.5,1
320,3,2000,7.84,1
321,3,2000,7.36,1
322,3,2000,7.9,1
323,3,2000,6.44,1
324,3,2000,6.16,1
325,3,2000,6.74,1
326,3,2000,7.26,1
327,3,2000,7.9,1
328,3,2000,7.62,1
329,3,2000,7.2,1
330,3,2000,6.54,1
331,3,2000,6.72,1
332,3,2000,7.04,1
333,3,2000,6.3,1
334,3,2000,5.86,1
335,3,2000,5.74,1
336,3,2000,7.44,1
337,3,2000,6.48,1
338,3,2000,7.24,1
339,3,2000,6.76,1
340,3,2000,7.04,1
341,3,2000,6.94,1
342,3,2000,7.56,1
343,3,2000,7.4,1
344,3,2000,6.32,1
345,3,2000,6.14,1
346,3,2000,7.14,1
347,3,2000,6.12,1
348,3,2000,6.36,1
349,3,2000,7.0,1
350,3,2000,6.22,1
351,3,2000,6.68,1
352,3,2000,7.24,1
353,3,2000,7.76,1
354,3,2000,7.54,1
355,3,2000,7.18,1
356,3,2000,7.04,1
357,3,2000,6.42,1
358,3,2000,6.96,1
359,3,2000,7.4,1
360,3,2000,8.04,1
361,3,2000,7.66,1
362,3,2000,8.28,1
363,3,2000,8.16,1
364,3,2000,6.72,1
365,3,2000,7.52,1
366,3,2000,6.4,1
367,3,2000,5.56,1
368,3,2000,6.72,1
369,3,2000,6.6,1
370,3,2000,7.38,1
371,3,2000,6.34,1
372,3,2000,7.18,1
373,3,2000,7.72,1
374,3,2000,8.22,1
375,3,2000,8.1,1
376,3,2000,7.32,1
377,3,2000,6.68,1
378,3,2000,7.02,1
379,3,2000,6.92,1
380,3,2000,6.54,1
381,3,2000,7.42,1
382,3,2000,7.5,1
383,3,2000,7.96,1
384,3,2000,7.4,1
385,3,2000,6.96,1
386,3,2000,6.86,1
387,3,2000,7.96,1
388,3,2000,7.36,1
389,3,2000,7.52,1
390,3,2000,7.06,1
391,3,2000,7.82,1
392,3,2000,6.76,1
393,3,2000,7.0,1
394,3,2000,7.8,1
395,3,2000,6.58,1
396,3,2000,6.7,1
397,3,2000,6.88,1
398,3,2000,7.42,1
399,3,2000,6.94,1
400,3,2000,8.3,1
401,3,2000,7.86,1
402,3,2000,5.72,1
403,3,2000,6.6,1
404,3,2000,8.08,1
405,3,2000,8.46,1
406,3,2000,6.78,1
407,3,2000,7.18,1
408,3,2000,5.94,1
409,3,2000,7.2,1
410,3,2000,6.82,1
411,3,2000,5.54,1
412,3,2000,6.2,1
413,3,2000,7.74,1
414,3,2000,8.18,1
415,3,2000,7.94,1
416,3,2000,8.54,1
417,3,2000,6.42,1
418,3,2000,6.54,1
419,3,2000,7.5,1
420,3,2000,6.84,1
421,3,2000,6.44,1
422,3,2000,7.06,1
423,3,2000,6.94,1
424,3,2000,6.78,1
425,3,2000,7.48,1
426,3,2000,6.32,1
427,3,2000,7.24,1
428,3,2000,6.8,1
429,3,2000,6.1,1
430,3,2000,7.12,1
431,3,2000,7.9,1
432,3,2000,7.14,1
433,3,2000,7.42,1
434,3,2000,7.64,1
435,3,2000,6.12,1
436,3,2000,6.62,1
437,3,2000,8.06,1
438,3,2000,7.2,1
439,3,2000,7.86,1
440,3,2000,7.08,1
441,3,2000,7.14,1
442,3,2000,7.24,1
443,3,2000,6.72,1
444,3,2000,6.26,1
445,3,2000,8.0,1
446,3,2000,7.18,1
447,3,2000,6.8,1
448,3,2000,7.22,1
449,3,2000,6.48,1
450,3,2000,6.86,1
451,3,2000,7.34,1
452,3,2000,7.96,1
453,3,2000,8.8,1
454,3,2000,7.84,1
455,3,2000,7.38,1
456,3,2000,7.74,1
457,3,2000,7.34,1
458,3,2000,8.46,1
459,3,2000,8.26,1
460,3,2000,8.2,1
461,3,2000,7.72,1
462,3,2000,7.02,1
463,3,2000,6.9,1
464,3,2000,7.88,1
465,3,2000,6.02,1
466,3,2000,6.08,1
467,3,2000,6.72,1
468,3,2000,7.16,1
469,3,2000,6.1,1
470,3,2000,7.98,1
471,3,2000,7.06,1
472,3,2000,6.38,1
473,3,2000,7.68,1
474,3,2000,7.3,1
475,3,2000,7.42,1
476,3,2000,6.82,1
477,3,2000,7.34,1
478,3,2000,6.92,1
479,3,2000,7.7,1
480,3,2000,7.24,1
481,3,2000,7.4,1
482,3,2000,6.9,1
483,3,2000,7.36,1
484,3,2000,8.0,1
485,3,2000,7.0,1
486,3,2000,6.44,1
487,3,2000,6.68,1
488,3,2000,7.38,1
489,3,2000,7.24,1
490,3,2000,6.92,1
491,3,2000,6.28,1
492,3,2000,6.88,1
493,3,2000,7.78,1
494,3,2000,7.22,1
495,3,2000,7.46,1
496,3,2000,4.98,1
497,3,2000,6.36,1
498,3,2000,5.94,1
499,3,2000,6.72,1
500,3,2000,6.28,1
501,3,2000,6.56,1
502,3,2000,7.06,1
503,3,2000,6.2,1
504,3,2000,6.48,1
505,3,2000,7.54,1
506,3,2000,7.6,1
507,3,2000,7.46,1
508,3,2000,6.5,1
509,3,2000,7.04,1
510,3,2000,6.16,1
511,3,2000,6.06,1
512,3,2000,5.98,1
513,3,2000,7.2,1
514,3,2000,6.52,1
515,3,2000,6.24,1
516,3,2000,6.6,1
517,3,2000,6.74,1
518,3,2000,7.52,1
519,3,2000,6.78,1
520,3,2000,7.04,1
521,3,2000,7.36,1
522,3,2000,7.44,1
523,3,2000,7.78,1
524,3,2000,7.36,1
525,3,2000,5.94,1
526,3,2000,6.64,1
527,3,2000,7.86,1
528,3,2000,7.66,1
529,3,2000,7.7,1
530,3,2000,6.96,1
531,3,2000,7.52,1
532,3,2000,7.22,1
533,3,2000,7.72,1
534,3,2000,7.72,1
535,3,2000,7.2,1
536,3,2000,7.12,1
537,3,2000,6.54,1
538,3,2000,6.66,1
539,3,2000,6.88,1
540,3,2000,7.44,1
541,3,2000,7.02,1
542,3,2000,6.8,1
543,3,2000,6.64,1
544,3,2000,6.62,1
545,3,2000,6.54,1
546,3,2000,6.62,1
547,3,2000,7.04,1
548,3,2000,7.2,1
549,3,2000,7.38,1
550,3,2000,7.84,1
551,3,2000,7.3,1
552,3,2000,6.5,1
553,3,2000,6.42,1
554,3,2000,6.46,1
555,3,2000,6.24,1
556,3,2000,6.3,1
557,3,2000,7.1,1
558,3,2000,7.8,1
559,3,2000,6.6,1
560,3,2000,7.36,1
561,3,2000,7.16,1
562,3,2000,6.24,1
563,3,2000,6.18,1
564,3,2000,6.94,1
565,3,2000,6.58,1
566,3,2000,7.26,1
567,3,2000,7.32,1
568,3,2000,7.1,1
569,3,2000,7.4,1
570,3,2000,6.74,1
571,3,2000,6.8,1
572,3,2000,7.04,1
573,3,2000,7.34,1
574,3,2000,6.78,1
575,3,2000,7.28,1
576,3,2000,7.0,1
577,3,2000,6.92,1
578,3,2000,7.56,1
579,3,2000,7.74,1
580,3,2000,7.2,1
581,3,2000,6.54,1
582,3,2000,6.22,1
583,3,2000,6.72,1
584,3,2000,6.68,1
585,3,2000,7.16,1
586,3,2000,7.4,1
587,3,2000,7.1,1
588,3,2000,6.88,1
589,3,2000,7.26,1
590,3,2000,7.7,1
591,3,2000,7.14,1
592,3,2000,7.98,1
593,3,2000,6.84,1
594,3,2000,7.66,1
595,3,2000,7.28,1
596,3,2000,7.52,1
597,3,2000,7.46,1
598,3,2000,8.12,1
599,3,2000,8.14,1
600,3,2000,7.04,1
601,3,2000,6.78,1
602,3,2000,7.38,1
603,3,2000,7.12,1
604,3,2000,5.7,1
605,3,2000,5.66,1
606,3,2000,7.2,1
607,3,2000,7.1,1
608,3,2000,7.32,1
609,3,2000,6.96,1
610,3,2000,6.24,1
611,3,2000,6.02,1
612,3,2000,6.7,1
613,3,2000,7.04,1
614,3,2000,7.96,1
615,3,2000,6.98,1
616,3,2000,7.14,1
617,3,2000,7.16,1
618,3,2000,6.4,1
619,3,2000,6.68,1
620,3,2000,6.96,1
621,3,2000,6.88,1
622,3,2000,7.46,1
623,3,2000,8.04,1
624,3,2000,7.42,1
625,3,2000,6.54,1
626,3,2000,7.4,1
627,3,2000,6.46,1
628,3,2000,6.68,1
629,3,2000,7.42,1
630,3,2000,6.58,1
631,3,2000,6.52,1
632,3,2000,7.18,1
633,3,2000,7.06,1
634,3,2000,6.68,1
635,3,2000,7.4,1
636,3,2000,6.78,1
637,3,2000,7.44,1
638,3,2000,7.14,1
639,3,2000,6.86,1
640,3,2000,6.46,1
641,3,2000,7.54,1
642,3,2000,6.32,1
643,3,2000,6.28,1
644,3,2000,6.88,1
645,3,2000,7.2,1
646,3,2000,6.78,1
647,3,2000,6.42,1
648,3,2000,5.5,1
649,3,2000,7.08,1
650,3,2000,6.74,1
651,3,2000,7.42,1
652,3,2000,6.9,1
653,3,2000,6.9,1
654,3,2000,6.64,1
655,3,2000,7.54,1
656,3,2000,8.1,1
657,3,2000,6.82,1
658,3,2000,6.36,1
659,3,2000,7.44,1
660,3,2000,7.28,1
661,3,2000,7.2,1
662,3,2000,6.78,1
663,3,2000,7.06,1
664,3,2000,7.36,1
665,3,2000,7.22,1
666,3,2000,7.7,1
667,3,2000,7.78,1
668,3,2000,7.54,1
669,3,2000,7.44,1
670,3,2000,7.26,1
671,3,2000,7.64,1
672,3,2000,6.9,1
673,3,2000,6.24,1
674,3,2000,6.56,1
675,3,2000,6.66,1
676,3,2000,6.9,1
677,3,2000,6.82,1
678,3,2000,6.98,1
679,3,2000,6.6,1
680,3,2000,6.22,1
681,3,2000,7.48,1
682,3,2000,6.06,1
683,3,2000,6.58,1
684,3,2000,7.72,1
685,3,2000,6.92,1
686,3,2000,7.12,1
687,3,2000,7.84,1
688,3,2000,7.98,1
689,3,2000,7.82,1
690,3,2000,6.96,1
691,3,2000,7.1,1
692,3,2000,6.08,1
693,3,2000,6.14,1
694,3,2000,6.86,1
695,3,2000,6.54,1
696,3,2000,6.94,1
697,3,2000,7.7,1
698,3,2000,7.68,1
699,3,2000,7.74,1
700,3,2000,8.42,1
701,3,2000,6.28,1
702,3,2000,6.56,1
703,3,2000,6.4,1
704,3,2000,7.68,1
705,3,2000,6.66,1
706,3,2000,6.48,1
707,3,2000,7.48,1
708,3,2000,7.96,1
709,3,2000,7.28,1
710,3,2000,7.98,1
711,3,2000,7.08,1
712,3,2000,6.6,1
713,3,2000,6.66,1
714,3,2000,6.2,1
715,3,2000,6.76,1
716,3,2000,5.5,1
717,3,2000,6.44,1
718,3,2000,6.78,1
719,3,2000,7.06,1
720,3,2000,8.26,1
721,3,2000,7.1,1
722,3,2000,7.7,1
723,3,2000,7.24,1
724,3,2000,7.24,1
725,3,2000,7.32,1
726,3,2000,7.42,1
727,3,2000,7.28,1
728,3,2000,7.22,1
729,3,2000,7.6,1
730,3,2000,7.04,1
731,3,2000,6.5,1
732,3,2000,6.3,1
733,3,2000,6.68,1
734,3,2000,6.96,1
735,3,2000,6.56,1
736,3,2000,6.8,1
737,3,2000,6.68,1
738,3,2000,7.16,1
739,3,2000,7.38,1
740,3,2000,6.82,1
741,3,2000,6.62,1
742,3,2000,7.2,1
743,3,2000,6.88,1
744,3,2000,6.94,1
745,3,2000,6.5,1
746,3,2000,6.3,1
747,3,2000,8.1,1
748,3,2000,6.3,1
749,3,2000,7.0,1
750,3,2000,5.82,1
751,3,2000,6.84,1
752,3,2000,7.7,1
753,3,2000,7.06,1
754,3,2000,6.26,1
755,3,2000,7.3,1
756,3,2000,6.94,1
757,3,2000,7.32,1
758,3,2000,6.66,1
759,3,2000,6.98,1
760,3,2000,5.94,1
761,3,2000,6.4,1
762,3,2000,6.62,1
763,3,2000,6.76,1
764,3,2000,6.84,1
765,3,2000,7.1,1
766,3,2000,6.06,1
767,3,2000,6.64,1
768,3,2000,6.66,1
769,3,2000,6.58,1
770,3,2000,6.76,1
771,3,2000,7.28,1
772,3,2000,8.72,1
773,3,2000,7.44,1
774,3,2000,6.56,1
775,3,2000,6.98,1
776,3,2000,7.26,1
777,3,2000,6.22,1
778,3,2000,6.94,1
779,3,2000,6.16,1
780,3,2000,6.24,1
781,3,2000,7.72,1
782,3,2000,7.18,1
783,3,2000,7.12,1
784,3,2000,6.68,1
785,3,2000,7.74,1
786,3,2000,7.12,1
787,3,2000,7.52,1
788,3,2000,7.74,1
789,3,2000,7.6,1
790,3,2000,6.88,1
791,3,2000,7.22,1
792,3,2000,6.86,1
793,3,2000,6.5,1
794,3,2000,7.32,1
795,3,2000,6.5,1
796,3,2000,5.8,1
797,3,2000,6.78,1
798,3,2000,5.4,1
799,3,2000,5.62,1
800,3,2000,6.36,1
801,3,2000,6.7,1
802,3,2000,6.3,1
803,3,2000,6.94,1
804,3,2000,6.38,1
805,3,2000,6.7,1
806,3,2000,5.44,1
807,3,2000,6.98,1
808,3,2000,7.22,1
809,3,2000,7.22,1
810,3,2000,6.88,1
811,3,2000,7.92,1
812,3,2000,8.02,1
813,3,2000,6.28,1
814,3,2000,6.58,1
815,3,2000,6.14,1
816,3,2000,7.26,1
817,3,2000,6.14,1
818,3,2000,6.84,1
819,3,2000,7.22,1
820,3,2000,8.4,1
821,3,2000,6.62,1
822,3,2000,5.4,1
823,3,2000,6.42,1
824,3,2000,7.08,1
825,3,2000,6.82,1
826,3,2000,6.92,1
827,3,2000,8.56,1
828,3,2000,7.22,1
829,3,2000,6.68,1
830,3,2000,8.36,1
831,3,2000,6.9,1
832,3,2000,6.54,1
833,3,2000,6.42,1
834,3,2000,6.54,1
835,3,2000,7.08,1
836,3,2000,7.32,1
837,3,2000,7.0,1
838,3,2000,7.74,1
839,3,2000,7.08,1
840,3,2000,6.66,1
841,3,2000,7.0,1
842,3,2000,7.68,1
843,3,2000,7.4,1
844,3,2000,6.22,1
845,3,2000,6.1,1
846,3,2000,7.0,1
847,3,2000,6.84,1
848,3,2000,8.06,1
849,3,2000,7.38,1
850,3,2000,7.12,1
851,3,2000,7.34,1
852,3,2000,7.14,1
853,3,2000,7.14,1
854,3,2000,6.36,1
855,3,2000,7.06,1
856,3,2000,7.0,1
857,3,2000,6.56,1
858,3,2000,7.34,1
859,3,2000,6.44,1
860,3,2000,6.82,1
861,3,2000,7.4,1
862,3,2000,7.46,1
863,3,2000,8.1,1
864,3,2000,7.02,1
865,3,2000,7.14,1
866,3,2000,7.64,1
867,3,2000,8.56,1
868,3,2000,7.42,1
869,3,2000,6.5,1
870,3,2000,6.38,1
871,3,2000,7.62,1
872,3,2000,7.46,1
873,3,2000,7.76,1
874,3,2000,7.76,1
875,3,2000,7.2,1
876,3,2000,8.3,1
877,3,2000,7.34,1
878,3,2000,7.12,1
879,3,2000,7.02,1
880,3,2000,7.36,1
881,3,2000,7.14,1
882,3,2000,6.8,1
883,3,2000,8.04,1
884,3,2000,7.0,1
885,3,2000,7.46,1
886,3,2000,7.28,1
887,3,2000,7.84,1
888,3,2000,7.06,1
889,3,2000,6.98,1
890,3,2000,7.28,1
891,3,2000,8.06,1
892,3,2000,7.74,1
893,3,2000,6.7,1
894,3,2000,6.5,1
895,3,2000,7.3,1
896,3,2000,6.76,1
897,3,2000,6.28,1
898,3,2000,6.14,1
899,3,2000,7.34,1
900,3,2000,6.54,1
901,3,2000,7.08,1
902,3,2000,7.24,1
903,3,2000,7.2,1
904,3,2000,6.64,1
905,3,2000,7.1,1
906,3,2000,6.34,1
907,3,2000,6.2,1
908,3,2000,7.02,1
909,3,2000,7.48,1
910,3,2000,7.18,1
911,3,2000,7.86,1
912,3,2000,7.12,1
913,3,2000,8.16,1
914,3,2000,6.94,1
915,3,2000,6.72,1
916,3,2000,6.44,1
917,3,2000,6.52,1
918,3,2000,7.32,1
919,3,2000,6.88,1
920,3,2000,6.8,1
921,3,2000,6.56,1
922,3,2000,6.96,1
923,3,2000,6.4,1
924,3,2000,7.2,1
925,3,2000,6.64,1
926,3,2000,6.44,1
927,3,2000,6.58,1
928,3,2000,6.48,1
929,3,2000,7.36,1
930,3,2000,7.46,1
931,3,2000,7.7,1
932,3,2000,7.16,1
933,3,2000,7.02,1
934,3,2000,7.6,1
935,3,2000,7.48,1
936,3,2000,7.3,1
937,3,2000,7.16,1
938,3,2000,6.44,1
939,3,2000,6.92,1
940,3,2000,6.7,1
941,3,2000,7.1,1
942,3,2000,6.98,1
943,3,2000,7.0,1
944,3,2000,6.4,1
945,3,2000,7.54,1
946,3,2000,7.54,1
947,3,2000,7.04,1
948,3,2000,7.74,1
949,3,2000,6.7,1
950,3,2000,7.1,1
951,3,2000,7.24,1
952,3,2000,6.92,1
953,3,2000,7.94,1
954,3,2000,6.8,1
955,3,2000,6.84,1
956,3,2000,6.78,1
957,3,2000,6.74,1
958,3,2000,7.08,1
959,3,2000,8.5,1
960,3,2000,7.2,1
961,3,2000,7.68,1
962,3,2000,5.32,1
963,3,2000,6.02,1
964,3,2000,6.68,1
965,3,2000,6.96,1
966,3,2000,6.82,1
967,3,2000,7.16,1
968,3,2000,7.3,1
969,3,2000,7.44,1
970,3,2000,6.32,1
971,3,2000,6.28,1
972,3,2000,6.56,1
973,3,2000,6.06,1
974,3,2000,6.86,1
975,3,2000,7.5,1
976,3,2000,6.62,1
977,3,2000,6.58,1
978,3,2000,7.26,1
979,3,2000,6.6,1
980,3,2000,5.42,1
981,3,2000,6.26,1
982,3,2000,6.48,1
983,3,2000,7.04,1
984,3,2000,7.02,1
985,3,2000,5.94,1
986,3,2000,6.54,1
987,3,2000,6.38,1
988,3,2000,6.42,1
989,3,2000,6.42,1
990,3,2000,7.0,1
991,3,2000,6.92,1
992,3,2000,6.98,1
993,3,2000,7.04,1
994,3,2000,8.46,1
995,3,2000,7.86,1
996,3,2000,6.72,1
997,3,2000,8.02,1
998,3,2000,7.86,1
999,3,2000,7.9,1
1000,3,2000,8.04,1
1001,3,2000,6.62,1
1002,3,2000,7.32,1
1003,3,2000,6.9,1
1004,3,2000,7.52,1
1005,3,2000,7.02,1
1006,3,2000,7.04,1
1007,3,2000,6.66,1
1008,3,2000,7.2,1
1009,3,2000,7.2,1
1010,3,2000,7.32,1
1011,3,2000,7.26,1
1012,3,2000,7.0,1
1013,3,2000,6.84,1
1014,3,2000,6.82,1
1015,3,2000,6.2,1
1016,3,2000,6.92,1
1017,3,2000,6.1,1
1018,3,2000,7.08,1
1019,3,2000,7.02,1
1020,3,2000,6.94,1
1021,3,2000,7.78,1
1022,3,2000,6.6,1
1023,3,2000,6.58,1
1024,3,2000,6.18,1
1025,3,2000,6.62,1
1026,3,2000,6.58,1
1027,3,2000,6.12,1
1028,3,2000,6.1,1
1029,3,2000,6.62,1
1030,3,2000,7.12,1
1031,3,2000,7.18,1
1032,3,2000,7.14,1
1033,3,2000,7.62,1
1034,3,2000,6.82,1
1035,3,2000,6.52,1
1036,3,2000,6.38,1
1037,3,2000,7.62,1
1038,3,2000,6.68,1
1039,3,2000,6.62,1
1040,3,2000,7.34,1
1041,3,2000,7.96,1
1042,3,2000,6.9,1
1043,3,2000,6.36,1
1044,3,2000,7.68,1
1045,3,2000,7.1,1
1046,3,2000,7.86,1
1047,3,2000,7.54,1
1048,3,2000,7.12,1
1049,3,2000,7.64,1
1050,3,2000,7.96,1
1051,3,2000,6.76,1
1052,3,2000,6.66,1
1053,3,2000,6.36,1
1054,3,2000,6.94,1
1055,3,2000,6.72,1
1056,3,2000,5.74,1
1057,3,2000,6.88,1
1058,3,2000,6.2,1
1059,3,2000,6.74,1
1060,3,2000,6.88,1
1061,3,2000,6.9,1
1062,3,2000,7.18,1
1063,3,2000,6.36,1
1064,3,2000,6.96,1
1065,3,2000,8.4,1
1066,3,2000,7.32,1
1067,3,2000,6.88,1
1068,3,2000,6.32,1
1069,3,2000,6.84,1
1070,3,2000,7.04,1
1071,3,2000,6.94,1
1072,3,2000,6.82,1
1073,3,2000,7.08,1
1074,3,2000,6.96,1
1075,3,2000,6.78,1
1076,3,2000,6.68,1
1077,3,2000,6.16,1
1078,3,2000,7.22,1
1079,3,2000,7.66,1
1080,3,2000,7.72,1
1081,3,2000,6.66,1
1082,3,2000,5.88,1
1083,3,2000,6.94,1
1084,3,2000,6.86,1
1085,3,2000,7.42,1
1086,3,2000,7.3,1
1087,3,2000,6.32,1
1088,3,2000,7.18,1
1089,3,2000,7.34,1
1090,3,2000,6.28,1
1091,3,2000,6.02,1
1092,3,2000,7.32,1
1093,3,2000,8.22,1
1094,3,2000,8.36,1
1095,3,2000,6.86,1
1096,3,2000,6.52,1
1097,3,2000,6.62,1
1098,3,2000,7.12,1
1099,3,2000,7.08,1
1100,3,2000,6.5,1
1101,3,2000,6.5,1
1102,3,2000,6.38,1
1103,3,2000,6.62,1
1104,3,2000,7.32,1
1105,3,2000,6.92,1
1106,3,2000,6.4,1
1107,3,2000,6.52,1
1108,3,2000,6.8,1
1109,3,2000,6.88,1
1110,3,2000,6.44,1
1111,3,2000,6.76,1
1112,3,2000,7.08,1
1113,3,2000,7.06,1
1114,3,2000,7.82,1
1115,3,2000,6.52,1
1116,3,2000,6.92,1
1117,3,2000,8.0,1
1118,3,2000,6.62,1
1119,3,2000,6.48,1
1120,3,2000,7.1,1
1121,3,2000,6.76,1
1122,3,2000,6.22,1
1123,3,2000,6.84,1
1124,3,2000,7.62,1
1125,3,2000,7.94,1
1126,3,2000,7.48,1
1127,3,2000,7.42,1
1128,3,2000,6.98,1
1129,3,2000,6.92,1
1130,3,2000,7.04,1
1131,3,2000,5.9,1
1132,3,2000,6.08,1
1133,3,2000,6.7,1
1134,3,2000,6.98,1
1135,3,2000,7.02,1
1136,3,2000,7.66,1
1137,3,2000,6.66,1
1138,3,2000,6.36,1
1139,3,2000,6.7,1
1140,3,2000,6.8,1
1141,3,2000,7.34,1
1142,3,2000,7.52,1
1143,3,2000,7.04,1
1144,3,2000,6.46,1
1145,3,2000,6.08,1
1146,3,2000,7.42,1
1147,3,2000,6.78,1
1148,3,2000,6.38,1
1149,3,2000,7.76,1
1150,3,2000,7.04,1
1151,3,2000,6.66,1
1152,3,2000,6.68,1
1153,3,2000,6.12,1
1154,3,2000,6.34,1
1155,3,2000,7.24,1
1156,3,2000,6.96,1
1157,3,2000,7.2,1
1158,3,2000,7.9,1
1159,3,2000,8.0,1
1160,3,2000,6.92,1
1161,3,2000,6.78,1
1162,3,2000,6.44,1
1163,3,2000,6.38,1
1164,3,2000,6.4,1
1165,3,2000,6.86,1
1166,3,2000,6.68,1
1167,3,2000,6.56,1
1168,3,2000,7.22,1
1169,3,2000,7.24,1
1170,3,2000,6.8,1
1171,3,2000,6.94,1
1172,3,2000,7.3,1
1173,3,2000,7.16,1
1174,3,2000,7.1,1
1175,3,2000,6.34,1
1176,3,2000,6.46,1
1177,3,2000,6.76,1
1178,3,2000,8.44,1
1179,3,2000,8.18,1
1180,3,2000,6.52,1
1181,3,2000,7.3,1
1182,3,2000,5.88,1
1183,3,2000,7.44,1
1184,3,2000,7.1,1
1185,3,2000,6.22,1
1186,3,2000,7.08,1
1187,3,2000,7.22,1
1188,3,2000,6.92,1
1189,3,2000,6.96,1
1190,3,2000,7.08,1
1191,3,2000,5.86,1
1192,3,2000,7.64,1
1193,3,2000,7.64,1
1194,3,2000,7.2,1
1195,3,2000,6.72,1
1196,3,2000,7.42,1
1197,3,2000,7.76,1
1198,3,2000,6.44,1
1199,3,2000,6.52,1
1200,3,2000,7.44,1
1201,3,2000,5.94,1
1202,3,2000,6.52,1
1203,3,2000,8.06,1
1204,3,2000,7.58,1
1205,3,2000,7.54,1
1206,3,2000,8.54,1
1207,3,2000,6.86,1
1208,3,2000,6.18,1
1209,3,2000,8.08,1
1210,3,2000,6.62,1
1211,3,2000,6.46,1
1212,3,2000,6.84,1
1213,3,2000,6.36,1
1214,3,2000,6.84,1
1215,3,2000,6.26,1
1216,3,2000,6.52,1
1217,3,2000,7.42,1
1218,3,2000,7.7,1
1219,3,2000,7.48,1
1220,3,2000,6.7,1
1221,3,2000,7.92,1
1222,3,2000,6.98,1
1223,3,2000,6.74,1
1224,3,2000,7.18,1
1225,3,2000,6.92,1
1226,3,2000,6.84,1
1227,3,2000,7.16,1
1228,3,2000,7.18,1
1229,3,2000,7.24,1
1230,3,2000,7.14,1
1231,3,2000,7.2,1
1232,3,2000,6.96,1
1233,3,2000,7.38,1
1234,3,2000,7.38,1
1235,3,2000,7.5,1
1236,3,2000,5.86,1
1237,3,2000,7.16,1
1238,3,2000,6.74,1
1239,3,2000,7.94,1
1240,3,2000,7.06,1
1241,3,2000,7.48,1
1242,3,2000,6.34,1
1243,3,2000,6.16,1
1244,3,2000,6.54,1
1245,3,2000,7.48,1
1246,3,2000,6.72,1
1247,3,2000,6.42,1
1248,3,2000,7.76,1
1249,3,2000,7.76,1
1250,3,2000,7.2,1
1251,3,2000,7.02,1
1252,3,2000,7.54,1
1253,3,2000,6.08,1
1254,3,2000,6.96,1
1255,3,2000,7.26,1
1256,3,2000,7.18,1
1257,3,2000,6.2,1
1258,3,2000,8.02,1
1259,3,2000,6.96,1
1260,3,2000,6.84,1
1261,3,2000,6.46,1
1262,3,2000,6.74,1
1263,3,2000,6.26,1
1264,3,2000,6.34,1
1265,3,2000,6.84,1
1266,3,2000,7.02,1
1267,3,2000,6.44,1
1268,3,2000,8.02,1
1269,3,2000,6.84,1
1270,3,2000,8.04,1
1271,3,2000,7.22,1
1272,3,2000,7.22,1
1273,3,2000,6.2,1
1274,3,2000,7.12,1
1275,3,2000,6.26,1
1276,3,2000,6.66,1
1277,3,2000,6.72,1
1278,3,2000,7.7,1
1279,3,2000,7.26,1
1280,3,2000,7.72,1
1281,3,2000,6.66,1
1282,3,2000,8.0,1
1283,3,2000,7.88,1
1284,3,2000,7.74,1
1285,3,2000,7.04,1
1286,3,2000,7.12,1
1287,3,2000,6.7,1
1288,3,2000,6.66,1
1289,3,2000,6.96,1
1290,3,2000,7.18,1
1291,3,2000,6.32,1
1292,3,2000,7.12,1
1293,3,2000,7.22,1
1294,3,2000,6.56,1
1295,3,2000,7.04,1
1296,3,2000,7.04,1
1297,3,2000,6.88,1
1298,3,2000,6.88,1
1299,3,2000,7.22,1
1300,3,2000,6.62,1
1301,3,2000,6.9,1
1302,3,2000,6.88,1
1303,3,2000,6.12,1
1304,3,2000,6.88,1
1305,3,2000,6.64,1
1306,3,2000,6.7,1
1307,3,2000,6.74,1
1308,3,2000,7.22,1
1309,3,2000,6.7,1
1310,3,2000,7.56,1
1311,3,2000,6.94,1
1312,3,2000,7.94,1
1313,3,2000,7.76,1
1314,3,2000,7.66,1
1315,3,2000,6.66,1
1316,3,2000,7.02,1
1317,3,2000,6.64,1
1318,3,2000,7.26,1
1319,3,2000,5.98,1
1320,3,2000,7.16,1
1321,3,2000,7.26,1
1322,3,2000,6.32,1
1323,3,2000,7.62,1
1324,3,2000,6.52,1
1325,3,2000,7.3,1
1326,3,2000,7.06,1
1327,3,2000,6.86,1
1328,3,2000,6.96,1
1329,3,2000,7.08,1
1330,3,2000,6.12,1
1331,3,2000,6.62,1
1332,3,2000,7.66,1
1333,3,2000,6.9,1
1334,3,2000,6.96,1
1335,3,2000,7.44,1
1336,3,2000,6.28,1
1337,3,2000,6.48,1
1338,3,2000,6.84,1
1339,3,2000,7.7,1
1340,3,2000,7.34,1
1341,3,2000,6.74,1
1342,3,2000,6.72,1
1343,3,2000,7.12,1
1344,3,2000,6.98,1
1345,3,2000,6.84,1
1346,3,2000,6.28,1
1347,3,2000,6.54,1
1348,3,2000,7.5,1
1349,3,2000,7.46,1
1350,3,2000,7.48,1
1351,3,2000,7.1,1
1352,3,2000,6.38,1
1353,3,2000,6.8,1
1354,3,2000,6.6,1
1355,3,2000,8.16,1
1356,3,2000,7.4,1
1357,3,2000,6.16,1
1358,3,2000,6.3,1
1359,3,2000,7.12,1
1360,3,2000,6.86,1
1361,3,2000,7.3,1
1362,3,2000,6.78,1
1363,3,2000,7.22,1
1364,3,2000,7.06,1
1365,3,2000,6.48,1
1366,3,2000,6.52,1
1367,3,2000,5.66,1
1368,3,2000,6.58,1
1369,3,2000,5.9,1
1370,3,2000,6.3,1
1371,3,2000,6.72,1
1372,3,2000,6.04,1
1373,3,2000,7.22,1
1374,3,2000,6.44,1
1375,3,2000,6.66,1
1376,3,2000,6.44,1
1377,3,2000,6.14,1
1378,3,2000,6.58,1
1379,3,2000,6.72,1
1380,3,2000,6.92,1
1381,3,2000,7.1,1
1382,3,2000,6.84,1
1383,3,2000,7.06,1
1384,3,2000,7.1,1
1385,3,2000,6.78,1
1386,3,2000,7.64,1
1387,3,2000,7.9,1
1388,3,2000,6.9,1
1389,3,2000,6.88,1
1390,3,2000,8.04,1
1391,3,2000,7.24,1
1392,3,2000,8.2,1
1393,3,2000,7.74,1
1394,3,2000,6.98,1
1395,3,2000,7.54,1
1396,3,2000,6.84,1
1397,3,2000,6.88,1
1398,3,2000,8.06,1
1399,3,2000,6.62,1
1400,3,2000,7.86,1
1401,3,2000,6.68,1
1402,3,2000,7.24,1
1403,3,2000,7.7,1
1404,3,2000,7.8,1
1405,3,2000,8.14,1
1406,3,2000,7.64,1
1407,3,2000,7.0,1
1408,3,2000,6.34,1
1409,3,2000,8.72,1
1410,3,2000,5.98,1
1411,3,2000,6.88,1
1412,3,2000,7.46,1
1413,3,2000,7.14,1
1414,3,2000,7.3,1
1415,3,2000,6.28,1
1416,3,2000,6.0,1
1417,3,2000,6.86,1
1418,3,2000,6.3,1
1419,3,2000,6.9,1
1420,3,2000,7.02,1
1421,3,2000,6.56,1
1422,3,2000,7.62,1
1423,3,2000,6.82,1
1424,3,2000,7.5,1
1425,3,2000,7.82,1
1426,3,2000,7.28,1
1427,3,2000,7.22,1
1428,3,2000,5.7,1
1429,3,2000,6.62,1
1430,3,2000,7.66,1
1431,3,2000,6.52,1
1432,3,2000,5.74,1
1433,3,2000,6.78,1
1434,3,2000,6.5,1
1435,3,2000,7.24,1
1436,3,2000,7.68,1
1437,3,2000,7.02,1
1438,3,2000,6.4,1
1439,3,2000,6.66,1
1440,3,2000,7.5,1
1441,3,2000,6.94,1
1442,3,2000,6.88,1
1443,3,2000,6.64,1
1444,3,2000,6.28,1
1445,3,2000,7.72,1
1446,3,2000,7.52,1
1447,3,2000,8.04,1
1448,3,2000,7.22,1
1449,3,2000,7.14,1
1450,3,2000,6.88,1
1451,3,2000,5.98,1
1452,3,2000,7.46,1
1453,3,2000,6.88,1
1454,3,2000,6.18,1
1455,3,2000,6.6,1
1456,3,2000,6.52,1
1457,3,2000,6.82,1
1458,3,2000,6.36,1
1459,3,2000,6.7,1
1460,3,2000,6.96,1
1461,3,2000,7.06,1
1462,3,2000,6.6,1
1463,3,2000,6.5,1
1464,3,2000,6.84,1
1465,3,2000,8.1,1
1466,3,2000,6.62,1
1467,3,2000,6.34,1
1468,3,2000,7.44,1
1469,3,2000,7.68,1
1470,3,2000,6.9,1
1471,3,2000,5.86,1
1472,3,2000,6.74,1
1473,3,2000,8.32,1
1474,3,2000,7.76,1
1475,3,2000,7.1,1
1476,3,2000,7.72,1
1477,3,2000,7.48,1
1478,3,2000,6.14,1
1479,3,2000,6.72,1
1480,3,2000,6.2,1
1481,3,2000,6.9,1
1482,3,2000,7.0,1
1483,3,2000,6.44,1
1484,3,2000,6.7,1
1485,3,2000,7.28,1
1486,3,2000,6.58,1
1487,3,2000,7.74,1
1488,3,2000,6.7,1
1489,3,2000,7.8,1
1490,3,2000,6.1,1
1491,3,2000,6.48,1
1492,3,2000,6.74,1
1493,3,2000,7.82,1
1494,3,2000,6.2,1
1495,3,2000,7.48,1
1496,3,2000,6.36,1
1497,3,2000,6.6,1
1498,3,2000,6.86,1
1499,3,2000,7.0,1
1500,3,2000,6.94,1
1501,3,2000,7.18,1
1502,3,2000,7.28,1
1503,3,2000,7.34,1
1504,3,2000,7.78,1
1505,3,2000,8.4,1
1506,3,2000,8.3,1
1507,3,2000,7.8,1
1508,3,2000,7.8,1
1509,3,2000,6.72,1
1510,3,2000,7.38,1
1511,3,2000,6.8,1
1512,3,2000,7.0,1
1513,3,2000,7.08,1
1514,3,2000,6.88,1
1515,3,2000,6.86,1
1516,3,2000,6.66,1
1517,3,2000,6.98,1
1518,3,2000,6.46,1
1519,3,2000,8.58,1
1520,3,2000,7.94,1
1521,3,2000,6.4,1
1522,3,2000,6.26,1
1523,3,2000,6.28,1
1524,3,2000,7.6,1
1525,3,2000,7.04,1
1526,3,2000,6.84,1
1527,3,2000,7.36,1
1528,3,2000,7.3,1
1529,3,2000,7.42,1
1530,3,2000,6.76,1
1531,3,2000,6.5,1
1532,3,2000,7.46,1
1533,3,2000,7.42,1
1534,3,2000,7.78,1
1535,3,2000,6.7,1
1536,3,2000,7.32,1
1537,3,2000,6.8,1
1538,3,2000,6.6,1
1539,3,2000,6.46,1
1540,3,2000,7.44,1
1541,3,2000,6.7,1
1542,3,2000,6.86,1
1543,3,2000,8.56,1
1544,3,2000,7.12,1
1545,3,2000,6.36,1
1546,3,2000,6.28,1
1547,3,2000,7.72,1
1548,3,2000,6.04,1
1549,3,2000,7.76,1
1550,3,2000,6.84,1
1551,3,2000,7.16,1
1552,3,2000,6.06,1
1553,3,2000,7.04,1
1554,3,2000,6.76,1
1555,3,2000,7.56,1
1556,3,2000,7.48,1
1557,3,2000,7.28,1
1558,3,2000,6.44,1
1559,3,2000,6.54,1
1560,3,2000,7.14,1
1561,3,2000,7.14,1
1562,3,2000,7.34,1
1563,3,2000,6.92,1
1564,3,2000,7.64,1
1565,3,2000,7.74,1
1566,3,2000,7.78,1
1567,3,2000,6.66,1
1568,3,2000,6.96,1
1569,3,2000,7.44,1
1570,3,2000,7.6,1
1571,3,2000,7.3,1
1572,3,2000,7.24,1
1573,3,2000,6.48,1
1574,3,2000,7.8,1
1575,3,2000,7.48,1
1576,3,2000,6.8,1
1577,3,2000,7.34,1
1578,3,2000,7.08,1
1579,3,2000,6.8,1
1580,3,2000,6.7,1
1581,3,2000,6.66,1
1582,3,2000,6.42,1
1583,3,2000,6.08,1
1584,3,2000,7.06,1
1585,3,2000,6.24,1
1586,3,2000,6.52,1
1587,3,2000,6.26,1
1588,3,2000,7.22,1
1589,3,2000,7.82,1
1590,3,2000,6.08,1
1591,3,2000,7.74,1
1592,3,2000,7.8,1
1593,3,2000,6.62,1
1594,3,2000,6.88,1
1595,3,2000,7.34,1
1596,3,2000,7.02,1
1597,3,2000,6.32,1
1598,3,2000,7.62,1
1599,3,2000,7.48,1
1600,3,2000,7.66,1
1601,3,2000,5.72,1
1602,3,2000,7.58,1
1603,3,2000,7.6,1
1604,3,2000,7.12,1
1605,3,2000,6.64,1
1606,3,2000,6.74,1
1607,3,2000,7.28,1
1608,3,2000,5.92,1
1609,3,2000,6.12,1
1610,3,2000,6.82,1
1611,3,2000,6.82,1
1612,3,2000,5.88,1
1613,3,2000,6.52,1
1614,3,2000,6.5,1
1615,3,2000,7.0,1
1616,3,2000,7.18,1
1617,3,2000,7.96,1
1618,3,2000,7.02,1
1619,3,2000,6.24,1
1620,3,2000,7.1,1
1621,3,2000,6.64,1
1622,3,2000,7.46,1
1623,3,2000,7.26,1
1624,3,2000,6.7,1
1625,3,2000,6.58,1
1626,3,2000,6.46,1
1627,3,2000,7.38,1
1628,3,2000,6.84,1
1629,3,2000,7.8,1
1630,3,2000,7.58,1
1631,3,2000,6.6,1
1632,3,2000,7.04,1
1633,3,2000,6.92,1
1634,3,2000,6.68,1
1635,3,2000,6.86,1
1636,3,2000,7.04,1
1637,3,2000,6.46,1
1638,3,2000,7.56,1
1639,3,2000,7.7,1
1640,3,2000,7.58,1
1641,3,2000,7.72,1
1642,3,2000,7.44,1
1643,3,2000,7.52,1
1644,3,2000,6.84,1
1645,3,2000,6.28,1
1646,3,2000,6.92,1
1647,3,2000,7.08,1
1648,3,2000,6.48,1
1649,3,2000,5.76,1
1650,3,2000,7.56,1
1651,3,2000,7.3,1
1652,3,2000,6.4,1
1653,3,2000,6.64,1
1654,3,2000,6.1,1
1655,3,2000,5.78,1
1656,3,2000,6.72,1
1657,3,2000,5.46,1
1658,3,2000,6.78,1
1659,3,2000,6.48,1
1660,3,2000,6.64,1
1661,3,2000,6.22,1
1662,3,2000,6.4,1
1663,3,2000,6.94,1
1664,3,2000,7.42,1
1665,3,2000,6.12,1
1666,3,2000,6.22,1
1667,3,2000,6.92,1
1668,3,2000,6.94,1
1669,3,2000,7.1,1
1670,3,2000,6.44,1
1671,3,2000,6.74,1
1672,3,2000,7.48,1
1673,3,2000,7.22,1
1674,3,2000,6.9,1
1675,3,2000,6.74,1
1676,3,2000,7.14,1
1677,3,2000,7.34,1
1678,3,2000,6.98,1
1679,3,2000,6.98,1
1680,3,2000,6.2,1
1681,3,2000,6.9,1
1682,3,2000,6.92,1
1683,3,2000,6.78,1
1684,3,2000,6.68,1
1685,3,2000,6.5,1
1686,3,2000,7.88,1
1687,3,2000,6.96,1
1688,3,2000,7.94,1
1689,3,2000,6.64,1
1690,3,2000,6.64,1
1691,3,2000,7.08,1
1692,3,2000,6.7,1
1693,3,2000,6.18,1
1694,3,2000,7.22,1
1695,3,2000,7.0,1
1696,3,2000,6.86,1
1697,3,2000,6.58,1
1698,3,2000,6.34,1
1699,3,2000,6.22,1
1700,3,2000,7.04,1
1701,3,2000,7.16,1
1702,3,2000,7.38,1
1703,3,2000,7.58,1
1704,3,2000,7.24,1
1705,3,2000,6.32,1
1706,3,2000,5.58,1
1707,3,2000,6.72,1
1708,3,2000,7.02,1
1709,3,2000,7.38,1
1710,3,2000,6.46,1
1711,3,2000,6.72,1
1712,3,2000,6.6,1
1713,3,2000,8.22,1
1714,3,2000,8.08,1
1715,3,2000,7.18,1
1716,3,2000,7.74,1
1717,3,2000,8.08,1
1718,3,2000,6.58,1
1719,3,2000,7.26,1
1720,3,2000,6.68,1
1721,3,2000,6.22,1
1722,3,2000,6.7,1
1723,3,2000,6.72,1
1724,3,2000,6.82,1
1725,3,2000,7.22,1
1726,3,2000,6.9,1
1727,3,2000,7.02,1
1728,3,2000,6.38,1
1729,3,2000,6.6,1
1730,3,2000,7.06,1
1731,3,2000,6.9,1
1732,3,2000,7.6,1
1733,3,2000,7.54,1
1734,3,2000,6.84,1
1735,3,2000,6.58,1
1736,3,2000,7.16,1
1737,3,2000,7.66,1
1738,3,2000,7.64,1
1739,3,2000,7.26,1
1740,3,2000,7.44,1
1741,3,2000,5.66,1
1742,3,2000,6.94,1
1743,3,2000,7.26,1
1744,3,2000,6.6,1
1745,3,2000,6.36,1
1746,3,2000,7.36,1
1747,3,2000,6.62,1
1748,3,2000,7.86,1
1749,3,2000,7.48,1
1750,3,2000,7.28,1
1751,3,2000,7.26,1
1752,3,2000,7.58,1
1753,3,2000,6.14,1
1754,3,2000,6.88,1
1755,3,2000,7.16,1
1756,3,2000,7.84,1
1757,3,2000,8.24,1
1758,3,2000,7.38,1
1759,3,2000,7.54,1
1760,3,2000,6.72,1
1761,3,2000,6.56,1
1762,3,2000,6.5,1
1763,3,2000,7.0,1
1764,3,2000,6.92,1
1765,3,2000,6.96,1
1766,3,2000,6.02,1
1767,3,2000,6.8,1
1768,3,2000,6.88,1
1769,3,2000,7.32,1
1770,3,2000,6.24,1
1771,3,2000,7.22,1
1772,3,2000,7.76,1
1773,3,2000,7.16,1
1774,3,2000,7.66,1
1775,3,2000,7.92,1
1776,3,2000,6.64,1
1777,3,2000,7.3,1
1778,3,2000,7.38,1
1779,3,2000,7.92,1
1780,3,2000,7.16,1
1781,3,2000,7.28,1
1782,3,2000,7.12,1
1783,3,2000,7.12,1
1784,3,2000,7.34,1
1785,3,2000,6.96,1
1786,3,2000,7.66,1
1787,3,2000,7.7,1
1788,3,2000,7.06,1
1789,3,2000,7.54,1
1790,3,2000,7.0,1
1791,3,2000,7.46,1
1792,3,2000,6.64,1
1793,3,2000,6.72,1
1794,3,2000,6.78,1
1795,3,2000,6.44,1
1796,3,2000,6.96,1
1797,3,2000,6.0,1
1798,3,2000,6.08,1
1799,3,2000,6.4,1
1800,3,2000,7.7,1
1801,3,2000,7.32,1
1802,3,2000,5.84,1
1803,3,2000,7.2,1
1804,3,2000,6.54,1
1805,3,2000,6.88,1
1806,3,2000,7.5,1
1807,3,2000,6.82,1
1808,3,2000,7.14,1
1809,3,2000,5.9,1
1810,3,2000,6.7,1
1811,3,2000,6.38,1
1812,3,2000,6.34,1
1813,3,2000,6.72,1
1814,3,2000,8.24,1
1815,3,2000,7.28,1
1816,3,2000,6.38,1
1817,3,2000,7.16,1
1818,3,2000,7.24,1
1819,3,2000,6.5,1
1820,3,2000,7.14,1
1821,3,2000,7.32,1
1822,3,2000,8.06,1
1823,3,2000,7.04,1
1824,3,2000,7.56,1
1825,3,2000,6.8,1
1826,3,2000,6.36,1
1827,3,2000,6.54,1
1828,3,2000,7.76,1
1829,3,2000,6.82,1
1830,3,2000,6.06,1
1831,3,2000,7.5,1
1832,3,2000,7.54,1
1833,3,2000,7.08,1
1834,3,2000,7.32,1
1835,3,2000,7.02,1
1836,3,2000,6.8,1
1837,3,2000,7.82,1
1838,3,2000,6.9,1
1839,3,2000,8.62,1
1840,3,2000,6.66,1
1841,3,2000,6.1,1
1842,3,2000,7.22,1
1843,3,2000,6.5,1
1844,3,2000,7.3,1
1845,3,2000,7.0,1
1846,3,2000,7.34,1
1847,3,2000,6.64,1
1848,3,2000,7.24,1
1849,3,2000,7.12,1
1850,3,2000,7.92,1
1851,3,2000,6.9,1
1852,3,2000,7.2,1
1853,3,2000,7.68,1
1854,3,2000,7.06,1
1855,3,2000,6.84,1
1856,3,2000,7.08,1
1857,3,2000,7.16,1
1858,3,2000,7.4,1
1859,3,2000,7.52,1
1860,3,2000,7.48,1
1861,3,2000,7.52,1
1862,3,2000,7.42,1
1863,3,2000,6.98,1
1864,3,2000,7.44,1
1865,3,2000,6.7,1
1866,3,2000,7.14,1
1867,3,2000,7.88,1
1868,3,2000,8.34,1
1869,3,2000,6.58,1
1870,3,2000,7.3,1
1871,3,2000,6.48,1
1872,3,2000,7.1,1
1873,3,2000,7.4,1
1874,3,2000,7.32,1
1875,3,2000,7.1,1
1876,3,2000,7.36,1
1877,3,2000,7.66,1
1878,3,2000,8.52,1
1879,3,2000,7.1,1
1880,3,2000,6.34,1
1881,3,2000,6.36,1
1882,3,2000,6.94,1
1883,3,2000,7.32,1
1884,3,2000,6.66,1
1885,3,2000,6.32,1
1886,3,2000,7.18,1
1887,3,2000,6.18,1
1888,3,2000,7.64,1
1889,3,2000,6.98,1
1890,3,2000,7.02,1
1891,3,2000,7.08,1
1892,3,2000,7.88,1
1893,3,2000,8.1,1
1894,3,2000,7.64,1
1895,3,2000,8.26,1
1896,3,2000,6.54,1
1897,3,2000,7.28,1
1898,3,2000,6.34,1
1899,3,2000,7.46,1
1900,3,2000,6.82,1
1901,3,2000,7.08,1
1902,3,2000,7.12,1
1903,3,2000,6.0,1
1904,3,2000,6.8,1
1905,3,2000,6.9,1
1906,3,2000,7.08,1
1907,3,2000,7.42,1
1908,3,2000,6.84,1
1909,3,2000,6.76,1
1910,3,2000,6.52,1
1911,3,2000,6.76,1
1912,3,2000,6.12,1
1913,3,2000,6.98,1
1914,3,2000,7.14,1
1915,3,2000,6.68,1
1916,3,2000,7.24,1
1917,3,2000,7.22,1
1918,3,2000,5.88,1
1919,3,2000,6.92,1
1920,3,2000,6.88,1
1921,3,2000,7.04,1
1922,3,2000,6.84,1
1923,3,2000,7.22,1
1924,3,2000,7.24,1
1925,3,2000,7.76,1
1926,3,2000,8.02,1
1927,3,2000,7.62,1
1928,3,2000,7.5,1
1929,3,2000,7.18,1
1930,3,2000,7.76,1
1931,3,2000,8.0,1
1932,3,2000,8.76,1
1933,3,2000,6.84,1
1934,3,2000,7.06,1
1935,3,2000,7.58,1
1936,3,2000,6.8,1
1937,3,2000,6.94,1
1938,3,2000,6.02,1
1939,3,2000,6.62,1
1940,3,2000,6.32,1
1941,3,2000,7.5,1
1942,3,2000,6.04,1
1943,3,2000,7.54,1
1944,3,2000,7.26,1
1945,3,2000,7.58,1
1946,3,2000,7.4,1
1947,3,2000,7.4,1
1948,3,2000,7.24,1
1949,3,2000,6.16,1
1950,3,2000,7.28,1
1951,3,2000,6.36,1
1952,3,2000,7.3,1
1953,3,2000,6.46,1
1954,3,2000,6.66,1
1955,3,2000,7.44,1
1956,3,2000,6.9,1
1957,3,2000,6.96,1
1958,3,2000,7.84,1
1959,3,2000,7.66,1
1960,3,2000,7.34,1
1961,3,2000,7.18,1
1962,3,2000,6.72,1
1963,3,2000,7.0,1
1964,3,2000,6.86,1
1965,3,2000,7.18,1
1966,3,2000,8.86,1
1967,3,2000,8.18,1
1968,3,2000,7.74,1
1969,3,2000,7.52,1
1970,3,2000,7.2,1
1971,3,2000,5.58,1
1972,3,2000,6.7,1
1973,3,2000,6.54,1
1974,3,2000,6.82,1
1975,3,2000,7.38,1
1976,3,2000,6.98,1
1977,3,2000,6.62,1
1978,3,2000,6.68,1
1979,3,2000,6.7,1
1980,3,2000,6.42,1
1981,3,2000,6.72,1
1982,3,2000,7.04,1
1983,3,2000,5.94,1
1984,3,2000,6.94,1
1985,3,2000,6.24,1
1986,3,2000,5.86,1
1987,3,2000,6.86,1
1988,3,2000,6.88,1
1989,3,2000,7.5,1
1990,3,2000,8.76,1
1991,3,2000,7.38,1
1992,3,2000,7.04,1
1993,3,2000,7.74,1
1994,3,2000,6.44,1
1995,3,2000,8.5,1
1996,3,2000,6.84,1
1997,3,2000,6.48,1
1998,3,2000,6.6,1
1999,3,2000,7.52,1
2000,3,2000,6.72,1
0,4,2000,57.86,40
1,4,2000,46.52,39
2,4,2000,41.22,37
3,4,2000,39.46,35
4,4,2000,36.86,29
5,4,2000,33.82,28
6,4,2000,32.04,25
7,4,2000,28.94,23
8,4,2000,27.56,22
9,4,2000,25.88,22
10,4,2000,25.46,20
11,4,2000,24.6,20
12,4,2000,23.66,19
13,4,2000,23.1,19
14,4,2000,24.34,17
15,4,2000,22.16,16
16,4,2000,21.68,15
17,4,2000,19.18,14
18,4,2000,18.3,14
19,4,2000,18.86,13
20,4,2000,18.34,13
21,4,2000,17.94,13
22,4,2000,18.14,13
23,4,2000,17.66,13
24,4,2000,18.0,13
25,4,2000,18.06,13
26,4,2000,18.28,12
27,4,2000,18.1,12
28,4,2000,15.92,11
29,4,2000,16.1,10
30,4,2000,15.48,10
31,4,2000,15.4,10
32,4,2000,15.6,10
33,4,2000,15.08,10
34,4,2000,15.46,10
35,4,2000,15.28,10
36,4,2000,14.24,10
37,4,2000,14.86,10
38,4,2000,14.98,10
39,4,2000,13.9,10
40,4,2000,14.66,10
41,4,2000,14.68,10
42,4,2000,15.04,10
43,4,2000,14.88,10
44,4,2000,14.66,10
45,4,2000,15.84,10
46,4,2000,15.74,9
47,4,2000,14.64,9
48,4,2000,13.78,9
49,4,2000,13.84,9
50,4,2000,13.38,9
51,4,2000,13.54,8
52,4,2000,13.66,8
53,4,2000,13.44,8
54,4,2000,12.9,8
55,4,2000,13.32,8
56,4,2000,13.9,8
57,4,2000,13.22,8
58,4,2000,13.4,8
59,4,2000,13.14,7
60,4,2000,11.5,7
61,4,2000,11.98,7
62,4,2000,12.0,7
63,4,2000,11.86,7
64,4,2000,12.64,7
65,4,2000,12.92,7
66,4,2000,13.2,7
67,4,2000,12.8,7
68,4,2000,13.7,7
69,4,2000,13.84,7
70,4,2000,12.46,7
71,4,2000,12.24,7
72,4,2000,12.12,7
73,4,2000,11.84,7
74,4,2000,11.86,7
75,4,2000,11.5,7
76,4,2000,12.88,7
77,4,2000,12.4,7
78,4,2000,13.06,7
79,4,2000,13.5,7
80,4,2000,12.6,7
81,4,2000,11.38,7
82,4,2000,11.86,7
83,4,2000,12.66,7
84,4,2000,12.34,7
85,4,2000,11.46,7
86,4,2000,11.98,7
87,4,2000,12.32,7
88,4,2000,13.16,7
89,4,2000,11.86,7
90,4,2000,12.38,7
91,4,2000,12.32,7
92,4,2000,11.46,7
93,4,2000,12.46,7
94,4,2000,11.66,7
95,4,2000,11.64,7
96,4,2000,11.2,6
97,4,2000,12.68,6
98,4,2000,11.22,6
99,4,2000,11.52,6
100,4,2000,10.96,6
101,4,2000,10.84,6
102,4,2000,11.3,6
103,4,2000,11.82,6
104,4,2000,11.54,6
105,4,2000,10.42,6
106,4,2000,10.98,6
107,4,2000,11.18,6
108,4,2000,11.46,6
109,4,2000,11.6,6
110,4,2000,11.56,6
111,4,2000,10.62,6
112,4,2000,10.74,6
113,4,2000,11.6,6
114,4,2000,11.96,6
115,4,2000,11.76,6
116,4,2000,11.32,6
117,4,2000,11.68,6
118,4,2000,12.18,6
119,4,2000,11.68,6
120,4,2000,10.62,6
121,4,2000,11.26,5
122,4,2000,10.84,5
123,4,2000,10.92,5
124,4,2000,10.26,5
125,4,2000,9.74,5
126,4,2000,10.7,5
127,4,2000,9.54,5
128,4,2000,10.14,5
129,4,2000,10.12,5
130,4,2000,10.36,5
131,4,2000,10.5,5
132,4,2000,10.0,5
133,4,2000,10.84,5
134,4,2000,11.2,5
135,4,2000,11.4,5
136,4,2000,10.74,5
137,4,2000,10.86,5
138,4,2000,10.42,5
139,4,2000,9.84,5
140,4,2000,10.64,5
141,4,2000,10.38,5
142,4,2000,10.48,5
143,4,2000,10.88,5
144,4,2000,10.16,5
145,4,2000,10.24,5
146,4,2000,10.56,5
147,4,2000,10.46,5
148,4,2000,10.58,5
149,4,2000,9.76,5
150,4,2000,10.16,5
151,4,2000,10.6,5
152,4,2000,10.44,5
153,4,2000,11.52,5
154,4,2000,10.22,5
155,4,2000,10.56,5
156,4,2000,10.64,5
157,4,2000,10.1,5
158,4,2000,9.78,5
159,4,2000,10.24,5
160,4,2000,10.78,5
161,4,2000,10.62,5
162,4,2000,10.34,5
163,4,2000,11.42,5
164,4,2000,11.24,5
165,4,2000,10.92,5
166,4,2000,10.48,4
167,4,2000,10.16,4
168,4,2000,10.28,4
169,4,2000,9.68,4
170,4,2000,10.06,4
171,4,2000,9.2,4
172,4,2000,8.82,3
173,4,2000,8.54,3
174,4,2000,8.82,3
175,4,2000,8.6,3
176,4,2000,8.46,3
177,4,2000,8.9,3
178,4,2000,8.26,3
179,4,2000,8.18,3
180,4,2000,8.48,3
181,4,2000,8.6,3
182,4,2000,10.14,3
183,4,2000,9.5,3
184,4,2000,9.58,3
185,4,2000,8.28,3
186,4,2000,9.0,3
187,4,2000,8.6,3
188,4,2000,9.1,3
189,4,2000,9.16,3
190,4,2000,9.34,3
191,4,2000,8.74,3
192,4,2000,8.34,3
193,4,2000,8.02,3
194,4,2000,9.1,3
195,4,2000,9.58,3
196,4,2000,9.4,3
197,4,2000,8.82,3
198,4,2000,9.02,3
199,4,2000,8.52,3
200,4,2000,8.36,3
201,4,2000,8.48,3
202,4,2000,8.32,3
203,4,2000,8.66,3
204,4,2000,9.04,3
205,4,2000,9.64,3
206,4,2000,9.28,3
207,4,2000,8.28,3
208,4,2000,9.2,3
209,4,2000,8.26,3
210,4,2000,9.48,3
211,4,2000,8.56,3
212,4,2000,8.98,3
213,4,2000,9.04,3
214,4,2000,8.7,3
215,4,2000,7.84,3
216,4,2000,8.62,3
217,4,2000,9.1,3
218,4,2000,8.54,3
219,4,2000,8.82,3
220,4,2000,8.18,3
221,4,2000,9.36,3
222,4,2000,8.96,3
223,4,2000,8.64,3
224,4,2000,8.94,3
225,4,2000,8.84,3
226,4,2000,8.5,2
227,4,2000,8.02,2
228,4,2000,8.24,2
229,4,2000,7.74,2
230,4,2000,6.46,2
231,4,2000,6.76,2
232,4,2000,8.44,2
233,4,2000,8.0,2
234,4,2000,7.86,2
235,4,2000,7.76,2
236,4,2000,7.64,2
237,4,2000,7.96,2
238,4,2000,8.46,2
239,4,2000,7.92,2
240,4,2000,7.54,2
241,4,2000,7.76,2
242,4,2000,7.74,2
243,4,2000,7.72,2
244,4,2000,8.66,2
245,4,2000,9.12,2
246,4,2000,8.24,2
247,4,2000,7.58,2
248,4,2000,7.66,2
249,4,2000,8.36,2
250,4,2000,8.3,2
251,4,2000,8.78,2
252,4,2000,8.46,2
253,4,2000,7.74,2
254,4,2000,6.98,2
255,4,2000,8.1,2
256,4,2000,7.72,2
257,4,2000,7.98,2
258,4,2000,7.7,2
259,4,2000,8.6,2
260,4,2000,8.58,2
261,4,2000,8.9,2
262,4,2000,8.84,2
263,4,2000,7.56,2
264,4,2000,8.26,2
265,4,2000,7.5,2
266,4,2000,7.72,2
267,4,2000,8.22,2
268,4,2000,8.66,2
269,4,2000,8.26,2
270,4,2000,8.28,2
271,4,2000,8.38,2
272,4,2000,7.86,2
273,4,2000,8.06,2
274,4,2000,7.14,2
275,4,2000,7.76,2
276,4,2000,8.94,2
277,4,2000,8.44,2
278,4,2000,8.36,2
279,4,2000,7.8,2
280,4,2000,7.14,2
281,4,2000,8.18,2
282,4,2000,7.58,2
283,4,2000,7.26,2
284,4,2000,6.72,2
285,4,2000,7.9,2
286,4,2000,7.42,2
287,4,2000,7.4,2
288,4,2000,7.76,2
289,4,2000,7.78,2
290,4,2000,8.26,2
291,4,2000,7.72,2
292,4,2000,7.62,2
293,4,2000,7.6,2
294,4,2000,7.6,2
295,4,2000,8.04,2
296,4,2000,7.62,2
297,4,2000,7.78,2
298,4,2000,7.86,2
299,4,2000,8.56,2
300,4,2000,7.8,2
301,4,2000,9.48,2
302,4,2000,8.44,2
303,4,2000,7.34,2
304,4,2000,8.14,2
305,4,2000,9.12,2
306,4,2000,8.02,2
307,4,2000,7.84,2
308,4,2000,7.34,2
309,4,2000,7.44,2
310,4,2000,8.68,2
311,4,2000,8.42,2
312,4,2000,7.66,2
313,4,2000,7.06,2
314,4,2000,7.52,2
315,4,2000,7.16,2
316,4,2000,7.56,2
317,4,2000,8.62,2
318,4,2000,9.16,2
319,4,2000,8.06,2
320,4,2000,8.62,2
321,4,2000,8.7,2
322,4,2000,7.56,2
323,4,2000,8.58,2
324,4,2000,8.44,2
325,4,2000,8.96,2
326,4,2000,7.74,2
327,4,2000,7.6,2
328,4,2000,8.38,2
329,4,2000,7.6,2
330,4,2000,8.64,2
331,4,2000,9.28,2
332,4,2000,8.64,2
333,4,2000,7.7,2
334,4,2000,8.48,2
335,4,2000,8.6,2
336,4,2000,7.96,2
337,4,2000,8.58,1
338,4,2000,6.54,1
339,4,2000,7.04,1
340,4,2000,7.08,1
341,4,2000,6.88,1
342,4,2000,7.68,1
343,4,2000,6.4,1
344,4,2000,6.92,1
345,4,2000,7.42,1
346,4,2000,7.48,1
347,4,2000,7.7,1
348,4,2000,7.54,1
349,4,2000,6.8,1
350,4,2000,8.38,1
351,4,2000,7.58,1
352,4,2000,8.52,1
353,4,2000,6.92,1
354,4,2000,6.36,1
355,4,2000,7.04,1
356,4,2000,6.82,1
357,4,2000,6.98,1
358,4,2000,7.08,1
359,4,2000,6.78,1
360,4,2000,7.68,1
361,4,2000,7.36,1
362,4,2000,6.94,1
363,4,2000,7.16,1
364,4,2000,7.28,1
365,4,2000,7.92,1
366,4,2000,6.92,1
367,4,2000,7.52,1
368,4,2000,8.46,1
369,4,2000,8.06,1
370,4,2000,7.3,1
371,4,2000,6.42,1
372,4,2000,6.54,1
373,4,2000,6.94,1
374,4,2000,5.96,1
375,4,2000,6.62,1
376,4,2000,7.68,1
377,4,2000,7.14,1
378,4,2000,6.58,1
379,4,2000,6.52,1
380,4,2000,6.6,1
381,4,2000,6.5,1
382,4,2000,6.64,1
383,4,2000,7.06,1
384,4,2000,6.6,1
385,4,2000,6.76,1
386,4,2000,7.4,1
387,4,2000,7.18,1
388,4,2000,7.04,1
389,4,2000,7.22,1
390,4,2000,6.48,1
391,4,2000,6.96,1
392,4,2000,7.28,1
393,4,2000,6.88,1
394,4,2000,7.98,1
395,4,2000,8.22,1
396,4,2000,7.76,1
397,4,2000,7.54,1
398,4,2000,6.92,1
399,4,2000,7.1,1
400,4,2000,7.22,1
401,4,2000,7.06,1
402,4,2000,6.66,1
403,4,2000,7.1,1
404,4,2000,6.98,1
405,4,2000,7.34,1
406,4,2000,6.76,1
407,4,2000,6.94,1
408,4,2000,7.6,1
409,4,2000,6.6,1
410,4,2000,6.2,1
411,4,2000,7.5,1
412,4,2000,6.88,1
413,4,2000,7.86,1
414,4,2000,7.36,1
415,4,2000,7.08,1
416,4,2000,6.3,1
417,4,2000,5.44,1
418,4,2000,6.24,1
419,4,2000,6.34,1
420,4,2000,7.12,1
421,4,2000,6.96,1
422,4,2000,7.42,1
423,4,2000,7.4,1
424,4,2000,6.44,1
425,4,2000,5.58,1
426,4,2000,7.1,1
427,4,2000,7.04,1
428,4,2000,7.32,1
429,4,2000,6.7,1
430,4,2000,6.26,1
431,4,2000,7.12,1
432,4,2000,7.76,1
433,4,2000,8.34,1
434,4,2000,7.4,1
435,4,2000,7.46,1
436,4,2000,6.66,1
437,4,2000,6.54,1
438,4,2000,6.88,1
439,4,2000,7.56,1
440,4,2000,7.86,1
441,4,2000,7.18,1
442,4,2000,7.44,1
443,4,2000,6.94,1
444,4,2000,7.36,1
445,4,2000,7.7,1
446,4,2000,6.1,1
447,4,2000,6.42,1
448,4,2000,6.14,1
449,4,2000,6.74,1
450,4,2000,7.34,1
451,4,2000,7.28,1
452,4,2000,5.52,1
453,4,2000,5.86,1
454,4,2000,7.1,1
455,4,2000,6.88,1
456,4,2000,7.54,1
457,4,2000,6.8,1
458,4,2000,8.06,1
459,4,2000,7.78,1
460,4,2000,7.94,1
461,4,2000,7.3,1
462,4,2000,7.98,1
463,4,2000,7.5,1
464,4,2000,7.0,1
465,4,2000,7.56,1
466,4,2000,6.54,1
467,4,2000,6.96,1
468,4,2000,7.74,1
469,4,2000,7.18,1
470,4,2000,6.54,1
471,4,2000,7.28,1
472,4,2000,6.36,1
473,4,2000,6.58,1
474,4,2000,7.14,1
475,4,2000,6.62,1
476,4,2000,6.78,1
477,4,2000,7.52,1
478,4,2000,6.96,1
479,4,2000,8.46,1
480,4,2000,7.58,1
481,4,2000,7.42,1
482,4,2000,7.0,1
483,4,2000,7.6,1
484,4,2000,6.64,1
485,4,2000,7.4,1
486,4,2000,7.44,1
487,4,2000,7.5,1
488,4,2000,7.22,1
489,4,2000,6.5,1
490,4,2000,7.04,1
491,4,2000,6.9,1
492,4,2000,7.36,1
493,4,2000,7.58,1
494,4,2000,7.04,1
495,4,2000,6.12,1
496,4,2000,7.6,1
497,4,2000,6.76,1
498,4,2000,7.0,1
499,4,2000,6.66,1
500,4,2000,7.0,1
501,4,2000,6.78,1
502,4,2000,7.1,1
503,4,2000,7.78,1
504,4,2000,6.92,1
505,4,2000,6.24,1
506,4,2000,6.42,1
507,4,2000,5.84,1
508,4,2000,6.34,1
509,4,2000,5.86,1
510,4,2000,6.24,1
511,4,2000,6.1,1
512,4,2000,6.66,1
513,4,2000,7.16,1
514,4,2000,7.28,1
515,4,2000,7.5,1
516,4,2000,6.84,1
517,4,2000,6.46,1
518,4,2000,6.6,1
519,4,2000,5.78,1
520,4,2000,6.98,1
521,4,2000,7.4,1
522,4,2000,7.02,1
523,4,2000,6.66,1
524,4,2000,6.54,1
525,4,2000,7.5,1
526,4,2000,7.38,1
527,4,2000,6.74,1
528,4,2000,7.12,1
529,4,2000,6.74,1
530,4,2000,7.38,1
531,4,2000,7.24,1
532,4,2000,7.04,1
533,4,2000,6.5,1
534,4,2000,7.08,1
535,4,2000,7.08,1
536,4,2000,7.42,1
537,4,2000,7.54,1
538,4,2000,7.26,1
539,4,2000,7.42,1
540,4,2000,7.66,1
541,4,2000,5.98,1
542,4,2000,7.22,1
543,4,2000,6.88,1
544,4,2000,6.66,1
545,4,2000,6.16,1
546,4,2000,6.76,1
547,4,2000,6.48,1
548,4,2000,6.92,1
549,4,2000,7.64,1
550,4,2000,7.32,1
551,4,2000,6.66,1
552,4,2000,6.8,1
553,4,2000,7.2,1
554,4,2000,6.84,1
555,4,2000,7.12,1
556,4,2000,7.96,1
557,4,2000,6.46,1
558,4,2000,6.7,1
559,4,2000,7.14,1
560,4,2000,6.46,1
561,4,2000,7.32,1
562,4,2000,6.68,1
563,4,2000,7.48,1
564,4,2000,6.32,1
565,4,2000,7.04,1
566,4,2000,6.12,1
567,4,2000,6.68,1
568,4,2000,5.9,1
569,4,2000,6.82,1
570,4,2000,7.2,1
571,4,2000,6.44,1
572,4,2000,6.3,1
573,4,2000,6.42,1
574,4,2000,6.62,1
575,4,2000,6.9,1
576,4,2000,6.24,1
577,4,2000,6.68,1
578,4,2000,6.74,1
579,4,2000,6.88,1
580,4,2000,7.66,1
581,4,2000,7.72,1
582,4,2000,6.92,1
583,4,2000,6.7,1
584,4,2000,6.44,1
585,4,2000,7.16,1
586,4,2000,6.68,1
587,4,2000,8.06,1
588,4,2000,7.48,1
589,4,2000,6.84,1
590,4,2000,6.54,1
591,4,2000,7.22,1
592,4,2000,7.3,1
593,4,2000,6.88,1
594,4,2000,7.82,1
595,4,2000,7.98,1
596,4,2000,7.18,1
597,4,2000,6.66,1
598,4,2000,7.44,1
599,4,2000,7.16,1
600,4,2000,7.54,1
601,4,2000,6.38,1
602,4,2000,6.42,1
603,4,2000,7.7,1
604,4,2000,6.94,1
605,4,2000,6.98,1
606,4,2000,7.78,1
607,4,2000,7.8,1
608,4,2000,6.56,1
609,4,2000,7.2,1
610,4,2000,8.14,1
611,4,2000,7.78,1
612,4,2000,7.16,1
613,4,2000,8.22,1
614,4,2000,8.54,1
615,4,2000,7.14,1
616,4,2000,7.3,1
617,4,2000,7.06,1
618,4,2000,6.74,1
619,4,2000,7.68,1
620,4,2000,6.98,1
621,4,2000,6.3,1
622,4,2000,6.54,1
623,4,2000,7.3,1
624,4,2000,7.9,1
625,4,2000,6.84,1
626,4,2000,7.32,1
627,4,2000,6.02,1
628,4,2000,6.68,1
629,4,2000,7.5,1
630,4,2000,7.42,1
631,4,2000,6.88,1
632,4,2000,6.28,1
633,4,2000,6.6,1
634,4,2000,7.52,1
635,4,2000,7.32,1
636,4,2000,7.3,1
637,4,2000,7.7,1
638,4,2000,6.88,1
639,4,2000,6.34,1
640,4,2000,7.14,1
641,4,2000,8.64,1
642,4,2000,7.72,1
643,4,2000,6.64,1
644,4,2000,7.0,1
645,4,2000,7.08,1
646,4,2000,6.1,1
647,4,2000,7.14,1
648,4,2000,6.08,1
649,4,2000,7.4,1
650,4,2000,7.2,1
651,4,2000,7.66,1
652,4,2000,6.9,1
653,4,2000,7.38,1
654,4,2000,7.5,1
655,4,2000,6.46,1
656,4,2000,6.42,1
657,4,2000,7.68,1
658,4,2000,6.56,1
659,4,2000,7.28,1
660,4,2000,7.8,1
661,4,2000,8.1,1
662,4,2000,6.94,1
663,4,2000,7.66,1
664,4,2000,7.46,1
665,4,2000,7.52,1
666,4,2000,7.82,1
667,4,2000,7.04,1
668,4,2000,8.18,1
669,4,2000,7.9,1
670,4,2000,6.86,1
671,4,2000,7.5,1
672,4,2000,7.2,1
673,4,2000,6.54,1
674,4,2000,7.98,1
675,4,2000,7.46,1
676,4,2000,7.04,1
677,4,2000,6.28,1
678,4,2000,6.58,1
679,4,2000,7.1,1
680,4,2000,7.32,1
681,4,2000,8.38,1
682,4,2000,6.44,1
683,4,2000,6.8,1
684,4,2000,6.72,1
685,4,2000,6.9,1
686,4,2000,6.28,1
687,4,2000,6.8,1
688,4,2000,6.46,1
689,4,2000,7.16,1
690,4,2000,6.56,1
691,4,2000,5.96,1
692,4,2000,7.0,1
693,4,2000,6.32,1
694,4,2000,7.24,1
695,4,2000,7.58,1
696,4,2000,6.7,1
697,4,2000,6.18,1
698,4,2000,6.98,1
699,4,2000,7.22,1
700,4,2000,7.66,1
701,4,2000,8.3,1
702,4,2000,6.4,1
703,4,2000,6.28,1
704,4,2000,6.48,1
705,4,2000,8.0,1
706,4,2000,6.6,1
707,4,2000,8.94,1
708,4,2000,7.16,1
709,4,2000,7.36,1
710,4,2000,6.72,1
711,4,2000,7.16,1
712,4,2000,7.56,1
713,4,2000,6.78,1
714,4,2000,6.82,1
715,4,2000,7.72,1
716,4,2000,7.48,1
717,4,2000,7.42,1
718,4,2000,7.46,1
719,4,2000,6.32,1
720,4,2000,6.74,1
721,4,2000,7.28,1
722,4,2000,7.4,1
723,4,2000,6.9,1
724,4,2000,7.02,1
725,4,2000,7.02,1
726,4,2000,7.04,1
727,4,2000,7.42,1
728,4,2000,7.26,1
729,4,2000,7.04,1
730,4,2000,6.6,1
731,4,2000,6.74,1
732,4,2000,6.6,1
733,4,2000,6.92,1
734,4,2000,6.28,1
735,4,2000,6.98,1
736,4,2000,7.08,1
737,4,2000,6.82,1
738,4,2000,6.78,1
739,4,2000,6.16,1
740,4,2000,6.76,1
741,4,2000,6.86,1
742,4,2000,8.24,1
743,4,2000,8.66,1
744,4,2000,6.84,1
745,4,2000,7.58,1
746,4,2000,7.24,1
747,4,2000,7.56,1
748,4,2000,6.38,1
749,4,2000,7.14,1
750,4,2000,7.74,1
751,4,2000,6.64,1
752,4,2000,7.5,1
753,4,2000,6.08,1
754,4,2000,7.7,1
755,4,2000,6.7,1
756,4,2000,7.72,1
757,4,2000,6.94,1
758,4,2000,7.82,1
759,4,2000,7.18,1
760,4,2000,7.44,1
761,4,2000,6.5,1
762,4,2000,7.22,1
763,4,2000,6.9,1
764,4,2000,6.46,1
765,4,2000,7.52,1
766,4,2000,7.02,1
767,4,2000,7.0,1
768,4,2000,6.86,1
769,4,2000,7.3,1
770,4,2000,7.22,1
771,4,2000,7.24,1
772,4,2000,6.6,1
773,4,2000,6.86,1
774,4,2000,6.64,1
775,4,2000,6.88,1
776,4,2000,6.82,1
777,4,2000,6.7,1
778,4,2000,6.72,1
779,4,2000,7.22,1
780,4,2000,6.68,1
781,4,2000,6.2,1
782,4,2000,6.98,1
783,4,2000,8.4,1
784,4,2000,6.42,1
785,4,2000,7.22,1
786,4,2000,6.16,1
787,4,2000,7.4,1
788,4,2000,6.22,1
789,4,2000,6.54,1
790,4,2000,7.9,1
791,4,2000,9.0,1
792,4,2000,7.2,1
793,4,2000,7.96,1
794,4,2000,7.16,1
795,4,2000,7.46,1
796,4,2000,6.52,1
797,4,2000,6.84,1
798,4,2000,6.18,1
799,4,2000,6.9,1
800,4,2000,7.16,1
801,4,2000,8.2,1
802,4,2000,6.2,1
803,4,2000,6.22,1
804,4,2000,6.16,1
805,4,2000,6.72,1
806,4,2000,6.6,1
807,4,2000,6.74,1
808,4,2000,7.06,1
809,4,2000,7.22,1
810,4,2000,7.26,1
811,4,2000,6.88,1
812,4,2000,6.86,1
813,4,2000,6.62,1
814,4,2000,7.74,1
815,4,2000,6.98,1
816,4,2000,6.32,1
817,4,2000,6.34,1
818,4,2000,8.0,1
819,4,2000,6.32,1
820,4,2000,7.24,1
821,4,2000,6.3,1
822,4,2000,7.0,1
823,4,2000,6.46,1
824,4,2000,6.36,1
825,4,2000,7.16,1
826,4,2000,7.84,1
827,4,2000,7.08,1
828,4,2000,6.94,1
829,4,2000,7.26,1
830,4,2000,6.68,1
831,4,2000,6.28,1
832,4,2000,7.36,1
833,4,2000,6.22,1
834,4,2000,7.22,1
835,4,2000,6.38,1
836,4,2000,7.22,1
837,4,2000,7.6,1
838,4,2000,7.06,1
839,4,2000,7.4,1
840,4,2000,7.64,1
841,4,2000,6.58,1
842,4,2000,6.56,1
843,4,2000,7.62,1
844,4,2000,7.24,1
845,4,2000,7.38,1
846,4,2000,6.3,1
847,4,2000,7.0,1
848,4,2000,7.14,1
849,4,2000,7.34,1
850,4,2000,8.06,1
851,4,2000,6.74,1
852,4,2000,6.82,1
853,4,2000,7.1,1
854,4,2000,7.98,1
855,4,2000,7.32,1
856,4,2000,7.54,1
857,4,2000,7.54,1
858,4,2000,6.86,1
859,4,2000,6.12,1
860,4,2000,6.76,1
861,4,2000,6.48,1
862,4,2000,7.1,1
863,4,2000,7.66,1
864,4,2000,7.18,1
865,4,2000,7.64,1
866,4,2000,7.44,1
867,4,2000,7.04,1
868,4,2000,6.68,1
869,4,2000,8.02,1
870,4,2000,7.84,1
871,4,2000,6.76,1
872,4,2000,7.2,1
873,4,2000,7.26,1
874,4,2000,7.62,1
875,4,2000,7.9,1
876,4,2000,6.34,1
877,4,2000,6.98,1
878,4,2000,6.92,1
879,4,2000,6.94,1
880,4,2000,6.74,1
881,4,2000,7.1,1
882,4,2000,7.52,1
883,4,2000,6.0,1
884,4,2000,6.4,1
885,4,2000,6.88,1
886,4,2000,7.16,1
887,4,2000,7.18,1
888,4,2000,6.6,1
889,4,2000,7.44,1
890,4,2000,6.78,1
891,4,2000,6.12,1
892,4,2000,7.12,1
893,4,2000,6.84,1
894,4,2000,5.96,1
895,4,2000,6.78,1
896,4,2000,6.74,1
897,4,2000,6.22,1
898,4,2000,6.94,1
899,4,2000,7.08,1
900,4,2000,6.34,1
901,4,2000,6.56,1
902,4,2000,6.52,1
903,4,2000,6.76,1
904,4,2000,6.38,1
905,4,2000,7.48,1
906,4,2000,7.08,1
907,4,2000,6.6,1
908,4,2000,7.74,1
909,4,2000,7.44,1
910,4,2000,6.7,1
911,4,2000,7.2,1
912,4,2000,6.78,1
913,4,2000,7.36,1
914,4,2000,7.48,1
915,4,2000,7.42,1
916,4,2000,6.82,1
917,4,2000,7.8,1
918,4,2000,7.94,1
919,4,2000,8.04,1
920,4,2000,6.74,1
921,4,2000,6.28,1
922,4,2000,6.94,1
923,4,2000,6.54,1
924,4,2000,6.4,1
925,4,2000,7.44,1
926,4,2000,6.2,1
927,4,2000,6.92,1
928,4,2000,7.3,1
929,4,2000,6.96,1
930,4,2000,6.64,1
931,4,2000,7.32,1
932,4,2000,7.26,1
933,4,2000,7.18,1
934,4,2000,7.16,1
935,4,2000,7.52,1
936,4,2000,6.64,1
937,4,2000,6.34,1
938,4,2000,7.54,1
939,4,2000,8.04,1
940,4,2000,6.96,1
941,4,2000,6.42,1
942,4,2000,7.12,1
943,4,2000,6.76,1
944,4,2000,6.94,1
945,4,2000,5.72,1
946,4,2000,6.66,1
947,4,2000,6.98,1
948,4,2000,7.14,1
949,4,2000,6.64,1
950,4,2000,6.72,1
951,4,2000,7.5,1
952,4,2000,6.9,1
953,4,2000,7.3,1
954,4,2000,7.18,1
955,4,2000,7.38,1
956,4,2000,7.02,1
957,4,2000,5.86,1
958,4,2000,6.7,1
959,4,2000,6.4,1
960,4,2000,6.22,1
961,4,2000,6.5,1
962,4,2000,7.42,1
963,4,2000,7.06,1
964,4,2000,8.02,1
965,4,2000,7.06,1
966,4,2000,6.64,1
967,4,2000,7.74,1
968,4,2000,7.38,1
969,4,2000,7.74,1
970,4,2000,7.16,1
971,4,2000,7.1,1
972,4,2000,7.18,1
973,4,2000,8.42,1
974,4,2000,6.26,1
975,4,2000,6.56,1
976,4,2000,6.74,1
977,4,2000,7.84,1
978,4,2000,7.54,1
979,4,2000,6.9,1
980,4,2000,8.38,1
981,4,2000,7.28,1
982,4,2000,6.92,1
983,4,2000,7.3,1
984,4,2000,6.06,1
985,4,2000,7.3,1
986,4,2000,7.56,1
987,4,2000,5.84,1
988,4,2000,7.42,1
989,4,2000,8.66,1
990,4,2000,7.12,1
991,4,2000,7.08,1
992,4,2000,8.22,1
993,4,2000,7.62,1
994,4,2000,8.46,1
995,4,2000,7.68,1
996,4,2000,7.4,1
997,4,2000,7.28,1
998,4,2000,7.96,1
999,4,2000,6.46,1
1000,4,2000,7.2,1
1001,4,2000,6.84,1
1002,4,2000,7.18,1
1003,4,2000,6.36,1
1004,4,2000,6.98,1
1005,4,2000,6.88,1
1006,4,2000,6.26,1
1007,4,2000,6.68,1
1008,4,2000,6.1,1
1009,4,2000,6.64,1
1010,4,2000,7.2,1
1011,4,2000,6.2,1
1012,4,2000,6.72,1
1013,4,2000,7.4,1
1014,4,2000,7.4,1
1015,4,2000,6.98,1
1016,4,2000,7.24,1
1017,4,2000,8.3,1
1018,4,2000,7.42,1
1019,4,2000,6.66,1
1020,4,2000,7.2,1
1021,4,2000,7.04,1
1022,4,2000,7.9,1
1023,4,2000,7.18,1
1024,4,2000,6.92,1
1025,4,2000,6.6,1
1026,4,2000,6.74,1
1027,4,2000,7.36,1
1028,4,2000,8.88,1
1029,4,2000,8.76,1
1030,4,2000,7.14,1
1031,4,2000,7.0,1
1032,4,2000,5.92,1
1033,4,2000,7.22,1
1034,4,2000,6.62,1
1035,4,2000,7.54,1
1036,4,2000,7.96,1
1037,4,2000,7.56,1
1038,4,2000,7.06,1
1039,4,2000,7.16,1
1040,4,2000,6.88,1
1041,4,2000,7.04,1
1042,4,2000,6.92,1
1043,4,2000,6.36,1
1044,4,2000,7.02,1
1045,4,2000,7.08,1
1046,4,2000,7.2,1
1047,4,2000,7.02,1
1048,4,2000,6.44,1
1049,4,2000,6.82,1
1050,4,2000,6.98,1
1051,4,2000,7.76,1
1052,4,2000,6.5,1
1053,4,2000,6.56,1
1054,4,2000,7.0,1
1055,4,2000,6.24,1
1056,4,2000,7.1,1
1057,4,2000,6.22,1
1058,4,2000,6.98,1
1059,4,2000,6.96,1
1060,4,2000,7.04,1
1061,4,2000,7.44,1
1062,4,2000,7.22,1
1063,4,2000,7.06,1
1064,4,2000,7.02,1
1065,4,2000,6.56,1
1066,4,2000,7.16,1
1067,4,2000,6.84,1
1068,4,2000,6.52,1
1069,4,2000,7.06,1
1070,4,2000,6.76,1
1071,4,2000,6.9,1
1072,4,2000,7.04,1
1073,4,2000,7.44,1
1074,4,2000,6.76,1
1075,4,2000,6.5,1
1076,4,2000,7.36,1
1077,4,2000,6.52,1
1078,4,2000,7.68,1
1079,4,2000,6.28,1
1080,4,2000,5.42,1
1081,4,2000,6.96,1
1082,4,2000,6.4,1
1083,4,2000,6.62,1
1084,4,2000,6.64,1
1085,4,2000,6.42,1
1086,4,2000,6.78,1
1087,4,2000,7.22,1
1088,4,2000,6.34,1
1089,4,2000,6.18,1
1090,4,2000,5.86,1
1091,4,2000,5.72,1
1092,4,2000,6.76,1
1093,4,2000,8.38,1
1094,4,2000,7.68,1
1095,4,2000,7.74,1
1096,4,2000,6.92,1
1097,4,2000,6.86,1
1098,4,2000,6.68,1
1099,4,2000,7.28,1
1100,4,2000,6.54,1
1101,4,2000,6.6,1
1102,4,2000,6.54,1
1103,4,2000,5.92,1
1104,4,2000,6.48,1
1105,4,2000,6.8,1
1106,4,2000,6.6,1
1107,4,2000,7.1,1
1108,4,2000,7.32,1
1109,4,2000,7.4,1
1110,4,2000,7.46,0
0,5,2000,54.98,40
1,5,2000,45.9,37
2,5,2000,39.48,32
3,5,2000,36.38,30
4,5,2000,33.78,29
5,5,2000,32.48,27
6,5,2000,30.94,27
7,5,2000,30.24,25
8,5,2000,28.7,24
9,5,2000,27.5,22
10,5,2000,26.32,21
11,5,2000,24.96,21
12,5,2000,23.82,19
13,5,2000,23.86,19
14,5,2000,23.08,19
15,5,2000,22.82,18
16,5,2000,22.58,18
17,5,2000,21.76,18
18,5,2000,22.4,17
19,5,2000,20.76,16
20,5,2000,20.78,16
21,5,2000,19.5,16
22,5,2000,20.62,15
23,5,2000,19.66,15
24,5,2000,19.58,15
25,5,2000,19.5,15
26,5,2000,19.48,15
27,5,2000,19.52,15
28,5,2000,19.56,15
29,5,2000,19.1,14
30,5,2000,19.02,13
31,5,2000,18.18,13
32,5,2000,17.56,13
33,5,2000,17.68,12
34,5,2000,16.88,12
35,5,2000,16.08,12
36,5,2000,16.22,10
37,5,2000,15.48,10
38,5,2000,14.6,10
39,5,2000,14.34,10
40,5,2000,14.94,9
41,5,2000,13.92,9
42,5,2000,13.9,9
43,5,2000,14.24,9
44,5,2000,13.92,9
45,5,2000,13.44,8
46,5,2000,13.64,8
47,5,2000,12.46,8
48,5,2000,13.86,8
49,5,2000,13.98,8
50,5,2000,13.72,8
51,5,2000,13.96,8
52,5,2000,12.88,8
53,5,2000,13.24,8
54,5,2000,12.62,8
55,5,2000,13.16,8
56,5,2000,13.34,8
57,5,2000,13.12,8
58,5,2000,12.68,8
59,5,2000,12.84,8
60,5,2000,12.74,8
61,5,2000,13.12,8
62,5,2000,13.58,8
63,5,2000,12.22,8
64,5,2000,13.12,8
65,5,2000,12.92,8
66,5,2000,13.14,8
67,5,2000,12.28,8
68,5,2000,12.54,8
69,5,2000,12.94,8
70,5,2000,12.84,8
71,5,2000,13.3,8
72,5,2000,12.66,8
73,5,2000,13.4,8
74,5,2000,13.28,8
75,5,2000,13.32,8
76,5,2000,12.32,8
77,5,2000,12.76,8
78,5,2000,12.72,8
79,5,2000,12.36,8
80,5,2000,12.78,8
81,5,2000,12.96,8
82,5,2000,13.44,8
83,5,2000,12.08,7
84,5,2000,12.36,7
85,5,2000,12.34,7
86,5,2000,12.76,7
87,5,2000,13.38,7
88,5,2000,11.92,7
89,5,2000,13.64,7
90,5,2000,11.38,7
91,5,2000,11.58,7
92,5,2000,12.44,7
93,5,2000,11.7,6
94,5,2000,11.52,6
95,5,2000,12.24,6
96,5,2000,11.66,6
97,5,2000,11.78,6
98,5,2000,10.28,6
99,5,2000,10.96,6
100,5,2000,10.8,6
101,5,2000,10.94,6
102,5,2000,10.84,6
103,5,2000,11.38,6
104,5,2000,10.8,6
105,5,2000,11.66,6
106,5,2000,11.24,6
107,5,2000,11.82,6
108,5,2000,11.72,6
109,5,2000,11.22,6
110,5,2000,12.3,6
111,5,2000,11.86,6
112,5,2000,11.76,6
113,5,2000,11.6,6
114,5,2000,12.22,6
115,5,2000,10.66,6
116,5,2000,11.1,6
117,5,2000,11.2,6
118,5,2000,10.98,6
119,5,2000,11.88,6
120,5,2000,10.7,6
121,5,2000,11.66,6
122,5,2000,11.9,6
123,5,2000,10.64,6
124,5,2000,10.34,6
125,5,2000,10.7,6
126,5,2000,11.32,6
127,5,2000,10.24,6
128,5,2000,11.68,6
129,5,2000,12.82,6
130,5,2000,11.18,6
131,5,2000,11.34,6
132,5,2000,10.28,6
133,5,2000,11.7,6
134,5,2000,12.14,6
135,5,2000,11.54,6
136,5,2000,11.48,6
137,5,2000,11.16,6
138,5,2000,11.24,6
139,5,2000,11.5,6
140,5,2000,11.6,6
141,5,2000,12.12,6
142,5,2000,12.18,6
143,5,2000,11.5,6
144,5,2000,10.96,6
145,5,2000,11.38,6
146,5,2000,11.34,6
147,5,2000,11.54,6
148,5,2000,10.28,6
149,5,2000,11.26,6
150,5,2000,11.02,6
151,5,2000,12.22,6
152,5,2000,11.56,6
153,5,2000,11.52,6
154,5,2000,11.92,6
155,5,2000,11.2,6
156,5,2000,11.18,6
157,5,2000,11.68,6
158,5,2000,12.06,6
159,5,2000,11.94,6
160,5,2000,11.56,6
161,5,2000,12.24,6
162,5,2000,11.52,6
163,5,2000,10.7,6
164,5,2000,11.78,6
165,5,2000,11.78,6
166,5,2000,12.3,6
167,5,2000,11.74,6
168,5,2000,11.74,6
169,5,2000,11.54,6
170,5,2000,10.76,6
171,5,2000,10.72,6
172,5,2000,10.6,6
173,5,2000,11.84,6
174,5,2000,11.92,6
175,5,2000,11.18,6
176,5,2000,11.3,6
177,5,2000,11.6,6
178,5,2000,10.88,6
179,5,2000,11.06,6
180,5,2000,10.72,6
181,5,2000,11.48,6
182,5,2000,10.98,6
183,5,2000,11.48,6
184,5,2000,10.52,5
185,5,2000,11.38,5
186,5,2000,10.94,5
187,5,2000,10.56,5
188,5,2000,10.56,5
189,5,2000,10.88,5
190,5,2000,11.06,5
191,5,2000,10.12,5
192,5,2000,11.0,5
193,5,2000,9.76,5
194,5,2000,9.36,5
195,5,2000,10.96,5
196,5,2000,10.5,5
197,5,2000,10.56,5
198,5,2000,10.54,5
199,5,2000,10.5,5
200,5,2000,10.72,5
201,5,2000,10.84,5
202,5,2000,10.58,5
203,5,2000,10.08,5
204,5,2000,10.08,5
205,5,2000,9.64,5
206,5,2000,10.42,5
207,5,2000,10.8,5
208,5,2000,11.38,5
209,5,2000,10.58,5
210,5,2000,9.7,5
211,5,2000,10.64,5
212,5,2000,9.64,5
213,5,2000,10.78,5
214,5,2000,9.86,5
215,5,2000,10.48,5
216,5,2000,10.14,5
217,5,2000,9.66,5
218,5,2000,9.92,5
219,5,2000,10.64,5
220,5,2000,10.6,5
221,5,2000,10.76,5
222,5,2000,10.28,5
223,5,2000,10.58,5
224,5,2000,10.14,5
225,5,2000,10.06,5
226,5,2000,10.88,5
227,5,2000,11.12,5
228,5,2000,9.28,5
229,5,2000,9.74,5
230,5,2000,10.44,5
231,5,2000,9.62,5
232,5,2000,10.66,5
233,5,2000,10.06,5
234,5,2000,9.7,5
235,5,2000,9.78,5
236,5,2000,10.38,5
237,5,2000,9.62,5
238,5,2000,10.12,5
239,5,2000,11.0,5
240,5,2000,10.42,5
241,5,2000,10.06,5
242,5,2000,11.2,5
243,5,2000,10.92,5
244,5,2000,9.98,5
245,5,2000,10.04,5
246,5,2000,11.18,5
247,5,2000,10.16,5
248,5,2000,10.66,5
249,5,2000,11.08,5
250,5,2000,10.42,5
251,5,2000,11.14,5
252,5,2000,10.1,5
253,5,2000,10.0,5
254,5,2000,9.96,5
255,5,2000,11.3,5
256,5,2000,10.5,5
257,5,2000,10.62,5
258,5,2000,10.08,5
259,5,2000,10.08,5
260,5,2000,9.94,5
261,5,2000,10.86,5
262,5,2000,10.48,5
263,5,2000,10.28,5
264,5,2000,9.74,5
265,5,2000,9.82,5
266,5,2000,10.84,5
267,5,2000,10.64,5
268,5,2000,10.38,5
269,5,2000,11.24,5
270,5,2000,11.04,5
271,5,2000,10.2,5
272,5,2000,10.5,5
273,5,2000,10.78,5
274,5,2000,10.1,5
275,5,2000,10.5,5
276,5,2000,10.74,5
277,5,2000,9.18,5
278,5,2000,10.6,5
279,5,2000,10.78,5
280,5,2000,10.5,5
281,5,2000,10.66,5
282,5,2000,9.72,5
283,5,2000,10.32,5
284,5,2000,10.56,5
285,5,2000,11.46,5
286,5,2000,10.38,5
287,5,2000,10.4,5
288,5,2000,10.7,5
289,5,2000,10.24,5
290,5,2000,10.44,5
291,5,2000,10.38,5
292,5,2000,10.5,5
293,5,2000,10.64,5
294,5,2000,10.16,5
295,5,2000,10.62,5
296,5,2000,10.66,5
297,5,2000,10.52,5
298,5,2000,10.64,5
299,5,2000,10.78,5
300,5,2000,10.68,5
301,5,2000,10.94,5
302,5,2000,10.1,5
303,5,2000,10.74,5
304,5,2000,11.04,5
305,5,2000,11.14,5
306,5,2000,10.24,5
307,5,2000,11.38,5
308,5,2000,10.76,5
309,5,2000,10.46,5
310,5,2000,9.52,5
311,5,2000,11.1,5
312,5,2000,10.06,5
313,5,2000,9.98,5
314,5,2000,10.82,5
315,5,2000,10.54,5
316,5,2000,10.0,5
317,5,2000,10.14,5
318,5,2000,10.38,5
319,5,2000,10.06,5
320,5,2000,10.06,5
321,5,2000,10.5,5
322,5,2000,10.1,5
323,5,2000,9.82,5
324,5,2000,10.4,5
325,5,2000,9.82,5
326,5,2000,11.22,5
327,5,2000,9.98,5
328,5,2000,10.06,5
329,5,2000,11.04,5
330,5,2000,10.46,5
331,5,2000,10.76,5
332,5,2000,10.32,5
333,5,2000,9.72,5
334,5,2000,10.42,5
335,5,2000,10.72,5
336,5,2000,10.18,5
337,5,2000,10.82,5
338,5,2000,9.92,5
339,5,2000,10.14,5
340,5,2000,10.44,5
341,5,2000,11.12,5
342,5,2000,11.96,5
343,5,2000,11.34,5
344,5,2000,9.74,5
345,5,2000,10.72,4
346,5,2000,9.0,4
347,5,2000,10.1,4
348,5,2000,9.9,4
349,5,2000,8.66,4
350,5,2000,9.86,4
351,5,2000,10.26,4
352,5,2000,10.24,4
353,5,2000,9.96,4
354,5,2000,9.4,4
355,5,2000,9.5,4
356,5,2000,10.04,4
357,5,2000,10.24,4
358,5,2000,10.08,4
359,5,2000,10.08,4
360,5,2000,9.96,4
361,5,2000,9.36,4
362,5,2000,9.76,4
363,5,2000,9.92,4
364,5,2000,9.9,4
365,5,2000,9.44,4
366,5,2000,9.46,4
367,5,2000,10.22,4
368,5,2000,9.12,4
369,5,2000,10.32,4
370,5,2000,10.22,4
371,5,2000,9.72,4
372,5,2000,9.0,4
373,5,2000,9.04,4
374,5,2000,9.62,4
375,5,2000,10.54,4
376,5,2000,9.38,4
377,5,2000,9.02,4
378,5,2000,8.7,4
379,5,2000,9.42,4
380,5,2000,9.84,4
381,5,2000,10.74,4
382,5,2000,10.04,4
383,5,2000,9.92,4
384,5,2000,10.38,4
385,5,2000,9.7,4
386,5,2000,8.72,4
387,5,2000,9.06,4
388,5,2000,10.08,4
389,5,2000,10.58,4
390,5,2000,10.62,3
391,5,2000,9.02,3
392,5,2000,8.84,3
393,5,2000,9.42,3
394,5,2000,8.14,3
395,5,2000,8.62,3
396,5,2000,8.58,3
397,5,2000,8.56,3
398,5,2000,8.82,3
399,5,2000,8.8,3
400,5,2000,9.36,3
401,5,2000,9.72,3
402,5,2000,8.9,3
403,5,2000,8.08,3
404,5,2000,8.34,3
405,5,2000,8.96,3
406,5,2000,8.5,3
407,5,2000,8.94,3
408,5,2000,9.12,3
409,5,2000,9.62,3
410,5,2000,8.08,3
411,5,2000,8.48,3
412,5,2000,8.2,3
413,5,2000,8.44,3
414,5,2000,8.26,3
415,5,2000,8.74,3
416,5,2000,7.92,3
417,5,2000,9.06,3
418,5,2000,8.88,3
419,5,2000,8.62,3
420,5,2000,8.74,3
421,5,2000,8.26,3
422,5,2000,8.52,3
423,5,2000,9.5,3
424,5,2000,9.06,3
425,5,2000,8.38,3
426,5,2000,8.38,3
427,5,2000,9.08,3
428,5,2000,9.58,3
429,5,2000,8.44,3
430,5,2000,9.2,3
431,5,2000,9.18,3
432,5,2000,8.56,3
433,5,2000,7.74,3
434,5,2000,8.92,3
435,5,2000,8.3,3
436,5,2000,9.0,3
437,5,2000,8.84,3
438,5,2000,8.86,3
439,5,2000,9.08,3
440,5,2000,8.9,3
441,5,2000,9.48,3
442,5,2000,7.78,3
443,5,2000,7.76,3
444,5,2000,7.78,3
445,5,2000,9.9,3
446,5,2000,9.14,3
447,5,2000,8.1,3
448,5,2000,8.3,3
449,5,2000,9.52,3
450,5,2000,8.22,3
451,5,2000,8.42,3
452,5,2000,8.88,3
453,5,2000,8.84,3
454,5,2000,8.32,3
455,5,2000,8.74,3
456,5,2000,9.0,3
457,5,2000,9.38,3
458,5,2000,8.68,3
459,5,2000,8.84,3
460,5,2000,8.38,3
461,5,2000,8.92,3
462,5,2000,8.68,3
463,5,2000,9.76,3
464,5,2000,8.88,3
465,5,2000,8.16,3
466,5,2000,8.46,3
467,5,2000,9.1,3
468,5,2000,9.64,3
469,5,2000,8.24,3
470,5,2000,8.04,3
471,5,2000,9.22,3
472,5,2000,8.88,3
473,5,2000,8.3,3
474,5,2000,7.98,3
475,5,2000,9.38,3
476,5,2000,7.66,3
477,5,2000,8.2,3
478,5,2000,7.98,3
479,5,2000,8.3,3
480,5,2000,8.16,3
481,5,2000,8.5,3
482,5,2000,8.34,3
483,5,2000,8.3,3
484,5,2000,8.1,3
485,5,2000,8.84,3
486,5,2000,9.24,3
487,5,2000,9.3,3
488,5,2000,9.34,3
489,5,2000,8.94,3
490,5,2000,9.02,3
491,5,2000,8.76,3
492,5,2000,9.2,3
493,5,2000,8.86,3
494,5,2000,7.4,3
495,5,2000,9.38,3
496,5,2000,8.0,3
497,5,2000,8.78,3
498,5,2000,9.28,3
499,5,2000,7.88,3
500,5,2000,9.0,3
501,5,2000,8.94,3
502,5,2000,8.96,3
503,5,2000,8.98,3
504,5,2000,9.48,3
505,5,2000,8.9,3
506,5,2000,9.46,3
507,5,2000,8.64,3
508,5,2000,8.1,3
509,5,2000,8.84,3
510,5,2000,8.2,3
511,5,2000,8.88,3
512,5,2000,8.7,2
513,5,2000,8.22,2
514,5,2000,8.18,2
515,5,2000,8.16,2
516,5,2000,8.36,2
517,5,2000,8.34,2
518,5,2000,7.58,2
519,5,2000,7.26,2
520,5,2000,8.72,2
521,5,2000,8.14,2
522,5,2000,8.54,2
523,5,2000,7.28,2
524,5,2000,7.86,2
525,5,2000,8.18,2
526,5,2000,8.02,2
527,5,2000,7.7,2
528,5,2000,7.82,2
529,5,2000,8.08,2
530,5,2000,8.6,2
531,5,2000,7.56,2
532,5,2000,7.4,2
533,5,2000,7.84,2
534,5,2000,7.84,2
535,5,2000,8.46,2
536,5,2000,8.78,2
537,5,2000,8.08,2
538,5,2000,7.08,2
539,5,2000,8.38,2
540,5,2000,8.68,2
541,5,2000,8.54,2
542,5,2000,8.1,2
543,5,2000,8.6,2
544,5,2000,7.4,2
545,5,2000,7.4,2
546,5,2000,7.52,2
547,5,2000,8.6,2
548,5,2000,7.32,2
549,5,2000,7.52,2
550,5,2000,7.74,2
551,5,2000,9.0,2
552,5,2000,7.68,2
553,5,2000,8.08,2
554,5,2000,8.2,2
555,5,2000,8.0,2
556,5,2000,8.22,2
557,5,2000,8.46,2
558,5,2000,7.86,2
559,5,2000,8.52,2
560,5,2000,7.76,2
561,5,2000,7.4,2
562,5,2000,7.28,2
563,5,2000,8.02,2
564,5,2000,8.06,2
565,5,2000,7.84,2
566,5,2000,7.76,2
567,5,2000,8.96,2
568,5,2000,7.34,2
569,5,2000,7.6,2
570,5,2000,8.52,2
571,5,2000,9.46,2
572,5,2000,9.54,2
573,5,2000,8.84,2
574,5,2000,8.66,2
575,5,2000,8.26,2
576,5,2000,7.44,2
577,5,2000,7.4,2
578,5,2000,7.72,2
579,5,2000,7.92,2
580,5,2000,7.98,2
581,5,2000,7.34,2
582,5,2000,7.44,2
583,5,2000,8.54,2
584,5,2000,9.14,2
585,5,2000,8.1,2
586,5,2000,7.98,2
587,5,2000,7.1,2
588,5,2000,7.16,2
589,5,2000,8.24,2
590,5,2000,8.0,2
591,5,2000,8.32,2
592,5,2000,8.22,2
593,5,2000,7.86,2
594,5,2000,7.5,2
595,5,2000,7.2,2
596,5,2000,8.16,2
597,5,2000,7.26,2
598,5,2000,7.04,2
599,5,2000,7.04,2
600,5,2000,8.38,2
601,5,2000,8.14,2
602,5,2000,8.14,2
603,5,2000,9.38,2
604,5,2000,7.64,2
605,5,2000,7.18,2
606,5,2000,7.8,2
607,5,2000,7.8,2
608,5,2000,6.72,2
609,5,2000,7.64,2
610,5,2000,8.28,2
611,5,2000,8.32,2
612,5,2000,6.76,2
613,5,2000,8.0,2
614,5,2000,8.52,2
615,5,2000,7.64,2
616,5,2000,7.68,2
617,5,2000,8.14,2
618,5,2000,7.94,2
619,5,2000,7.82,2
620,5,2000,8.78,2
621,5,2000,8.44,2
622,5,2000,7.48,2
623,5,2000,8.0,2
624,5,2000,7.78,2
625,5,2000,7.92,2
626,5,2000,8.68,2
627,5,2000,7.7,2
628,5,2000,7.56,2
629,5,2000,8.48,2
630,5,2000,8.82,2
631,5,2000,8.08,2
632,5,2000,7.4,2
633,5,2000,8.76,2
634,5,2000,9.58,2
635,5,2000,7.84,2
636,5,2000,8.0,2
637,5,2000,7.72,2
638,5,2000,7.78,2
639,5,2000,7.72,2
640,5,2000,8.04,2
641,5,2000,7.78,2
642,5,2000,8.54,2
643,5,2000,7.8,2
644,5,2000,7.86,2
645,5,2000,7.92,2
646,5,2000,7.22,2
647,5,2000,7.28,2
648,5,2000,7.64,2
649,5,2000,7.12,2
650,5,2000,8.08,2
651,5,2000,8.4,2
652,5,2000,7.26,2
653,5,2000,7.72,2
654,5,2000,8.1,2
655,5,2000,8.06,2
656,5,2000,8.3,2
657,5,2000,7.78,2
658,5,2000,9.12,2
659,5,2000,7.98,2
660,5,2000,8.2,2
661,5,2000,8.2,2
662,5,2000,7.9,2
663,5,2000,8.76,2
664,5,2000,8.56,2
665,5,2000,7.68,2
666,5,2000,7.48,2
667,5,2000,7.52,2
668,5,2000,7.62,2
669,5,2000,7.62,2
670,5,2000,7.2,2
671,5,2000,8.38,2
672,5,2000,8.5,2
673,5,2000,8.54,2
674,5,2000,7.62,2
675,5,2000,7.92,2
676,5,2000,7.54,2
677,5,2000,7.66,2
678,5,2000,8.08,2
679,5,2000,6.82,2
680,5,2000,7.4,2
681,5,2000,7.76,2
682,5,2000,8.7,2
683,5,2000,8.62,2
684,5,2000,8.44,2
685,5,2000,7.44,2
686,5,2000,7.66,2
687,5,2000,7.96,2
688,5,2000,6.78,2
689,5,2000,7.56,2
690,5,2000,7.8,2
691,5,2000,7.84,2
692,5,2000,7.56,2
693,5,2000,7.32,2
694,5,2000,8.2,2
695,5,2000,7.42,2
696,5,2000,8.54,2
697,5,2000,7.92,2
698,5,2000,8.24,2
699,5,2000,8.04,2
700,5,2000,8.16,2
701,5,2000,8.16,2
702,5,2000,7.84,2
703,5,2000,8.04,2
704,5,2000,8.8,2
705,5,2000,7.64,2
706,5,2000,6.6,2
707,5,2000,7.5,2
708,5,2000,7.14,2
709,5,2000,7.6,2
710,5,2000,8.44,2
711,5,2000,8.36,2
712,5,2000,8.12,2
713,5,2000,8.3,2
714,5,2000,7.8,2
715,5,2000,7.64,2
716,5,2000,8.54,2
717,5,2000,7.8,2
718,5,2000,7.98,2
719,5,2000,6.88,2
720,5,2000,7.38,2
721,5,2000,7.66,2
722,5,2000,7.58,2
723,5,2000,7.82,2
724,5,2000,8.46,2
725,5,2000,7.36,2
726,5,2000,7.38,2
727,5,2000,8.52,2
728,5,2000,7.88,2
729,5,2000,8.46,2
730,5,2000,8.02,2
731,5,2000,8.62,2
732,5,2000,8.04,2
733,5,2000,8.42,2
734,5,2000,8.08,2
735,5,2000,8.02,2
736,5,2000,8.58,2
737,5,2000,7.96,2
738,5,2000,8.88,2
739,5,2000,8.62,2
740,5,2000,8.62,2
741,5,2000,8.8,2
742,5,2000,8.06,2
743,5,2000,7.6,2
744,5,2000,7.64,2
745,5,2000,8.32,2
746,5,2000,8.42,2
747,5,2000,9.0,2
748,5,2000,7.38,2
749,5,2000,7.8,2
750,5,2000,7.94,2
751,5,2000,8.2,2
752,5,2000,7.68,2
753,5,2000,7.42,2
754,5,2000,7.56,2
755,5,2000,6.94,2
756,5,2000,7.56,2
757,5,2000,8.28,2
758,5,2000,7.88,2
759,5,2000,8.22,2
760,5,2000,8.02,2
761,5,2000,7.82,2
762,5,2000,8.16,2
763,5,2000,7.64,2
764,5,2000,8.0,2
765,5,2000,7.0,2
766,5,2000,7.26,2
767,5,2000,7.7,2
768,5,2000,6.94,2
769,5,2000,7.48,2
770,5,2000,7.86,2
771,5,2000,8.24,2
772,5,2000,8.54,2
773,5,2000,7.54,2
774,5,2000,8.46,2
775,5,2000,8.0,2
776,5,2000,7.04,2
777,5,2000,8.58,2
778,5,2000,7.84,2
779,5,2000,9.06,2
780,5,2000,8.02,2
781,5,2000,8.26,2
782,5,2000,8.1,2
783,5,2000,7.52,2
784,5,2000,7.16,2
785,5,2000,6.86,2
786,5,2000,7.64,2
787,5,2000,7.96,2
788,5,2000,7.42,2
789,5,2000,7.42,2
790,5,2000,7.32,2
791,5,2000,7.72,2
792,5,2000,8.28,2
793,5,2000,7.94,2
794,5,2000,8.8,2
795,5,2000,8.58,2
796,5,2000,7.48,2
797,5,2000,7.9,2
798,5,2000,7.58,2
799,5,2000,8.66,2
800,5,2000,8.2,2
801,5,2000,8.0,2
802,5,2000,8.16,2
803,5,2000,6.8,2
804,5,2000,7.14,2
805,5,2000,7.88,2
806,5,2000,8.92,2
807,5,2000,7.68,2
808,5,2000,8.4,2
809,5,2000,8.58,2
810,5,2000,8.0,2
811,5,2000,7.92,2
812,5,2000,8.04,2
813,5,2000,8.64,2
814,5,2000,8.64,2
815,5,2000,8.08,2
816,5,2000,8.26,2
817,5,2000,8.04,2
818,5,2000,8.58,2
819,5,2000,7.24,2
820,5,2000,7.76,2
821,5,2000,7.08,2
822,5,2000,8.12,2
823,5,2000,7.78,2
824,5,2000,7.86,2
825,5,2000,8.56,2
826,5,2000,8.48,2
827,5,2000,8.2,2
828,5,2000,8.88,2
829,5,2000,9.04,2
830,5,2000,9.32,2
831,5,2000,7.7,2
832,5,2000,7.6,2
833,5,2000,8.6,2
834,5,2000,9.04,2
835,5,2000,8.14,2
836,5,2000,8.32,2
837,5,2000,8.04,2
838,5,2000,8.68,2
839,5,2000,7.96,2
840,5,2000,7.04,2
841,5,2000,7.4,2
842,5,2000,7.98,2
843,5,2000,7.78,2
844,5,2000,8.22,2
845,5,2000,7.86,2
846,5,2000,7.62,2
847,5,2000,8.08,2
848,5,2000,8.22,2
849,5,2000,6.64,2
850,5,2000,7.9,2
851,5,2000,8.42,2
852,5,2000,8.04,2
853,5,2000,7.56,2
854,5,2000,8.2,2
855,5,2000,7.94,2
856,5,2000,7.72,2
857,5,2000,7.64,2
858,5,2000,8.08,2
859,5,2000,7.24,2
860,5,2000,7.4,2
861,5,2000,8.12,2
862,5,2000,6.74,2
863,5,2000,7.28,2
864,5,2000,7.86,2
865,5,2000,8.08,2
866,5,2000,8.26,2
867,5,2000,8.64,2
868,5,2000,8.24,2
869,5,2000,8.66,2
870,5,2000,9.06,2
871,5,2000,7.74,2
872,5,2000,7.64,2
873,5,2000,7.52,2
874,5,2000,8.02,2
875,5,2000,8.08,2
876,5,2000,7.34,2
877,5,2000,8.18,2
878,5,2000,7.08,2
879,5,2000,8.66,2
880,5,2000,7.5,2
881,5,2000,8.96,2
882,5,2000,7.76,2
883,5,2000,8.5,2
884,5,2000,8.8,2
885,5,2000,8.12,2
886,5,2000,7.92,2
887,5,2000,6.94,2
888,5,2000,7.54,2
889,5,2000,8.16,2
890,5,2000,7.92,2
891,5,2000,7.64,2
892,5,2000,7.56,2
893,5,2000,8.54,2
894,5,2000,7.84,2
895,5,2000,7.72,2
896,5,2000,8.1,2
897,5,2000,7.56,2
898,5,2000,8.78,2
899,5,2000,7.94,2
900,5,2000,8.0,2
901,5,2000,7.36,2
902,5,2000,8.52,2
903,5,2000,9.02,2
904,5,2000,7.96,2
905,5,2000,7.68,2
906,5,2000,8.58,2
907,5,2000,7.88,2
908,5,2000,7.82,2
909,5,2000,7.76,2
910,5,2000,8.06,2
911,5,2000,8.1,2
912,5,2000,7.72,2
913,5,2000,8.5,2
914,5,2000,8.44,2
915,5,2000,8.08,2
916,5,2000,7.86,2
917,5,2000,7.98,2
918,5,2000,7.6,2
919,5,2000,7.34,2
920,5,2000,7.86,2
921,5,2000,7.7,2
922,5,2000,7.84,2
923,5,2000,7.26,2
924,5,2000,8.3,2
925,5,2000,8.24,2
926,5,2000,7.5,2
927,5,2000,6.98,2
928,5,2000,7.82,2
929,5,2000,7.7,2
930,5,2000,7.32,2
931,5,2000,8.4,2
932,5,2000,8.68,2
933,5,2000,7.26,2
934,5,2000,8.9,2
935,5,2000,7.84,2
936,5,2000,8.2,2
937,5,2000,6.78,2
938,5,2000,7.7,2
939,5,2000,7.3,2
940,5,2000,8.82,2
941,5,2000,8.24,2
942,5,2000,8.3,2
943,5,2000,8.32,2
944,5,2000,8.34,2
945,5,2000,7.42,2
946,5,2000,7.74,2
947,5,2000,7.88,2
948,5,2000,8.32,2
949,5,2000,8.44,2
950,5,2000,8.0,2
951,5,2000,8.62,2
952,5,2000,7.86,2
953,5,2000,7.98,2
954,5,2000,7.48,2
955,5,2000,7.58,2
956,5,2000,8.08,2
957,5,2000,8.94,2
958,5,2000,8.36,2
959,5,2000,7.78,2
960,5,2000,7.52,2
961,5,2000,8.82,2
962,5,2000,9.08,2
963,5,2000,7.18,2
964,5,2000,7.08,2
965,5,2000,7.66,2
966,5,2000,7.44,2
967,5,2000,7.2,2
968,5,2000,8.4,2
969,5,2000,7.74,2
970,5,2000,8.88,2
971,5,2000,8.38,2
972,5,2000,7.7,2
973,5,2000,7.74,2
974,5,2000,8.96,2
975,5,2000,7.92,2
976,5,2000,8.4,2
977,5,2000,8.72,2
978,5,2000,8.84,2
979,5,2000,8.18,2
980,5,2000,7.82,2
981,5,2000,7.3,2
982,5,2000,7.52,2
983,5,2000,7.26,2
984,5,2000,8.6,2
985,5,2000,8.12,2
986,5,2000,7.34,2
987,5,2000,8.02,2
988,5,2000,8.18,2
989,5,2000,7.56,2
990,5,2000,9.18,2
991,5,2000,7.68,2
992,5,2000,7.16,2
993,5,2000,7.98,2
994,5,2000,7.32,2
995,5,2000,8.94,2
996,5,2000,7.26,2
997,5,2000,7.28,2
998,5,2000,8.08,2
999,5,2000,7.8,2
1000,5,2000,8.82,2
1001,5,2000,8.8,2
1002,5,2000,7.96,2
1003,5,2000,8.04,2
1004,5,2000,7.66,2
1005,5,2000,8.0,2
1006,5,2000,9.48,2
1007,5,2000,7.62,2
1008,5,2000,8.64,2
1009,5,2000,7.32,2
1010,5,2000,7.42,2
1011,5,2000,7.34,2
1012,5,2000,8.46,2
1013,5,2000,8.32,2
1014,5,2000,8.7,2
1015,5,2000,8.54,2
1016,5,2000,8.02,2
1017,5,2000,8.24,2
1018,5,2000,7.64,2
1019,5,2000,7.44,2
1020,5,2000,7.12,2
1021,5,2000,7.84,2
1022,5,2000,8.96,2
1023,5,2000,7.96,2
1024,5,2000,9.38,2
1025,5,2000,9.42,2
1026,5,2000,8.54,2
1027,5,2000,8.48,2
1028,5,2000,7.78,2
1029,5,2000,8.08,2
1030,5,2000,8.5,2
1031,5,2000,7.76,2
1032,5,2000,7.98,2
1033,5,2000,8.7,2
1034,5,2000,7.46,2
1035,5,2000,7.98,2
1036,5,2000,8.16,2
1037,5,2000,7.98,2
1038,5,2000,7.54,2
1039,5,2000,7.72,2
1040,5,2000,6.92,2
1041,5,2000,7.0,2
1042,5,2000,8.44,2
1043,5,2000,8.24,2
1044,5,2000,8.08,2
1045,5,2000,8.7,2
1046,5,2000,7.74,2
1047,5,2000,8.62,2
1048,5,2000,7.92,2
1049,5,2000,7.48,2
1050,5,2000,7.64,2
1051,5,2000,7.04,2
1052,5,2000,8.56,2
1053,5,2000,7.92,2
1054,5,2000,7.26,2
1055,5,2000,6.92,2
1056,5,2000,7.1,2
1057,5,2000,6.82,2
1058,5,2000,7.86,2
1059,5,2000,7.78,2
1060,5,2000,7.66,2
1061,5,2000,7.44,2
1062,5,2000,7.78,2
1063,5,2000,6.94,2
1064,5,2000,7.6,2
1065,5,2000,7.54,2
1066,5,2000,8.58,2
1067,5,2000,8.34,2
1068,5,2000,7.76,2
1069,5,2000,6.98,2
1070,5,2000,7.84,2
1071,5,2000,6.92,2
1072,5,2000,7.42,2
1073,5,2000,7.74,2
1074,5,2000,7.36,2
1075,5,2000,8.0,2
1076,5,2000,8.3,2
1077,5,2000,8.54,2
1078,5,2000,8.36,2
1079,5,2000,7.48,2
1080,5,2000,6.68,2
1081,5,2000,7.38,2
1082,5,2000,8.54,2
1083,5,2000,7.74,2
1084,5,2000,7.34,2
1085,5,2000,7.42,2
1086,5,2000,7.64,2
1087,5,2000,8.06,2
1088,5,2000,6.78,2
1089,5,2000,7.24,2
1090,5,2000,7.72,2
1091,5,2000,7.8,2
1092,5,2000,7.16,2
1093,5,2000,7.96,2
1094,5,2000,8.48,2
1095,5,2000,8.0,2
1096,5,2000,8.26,2
1097,5,2000,7.56,2
1098,5,2000,7.68,2
1099,5,2000,7.84,2
1100,5,2000,7.74,2
1101,5,2000,7.64,2
1102,5,2000,8.04,2
1103,5,2000,6.48,2
1104,5,2000,7.4,2
1105,5,2000,7.66,2
1106,5,2000,7.42,2
1107,5,2000,7.76,2
1108,5,2000,7.3,2
1109,5,2000,7.32,2
1110,5,2000,7.34,2
1111,5,2000,7.5,2
1112,5,2000,6.92,2
1113,5,2000,7.78,2
1114,5,2000,7.5,2
1115,5,2000,7.62,2
1116,5,2000,6.98,2
1117,5,2000,7.94,2
1118,5,2000,8.34,2
1119,5,2000,7.08,2
1120,5,2000,7.24,2
1121,5,2000,8.32,2
1122,5,2000,8.26,2
1123,5,2000,8.38,2
1124,5,2000,8.84,2
1125,5,2000,7.46,2
1126,5,2000,8.6,2
1127,5,2000,8.44,2
1128,5,2000,8.04,2
1129,5,2000,7.48,2
1130,5,2000,7.46,2
1131,5,2000,7.74,2
1132,5,2000,8.06,2
1133,5,2000,8.32,2
1134,5,2000,8.92,2
1135,5,2000,8.42,2
1136,5,2000,8.4,2
1137,5,2000,9.08,2
1138,5,2000,7.82,2
1139,5,2000,8.08,2
1140,5,2000,8.02,2
1141,5,2000,8.44,2
1142,5,2000,8.92,2
1143,5,2000,7.84,2
1144,5,2000,7.42,2
1145,5,2000,8.02,2
1146,5,2000,6.72,2
1147,5,2000,7.86,2
1148,5,2000,7.7,2
1149,5,2000,7.28,2
1150,5,2000,8.68,2
1151,5,2000,7.78,2
1152,5,2000,8.72,2
1153,5,2000,7.9,2
1154,5,2000,8.1,2
1155,5,2000,7.78,2
1156,5,2000,8.24,2
1157,5,2000,7.64,2
1158,5,2000,8.84,2
1159,5,2000,8.22,2
1160,5,2000,7.8,2
1161,5,2000,7.82,2
1162,5,2000,7.82,2
1163,5,2000,8.62,2
1164,5,2000,9.26,2
1165,5,2000,7.0,2
1166,5,2000,8.5,2
1167,5,2000,9.1,2
1168,5,2000,7.94,2
1169,5,2000,7.82,2
1170,5,2000,8.48,2
1171,5,2000,6.88,2
1172,5,2000,7.46,2
1173,5,2000,7.58,2
1174,5,2000,7.8,2
1175,5,2000,7.82,2
1176,5,2000,7.48,2
1177,5,2000,7.88,2
1178,5,2000,8.38,2
1179,5,2000,8.54,2
1180,5,2000,8.8,2
1181,5,2000,8.54,2
1182,5,2000,8.1,2
1183,5,2000,7.54,2
1184,5,2000,8.6,2
1185,5,2000,7.28,2
1186,5,2000,6.96,2
1187,5,2000,7.48,2
1188,5,2000,8.0,2
1189,5,2000,7.68,2
1190,5,2000,7.88,2
1191,5,2000,8.68,2
1192,5,2000,7.48,2
1193,5,2000,7.88,2
1194,5,2000,7.76,2
1195,5,2000,7.22,2
1196,5,2000,7.92,2
1197,5,2000,8.12,2
1198,5,2000,7.92,2
1199,5,2000,9.0,2
1200,5,2000,8.14,2
1201,5,2000,7.16,2
1202,5,2000,7.08,2
1203,5,2000,7.4,2
1204,5,2000,7.72,2
1205,5,2000,6.98,2
1206,5,2000,7.74,2
1207,5,2000,7.54,2
1208,5,2000,8.22,2
1209,5,2000,8.5,2
1210,5,2000,7.28,2
1211,5,2000,8.32,2
1212,5,2000,7.88,2
1213,5,2000,8.36,2
1214,5,2000,8.02,2
1215,5,2000,7.74,2
1216,5,2000,8.06,2
1217,5,2000,7.44,2
1218,5,2000,8.24,2
1219,5,2000,8.3,2
1220,5,2000,8.5,2
1221,5,2000,8.18,2
1222,5,2000,7.0,2
1223,5,2000,7.54,2
1224,5,2000,8.3,2
1225,5,2000,7.72,2
1226,5,2000,8.14,2
1227,5,2000,8.52,2
1228,5,2000,7.9,2
1229,5,2000,7.4,2
1230,5,2000,7.46,2
1231,5,2000,7.26,2
1232,5,2000,7.82,2
1233,5,2000,8.7,2
1234,5,2000,8.48,2
1235,5,2000,8.0,2
1236,5,2000,7.54,2
1237,5,2000,7.26,2
1238,5,2000,7.06,2
1239,5,2000,7.56,2
1240,5,2000,7.7,2
1241,5,2000,8.4,2
1242,5,2000,7.8,2
1243,5,2000,7.42,2
1244,5,2000,7.38,2
1245,5,2000,7.96,2
1246,5,2000,8.42,2
1247,5,2000,7.94,2
1248,5,2000,7.82,2
1249,5,2000,9.06,2
1250,5,2000,7.86,2
1251,5,2000,7.9,2
1252,5,2000,7.88,2
1253,5,2000,7.86,2
1254,5,2000,8.54,2
1255,5,2000,8.34,2
1256,5,2000,8.7,2
1257,5,2000,8.44,2
1258,5,2000,8.14,2
1259,5,2000,8.0,2
1260,5,2000,9.08,2
1261,5,2000,8.04,2
1262,5,2000,9.44,2
1263,5,2000,8.68,2
1264,5,2000,7.56,2
1265,5,2000,7.54,2
1266,5,2000,7.92,2
1267,5,2000,8.06,2
1268,5,2000,7.64,2
1269,5,2000,7.14,2
1270,5,2000,8.3,2
1271,5,2000,8.56,2
1272,5,2000,7.94,2
1273,5,2000,8.62,2
1274,5,2000,8.38,2
1275,5,2000,8.28,2
1276,5,2000,8.3,2
1277,5,2000,7.62,2
1278,5,2000,7.56,2
1279,5,2000,7.32,2
1280,5,2000,8.66,2
1281,5,2000,8.02,2
1282,5,2000,6.92,2
1283,5,2000,7.1,2
1284,5,2000,7.3,2
1285,5,2000,8.12,2
1286,5,2000,8.12,2
1287,5,2000,8.4,2
1288,5,2000,7.74,2
1289,5,2000,8.02,2
1290,5,2000,7.98,2
1291,5,2000,8.46,2
1292,5,2000,7.58,2
1293,5,2000,8.12,2
1294,5,2000,7.36,2
1295,5,2000,8.04,2
1296,5,2000,7.58,2
1297,5,2000,7.6,2
1298,5,2000,7.34,2
1299,5,2000,7.38,2
1300,5,2000,7.54,2
1301,5,2000,7.66,2
1302,5,2000,8.4,2
1303,5,2000,7.98,2
1304,5,2000,8.18,2
1305,5,2000,6.82,2
1306,5,2000,7.5,2
1307,5,2000,7.96,2
1308,5,2000,7.7,2
1309,5,2000,7.82,2
1310,5,2000,7.52,2
1311,5,2000,8.22,2
1312,5,2000,7.72,2
1313,5,2000,7.9,2
1314,5,2000,8.72,2
1315,5,2000,8.5,2
1316,5,2000,6.74,2
1317,5,2000,6.64,2
1318,5,2000,7.46,2
1319,5,2000,6.84,2
1320,5,2000,7.62,2
1321,5,2000,7.9,2
1322,5,2000,7.94,2
1323,5,2000,8.18,2
1324,5,2000,8.16,2
1325,5,2000,7.42,2
1326,5,2000,8.28,2
1327,5,2000,7.9,2
1328,5,2000,7.3,1
1329,5,2000,7.92,1
1330,5,2000,6.34,1
1331,5,2000,7.04,1
1332,5,2000,6.82,1
1333,5,2000,6.16,1
1334,5,2000,6.64,1
1335,5,2000,7.12,1
1336,5,2000,8.4,1
1337,5,2000,6.46,1
1338,5,2000,6.94,1
1339,5,2000,7.12,1
1340,5,2000,6.92,1
1341,5,2000,7.8,1
1342,5,2000,7.1,1
1343,5,2000,6.4,1
1344,5,2000,7.1,1
1345,5,2000,6.72,1
1346,5,2000,7.14,1
1347,5,2000,6.92,1
1348,5,2000,6.66,1
1349,5,2000,6.08,1
1350,5,2000,6.58,1
1351,5,2000,7.04,1
1352,5,2000,6.62,1
1353,5,2000,7.46,1
1354,5,2000,7.32,1
1355,5,2000,6.2,1
1356,5,2000,6.08,1
1357,5,2000,6.56,1
1358,5,2000,6.88,1
1359,5,2000,7.3,1
1360,5,2000,7.62,1
1361,5,2000,8.08,1
1362,5,2000,6.72,1
1363,5,2000,7.78,1
1364,5,2000,6.9,1
1365,5,2000,6.16,1
1366,5,2000,6.82,1
1367,5,2000,7.18,1
1368,5,2000,6.88,1
1369,5,2000,7.64,1
1370,5,2000,6.94,1
1371,5,2000,6.72,1
1372,5,2000,7.6,1
1373,5,2000,5.92,1
1374,5,2000,8.12,1
1375,5,2000,8.24,1
1376,5,2000,7.12,1
1377,5,2000,8.12,1
1378,5,2000,7.5,1
1379,5,2000,8.08,1
1380,5,2000,6.36,1
1381,5,2000,6.2,1
1382,5,2000,7.84,1
1383,5,2000,7.16,1
1384,5,2000,6.02,1
1385,5,2000,7.7,1
1386,5,2000,7.26,1
1387,5,2000,6.38,1
1388,5,2000,7.02,1
1389,5,2000,7.88,1
1390,5,2000,6.46,1
1391,5,2000,7.12,1
1392,5,2000,7.12,1
1393,5,2000,6.6,1
1394,5,2000,7.2,1
1395,5,2000,7.36,1
1396,5,2000,7.06,1
1397,5,2000,6.7,1
1398,5,2000,6.56,1
1399,5,2000,6.84,1
1400,5,2000,6.8,1
1401,5,2000,6.56,1
1402,5,2000,7.2,1
1403,5,2000,7.22,1
1404,5,2000,7.92,1
1405,5,2000,6.3,1
1406,5,2000,6.9,1
1407,5,2000,7.4,1
1408,5,2000,6.88,1
1409,5,2000,6.94,1
1410,5,2000,7.38,1
1411,5,2000,7.2,1
1412,5,2000,6.84,1
1413,5,2000,7.64,1
1414,5,2000,7.36,1
1415,5,2000,7.06,1
1416,5,2000,6.64,1
1417,5,2000,6.16,1
1418,5,2000,6.42,1
1419,5,2000,7.92,1
1420,5,2000,7.6,1
1421,5,2000,6.18,1
1422,5,2000,6.56,1
1423,5,2000,6.86,1
1424,5,2000,6.62,1
1425,5,2000,7.38,1
1426,5,2000,7.66,1
1427,5,2000,6.6,1
1428,5,2000,6.12,1
1429,5,2000,6.54,1
1430,5,2000,7.48,1
1431,5,2000,7.64,1
1432,5,2000,7.24,1
1433,5,2000,6.2,1
1434,5,2000,6.6,1
1435,5,2000,6.74,1
1436,5,2000,6.9,1
1437,5,2000,6.56,1
1438,5,2000,6.98,1
1439,5,2000,7.82,1
1440,5,2000,6.16,1
1441,5,2000,7.08,1
1442,5,2000,6.78,1
1443,5,2000,6.98,1
1444,5,2000,7.14,1
1445,5,2000,7.68,1
1446,5,2000,7.56,1
1447,5,2000,7.4,1
1448,5,2000,6.26,1
1449,5,2000,6.76,1
1450,5,2000,6.8,1
1451,5,2000,7.8,1
1452,5,2000,6.8,1
1453,5,2000,7.2,1
1454,5,2000,6.02,1
1455,5,2000,7.74,1
1456,5,2000,6.26,1
1457,5,2000,6.72,1
1458,5,2000,7.02,1
1459,5,2000,7.48,1
1460,5,2000,7.14,1
1461,5,2000,7.48,1
1462,5,2000,7.36,1
1463,5,2000,7.52,1
1464,5,2000,8.04,1
1465,5,2000,8.34,1
1466,5,2000,7.7,1
1467,5,2000,7.52,1
1468,5,2000,8.02,1
1469,5,2000,6.26,1
1470,5,2000,7.26,1
1471,5,2000,6.64,1
1472,5,2000,7.08,1
1473,5,2000,7.18,1
1474,5,2000,6.8,1
1475,5,2000,6.46,1
1476,5,2000,7.06,1
1477,5,2000,7.24,1
1478,5,2000,7.38,1
1479,5,2000,6.7,1
1480,5,2000,6.06,1
1481,5,2000,7.32,1
1482,5,2000,6.68,1
1483,5,2000,7.52,1
1484,5,2000,8.14,1
1485,5,2000,8.18,1
1486,5,2000,7.94,1
1487,5,2000,6.88,1
1488,5,2000,6.88,1
1489,5,2000,6.22,1
1490,5,2000,7.0,1
1491,5,2000,7.6,1
1492,5,2000,7.04,1
1493,5,2000,6.14,1
1494,5,2000,7.66,1
1495,5,2000,7.54,1
1496,5,2000,7.16,1
1497,5,2000,7.04,1
1498,5,2000,6.74,1
1499,5,2000,7.56,1
1500,5,2000,6.54,1
1501,5,2000,6.84,1
1502,5,2000,7.28,1
1503,5,2000,7.76,1
1504,5,2000,7.1,1
1505,5,2000,7.76,1
1506,5,2000,6.58,1
1507,5,2000,6.26,1
1508,5,2000,7.42,1
1509,5,2000,6.94,1
1510,5,2000,6.66,1
1511,5,2000,5.94,1
1512,5,2000,6.06,1
1513,5,2000,6.62,1
1514,5,2000,6.34,1
1515,5,2000,6.44,1
1516,5,2000,5.9,1
1517,5,2000,7.32,1
1518,5,2000,6.66,1
1519,5,2000,6.56,1
1520,5,2000,6.02,1
1521,5,2000,7.58,1
1522,5,2000,6.8,1
1523,5,2000,6.46,1
1524,5,2000,7.1,1
1525,5,2000,6.92,1
1526,5,2000,6.5,1
1527,5,2000,7.5,1
1528,5,2000,7.02,1
1529,5,2000,7.24,1
1530,5,2000,7.22,1
1531,5,2000,7.72,1
1532,5,2000,7.58,1
1533,5,2000,7.48,1
1534,5,2000,6.76,1
1535,5,2000,7.3,1
1536,5,2000,7.3,1
1537,5,2000,6.52,1
1538,5,2000,7.08,1
1539,5,2000,6.72,1
1540,5,2000,7.66,1
1541,5,2000,8.04,1
1542,5,2000,7.54,1
1543,5,2000,6.42,1
1544,5,2000,7.44,1
1545,5,2000,6.8,1
1546,5,2000,6.82,1
1547,5,2000,8.28,1
1548,5,2000,8.46,1
1549,5,2000,7.4,1
1550,5,2000,7.18,1
1551,5,2000,7.1,1
1552,5,2000,8.5,1
1553,5,2000,7.42,1
1554,5,2000,6.52,1
1555,5,2000,7.0,1
1556,5,2000,7.22,1
1557,5,2000,6.86,1
1558,5,2000,6.02,1
1559,5,2000,7.22,1
1560,5,2000,7.06,1
1561,5,2000,7.0,1
1562,5,2000,5.78,1
1563,5,2000,6.76,1
1564,5,2000,6.72,1
1565,5,2000,7.16,1
1566,5,2000,6.46,1
1567,5,2000,6.58,1
1568,5,2000,7.28,1
1569,5,2000,6.78,1
1570,5,2000,6.42,1
1571,5,2000,6.7,1
1572,5,2000,6.36,1
1573,5,2000,5.8,1
1574,5,2000,6.5,1
1575,5,2000,7.8,1
1576,5,2000,7.56,1
1577,5,2000,7.74,1
1578,5,2000,7.62,1
1579,5,2000,6.34,1
1580,5,2000,6.32,1
1581,5,2000,7.3,1
1582,5,2000,6.88,1
1583,5,2000,6.2,1
1584,5,2000,6.6,1
1585,5,2000,6.38,1
1586,5,2000,7.1,1
1587,5,2000,7.44,1
1588,5,2000,8.1,1
1589,5,2000,8.62,1
1590,5,2000,7.0,1
1591,5,2000,5.74,1
1592,5,2000,7.04,1
1593,5,2000,6.64,1
1594,5,2000,6.64,1
1595,5,2000,7.36,1
1596,5,2000,6.7,1
1597,5,2000,7.96,1
1598,5,2000,6.76,1
1599,5,2000,6.96,1
1600,5,2000,7.58,1
1601,5,2000,7.64,1
1602,5,2000,7.84,1
1603,5,2000,7.3,1
1604,5,2000,6.34,1
1605,5,2000,7.08,1
1606,5,2000,6.78,1
1607,5,2000,7.18,1
1608,5,2000,6.2,1
1609,5,2000,7.78,1
1610,5,2000,7.44,1
1611,5,2000,6.96,1
1612,5,2000,7.28,1
1613,5,2000,8.04,1
1614,5,2000,8.6,1
1615,5,2000,7.38,1
1616,5,2000,6.8,1
1617,5,2000,8.04,1
1618,5,2000,6.96,1
1619,5,2000,7.22,1
1620,5,2000,7.18,1
1621,5,2000,7.22,1
1622,5,2000,6.04,1
1623,5,2000,7.06,1
1624,5,2000,6.12,1
1625,5,2000,7.26,1
1626,5,2000,6.3,1
1627,5,2000,7.02,1
1628,5,2000,7.42,1
1629,5,2000,7.58,1
1630,5,2000,6.94,1
1631,5,2000,6.76,1
1632,5,2000,6.92,1
1633,5,2000,7.26,1
1634,5,2000,6.48,1
1635,5,2000,6.74,1
1636,5,2000,7.04,1
1637,5,2000,7.46,1
1638,5,2000,7.26,1
1639,5,2000,7.2,1
1640,5,2000,6.66,1
1641,5,2000,7.3,1
1642,5,2000,7.42,1
1643,5,2000,7.4,1
1644,5,2000,7.0,1
1645,5,2000,7.3,1
1646,5,2000,6.38,1
1647,5,2000,6.64,1
1648,5,2000,7.3,1
1649,5,2000,7.06,1
1650,5,2000,7.0,1
1651,5,2000,6.36,1
1652,5,2000,7.24,1
1653,5,2000,5.84,1
1654,5,2000,6.88,1
1655,5,2000,6.08,1
1656,5,2000,6.32,1
1657,5,2000,6.48,1
1658,5,2000,5.88,1
1659,5,2000,6.76,1
1660,5,2000,6.74,1
1661,5,2000,6.02,1
1662,5,2000,6.6,1
1663,5,2000,6.68,1
1664,5,2000,6.64,1
1665,5,2000,7.3,1
1666,5,2000,6.86,1
1667,5,2000,6.8,1
1668,5,2000,6.66,1
1669,5,2000,6.96,1
1670,5,2000,7.1,1
1671,5,2000,7.84,1
1672,5,2000,7.62,1
1673,5,2000,7.24,1
1674,5,2000,6.52,1
1675,5,2000,7.76,1
1676,5,2000,7.32,1
1677,5,2000,6.92,1
1678,5,2000,7.44,1
1679,5,2000,6.66,1
1680,5,2000,6.94,1
1681,5,2000,7.28,1
1682,5,2000,7.46,1
1683,5,2000,6.92,1
1684,5,2000,6.04,1
1685,5,2000,6.82,1
1686,5,2000,7.54,1
1687,5,2000,7.74,1
1688,5,2000,7.42,1
1689,5,2000,7.62,1
1690,5,2000,7.98,1
1691,5,2000,7.6,1
1692,5,2000,7.18,1
1693,5,2000,7.5,1
1694,5,2000,7.88,1
1695,5,2000,7.46,1
1696,5,2000,7.06,1
1697,5,2000,7.74,1
1698,5,2000,6.84,1
1699,5,2000,6.46,1
1700,5,2000,6.7,1
1701,5,2000,7.12,1
1702,5,2000,8.0,1
1703,5,2000,6.52,1
1704,5,2000,6.9,1
1705,5,2000,7.84,1
1706,5,2000,7.24,1
1707,5,2000,7.22,1
1708,5,2000,7.52,1
1709,5,2000,6.66,1
1710,5,2000,6.08,1
1711,5,2000,6.56,1
1712,5,2000,7.3,1
1713,5,2000,6.68,1
1714,5,2000,6.5,1
1715,5,2000,7.54,1
1716,5,2000,6.66,1
1717,5,2000,6.28,1
1718,5,2000,7.72,1
1719,5,2000,6.96,1
1720,5,2000,7.66,1
1721,5,2000,6.7,1
1722,5,2000,6.96,1
1723,5,2000,6.94,1
1724,5,2000,6.02,1
1725,5,2000,6.54,1
1726,5,2000,7.52,1
1727,5,2000,8.02,1
1728,5,2000,8.9,1
1729,5,2000,8.06,1
1730,5,2000,7.34,1
1731,5,2000,7.0,1
1732,5,2000,7.1,1
1733,5,2000,7.58,1
1734,5,2000,7.14,1
1735,5,2000,6.76,1
1736,5,2000,7.24,1
1737,5,2000,6.18,1
1738,5,2000,7.04,1
1739,5,2000,7.0,1
1740,5,2000,6.02,1
1741,5,2000,6.7,1
1742,5,2000,6.28,1
1743,5,2000,7.02,1
1744,5,2000,7.24,1
1745,5,2000,7.54,1
1746,5,2000,6.9,1
1747,5,2000,8.34,1
1748,5,2000,6.78,1
1749,5,2000,6.92,1
1750,5,2000,6.78,1
1751,5,2000,5.52,1
1752,5,2000,7.64,1
1753,5,2000,7.26,1
1754,5,2000,6.88,1
1755,5,2000,7.3,1
1756,5,2000,6.62,1
1757,5,2000,7.96,1
1758,5,2000,6.84,1
1759,5,2000,5.8,1
1760,5,2000,7.24,1
1761,5,2000,7.06,1
1762,5,2000,7.66,1
1763,5,2000,7.36,1
1764,5,2000,7.06,1
1765,5,2000,6.8,1
1766,5,2000,6.96,1
1767,5,2000,7.4,1
1768,5,2000,7.72,1
1769,5,2000,7.18,1
1770,5,2000,6.6,1
1771,5,2000,6.74,1
1772,5,2000,7.58,1
1773,5,2000,7.5,1
1774,5,2000,7.86,1
1775,5,2000,7.46,1
1776,5,2000,7.98,1
1777,5,2000,7.1,1
1778,5,2000,7.58,1
1779,5,2000,7.66,1
1780,5,2000,7.7,1
1781,5,2000,6.68,1
1782,5,2000,5.72,1
1783,5,2000,6.24,1
1784,5,2000,5.58,1
1785,5,2000,6.18,1
1786,5,2000,6.68,1
1787,5,2000,6.14,1
1788,5,2000,6.38,1
1789,5,2000,6.58,1
1790,5,2000,7.06,1
1791,5,2000,7.94,1
1792,5,2000,7.88,1
1793,5,2000,7.68,1
1794,5,2000,7.76,1
1795,5,2000,7.24,1
1796,5,2000,7.16,1
1797,5,2000,6.72,1
1798,5,2000,7.38,1
1799,5,2000,7.76,1
1800,5,2000,7.04,1
1801,5,2000,7.64,1
1802,5,2000,7.54,1
1803,5,2000,7.6,1
1804,5,2000,5.54,1
1805,5,2000,6.34,1
1806,5,2000,6.44,1
1807,5,2000,6.52,1
1808,5,2000,7.68,1
1809,5,2000,6.4,1
1810,5,2000,6.88,1
1811,5,2000,6.28,1
1812,5,2000,6.24,1
1813,5,2000,6.94,1
1814,5,2000,6.78,1
1815,5,2000,7.74,1
1816,5,2000,7.52,1
1817,5,2000,6.98,1
1818,5,2000,6.52,1
1819,5,2000,6.74,1
1820,5,2000,6.68,1
1821,5,2000,6.98,1
1822,5,2000,6.8,1
1823,5,2000,6.74,1
1824,5,2000,7.94,1
1825,5,2000,7.2,1
1826,5,2000,7.42,1
1827,5,2000,6.86,1
1828,5,2000,6.58,1
1829,5,2000,6.78,1
1830,5,2000,7.54,1
1831,5,2000,6.58,1
1832,5,2000,6.44,1
1833,5,2000,5.64,1
1834,5,2000,7.54,1
1835,5,2000,7.24,1
1836,5,2000,6.86,1
1837,5,2000,6.82,1
1838,5,2000,6.58,1
1839,5,2000,7.24,1
1840,5,2000,7.42,1
1841,5,2000,7.38,1
1842,5,2000,7.66,1
1843,5,2000,7.6,1
1844,5,2000,6.0,1
1845,5,2000,8.48,1
1846,5,2000,7.62,1
1847,5,2000,7.08,1
1848,5,2000,7.06,1
1849,5,2000,7.56,1
1850,5,2000,6.24,1
1851,5,2000,8.14,1
1852,5,2000,6.46,1
1853,5,2000,7.1,1
1854,5,2000,6.9,1
1855,5,2000,7.88,1
1856,5,2000,7.88,1
1857,5,2000,7.82,1
1858,5,2000,6.88,1
1859,5,2000,8.82,1
1860,5,2000,7.38,1
1861,5,2000,6.84,1
1862,5,2000,6.92,1
1863,5,2000,6.74,1
1864,5,2000,5.96,1
1865,5,2000,7.08,1
1866,5,2000,6.42,1
1867,5,2000,6.54,1
1868,5,2000,7.56,1
1869,5,2000,6.94,1
1870,5,2000,7.18,1
1871,5,2000,6.98,1
1872,5,2000,6.86,1
1873,5,2000,7.44,1
1874,5,2000,6.76,1
1875,5,2000,6.86,1
1876,5,2000,6.4,1
1877,5,2000,7.7,1
1878,5,2000,6.76,1
1879,5,2000,6.78,1
1880,5,2000,8.08,1
1881,5,2000,8.74,1
1882,5,2000,8.68,1
1883,5,2000,7.82,1
1884,5,2000,7.08,1
1885,5,2000,7.76,1
1886,5,2000,7.14,1
1887,5,2000,6.24,1
1888,5,2000,6.58,1
1889,5,2000,5.84,1
1890,5,2000,6.86,1
1891,5,2000,6.28,1
1892,5,2000,6.76,1
1893,5,2000,7.86,1
1894,5,2000,6.92,1
1895,5,2000,6.8,1
1896,5,2000,7.38,1
1897,5,2000,6.58,1
1898,5,2000,7.94,1
1899,5,2000,7.32,1
1900,5,2000,6.42,1
1901,5,2000,6.46,1
1902,5,2000,7.16,1
1903,5,2000,6.3,1
1904,5,2000,6.88,1
1905,5,2000,6.6,1
1906,5,2000,6.24,1
1907,5,2000,6.94,1
1908,5,2000,7.3,1
1909,5,2000,7.48,1
1910,5,2000,7.38,1
1911,5,2000,7.06,1
1912,5,2000,7.48,1
1913,5,2000,6.14,1
1914,5,2000,6.54,1
1915,5,2000,6.36,1
1916,5,2000,6.96,1
1917,5,2000,6.64,1
1918,5,2000,6.54,1
1919,5,2000,7.46,1
1920,5,2000,6.6,1
1921,5,2000,7.48,1
1922,5,2000,6.82,1
1923,5,2000,6.76,1
1924,5,2000,6.54,1
1925,5,2000,6.56,1
1926,5,2000,6.96,1
1927,5,2000,6.2,1
1928,5,2000,6.82,1
1929,5,2000,7.42,1
1930,5,2000,7.16,1
1931,5,2000,6.52,1
1932,5,2000,6.34,1
1933,5,2000,6.3,1
1934,5,2000,7.54,1
1935,5,2000,7.74,1
1936,5,2000,7.86,1
1937,5,2000,7.0,1
1938,5,2000,8.1,1
1939,5,2000,7.68,1
1940,5,2000,6.88,1
1941,5,2000,7.32,1
1942,5,2000,6.72,1
1943,5,2000,6.6,1
1944,5,2000,6.86,1
1945,5,2000,6.94,1
1946,5,2000,7.56,1
1947,5,2000,7.44,1
1948,5,2000,7.1,1
1949,5,2000,6.7,1
1950,5,2000,5.98,1
1951,5,2000,6.34,1
1952,5,2000,6.78,1
1953,5,2000,6.7,1
1954,5,2000,6.76,1
1955,5,2000,6.68,1
1956,5,2000,6.94,1
1957,5,2000,6.16,1
1958,5,2000,6.58,1
1959,5,2000,6.84,1
1960,5,2000,6.96,1
1961,5,2000,6.9,1
1962,5,2000,6.16,1
1963,5,2000,7.08,1
1964,5,2000,7.1,1
1965,5,2000,6.32,1
1966,5,2000,7.06,1
1967,5,2000,6.2,1
1968,5,2000,5.56,1
1969,5,2000,5.38,1
1970,5,2000,5.58,1
1971,5,2000,6.6,1
1972,5,2000,7.7,1
1973,5,2000,7.22,1
1974,5,2000,7.94,1
1975,5,2000,6.88,1
1976,5,2000,6.28,1
1977,5,2000,5.96,1
1978,5,2000,6.52,1
1979,5,2000,7.64,1
1980,5,2000,6.82,1
1981,5,2000,6.8,1
1982,5,2000,7.38,1
1983,5,2000,6.68,1
1984,5,2000,7.06,1
1985,5,2000,7.62,1
1986,5,2000,7.44,1
1987,5,2000,7.18,1
1988,5,2000,7.8,1
1989,5,2000,7.56,1
1990,5,2000,7.64,1
1991,5,2000,7.5,1
1992,5,2000,7.84,1
1993,5,2000,7.64,1
1994,5,2000,8.24,1
1995,5,2000,6.74,1
1996,5,2000,6.4,1
1997,5,2000,7.32,1
1998,5,2000,8.0,1
1999,5,2000,7.52,1
2000,5,2000,7.94,1
0,1,5000,57.84,28
1,1,5000,40.82,28
2,1,5000,31.2,26
3,1,5000,29.66,22
4,1,5000,27.16,22
5,1,5000,25.64,21
6,1,5000,25.56,20
7,1,5000,24.64,19
8,1,5000,24.1,19
9,1,5000,23.0,19
10,1,5000,22.66,18
11,1,5000,21.88,18
12,1,5000,21.38,16
13,1,5000,21.06,16
14,1,5000,20.8,16
15,1,5000,20.86,16
16,1,5000,20.44,16
17,1,5000,19.84,16
18,1,5000,19.1,16
19,1,5000,19.98,16
20,1,5000,19.96,15
21,1,5000,20.02,15
22,1,5000,20.14,15
23,1,5000,18.6,14
24,1,5000,18.82,14
25,1,5000,17.46,14
26,1,5000,18.26,13
27,1,5000,18.06,11
28,1,5000,15.86,11
29,1,5000,15.88,11
30,1,5000,15.66,11
31,1,5000,15.24,11
32,1,5000,15.0,10
33,1,5000,15.98,10
34,1,5000,14.8,10
35,1,5000,15.3,10
36,1,5000,14.88,10
37,1,5000,14.96,10
38,1,5000,14.9,10
39,1,5000,14.66,10
40,1,5000,14.64,10
41,1,5000,14.98,10
42,1,5000,14.62,10
43,1,5000,14.38,10
44,1,5000,15.3,10
45,1,5000,14.52,10
46,1,5000,14.62,9
47,1,5000,13.86,9
48,1,5000,13.92,9
49,1,5000,13.86,9
50,1,5000,14.74,9
51,1,5000,15.4,9
52,1,5000,14.72,9
53,1,5000,14.54,9
54,1,5000,15.0,9
55,1,5000,14.62,9
56,1,5000,13.16,9
57,1,5000,13.94,9
58,1,5000,14.24,9
59,1,5000,14.1,9
60,1,5000,14.38,9
61,1,5000,13.62,9
62,1,5000,13.28,9
63,1,5000,13.58,9
64,1,5000,13.4,9
65,1,5000,14.3,9
66,1,5000,14.38,8
67,1,5000,13.7,8
68,1,5000,14.16,8
69,1,5000,13.4,8
70,1,5000,13.7,8
71,1,5000,13.52,8
72,1,5000,13.66,8
73,1,5000,13.5,8
74,1,5000,13.24,8
75,1,5000,12.52,8
76,1,5000,12.52,8
77,1,5000,13.12,8
78,1,5000,13.7,8
79,1,5000,12.62,8
80,1,5000,12.62,8
81,1,5000,12.18,8
82,1,5000,12.94,8
83,1,5000,12.66,8
84,1,5000,13.0,8
85,1,5000,13.96,8
86,1,5000,12.52,8
87,1,5000,13.42,8
88,1,5000,13.46,8
89,1,5000,12.4,8
90,1,5000,12.66,8
91,1,5000,12.5,8
92,1,5000,13.36,8
93,1,5000,12.56,8
94,1,5000,12.58,8
95,1,5000,13.14,8
96,1,5000,12.94,8
97,1,5000,14.16,8
98,1,5000,13.14,8
99,1,5000,12.98,8
100,1,5000,12.92,8
101,1,5000,12.8,8
102,1,5000,12.54,7
103,1,5000,12.58,7
104,1,5000,12.04,7
105,1,5000,11.72,7
106,1,5000,11.92,7
107,1,5000,11.9,6
108,1,5000,12.34,6
109,1,5000,11.06,6
110,1,5000,11.24,6
111,1,5000,10.22,6
112,1,5000,11.1,6
113,1,5000,10.64,6
114,1,5000,10.58,6
115,1,5000,10.96,6
116,1,5000,11.6,6
117,1,5000,10.66,6
118,1,5000,11.22,6
119,1,5000,10.88,6
120,1,5000,11.18,6
121,1,5000,10.78,6
122,1,5000,11.44,6
123,1,5000,11.3,6
124,1,5000,11.52,6
125,1,5000,11.22,6
126,1,5000,10.72,6
127,1,5000,11.54,6
128,1,5000,11.14,6
129,1,5000,11.38,6
130,1,5000,10.7,6
131,1,5000,11.52,6
132,1,5000,11.32,6
133,1,5000,11.42,6
134,1,5000,12.36,6
135,1,5000,12.26,6
136,1,5000,11.02,6
137,1,5000,11.38,6
138,1,5000,12.4,6
139,1,5000,12.4,6
140,1,5000,11.7,6
141,1,5000,11.98,6
142,1,5000,11.18,6
143,1,5000,11.14,6
144,1,5000,10.66,6
145,1,5000,11.48,6
146,1,5000,11.88,6
147,1,5000,11.84,6
148,1,5000,10.6,6
149,1,5000,10.72,6
150,1,5000,12.18,6
151,1,5000,11.76,6
152,1,5000,11.1,6
153,1,5000,11.0,6
154,1,5000,11.18,6
155,1,5000,11.42,5
156,1,5000,10.86,5
157,1,5000,9.64,5
158,1,5000,10.74,5
159,1,5000,10.84,5
160,1,5000,10.26,5
161,1,5000,10.1,5
162,1,5000,11.04,5
163,1,5000,11.64,5
164,1,5000,10.72,5
165,1,5000,9.54,5
166,1,5000,10.64,5
167,1,5000,10.84,5
168,1,5000,11.24,5
169,1,5000,11.5,5
170,1,5000,10.34,5
171,1,5000,11.38,5
172,1,5000,10.76,5
173,1,5000,9.9,5
174,1,5000,10.44,5
175,1,5000,10.86,5
176,1,5000,9.88,5
177,1,5000,10.2,5
178,1,5000,10.94,5
179,1,5000,9.76,5
180,1,5000,11.3,5
181,1,5000,10.24,5
182,1,5000,10.38,5
183,1,5000,9.7,5
184,1,5000,10.84,5
185,1,5000,8.98,5
186,1,5000,10.34,5
187,1,5000,10.28,5
188,1,5000,10.32,5
189,1,5000,10.2,5
190,1,5000,11.08,5
191,1,5000,10.52,5
192,1,5000,10.58,5
193,1,5000,9.5,5
194,1,5000,11.3,5
195,1,5000,10.28,5
196,1,5000,9.82,5
197,1,5000,9.96,5
198,1,5000,10.36,5
199,1,5000,10.56,5
200,1,5000,10.66,5
201,1,5000,10.2,5
202,1,5000,9.78,5
203,1,5000,11.14,5
204,1,5000,10.34,5
205,1,5000,10.14,5
206,1,5000,10.04,5
207,1,5000,9.56,5
208,1,5000,10.56,5
209,1,5000,10.58,5
210,1,5000,10.46,5
211,1,5000,10.42,4
212,1,5000,10.38,4
213,1,5000,9.66,4
214,1,5000,10.38,4
215,1,5000,9.92,4
216,1,5000,9.28,4
217,1,5000,8.94,4
218,1,5000,9.26,4
219,1,5000,9.42,4
220,1,5000,9.16,4
221,1,5000,9.78,4
222,1,5000,9.6,4
223,1,5000,10.02,4
224,1,5000,9.8,4
225,1,5000,9.68,4
226,1,5000,9.22,4
227,1,5000,9.46,4
228,1,5000,10.06,4
229,1,5000,9.64,4
230,1,5000,9.86,4
231,1,5000,9.98,4
232,1,5000,9.58,4
233,1,5000,9.9,4
234,1,5000,10.54,4
235,1,5000,9.7,4
236,1,5000,9.32,4
237,1,5000,10.46,4
238,1,5000,9.64,4
239,1,5000,9.66,4
240,1,5000,9.78,4
241,1,5000,9.84,4
242,1,5000,9.68,4
243,1,5000,9.96,4
244,1,5000,9.94,4
245,1,5000,10.16,4
246,1,5000,9.68,4
247,1,5000,9.92,4
248,1,5000,9.72,4
249,1,5000,9.58,3
250,1,5000,8.7,3
251,1,5000,9.12,3
252,1,5000,8.54,3
253,1,5000,9.16,3
254,1,5000,8.56,3
255,1,5000,8.92,3
256,1,5000,9.32,3
257,1,5000,9.14,3
258,1,5000,8.22,3
259,1,5000,8.82,3
260,1,5000,9.74,3
261,1,5000,8.22,3
262,1,5000,8.64,3
263,1,5000,8.46,3
264,1,5000,9.24,3
265,1,5000,8.9,3
266,1,5000,8.7,3
267,1,5000,8.74,3
268,1,5000,8.24,3
269,1,5000,9.12,3
270,1,5000,9.32,3
271,1,5000,8.92,3
272,1,5000,8.54,3
273,1,5000,8.96,3
274,1,5000,8.82,3
275,1,5000,8.06,3
276,1,5000,9.3,3
277,1,5000,9.4,3
278,1,5000,7.56,3
279,1,5000,8.24,3
280,1,5000,9.28,3
281,1,5000,9.74,3
282,1,5000,8.34,3
283,1,5000,7.96,3
284,1,5000,9.1,3
285,1,5000,8.94,3
286,1,5000,8.5,3
287,1,5000,9.04,3
288,1,5000,8.86,3
289,1,5000,9.6,3
290,1,5000,9.38,3
291,1,5000,8.88,3
292,1,5000,8.54,3
293,1,5000,8.72,3
294,1,5000,9.52,3
295,1,5000,9.66,3
296,1,5000,9.6,3
297,1,5000,8.78,3
298,1,5000,8.78,3
299,1,5000,8.0,3
300,1,5000,9.12,3
301,1,5000,9.04,3
302,1,5000,8.76,3
303,1,5000,8.08,3
304,1,5000,9.12,3
305,1,5000,8.04,3
306,1,5000,8.72,3
307,1,5000,9.16,3
308,1,5000,8.74,3
309,1,5000,8.94,3
310,1,5000,8.42,3
311,1,5000,8.24,3
312,1,5000,8.84,3
313,1,5000,9.54,3
314,1,5000,8.68,3
315,1,5000,9.7,3
316,1,5000,9.54,3
317,1,5000,10.56,3
318,1,5000,9.5,2
319,1,5000,7.72,2
320,1,5000,8.18,2
321,1,5000,8.32,2
322,1,5000,8.26,2
323,1,5000,7.04,2
324,1,5000,7.72,2
325,1,5000,8.32,2
326,1,5000,7.3,2
327,1,5000,7.24,2
328,1,5000,7.84,2
329,1,5000,7.62,2
330,1,5000,7.78,2
331,1,5000,8.3,2
332,1,5000,8.0,2
333,1,5000,8.38,2
334,1,5000,8.52,2
335,1,5000,8.42,2
336,1,5000,8.26,2
337,1,5000,8.2,2
338,1,5000,8.16,2
339,1,5000,8.28,2
340,1,5000,8.06,2
341,1,5000,7.36,2
342,1,5000,7.62,2
343,1,5000,7.74,2
344,1,5000,8.64,2
345,1,5000,8.7,2
346,1,5000,7.76,2
347,1,5000,7.68,2
348,1,5000,7.56,2
349,1,5000,8.1,2
350,1,5000,9.0,2
351,1,5000,7.98,2
352,1,5000,7.68,2
353,1,5000,8.34,2
354,1,5000,6.94,2
355,1,5000,6.94,2
356,1,5000,7.88,2
357,1,5000,8.36,2
358,1,5000,8.0,2
359,1,5000,7.2,2
360,1,5000,6.92,2
361,1,5000,8.5,2
362,1,5000,8.26,2
363,1,5000,8.28,2
364,1,5000,8.96,2
365,1,5000,8.0,2
366,1,5000,6.92,2
367,1,5000,7.88,2
368,1,5000,8.0,2
369,1,5000,8.02,2
370,1,5000,8.42,2
371,1,5000,8.08,2
372,1,5000,7.32,2
373,1,5000,7.68,2
374,1,5000,8.96,2
375,1,5000,8.28,2
376,1,5000,8.2,2
377,1,5000,6.98,2
378,1,5000,7.54,2
379,1,5000,7.66,2
380,1,5000,7.32,2
381,1,5000,8.32,2
382,1,5000,7.92,2
383,1,5000,8.04,2
384,1,5000,7.26,2
385,1,5000,8.0,2
386,1,5000,6.88,2
387,1,5000,7.74,2
388,1,5000,8.12,2
389,1,5000,7.96,2
390,1,5000,7.32,2
391,1,5000,8.64,2
392,1,5000,7.78,2
393,1,5000,8.12,2
394,1,5000,8.54,2
395,1,5000,9.28,2
396,1,5000,7.92,2
397,1,5000,7.48,2
398,1,5000,7.94,2
399,1,5000,7.38,2
400,1,5000,7.28,2
401,1,5000,7.26,2
402,1,5000,8.56,2
403,1,5000,7.62,2
404,1,5000,7.82,2
405,1,5000,7.9,2
406,1,5000,7.36,2
407,1,5000,7.9,2
408,1,5000,7.82,2
409,1,5000,7.58,2
410,1,5000,8.0,2
411,1,5000,8.42,2
412,1,5000,6.9,2
413,1,5000,8.9,2
414,1,5000,7.68,2
415,1,5000,8.12,2
416,1,5000,7.86,2
417,1,5000,7.82,2
418,1,5000,9.02,2
419,1,5000,8.52,2
420,1,5000,8.08,2
421,1,5000,8.06,2
422,1,5000,7.72,2
423,1,5000,7.88,2
424,1,5000,7.52,2
425,1,5000,7.0,2
426,1,5000,7.34,2
427,1,5000,8.34,2
428,1,5000,7.04,2
429,1,5000,7.4,2
430,1,5000,8.18,2
431,1,5000,8.22,2
432,1,5000,8.06,2
433,1,5000,8.18,2
434,1,5000,7.62,2
435,1,5000,8.26,2
436,1,5000,8.06,2
437,1,5000,7.72,2
438,1,5000,8.14,2
439,1,5000,7.56,2
440,1,5000,6.78,2
441,1,5000,7.98,2
442,1,5000,7.66,2
443,1,5000,7.04,2
444,1,5000,7.34,2
445,1,5000,7.8,2
446,1,5000,7.38,2
447,1,5000,7.46,2
448,1,5000,9.26,2
449,1,5000,8.2,2
450,1,5000,7.46,2
451,1,5000,7.04,2
452,1,5000,7.72,2
453,1,5000,7.66,2
454,1,5000,7.3,2
455,1,5000,7.14,2
456,1,5000,8.2,2
457,1,5000,7.42,2
458,1,5000,7.74,2
459,1,5000,7.34,2
460,1,5000,7.78,2
461,1,5000,6.7,2
462,1,5000,8.14,2
463,1,5000,8.36,2
464,1,5000,8.42,2
465,1,5000,7.78,2
466,1,5000,9.24,2
467,1,5000,9.62,2
468,1,5000,7.88,2
469,1,5000,7.56,2
470,1,5000,8.26,2
471,1,5000,7.14,2
472,1,5000,7.68,2
473,1,5000,8.14,2
474,1,5000,7.76,2
475,1,5000,7.2,2
476,1,5000,7.88,2
477,1,5000,7.82,2
478,1,5000,8.56,2
479,1,5000,8.2,2
480,1,5000,7.8,2
481,1,5000,7.56,2
482,1,5000,7.8,2
483,1,5000,7.86,2
484,1,5000,7.26,2
485,1,5000,8.04,2
486,1,5000,8.7,2
487,1,5000,7.42,2
488,1,5000,7.28,2
489,1,5000,8.22,2
490,1,5000,7.56,2
491,1,5000,8.52,2
492,1,5000,8.48,2
493,1,5000,7.42,2
494,1,5000,7.7,2
495,1,5000,8.1,2
496,1,5000,7.88,2
497,1,5000,8.24,2
498,1,5000,8.4,2
499,1,5000,8.28,2
500,1,5000,8.12,2
501,1,5000,7.86,2
502,1,5000,7.32,2
503,1,5000,6.96,2
504,1,5000,8.28,2
505,1,5000,7.82,2
506,1,5000,8.36,2
507,1,5000,7.7,2
508,1,5000,7.18,2
509,1,5000,7.28,2
510,1,5000,8.44,2
511,1,5000,8.06,2
512,1,5000,7.08,2
513,1,5000,8.62,2
514,1,5000,8.76,2
515,1,5000,8.22,2
516,1,5000,8.5,2
517,1,5000,8.18,2
518,1,5000,7.82,2
519,1,5000,8.2,2
520,1,5000,7.52,2
521,1,5000,7.42,2
522,1,5000,8.76,2
523,1,5000,9.28,2
524,1,5000,9.6,2
525,1,5000,8.62,2
526,1,5000,9.0,2
527,1,5000,8.68,2
528,1,5000,7.94,2
529,1,5000,7.98,2
530,1,5000,8.22,2
531,1,5000,7.66,2
532,1,5000,8.38,2
533,1,5000,8.32,2
534,1,5000,8.28,2
535,1,5000,7.68,2
536,1,5000,8.88,2
537,1,5000,7.9,2
538,1,5000,8.52,2
539,1,5000,8.42,2
540,1,5000,8.82,2
541,1,5000,8.66,2
542,1,5000,8.26,2
543,1,5000,9.14,2
544,1,5000,8.6,2
545,1,5000,7.4,2
546,1,5000,8.52,2
547,1,5000,8.18,2
548,1,5000,7.8,2
549,1,5000,8.2,2
550,1,5000,7.38,2
551,1,5000,7.1,2
552,1,5000,7.64,2
553,1,5000,6.4,2
554,1,5000,7.6,2
555,1,5000,7.12,2
556,1,5000,7.54,2
557,1,5000,8.18,2
558,1,5000,7.94,2
559,1,5000,7.74,2
560,1,5000,8.06,2
561,1,5000,7.12,2
562,1,5000,7.48,2
563,1,5000,7.5,2
564,1,5000,7.88,2
565,1,5000,7.98,2
566,1,5000,8.16,2
567,1,5000,7.94,2
568,1,5000,8.22,2
569,1,5000,7.8,2
570,1,5000,7.68,2
571,1,5000,8.44,2
572,1,5000,8.5,2
573,1,5000,8.36,2
574,1,5000,8.54,2
575,1,5000,7.84,2
576,1,5000,7.6,2
577,1,5000,7.9,2
578,1,5000,7.18,2
579,1,5000,7.54,2
580,1,5000,7.56,2
581,1,5000,7.54,2
582,1,5000,7.76,2
583,1,5000,8.46,2
584,1,5000,7.28,2
585,1,5000,8.54,2
586,1,5000,7.58,2
587,1,5000,7.36,2
588,1,5000,7.64,2
589,1,5000,7.04,2
590,1,5000,6.34,2
591,1,5000,7.16,2
592,1,5000,8.5,2
593,1,5000,7.06,2
594,1,5000,7.32,2
595,1,5000,7.36,2
596,1,5000,7.86,2
597,1,5000,7.0,2
598,1,5000,7.38,2
599,1,5000,6.82,2
600,1,5000,7.3,2
601,1,5000,7.84,2
602,1,5000,6.52,2
603,1,5000,7.44,2
604,1,5000,7.78,2
605,1,5000,8.34,2
606,1,5000,7.96,2
607,1,5000,8.86,2
608,1,5000,8.12,2
609,1,5000,8.7,2
610,1,5000,8.12,2
611,1,5000,8.36,2
612,1,5000,8.08,2
613,1,5000,6.6,2
614,1,5000,7.46,2
615,1,5000,8.12,2
616,1,5000,7.22,2
617,1,5000,7.66,2
618,1,5000,8.18,2
619,1,5000,7.5,2
620,1,5000,7.6,2
621,1,5000,7.92,2
622,1,5000,8.16,2
623,1,5000,7.92,2
624,1,5000,8.04,2
625,1,5000,8.74,2
626,1,5000,7.44,2
627,1,5000,7.98,2
628,1,5000,7.8,2
629,1,5000,7.2,2
630,1,5000,7.74,2
631,1,5000,8.6,2
632,1,5000,7.4,2
633,1,5000,8.06,2
634,1,5000,8.38,2
635,1,5000,8.04,2
636,1,5000,7.82,2
637,1,5000,6.96,2
638,1,5000,8.68,2
639,1,5000,7.72,2
640,1,5000,7.58,2
641,1,5000,7.08,2
642,1,5000,6.8,2
643,1,5000,8.12,2
644,1,5000,8.58,2
645,1,5000,8.2,2
646,1,5000,7.4,2
647,1,5000,7.9,2
648,1,5000,7.66,2
649,1,5000,8.32,2
650,1,5000,8.4,2
651,1,5000,8.06,2
652,1,5000,7.22,2
653,1,5000,7.2,2
654,1,5000,8.28,2
655,1,5000,7.66,2
656,1,5000,8.26,2
657,1,5000,7.08,2
658,1,5000,7.58,2
659,1,5000,9.14,2
660,1,5000,7.78,2
661,1,5000,7.5,2
662,1,5000,8.08,2
663,1,5000,8.04,2
664,1,5000,8.08,2
665,1,5000,8.1,2
666,1,5000,8.98,2
667,1,5000,7.08,2
668,1,5000,7.52,2
669,1,5000,8.6,2
670,1,5000,8.06,2
671,1,5000,8.2,2
672,1,5000,8.48,2
673,1,5000,8.28,2
674,1,5000,8.44,2
675,1,5000,8.36,2
676,1,5000,7.18,2
677,1,5000,7.2,2
678,1,5000,7.76,2
679,1,5000,7.04,2
680,1,5000,8.56,2
681,1,5000,8.38,2
682,1,5000,7.7,2
683,1,5000,7.7,2
684,1,5000,7.44,2
685,1,5000,7.58,2
686,1,5000,8.38,2
687,1,5000,7.78,2
688,1,5000,7.8,2
689,1,5000,6.98,2
690,1,5000,8.38,2
691,1,5000,8.4,2
692,1,5000,7.64,2
693,1,5000,7.22,2
694,1,5000,8.38,2
695,1,5000,7.74,2
696,1,5000,6.98,2
697,1,5000,6.72,2
698,1,5000,7.58,2
699,1,5000,7.06,2
700,1,5000,7.24,2
701,1,5000,8.58,2
702,1,5000,7.66,2
703,1,5000,8.42,2
704,1,5000,7.62,2
705,1,5000,8.48,2
706,1,5000,7.58,2
707,1,5000,8.08,2
708,1,5000,8.68,2
709,1,5000,9.06,2
710,1,5000,8.92,2
711,1,5000,7.9,2
712,1,5000,7.9,2
713,1,5000,8.7,2
714,1,5000,6.74,2
715,1,5000,8.08,2
716,1,5000,8.7,2
717,1,5000,8.04,2
718,1,5000,7.64,2
719,1,5000,7.16,2
720,1,5000,7.78,2
721,1,5000,7.96,2
722,1,5000,8.64,2
723,1,5000,8.54,2
724,1,5000,7.86,2
725,1,5000,7.7,2
726,1,5000,6.92,1
727,1,5000,7.52,1
728,1,5000,7.64,1
729,1,5000,6.9,1
730,1,5000,7.12,1
731,1,5000,7.2,1
732,1,5000,7.08,1
733,1,5000,6.88,1
734,1,5000,7.36,1
735,1,5000,6.88,1
736,1,5000,8.38,1
737,1,5000,6.42,1
738,1,5000,6.44,1
739,1,5000,6.2,1
740,1,5000,7.16,1
741,1,5000,7.44,1
742,1,5000,6.6,1
743,1,5000,8.74,1
744,1,5000,7.32,1
745,1,5000,6.94,1
746,1,5000,6.88,1
747,1,5000,7.3,1
748,1,5000,6.74,1
749,1,5000,6.58,1
750,1,5000,6.18,1
751,1,5000,7.46,1
752,1,5000,6.66,1
753,1,5000,7.24,1
754,1,5000,7.28,1
755,1,5000,6.58,1
756,1,5000,5.74,1
757,1,5000,6.62,1
758,1,5000,6.64,1
759,1,5000,6.9,1
760,1,5000,6.54,1
761,1,5000,6.06,1
762,1,5000,7.56,1
763,1,5000,6.88,1
764,1,5000,7.62,1
765,1,5000,6.98,1
766,1,5000,7.32,1
767,1,5000,6.7,1
768,1,5000,6.6,1
769,1,5000,7.16,1
770,1,5000,6.46,1
771,1,5000,7.14,1
772,1,5000,7.5,1
773,1,5000,6.96,1
774,1,5000,6.92,1
775,1,5000,7.1,1
776,1,5000,6.76,1
777,1,5000,6.88,1
778,1,5000,6.04,1
779,1,5000,7.4,1
780,1,5000,7.92,1
781,1,5000,7.2,1
782,1,5000,7.06,1
783,1,5000,6.22,1
784,1,5000,6.6,1
785,1,5000,6.34,1
786,1,5000,6.96,1
787,1,5000,7.8,1
788,1,5000,7.34,1
789,1,5000,6.54,1
790,1,5000,6.44,1
791,1,5000,7.38,1
792,1,5000,7.38,1
793,1,5000,6.78,1
794,1,5000,7.34,1
795,1,5000,7.72,1
796,1,5000,6.38,1
797,1,5000,6.72,1
798,1,5000,6.0,1
799,1,5000,7.5,1
800,1,5000,7.02,1
801,1,5000,6.78,1
802,1,5000,7.28,1
803,1,5000,7.48,1
804,1,5000,6.74,1
805,1,5000,7.16,1
806,1,5000,7.68,1
807,1,5000,7.7,1
808,1,5000,7.34,1
809,1,5000,7.78,1
810,1,5000,7.3,1
811,1,5000,7.18,1
812,1,5000,6.98,1
813,1,5000,7.66,1
814,1,5000,6.72,1
815,1,5000,7.34,1
816,1,5000,6.82,1
817,1,5000,6.92,1
818,1,5000,6.44,1
819,1,5000,6.46,1
820,1,5000,5.86,1
821,1,5000,6.5,1
822,1,5000,7.0,1
823,1,5000,6.36,1
824,1,5000,7.02,1
825,1,5000,7.28,1
826,1,5000,7.14,1
827,1,5000,8.08,1
828,1,5000,7.2,1
829,1,5000,6.7,1
830,1,5000,6.74,1
831,1,5000,6.34,1
832,1,5000,7.04,1
833,1,5000,6.94,1
834,1,5000,7.0,1
835,1,5000,6.6,1
836,1,5000,6.46,1
837,1,5000,5.98,1
838,1,5000,7.48,1
839,1,5000,6.7,1
840,1,5000,6.48,1
841,1,5000,6.9,1
842,1,5000,7.34,1
843,1,5000,6.28,1
844,1,5000,6.9,1
845,1,5000,7.14,1
846,1,5000,6.98,1
847,1,5000,6.78,1
848,1,5000,6.84,1
849,1,5000,7.16,1
850,1,5000,7.96,1
851,1,5000,6.78,1
852,1,5000,6.68,1
853,1,5000,7.32,1
854,1,5000,7.22,1
855,1,5000,7.14,1
856,1,5000,7.22,1
857,1,5000,7.12,1
858,1,5000,6.36,1
859,1,5000,6.08,1
860,1,5000,6.92,1
861,1,5000,6.82,1
862,1,5000,5.66,1
863,1,5000,6.04,1
864,1,5000,6.7,1
865,1,5000,6.64,1
866,1,5000,6.5,1
867,1,5000,7.18,1
868,1,5000,7.76,1
869,1,5000,8.38,1
870,1,5000,7.76,1
871,1,5000,7.78,1
872,1,5000,7.7,1
873,1,5000,7.94,1
874,1,5000,6.94,1
875,1,5000,7.08,1
876,1,5000,8.04,1
877,1,5000,7.06,1
878,1,5000,6.66,1
879,1,5000,6.76,1
880,1,5000,6.62,1
881,1,5000,6.86,1
882,1,5000,8.14,1
883,1,5000,6.82,1
884,1,5000,7.5,1
885,1,5000,6.76,1
886,1,5000,6.84,1
887,1,5000,6.28,1
888,1,5000,8.04,1
889,1,5000,7.2,1
890,1,5000,7.48,1
891,1,5000,6.42,1
892,1,5000,6.98,1
893,1,5000,5.78,1
894,1,5000,7.24,1
895,1,5000,6.72,1
896,1,5000,6.72,1
897,1,5000,6.98,1
898,1,5000,6.7,1
899,1,5000,7.32,1
900,1,5000,6.48,1
901,1,5000,7.14,1
902,1,5000,6.2,1
903,1,5000,7.14,1
904,1,5000,6.6,1
905,1,5000,7.46,1
906,1,5000,6.58,1
907,1,5000,7.36,1
908,1,5000,7.46,1
909,1,5000,7.54,1
910,1,5000,6.6,1
911,1,5000,6.92,1
912,1,5000,6.92,1
913,1,5000,6.78,1
914,1,5000,6.84,1
915,1,5000,6.58,1
916,1,5000,6.64,1
917,1,5000,6.1,1
918,1,5000,6.8,1
919,1,5000,6.66,1
920,1,5000,6.68,1
921,1,5000,6.54,1
922,1,5000,6.8,1
923,1,5000,7.36,1
924,1,5000,6.96,1
925,1,5000,6.74,1
926,1,5000,6.84,1
927,1,5000,7.34,1
928,1,5000,7.64,1
929,1,5000,6.64,1
930,1,5000,6.1,1
931,1,5000,7.58,1
932,1,5000,6.68,1
933,1,5000,6.36,1
934,1,5000,7.32,1
935,1,5000,7.22,1
936,1,5000,6.4,1
937,1,5000,7.68,1
938,1,5000,8.04,1
939,1,5000,6.06,1
940,1,5000,5.68,1
941,1,5000,6.3,1
942,1,5000,6.8,1
943,1,5000,7.44,1
944,1,5000,7.24,1
945,1,5000,6.74,1
946,1,5000,6.74,1
947,1,5000,6.12,1
948,1,5000,7.12,1
949,1,5000,7.24,1
950,1,5000,6.46,1
951,1,5000,5.6,1
952,1,5000,5.8,1
953,1,5000,6.2,1
954,1,5000,6.36,1
955,1,5000,6.38,1
956,1,5000,6.74,1
957,1,5000,7.86,1
958,1,5000,6.48,1
959,1,5000,7.12,1
960,1,5000,5.98,1
961,1,5000,6.7,1
962,1,5000,6.8,1
963,1,5000,6.3,1
964,1,5000,7.06,1
965,1,5000,6.68,1
966,1,5000,6.66,1
967,1,5000,6.74,1
968,1,5000,7.22,1
969,1,5000,6.84,1
970,1,5000,7.34,1
971,1,5000,8.06,1
972,1,5000,7.54,1
973,1,5000,7.42,1
974,1,5000,5.98,1
975,1,5000,6.72,1
976,1,5000,7.42,1
977,1,5000,6.74,1
978,1,5000,7.36,1
979,1,5000,6.44,1
980,1,5000,5.68,1
981,1,5000,6.48,1
982,1,5000,7.3,1
983,1,5000,7.16,1
984,1,5000,6.74,1
985,1,5000,5.88,1
986,1,5000,5.8,1
987,1,5000,6.94,1
988,1,5000,7.12,1
989,1,5000,6.0,1
990,1,5000,6.14,1
991,1,5000,7.16,1
992,1,5000,6.46,1
993,1,5000,6.84,1
994,1,5000,6.88,1
995,1,5000,8.86,1
996,1,5000,7.24,1
997,1,5000,7.7,1
998,1,5000,7.74,1
999,1,5000,7.06,1
1000,1,5000,8.12,1
1001,1,5000,7.9,1
1002,1,5000,7.5,1
1003,1,5000,7.1,1
1004,1,5000,7.84,1
1005,1,5000,6.82,1
1006,1,5000,7.18,1
1007,1,5000,5.72,1
1008,1,5000,6.62,1
1009,1,5000,6.78,1
1010,1,5000,6.92,1
1011,1,5000,6.66,1
1012,1,5000,6.98,1
1013,1,5000,7.58,1
1014,1,5000,7.06,1
1015,1,5000,7.04,1
1016,1,5000,6.14,1
1017,1,5000,6.82,1
1018,1,5000,7.02,1
1019,1,5000,6.38,1
1020,1,5000,6.14,1
1021,1,5000,6.92,1
1022,1,5000,6.7,1
1023,1,5000,7.46,1
1024,1,5000,5.68,1
1025,1,5000,7.18,1
1026,1,5000,6.36,1
1027,1,5000,6.12,1
1028,1,5000,7.0,1
1029,1,5000,7.66,1
1030,1,5000,7.32,1
1031,1,5000,7.18,1
1032,1,5000,6.4,1
1033,1,5000,7.16,1
1034,1,5000,7.28,1
1035,1,5000,6.9,1
1036,1,5000,6.14,1
1037,1,5000,7.12,1
1038,1,5000,7.48,1
1039,1,5000,7.6,1
1040,1,5000,6.88,1
1041,1,5000,7.66,1
1042,1,5000,7.2,1
1043,1,5000,7.32,1
1044,1,5000,6.56,1
1045,1,5000,7.06,1
1046,1,5000,6.34,1
1047,1,5000,6.74,1
1048,1,5000,6.92,1
1049,1,5000,7.04,1
1050,1,5000,6.58,1
1051,1,5000,6.58,1
1052,1,5000,6.06,1
1053,1,5000,7.68,1
1054,1,5000,7.32,1
1055,1,5000,6.94,1
1056,1,5000,6.48,1
1057,1,5000,6.24,1
1058,1,5000,7.34,1
1059,1,5000,7.42,1
1060,1,5000,7.12,1
1061,1,5000,7.4,1
1062,1,5000,7.22,1
1063,1,5000,7.12,1
1064,1,5000,7.04,1
1065,1,5000,6.74,1
1066,1,5000,6.24,1
1067,1,5000,6.86,1
1068,1,5000,7.16,1
1069,1,5000,6.52,1
1070,1,5000,6.86,1
1071,1,5000,6.02,1
1072,1,5000,6.58,1
1073,1,5000,6.3,1
1074,1,5000,7.16,1
1075,1,5000,7.2,1
1076,1,5000,7.9,1
1077,1,5000,7.12,1
1078,1,5000,7.52,1
1079,1,5000,8.02,1
1080,1,5000,7.54,1
1081,1,5000,6.54,1
1082,1,5000,7.2,1
1083,1,5000,7.7,1
1084,1,5000,6.7,1
1085,1,5000,6.12,1
1086,1,5000,7.28,1
1087,1,5000,7.26,1
1088,1,5000,7.6,1
1089,1,5000,7.84,1
1090,1,5000,7.4,1
1091,1,5000,6.66,1
1092,1,5000,7.28,1
1093,1,5000,6.28,1
1094,1,5000,6.74,1
1095,1,5000,6.38,1
1096,1,5000,6.5,1
1097,1,5000,6.16,1
1098,1,5000,6.24,1
1099,1,5000,6.16,1
1100,1,5000,5.78,1
1101,1,5000,6.3,1
1102,1,5000,6.62,1
1103,1,5000,7.42,1
1104,1,5000,6.82,1
1105,1,5000,7.42,1
1106,1,5000,7.74,1
1107,1,5000,7.6,1
1108,1,5000,7.3,1
1109,1,5000,7.78,1
1110,1,5000,7.06,1
1111,1,5000,7.12,1
1112,1,5000,7.88,1
1113,1,5000,7.38,1
1114,1,5000,6.3,1
1115,1,5000,7.24,1
1116,1,5000,7.56,1
1117,1,5000,7.28,1
1118,1,5000,7.12,1
1119,1,5000,7.22,1
1120,1,5000,7.04,1
1121,1,5000,7.98,1
1122,1,5000,8.1,1
1123,1,5000,8.04,1
1124,1,5000,8.48,1
1125,1,5000,6.8,1
1126,1,5000,6.32,1
1127,1,5000,7.94,1
1128,1,5000,7.82,1
1129,1,5000,7.4,1
1130,1,5000,7.32,1
1131,1,5000,6.18,1
1132,1,5000,6.1,1
1133,1,5000,6.64,1
1134,1,5000,5.94,1
1135,1,5000,7.0,1
1136,1,5000,6.78,1
1137,1,5000,8.02,1
1138,1,5000,6.62,1
1139,1,5000,6.68,1
1140,1,5000,6.84,1
1141,1,5000,7.14,1
1142,1,5000,7.76,1
1143,1,5000,7.2,1
1144,1,5000,6.84,1
1145,1,5000,8.16,1
1146,1,5000,8.8,1
1147,1,5000,7.22,1
1148,1,5000,8.16,1
1149,1,5000,7.1,1
1150,1,5000,6.96,1
1151,1,5000,7.32,1
1152,1,5000,7.2,1
1153,1,5000,7.18,1
1154,1,5000,6.2,1
1155,1,5000,6.94,1
1156,1,5000,6.62,1
1157,1,5000,5.76,1
1158,1,5000,6.78,1
1159,1,5000,6.7,1
1160,1,5000,6.94,1
1161,1,5000,6.92,1
1162,1,5000,7.02,1
1163,1,5000,6.76,1
1164,1,5000,6.44,1
1165,1,5000,6.46,1
1166,1,5000,6.68,1
1167,1,5000,7.3,1
1168,1,5000,7.46,1
1169,1,5000,5.64,1
1170,1,5000,6.96,1
1171,1,5000,6.94,1
1172,1,5000,6.68,1
1173,1,5000,6.42,1
1174,1,5000,6.28,1
1175,1,5000,7.36,1
1176,1,5000,6.68,1
1177,1,5000,7.5,1
1178,1,5000,6.74,1
1179,1,5000,6.76,1
1180,1,5000,7.32,1
1181,1,5000,5.7,1
1182,1,5000,6.12,1
1183,1,5000,6.12,1
1184,1,5000,5.76,1
1185,1,5000,6.78,1
1186,1,5000,7.06,1
1187,1,5000,7.26,1
1188,1,5000,6.94,1
1189,1,5000,8.0,1
1190,1,5000,7.28,1
1191,1,5000,6.36,1
1192,1,5000,6.32,1
1193,1,5000,7.46,1
1194,1,5000,7.12,1
1195,1,5000,7.6,1
1196,1,5000,6.7,1
1197,1,5000,8.56,1
1198,1,5000,7.42,1
1199,1,5000,7.12,1
1200,1,5000,7.46,1
1201,1,5000,6.16,1
1202,1,5000,6.36,1
1203,1,5000,6.86,1
1204,1,5000,7.0,1
1205,1,5000,7.58,1
1206,1,5000,8.12,1
1207,1,5000,7.2,1
1208,1,5000,6.34,1
1209,1,5000,6.46,1
1210,1,5000,6.82,1
1211,1,5000,7.16,1
1212,1,5000,7.48,1
1213,1,5000,7.1,1
1214,1,5000,6.86,1
1215,1,5000,7.1,1
1216,1,5000,7.38,1
1217,1,5000,7.54,1
1218,1,5000,7.26,1
1219,1,5000,6.62,1
1220,1,5000,7.28,1
1221,1,5000,6.42,1
1222,1,5000,6.44,1
1223,1,5000,7.0,1
1224,1,5000,7.82,1
1225,1,5000,6.54,1
1226,1,5000,6.2,1
1227,1,5000,6.72,1
1228,1,5000,7.22,1
1229,1,5000,6.1,1
1230,1,5000,6.16,1
1231,1,5000,7.02,1
1232,1,5000,7.62,1
1233,1,5000,7.24,1
1234,1,5000,6.5,1
1235,1,5000,6.8,1
1236,1,5000,6.76,1
1237,1,5000,7.14,1
1238,1,5000,6.02,1
1239,1,5000,6.66,1
1240,1,5000,6.8,1
1241,1,5000,7.1,1
1242,1,5000,7.1,1
1243,1,5000,6.8,1
1244,1,5000,7.0,1
1245,1,5000,7.36,1
1246,1,5000,6.86,1
1247,1,5000,7.84,1
1248,1,5000,7.3,1
1249,1,5000,6.68,1
1250,1,5000,7.42,1
1251,1,5000,7.2,1
1252,1,5000,7.18,1
1253,1,5000,6.32,1
1254,1,5000,6.4,1
1255,1,5000,7.72,1
1256,1,5000,7.34,1
1257,1,5000,6.54,1
1258,1,5000,6.26,1
1259,1,5000,6.56,1
1260,1,5000,6.24,1
1261,1,5000,6.6,1
1262,1,5000,6.54,1
1263,1,5000,7.14,1
1264,1,5000,7.66,1
1265,1,5000,6.52,1
1266,1,5000,7.04,1
1267,1,5000,7.68,1
1268,1,5000,8.16,1
1269,1,5000,7.22,1
1270,1,5000,7.58,1
1271,1,5000,7.36,1
1272,1,5000,7.8,1
1273,1,5000,6.68,1
1274,1,5000,6.62,1
1275,1,5000,6.48,1
1276,1,5000,8.2,1
1277,1,5000,6.78,1
1278,1,5000,6.94,1
1279,1,5000,6.74,1
1280,1,5000,7.34,1
1281,1,5000,7.42,1
1282,1,5000,7.34,1
1283,1,5000,7.32,1
1284,1,5000,6.22,1
1285,1,5000,6.78,1
1286,1,5000,6.86,1
1287,1,5000,5.9,1
1288,1,5000,6.22,1
1289,1,5000,6.86,1
1290,1,5000,7.62,1
1291,1,5000,6.88,1
1292,1,5000,8.1,1
1293,1,5000,7.64,1
1294,1,5000,6.7,1
1295,1,5000,6.96,1
1296,1,5000,7.26,1
1297,1,5000,7.24,1
1298,1,5000,7.52,1
1299,1,5000,6.3,1
1300,1,5000,7.54,1
1301,1,5000,6.38,1
1302,1,5000,7.3,1
1303,1,5000,7.8,1
1304,1,5000,7.28,1
1305,1,5000,6.9,1
1306,1,5000,5.86,1
1307,1,5000,6.64,1
1308,1,5000,7.92,1
1309,1,5000,7.7,1
1310,1,5000,7.48,1
1311,1,5000,7.9,1
1312,1,5000,7.66,1
1313,1,5000,7.48,1
1314,1,5000,5.8,1
1315,1,5000,7.34,1
1316,1,5000,6.42,1
1317,1,5000,5.76,1
1318,1,5000,5.64,1
1319,1,5000,6.9,1
1320,1,5000,7.36,1
1321,1,5000,5.96,1
1322,1,5000,6.5,1
1323,1,5000,6.84,1
1324,1,5000,6.68,1
1325,1,5000,6.32,1
1326,1,5000,7.04,1
1327,1,5000,7.7,1
1328,1,5000,6.48,1
1329,1,5000,7.02,1
1330,1,5000,6.86,1
1331,1,5000,6.76,1
1332,1,5000,7.7,1
1333,1,5000,7.52,1
1334,1,5000,7.3,1
1335,1,5000,7.0,1
1336,1,5000,7.86,1
1337,1,5000,8.12,1
1338,1,5000,6.66,1
1339,1,5000,6.2,1
1340,1,5000,6.62,1
1341,1,5000,6.98,1
1342,1,5000,7.2,1
1343,1,5000,7.82,1
1344,1,5000,6.58,1
1345,1,5000,7.3,1
1346,1,5000,6.8,1
1347,1,5000,7.4,1
1348,1,5000,6.76,1
1349,1,5000,6.84,1
1350,1,5000,6.92,1
1351,1,5000,8.0,1
1352,1,5000,6.9,1
1353,1,5000,5.64,1
1354,1,5000,7.32,1
1355,1,5000,7.92,1
1356,1,5000,7.5,1
1357,1,5000,7.06,1
1358,1,5000,6.8,1
1359,1,5000,5.62,1
1360,1,5000,6.04,1
1361,1,5000,6.3,1
1362,1,5000,7.58,1
1363,1,5000,6.94,1
1364,1,5000,6.26,1
1365,1,5000,6.96,1
1366,1,5000,8.16,1
1367,1,5000,6.54,1
1368,1,5000,6.6,1
1369,1,5000,6.3,1
1370,1,5000,7.34,1
1371,1,5000,7.66,1
1372,1,5000,7.4,1
1373,1,5000,6.24,1
1374,1,5000,7.06,1
1375,1,5000,6.74,1
1376,1,5000,7.04,1
1377,1,5000,7.88,1
1378,1,5000,6.64,1
1379,1,5000,6.88,1
1380,1,5000,6.46,1
1381,1,5000,6.64,1
1382,1,5000,7.24,1
1383,1,5000,7.38,1
1384,1,5000,6.72,1
1385,1,5000,7.06,1
1386,1,5000,7.46,1
1387,1,5000,6.88,1
1388,1,5000,7.38,1
1389,1,5000,6.54,1
1390,1,5000,6.9,1
1391,1,5000,7.38,1
1392,1,5000,7.8,1
1393,1,5000,7.16,1
1394,1,5000,6.52,1
1395,1,5000,7.06,1
1396,1,5000,7.56,1
1397,1,5000,7.68,1
1398,1,5000,8.08,1
1399,1,5000,6.44,1
1400,1,5000,6.74,1
1401,1,5000,7.58,1
1402,1,5000,7.7,1
1403,1,5000,7.66,1
1404,1,5000,7.24,1
1405,1,5000,7.16,1
1406,1,5000,7.44,1
1407,1,5000,7.2,1
1408,1,5000,7.9,1
1409,1,5000,6.94,1
1410,1,5000,7.64,1
1411,1,5000,7.5,1
1412,1,5000,6.68,1
1413,1,5000,8.1,1
1414,1,5000,7.94,1
1415,1,5000,8.0,1
1416,1,5000,6.42,1
1417,1,5000,6.62,1
1418,1,5000,6.86,1
1419,1,5000,6.84,1
1420,1,5000,7.54,1
1421,1,5000,6.58,1
1422,1,5000,6.36,1
1423,1,5000,6.0,1
1424,1,5000,6.86,1
1425,1,5000,6.34,1
1426,1,5000,7.66,1
1427,1,5000,6.0,1
1428,1,5000,7.02,1
1429,1,5000,7.74,1
1430,1,5000,7.14,1
1431,1,5000,7.7,1
1432,1,5000,7.12,1
1433,1,5000,5.76,1
1434,1,5000,6.72,1
1435,1,5000,7.32,1
1436,1,5000,7.72,1
1437,1,5000,7.24,1
1438,1,5000,7.64,1
1439,1,5000,7.28,1
1440,1,5000,7.38,1
1441,1,5000,7.18,1
1442,1,5000,6.9,1
1443,1,5000,6.12,1
1444,1,5000,7.32,1
1445,1,5000,8.1,1
1446,1,5000,6.54,1
1447,1,5000,5.98,1
1448,1,5000,7.28,1
1449,1,5000,6.94,1
1450,1,5000,6.6,1
1451,1,5000,7.44,1
1452,1,5000,7.68,1
1453,1,5000,7.16,1
1454,1,5000,6.68,1
1455,1,5000,6.92,1
1456,1,5000,6.9,1
1457,1,5000,7.16,1
1458,1,5000,7.14,1
1459,1,5000,7.64,1
1460,1,5000,7.8,1
1461,1,5000,6.44,1
1462,1,5000,7.46,1
1463,1,5000,8.64,1
1464,1,5000,7.28,1
1465,1,5000,7.14,1
1466,1,5000,7.22,1
1467,1,5000,6.3,1
1468,1,5000,7.44,1
1469,1,5000,6.82,1
1470,1,5000,6.56,1
1471,1,5000,6.42,1
1472,1,5000,7.0,1
1473,1,5000,6.68,1
1474,1,5000,6.22,1
1475,1,5000,6.34,1
1476,1,5000,7.12,1
1477,1,5000,7.98,1
1478,1,5000,7.52,1
1479,1,5000,6.62,1
1480,1,5000,7.0,1
1481,1,5000,6.28,1
1482,1,5000,7.86,1
1483,1,5000,8.02,1
1484,1,5000,7.32,1
1485,1,5000,5.94,1
1486,1,5000,6.52,1
1487,1,5000,7.74,1
1488,1,5000,7.14,1
1489,1,5000,6.78,1
1490,1,5000,7.02,1
1491,1,5000,6.48,1
1492,1,5000,7.12,1
1493,1,5000,7.16,1
1494,1,5000,7.44,1
1495,1,5000,6.82,1
1496,1,5000,6.1,1
1497,1,5000,6.08,1
1498,1,5000,6.88,1
1499,1,5000,7.58,1
1500,1,5000,6.76,1
1501,1,5000,7.4,1
1502,1,5000,6.44,1
1503,1,5000,6.58,1
1504,1,5000,6.68,1
1505,1,5000,6.28,1
1506,1,5000,7.96,1
1507,1,5000,6.72,1
1508,1,5000,6.3,1
1509,1,5000,7.26,1
1510,1,5000,6.4,1
1511,1,5000,6.46,1
1512,1,5000,6.92,1
1513,1,5000,6.88,1
1514,1,5000,7.04,1
1515,1,5000,6.94,1
1516,1,5000,7.24,1
1517,1,5000,6.94,1
1518,1,5000,6.96,1
1519,1,5000,7.5,1
1520,1,5000,6.76,1
1521,1,5000,6.72,1
1522,1,5000,5.22,1
1523,1,5000,6.94,1
1524,1,5000,6.88,1
1525,1,5000,7.24,1
1526,1,5000,6.74,1
1527,1,5000,6.8,1
1528,1,5000,6.78,1
1529,1,5000,7.28,1
1530,1,5000,6.08,1
1531,1,5000,7.44,1
1532,1,5000,7.2,1
1533,1,5000,6.7,1
1534,1,5000,7.22,1
1535,1,5000,7.66,1
1536,1,5000,7.64,1
1537,1,5000,8.12,1
1538,1,5000,7.62,1
1539,1,5000,6.68,1
1540,1,5000,6.84,1
1541,1,5000,6.38,1
1542,1,5000,7.02,1
1543,1,5000,7.54,1
1544,1,5000,6.72,1
1545,1,5000,6.48,1
1546,1,5000,7.12,1
1547,1,5000,7.32,1
1548,1,5000,6.98,1
1549,1,5000,6.72,1
1550,1,5000,6.2,1
1551,1,5000,6.64,1
1552,1,5000,7.7,1
1553,1,5000,7.46,1
1554,1,5000,7.22,1
1555,1,5000,6.16,1
1556,1,5000,6.5,1
1557,1,5000,7.66,1
1558,1,5000,7.24,1
1559,1,5000,7.06,1
1560,1,5000,7.4,1
1561,1,5000,6.64,1
1562,1,5000,6.16,1
1563,1,5000,6.24,1
1564,1,5000,7.48,1
1565,1,5000,7.84,1
1566,1,5000,6.5,1
1567,1,5000,5.98,1
1568,1,5000,5.76,1
1569,1,5000,7.64,1
1570,1,5000,7.52,1
1571,1,5000,7.08,1
1572,1,5000,7.28,1
1573,1,5000,7.58,1
1574,1,5000,7.64,1
1575,1,5000,7.94,1
1576,1,5000,6.96,1
1577,1,5000,7.28,1
1578,1,5000,7.54,1
1579,1,5000,8.24,1
1580,1,5000,7.26,1
1581,1,5000,7.16,1
1582,1,5000,7.82,1
1583,1,5000,7.5,1
1584,1,5000,6.8,1
1585,1,5000,7.22,1
1586,1,5000,7.78,1
1587,1,5000,7.52,1
1588,1,5000,6.72,1
1589,1,5000,7.96,1
1590,1,5000,7.68,1
1591,1,5000,6.94,1
1592,1,5000,6.66,1
1593,1,5000,8.22,1
1594,1,5000,7.12,1
1595,1,5000,6.56,1
1596,1,5000,5.72,1
1597,1,5000,6.68,1
1598,1,5000,7.6,1
1599,1,5000,7.52,1
1600,1,5000,7.64,1
1601,1,5000,6.86,1
1602,1,5000,6.5,1
1603,1,5000,7.1,1
1604,1,5000,7.28,1
1605,1,5000,7.5,1
1606,1,5000,7.58,1
1607,1,5000,7.02,1
1608,1,5000,8.0,1
1609,1,5000,6.8,1
1610,1,5000,6.1,1
1611,1,5000,6.58,1
1612,1,5000,7.76,1
1613,1,5000,7.16,1
1614,1,5000,6.66,1
1615,1,5000,7.42,1
1616,1,5000,7.04,1
1617,1,5000,6.82,1
1618,1,5000,7.14,1
1619,1,5000,7.08,1
1620,1,5000,7.4,1
1621,1,5000,7.5,1
1622,1,5000,7.72,1
1623,1,5000,7.32,1
1624,1,5000,7.28,1
1625,1,5000,6.24,1
1626,1,5000,6.56,1
1627,1,5000,6.02,1
1628,1,5000,7.36,1
1629,1,5000,6.2,1
1630,1,5000,6.56,1
1631,1,5000,7.08,1
1632,1,5000,6.56,1
1633,1,5000,6.02,1
1634,1,5000,6.04,1
1635,1,5000,7.44,1
1636,1,5000,6.9,1
1637,1,5000,6.9,1
1638,1,5000,6.36,1
1639,1,5000,6.8,1
1640,1,5000,7.58,1
1641,1,5000,7.0,1
1642,1,5000,6.7,1
1643,1,5000,5.5,1
1644,1,5000,6.08,1
1645,1,5000,5.94,1
1646,1,5000,7.3,1
1647,1,5000,6.64,1
1648,1,5000,6.86,1
1649,1,5000,7.2,1
1650,1,5000,6.7,1
1651,1,5000,7.8,1
1652,1,5000,7.72,1
1653,1,5000,7.86,1
1654,1,5000,7.0,1
1655,1,5000,6.74,1
1656,1,5000,6.68,1
1657,1,5000,8.14,1
1658,1,5000,7.48,1
1659,1,5000,6.92,1
1660,1,5000,6.18,1
1661,1,5000,8.0,1
1662,1,5000,7.2,1
1663,1,5000,8.2,1
1664,1,5000,8.24,1
1665,1,5000,7.94,1
1666,1,5000,7.56,1
1667,1,5000,7.52,1
1668,1,5000,6.46,1
1669,1,5000,7.44,1
1670,1,5000,7.38,1
1671,1,5000,7.3,1
1672,1,5000,7.8,1
1673,1,5000,7.46,1
1674,1,5000,7.08,1
1675,1,5000,6.88,1
1676,1,5000,6.66,1
1677,1,5000,6.92,1
1678,1,5000,6.7,1
1679,1,5000,7.78,1
1680,1,5000,8.08,1
1681,1,5000,7.06,1
1682,1,5000,6.06,1
1683,1,5000,6.7,1
1684,1,5000,7.16,1
1685,1,5000,7.26,1
1686,1,5000,6.5,1
1687,1,5000,6.08,1
1688,1,5000,6.46,1
1689,1,5000,6.8,1
1690,1,5000,6.52,1
1691,1,5000,6.92,1
1692,1,5000,6.72,1
1693,1,5000,6.96,1
1694,1,5000,7.42,1
1695,1,5000,7.4,1
1696,1,5000,7.06,1
1697,1,5000,6.92,1
1698,1,5000,7.24,1
1699,1,5000,6.92,1
1700,1,5000,7.84,1
1701,1,5000,7.04,1
1702,1,5000,7.14,1
1703,1,5000,7.96,1
1704,1,5000,8.44,1
1705,1,5000,8.0,1
1706,1,5000,7.52,1
1707,1,5000,6.88,1
1708,1,5000,7.8,1
1709,1,5000,7.22,1
1710,1,5000,7.14,1
1711,1,5000,6.88,1
1712,1,5000,8.08,1
1713,1,5000,6.84,1
1714,1,5000,7.26,1
1715,1,5000,7.6,1
1716,1,5000,7.28,1
1717,1,5000,6.52,1
1718,1,5000,7.3,1
1719,1,5000,6.76,1
1720,1,5000,7.26,1
1721,1,5000,7.5,1
1722,1,5000,6.8,1
1723,1,5000,6.1,1
1724,1,5000,6.66,1
1725,1,5000,7.04,1
1726,1,5000,6.86,1
1727,1,5000,6.82,1
1728,1,5000,6.06,1
1729,1,5000,6.88,1
1730,1,5000,6.92,1
1731,1,5000,7.24,1
1732,1,5000,7.06,1
1733,1,5000,7.06,1
1734,1,5000,6.56,1
1735,1,5000,6.38,1
1736,1,5000,7.08,1
1737,1,5000,7.04,1
1738,1,5000,7.12,1
1739,1,5000,7.3,1
1740,1,5000,7.66,1
1741,1,5000,8.14,1
1742,1,5000,7.8,1
1743,1,5000,7.5,1
1744,1,5000,5.42,1
1745,1,5000,7.1,1
1746,1,5000,6.54,1
1747,1,5000,6.48,1
1748,1,5000,7.28,1
1749,1,5000,7.3,1
1750,1,5000,7.12,1
1751,1,5000,6.74,1
1752,1,5000,7.38,1
1753,1,5000,6.98,1
1754,1,5000,6.68,1
1755,1,5000,7.24,1
1756,1,5000,6.7,1
1757,1,5000,7.76,1
1758,1,5000,7.74,1
1759,1,5000,7.14,1
1760,1,5000,7.46,1
1761,1,5000,6.44,1
1762,1,5000,7.62,1
1763,1,5000,6.76,1
1764,1,5000,7.14,1
1765,1,5000,6.7,1
1766,1,5000,7.5,1
1767,1,5000,6.9,1
1768,1,5000,6.52,1
1769,1,5000,5.78,1
1770,1,5000,6.4,1
1771,1,5000,6.64,1
1772,1,5000,6.06,1
1773,1,5000,6.08,1
1774,1,5000,6.56,1
1775,1,5000,7.12,1
1776,1,5000,5.82,1
1777,1,5000,5.82,1
1778,1,5000,7.58,1
1779,1,5000,6.96,1
1780,1,5000,7.04,1
1781,1,5000,7.04,1
1782,1,5000,6.74,1
1783,1,5000,8.8,1
1784,1,5000,7.54,1
1785,1,5000,7.5,1
1786,1,5000,7.5,1
1787,1,5000,6.32,1
1788,1,5000,6.58,1
1789,1,5000,7.02,1
1790,1,5000,6.68,1
1791,1,5000,6.2,1
1792,1,5000,6.64,1
1793,1,5000,6.9,1
1794,1,5000,6.62,1
1795,1,5000,7.12,1
1796,1,5000,6.48,1
1797,1,5000,6.02,1
1798,1,5000,6.98,1
1799,1,5000,6.72,1
1800,1,5000,6.52,1
1801,1,5000,6.36,1
1802,1,5000,7.28,1
1803,1,5000,6.4,1
1804,1,5000,7.54,1
1805,1,5000,7.82,1
1806,1,5000,7.18,1
1807,1,5000,6.34,1
1808,1,5000,7.16,1
1809,1,5000,6.3,1
1810,1,5000,6.5,1
1811,1,5000,6.76,1
1812,1,5000,6.66,1
1813,1,5000,7.24,1
1814,1,5000,7.12,1
1815,1,5000,6.74,1
1816,1,5000,6.88,1
1817,1,5000,6.02,1
1818,1,5000,7.22,1
1819,1,5000,7.24,1
1820,1,5000,6.6,1
1821,1,5000,7.32,1
1822,1,5000,6.82,1
1823,1,5000,6.9,1
1824,1,5000,6.22,1
1825,1,5000,6.14,1
1826,1,5000,5.76,1
1827,1,5000,6.3,1
1828,1,5000,7.12,1
1829,1,5000,7.26,1
1830,1,5000,6.02,1
1831,1,5000,6.56,1
1832,1,5000,6.76,1
1833,1,5000,6.88,1
1834,1,5000,7.94,1
1835,1,5000,7.24,1
1836,1,5000,7.04,1
1837,1,5000,6.42,1
1838,1,5000,6.56,1
1839,1,5000,6.96,1
1840,1,5000,7.22,1
1841,1,5000,6.16,1
1842,1,5000,5.68,1
1843,1,5000,6.14,1
1844,1,5000,7.02,1
1845,1,5000,7.44,1
1846,1,5000,6.82,1
1847,1,5000,7.12,1
1848,1,5000,6.18,1
1849,1,5000,7.24,1
1850,1,5000,7.58,1
1851,1,5000,7.84,1
1852,1,5000,7.36,1
1853,1,5000,6.9,1
1854,1,5000,6.48,1
1855,1,5000,7.0,1
1856,1,5000,7.34,1
1857,1,5000,6.6,1
1858,1,5000,6.52,1
1859,1,5000,7.02,1
1860,1,5000,7.1,1
1861,1,5000,7.32,1
1862,1,5000,7.16,1
1863,1,5000,6.78,1
1864,1,5000,6.62,1
1865,1,5000,7.1,1
1866,1,5000,8.0,1
1867,1,5000,8.18,1
1868,1,5000,6.66,1
1869,1,5000,6.9,1
1870,1,5000,6.42,1
1871,1,5000,6.96,1
1872,1,5000,7.82,1
1873,1,5000,7.66,1
1874,1,5000,6.66,1
1875,1,5000,7.04,1
1876,1,5000,6.42,1
1877,1,5000,7.12,1
1878,1,5000,7.1,1
1879,1,5000,7.48,1
1880,1,5000,7.88,1
1881,1,5000,6.6,1
1882,1,5000,7.96,1
1883,1,5000,7.84,1
1884,1,5000,7.44,1
1885,1,5000,8.1,1
1886,1,5000,6.96,1
1887,1,5000,6.82,1
1888,1,5000,6.86,1
1889,1,5000,7.68,1
1890,1,5000,7.8,1
1891,1,5000,5.84,1
1892,1,5000,6.88,1
1893,1,5000,6.88,1
1894,1,5000,7.08,1
1895,1,5000,7.02,1
1896,1,5000,7.66,1
1897,1,5000,7.12,1
1898,1,5000,7.4,1
1899,1,5000,7.1,1
1900,1,5000,6.72,1
1901,1,5000,6.78,1
1902,1,5000,7.54,1
1903,1,5000,7.46,1
1904,1,5000,7.78,1
1905,1,5000,7.44,1
1906,1,5000,6.76,1
1907,1,5000,6.82,1
1908,1,5000,7.2,1
1909,1,5000,7.9,1
1910,1,5000,7.7,1
1911,1,5000,7.86,1
1912,1,5000,7.5,1
1913,1,5000,6.58,1
1914,1,5000,6.5,1
1915,1,5000,6.88,1
1916,1,5000,6.54,1
1917,1,5000,7.36,1
1918,1,5000,7.08,1
1919,1,5000,7.22,1
1920,1,5000,6.56,1
1921,1,5000,7.48,1
1922,1,5000,7.5,1
1923,1,5000,7.14,1
1924,1,5000,6.8,1
1925,1,5000,6.64,1
1926,1,5000,7.02,1
1927,1,5000,6.38,1
1928,1,5000,7.76,1
1929,1,5000,6.74,1
1930,1,5000,7.16,1
1931,1,5000,7.02,1
1932,1,5000,6.78,1
1933,1,5000,6.4,1
1934,1,5000,7.1,1
1935,1,5000,7.34,1
1936,1,5000,6.2,1
1937,1,5000,7.48,1
1938,1,5000,7.44,1
1939,1,5000,8.02,1
1940,1,5000,7.0,1
1941,1,5000,6.8,1
1942,1,5000,6.92,1
1943,1,5000,6.32,1
1944,1,5000,6.62,1
1945,1,5000,6.74,1
1946,1,5000,7.28,1
1947,1,5000,7.0,1
1948,1,5000,7.66,1
1949,1,5000,6.88,1
1950,1,5000,6.44,1
1951,1,5000,7.68,1
1952,1,5000,6.64,1
1953,1,5000,7.54,1
1954,1,5000,6.66,1
1955,1,5000,6.7,1
1956,1,5000,7.18,1
1957,1,5000,7.06,1
1958,1,5000,6.98,1
1959,1,5000,6.44,1
1960,1,5000,6.52,1
1961,1,5000,6.98,1
1962,1,5000,7.26,1
1963,1,5000,7.34,1
1964,1,5000,6.06,1
1965,1,5000,6.66,1
1966,1,5000,6.62,1
1967,1,5000,7.08,1
1968,1,5000,7.88,1
1969,1,5000,7.64,1
1970,1,5000,7.58,1
1971,1,5000,6.16,1
1972,1,5000,7.62,1
1973,1,5000,6.4,1
1974,1,5000,7.02,1
1975,1,5000,7.38,1
1976,1,5000,6.6,1
1977,1,5000,6.28,1
1978,1,5000,6.72,1
1979,1,5000,7.7,1
1980,1,5000,7.7,1
1981,1,5000,6.98,1
1982,1,5000,7.26,1
1983,1,5000,8.3,1
1984,1,5000,8.48,1
1985,1,5000,6.8,1
1986,1,5000,7.2,1
1987,1,5000,8.0,1
1988,1,5000,7.58,1
1989,1,5000,7.5,1
1990,1,5000,7.28,1
1991,1,5000,7.12,1
1992,1,5000,7.0,1
1993,1,5000,6.8,1
1994,1,5000,7.5,1
1995,1,5000,7.62,1
1996,1,5000,7.22,1
1997,1,5000,7.84,1
1998,1,5000,6.64,1
1999,1,5000,6.64,1
2000,1,5000,7.26,1
2001,1,5000,8.0,1
2002,1,5000,7.96,1
2003,1,5000,7.88,1
2004,1,5000,6.84,1
2005,1,5000,7.86,1
2006,1,5000,5.64,1
2007,1,5000,6.12,1
2008,1,5000,7.92,1
2009,1,5000,7.38,1
2010,1,5000,7.0,1
2011,1,5000,6.24,1
2012,1,5000,7.18,1
2013,1,5000,7.7,1
2014,1,5000,7.08,1
2015,1,5000,6.52,1
2016,1,5000,6.96,1
2017,1,5000,6.92,1
2018,1,5000,7.06,1
2019,1,5000,7.86,1
2020,1,5000,7.66,1
2021,1,5000,6.24,1
2022,1,5000,6.74,1
2023,1,5000,6.32,1
2024,1,5000,6.6,1
2025,1,5000,6.02,1
2026,1,5000,6.52,1
2027,1,5000,6.94,1
2028,1,5000,6.94,1
2029,1,5000,7.86,1
2030,1,5000,7.78,1
2031,1,5000,6.7,1
2032,1,5000,6.24,1
2033,1,5000,7.04,1
2034,1,5000,5.9,1
2035,1,5000,6.48,1
2036,1,5000,7.02,1
2037,1,5000,6.58,1
2038,1,5000,8.02,1
2039,1,5000,8.04,1
2040,1,5000,7.34,1
2041,1,5000,6.56,1
2042,1,5000,6.94,1
2043,1,5000,7.86,1
2044,1,5000,6.32,1
2045,1,5000,7.14,1
2046,1,5000,6.62,1
2047,1,5000,6.4,1
2048,1,5000,7.22,1
2049,1,5000,6.96,1
2050,1,5000,5.64,1
2051,1,5000,6.78,1
2052,1,5000,7.02,1
2053,1,5000,7.16,1
2054,1,5000,7.0,1
2055,1,5000,6.88,1
2056,1,5000,8.02,1
2057,1,5000,7.64,1
2058,1,5000,6.86,1
2059,1,5000,7.34,1
2060,1,5000,7.48,1
2061,1,5000,7.4,1
2062,1,5000,7.24,1
2063,1,5000,6.2,1
2064,1,5000,6.7,1
2065,1,5000,6.82,1
2066,1,5000,7.32,1
2067,1,5000,7.26,1
2068,1,5000,7.52,1
2069,1,5000,6.74,1
2070,1,5000,7.62,1
2071,1,5000,6.7,1
2072,1,5000,6.72,1
2073,1,5000,6.48,1
2074,1,5000,6.6,1
2075,1,5000,7.54,1
2076,1,5000,6.78,1
2077,1,5000,7.46,1
2078,1,5000,7.04,1
2079,1,5000,7.9,1
2080,1,5000,8.26,1
2081,1,5000,8.18,1
2082,1,5000,7.36,1
2083,1,5000,6.3,1
2084,1,5000,5.98,1
2085,1,5000,6.68,1
2086,1,5000,7.02,1
2087,1,5000,7.86,1
2088,1,5000,7.04,1
2089,1,5000,7.34,1
2090,1,5000,7.3,1
2091,1,5000,6.72,1
2092,1,5000,6.02,1
2093,1,5000,6.68,1
2094,1,5000,7.5,1
2095,1,5000,7.32,1
2096,1,5000,7.1,1
2097,1,5000,6.3,1
2098,1,5000,6.82,1
2099,1,5000,7.42,1
2100,1,5000,6.94,1
2101,1,5000,7.36,1
2102,1,5000,7.04,1
2103,1,5000,7.82,1
2104,1,5000,6.34,1
2105,1,5000,6.44,1
2106,1,5000,6.66,1
2107,1,5000,7.16,1
2108,1,5000,6.64,1
2109,1,5000,6.82,1
2110,1,5000,7.76,1
2111,1,5000,6.04,1
2112,1,5000,7.14,1
2113,1,5000,5.62,1
2114,1,5000,6.84,1
2115,1,5000,7.14,1
2116,1,5000,7.32,1
2117,1,5000,8.36,1
2118,1,5000,6.62,1
2119,1,5000,6.92,1
2120,1,5000,7.34,1
2121,1,5000,8.48,1
2122,1,5000,6.96,1
2123,1,5000,7.66,1
2124,1,5000,6.76,1
2125,1,5000,6.52,1
2126,1,5000,6.88,1
2127,1,5000,6.8,1
2128,1,5000,6.12,1
2129,1,5000,7.16,1
2130,1,5000,6.52,1
2131,1,5000,7.36,1
2132,1,5000,6.38,1
2133,1,5000,7.1,1
2134,1,5000,6.68,1
2135,1,5000,7.24,1
2136,1,5000,6.68,1
2137,1,5000,8.22,1
2138,1,5000,7.9,1
2139,1,5000,7.28,1
2140,1,5000,7.6,1
2141,1,5000,6.28,1
2142,1,5000,6.28,1
2143,1,5000,7.0,1
2144,1,5000,6.82,1
2145,1,5000,7.46,1
2146,1,5000,5.74,1
2147,1,5000,6.54,1
2148,1,5000,6.72,1
2149,1,5000,6.28,1
2150,1,5000,6.56,1
2151,1,5000,7.4,1
2152,1,5000,7.72,1
2153,1,5000,7.46,1
2154,1,5000,6.58,1
2155,1,5000,7.94,1
2156,1,5000,7.82,1
2157,1,5000,7.06,1
2158,1,5000,7.22,1
2159,1,5000,6.2,1
2160,1,5000,7.7,1
2161,1,5000,6.38,1
2162,1,5000,7.02,1
2163,1,5000,7.42,1
2164,1,5000,7.14,1
2165,1,5000,7.12,1
2166,1,5000,7.68,1
2167,1,5000,6.76,1
2168,1,5000,7.14,1
2169,1,5000,6.98,1
2170,1,5000,6.64,1
2171,1,5000,6.88,1
2172,1,5000,7.5,1
2173,1,5000,6.9,1
2174,1,5000,6.7,1
2175,1,5000,6.56,1
2176,1,5000,7.42,1
2177,1,5000,6.76,1
2178,1,5000,6.92,1
2179,1,5000,7.92,1
2180,1,5000,7.74,1
2181,1,5000,8.3,1
2182,1,5000,7.06,1
2183,1,5000,7.2,1
2184,1,5000,7.18,1
2185,1,5000,7.06,1
2186,1,5000,6.84,1
2187,1,5000,6.4,1
2188,1,5000,6.56,1
2189,1,5000,6.36,1
2190,1,5000,7.26,1
2191,1,5000,7.78,1
2192,1,5000,6.62,1
2193,1,5000,6.44,1
2194,1,5000,7.4,1
2195,1,5000,6.5,1
2196,1,5000,7.22,1
2197,1,5000,6.58,1
2198,1,5000,6.22,1
2199,1,5000,7.08,1
2200,1,5000,8.18,1
2201,1,5000,6.84,1
2202,1,5000,6.56,1
2203,1,5000,7.88,1
2204,1,5000,7.14,1
2205,1,5000,7.28,1
2206,1,5000,7.3,1
2207,1,5000,6.56,1
2208,1,5000,6.82,1
2209,1,5000,6.48,1
2210,1,5000,7.2,1
2211,1,5000,5.66,1
2212,1,5000,7.36,1
2213,1,5000,7.44,1
2214,1,5000,7.08,1
2215,1,5000,6.9,1
2216,1,5000,7.1,1
2217,1,5000,6.54,1
2218,1,5000,5.64,1
2219,1,5000,6.94,1
2220,1,5000,6.6,1
2221,1,5000,7.5,1
2222,1,5000,6.34,1
2223,1,5000,7.06,1
2224,1,5000,7.34,1
2225,1,5000,7.22,1
2226,1,5000,6.5,1
2227,1,5000,6.48,1
2228,1,5000,7.1,1
2229,1,5000,6.46,1
2230,1,5000,6.84,1
2231,1,5000,7.22,1
2232,1,5000,7.24,1
2233,1,5000,7.0,1
2234,1,5000,6.74,1
2235,1,5000,7.78,1
2236,1,5000,7.26,1
2237,1,5000,6.62,1
2238,1,5000,8.04,1
2239,1,5000,7.6,1
2240,1,5000,7.04,1
2241,1,5000,8.12,1
2242,1,5000,7.16,1
2243,1,5000,7.08,1
2244,1,5000,7.48,1
2245,1,5000,6.96,1
2246,1,5000,7.44,1
2247,1,5000,7.8,1
2248,1,5000,6.84,1
2249,1,5000,8.16,1
2250,1,5000,7.56,1
2251,1,5000,6.88,1
2252,1,5000,6.96,1
2253,1,5000,7.72,1
2254,1,5000,5.96,1
2255,1,5000,6.84,1
2256,1,5000,6.84,1
2257,1,5000,6.54,1
2258,1,5000,6.42,1
2259,1,5000,7.22,1
2260,1,5000,6.02,1
2261,1,5000,6.96,1
2262,1,5000,5.96,1
2263,1,5000,7.0,1
2264,1,5000,5.72,1
2265,1,5000,7.5,1
2266,1,5000,6.92,1
2267,1,5000,6.16,1
2268,1,5000,6.92,1
2269,1,5000,6.34,1
2270,1,5000,7.24,1
2271,1,5000,7.4,1
2272,1,5000,7.56,1
2273,1,5000,6.18,1
2274,1,5000,6.74,1
2275,1,5000,6.32,1
2276,1,5000,7.26,1
2277,1,5000,6.8,1
2278,1,5000,7.4,1
2279,1,5000,8.24,1
2280,1,5000,6.98,1
2281,1,5000,6.96,1
2282,1,5000,7.04,1
2283,1,5000,8.08,1
2284,1,5000,7.24,1
2285,1,5000,6.92,1
2286,1,5000,6.88,1
2287,1,5000,6.58,1
2288,1,5000,6.38,1
2289,1,5000,5.84,1
2290,1,5000,6.84,1
2291,1,5000,7.0,1
2292,1,5000,7.64,1
2293,1,5000,7.66,1
2294,1,5000,7.44,1
2295,1,5000,7.24,1
2296,1,5000,8.2,1
2297,1,5000,7.68,1
2298,1,5000,7.82,1
2299,1,5000,6.64,1
2300,1,5000,7.86,1
2301,1,5000,7.42,1
2302,1,5000,6.76,1
2303,1,5000,7.24,1
2304,1,5000,8.3,1
2305,1,5000,7.02,1
2306,1,5000,6.42,1
2307,1,5000,6.8,1
2308,1,5000,7.9,1
2309,1,5000,7.34,1
2310,1,5000,6.84,1
2311,1,5000,7.44,1
2312,1,5000,6.7,1
2313,1,5000,6.94,1
2314,1,5000,7.64,1
2315,1,5000,6.62,1
2316,1,5000,7.0,1
2317,1,5000,5.96,1
2318,1,5000,6.26,1
2319,1,5000,6.42,1
2320,1,5000,7.22,1
2321,1,5000,6.34,1
2322,1,5000,6.64,1
2323,1,5000,7.06,1
2324,1,5000,6.52,1
2325,1,5000,7.78,1
2326,1,5000,7.84,1
2327,1,5000,7.1,1
2328,1,5000,7.16,1
2329,1,5000,6.7,1
2330,1,5000,5.88,1
2331,1,5000,6.96,1
2332,1,5000,6.42,1
2333,1,5000,6.88,1
2334,1,5000,7.06,1
2335,1,5000,7.38,1
2336,1,5000,6.86,1
2337,1,5000,5.94,1
2338,1,5000,6.74,1
2339,1,5000,7.16,1
2340,1,5000,7.28,1
2341,1,5000,6.92,1
2342,1,5000,6.78,1
2343,1,5000,7.22,1
2344,1,5000,7.2,1
2345,1,5000,6.68,1
2346,1,5000,6.6,1
2347,1,5000,6.5,1
2348,1,5000,7.42,1
2349,1,5000,7.66,1
2350,1,5000,7.6,1
2351,1,5000,7.56,1
2352,1,5000,8.32,1
2353,1,5000,7.84,1
2354,1,5000,7.9,1
2355,1,5000,6.52,1
2356,1,5000,7.88,1
2357,1,5000,7.36,1
2358,1,5000,7.32,1
2359,1,5000,7.04,1
2360,1,5000,6.64,1
2361,1,5000,6.46,1
2362,1,5000,5.9,1
2363,1,5000,6.04,1
2364,1,5000,7.86,1
2365,1,5000,6.94,1
2366,1,5000,8.94,1
2367,1,5000,7.12,1
2368,1,5000,6.38,1
2369,1,5000,7.54,1
2370,1,5000,7.84,1
2371,1,5000,6.96,1
2372,1,5000,6.6,1
2373,1,5000,6.8,1
2374,1,5000,6.42,1
2375,1,5000,6.62,1
2376,1,5000,7.68,1
2377,1,5000,7.78,1
2378,1,5000,6.66,1
2379,1,5000,7.24,1
2380,1,5000,7.44,1
2381,1,5000,7.6,1
2382,1,5000,7.6,1
2383,1,5000,6.6,1
2384,1,5000,7.02,1
2385,1,5000,7.74,1
2386,1,5000,7.26,1
2387,1,5000,7.06,1
2388,1,5000,7.84,1
2389,1,5000,7.76,1
2390,1,5000,7.76,1
2391,1,5000,7.24,1
2392,1,5000,6.7,1
2393,1,5000,7.4,1
2394,1,5000,6.5,1
2395,1,5000,6.44,1
2396,1,5000,6.12,1
2397,1,5000,6.56,1
2398,1,5000,6.82,1
2399,1,5000,6.86,1
2400,1,5000,6.92,1
2401,1,5000,6.98,1
2402,1,5000,6.92,1
2403,1,5000,7.2,1
2404,1,5000,7.06,1
2405,1,5000,7.16,1
2406,1,5000,7.02,1
2407,1,5000,6.56,1
2408,1,5000,8.3,1
2409,1,5000,6.72,1
2410,1,5000,6.2,1
2411,1,5000,7.24,1
2412,1,5000,7.44,1
2413,1,5000,7.26,1
2414,1,5000,7.04,1
2415,1,5000,7.2,1
2416,1,5000,7.78,1
2417,1,5000,6.28,1
2418,1,5000,6.96,1
2419,1,5000,7.7,1
2420,1,5000,6.9,1
2421,1,5000,6.96,1
2422,1,5000,7.18,1
2423,1,5000,6.52,1
2424,1,5000,7.12,1
2425,1,5000,6.94,1
2426,1,5000,8.08,1
2427,1,5000,7.0,1
2428,1,5000,6.76,1
2429,1,5000,7.76,1
2430,1,5000,7.74,1
2431,1,5000,7.8,1
2432,1,5000,5.86,1
2433,1,5000,7.22,1
2434,1,5000,6.92,1
2435,1,5000,7.5,1
2436,1,5000,7.74,1
2437,1,5000,6.76,1
2438,1,5000,6.98,1
2439,1,5000,7.42,1
2440,1,5000,8.16,1
2441,1,5000,6.66,1
2442,1,5000,6.88,1
2443,1,5000,7.2,1
2444,1,5000,7.56,1
2445,1,5000,7.64,1
2446,1,5000,7.22,1
2447,1,5000,7.34,1
2448,1,5000,6.82,1
2449,1,5000,7.96,1
2450,1,5000,7.38,1
2451,1,5000,7.42,1
2452,1,5000,7.5,1
2453,1,5000,7.58,1
2454,1,5000,7.54,1
2455,1,5000,6.62,1
2456,1,5000,6.7,1
2457,1,5000,6.66,1
2458,1,5000,7.32,1
2459,1,5000,7.22,1
2460,1,5000,6.38,1
2461,1,5000,6.36,1
2462,1,5000,6.68,1
2463,1,5000,6.78,1
2464,1,5000,7.84,1
2465,1,5000,6.8,1
2466,1,5000,6.2,1
2467,1,5000,7.06,1
2468,1,5000,7.98,1
2469,1,5000,7.14,1
2470,1,5000,6.64,1
2471,1,5000,7.1,1
2472,1,5000,7.68,1
2473,1,5000,6.94,1
2474,1,5000,7.32,1
2475,1,5000,7.7,1
2476,1,5000,6.28,1
2477,1,5000,5.98,1
2478,1,5000,6.38,1
2479,1,5000,6.48,1
2480,1,5000,7.34,1
2481,1,5000,7.66,1
2482,1,5000,6.66,1
2483,1,5000,7.24,1
2484,1,5000,6.76,1
2485,1,5000,6.58,1
2486,1,5000,6.34,1
2487,1,5000,6.66,1
2488,1,5000,7.2,1
2489,1,5000,7.24,1
2490,1,5000,7.98,1
2491,1,5000,7.74,1
2492,1,5000,7.64,1
2493,1,5000,6.66,1
2494,1,5000,6.88,1
2495,1,5000,7.08,1
2496,1,5000,6.76,1
2497,1,5000,8.9,1
2498,1,5000,7.32,1
2499,1,5000,7.86,1
2500,1,5000,7.58,1
2501,1,5000,7.4,1
2502,1,5000,7.4,1
2503,1,5000,6.94,1
2504,1,5000,7.52,1
2505,1,5000,7.04,1
2506,1,5000,7.56,1
2507,1,5000,7.3,1
2508,1,5000,7.1,1
2509,1,5000,7.12,1
2510,1,5000,7.18,1
2511,1,5000,6.94,1
2512,1,5000,7.58,1
2513,1,5000,7.16,1
2514,1,5000,7.14,1
2515,1,5000,6.52,1
2516,1,5000,6.9,1
2517,1,5000,6.36,1
2518,1,5000,6.72,1
2519,1,5000,7.44,1
2520,1,5000,7.4,1
2521,1,5000,7.6,1
2522,1,5000,7.06,1
2523,1,5000,7.42,1
2524,1,5000,6.54,1
2525,1,5000,7.18,1
2526,1,5000,6.52,1
2527,1,5000,6.34,1
2528,1,5000,7.7,1
2529,1,5000,7.68,1
2530,1,5000,6.78,1
2531,1,5000,6.98,1
2532,1,5000,7.4,1
2533,1,5000,7.44,1
2534,1,5000,7.46,1
2535,1,5000,6.2,1
2536,1,5000,6.32,1
2537,1,5000,6.46,1
2538,1,5000,7.58,1
2539,1,5000,7.2,1
2540,1,5000,6.3,0
0,2,5000,57.54,44
1,2,5000,50.28,40
2,2,5000,44.08,35
3,2,5000,40.0,34
4,2,5000,36.62,30
5,2,5000,33.16,28
6,2,5000,31.38,26
7,2,5000,29.52,26
8,2,5000,28.94,25
9,2,5000,28.18,22
10,2,5000,27.4,21
11,2,5000,24.9,21
12,2,5000,24.88,21
13,2,5000,24.36,20
14,2,5000,23.4,20
15,2,5000,23.58,16
16,2,5000,22.36,16
17,2,5000,19.9,15
18,2,5000,19.0,15
19,2,5000,19.54,15
20,2,5000,19.5,15
21,2,5000,19.26,15
22,2,5000,19.22,15
23,2,5000,19.32,15
24,2,5000,19.34,15
25,2,5000,18.3,15
26,2,5000,18.62,15
27,2,5000,18.9,15
28,2,5000,19.26,14
29,2,5000,19.38,14
30,2,5000,18.76,14
31,2,5000,17.82,14
32,2,5000,18.92,14
33,2,5000,18.38,14
34,2,5000,19.58,13
35,2,5000,17.88,13
36,2,5000,17.9,13
37,2,5000,17.74,13
38,2,5000,17.76,13
39,2,5000,16.78,13
40,2,5000,16.9,12
41,2,5000,17.08,12
42,2,5000,17.68,12
43,2,5000,16.3,12
44,2,5000,16.38,12
45,2,5000,16.78,12
46,2,5000,16.28,12
47,2,5000,16.62,11
48,2,5000,16.84,11
49,2,5000,16.12,11
50,2,5000,14.92,11
51,2,5000,15.66,11
52,2,5000,15.22,10
53,2,5000,15.78,10
54,2,5000,15.1,9
55,2,5000,14.06,9
56,2,5000,13.58,9
57,2,5000,14.34,9
58,2,5000,13.2,9
59,2,5000,12.96,9
60,2,5000,13.12,9
61,2,5000,13.22,9
62,2,5000,13.1,9
63,2,5000,14.46,9
64,2,5000,14.94,9
65,2,5000,13.94,9
66,2,5000,13.06,8
67,2,5000,13.48,8
68,2,5000,13.68,7
69,2,5000,12.92,7
70,2,5000,12.24,7
71,2,5000,12.56,7
72,2,5000,12.38,7
73,2,5000,12.56,7
74,2,5000,13.4,7
75,2,5000,13.38,7
76,2,5000,11.66,7
77,2,5000,12.38,7
78,2,5000,11.94,7
79,2,5000,11.58,7
80,2,5000,12.04,7
81,2,5000,12.66,7
82,2,5000,11.34,7
83,2,5000,11.82,7
84,2,5000,12.64,7
85,2,5000,12.2,7
86,2,5000,12.24,7
87,2,5000,11.82,7
88,2,5000,11.54,7
89,2,5000,13.06,7
90,2,5000,12.86,7
91,2,5000,11.96,7
92,2,5000,13.02,7
93,2,5000,11.96,7
94,2,5000,11.42,7
95,2,5000,11.26,7
96,2,5000,12.98,7
97,2,5000,12.34,7
98,2,5000,13.04,7
99,2,5000,12.02,7
100,2,5000,13.12,7
101,2,5000,12.86,7
102,2,5000,13.08,7
103,2,5000,12.74,7
104,2,5000,12.26,6
105,2,5000,12.26,6
106,2,5000,12.12,6
107,2,5000,11.78,6
108,2,5000,11.42,6
109,2,5000,12.28,6
110,2,5000,11.48,6
111,2,5000,11.6,6
112,2,5000,11.14,6
113,2,5000,11.72,6
114,2,5000,12.5,6
115,2,5000,11.06,6
116,2,5000,12.16,6
117,2,5000,11.16,6
118,2,5000,10.88,6
119,2,5000,10.48,6
120,2,5000,10.76,6
121,2,5000,11.18,6
122,2,5000,10.86,6
123,2,5000,10.7,6
124,2,5000,10.64,5
125,2,5000,11.08,5
126,2,5000,11.32,5
127,2,5000,10.66,5
128,2,5000,10.66,5
129,2,5000,12.4,5
130,2,5000,11.7,5
131,2,5000,12.02,5
132,2,5000,10.68,5
133,2,5000,10.76,5
134,2,5000,11.44,5
135,2,5000,11.94,5
136,2,5000,11.24,5
137,2,5000,11.32,5
138,2,5000,10.68,5
139,2,5000,10.62,5
140,2,5000,10.62,5
141,2,5000,9.46,5
142,2,5000,10.64,5
143,2,5000,11.16,5
144,2,5000,10.98,5
145,2,5000,9.48,4
146,2,5000,8.82,4
147,2,5000,9.58,4
148,2,5000,10.08,4
149,2,5000,9.96,4
150,2,5000,9.62,4
151,2,5000,8.9,4
152,2,5000,9.5,4
153,2,5000,8.04,4
154,2,5000,9.52,4
155,2,5000,10.26,4
156,2,5000,9.92,4
157,2,5000,10.1,4
158,2,5000,10.46,4
159,2,5000,10.48,3
160,2,5000,8.68,3
161,2,5000,9.0,3
162,2,5000,8.98,3
163,2,5000,8.9,3
164,2,5000,8.86,3
165,2,5000,8.86,3
166,2,5000,9.84,3
167,2,5000,8.98,3
168,2,5000,8.9,3
169,2,5000,8.56,3
170,2,5000,10.98,3
171,2,5000,9.16,3
172,2,5000,9.66,3
173,2,5000,9.36,3
174,2,5000,9.2,3
175,2,5000,8.9,3
176,2,5000,8.26,3
177,2,5000,8.1,3
178,2,5000,8.36,3
179,2,5000,9.02,3
180,2,5000,7.9,3
181,2,5000,8.54,3
182,2,5000,8.68,3
183,2,5000,9.56,3
184,2,5000,7.92,3
185,2,5000,9.0,3
186,2,5000,8.72,3
187,2,5000,7.72,3
188,2,5000,8.52,3
189,2,5000,8.8,3
190,2,5000,8.84,3
191,2,5000,9.2,3
192,2,5000,8.42,3
193,2,5000,8.68,3
194,2,5000,9.12,3
195,2,5000,9.82,3
196,2,5000,8.42,3
197,2,5000,9.4,3
198,2,5000,9.44,3
199,2,5000,8.22,3
200,2,5000,8.6,3
201,2,5000,8.32,3
202,2,5000,8.54,3
203,2,5000,8.54,3
204,2,5000,7.86,3
205,2,5000,7.44,3
206,2,5000,9.1,3
207,2,5000,9.5,3
208,2,5000,9.16,3
209,2,5000,7.92,3
210,2,5000,8.9,3
211,2,5000,8.46,3
212,2,5000,8.52,3
213,2,5000,8.5,3
214,2,5000,8.54,3
215,2,5000,7.98,3
216,2,5000,9.06,3
217,2,5000,7.74,3
218,2,5000,7.84,3
219,2,5000,8.38,3
220,2,5000,9.34,3
221,2,5000,9.44,3
222,2,5000,8.64,3
223,2,5000,7.98,3
224,2,5000,9.7,3
225,2,5000,9.18,3
226,2,5000,9.42,3
227,2,5000,8.38,3
228,2,5000,8.18,3
229,2,5000,8.9,3
230,2,5000,9.26,3
231,2,5000,9.14,3
232,2,5000,7.96,3
233,2,5000,7.98,3
234,2,5000,9.28,3
235,2,5000,8.04,3
236,2,5000,8.48,3
237,2,5000,8.84,3
238,2,5000,8.36,3
239,2,5000,8.54,3
240,2,5000,9.46,3
241,2,5000,8.96,3
242,2,5000,9.58,3
243,2,5000,9.42,3
244,2,5000,9.0,3
245,2,5000,8.28,3
246,2,5000,8.82,3
247,2,5000,9.32,3
248,2,5000,8.56,3
249,2,5000,8.02,3
250,2,5000,8.3,3
251,2,5000,7.68,3
252,2,5000,8.44,3
253,2,5000,8.42,3
254,2,5000,9.18,3
255,2,5000,8.34,3
256,2,5000,8.34,3
257,2,5000,9.04,3
258,2,5000,9.12,3
259,2,5000,8.8,3
260,2,5000,9.1,3
261,2,5000,8.26,3
262,2,5000,9.42,3
263,2,5000,9.88,3
264,2,5000,8.84,3
265,2,5000,9.82,3
266,2,5000,9.02,3
267,2,5000,9.06,3
268,2,5000,8.7,3
269,2,5000,8.36,3
270,2,5000,8.2,3
271,2,5000,9.0,3
272,2,5000,8.78,3
273,2,5000,8.26,3
274,2,5000,8.78,3
275,2,5000,8.48,3
276,2,5000,8.74,3
277,2,5000,8.88,3
278,2,5000,8.3,3
279,2,5000,8.38,3
280,2,5000,7.8,3
281,2,5000,9.42,3
282,2,5000,10.4,3
283,2,5000,8.68,3
284,2,5000,8.56,3
285,2,5000,8.58,3
286,2,5000,9.4,3
287,2,5000,9.36,3
288,2,5000,8.06,3
289,2,5000,9.04,3
290,2,5000,7.98,3
291,2,5000,8.28,3
292,2,5000,8.98,3
293,2,5000,9.06,3
294,2,5000,8.24,3
295,2,5000,9.26,3
296,2,5000,8.76,3
297,2,5000,8.02,3
298,2,5000,8.86,3
299,2,5000,8.8,3
300,2,5000,8.46,3
301,2,5000,8.4,3
302,2,5000,8.06,3
303,2,5000,8.7,3
304,2,5000,8.46,3
305,2,5000,8.3,3
306,2,5000,7.82,3
307,2,5000,8.54,3
308,2,5000,9.66,3
309,2,5000,9.54,3
310,2,5000,9.08,3
311,2,5000,7.76,3
312,2,5000,8.4,3
313,2,5000,8.96,3
314,2,5000,8.58,3
315,2,5000,8.18,3
316,2,5000,8.9,3
317,2,5000,8.14,3
318,2,5000,7.8,3
319,2,5000,8.1,3
320,2,5000,9.06,3
321,2,5000,8.94,3
322,2,5000,7.96,3
323,2,5000,8.24,3
324,2,5000,8.38,3
325,2,5000,9.2,3
326,2,5000,9.24,3
327,2,5000,8.68,3
328,2,5000,9.38,3
329,2,5000,8.64,3
330,2,5000,8.94,3
331,2,5000,8.88,3
332,2,5000,8.66,3
333,2,5000,7.5,3
334,2,5000,7.98,3
335,2,5000,8.38,3
336,2,5000,8.34,3
337,2,5000,8.68,3
338,2,5000,9.0,3
339,2,5000,8.36,3
340,2,5000,9.12,3
341,2,5000,8.3,3
342,2,5000,8.58,3
343,2,5000,7.94,3
344,2,5000,8.74,3
345,2,5000,8.48,3
346,2,5000,8.3,3
347,2,5000,9.96,3
348,2,5000,8.92,3
349,2,5000,9.34,3
350,2,5000,9.04,3
351,2,5000,9.3,3
352,2,5000,9.38,3
353,2,5000,7.14,3
354,2,5000,8.0,3
355,2,5000,8.54,3
356,2,5000,7.7,3
357,2,5000,8.56,3
358,2,5000,9.26,3
359,2,5000,8.66,3
360,2,5000,8.6,3
361,2,5000,8.62,3
362,2,5000,8.7,3
363,2,5000,8.84,3
364,2,5000,7.76,3
365,2,5000,8.74,3
366,2,5000,9.48,3
367,2,5000,8.86,3
368,2,5000,8.44,3
369,2,5000,8.64,3
370,2,5000,9.68,3
371,2,5000,8.2,3
372,2,5000,8.82,3
373,2,5000,8.1,3
374,2,5000,7.9,3
375,2,5000,8.18,3
376,2,5000,8.82,3
377,2,5000,8.2,3
378,2,5000,8.6,3
379,2,5000,8.94,3
380,2,5000,8.54,3
381,2,5000,9.46,3
382,2,5000,8.86,3
383,2,5000,9.4,3
384,2,5000,8.96,3
385,2,5000,9.2,3
386,2,5000,9.34,3
387,2,5000,8.68,3
388,2,5000,8.02,3
389,2,5000,8.16,3
390,2,5000,8.44,3
391,2,5000,8.32,3
392,2,5000,9.42,3
393,2,5000,8.58,3
394,2,5000,8.82,3
395,2,5000,8.74,3
396,2,5000,10.22,3
397,2,5000,9.68,3
398,2,5000,8.28,3
399,2,5000,8.06,3
400,2,5000,8.88,3
401,2,5000,8.1,3
402,2,5000,8.5,3
403,2,5000,8.16,3
404,2,5000,8.76,3
405,2,5000,9.06,3
406,2,5000,8.9,3
407,2,5000,9.54,3
408,2,5000,9.12,3
409,2,5000,8.38,3
410,2,5000,8.36,3
411,2,5000,9.2,3
412,2,5000,8.66,3
413,2,5000,8.74,3
414,2,5000,9.02,3
415,2,5000,7.78,3
416,2,5000,9.38,3
417,2,5000,8.48,3
418,2,5000,8.16,3
419,2,5000,9.04,3
420,2,5000,8.96,3
421,2,5000,8.7,3
422,2,5000,8.64,3
423,2,5000,7.96,3
424,2,5000,8.54,3
425,2,5000,9.52,3
426,2,5000,8.64,3
427,2,5000,9.0,3
428,2,5000,10.06,3
429,2,5000,8.64,3
430,2,5000,8.94,3
431,2,5000,8.62,3
432,2,5000,9.4,3
433,2,5000,8.88,3
434,2,5000,9.0,3
435,2,5000,8.74,3
436,2,5000,9.4,3
437,2,5000,9.84,3
438,2,5000,8.78,3
439,2,5000,8.42,3
440,2,5000,8.44,3
441,2,5000,8.4,3
442,2,5000,8.74,3
443,2,5000,8.28,3
444,2,5000,8.54,3
445,2,5000,7.98,3
446,2,5000,8.72,3
447,2,5000,8.64,3
448,2,5000,8.26,3
449,2,5000,8.24,3
450,2,5000,8.6,3
451,2,5000,9.5,3
452,2,5000,9.92,3
453,2,5000,8.32,3
454,2,5000,8.58,3
455,2,5000,9.32,3
456,2,5000,8.38,3
457,2,5000,9.18,3
458,2,5000,9.38,3
459,2,5000,9.86,3
460,2,5000,9.3,3
461,2,5000,7.98,3
462,2,5000,9.26,3
463,2,5000,9.04,3
464,2,5000,8.6,3
465,2,5000,8.62,3
466,2,5000,8.76,3
467,2,5000,8.94,3
468,2,5000,8.02,3
469,2,5000,8.74,3
470,2,5000,9.78,3
471,2,5000,9.38,3
472,2,5000,8.48,3
473,2,5000,8.66,3
474,2,5000,8.38,3
475,2,5000,9.5,3
476,2,5000,8.42,3
477,2,5000,9.64,3
478,2,5000,8.52,3
479,2,5000,9.36,3
480,2,5000,9.28,3
481,2,5000,8.66,3
482,2,5000,7.62,3
483,2,5000,7.78,3
484,2,5000,8.34,3
485,2,5000,8.82,3
486,2,5000,8.1,3
487,2,5000,8.3,3
488,2,5000,8.22,3
489,2,5000,8.14,3
490,2,5000,8.76,3
491,2,5000,8.88,3
492,2,5000,8.7,3
493,2,5000,8.34,3
494,2,5000,8.26,3
495,2,5000,8.5,3
496,2,5000,8.72,3
497,2,5000,8.42,3
498,2,5000,9.8,3
499,2,5000,9.0,3
500,2,5000,9.18,3
501,2,5000,8.78,3
502,2,5000,8.04,3
503,2,5000,8.38,3
504,2,5000,8.92,3
505,2,5000,9.18,3
506,2,5000,8.1,3
507,2,5000,9.0,3
508,2,5000,8.76,3
509,2,5000,7.94,3
510,2,5000,8.7,3
511,2,5000,8.56,3
512,2,5000,8.0,3
513,2,5000,8.68,3
514,2,5000,8.38,3
515,2,5000,7.92,3
516,2,5000,8.26,3
517,2,5000,8.86,3
518,2,5000,8.9,3
519,2,5000,9.86,3
520,2,5000,8.5,3
521,2,5000,7.72,3
522,2,5000,8.46,3
523,2,5000,8.86,3
524,2,5000,8.6,3
525,2,5000,8.34,3
526,2,5000,8.72,3
527,2,5000,8.6,3
528,2,5000,8.78,3
529,2,5000,8.18,3
530,2,5000,10.0,3
531,2,5000,9.12,3
532,2,5000,8.7,3
533,2,5000,9.1,3
534,2,5000,9.42,3
535,2,5000,9.8,3
536,2,5000,10.18,3
537,2,5000,10.18,3
538,2,5000,8.36,3
539,2,5000,8.62,3
540,2,5000,8.04,3
541,2,5000,8.26,3
542,2,5000,8.02,3
543,2,5000,8.18,3
544,2,5000,8.26,3
545,2,5000,8.16,3
546,2,5000,8.26,3
547,2,5000,9.16,3
548,2,5000,8.82,3
549,2,5000,8.58,3
550,2,5000,8.46,3
551,2,5000,8.84,3
552,2,5000,8.62,3
553,2,5000,8.74,3
554,2,5000,8.98,3
555,2,5000,8.34,3
556,2,5000,9.44,3
557,2,5000,9.04,3
558,2,5000,8.38,3
559,2,5000,9.2,3
560,2,5000,9.12,3
561,2,5000,9.0,3
562,2,5000,8.62,3
563,2,5000,8.64,3
564,2,5000,8.98,3
565,2,5000,8.68,3
566,2,5000,8.26,3
567,2,5000,9.1,3
568,2,5000,9.2,3
569,2,5000,8.8,3
570,2,5000,8.58,3
571,2,5000,8.26,3
572,2,5000,9.14,3
573,2,5000,9.06,3
574,2,5000,9.06,3
575,2,5000,9.5,3
576,2,5000,9.24,3
577,2,5000,8.62,3
578,2,5000,9.24,3
579,2,5000,8.14,3
580,2,5000,8.36,3
581,2,5000,8.7,3
582,2,5000,8.92,3
583,2,5000,8.6,3
584,2,5000,8.66,3
585,2,5000,7.94,3
586,2,5000,7.52,3
587,2,5000,8.04,3
588,2,5000,8.08,3
589,2,5000,9.12,3
590,2,5000,9.7,3
591,2,5000,9.14,3
592,2,5000,9.18,3
593,2,5000,8.24,3
594,2,5000,8.8,3
595,2,5000,8.48,3
596,2,5000,8.6,3
597,2,5000,8.74,3
598,2,5000,9.02,3
599,2,5000,8.6,3
600,2,5000,8.68,3
601,2,5000,8.12,3
602,2,5000,8.64,3
603,2,5000,8.92,3
604,2,5000,8.1,3
605,2,5000,8.22,3
606,2,5000,8.12,3
607,2,5000,8.78,3
608,2,5000,8.9,3
609,2,5000,8.2,3
610,2,5000,8.54,3
611,2,5000,7.96,3
612,2,5000,9.14,3
613,2,5000,8.84,3
614,2,5000,9.46,3
615,2,5000,8.8,3
616,2,5000,8.6,3
617,2,5000,9.0,3
618,2,5000,8.58,3
619,2,5000,8.96,3
620,2,5000,9.02,3
621,2,5000,9.46,3
622,2,5000,9.46,3
623,2,5000,8.86,3
624,2,5000,8.34,3
625,2,5000,8.48,3
626,2,5000,7.5,3
627,2,5000,8.96,3
628,2,5000,8.7,3
629,2,5000,8.82,3
630,2,5000,8.48,3
631,2,5000,9.26,3
632,2,5000,8.52,3
633,2,5000,7.98,3
634,2,5000,8.64,3
635,2,5000,7.78,3
636,2,5000,8.38,3
637,2,5000,7.94,3
638,2,5000,8.72,3
639,2,5000,8.54,3
640,2,5000,8.3,3
641,2,5000,7.78,3
642,2,5000,9.36,3
643,2,5000,9.08,3
644,2,5000,9.46,3
645,2,5000,9.9,3
646,2,5000,8.94,3
647,2,5000,8.8,3
648,2,5000,9.48,3
649,2,5000,9.44,3
650,2,5000,8.44,3
651,2,5000,8.16,3
652,2,5000,8.94,3
653,2,5000,9.0,3
654,2,5000,9.36,3
655,2,5000,8.4,3
656,2,5000,8.86,3
657,2,5000,9.6,3
658,2,5000,9.84,3
659,2,5000,8.24,3
660,2,5000,8.54,3
661,2,5000,8.66,3
662,2,5000,8.54,3
663,2,5000,9.0,3
664,2,5000,7.5,3
665,2,5000,9.32,3
666,2,5000,9.18,3
667,2,5000,9.7,3
668,2,5000,9.1,3
669,2,5000,8.66,3
670,2,5000,8.02,3
671,2,5000,8.66,3
672,2,5000,8.88,3
673,2,5000,8.42,3
674,2,5000,8.34,3
675,2,5000,7.64,3
676,2,5000,7.8,3
677,2,5000,8.86,3
678,2,5000,8.98,3
679,2,5000,7.86,3
680,2,5000,8.22,3
681,2,5000,8.86,3
682,2,5000,8.64,3
683,2,5000,8.48,3
684,2,5000,8.76,3
685,2,5000,9.14,3
686,2,5000,8.62,3
687,2,5000,8.28,3
688,2,5000,8.26,3
689,2,5000,8.48,3
690,2,5000,9.44,3
691,2,5000,8.9,3
692,2,5000,8.7,3
693,2,5000,8.48,3
694,2,5000,7.9,3
695,2,5000,9.2,3
696,2,5000,8.1,3
697,2,5000,8.52,3
698,2,5000,8.62,3
699,2,5000,8.24,3
700,2,5000,8.5,3
701,2,5000,9.32,3
702,2,5000,8.7,3
703,2,5000,8.86,3
704,2,5000,9.02,3
705,2,5000,8.64,3
706,2,5000,10.18,3
707,2,5000,8.84,3
708,2,5000,10.64,3
709,2,5000,9.28,3
710,2,5000,8.32,3
711,2,5000,8.88,3
712,2,5000,8.36,3
713,2,5000,8.14,3
714,2,5000,9.02,3
715,2,5000,8.14,3
716,2,5000,9.52,3
717,2,5000,8.72,3
718,2,5000,8.64,3
719,2,5000,9.12,3
720,2,5000,9.18,3
721,2,5000,9.24,3
722,2,5000,9.48,3
723,2,5000,8.68,3
724,2,5000,8.96,3
725,2,5000,9.96,3
726,2,5000,8.14,3
727,2,5000,9.34,3
728,2,5000,9.28,3
729,2,5000,8.86,3
730,2,5000,9.1,3
731,2,5000,9.08,3
732,2,5000,8.4,3
733,2,5000,9.24,3
734,2,5000,9.26,3
735,2,5000,8.92,3
736,2,5000,8.86,3
737,2,5000,8.28,3
738,2,5000,8.16,3
739,2,5000,9.34,3
740,2,5000,9.12,3
741,2,5000,9.12,3
742,2,5000,9.1,3
743,2,5000,8.62,3
744,2,5000,9.14,3
745,2,5000,9.04,3
746,2,5000,7.64,3
747,2,5000,8.48,3
748,2,5000,8.5,2
749,2,5000,8.9,2
750,2,5000,8.74,2
751,2,5000,7.9,2
752,2,5000,7.92,2
753,2,5000,8.3,2
754,2,5000,9.12,2
755,2,5000,8.18,2
756,2,5000,7.78,2
757,2,5000,8.24,2
758,2,5000,7.56,2
759,2,5000,7.86,2
760,2,5000,8.38,2
761,2,5000,7.74,2
762,2,5000,8.44,2
763,2,5000,8.14,2
764,2,5000,6.56,2
765,2,5000,7.98,2
766,2,5000,7.7,2
767,2,5000,7.16,2
768,2,5000,7.48,2
769,2,5000,7.72,2
770,2,5000,7.46,2
771,2,5000,7.44,2
772,2,5000,7.42,2
773,2,5000,7.74,2
774,2,5000,7.62,2
775,2,5000,7.52,2
776,2,5000,8.12,2
777,2,5000,7.74,2
778,2,5000,7.6,2
779,2,5000,7.2,2
780,2,5000,7.7,2
781,2,5000,6.78,2
782,2,5000,7.22,2
783,2,5000,7.46,2
784,2,5000,8.22,2
785,2,5000,7.86,2
786,2,5000,7.52,2
787,2,5000,7.56,2
788,2,5000,6.94,2
789,2,5000,7.64,2
790,2,5000,7.44,2
791,2,5000,7.98,2
792,2,5000,7.54,2
793,2,5000,7.22,2
794,2,5000,7.46,2
795,2,5000,7.92,2
796,2,5000,7.1,2
797,2,5000,7.62,2
798,2,5000,8.24,2
799,2,5000,8.68,2
800,2,5000,8.46,2
801,2,5000,7.06,2
802,2,5000,6.96,2
803,2,5000,7.2,2
804,2,5000,7.84,2
805,2,5000,8.14,2
806,2,5000,8.5,2
807,2,5000,7.98,2
808,2,5000,7.0,2
809,2,5000,7.18,2
810,2,5000,6.82,2
811,2,5000,7.36,2
812,2,5000,7.92,2
813,2,5000,8.38,2
814,2,5000,8.36,2
815,2,5000,7.38,2
816,2,5000,7.76,2
817,2,5000,7.58,2
818,2,5000,7.48,2
819,2,5000,7.6,2
820,2,5000,9.08,2
821,2,5000,7.6,2
822,2,5000,7.62,2
823,2,5000,8.32,2
824,2,5000,7.46,2
825,2,5000,8.14,2
826,2,5000,8.54,2
827,2,5000,8.18,2
828,2,5000,8.2,2
829,2,5000,8.66,2
830,2,5000,8.2,2
831,2,5000,7.84,2
832,2,5000,8.58,2
833,2,5000,8.24,2
834,2,5000,7.44,2
835,2,5000,8.32,2
836,2,5000,8.06,2
837,2,5000,7.62,2
838,2,5000,8.54,2
839,2,5000,8.88,2
840,2,5000,8.14,2
841,2,5000,7.72,2
842,2,5000,8.42,2
843,2,5000,8.24,2
844,2,5000,7.66,2
845,2,5000,7.78,2
846,2,5000,7.62,2
847,2,5000,6.66,2
848,2,5000,8.08,2
849,2,5000,8.36,2
850,2,5000,8.38,2
851,2,5000,8.58,2
852,2,5000,8.16,2
853,2,5000,7.82,2
854,2,5000,7.46,2
855,2,5000,6.36,2
856,2,5000,6.98,2
857,2,5000,7.4,2
858,2,5000,8.72,2
859,2,5000,8.84,2
860,2,5000,8.04,2
861,2,5000,8.4,2
862,2,5000,8.56,2
863,2,5000,7.92,2
864,2,5000,7.38,2
865,2,5000,7.32,2
866,2,5000,8.76,2
867,2,5000,8.68,2
868,2,5000,7.66,2
869,2,5000,8.9,2
870,2,5000,8.92,2
871,2,5000,8.8,2
872,2,5000,9.0,2
873,2,5000,8.8,2
874,2,5000,7.98,2
875,2,5000,7.5,2
876,2,5000,7.46,2
877,2,5000,7.92,2
878,2,5000,7.84,2
879,2,5000,7.0,2
880,2,5000,7.86,2
881,2,5000,8.22,2
882,2,5000,7.62,2
883,2,5000,7.88,2
884,2,5000,7.36,2
885,2,5000,7.78,2
886,2,5000,7.78,2
887,2,5000,7.86,2
888,2,5000,8.16,2
889,2,5000,8.54,2
890,2,5000,8.72,2
891,2,5000,8.6,2
892,2,5000,7.54,2
893,2,5000,7.16,2
894,2,5000,8.14,2
895,2,5000,7.2,2
896,2,5000,7.26,2
897,2,5000,7.54,2
898,2,5000,7.68,2
899,2,5000,8.0,2
900,2,5000,7.92,2
901,2,5000,7.08,2
902,2,5000,8.94,2
903,2,5000,7.7,2
904,2,5000,7.52,2
905,2,5000,7.72,2
906,2,5000,7.76,2
907,2,5000,7.88,2
908,2,5000,7.12,2
909,2,5000,7.62,2
910,2,5000,8.5,2
911,2,5000,8.1,2
912,2,5000,8.04,2
913,2,5000,7.98,2
914,2,5000,8.46,2
915,2,5000,9.54,2
916,2,5000,7.82,2
917,2,5000,7.92,2
918,2,5000,8.18,2
919,2,5000,7.86,2
920,2,5000,8.36,2
921,2,5000,7.56,2
922,2,5000,8.3,2
923,2,5000,7.64,2
924,2,5000,7.88,2
925,2,5000,7.82,2
926,2,5000,7.68,2
927,2,5000,7.38,2
928,2,5000,7.72,2
929,2,5000,9.32,2
930,2,5000,7.92,2
931,2,5000,7.68,2
932,2,5000,7.6,2
933,2,5000,8.12,2
934,2,5000,8.5,2
935,2,5000,7.64,2
936,2,5000,8.3,2
937,2,5000,7.38,2
938,2,5000,8.34,2
939,2,5000,7.7,2
940,2,5000,7.82,2
941,2,5000,7.82,2
942,2,5000,8.1,2
943,2,5000,7.76,2
944,2,5000,7.9,2
945,2,5000,7.46,2
946,2,5000,7.88,2
947,2,5000,7.3,2
948,2,5000,7.48,2
949,2,5000,7.18,2
950,2,5000,6.46,2
951,2,5000,8.06,2
952,2,5000,7.9,2
953,2,5000,7.96,2
954,2,5000,7.18,2
955,2,5000,7.58,2
956,2,5000,8.0,2
957,2,5000,8.42,2
958,2,5000,8.16,2
959,2,5000,7.88,2
960,2,5000,8.14,2
961,2,5000,7.92,2
962,2,5000,7.4,2
963,2,5000,7.9,2
964,2,5000,7.46,2
965,2,5000,8.48,2
966,2,5000,8.72,2
967,2,5000,8.02,2
968,2,5000,7.94,2
969,2,5000,8.08,2
970,2,5000,8.3,2
971,2,5000,9.06,2
972,2,5000,7.14,2
973,2,5000,7.8,2
974,2,5000,8.44,2
975,2,5000,9.42,2
976,2,5000,8.12,2
977,2,5000,8.36,2
978,2,5000,7.8,2
979,2,5000,9.24,2
980,2,5000,7.5,2
981,2,5000,7.98,2
982,2,5000,7.74,2
983,2,5000,7.62,2
984,2,5000,7.96,2
985,2,5000,7.76,2
986,2,5000,8.36,2
987,2,5000,8.26,2
988,2,5000,7.3,2
989,2,5000,7.5,2
990,2,5000,7.66,2
991,2,5000,7.32,2
992,2,5000,7.4,2
993,2,5000,7.62,2
994,2,5000,7.98,2
995,2,5000,7.02,2
996,2,5000,7.42,2
997,2,5000,8.18,2
998,2,5000,7.92,2
999,2,5000,7.82,2
1000,2,5000,8.04,2
1001,2,5000,7.78,2
1002,2,5000,7.56,2
1003,2,5000,6.5,2
1004,2,5000,7.38,2
1005,2,5000,7.58,2
1006,2,5000,8.0,2
1007,2,5000,7.38,2
1008,2,5000,8.22,2
1009,2,5000,8.18,2
1010,2,5000,8.52,2
1011,2,5000,7.88,2
1012,2,5000,7.84,2
1013,2,5000,8.54,2
1014,2,5000,7.82,2
1015,2,5000,6.66,2
1016,2,5000,6.7,2
1017,2,5000,8.32,2
1018,2,5000,7.94,2
1019,2,5000,7.2,2
1020,2,5000,7.36,2
1021,2,5000,7.7,2
1022,2,5000,8.44,2
1023,2,5000,7.46,2
1024,2,5000,6.84,2
1025,2,5000,7.5,2
1026,2,5000,6.86,2
1027,2,5000,7.92,2
1028,2,5000,7.9,2
1029,2,5000,8.4,2
1030,2,5000,8.8,2
1031,2,5000,8.84,2
1032,2,5000,7.1,2
1033,2,5000,8.08,2
1034,2,5000,8.84,2
1035,2,5000,8.52,2
1036,2,5000,7.88,2
1037,2,5000,8.02,2
1038,2,5000,7.5,2
1039,2,5000,9.18,2
1040,2,5000,7.72,2
1041,2,5000,6.08,2
1042,2,5000,7.48,2
1043,2,5000,7.62,2
1044,2,5000,7.7,2
1045,2,5000,8.56,2
1046,2,5000,7.66,2
1047,2,5000,8.94,2
1048,2,5000,8.8,2
1049,2,5000,7.58,2
1050,2,5000,7.94,2
1051,2,5000,7.9,2
1052,2,5000,7.66,2
1053,2,5000,8.5,2
1054,2,5000,8.54,2
1055,2,5000,8.42,2
1056,2,5000,8.24,2
1057,2,5000,7.82,2
1058,2,5000,7.32,2
1059,2,5000,7.18,2
1060,2,5000,8.4,2
1061,2,5000,9.48,2
1062,2,5000,8.26,2
1063,2,5000,8.42,2
1064,2,5000,8.52,2
1065,2,5000,7.98,2
1066,2,5000,8.22,2
1067,2,5000,8.1,2
1068,2,5000,7.56,2
1069,2,5000,7.64,2
1070,2,5000,7.66,2
1071,2,5000,6.68,2
1072,2,5000,7.32,2
1073,2,5000,7.98,2
1074,2,5000,7.7,2
1075,2,5000,8.02,2
1076,2,5000,7.66,2
1077,2,5000,7.56,2
1078,2,5000,7.16,2
1079,2,5000,7.1,2
1080,2,5000,6.98,2
1081,2,5000,7.98,1
1082,2,5000,6.94,1
1083,2,5000,7.72,1
1084,2,5000,7.16,1
1085,2,5000,5.62,1
1086,2,5000,7.02,1
1087,2,5000,7.38,1
1088,2,5000,7.14,1
1089,2,5000,7.44,1
1090,2,5000,6.98,1
1091,2,5000,6.36,1
1092,2,5000,7.26,1
1093,2,5000,7.88,1
1094,2,5000,7.12,1
1095,2,5000,6.94,1
1096,2,5000,7.04,1
1097,2,5000,6.42,1
1098,2,5000,6.32,1
1099,2,5000,7.68,1
1100,2,5000,7.16,1
1101,2,5000,7.06,1
1102,2,5000,6.7,1
1103,2,5000,6.3,1
1104,2,5000,6.96,1
1105,2,5000,7.02,1
1106,2,5000,6.08,1
1107,2,5000,6.84,1
1108,2,5000,6.9,1
1109,2,5000,7.52,1
1110,2,5000,6.94,1
1111,2,5000,6.76,1
1112,2,5000,6.02,1
1113,2,5000,6.62,1
1114,2,5000,6.2,1
1115,2,5000,7.92,1
1116,2,5000,7.58,1
1117,2,5000,7.52,1
1118,2,5000,7.2,1
1119,2,5000,7.72,1
1120,2,5000,7.18,1
1121,2,5000,7.0,1
1122,2,5000,6.5,1
1123,2,5000,6.9,1
1124,2,5000,6.8,1
1125,2,5000,6.34,1
1126,2,5000,7.58,1
1127,2,5000,7.86,1
1128,2,5000,7.2,1
1129,2,5000,7.82,1
1130,2,5000,7.56,1
1131,2,5000,7.12,1
1132,2,5000,7.0,1
1133,2,5000,7.3,1
1134,2,5000,6.98,1
1135,2,5000,7.0,1
1136,2,5000,7.52,1
1137,2,5000,7.02,1
1138,2,5000,6.7,1
1139,2,5000,6.5,1
1140,2,5000,6.82,1
1141,2,5000,7.06,1
1142,2,5000,6.92,1
1143,2,5000,7.18,1
1144,2,5000,7.46,1
1145,2,5000,7.36,1
1146,2,5000,6.1,1
1147,2,5000,6.68,1
1148,2,5000,5.82,1
1149,2,5000,6.7,1
1150,2,5000,6.76,1
1151,2,5000,7.6,1
1152,2,5000,6.54,1
1153,2,5000,6.48,1
1154,2,5000,6.46,1
1155,2,5000,6.04,1
1156,2,5000,7.28,1
1157,2,5000,6.78,1
1158,2,5000,6.3,1
1159,2,5000,6.06,1
1160,2,5000,5.92,1
1161,2,5000,6.94,1
1162,2,5000,7.44,1
1163,2,5000,8.12,1
1164,2,5000,8.82,1
1165,2,5000,6.88,1
1166,2,5000,7.9,1
1167,2,5000,7.28,1
1168,2,5000,6.78,1
1169,2,5000,6.76,1
1170,2,5000,6.62,1
1171,2,5000,7.16,1
1172,2,5000,6.88,1
1173,2,5000,7.48,1
1174,2,5000,7.02,1
1175,2,5000,7.0,1
1176,2,5000,7.06,1
1177,2,5000,7.42,1
1178,2,5000,7.16,1
1179,2,5000,7.82,1
1180,2,5000,6.88,1
1181,2,5000,6.54,1
1182,2,5000,6.92,1
1183,2,5000,7.54,1
1184,2,5000,6.4,1
1185,2,5000,7.22,1
1186,2,5000,6.0,1
1187,2,5000,6.92,1
1188,2,5000,7.22,1
1189,2,5000,6.5,1
1190,2,5000,6.36,1
1191,2,5000,7.12,1
1192,2,5000,7.36,1
1193,2,5000,7.48,1
1194,2,5000,7.38,1
1195,2,5000,7.44,1
1196,2,5000,7.22,1
1197,2,5000,6.18,1
1198,2,5000,6.98,1
1199,2,5000,7.9,1
1200,2,5000,6.84,1
1201,2,5000,7.6,1
1202,2,5000,6.94,1
1203,2,5000,6.98,1
1204,2,5000,6.7,1
1205,2,5000,7.16,1
1206,2,5000,6.72,1
1207,2,5000,6.68,1
1208,2,5000,7.42,1
1209,2,5000,7.16,1
1210,2,5000,6.28,1
1211,2,5000,7.48,1
1212,2,5000,6.82,1
1213,2,5000,6.3,1
1214,2,5000,6.78,1
1215,2,5000,6.44,1
1216,2,5000,6.96,1
1217,2,5000,5.86,1
1218,2,5000,6.64,1
1219,2,5000,6.36,1
1220,2,5000,7.32,1
1221,2,5000,6.92,1
1222,2,5000,7.16,1
1223,2,5000,6.04,1
1224,2,5000,7.34,1
1225,2,5000,7.2,1
1226,2,5000,7.16,1
1227,2,5000,7.12,1
1228,2,5000,6.46,1
1229,2,5000,6.34,1
1230,2,5000,7.6,1
1231,2,5000,6.7,1
1232,2,5000,6.48,1
1233,2,5000,6.12,1
1234,2,5000,6.96,1
1235,2,5000,7.26,1
1236,2,5000,7.12,1
1237,2,5000,7.22,1
1238,2,5000,5.7,1
1239,2,5000,6.18,1
1240,2,5000,6.88,1
1241,2,5000,7.98,1
1242,2,5000,6.86,1
1243,2,5000,7.84,1
1244,2,5000,7.02,1
1245,2,5000,7.76,1
1246,2,5000,6.36,1
1247,2,5000,7.24,1
1248,2,5000,6.8,1
1249,2,5000,7.06,1
1250,2,5000,7.14,1
1251,2,5000,6.12,1
1252,2,5000,7.28,1
1253,2,5000,8.2,1
1254,2,5000,6.34,1
1255,2,5000,7.58,1
1256,2,5000,6.04,1
1257,2,5000,6.62,1
1258,2,5000,6.96,1
1259,2,5000,6.78,1
1260,2,5000,6.48,1
1261,2,5000,6.92,1
1262,2,5000,6.18,1
1263,2,5000,7.92,1
1264,2,5000,5.88,1
1265,2,5000,7.1,1
1266,2,5000,6.04,1
1267,2,5000,7.0,1
1268,2,5000,8.72,1
1269,2,5000,8.24,1
1270,2,5000,8.62,1
1271,2,5000,7.04,1
1272,2,5000,7.18,1
1273,2,5000,7.2,1
1274,2,5000,7.44,1
1275,2,5000,7.1,1
1276,2,5000,7.16,1
1277,2,5000,7.32,1
1278,2,5000,7.16,1
1279,2,5000,8.2,1
1280,2,5000,6.98,1
1281,2,5000,7.0,1
1282,2,5000,7.22,1
1283,2,5000,6.0,1
1284,2,5000,6.72,1
1285,2,5000,7.3,1
1286,2,5000,6.3,1
1287,2,5000,7.46,1
1288,2,5000,6.78,1
1289,2,5000,6.7,1
1290,2,5000,7.1,1
1291,2,5000,7.54,1
1292,2,5000,7.4,1
1293,2,5000,6.24,1
1294,2,5000,6.56,1
1295,2,5000,5.66,1
1296,2,5000,6.16,1
1297,2,5000,6.72,1
1298,2,5000,7.5,1
1299,2,5000,8.2,1
1300,2,5000,7.04,1
1301,2,5000,7.1,1
1302,2,5000,7.44,1
1303,2,5000,7.56,1
1304,2,5000,7.72,1
1305,2,5000,7.4,1
1306,2,5000,5.92,1
1307,2,5000,6.0,1
1308,2,5000,5.84,1
1309,2,5000,6.76,1
1310,2,5000,7.78,1
1311,2,5000,6.56,1
1312,2,5000,6.74,1
1313,2,5000,6.46,1
1314,2,5000,6.64,1
1315,2,5000,5.74,1
1316,2,5000,6.32,1
1317,2,5000,5.58,1
1318,2,5000,6.52,1
1319,2,5000,7.18,1
1320,2,5000,8.3,1
1321,2,5000,7.22,1
1322,2,5000,7.44,1
1323,2,5000,7.42,1
1324,2,5000,7.24,1
1325,2,5000,7.84,1
1326,2,5000,7.06,1
1327,2,5000,7.08,1
1328,2,5000,7.04,1
1329,2,5000,7.28,1
1330,2,5000,7.12,1
1331,2,5000,7.9,1
1332,2,5000,7.42,1
1333,2,5000,8.48,1
1334,2,5000,7.82,1
1335,2,5000,6.9,1
1336,2,5000,7.72,1
1337,2,5000,7.74,1
1338,2,5000,7.04,1
1339,2,5000,6.46,1
1340,2,5000,7.34,1
1341,2,5000,6.98,1
1342,2,5000,7.26,1
1343,2,5000,7.5,1
1344,2,5000,7.92,1
1345,2,5000,8.18,1
1346,2,5000,7.06,1
1347,2,5000,7.66,1
1348,2,5000,7.18,1
1349,2,5000,6.78,1
1350,2,5000,7.82,1
1351,2,5000,6.62,1
1352,2,5000,7.16,1
1353,2,5000,6.8,1
1354,2,5000,6.48,1
1355,2,5000,7.02,1
1356,2,5000,6.28,1
1357,2,5000,7.06,1
1358,2,5000,6.6,1
1359,2,5000,6.62,1
1360,2,5000,7.48,1
1361,2,5000,7.1,1
1362,2,5000,6.12,1
1363,2,5000,6.04,1
1364,2,5000,6.84,1
1365,2,5000,6.88,1
1366,2,5000,6.08,1
1367,2,5000,8.1,1
1368,2,5000,7.18,1
1369,2,5000,7.6,1
1370,2,5000,7.3,1
1371,2,5000,6.76,1
1372,2,5000,6.8,1
1373,2,5000,6.16,1
1374,2,5000,6.6,1
1375,2,5000,6.56,1
1376,2,5000,7.3,1
1377,2,5000,6.88,1
1378,2,5000,7.64,1
1379,2,5000,6.12,1
1380,2,5000,6.14,1
1381,2,5000,5.96,1
1382,2,5000,7.2,1
1383,2,5000,5.38,1
1384,2,5000,6.64,1
1385,2,5000,7.26,1
1386,2,5000,7.06,1
1387,2,5000,7.52,1
1388,2,5000,6.84,1
1389,2,5000,7.34,1
1390,2,5000,7.24,1
1391,2,5000,7.56,1
1392,2,5000,7.56,1
1393,2,5000,8.16,1
1394,2,5000,7.78,1
1395,2,5000,7.4,1
1396,2,5000,6.66,1
1397,2,5000,6.78,1
1398,2,5000,6.9,1
1399,2,5000,6.7,1
1400,2,5000,7.34,1
1401,2,5000,6.86,1
1402,2,5000,6.96,1
1403,2,5000,7.08,1
1404,2,5000,6.74,1
1405,2,5000,7.2,1
1406,2,5000,7.62,1
1407,2,5000,6.64,1
1408,2,5000,6.78,1
1409,2,5000,7.64,1
1410,2,5000,7.8,1
1411,2,5000,7.42,1
1412,2,5000,6.92,1
1413,2,5000,7.0,1
1414,2,5000,6.28,1
1415,2,5000,6.18,1
1416,2,5000,6.4,1
1417,2,5000,6.68,1
1418,2,5000,6.78,1
1419,2,5000,6.36,1
1420,2,5000,6.38,1
1421,2,5000,7.06,1
1422,2,5000,6.96,1
1423,2,5000,8.28,1
1424,2,5000,7.52,1
1425,2,5000,6.48,1
1426,2,5000,7.4,1
1427,2,5000,6.84,1
1428,2,5000,7.36,1
1429,2,5000,6.48,1
1430,2,5000,7.06,1
1431,2,5000,7.56,1
1432,2,5000,6.0,1
1433,2,5000,7.14,1
1434,2,5000,6.46,1
1435,2,5000,5.76,1
1436,2,5000,6.08,1
1437,2,5000,6.64,1
1438,2,5000,7.34,1
1439,2,5000,7.22,1
1440,2,5000,7.56,1
1441,2,5000,7.74,1
1442,2,5000,7.98,1
1443,2,5000,7.94,1
1444,2,5000,6.94,1
1445,2,5000,7.2,1
1446,2,5000,6.58,1
1447,2,5000,7.24,1
1448,2,5000,7.08,1
1449,2,5000,6.68,1
1450,2,5000,7.52,1
1451,2,5000,7.38,1
1452,2,5000,6.6,1
1453,2,5000,7.5,1
1454,2,5000,7.16,1
1455,2,5000,7.14,1
1456,2,5000,6.62,1
1457,2,5000,7.22,1
1458,2,5000,7.04,1
1459,2,5000,6.42,1
1460,2,5000,6.04,1
1461,2,5000,5.74,1
1462,2,5000,6.98,1
1463,2,5000,7.36,1
1464,2,5000,6.66,1
1465,2,5000,6.58,1
1466,2,5000,7.24,1
1467,2,5000,6.6,1
1468,2,5000,7.12,1
1469,2,5000,6.94,1
1470,2,5000,5.9,1
1471,2,5000,6.74,1
1472,2,5000,7.44,1
1473,2,5000,7.26,1
1474,2,5000,7.54,1
1475,2,5000,6.62,1
1476,2,5000,7.52,1
1477,2,5000,7.8,1
1478,2,5000,7.36,1
1479,2,5000,6.02,1
1480,2,5000,7.24,1
1481,2,5000,7.4,1
1482,2,5000,8.42,1
1483,2,5000,7.34,1
1484,2,5000,7.3,1
1485,2,5000,6.96,1
1486,2,5000,6.98,1
1487,2,5000,7.2,1
1488,2,5000,7.36,1
1489,2,5000,6.1,1
1490,2,5000,7.34,1
1491,2,5000,7.26,1
1492,2,5000,7.44,1
1493,2,5000,6.58,1
1494,2,5000,7.46,1
1495,2,5000,6.74,1
1496,2,5000,6.44,1
1497,2,5000,6.76,1
1498,2,5000,7.3,1
1499,2,5000,6.36,1
1500,2,5000,6.66,1
1501,2,5000,6.46,1
1502,2,5000,6.84,1
1503,2,5000,6.9,1
1504,2,5000,7.38,1
1505,2,5000,7.7,1
1506,2,5000,6.04,1
1507,2,5000,6.52,1
1508,2,5000,6.4,1
1509,2,5000,7.58,1
1510,2,5000,6.9,1
1511,2,5000,5.96,1
1512,2,5000,6.94,1
1513,2,5000,7.5,1
1514,2,5000,7.18,1
1515,2,5000,7.84,1
1516,2,5000,6.86,1
1517,2,5000,7.22,1
1518,2,5000,6.7,1
1519,2,5000,7.56,1
1520,2,5000,6.72,1
1521,2,5000,7.36,1
1522,2,5000,7.52,1
1523,2,5000,6.6,1
1524,2,5000,7.06,1
1525,2,5000,7.18,1
1526,2,5000,7.74,1
1527,2,5000,7.5,1
1528,2,5000,6.6,1
1529,2,5000,7.76,1
1530,2,5000,7.12,1
1531,2,5000,7.36,1
1532,2,5000,7.4,1
1533,2,5000,7.62,1
1534,2,5000,6.38,1
1535,2,5000,6.6,1
1536,2,5000,6.38,1
1537,2,5000,6.8,1
1538,2,5000,6.3,1
1539,2,5000,7.46,1
1540,2,5000,7.26,1
1541,2,5000,7.78,1
1542,2,5000,8.42,1
1543,2,5000,7.26,1
1544,2,5000,7.1,1
1545,2,5000,7.22,1
1546,2,5000,6.54,1
1547,2,5000,6.02,1
1548,2,5000,6.14,1
1549,2,5000,6.24,1
1550,2,5000,6.48,1
1551,2,5000,7.16,1
1552,2,5000,7.6,1
1553,2,5000,7.16,1
1554,2,5000,7.66,1
1555,2,5000,6.42,1
1556,2,5000,6.54,1
1557,2,5000,6.86,1
1558,2,5000,6.72,1
1559,2,5000,8.3,1
1560,2,5000,7.78,1
1561,2,5000,7.34,1
1562,2,5000,7.86,1
1563,2,5000,7.52,1
1564,2,5000,7.54,1
1565,2,5000,7.86,1
1566,2,5000,6.9,1
1567,2,5000,7.66,1
1568,2,5000,7.08,1
1569,2,5000,6.7,1
1570,2,5000,6.14,1
1571,2,5000,5.8,1
1572,2,5000,6.64,1
1573,2,5000,7.98,1
1574,2,5000,7.54,1
1575,2,5000,7.54,1
1576,2,5000,7.22,1
1577,2,5000,7.62,1
1578,2,5000,6.82,1
1579,2,5000,7.6,1
1580,2,5000,6.58,1
1581,2,5000,6.8,1
1582,2,5000,6.6,1
1583,2,5000,6.28,1
1584,2,5000,7.48,1
1585,2,5000,6.82,1
1586,2,5000,6.86,1
1587,2,5000,7.3,1
1588,2,5000,6.96,1
1589,2,5000,6.96,1
1590,2,5000,7.58,1
1591,2,5000,7.18,1
1592,2,5000,6.0,1
1593,2,5000,7.74,1
1594,2,5000,6.24,1
1595,2,5000,6.74,1
1596,2,5000,7.54,1
1597,2,5000,6.94,1
1598,2,5000,7.2,1
1599,2,5000,7.64,1
1600,2,5000,8.04,1
1601,2,5000,6.82,1
1602,2,5000,7.0,1
1603,2,5000,7.04,1
1604,2,5000,7.0,1
1605,2,5000,6.32,1
1606,2,5000,6.98,1
1607,2,5000,6.68,1
1608,2,5000,6.76,1
1609,2,5000,7.3,1
1610,2,5000,6.44,1
1611,2,5000,7.14,1
1612,2,5000,6.38,1
1613,2,5000,7.44,1
1614,2,5000,6.92,1
1615,2,5000,5.84,1
1616,2,5000,6.04,1
1617,2,5000,7.4,1
1618,2,5000,8.4,1
1619,2,5000,7.32,1
1620,2,5000,7.02,1
1621,2,5000,7.24,1
1622,2,5000,6.42,1
1623,2,5000,7.3,1
1624,2,5000,7.44,1
1625,2,5000,6.98,1
1626,2,5000,7.4,1
1627,2,5000,5.9,1
1628,2,5000,7.08,1
1629,2,5000,6.48,1
1630,2,5000,6.96,1
1631,2,5000,6.92,1
1632,2,5000,6.22,1
1633,2,5000,7.6,1
1634,2,5000,7.6,1
1635,2,5000,7.68,1
1636,2,5000,7.78,1
1637,2,5000,7.72,1
1638,2,5000,7.96,1
1639,2,5000,5.9,1
1640,2,5000,7.06,1
1641,2,5000,7.08,1
1642,2,5000,6.24,1
1643,2,5000,6.72,1
1644,2,5000,6.72,1
1645,2,5000,7.06,1
1646,2,5000,8.28,1
1647,2,5000,6.92,1
1648,2,5000,7.26,1
1649,2,5000,7.68,1
1650,2,5000,5.96,1
1651,2,5000,6.82,1
1652,2,5000,6.84,1
1653,2,5000,7.5,1
1654,2,5000,6.42,1
1655,2,5000,6.78,1
1656,2,5000,6.68,1
1657,2,5000,7.2,1
1658,2,5000,7.22,1
1659,2,5000,5.18,1
1660,2,5000,6.18,1
1661,2,5000,6.68,1
1662,2,5000,7.1,1
1663,2,5000,6.82,1
1664,2,5000,6.82,1
1665,2,5000,6.2,1
1666,2,5000,6.28,1
1667,2,5000,7.46,1
1668,2,5000,6.58,1
1669,2,5000,6.94,1
1670,2,5000,6.92,1
1671,2,5000,7.34,1
1672,2,5000,7.3,1
1673,2,5000,7.32,1
1674,2,5000,7.16,1
1675,2,5000,6.44,1
1676,2,5000,6.96,1
1677,2,5000,7.7,1
1678,2,5000,7.28,1
1679,2,5000,7.12,1
1680,2,5000,6.86,1
1681,2,5000,6.82,1
1682,2,5000,7.78,1
1683,2,5000,6.96,1
1684,2,5000,8.36,1
1685,2,5000,7.06,1
1686,2,5000,7.18,1
1687,2,5000,6.98,1
1688,2,5000,6.6,1
1689,2,5000,6.98,1
1690,2,5000,6.64,1
1691,2,5000,7.34,1
1692,2,5000,7.34,1
1693,2,5000,7.6,1
1694,2,5000,6.52,1
1695,2,5000,7.06,1
1696,2,5000,7.26,1
1697,2,5000,8.32,1
1698,2,5000,6.5,1
1699,2,5000,5.64,1
1700,2,5000,7.04,1
1701,2,5000,6.88,1
1702,2,5000,6.34,1
1703,2,5000,6.8,1
1704,2,5000,6.74,1
1705,2,5000,6.86,1
1706,2,5000,7.04,1
1707,2,5000,7.38,1
1708,2,5000,6.8,1
1709,2,5000,7.36,1
1710,2,5000,6.62,1
1711,2,5000,7.28,1
1712,2,5000,7.12,1
1713,2,5000,7.5,1
1714,2,5000,6.32,1
1715,2,5000,6.46,1
1716,2,5000,7.66,1
1717,2,5000,7.16,1
1718,2,5000,7.0,1
1719,2,5000,7.68,1
1720,2,5000,6.68,1
1721,2,5000,6.24,1
1722,2,5000,7.58,1
1723,2,5000,7.32,1
1724,2,5000,7.36,1
1725,2,5000,6.64,1
1726,2,5000,6.58,1
1727,2,5000,7.1,1
1728,2,5000,6.66,1
1729,2,5000,6.06,1
1730,2,5000,6.76,1
1731,2,5000,6.76,1
1732,2,5000,6.88,1
1733,2,5000,7.08,1
1734,2,5000,7.66,1
1735,2,5000,7.1,1
1736,2,5000,6.12,1
1737,2,5000,6.96,1
1738,2,5000,6.66,1
1739,2,5000,7.78,1
1740,2,5000,6.36,1
1741,2,5000,7.34,1
1742,2,5000,7.38,1
1743,2,5000,7.16,1
1744,2,5000,7.14,1
1745,2,5000,6.84,1
1746,2,5000,6.84,1
1747,2,5000,6.16,1
1748,2,5000,7.8,1
1749,2,5000,7.92,1
1750,2,5000,7.74,1
1751,2,5000,7.68,1
1752,2,5000,7.3,1
1753,2,5000,7.38,1
1754,2,5000,7.46,1
1755,2,5000,7.62,1
1756,2,5000,7.14,1
1757,2,5000,6.9,1
1758,2,5000,6.6,1
1759,2,5000,7.26,1
1760,2,5000,6.82,1
1761,2,5000,6.98,1
1762,2,5000,7.52,1
1763,2,5000,7.58,1
1764,2,5000,7.22,1
1765,2,5000,6.9,1
1766,2,5000,6.54,1
1767,2,5000,6.1,1
1768,2,5000,6.44,1
1769,2,5000,6.88,1
1770,2,5000,6.38,1
1771,2,5000,7.62,1
1772,2,5000,5.96,1
1773,2,5000,6.98,1
1774,2,5000,8.1,1
1775,2,5000,6.72,1
1776,2,5000,7.04,1
1777,2,5000,8.08,1
1778,2,5000,7.44,1
1779,2,5000,7.52,1
1780,2,5000,6.56,1
1781,2,5000,7.06,1
1782,2,5000,6.66,1
1783,2,5000,8.14,1
1784,2,5000,7.18,1
1785,2,5000,7.3,1
1786,2,5000,7.22,1
1787,2,5000,7.34,1
1788,2,5000,7.18,1
1789,2,5000,7.34,1
1790,2,5000,6.5,1
1791,2,5000,6.42,1
1792,2,5000,7.02,1
1793,2,5000,5.9,1
1794,2,5000,6.98,1
1795,2,5000,6.76,1
1796,2,5000,5.78,1
1797,2,5000,6.14,1
1798,2,5000,6.96,1
1799,2,5000,7.64,1
1800,2,5000,7.98,1
1801,2,5000,7.72,1
1802,2,5000,7.12,1
1803,2,5000,7.46,1
1804,2,5000,6.58,1
1805,2,5000,6.88,1
1806,2,5000,6.92,1
1807,2,5000,7.8,1
1808,2,5000,7.8,1
1809,2,5000,6.54,1
1810,2,5000,6.86,1
1811,2,5000,7.56,1
1812,2,5000,7.84,1
1813,2,5000,6.44,1
1814,2,5000,7.58,1
1815,2,5000,8.06,1
1816,2,5000,7.46,1
1817,2,5000,6.38,1
1818,2,5000,7.44,1
1819,2,5000,7.5,1
1820,2,5000,7.12,1
1821,2,5000,8.24,1
1822,2,5000,7.1,1
1823,2,5000,7.74,1
1824,2,5000,6.52,1
1825,2,5000,7.08,1
1826,2,5000,7.56,1
1827,2,5000,7.04,1
1828,2,5000,7.12,1
1829,2,5000,8.22,1
1830,2,5000,6.98,1
1831,2,5000,7.5,1
1832,2,5000,6.86,1
1833,2,5000,6.24,1
1834,2,5000,6.86,1
1835,2,5000,6.6,1
1836,2,5000,7.0,1
1837,2,5000,6.48,1
1838,2,5000,6.6,1
1839,2,5000,6.92,1
1840,2,5000,6.76,1
1841,2,5000,7.68,1
1842,2,5000,7.74,1
1843,2,5000,7.3,1
1844,2,5000,8.32,1
1845,2,5000,7.56,1
1846,2,5000,7.74,1
1847,2,5000,7.22,1
1848,2,5000,6.94,1
1849,2,5000,6.56,1
1850,2,5000,8.08,1
1851,2,5000,7.2,1
1852,2,5000,6.74,1
1853,2,5000,7.0,1
1854,2,5000,8.02,1
1855,2,5000,6.72,1
1856,2,5000,8.18,1
1857,2,5000,8.16,1
1858,2,5000,6.74,1
1859,2,5000,7.04,1
1860,2,5000,6.84,1
1861,2,5000,7.0,1
1862,2,5000,5.92,1
1863,2,5000,6.62,1
1864,2,5000,7.44,1
1865,2,5000,7.28,1
1866,2,5000,7.46,1
1867,2,5000,7.82,1
1868,2,5000,7.68,1
1869,2,5000,7.0,1
1870,2,5000,7.44,1
1871,2,5000,7.34,1
1872,2,5000,7.46,1
1873,2,5000,6.58,1
1874,2,5000,6.34,1
1875,2,5000,6.18,1
1876,2,5000,6.7,1
1877,2,5000,7.2,1
1878,2,5000,7.02,1
1879,2,5000,6.0,1
1880,2,5000,7.34,1
1881,2,5000,6.5,1
1882,2,5000,6.5,1
1883,2,5000,7.58,1
1884,2,5000,7.54,1
1885,2,5000,7.94,1
1886,2,5000,6.82,1
1887,2,5000,7.5,1
1888,2,5000,7.76,1
1889,2,5000,8.38,1
1890,2,5000,7.16,1
1891,2,5000,6.68,1
1892,2,5000,7.3,1
1893,2,5000,7.36,1
1894,2,5000,7.24,1
1895,2,5000,7.2,1
1896,2,5000,7.12,1
1897,2,5000,6.82,1
1898,2,5000,6.86,1
1899,2,5000,6.68,1
1900,2,5000,5.82,1
1901,2,5000,7.06,1
1902,2,5000,6.96,1
1903,2,5000,7.18,1
1904,2,5000,6.76,1
1905,2,5000,7.0,1
1906,2,5000,6.84,1
1907,2,5000,6.72,1
1908,2,5000,6.7,1
1909,2,5000,6.28,1
1910,2,5000,6.7,1
1911,2,5000,7.28,1
1912,2,5000,6.4,1
1913,2,5000,7.18,1
1914,2,5000,6.14,1
1915,2,5000,8.06,1
1916,2,5000,7.36,1
1917,2,5000,7.1,1
1918,2,5000,7.54,1
1919,2,5000,7.82,1
1920,2,5000,7.66,1
1921,2,5000,7.44,1
1922,2,5000,7.78,1
1923,2,5000,6.9,1
1924,2,5000,6.6,1
1925,2,5000,6.94,1
1926,2,5000,6.28,1
1927,2,5000,7.78,1
1928,2,5000,8.36,1
1929,2,5000,7.9,1
1930,2,5000,7.76,1
1931,2,5000,6.98,1
1932,2,5000,7.1,1
1933,2,5000,6.9,1
1934,2,5000,5.64,1
1935,2,5000,6.22,1
1936,2,5000,6.98,1
1937,2,5000,6.88,1
1938,2,5000,5.86,1
1939,2,5000,6.46,1
1940,2,5000,8.46,1
1941,2,5000,7.7,1
1942,2,5000,7.3,1
1943,2,5000,8.5,1
1944,2,5000,7.5,1
1945,2,5000,6.82,1
1946,2,5000,6.1,1
1947,2,5000,5.7,1
1948,2,5000,6.66,1
1949,2,5000,7.02,1
1950,2,5000,7.82,1
1951,2,5000,6.54,1
1952,2,5000,7.28,1
1953,2,5000,6.44,1
1954,2,5000,7.2,1
1955,2,5000,7.92,1
1956,2,5000,7.78,1
1957,2,5000,6.84,1
1958,2,5000,8.62,1
1959,2,5000,8.18,1
1960,2,5000,8.12,1
1961,2,5000,8.48,1
1962,2,5000,6.24,1
1963,2,5000,7.38,1
1964,2,5000,7.38,1
1965,2,5000,6.7,1
1966,2,5000,7.82,1
1967,2,5000,7.16,1
1968,2,5000,7.0,1
1969,2,5000,7.3,1
1970,2,5000,7.02,1
1971,2,5000,6.56,1
1972,2,5000,7.06,1
1973,2,5000,7.7,1
1974,2,5000,6.7,1
1975,2,5000,6.46,1
1976,2,5000,6.36,1
1977,2,5000,6.78,1
1978,2,5000,7.02,1
1979,2,5000,6.84,1
1980,2,5000,6.38,1
1981,2,5000,7.06,1
1982,2,5000,6.58,1
1983,2,5000,6.52,1
1984,2,5000,7.18,1
1985,2,5000,7.56,1
1986,2,5000,8.06,1
1987,2,5000,6.68,1
1988,2,5000,6.8,1
1989,2,5000,6.36,1
1990,2,5000,6.46,1
1991,2,5000,6.9,1
1992,2,5000,7.92,1
1993,2,5000,6.62,1
1994,2,5000,6.64,1
1995,2,5000,7.26,1
1996,2,5000,7.52,1
1997,2,5000,7.7,1
1998,2,5000,7.56,1
1999,2,5000,7.02,1
2000,2,5000,6.94,1
2001,2,5000,7.1,1
2002,2,5000,6.42,1
2003,2,5000,8.52,1
2004,2,5000,7.22,1
2005,2,5000,7.2,1
2006,2,5000,6.78,1
2007,2,5000,6.34,1
2008,2,5000,6.12,1
2009,2,5000,6.56,1
2010,2,5000,6.5,1
2011,2,5000,7.48,1
2012,2,5000,6.04,1
2013,2,5000,8.08,1
2014,2,5000,7.02,1
2015,2,5000,7.5,1
2016,2,5000,6.84,1
2017,2,5000,6.8,1
2018,2,5000,7.36,1
2019,2,5000,6.96,1
2020,2,5000,6.96,1
2021,2,5000,6.76,1
2022,2,5000,7.52,1
2023,2,5000,7.4,1
2024,2,5000,7.08,1
2025,2,5000,7.6,1
2026,2,5000,7.52,1
2027,2,5000,7.02,1
2028,2,5000,7.52,1
2029,2,5000,7.12,1
2030,2,5000,8.1,1
2031,2,5000,6.9,1
2032,2,5000,7.02,1
2033,2,5000,7.6,1
2034,2,5000,7.14,1
2035,2,5000,8.58,1
2036,2,5000,7.0,1
2037,2,5000,6.48,1
2038,2,5000,6.34,1
2039,2,5000,7.06,1
2040,2,5000,6.84,1
2041,2,5000,7.14,1
2042,2,5000,6.82,1
2043,2,5000,6.68,1
2044,2,5000,7.54,1
2045,2,5000,6.96,1
2046,2,5000,7.14,1
2047,2,5000,7.3,1
2048,2,5000,6.32,1
2049,2,5000,6.56,1
2050,2,5000,7.24,1
2051,2,5000,6.82,1
2052,2,5000,6.72,1
2053,2,5000,6.3,1
2054,2,5000,6.62,1
2055,2,5000,6.42,1
2056,2,5000,6.88,1
2057,2,5000,7.22,1
2058,2,5000,6.86,1
2059,2,5000,6.56,1
2060,2,5000,7.08,1
2061,2,5000,6.58,1
2062,2,5000,6.78,1
2063,2,5000,6.9,1
2064,2,5000,7.4,1
2065,2,5000,6.26,1
2066,2,5000,6.24,1
2067,2,5000,7.22,1
2068,2,5000,6.72,1
2069,2,5000,7.44,1
2070,2,5000,6.96,1
2071,2,5000,8.04,1
2072,2,5000,7.74,1
2073,2,5000,7.56,1
2074,2,5000,6.72,1
2075,2,5000,6.62,1
2076,2,5000,6.82,1
2077,2,5000,6.46,1
2078,2,5000,7.58,1
2079,2,5000,7.3,1
2080,2,5000,6.4,1
2081,2,5000,6.92,1
2082,2,5000,7.34,1
2083,2,5000,6.94,1
2084,2,5000,7.32,1
2085,2,5000,7.02,1
2086,2,5000,7.06,1
2087,2,5000,7.36,1
2088,2,5000,6.88,1
2089,2,5000,7.94,1
2090,2,5000,6.78,1
2091,2,5000,6.4,1
2092,2,5000,6.68,1
2093,2,5000,7.2,1
2094,2,5000,7.44,1
2095,2,5000,6.76,1
2096,2,5000,8.32,1
2097,2,5000,8.4,1
2098,2,5000,7.22,1
2099,2,5000,6.38,1
2100,2,5000,5.94,1
2101,2,5000,5.92,1
2102,2,5000,6.44,1
2103,2,5000,6.24,1
2104,2,5000,7.6,1
2105,2,5000,7.2,1
2106,2,5000,7.0,1
2107,2,5000,6.44,1
2108,2,5000,7.54,1
2109,2,5000,6.62,1
2110,2,5000,8.76,1
2111,2,5000,7.14,1
2112,2,5000,8.1,1
2113,2,5000,7.16,1
2114,2,5000,7.28,1
2115,2,5000,7.68,1
2116,2,5000,6.6,1
2117,2,5000,7.66,1
2118,2,5000,6.54,1
2119,2,5000,7.14,1
2120,2,5000,6.96,1
2121,2,5000,7.16,1
2122,2,5000,6.66,1
2123,2,5000,6.26,1
2124,2,5000,5.92,1
2125,2,5000,6.96,1
2126,2,5000,6.88,1
2127,2,5000,7.04,1
2128,2,5000,6.74,1
2129,2,5000,5.62,1
2130,2,5000,7.2,1
2131,2,5000,7.08,1
2132,2,5000,7.22,1
2133,2,5000,7.1,1
2134,2,5000,7.22,1
2135,2,5000,7.7,1
2136,2,5000,7.1,1
2137,2,5000,8.26,1
2138,2,5000,8.28,1
2139,2,5000,7.82,1
2140,2,5000,6.92,1
2141,2,5000,6.5,1
2142,2,5000,7.24,1
2143,2,5000,6.52,1
2144,2,5000,7.18,1
2145,2,5000,7.98,1
2146,2,5000,7.64,1
2147,2,5000,6.98,1
2148,2,5000,6.92,1
2149,2,5000,6.0,1
2150,2,5000,6.72,1
2151,2,5000,7.32,1
2152,2,5000,8.2,1
2153,2,5000,7.1,1
2154,2,5000,7.44,1
2155,2,5000,7.76,1
2156,2,5000,7.22,1
2157,2,5000,6.82,1
2158,2,5000,6.04,1
2159,2,5000,6.78,1
2160,2,5000,6.2,1
2161,2,5000,6.82,1
2162,2,5000,7.68,1
2163,2,5000,7.96,1
2164,2,5000,6.94,1
2165,2,5000,6.1,1
2166,2,5000,6.34,1
2167,2,5000,7.14,1
2168,2,5000,7.46,1
2169,2,5000,6.76,1
2170,2,5000,6.4,1
2171,2,5000,6.1,1
2172,2,5000,8.44,1
2173,2,5000,7.16,1
2174,2,5000,6.64,1
2175,2,5000,6.22,1
2176,2,5000,6.94,1
2177,2,5000,7.64,1
2178,2,5000,7.26,1
2179,2,5000,7.38,1
2180,2,5000,5.68,1
2181,2,5000,7.02,1
2182,2,5000,7.02,1
2183,2,5000,5.96,1
2184,2,5000,7.8,1
2185,2,5000,6.6,1
2186,2,5000,6.92,1
2187,2,5000,7.66,1
2188,2,5000,7.3,1
2189,2,5000,6.56,1
2190,2,5000,7.28,1
2191,2,5000,6.9,1
2192,2,5000,6.9,1
2193,2,5000,6.46,1
2194,2,5000,6.48,1
2195,2,5000,6.76,1
2196,2,5000,8.18,1
2197,2,5000,6.88,1
2198,2,5000,6.46,1
2199,2,5000,7.36,1
2200,2,5000,6.12,1
2201,2,5000,7.26,1
2202,2,5000,7.62,1
2203,2,5000,7.06,1
2204,2,5000,6.8,1
2205,2,5000,6.44,1
2206,2,5000,7.2,1
2207,2,5000,7.7,1
2208,2,5000,6.28,1
2209,2,5000,7.18,1
2210,2,5000,7.7,1
2211,2,5000,6.92,1
2212,2,5000,7.66,1
2213,2,5000,7.34,1
2214,2,5000,7.3,1
2215,2,5000,6.82,1
2216,2,5000,7.46,1
2217,2,5000,7.48,1
2218,2,5000,6.56,1
2219,2,5000,6.22,1
2220,2,5000,6.96,1
2221,2,5000,7.02,1
2222,2,5000,7.04,1
2223,2,5000,6.62,1
2224,2,5000,6.8,1
2225,2,5000,7.34,1
2226,2,5000,6.08,1
2227,2,5000,6.02,1
2228,2,5000,6.08,1
2229,2,5000,7.58,1
2230,2,5000,6.02,1
2231,2,5000,6.9,1
2232,2,5000,6.94,1
2233,2,5000,6.16,1
2234,2,5000,7.16,1
2235,2,5000,6.6,1
2236,2,5000,6.86,1
2237,2,5000,7.36,1
2238,2,5000,7.18,1
2239,2,5000,6.7,1
2240,2,5000,8.32,1
2241,2,5000,5.82,1
2242,2,5000,6.78,1
2243,2,5000,6.1,1
2244,2,5000,7.22,1
2245,2,5000,6.16,1
2246,2,5000,6.86,1
2247,2,5000,6.94,1
2248,2,5000,6.4,1
2249,2,5000,6.96,1
2250,2,5000,6.22,1
2251,2,5000,6.38,1
2252,2,5000,6.52,1
2253,2,5000,6.96,1
2254,2,5000,6.16,1
2255,2,5000,6.88,1
2256,2,5000,7.4,1
2257,2,5000,6.74,1
2258,2,5000,7.56,1
2259,2,5000,6.22,1
2260,2,5000,7.24,1
2261,2,5000,6.58,1
2262,2,5000,7.3,1
2263,2,5000,6.96,1
2264,2,5000,6.82,1
2265,2,5000,6.84,1
2266,2,5000,6.5,1
2267,2,5000,6.24,1
2268,2,5000,6.12,1
2269,2,5000,6.54,1
2270,2,5000,6.48,1
2271,2,5000,7.68,1
2272,2,5000,8.08,1
2273,2,5000,6.54,1
2274,2,5000,6.64,1
2275,2,5000,6.58,1
2276,2,5000,6.32,1
2277,2,5000,6.06,1
2278,2,5000,6.98,1
2279,2,5000,7.7,1
2280,2,5000,6.72,1
2281,2,5000,7.7,1
2282,2,5000,6.62,1
2283,2,5000,6.0,1
2284,2,5000,6.7,1
2285,2,5000,7.76,1
2286,2,5000,7.28,1
2287,2,5000,7.7,1
2288,2,5000,7.82,1
2289,2,5000,8.44,1
2290,2,5000,7.28,1
2291,2,5000,7.2,1
2292,2,5000,8.04,1
2293,2,5000,7.36,1
2294,2,5000,7.14,1
2295,2,5000,7.14,1
2296,2,5000,7.34,1
2297,2,5000,7.42,1
2298,2,5000,6.18,1
2299,2,5000,6.88,1
2300,2,5000,6.96,1
2301,2,5000,6.78,1
2302,2,5000,6.36,1
2303,2,5000,6.52,1
2304,2,5000,6.74,1
2305,2,5000,7.12,1
2306,2,5000,7.56,1
2307,2,5000,7.46,1
2308,2,5000,6.64,1
2309,2,5000,6.88,1
2310,2,5000,7.66,1
2311,2,5000,7.58,1
2312,2,5000,7.92,1
2313,2,5000,7.28,1
2314,2,5000,7.06,1
2315,2,5000,7.2,1
2316,2,5000,6.98,1
2317,2,5000,6.96,1
2318,2,5000,8.3,1
2319,2,5000,7.06,1
2320,2,5000,7.04,1
2321,2,5000,8.04,1
2322,2,5000,7.34,1
2323,2,5000,7.92,1
2324,2,5000,7.5,1
2325,2,5000,7.32,1
2326,2,5000,6.72,1
2327,2,5000,6.3,1
2328,2,5000,6.4,1
2329,2,5000,8.4,1
2330,2,5000,7.36,1
2331,2,5000,7.54,1
2332,2,5000,6.68,1
2333,2,5000,6.24,1
2334,2,5000,5.58,1
2335,2,5000,6.48,1
2336,2,5000,5.5,1
2337,2,5000,6.46,1
2338,2,5000,6.22,1
2339,2,5000,6.3,1
2340,2,5000,6.92,1
2341,2,5000,8.12,1
2342,2,5000,7.34,1
2343,2,5000,7.72,1
2344,2,5000,7.6,1
2345,2,5000,7.58,1
2346,2,5000,6.46,1
2347,2,5000,6.34,1
2348,2,5000,6.46,1
2349,2,5000,7.24,1
2350,2,5000,7.4,1
2351,2,5000,6.86,1
2352,2,5000,6.88,1
2353,2,5000,6.76,1
2354,2,5000,5.98,1
2355,2,5000,7.7,1
2356,2,5000,7.36,1
2357,2,5000,7.62,1
2358,2,5000,7.12,1
2359,2,5000,6.0,1
2360,2,5000,6.2,1
2361,2,5000,6.4,1
2362,2,5000,7.18,1
2363,2,5000,7.04,1
2364,2,5000,7.1,1
2365,2,5000,6.18,1
2366,2,5000,6.38,1
2367,2,5000,7.82,1
2368,2,5000,7.9,1
2369,2,5000,6.48,1
2370,2,5000,6.46,1
2371,2,5000,6.46,1
2372,2,5000,6.44,1
2373,2,5000,6.74,1
2374,2,5000,6.2,1
2375,2,5000,6.92,1
2376,2,5000,8.44,1
2377,2,5000,8.34,1
2378,2,5000,7.38,1
2379,2,5000,7.66,1
2380,2,5000,7.2,1
2381,2,5000,6.98,1
2382,2,5000,6.82,1
2383,2,5000,7.2,1
2384,2,5000,7.36,1
2385,2,5000,6.58,1
2386,2,5000,6.78,1
2387,2,5000,6.62,1
2388,2,5000,6.3,1
2389,2,5000,7.4,1
2390,2,5000,6.68,1
2391,2,5000,6.9,1
2392,2,5000,7.44,1
2393,2,5000,6.82,1
2394,2,5000,6.82,1
2395,2,5000,7.18,1
2396,2,5000,7.5,1
2397,2,5000,7.48,1
2398,2,5000,7.82,1
2399,2,5000,6.46,1
2400,2,5000,7.06,1
2401,2,5000,6.7,1
2402,2,5000,7.56,1
2403,2,5000,7.12,1
2404,2,5000,6.34,1
2405,2,5000,7.58,1
2406,2,5000,7.62,1
2407,2,5000,7.5,1
2408,2,5000,7.06,1
2409,2,5000,7.36,1
2410,2,5000,6.76,1
2411,2,5000,6.72,1
2412,2,5000,6.92,1
2413,2,5000,8.54,1
2414,2,5000,7.3,1
2415,2,5000,7.08,1
2416,2,5000,7.64,1
2417,2,5000,7.32,1
2418,2,5000,7.8,1
2419,2,5000,6.76,1
2420,2,5000,7.42,1
2421,2,5000,7.1,1
2422,2,5000,7.1,1
2423,2,5000,8.04,1
2424,2,5000,8.28,1
2425,2,5000,8.22,1
2426,2,5000,7.38,1
2427,2,5000,7.08,1
2428,2,5000,7.32,1
2429,2,5000,6.54,1
2430,2,5000,8.7,1
2431,2,5000,7.96,1
2432,2,5000,7.02,1
2433,2,5000,6.68,1
2434,2,5000,6.38,1
2435,2,5000,7.34,1
2436,2,5000,7.28,1
2437,2,5000,7.22,1
2438,2,5000,6.7,1
2439,2,5000,7.46,1
2440,2,5000,7.36,1
2441,2,5000,7.0,1
2442,2,5000,6.74,1
2443,2,5000,7.16,1
2444,2,5000,7.76,1
2445,2,5000,7.28,1
2446,2,5000,7.76,1
2447,2,5000,6.62,1
2448,2,5000,7.88,1
2449,2,5000,7.58,1
2450,2,5000,7.96,1
2451,2,5000,6.34,1
2452,2,5000,7.24,1
2453,2,5000,6.44,1
2454,2,5000,7.38,1
2455,2,5000,6.32,1
2456,2,5000,6.32,1
2457,2,5000,6.78,1
2458,2,5000,6.58,1
2459,2,5000,7.04,1
2460,2,5000,6.92,1
2461,2,5000,6.86,1
2462,2,5000,7.56,1
2463,2,5000,7.62,1
2464,2,5000,6.62,1
2465,2,5000,6.36,1
2466,2,5000,7.4,1
2467,2,5000,8.34,1
2468,2,5000,6.32,1
2469,2,5000,6.88,1
2470,2,5000,7.02,1
2471,2,5000,6.02,1
2472,2,5000,6.62,1
2473,2,5000,6.68,1
2474,2,5000,7.14,1
2475,2,5000,7.6,1
2476,2,5000,6.82,1
2477,2,5000,6.4,1
2478,2,5000,8.0,1
2479,2,5000,8.36,1
2480,2,5000,7.08,1
2481,2,5000,7.28,1
2482,2,5000,6.6,1
2483,2,5000,6.32,1
2484,2,5000,6.7,1
2485,2,5000,6.68,1
2486,2,5000,6.92,1
2487,2,5000,6.48,1
2488,2,5000,6.44,1
2489,2,5000,6.58,1
2490,2,5000,7.78,1
2491,2,5000,7.88,1
2492,2,5000,7.76,1
2493,2,5000,7.16,1
2494,2,5000,7.08,1
2495,2,5000,6.14,1
2496,2,5000,7.04,1
2497,2,5000,7.14,1
2498,2,5000,8.3,1
2499,2,5000,7.28,1
2500,2,5000,6.66,1
2501,2,5000,6.66,1
2502,2,5000,6.58,1
2503,2,5000,6.68,1
2504,2,5000,6.76,1
2505,2,5000,6.58,1
2506,2,5000,6.44,1
2507,2,5000,7.14,1
2508,2,5000,7.56,1
2509,2,5000,7.58,1
2510,2,5000,7.16,1
2511,2,5000,6.48,1
2512,2,5000,6.78,1
2513,2,5000,6.9,1
2514,2,5000,7.18,1
2515,2,5000,6.06,1
2516,2,5000,6.76,1
2517,2,5000,6.26,1
2518,2,5000,6.44,1
2519,2,5000,7.52,1
2520,2,5000,7.76,1
2521,2,5000,7.18,1
2522,2,5000,7.84,1
2523,2,5000,8.18,1
2524,2,5000,8.52,1
2525,2,5000,8.34,1
2526,2,5000,7.3,1
2527,2,5000,6.74,1
2528,2,5000,7.32,1
2529,2,5000,7.84,1
2530,2,5000,6.86,1
2531,2,5000,6.84,1
2532,2,5000,5.72,1
2533,2,5000,6.54,1
2534,2,5000,6.16,1
2535,2,5000,7.5,1
2536,2,5000,7.3,1
2537,2,5000,6.9,1
2538,2,5000,8.4,1
2539,2,5000,7.7,1
2540,2,5000,7.32,1
2541,2,5000,7.7,1
2542,2,5000,7.34,1
2543,2,5000,7.3,1
2544,2,5000,7.26,1
2545,2,5000,6.94,1
2546,2,5000,7.4,1
2547,2,5000,7.52,1
2548,2,5000,7.24,1
2549,2,5000,8.22,1
2550,2,5000,6.06,1
2551,2,5000,6.74,1
2552,2,5000,6.8,1
2553,2,5000,7.54,1
2554,2,5000,6.72,1
2555,2,5000,5.08,1
2556,2,5000,6.98,1
2557,2,5000,6.78,1
2558,2,5000,7.38,1
2559,2,5000,7.22,1
2560,2,5000,6.68,1
2561,2,5000,7.52,1
2562,2,5000,8.02,1
2563,2,5000,6.52,1
2564,2,5000,6.5,1
2565,2,5000,7.36,1
2566,2,5000,7.9,1
2567,2,5000,6.64,1
2568,2,5000,6.56,1
2569,2,5000,6.6,1
2570,2,5000,6.3,1
2571,2,5000,6.66,1
2572,2,5000,6.88,1
2573,2,5000,6.58,1
2574,2,5000,7.32,1
2575,2,5000,6.78,1
2576,2,5000,6.24,1
2577,2,5000,7.1,1
2578,2,5000,6.9,1
2579,2,5000,8.4,1
2580,2,5000,7.36,1
2581,2,5000,7.1,1
2582,2,5000,6.66,1
2583,2,5000,6.64,1
2584,2,5000,8.1,1
2585,2,5000,7.26,1
2586,2,5000,7.3,1
2587,2,5000,7.7,1
2588,2,5000,7.04,1
2589,2,5000,6.68,1
2590,2,5000,7.06,1
2591,2,5000,7.6,1
2592,2,5000,7.16,1
2593,2,5000,6.5,1
2594,2,5000,6.8,1
2595,2,5000,6.66,1
2596,2,5000,6.2,1
2597,2,5000,6.22,1
2598,2,5000,7.02,1
2599,2,5000,7.54,1
2600,2,5000,6.96,1
2601,2,5000,8.4,1
2602,2,5000,7.0,1
2603,2,5000,7.74,1
2604,2,5000,7.2,1
2605,2,5000,7.06,1
2606,2,5000,7.08,1
2607,2,5000,6.74,1
2608,2,5000,6.96,1
2609,2,5000,6.78,1
2610,2,5000,6.64,1
2611,2,5000,8.52,1
2612,2,5000,6.38,1
2613,2,5000,7.18,1
2614,2,5000,6.86,1
2615,2,5000,6.6,1
2616,2,5000,7.02,1
2617,2,5000,6.46,1
2618,2,5000,7.12,1
2619,2,5000,7.46,1
2620,2,5000,6.64,1
2621,2,5000,7.4,1
2622,2,5000,6.18,1
2623,2,5000,7.38,1
2624,2,5000,6.54,1
2625,2,5000,6.12,1
2626,2,5000,7.4,1
2627,2,5000,7.14,1
2628,2,5000,6.9,1
2629,2,5000,7.16,1
2630,2,5000,6.46,1
2631,2,5000,6.66,1
2632,2,5000,6.48,1
2633,2,5000,7.08,1
2634,2,5000,7.68,1
2635,2,5000,6.78,1
2636,2,5000,7.72,1
2637,2,5000,6.86,1
2638,2,5000,6.98,1
2639,2,5000,7.34,1
2640,2,5000,7.18,1
2641,2,5000,7.62,1
2642,2,5000,6.86,1
2643,2,5000,7.7,1
2644,2,5000,7.54,1
2645,2,5000,7.08,0
0,3,5000,58.3,45
1,3,5000,50.12,41
2,3,5000,45.28,38
3,3,5000,41.26,34
4,3,5000,37.3,31
5,3,5000,34.42,28
6,3,5000,31.18,27
7,3,5000,30.44,26
8,3,5000,29.94,24
9,3,5000,28.28,22
10,3,5000,26.24,21
11,3,5000,24.94,21
12,3,5000,24.46,20
13,3,5000,24.18,19
14,3,5000,23.06,19
15,3,5000,21.92,18
16,3,5000,21.7,17
17,3,5000,21.04,17
18,3,5000,20.6,17
19,3,5000,20.94,15
20,3,5000,21.16,15
21,3,5000,19.74,14
22,3,5000,19.14,13
23,3,5000,18.2,13
24,3,5000,18.0,13
25,3,5000,18.1,12
26,3,5000,16.74,12
27,3,5000,16.44,12
28,3,5000,16.3,12
29,3,5000,16.38,12
30,3,5000,16.08,12
31,3,5000,16.08,12
32,3,5000,16.66,11
33,3,5000,15.82,11
34,3,5000,16.04,11
35,3,5000,15.06,11
36,3,5000,15.16,10
37,3,5000,14.94,10
38,3,5000,15.62,10
39,3,5000,15.82,10
40,3,5000,14.26,10
41,3,5000,15.18,9
42,3,5000,13.92,9
43,3,5000,14.18,9
44,3,5000,13.3,9
45,3,5000,12.8,8
46,3,5000,12.92,8
47,3,5000,13.64,8
48,3,5000,13.76,8
49,3,5000,13.6,8
50,3,5000,13.2,8
51,3,5000,13.28,8
52,3,5000,13.76,8
53,3,5000,13.12,8
54,3,5000,12.44,8
55,3,5000,12.98,8
56,3,5000,13.08,8
57,3,5000,12.94,8
58,3,5000,13.64,8
59,3,5000,13.56,8
60,3,5000,13.32,8
61,3,5000,13.16,8
62,3,5000,12.8,8
63,3,5000,12.36,8
64,3,5000,12.74,8
65,3,5000,12.32,8
66,3,5000,13.2,8
67,3,5000,13.24,8
68,3,5000,13.28,8
69,3,5000,13.7,8
70,3,5000,13.94,8
71,3,5000,12.74,8
72,3,5000,12.82,8
73,3,5000,13.14,8
74,3,5000,13.4,8
75,3,5000,13.58,8
76,3,5000,12.82,8
77,3,5000,12.54,8
78,3,5000,13.1,7
79,3,5000,11.98,7
80,3,5000,11.82,7
81,3,5000,11.94,7
82,3,5000,12.34,5
83,3,5000,11.18,5
84,3,5000,10.8,5
85,3,5000,11.48,5
86,3,5000,10.66,5
87,3,5000,11.0,5
88,3,5000,10.06,5
89,3,5000,11.14,5
90,3,5000,10.24,5
91,3,5000,10.48,5
92,3,5000,10.5,5
93,3,5000,10.82,5
94,3,5000,11.06,5
95,3,5000,10.12,5
96,3,5000,9.4,5
97,3,5000,10.68,5
98,3,5000,9.88,5
99,3,5000,9.94,5
100,3,5000,10.1,5
101,3,5000,10.76,5
102,3,5000,11.56,5
103,3,5000,10.54,5
104,3,5000,10.6,5
105,3,5000,10.26,5
106,3,5000,10.14,5
107,3,5000,11.14,5
108,3,5000,9.62,5
109,3,5000,10.98,5
110,3,5000,9.98,5
111,3,5000,10.06,5
112,3,5000,10.44,5
113,3,5000,10.28,5
114,3,5000,11.0,5
115,3,5000,10.76,5
116,3,5000,10.48,5
117,3,5000,10.62,5
118,3,5000,10.3,5
119,3,5000,9.46,5
120,3,5000,10.82,5
121,3,5000,11.16,5
122,3,5000,10.56,5
123,3,5000,10.56,5
124,3,5000,11.62,5
125,3,5000,10.78,5
126,3,5000,12.28,5
127,3,5000,10.74,4
128,3,5000,9.42,4
129,3,5000,10.3,4
130,3,5000,9.16,4
131,3,5000,9.84,4
132,3,5000,9.48,4
133,3,5000,9.66,4
134,3,5000,10.24,4
135,3,5000,9.64,4
136,3,5000,9.32,4
137,3,5000,10.42,4
138,3,5000,8.84,4
139,3,5000,8.92,4
140,3,5000,9.56,4
141,3,5000,8.84,4
142,3,5000,9.0,4
143,3,5000,9.06,4
144,3,5000,9.92,4
145,3,5000,9.3,4
146,3,5000,9.74,4
147,3,5000,9.22,4
148,3,5000,10.28,4
149,3,5000,9.12,4
150,3,5000,10.24,4
151,3,5000,10.04,4
152,3,5000,9.9,4
153,3,5000,9.32,4
154,3,5000,9.26,4
155,3,5000,8.88,3
156,3,5000,8.24,3
157,3,5000,8.84,3
158,3,5000,9.18,3
159,3,5000,9.1,3
160,3,5000,8.42,3
161,3,5000,8.46,3
162,3,5000,9.28,3
163,3,5000,9.9,3
164,3,5000,9.32,3
165,3,5000,9.22,3
166,3,5000,9.3,3
167,3,5000,9.22,3
168,3,5000,9.36,3
169,3,5000,9.16,3
170,3,5000,9.32,3
171,3,5000,7.46,3
172,3,5000,8.84,3
173,3,5000,8.14,3
174,3,5000,8.48,3
175,3,5000,7.56,3
176,3,5000,8.52,3
177,3,5000,9.0,3
178,3,5000,9.28,3
179,3,5000,8.5,3
180,3,5000,9.04,3
181,3,5000,7.98,3
182,3,5000,8.98,3
183,3,5000,9.46,3
184,3,5000,8.52,3
185,3,5000,8.76,3
186,3,5000,8.94,3
187,3,5000,8.8,3
188,3,5000,8.88,3
189,3,5000,8.56,3
190,3,5000,8.02,3
191,3,5000,8.6,3
192,3,5000,9.1,3
193,3,5000,7.7,3
194,3,5000,7.98,3
195,3,5000,8.64,3
196,3,5000,9.14,3
197,3,5000,8.8,3
198,3,5000,8.74,3
199,3,5000,8.28,3
200,3,5000,9.52,3
201,3,5000,8.76,3
202,3,5000,8.02,3
203,3,5000,8.44,3
204,3,5000,7.74,3
205,3,5000,8.3,3
206,3,5000,8.14,3
207,3,5000,9.26,3
208,3,5000,9.02,3
209,3,5000,8.68,3
210,3,5000,9.2,3
211,3,5000,9.24,3
212,3,5000,8.44,3
213,3,5000,8.86,3
214,3,5000,9.2,3
215,3,5000,8.52,3
216,3,5000,8.94,3
217,3,5000,8.72,3
218,3,5000,8.86,3
219,3,5000,8.82,3
220,3,5000,8.86,3
221,3,5000,7.94,3
222,3,5000,9.58,3
223,3,5000,9.06,3
224,3,5000,8.96,3
225,3,5000,8.3,3
226,3,5000,8.08,3
227,3,5000,8.62,3
228,3,5000,8.32,2
229,3,5000,8.48,2
230,3,5000,7.5,2
231,3,5000,7.64,2
232,3,5000,7.54,2
233,3,5000,7.24,2
234,3,5000,8.54,2
235,3,5000,8.06,2
236,3,5000,8.44,2
237,3,5000,8.22,2
238,3,5000,8.1,2
239,3,5000,8.16,1
240,3,5000,7.7,1
241,3,5000,7.26,1
242,3,5000,7.26,1
243,3,5000,6.58,1
244,3,5000,7.02,1
245,3,5000,8.16,1
246,3,5000,7.6,1
247,3,5000,6.7,1
248,3,5000,8.22,1
249,3,5000,7.96,1
250,3,5000,6.42,1
251,3,5000,6.52,1
252,3,5000,6.86,1
253,3,5000,7.58,1
254,3,5000,7.26,1
255,3,5000,7.06,1
256,3,5000,7.36,1
257,3,5000,5.88,1
258,3,5000,7.46,1
259,3,5000,6.42,1
260,3,5000,5.9,1
261,3,5000,7.78,1
262,3,5000,8.0,1
263,3,5000,7.02,1
264,3,5000,6.58,1
265,3,5000,7.56,1
266,3,5000,6.9,1
267,3,5000,6.54,1
268,3,5000,6.4,1
269,3,5000,6.68,1
270,3,5000,7.06,1
271,3,5000,6.9,1
272,3,5000,7.22,1
273,3,5000,7.28,1
274,3,5000,7.88,1
275,3,5000,7.32,1
276,3,5000,7.74,1
277,3,5000,7.02,1
278,3,5000,7.04,1
279,3,5000,6.26,1
280,3,5000,7.02,1
281,3,5000,7.74,1
282,3,5000,7.54,1
283,3,5000,7.76,1
284,3,5000,6.8,1
285,3,5000,7.5,1
286,3,5000,7.54,1
287,3,5000,7.7,1
288,3,5000,8.2,1
289,3,5000,8.2,1
290,3,5000,6.78,1
291,3,5000,6.5,1
292,3,5000,6.86,1
293,3,5000,7.2,1
294,3,5000,7.74,1
295,3,5000,6.96,1
296,3,5000,6.9,1
297,3,5000,6.26,1
298,3,5000,5.9,1
299,3,5000,6.72,1
300,3,5000,6.26,1
301,3,5000,6.4,1
302,3,5000,7.0,1
303,3,5000,7.16,1
304,3,5000,6.84,1
305,3,5000,6.68,1
306,3,5000,5.7,1
307,3,5000,6.28,1
308,3,5000,6.76,1
309,3,5000,7.6,1
310,3,5000,7.16,1
311,3,5000,8.34,1
312,3,5000,6.8,1
313,3,5000,8.26,1
314,3,5000,7.46,1
315,3,5000,7.2,1
316,3,5000,7.6,1
317,3,5000,7.48,1
318,3,5000,6.26,1
319,3,5000,7.5,1
320,3,5000,7.84,1
321,3,5000,7.36,1
322,3,5000,7.9,1
323,3,5000,6.44,1
324,3,5000,6.16,1
325,3,5000,6.74,1
326,3,5000,7.26,1
327,3,5000,7.9,1
328,3,5000,7.62,1
329,3,5000,7.2,1
330,3,5000,6.54,1
331,3,5000,6.72,1
332,3,5000,7.04,1
333,3,5000,6.3,1
334,3,5000,5.86,1
335,3,5000,5.74,1
336,3,5000,7.44,1
337,3,5000,6.48,1
338,3,5000,7.24,1
339,3,5000,6.76,1
340,3,5000,7.04,1
341,3,5000,6.94,1
342,3,5000,7.56,1
343,3,5000,7.4,1
344,3,5000,6.32,1
345,3,5000,6.14,1
346,3,5000,7.14,1
347,3,5000,6.12,1
348,3,5000,6.36,1
349,3,5000,7.0,1
350,3,5000,6.22,1
351,3,5000,6.68,1
352,3,5000,7.24,1
353,3,5000,7.76,1
354,3,5000,7.54,1
355,3,5000,7.18,1
356,3,5000,7.04,1
357,3,5000,6.42,1
358,3,5000,6.96,1
359,3,5000,7.4,1
360,3,5000,8.04,1
361,3,5000,7.66,1
362,3,5000,8.28,1
363,3,5000,8.16,1
364,3,5000,6.72,1
365,3,5000,7.52,1
366,3,5000,6.4,1
367,3,5000,5.56,1
368,3,5000,6.72,1
369,3,5000,6.6,1
370,3,5000,7.38,1
371,3,5000,6.34,1
372,3,5000,7.18,1
373,3,5000,7.72,1
374,3,5000,8.22,1
375,3,5000,8.1,1
376,3,5000,7.32,1
377,3,5000,6.68,1
378,3,5000,7.02,1
379,3,5000,6.92,1
380,3,5000,6.54,1
381,3,5000,7.42,1
382,3,5000,7.5,1
383,3,5000,7.96,1
384,3,5000,7.4,1
385,3,5000,6.96,1
386,3,5000,6.86,1
387,3,5000,7.96,1
388,3,5000,7.36,1
389,3,5000,7.52,1
390,3,5000,7.06,1
391,3,5000,7.82,1
392,3,5000,6.76,1
393,3,5000,7.0,1
394,3,5000,7.8,1
395,3,5000,6.58,1
396,3,5000,6.7,1
397,3,5000,6.88,1
398,3,5000,7.42,1
399,3,5000,6.94,1
400,3,5000,8.3,1
401,3,5000,7.86,1
402,3,5000,5.72,1
403,3,5000,6.6,1
404,3,5000,8.08,1
405,3,5000,8.46,1
406,3,5000,6.78,1
407,3,5000,7.18,1
408,3,5000,5.94,1
409,3,5000,7.2,1
410,3,5000,6.82,1
411,3,5000,5.54,1
412,3,5000,6.2,1
413,3,5000,7.74,1
414,3,5000,8.18,1
415,3,5000,7.94,1
416,3,5000,8.54,1
417,3,5000,6.42,1
418,3,5000,6.54,1
419,3,5000,7.5,1
420,3,5000,6.84,1
421,3,5000,6.44,1
422,3,5000,7.06,1
423,3,5000,6.94,1
424,3,5000,6.78,1
425,3,5000,7.48,1
426,3,5000,6.32,1
427,3,5000,7.24,1
428,3,5000,6.8,1
429,3,5000,6.1,1
430,3,5000,7.12,1
431,3,5000,7.9,1
432,3,5000,7.14,1
433,3,5000,7.42,1
434,3,5000,7.64,1
435,3,5000,6.12,1
436,3,5000,6.62,1
437,3,5000,8.06,1
438,3,5000,7.2,1
439,3,5000,7.86,1
440,3,5000,7.08,1
441,3,5000,7.14,1
442,3,5000,7.24,1
443,3,5000,6.72,1
444,3,5000,6.26,1
445,3,5000,8.0,1
446,3,5000,7.18,1
447,3,5000,6.8,1
448,3,5000,7.22,1
449,3,5000,6.48,1
450,3,5000,6.86,1
451,3,5000,7.34,1
452,3,5000,7.96,1
453,3,5000,8.8,1
454,3,5000,7.84,1
455,3,5000,7.38,1
456,3,5000,7.74,1
457,3,5000,7.34,1
458,3,5000,8.46,1
459,3,5000,8.26,1
460,3,5000,8.2,1
461,3,5000,7.72,1
462,3,5000,7.02,1
463,3,5000,6.9,1
464,3,5000,7.88,1
465,3,5000,6.02,1
466,3,5000,6.08,1
467,3,5000,6.72,1
468,3,5000,7.16,1
469,3,5000,6.1,1
470,3,5000,7.98,1
471,3,5000,7.06,1
472,3,5000,6.38,1
473,3,5000,7.68,1
474,3,5000,7.3,1
475,3,5000,7.42,1
476,3,5000,6.82,1
477,3,5000,7.34,1
478,3,5000,6.92,1
479,3,5000,7.7,1
480,3,5000,7.24,1
481,3,5000,7.4,1
482,3,5000,6.9,1
483,3,5000,7.36,1
484,3,5000,8.0,1
485,3,5000,7.0,1
486,3,5000,6.44,1
487,3,5000,6.68,1
488,3,5000,7.38,1
489,3,5000,7.24,1
490,3,5000,6.92,1
491,3,5000,6.28,1
492,3,5000,6.88,1
493,3,5000,7.78,1
494,3,5000,7.22,1
495,3,5000,7.46,1
496,3,5000,4.98,1
497,3,5000,6.36,1
498,3,5000,5.94,1
499,3,5000,6.72,1
500,3,5000,6.28,1
501,3,5000,6.56,1
502,3,5000,7.06,1
503,3,5000,6.2,1
504,3,5000,6.48,1
505,3,5000,7.54,1
506,3,5000,7.6,1
507,3,5000,7.46,1
508,3,5000,6.5,1
509,3,5000,7.04,1
510,3,5000,6.16,1
511,3,5000,6.06,1
512,3,5000,5.98,1
513,3,5000,7.2,1
514,3,5000,6.52,1
515,3,5000,6.24,1
516,3,5000,6.6,1
517,3,5000,6.74,1
518,3,5000,7.52,1
519,3,5000,6.78,1
520,3,5000,7.04,1
521,3,5000,7.36,1
522,3,5000,7.44,1
523,3,5000,7.78,1
524,3,5000,7.36,1
525,3,5000,5.94,1
526,3,5000,6.64,1
527,3,5000,7.86,1
528,3,5000,7.66,1
529,3,5000,7.7,1
530,3,5000,6.96,1
531,3,5000,7.52,1
532,3,5000,7.22,1
533,3,5000,7.72,1
534,3,5000,7.72,1
535,3,5000,7.2,1
536,3,5000,7.12,1
537,3,5000,6.54,1
538,3,5000,6.66,1
539,3,5000,6.88,1
540,3,5000,7.44,1
541,3,5000,7.02,1
542,3,5000,6.8,1
543,3,5000,6.64,1
544,3,5000,6.62,1
545,3,5000,6.54,1
546,3,5000,6.62,1
547,3,5000,7.04,1
548,3,5000,7.2,1
549,3,5000,7.38,1
550,3,5000,7.84,1
551,3,5000,7.3,1
552,3,5000,6.5,1
553,3,5000,6.42,1
554,3,5000,6.46,1
555,3,5000,6.24,1
556,3,5000,6.3,1
557,3,5000,7.1,1
558,3,5000,7.8,1
559,3,5000,6.6,1
560,3,5000,7.36,1
561,3,5000,7.16,1
562,3,5000,6.24,1
563,3,5000,6.18,1
564,3,5000,6.94,1
565,3,5000,6.58,1
566,3,5000,7.26,1
567,3,5000,7.32,1
568,3,5000,7.1,1
569,3,5000,7.4,1
570,3,5000,6.74,1
571,3,5000,6.8,1
572,3,5000,7.04,1
573,3,5000,7.34,1
574,3,5000,6.78,1
575,3,5000,7.28,1
576,3,5000,7.0,1
577,3,5000,6.92,1
578,3,5000,7.56,1
579,3,5000,7.74,1
580,3,5000,7.2,1
581,3,5000,6.54,1
582,3,5000,6.22,1
583,3,5000,6.72,1
584,3,5000,6.68,1
585,3,5000,7.16,1
586,3,5000,7.4,1
587,3,5000,7.1,1
588,3,5000,6.88,1
589,3,5000,7.26,1
590,3,5000,7.7,1
591,3,5000,7.14,1
592,3,5000,7.98,1
593,3,5000,6.84,1
594,3,5000,7.66,1
595,3,5000,7.28,1
596,3,5000,7.52,1
597,3,5000,7.46,1
598,3,5000,8.12,1
599,3,5000,8.14,1
600,3,5000,7.04,1
601,3,5000,6.78,1
602,3,5000,7.38,1
603,3,5000,7.12,1
604,3,5000,5.7,1
605,3,5000,5.66,1
606,3,5000,7.2,1
607,3,5000,7.1,1
608,3,5000,7.32,1
609,3,5000,6.96,1
610,3,5000,6.24,1
611,3,5000,6.02,1
612,3,5000,6.7,1
613,3,5000,7.04,1
614,3,5000,7.96,1
615,3,5000,6.98,1
616,3,5000,7.14,1
617,3,5000,7.16,1
618,3,5000,6.4,1
619,3,5000,6.68,1
620,3,5000,6.96,1
621,3,5000,6.88,1
622,3,5000,7.46,1
623,3,5000,8.04,1
624,3,5000,7.42,1
625,3,5000,6.54,1
626,3,5000,7.4,1
627,3,5000,6.46,1
628,3,5000,6.68,1
629,3,5000,7.42,1
630,3,5000,6.58,1
631,3,5000,6.52,1
632,3,5000,7.18,1
633,3,5000,7.06,1
634,3,5000,6.68,1
635,3,5000,7.4,1
636,3,5000,6.78,1
637,3,5000,7.44,1
638,3,5000,7.14,1
639,3,5000,6.86,1
640,3,5000,6.46,1
641,3,5000,7.54,1
642,3,5000,6.32,1
643,3,5000,6.28,1
644,3,5000,6.88,1
645,3,5000,7.2,1
646,3,5000,6.78,1
647,3,5000,6.42,1
648,3,5000,5.5,1
649,3,5000,7.08,1
650,3,5000,6.74,1
651,3,5000,7.42,1
652,3,5000,6.9,1
653,3,5000,6.9,1
654,3,5000,6.64,1
655,3,5000,7.54,1
656,3,5000,8.1,1
657,3,5000,6.82,1
658,3,5000,6.36,1
659,3,5000,7.44,1
660,3,5000,7.28,1
661,3,5000,7.2,1
662,3,5000,6.78,1
663,3,5000,7.06,1
664,3,5000,7.36,1
665,3,5000,7.22,1
666,3,5000,7.7,1
667,3,5000,7.78,1
668,3,5000,7.54,1
669,3,5000,7.44,1
670,3,5000,7.26,1
671,3,5000,7.64,1
672,3,5000,6.9,1
673,3,5000,6.24,1
674,3,5000,6.56,1
675,3,5000,6.66,1
676,3,5000,6.9,1
677,3,5000,6.82,1
678,3,5000,6.98,1
679,3,5000,6.6,1
680,3,5000,6.22,1
681,3,5000,7.48,1
682,3,5000,6.06,1
683,3,5000,6.58,1
684,3,5000,7.72,1
685,3,5000,6.92,1
686,3,5000,7.12,1
687,3,5000,7.84,1
688,3,5000,7.98,1
689,3,5000,7.82,1
690,3,5000,6.96,1
691,3,5000,7.1,1
692,3,5000,6.08,1
693,3,5000,6.14,1
694,3,5000,6.86,1
695,3,5000,6.54,1
696,3,5000,6.94,1
697,3,5000,7.7,1
698,3,5000,7.68,1
699,3,5000,7.74,1
700,3,5000,8.42,1
701,3,5000,6.28,1
702,3,5000,6.56,1
703,3,5000,6.4,1
704,3,5000,7.68,1
705,3,5000,6.66,1
706,3,5000,6.48,1
707,3,5000,7.48,1
708,3,5000,7.96,1
709,3,5000,7.28,1
710,3,5000,7.98,1
711,3,5000,7.08,1
712,3,5000,6.6,1
713,3,5000,6.66,1
714,3,5000,6.2,1
715,3,5000,6.76,1
716,3,5000,5.5,1
717,3,5000,6.44,1
718,3,5000,6.78,1
719,3,5000,7.06,1
720,3,5000,8.26,1
721,3,5000,7.1,1
722,3,5000,7.7,1
723,3,5000,7.24,1
724,3,5000,7.24,1
725,3,5000,7.32,1
726,3,5000,7.42,1
727,3,5000,7.28,1
728,3,5000,7.22,1
729,3,5000,7.6,1
730,3,5000,7.04,1
731,3,5000,6.5,1
732,3,5000,6.3,1
733,3,5000,6.68,1
734,3,5000,6.96,1
735,3,5000,6.56,1
736,3,5000,6.8,1
737,3,5000,6.68,1
738,3,5000,7.16,1
739,3,5000,7.38,1
740,3,5000,6.82,1
741,3,5000,6.62,1
742,3,5000,7.2,1
743,3,5000,6.88,1
744,3,5000,6.94,1
745,3,5000,6.5,1
746,3,5000,6.3,1
747,3,5000,8.1,1
748,3,5000,6.3,1
749,3,5000,7.0,1
750,3,5000,5.82,1
751,3,5000,6.84,1
752,3,5000,7.7,1
753,3,5000,7.06,1
754,3,5000,6.26,1
755,3,5000,7.3,1
756,3,5000,6.94,1
757,3,5000,7.32,1
758,3,5000,6.66,1
759,3,5000,6.98,1
760,3,5000,5.94,1
761,3,5000,6.4,1
762,3,5000,6.62,1
763,3,5000,6.76,1
764,3,5000,6.84,1
765,3,5000,7.1,1
766,3,5000,6.06,1
767,3,5000,6.64,1
768,3,5000,6.66,1
769,3,5000,6.58,1
770,3,5000,6.76,1
771,3,5000,7.28,1
772,3,5000,8.72,1
773,3,5000,7.44,1
774,3,5000,6.56,1
775,3,5000,6.98,1
776,3,5000,7.26,1
777,3,5000,6.22,1
778,3,5000,6.94,1
779,3,5000,6.16,1
780,3,5000,6.24,1
781,3,5000,7.72,1
782,3,5000,7.18,1
783,3,5000,7.12,1
784,3,5000,6.68,1
785,3,5000,7.74,1
786,3,5000,7.12,1
787,3,5000,7.52,1
788,3,5000,7.74,1
789,3,5000,7.6,1
790,3,5000,6.88,1
791,3,5000,7.22,1
792,3,5000,6.86,1
793,3,5000,6.5,1
794,3,5000,7.32,1
795,3,5000,6.5,1
796,3,5000,5.8,1
797,3,5000,6.78,1
798,3,5000,5.4,1
799,3,5000,5.62,1
800,3,5000,6.36,1
801,3,5000,6.7,1
802,3,5000,6.3,1
803,3,5000,6.94,1
804,3,5000,6.38,1
805,3,5000,6.7,1
806,3,5000,5.44,1
807,3,5000,6.98,1
808,3,5000,7.22,1
809,3,5000,7.22,1
810,3,5000,6.88,1
811,3,5000,7.92,1
812,3,5000,8.02,1
813,3,5000,6.28,1
814,3,5000,6.58,1
815,3,5000,6.14,1
816,3,5000,7.26,1
817,3,5000,6.14,1
818,3,5000,6.84,1
819,3,5000,7.22,1
820,3,5000,8.4,1
821,3,5000,6.62,1
822,3,5000,5.4,1
823,3,5000,6.42,1
824,3,5000,7.08,1
825,3,5000,6.82,1
826,3,5000,6.92,1
827,3,5000,8.56,1
828,3,5000,7.22,1
829,3,5000,6.68,1
830,3,5000,8.36,1
831,3,5000,6.9,1
832,3,5000,6.54,1
833,3,5000,6.42,1
834,3,5000,6.54,1
835,3,5000,7.08,1
836,3,5000,7.32,1
837,3,5000,7.0,1
838,3,5000,7.74,1
839,3,5000,7.08,1
840,3,5000,6.66,1
841,3,5000,7.0,1
842,3,5000,7.68,1
843,3,5000,7.4,1
844,3,5000,6.22,1
845,3,5000,6.1,1
846,3,5000,7.0,1
847,3,5000,6.84,1
848,3,5000,8.06,1
849,3,5000,7.38,1
850,3,5000,7.12,1
851,3,5000,7.34,1
852,3,5000,7.14,1
853,3,5000,7.14,1
854,3,5000,6.36,1
855,3,5000,7.06,1
856,3,5000,7.0,1
857,3,5000,6.56,1
858,3,5000,7.34,1
859,3,5000,6.44,1
860,3,5000,6.82,1
861,3,5000,7.4,1
862,3,5000,7.46,1
863,3,5000,8.1,1
864,3,5000,7.02,1
865,3,5000,7.14,1
866,3,5000,7.64,1
867,3,5000,8.56,1
868,3,5000,7.42,1
869,3,5000,6.5,1
870,3,5000,6.38,1
871,3,5000,7.62,1
872,3,5000,7.46,1
873,3,5000,7.76,1
874,3,5000,7.76,1
875,3,5000,7.2,1
876,3,5000,8.3,1
877,3,5000,7.34,1
878,3,5000,7.12,1
879,3,5000,7.02,1
880,3,5000,7.36,1
881,3,5000,7.14,1
882,3,5000,6.8,1
883,3,5000,8.04,1
884,3,5000,7.0,1
885,3,5000,7.46,1
886,3,5000,7.28,1
887,3,5000,7.84,1
888,3,5000,7.06,1
889,3,5000,6.98,1
890,3,5000,7.28,1
891,3,5000,8.06,1
892,3,5000,7.74,1
893,3,5000,6.7,1
894,3,5000,6.5,1
895,3,5000,7.3,1
896,3,5000,6.76,1
897,3,5000,6.28,1
898,3,5000,6.14,1
899,3,5000,7.34,1
900,3,5000,6.54,1
901,3,5000,7.08,1
902,3,5000,7.24,1
903,3,5000,7.2,1
904,3,5000,6.64,1
905,3,5000,7.1,1
906,3,5000,6.34,1
907,3,5000,6.2,1
908,3,5000,7.02,1
909,3,5000,7.48,1
910,3,5000,7.18,1
911,3,5000,7.86,1
912,3,5000,7.12,1
913,3,5000,8.16,1
914,3,5000,6.94,1
915,3,5000,6.72,1
916,3,5000,6.44,1
917,3,5000,6.52,1
918,3,5000,7.32,1
919,3,5000,6.88,1
920,3,5000,6.8,1
921,3,5000,6.56,1
922,3,5000,6.96,1
923,3,5000,6.4,1
924,3,5000,7.2,1
925,3,5000,6.64,1
926,3,5000,6.44,1
927,3,5000,6.58,1
928,3,5000,6.48,1
929,3,5000,7.36,1
930,3,5000,7.46,1
931,3,5000,7.7,1
932,3,5000,7.16,1
933,3,5000,7.02,1
934,3,5000,7.6,1
935,3,5000,7.48,1
936,3,5000,7.3,1
937,3,5000,7.16,1
938,3,5000,6.44,1
939,3,5000,6.92,1
940,3,5000,6.7,1
941,3,5000,7.1,1
942,3,5000,6.98,1
943,3,5000,7.0,1
944,3,5000,6.4,1
945,3,5000,7.54,1
946,3,5000,7.54,1
947,3,5000,7.04,1
948,3,5000,7.74,1
949,3,5000,6.7,1
950,3,5000,7.1,1
951,3,5000,7.24,1
952,3,5000,6.92,1
953,3,5000,7.94,1
954,3,5000,6.8,1
955,3,5000,6.84,1
956,3,5000,6.78,1
957,3,5000,6.74,1
958,3,5000,7.08,1
959,3,5000,8.5,1
960,3,5000,7.2,1
961,3,5000,7.68,1
962,3,5000,5.32,1
963,3,5000,6.02,1
964,3,5000,6.68,1
965,3,5000,6.96,1
966,3,5000,6.82,1
967,3,5000,7.16,1
968,3,5000,7.3,1
969,3,5000,7.44,1
970,3,5000,6.32,1
971,3,5000,6.28,1
972,3,5000,6.56,1
973,3,5000,6.06,1
974,3,5000,6.86,1
975,3,5000,7.5,1
976,3,5000,6.62,1
977,3,5000,6.58,1
978,3,5000,7.26,1
979,3,5000,6.6,1
980,3,5000,5.42,1
981,3,5000,6.26,1
982,3,5000,6.48,1
983,3,5000,7.04,1
984,3,5000,7.02,1
985,3,5000,5.94,1
986,3,5000,6.54,1
987,3,5000,6.38,1
988,3,5000,6.42,1
989,3,5000,6.42,1
990,3,5000,7.0,1
991,3,5000,6.92,1
992,3,5000,6.98,1
993,3,5000,7.04,1
994,3,5000,8.46,1
995,3,5000,7.86,1
996,3,5000,6.72,1
997,3,5000,8.02,1
998,3,5000,7.86,1
999,3,5000,7.9,1
1000,3,5000,8.04,1
1001,3,5000,6.62,1
1002,3,5000,7.32,1
1003,3,5000,6.9,1
1004,3,5000,7.52,1
1005,3,5000,7.02,1
1006,3,5000,7.04,1
1007,3,5000,6.66,1
1008,3,5000,7.2,1
1009,3,5000,7.2,1
1010,3,5000,7.32,1
1011,3,5000,7.26,1
1012,3,5000,7.0,1
1013,3,5000,6.84,1
1014,3,5000,6.82,1
1015,3,5000,6.2,1
1016,3,5000,6.92,1
1017,3,5000,6.1,1
1018,3,5000,7.08,1
1019,3,5000,7.02,1
1020,3,5000,6.94,1
1021,3,5000,7.78,1
1022,3,5000,6.6,1
1023,3,5000,6.58,1
1024,3,5000,6.18,1
1025,3,5000,6.62,1
1026,3,5000,6.58,1
1027,3,5000,6.12,1
1028,3,5000,6.1,1
1029,3,5000,6.62,1
1030,3,5000,7.12,1
1031,3,5000,7.18,1
1032,3,5000,7.14,1
1033,3,5000,7.62,1
1034,3,5000,6.82,1
1035,3,5000,6.52,1
1036,3,5000,6.38,1
1037,3,5000,7.62,1
1038,3,5000,6.68,1
1039,3,5000,6.62,1
1040,3,5000,7.34,1
1041,3,5000,7.96,1
1042,3,5000,6.9,1
1043,3,5000,6.36,1
1044,3,5000,7.68,1
1045,3,5000,7.1,1
1046,3,5000,7.86,1
1047,3,5000,7.54,1
1048,3,5000,7.12,1
1049,3,5000,7.64,1
1050,3,5000,7.96,1
1051,3,5000,6.76,1
1052,3,5000,6.66,1
1053,3,5000,6.36,1
1054,3,5000,6.94,1
1055,3,5000,6.72,1
1056,3,5000,5.74,1
1057,3,5000,6.88,1
1058,3,5000,6.2,1
1059,3,5000,6.74,1
1060,3,5000,6.88,1
1061,3,5000,6.9,1
1062,3,5000,7.18,1
1063,3,5000,6.36,1
1064,3,5000,6.96,1
1065,3,5000,8.4,1
1066,3,5000,7.32,1
1067,3,5000,6.88,1
1068,3,5000,6.32,1
1069,3,5000,6.84,1
1070,3,5000,7.04,1
1071,3,5000,6.94,1
1072,3,5000,6.82,1
1073,3,5000,7.08,1
1074,3,5000,6.96,1
1075,3,5000,6.78,1
1076,3,5000,6.68,1
1077,3,5000,6.16,1
1078,3,5000,7.22,1
1079,3,5000,7.66,1
1080,3,5000,7.72,1
1081,3,5000,6.66,1
1082,3,5000,5.88,1
1083,3,5000,6.94,1
1084,3,5000,6.86,1
1085,3,5000,7.42,1
1086,3,5000,7.3,1
1087,3,5000,6.32,1
1088,3,5000,7.18,1
1089,3,5000,7.34,1
1090,3,5000,6.28,1
1091,3,5000,6.02,1
1092,3,5000,7.32,1
1093,3,5000,8.22,1
1094,3,5000,8.36,1
1095,3,5000,6.86,1
1096,3,5000,6.52,1
1097,3,5000,6.62,1
1098,3,5000,7.12,1
1099,3,5000,7.08,1
1100,3,5000,6.5,1
1101,3,5000,6.5,1
1102,3,5000,6.38,1
1103,3,5000,6.62,1
1104,3,5000,7.32,1
1105,3,5000,6.92,1
1106,3,5000,6.4,1
1107,3,5000,6.52,1
1108,3,5000,6.8,1
1109,3,5000,6.88,1
1110,3,5000,6.44,1
1111,3,5000,6.76,1
1112,3,5000,7.08,1
1113,3,5000,7.06,1
1114,3,5000,7.82,1
1115,3,5000,6.52,1
1116,3,5000,6.92,1
1117,3,5000,8.0,1
1118,3,5000,6.62,1
1119,3,5000,6.48,1
1120,3,5000,7.1,1
1121,3,5000,6.76,1
1122,3,5000,6.22,1
1123,3,5000,6.84,1
1124,3,5000,7.62,1
1125,3,5000,7.94,1
1126,3,5000,7.48,1
1127,3,5000,7.42,1
1128,3,5000,6.98,1
1129,3,5000,6.92,1
1130,3,5000,7.04,1
1131,3,5000,5.9,1
1132,3,5000,6.08,1
1133,3,5000,6.7,1
1134,3,5000,6.98,1
1135,3,5000,7.02,1
1136,3,5000,7.66,1
1137,3,5000,6.66,1
1138,3,5000,6.36,1
1139,3,5000,6.7,1
1140,3,5000,6.8,1
1141,3,5000,7.34,1
1142,3,5000,7.52,1
1143,3,5000,7.04,1
1144,3,5000,6.46,1
1145,3,5000,6.08,1
1146,3,5000,7.42,1
1147,3,5000,6.78,1
1148,3,5000,6.38,1
1149,3,5000,7.76,1
1150,3,5000,7.04,1
1151,3,5000,6.66,1
1152,3,5000,6.68,1
1153,3,5000,6.12,1
1154,3,5000,6.34,1
1155,3,5000,7.24,1
1156,3,5000,6.96,1
1157,3,5000,7.2,1
1158,3,5000,7.9,1
1159,3,5000,8.0,1
1160,3,5000,6.92,1
1161,3,5000,6.78,1
1162,3,5000,6.44,1
1163,3,5000,6.38,1
1164,3,5000,6.4,1
1165,3,5000,6.86,1
1166,3,5000,6.68,1
1167,3,5000,6.56,1
1168,3,5000,7.22,1
1169,3,5000,7.24,1
1170,3,5000,6.8,1
1171,3,5000,6.94,1
1172,3,5000,7.3,1
1173,3,5000,7.16,1
1174,3,5000,7.1,1
1175,3,5000,6.34,1
1176,3,5000,6.46,1
1177,3,5000,6.76,1
1178,3,5000,8.44,1
1179,3,5000,8.18,1
1180,3,5000,6.52,1
1181,3,5000,7.3,1
1182,3,5000,5.88,1
1183,3,5000,7.44,1
1184,3,5000,7.1,1
1185,3,5000,6.22,1
1186,3,5000,7.08,1
1187,3,5000,7.22,1
1188,3,5000,6.92,1
1189,3,5000,6.96,1
1190,3,5000,7.08,1
1191,3,5000,5.86,1
1192,3,5000,7.64,1
1193,3,5000,7.64,1
1194,3,5000,7.2,1
1195,3,5000,6.72,1
1196,3,5000,7.42,1
1197,3,5000,7.76,1
1198,3,5000,6.44,1
1199,3,5000,6.52,1
1200,3,5000,7.44,1
1201,3,5000,5.94,1
1202,3,5000,6.52,1
1203,3,5000,8.06,1
1204,3,5000,7.58,1
1205,3,5000,7.54,1
1206,3,5000,8.54,1
1207,3,5000,6.86,1
1208,3,5000,6.18,1
1209,3,5000,8.08,1
1210,3,5000,6.62,1
1211,3,5000,6.46,1
1212,3,5000,6.84,1
1213,3,5000,6.36,1
1214,3,5000,6.84,1
1215,3,5000,6.26,1
1216,3,5000,6.52,1
1217,3,5000,7.42,1
1218,3,5000,7.7,1
1219,3,5000,7.48,1
1220,3,5000,6.7,1
1221,3,5000,7.92,1
1222,3,5000,6.98,1
1223,3,5000,6.74,1
1224,3,5000,7.18,1
1225,3,5000,6.92,1
1226,3,5000,6.84,1
1227,3,5000,7.16,1
1228,3,5000,7.18,1
1229,3,5000,7.24,1
1230,3,5000,7.14,1
1231,3,5000,7.2,1
1232,3,5000,6.96,1
1233,3,5000,7.38,1
1234,3,5000,7.38,1
1235,3,5000,7.5,1
1236,3,5000,5.86,1
1237,3,5000,7.16,1
1238,3,5000,6.74,1
1239,3,5000,7.94,1
1240,3,5000,7.06,1
1241,3,5000,7.48,1
1242,3,5000,6.34,1
1243,3,5000,6.16,1
1244,3,5000,6.54,1
1245,3,5000,7.48,1
1246,3,5000,6.72,1
1247,3,5000,6.42,1
1248,3,5000,7.76,1
1249,3,5000,7.76,1
1250,3,5000,7.2,1
1251,3,5000,7.02,1
1252,3,5000,7.54,1
1253,3,5000,6.08,1
1254,3,5000,6.96,1
1255,3,5000,7.26,1
1256,3,5000,7.18,1
1257,3,5000,6.2,1
1258,3,5000,8.02,1
1259,3,5000,6.96,1
1260,3,5000,6.84,1
1261,3,5000,6.46,1
1262,3,5000,6.74,1
1263,3,5000,6.26,1
1264,3,5000,6.34,1
1265,3,5000,6.84,1
1266,3,5000,7.02,1
1267,3,5000,6.44,1
1268,3,5000,8.02,1
1269,3,5000,6.84,1
1270,3,5000,8.04,1
1271,3,5000,7.22,1
1272,3,5000,7.22,1
1273,3,5000,6.2,1
1274,3,5000,7.12,1
1275,3,5000,6.26,1
1276,3,5000,6.66,1
1277,3,5000,6.72,1
1278,3,5000,7.7,1
1279,3,5000,7.26,1
1280,3,5000,7.72,1
1281,3,5000,6.66,1
1282,3,5000,8.0,1
1283,3,5000,7.88,1
1284,3,5000,7.74,1
1285,3,5000,7.04,1
1286,3,5000,7.12,1
1287,3,5000,6.7,1
1288,3,5000,6.66,1
1289,3,5000,6.96,1
1290,3,5000,7.18,1
1291,3,5000,6.32,1
1292,3,5000,7.12,1
1293,3,5000,7.22,1
1294,3,5000,6.56,1
1295,3,5000,7.04,1
1296,3,5000,7.04,1
1297,3,5000,6.88,1
1298,3,5000,6.88,1
1299,3,5000,7.22,1
1300,3,5000,6.62,1
1301,3,5000,6.9,1
1302,3,5000,6.88,1
1303,3,5000,6.12,1
1304,3,5000,6.88,1
1305,3,5000,6.64,1
1306,3,5000,6.7,1
1307,3,5000,6.74,1
1308,3,5000,7.22,1
1309,3,5000,6.7,1
1310,3,5000,7.56,1
1311,3,5000,6.94,1
1312,3,5000,7.94,1
1313,3,5000,7.76,1
1314,3,5000,7.66,1
1315,3,5000,6.66,1
1316,3,5000,7.02,1
1317,3,5000,6.64,1
1318,3,5000,7.26,1
1319,3,5000,5.98,1
1320,3,5000,7.16,1
1321,3,5000,7.26,1
1322,3,5000,6.32,1
1323,3,5000,7.62,1
1324,3,5000,6.52,1
1325,3,5000,7.3,1
1326,3,5000,7.06,1
1327,3,5000,6.86,1
1328,3,5000,6.96,1
1329,3,5000,7.08,1
1330,3,5000,6.12,1
1331,3,5000,6.62,1
1332,3,5000,7.66,1
1333,3,5000,6.9,1
1334,3,5000,6.96,1
1335,3,5000,7.44,1
1336,3,5000,6.28,1
1337,3,5000,6.48,1
1338,3,5000,6.84,1
1339,3,5000,7.7,1
1340,3,5000,7.34,1
1341,3,5000,6.74,1
1342,3,5000,6.72,1
1343,3,5000,7.12,1
1344,3,5000,6.98,1
1345,3,5000,6.84,1
1346,3,5000,6.28,1
1347,3,5000,6.54,1
1348,3,5000,7.5,1
1349,3,5000,7.46,1
1350,3,5000,7.48,1
1351,3,5000,7.1,1
1352,3,5000,6.38,1
1353,3,5000,6.8,1
1354,3,5000,6.6,1
1355,3,5000,8.16,1
1356,3,5000,7.4,1
1357,3,5000,6.16,1
1358,3,5000,6.3,1
1359,3,5000,7.12,1
1360,3,5000,6.86,1
1361,3,5000,7.3,1
1362,3,5000,6.78,1
1363,3,5000,7.22,1
1364,3,5000,7.06,1
1365,3,5000,6.48,1
1366,3,5000,6.52,1
1367,3,5000,5.66,1
1368,3,5000,6.58,1
1369,3,5000,5.9,1
1370,3,5000,6.3,1
1371,3,5000,6.72,1
1372,3,5000,6.04,1
1373,3,5000,7.22,1
1374,3,5000,6.44,1
1375,3,5000,6.66,1
1376,3,5000,6.44,1
1377,3,5000,6.14,1
1378,3,5000,6.58,1
1379,3,5000,6.72,1
1380,3,5000,6.92,1
1381,3,5000,7.1,1
1382,3,5000,6.84,1
1383,3,5000,7.06,1
1384,3,5000,7.1,1
1385,3,5000,6.78,1
1386,3,5000,7.64,1
1387,3,5000,7.9,1
1388,3,5000,6.9,1
1389,3,5000,6.88,1
1390,3,5000,8.04,1
1391,3,5000,7.24,1
1392,3,5000,8.2,1
1393,3,5000,7.74,1
1394,3,5000,6.98,1
1395,3,5000,7.54,1
1396,3,5000,6.84,1
1397,3,5000,6.88,1
1398,3,5000,8.06,1
1399,3,5000,6.62,1
1400,3,5000,7.86,1
1401,3,5000,6.68,1
1402,3,5000,7.24,1
1403,3,5000,7.7,1
1404,3,5000,7.8,1
1405,3,5000,8.14,1
1406,3,5000,7.64,1
1407,3,5000,7.0,1
1408,3,5000,6.34,1
1409,3,5000,8.72,1
1410,3,5000,5.98,1
1411,3,5000,6.88,1
1412,3,5000,7.46,1
1413,3,5000,7.14,1
1414,3,5000,7.3,1
1415,3,5000,6.28,1
1416,3,5000,6.0,1
1417,3,5000,6.86,1
1418,3,5000,6.3,1
1419,3,5000,6.9,1
1420,3,5000,7.02,1
1421,3,5000,6.56,1
1422,3,5000,7.62,1
1423,3,5000,6.82,1
1424,3,5000,7.5,1
1425,3,5000,7.82,1
1426,3,5000,7.28,1
1427,3,5000,7.22,1
1428,3,5000,5.7,1
1429,3,5000,6.62,1
1430,3,5000,7.66,1
1431,3,5000,6.52,1
1432,3,5000,5.74,1
1433,3,5000,6.78,1
1434,3,5000,6.5,1
1435,3,5000,7.24,1
1436,3,5000,7.68,1
1437,3,5000,7.02,1
1438,3,5000,6.4,1
1439,3,5000,6.66,1
1440,3,5000,7.5,1
1441,3,5000,6.94,1
1442,3,5000,6.88,1
1443,3,5000,6.64,1
1444,3,5000,6.28,1
1445,3,5000,7.72,1
1446,3,5000,7.52,1
1447,3,5000,8.04,1
1448,3,5000,7.22,1
1449,3,5000,7.14,1
1450,3,5000,6.88,1
1451,3,5000,5.98,1
1452,3,5000,7.46,1
1453,3,5000,6.88,1
1454,3,5000,6.18,1
1455,3,5000,6.6,1
1456,3,5000,6.52,1
1457,3,5000,6.82,1
1458,3,5000,6.36,1
1459,3,5000,6.7,1
1460,3,5000,6.96,1
1461,3,5000,7.06,1
1462,3,5000,6.6,1
1463,3,5000,6.5,1
1464,3,5000,6.84,1
1465,3,5000,8.1,1
1466,3,5000,6.62,1
1467,3,5000,6.34,1
1468,3,5000,7.44,1
1469,3,5000,7.68,1
1470,3,5000,6.9,1
1471,3,5000,5.86,1
1472,3,5000,6.74,1
1473,3,5000,8.32,1
1474,3,5000,7.76,1
1475,3,5000,7.1,1
1476,3,5000,7.72,1
1477,3,5000,7.48,1
1478,3,5000,6.14,1
1479,3,5000,6.72,1
1480,3,5000,6.2,1
1481,3,5000,6.9,1
1482,3,5000,7.0,1
1483,3,5000,6.44,1
1484,3,5000,6.7,1
1485,3,5000,7.28,1
1486,3,5000,6.58,1
1487,3,5000,7.74,1
1488,3,5000,6.7,1
1489,3,5000,7.8,1
1490,3,5000,6.1,1
1491,3,5000,6.48,1
1492,3,5000,6.74,1
1493,3,5000,7.82,1
1494,3,5000,6.2,1
1495,3,5000,7.48,1
1496,3,5000,6.36,1
1497,3,5000,6.6,1
1498,3,5000,6.86,1
1499,3,5000,7.0,1
1500,3,5000,6.94,1
1501,3,5000,7.18,1
1502,3,5000,7.28,1
1503,3,5000,7.34,1
1504,3,5000,7.78,1
1505,3,5000,8.4,1
1506,3,5000,8.3,1
1507,3,5000,7.8,1
1508,3,5000,7.8,1
1509,3,5000,6.72,1
1510,3,5000,7.38,1
1511,3,5000,6.8,1
1512,3,5000,7.0,1
1513,3,5000,7.08,1
1514,3,5000,6.88,1
1515,3,5000,6.86,1
1516,3,5000,6.66,1
1517,3,5000,6.98,1
1518,3,5000,6.46,1
1519,3,5000,8.58,1
1520,3,5000,7.94,1
1521,3,5000,6.4,1
1522,3,5000,6.26,1
1523,3,5000,6.28,1
1524,3,5000,7.6,1
1525,3,5000,7.04,1
1526,3,5000,6.84,1
1527,3,5000,7.36,1
1528,3,5000,7.3,1
1529,3,5000,7.42,1
1530,3,5000,6.76,1
1531,3,5000,6.5,1
1532,3,5000,7.46,1
1533,3,5000,7.42,1
1534,3,5000,7.78,1
1535,3,5000,6.7,1
1536,3,5000,7.32,1
1537,3,5000,6.8,1
1538,3,5000,6.6,1
1539,3,5000,6.46,1
1540,3,5000,7.44,1
1541,3,5000,6.7,1
1542,3,5000,6.86,1
1543,3,5000,8.56,1
1544,3,5000,7.12,1
1545,3,5000,6.36,1
1546,3,5000,6.28,1
1547,3,5000,7.72,1
1548,3,5000,6.04,1
1549,3,5000,7.76,1
1550,3,5000,6.84,1
1551,3,5000,7.16,1
1552,3,5000,6.06,1
1553,3,5000,7.04,1
1554,3,5000,6.76,1
1555,3,5000,7.56,1
1556,3,5000,7.48,1
1557,3,5000,7.28,1
1558,3,5000,6.44,1
1559,3,5000,6.54,1
1560,3,5000,7.14,1
1561,3,5000,7.14,1
1562,3,5000,7.34,1
1563,3,5000,6.92,1
1564,3,5000,7.64,1
1565,3,5000,7.74,1
1566,3,5000,7.78,1
1567,3,5000,6.66,1
1568,3,5000,6.96,1
1569,3,5000,7.44,1
1570,3,5000,7.6,1
1571,3,5000,7.3,1
1572,3,5000,7.24,1
1573,3,5000,6.48,1
1574,3,5000,7.8,1
1575,3,5000,7.48,1
1576,3,5000,6.8,1
1577,3,5000,7.34,1
1578,3,5000,7.08,1
1579,3,5000,6.8,1
1580,3,5000,6.7,1
1581,3,5000,6.66,1
1582,3,5000,6.42,1
1583,3,5000,6.08,1
1584,3,5000,7.06,1
1585,3,5000,6.24,1
1586,3,5000,6.52,1
1587,3,5000,6.26,1
1588,3,5000,7.22,1
1589,3,5000,7.82,1
1590,3,5000,6.08,1
1591,3,5000,7.74,1
1592,3,5000,7.8,1
1593,3,5000,6.62,1
1594,3,5000,6.88,1
1595,3,5000,7.34,1
1596,3,5000,7.02,1
1597,3,5000,6.32,1
1598,3,5000,7.62,1
1599,3,5000,7.48,1
1600,3,5000,7.66,1
1601,3,5000,5.72,1
1602,3,5000,7.58,1
1603,3,5000,7.6,1
1604,3,5000,7.12,1
1605,3,5000,6.64,1
1606,3,5000,6.74,1
1607,3,5000,7.28,1
1608,3,5000,5.92,1
1609,3,5000,6.12,1
1610,3,5000,6.82,1
1611,3,5000,6.82,1
1612,3,5000,5.88,1
1613,3,5000,6.52,1
1614,3,5000,6.5,1
1615,3,5000,7.0,1
1616,3,5000,7.18,1
1617,3,5000,7.96,1
1618,3,5000,7.02,1
1619,3,5000,6.24,1
1620,3,5000,7.1,1
1621,3,5000,6.64,1
1622,3,5000,7.46,1
1623,3,5000,7.26,1
1624,3,5000,6.7,1
1625,3,5000,6.58,1
1626,3,5000,6.46,1
1627,3,5000,7.38,1
1628,3,5000,6.84,1
1629,3,5000,7.8,1
1630,3,5000,7.58,1
1631,3,5000,6.6,1
1632,3,5000,7.04,1
1633,3,5000,6.92,1
1634,3,5000,6.68,1
1635,3,5000,6.86,1
1636,3,5000,7.04,1
1637,3,5000,6.46,1
1638,3,5000,7.56,1
1639,3,5000,7.7,1
1640,3,5000,7.58,1
1641,3,5000,7.72,1
1642,3,5000,7.44,1
1643,3,5000,7.52,1
1644,3,5000,6.84,1
1645,3,5000,6.28,1
1646,3,5000,6.92,1
1647,3,5000,7.08,1
1648,3,5000,6.48,1
1649,3,5000,5.76,1
1650,3,5000,7.56,1
1651,3,5000,7.3,1
1652,3,5000,6.4,1
1653,3,5000,6.64,1
1654,3,5000,6.1,1
1655,3,5000,5.78,1
1656,3,5000,6.72,1
1657,3,5000,5.46,1
1658,3,5000,6.78,1
1659,3,5000,6.48,1
1660,3,5000,6.64,1
1661,3,5000,6.22,1
1662,3,5000,6.4,1
1663,3,5000,6.94,1
1664,3,5000,7.42,1
1665,3,5000,6.12,1
1666,3,5000,6.22,1
1667,3,5000,6.92,1
1668,3,5000,6.94,1
1669,3,5000,7.1,1
1670,3,5000,6.44,1
1671,3,5000,6.74,1
1672,3,5000,7.48,1
1673,3,5000,7.22,1
1674,3,5000,6.9,1
1675,3,5000,6.74,1
1676,3,5000,7.14,1
1677,3,5000,7.34,1
1678,3,5000,6.98,1
1679,3,5000,6.98,1
1680,3,5000,6.2,1
1681,3,5000,6.9,1
1682,3,5000,6.92,1
1683,3,5000,6.78,1
1684,3,5000,6.68,1
1685,3,5000,6.5,1
1686,3,5000,7.88,1
1687,3,5000,6.96,1
1688,3,5000,7.94,1
1689,3,5000,6.64,1
1690,3,5000,6.64,1
1691,3,5000,7.08,1
1692,3,5000,6.7,1
1693,3,5000,6.18,1
1694,3,5000,7.22,1
1695,3,5000,7.0,1
1696,3,5000,6.86,1
1697,3,5000,6.58,1
1698,3,5000,6.34,1
1699,3,5000,6.22,1
1700,3,5000,7.04,1
1701,3,5000,7.16,1
1702,3,5000,7.38,1
1703,3,5000,7.58,1
1704,3,5000,7.24,1
1705,3,5000,6.32,1
1706,3,5000,5.58,1
1707,3,5000,6.72,1
1708,3,5000,7.02,1
1709,3,5000,7.38,1
1710,3,5000,6.46,1
1711,3,5000,6.72,1
1712,3,5000,6.6,1
1713,3,5000,8.22,1
1714,3,5000,8.08,1
1715,3,5000,7.18,1
1716,3,5000,7.74,1
1717,3,5000,8.08,1
1718,3,5000,6.58,1
1719,3,5000,7.26,1
1720,3,5000,6.68,1
1721,3,5000,6.22,1
1722,3,5000,6.7,1
1723,3,5000,6.72,1
1724,3,5000,6.82,1
1725,3,5000,7.22,1
1726,3,5000,6.9,1
1727,3,5000,7.02,1
1728,3,5000,6.38,1
1729,3,5000,6.6,1
1730,3,5000,7.06,1
1731,3,5000,6.9,1
1732,3,5000,7.6,1
1733,3,5000,7.54,1
1734,3,5000,6.84,1
1735,3,5000,6.58,1
1736,3,5000,7.16,1
1737,3,5000,7.66,1
1738,3,5000,7.64,1
1739,3,5000,7.26,1
1740,3,5000,7.44,1
1741,3,5000,5.66,1
1742,3,5000,6.94,1
1743,3,5000,7.26,1
1744,3,5000,6.6,1
1745,3,5000,6.36,1
1746,3,5000,7.36,1
1747,3,5000,6.62,1
1748,3,5000,7.86,1
1749,3,5000,7.48,1
1750,3,5000,7.28,1
1751,3,5000,7.26,1
1752,3,5000,7.58,1
1753,3,5000,6.14,1
1754,3,5000,6.88,1
1755,3,5000,7.16,1
1756,3,5000,7.84,1
1757,3,5000,8.24,1
1758,3,5000,7.38,1
1759,3,5000,7.54,1
1760,3,5000,6.72,1
1761,3,5000,6.56,1
1762,3,5000,6.5,1
1763,3,5000,7.0,1
1764,3,5000,6.92,1
1765,3,5000,6.96,1
1766,3,5000,6.02,1
1767,3,5000,6.8,1
1768,3,5000,6.88,1
1769,3,5000,7.32,1
1770,3,5000,6.24,1
1771,3,5000,7.22,1
1772,3,5000,7.76,1
1773,3,5000,7.16,1
1774,3,5000,7.66,1
1775,3,5000,7.92,1
1776,3,5000,6.64,1
1777,3,5000,7.3,1
1778,3,5000,7.38,1
1779,3,5000,7.92,1
1780,3,5000,7.16,1
1781,3,5000,7.28,1
1782,3,5000,7.12,1
1783,3,5000,7.12,1
1784,3,5000,7.34,1
1785,3,5000,6.96,1
1786,3,5000,7.66,1
1787,3,5000,7.7,1
1788,3,5000,7.06,1
1789,3,5000,7.54,1
1790,3,5000,7.0,1
1791,3,5000,7.46,1
1792,3,5000,6.64,1
1793,3,5000,6.72,1
1794,3,5000,6.78,1
1795,3,5000,6.44,1
1796,3,5000,6.96,1
1797,3,5000,6.0,1
1798,3,5000,6.08,1
1799,3,5000,6.4,1
1800,3,5000,7.7,1
1801,3,5000,7.32,1
1802,3,5000,5.84,1
1803,3,5000,7.2,1
1804,3,5000,6.54,1
1805,3,5000,6.88,1
1806,3,5000,7.5,1
1807,3,5000,6.82,1
1808,3,5000,7.14,1
1809,3,5000,5.9,1
1810,3,5000,6.7,1
1811,3,5000,6.38,1
1812,3,5000,6.34,1
1813,3,5000,6.72,1
1814,3,5000,8.24,1
1815,3,5000,7.28,1
1816,3,5000,6.38,1
1817,3,5000,7.16,1
1818,3,5000,7.24,1
1819,3,5000,6.5,1
1820,3,5000,7.14,1
1821,3,5000,7.32,1
1822,3,5000,8.06,1
1823,3,5000,7.04,1
1824,3,5000,7.56,1
1825,3,5000,6.8,1
1826,3,5000,6.36,1
1827,3,5000,6.54,1
1828,3,5000,7.76,1
1829,3,5000,6.82,1
1830,3,5000,6.06,1
1831,3,5000,7.5,1
1832,3,5000,7.54,1
1833,3,5000,7.08,1
1834,3,5000,7.32,1
1835,3,5000,7.02,1
1836,3,5000,6.8,1
1837,3,5000,7.82,1
1838,3,5000,6.9,1
1839,3,5000,8.62,1
1840,3,5000,6.66,1
1841,3,5000,6.1,1
1842,3,5000,7.22,1
1843,3,5000,6.5,1
1844,3,5000,7.3,1
1845,3,5000,7.0,1
1846,3,5000,7.34,1
1847,3,5000,6.64,1
1848,3,5000,7.24,1
1849,3,5000,7.12,1
1850,3,5000,7.92,1
1851,3,5000,6.9,1
1852,3,5000,7.2,1
1853,3,5000,7.68,1
1854,3,5000,7.06,1
1855,3,5000,6.84,1
1856,3,5000,7.08,1
1857,3,5000,7.16,1
1858,3,5000,7.4,1
1859,3,5000,7.52,1
1860,3,5000,7.48,1
1861,3,5000,7.52,1
1862,3,5000,7.42,1
1863,3,5000,6.98,1
1864,3,5000,7.44,1
1865,3,5000,6.7,1
1866,3,5000,7.14,1
1867,3,5000,7.88,1
1868,3,5000,8.34,1
1869,3,5000,6.58,1
1870,3,5000,7.3,1
1871,3,5000,6.48,1
1872,3,5000,7.1,1
1873,3,5000,7.4,1
1874,3,5000,7.32,1
1875,3,5000,7.1,1
1876,3,5000,7.36,1
1877,3,5000,7.66,1
1878,3,5000,8.52,1
1879,3,5000,7.1,1
1880,3,5000,6.34,1
1881,3,5000,6.36,1
1882,3,5000,6.94,1
1883,3,5000,7.32,1
1884,3,5000,6.66,1
1885,3,5000,6.32,1
1886,3,5000,7.18,1
1887,3,5000,6.18,1
1888,3,5000,7.64,1
1889,3,5000,6.98,1
1890,3,5000,7.02,1
1891,3,5000,7.08,1
1892,3,5000,7.88,1
1893,3,5000,8.1,1
1894,3,5000,7.64,1
1895,3,5000,8.26,1
1896,3,5000,6.54,1
1897,3,5000,7.28,1
1898,3,5000,6.34,1
1899,3,5000,7.46,1
1900,3,5000,6.82,1
1901,3,5000,7.08,1
1902,3,5000,7.12,1
1903,3,5000,6.0,1
1904,3,5000,6.8,1
1905,3,5000,6.9,1
1906,3,5000,7.08,1
1907,3,5000,7.42,1
1908,3,5000,6.84,1
1909,3,5000,6.76,1
1910,3,5000,6.52,1
1911,3,5000,6.76,1
1912,3,5000,6.12,1
1913,3,5000,6.98,1
1914,3,5000,7.14,1
1915,3,5000,6.68,1
1916,3,5000,7.24,1
1917,3,5000,7.22,1
1918,3,5000,5.88,1
1919,3,5000,6.92,1
1920,3,5000,6.88,1
1921,3,5000,7.04,1
1922,3,5000,6.84,1
1923,3,5000,7.22,1
1924,3,5000,7.24,1
1925,3,5000,7.76,1
1926,3,5000,8.02,1
1927,3,5000,7.62,1
1928,3,5000,7.5,1
1929,3,5000,7.18,1
1930,3,5000,7.76,1
1931,3,5000,8.0,1
1932,3,5000,8.76,1
1933,3,5000,6.84,1
1934,3,5000,7.06,1
1935,3,5000,7.58,1
1936,3,5000,6.8,1
1937,3,5000,6.94,1
1938,3,5000,6.02,1
1939,3,5000,6.62,1
1940,3,5000,6.32,1
1941,3,5000,7.5,1
1942,3,5000,6.04,1
1943,3,5000,7.54,1
1944,3,5000,7.26,1
1945,3,5000,7.58,1
1946,3,5000,7.4,1
1947,3,5000,7.4,1
1948,3,5000,7.24,1
1949,3,5000,6.16,1
1950,3,5000,7.28,1
1951,3,5000,6.36,1
1952,3,5000,7.3,1
1953,3,5000,6.46,1
1954,3,5000,6.66,1
1955,3,5000,7.44,1
1956,3,5000,6.9,1
1957,3,5000,6.96,1
1958,3,5000,7.84,1
1959,3,5000,7.66,1
1960,3,5000,7.34,1
1961,3,5000,7.18,1
1962,3,5000,6.72,1
1963,3,5000,7.0,1
1964,3,5000,6.86,1
1965,3,5000,7.18,1
1966,3,5000,8.86,1
1967,3,5000,8.18,1
1968,3,5000,7.74,1
1969,3,5000,7.52,1
1970,3,5000,7.2,1
1971,3,5000,5.58,1
1972,3,5000,6.7,1
1973,3,5000,6.54,1
1974,3,5000,6.82,1
1975,3,5000,7.38,1
1976,3,5000,6.98,1
1977,3,5000,6.62,1
1978,3,5000,6.68,1
1979,3,5000,6.7,1
1980,3,5000,6.42,1
1981,3,5000,6.72,1
1982,3,5000,7.04,1
1983,3,5000,5.94,1
1984,3,5000,6.94,1
1985,3,5000,6.24,1
1986,3,5000,5.86,1
1987,3,5000,6.86,1
1988,3,5000,6.88,1
1989,3,5000,7.5,1
1990,3,5000,8.76,1
1991,3,5000,7.38,1
1992,3,5000,7.04,1
1993,3,5000,7.74,1
1994,3,5000,6.44,1
1995,3,5000,8.5,1
1996,3,5000,6.84,1
1997,3,5000,6.48,1
1998,3,5000,6.6,1
1999,3,5000,7.52,1
2000,3,5000,6.72,1
2001,3,5000,7.9,1
2002,3,5000,6.32,1
2003,3,5000,6.34,1
2004,3,5000,6.98,1
2005,3,5000,6.36,1
2006,3,5000,6.44,1
2007,3,5000,7.06,1
2008,3,5000,7.2,1
2009,3,5000,6.76,1
2010,3,5000,6.12,1
2011,3,5000,6.28,1
2012,3,5000,6.34,1
2013,3,5000,6.42,1
2014,3,5000,6.8,1
2015,3,5000,6.2,1
2016,3,5000,6.48,1
2017,3,5000,7.52,1
2018,3,5000,7.9,1
2019,3,5000,6.64,1
2020,3,5000,6.74,1
2021,3,5000,6.9,1
2022,3,5000,6.82,1
2023,3,5000,7.36,1
2024,3,5000,6.6,1
2025,3,5000,6.74,1
2026,3,5000,7.32,1
2027,3,5000,7.9,1
2028,3,5000,7.44,1
2029,3,5000,7.88,1
2030,3,5000,7.08,1
2031,3,5000,7.66,1
2032,3,5000,6.2,1
2033,3,5000,6.88,1
2034,3,5000,7.0,1
2035,3,5000,6.88,1
2036,3,5000,6.2,1
2037,3,5000,8.16,1
2038,3,5000,6.58,1
2039,3,5000,6.66,1
2040,3,5000,6.88,1
2041,3,5000,7.08,1
2042,3,5000,7.14,1
2043,3,5000,6.26,1
2044,3,5000,6.94,1
2045,3,5000,7.02,1
2046,3,5000,6.82,1
2047,3,5000,6.94,1
2048,3,5000,7.68,1
2049,3,5000,6.58,1
2050,3,5000,7.14,1
2051,3,5000,6.84,1
2052,3,5000,6.12,1
2053,3,5000,6.98,1
2054,3,5000,6.86,1
2055,3,5000,7.02,1
2056,3,5000,7.42,1
2057,3,5000,7.78,1
2058,3,5000,7.26,1
2059,3,5000,6.7,1
2060,3,5000,6.62,1
2061,3,5000,7.36,1
2062,3,5000,5.46,1
2063,3,5000,7.02,1
2064,3,5000,7.74,1
2065,3,5000,7.24,1
2066,3,5000,8.02,1
2067,3,5000,6.66,1
2068,3,5000,7.04,1
2069,3,5000,6.76,1
2070,3,5000,6.96,1
2071,3,5000,6.64,1
2072,3,5000,6.88,1
2073,3,5000,6.98,1
2074,3,5000,6.42,1
2075,3,5000,7.38,1
2076,3,5000,7.26,1
2077,3,5000,8.04,1
2078,3,5000,7.58,1
2079,3,5000,6.64,1
2080,3,5000,6.26,1
2081,3,5000,6.98,1
2082,3,5000,6.88,1
2083,3,5000,7.28,1
2084,3,5000,6.5,1
2085,3,5000,7.3,1
2086,3,5000,7.62,1
2087,3,5000,7.54,1
2088,3,5000,6.8,1
2089,3,5000,6.44,1
2090,3,5000,7.08,1
2091,3,5000,7.44,1
2092,3,5000,6.96,1
2093,3,5000,7.66,1
2094,3,5000,7.38,1
2095,3,5000,6.98,1
2096,3,5000,6.54,1
2097,3,5000,7.28,1
2098,3,5000,7.22,1
2099,3,5000,7.24,1
2100,3,5000,6.82,1
2101,3,5000,6.92,1
2102,3,5000,6.42,1
2103,3,5000,7.22,1
2104,3,5000,7.14,1
2105,3,5000,6.72,1
2106,3,5000,6.5,1
2107,3,5000,7.5,1
2108,3,5000,7.48,1
2109,3,5000,7.2,1
2110,3,5000,6.96,1
2111,3,5000,6.82,1
2112,3,5000,6.88,1
2113,3,5000,8.02,1
2114,3,5000,6.98,1
2115,3,5000,7.58,1
2116,3,5000,7.16,1
2117,3,5000,6.98,1
2118,3,5000,6.38,1
2119,3,5000,6.68,1
2120,3,5000,6.74,1
2121,3,5000,6.06,1
2122,3,5000,7.42,1
2123,3,5000,6.78,1
2124,3,5000,7.68,1
2125,3,5000,5.68,1
2126,3,5000,5.88,1
2127,3,5000,7.0,1
2128,3,5000,7.14,1
2129,3,5000,6.96,1
2130,3,5000,7.18,1
2131,3,5000,7.16,1
2132,3,5000,7.8,1
2133,3,5000,7.1,1
2134,3,5000,6.46,1
2135,3,5000,7.42,1
2136,3,5000,7.44,1
2137,3,5000,8.74,1
2138,3,5000,7.44,1
2139,3,5000,7.02,1
2140,3,5000,7.1,1
2141,3,5000,6.78,1
2142,3,5000,7.72,1
2143,3,5000,7.44,1
2144,3,5000,7.14,1
2145,3,5000,6.96,1
2146,3,5000,8.12,1
2147,3,5000,7.26,1
2148,3,5000,7.7,1
2149,3,5000,7.32,1
2150,3,5000,7.98,1
2151,3,5000,6.76,1
2152,3,5000,6.44,1
2153,3,5000,7.08,1
2154,3,5000,7.5,1
2155,3,5000,6.24,1
2156,3,5000,8.02,1
2157,3,5000,7.74,1
2158,3,5000,8.34,1
2159,3,5000,7.2,1
2160,3,5000,7.54,1
2161,3,5000,7.6,1
2162,3,5000,7.58,1
2163,3,5000,6.32,1
2164,3,5000,7.02,1
2165,3,5000,7.36,1
2166,3,5000,6.96,1
2167,3,5000,7.1,1
2168,3,5000,7.1,1
2169,3,5000,6.36,1
2170,3,5000,6.12,1
2171,3,5000,7.52,1
2172,3,5000,6.84,1
2173,3,5000,6.62,1
2174,3,5000,7.16,1
2175,3,5000,6.66,1
2176,3,5000,7.32,1
2177,3,5000,7.32,1
2178,3,5000,7.8,1
2179,3,5000,5.86,1
2180,3,5000,7.34,1
2181,3,5000,7.9,1
2182,3,5000,7.54,1
2183,3,5000,6.94,1
2184,3,5000,7.02,1
2185,3,5000,6.92,1
2186,3,5000,6.9,1
2187,3,5000,7.26,1
2188,3,5000,7.7,1
2189,3,5000,6.66,1
2190,3,5000,7.14,1
2191,3,5000,6.36,1
2192,3,5000,7.96,1
2193,3,5000,7.42,1
2194,3,5000,7.48,1
2195,3,5000,7.34,1
2196,3,5000,6.68,1
2197,3,5000,6.34,1
2198,3,5000,6.5,1
2199,3,5000,7.3,1
2200,3,5000,6.7,1
2201,3,5000,6.06,1
2202,3,5000,7.1,1
2203,3,5000,6.92,1
2204,3,5000,7.16,1
2205,3,5000,8.88,1
2206,3,5000,7.98,1
2207,3,5000,7.28,1
2208,3,5000,7.16,1
2209,3,5000,5.76,1
2210,3,5000,5.7,1
2211,3,5000,6.72,1
2212,3,5000,6.54,1
2213,3,5000,6.88,1
2214,3,5000,7.1,1
2215,3,5000,7.76,1
2216,3,5000,7.88,1
2217,3,5000,6.9,1
2218,3,5000,6.8,1
2219,3,5000,7.04,1
2220,3,5000,7.18,1
2221,3,5000,7.56,1
2222,3,5000,7.8,1
2223,3,5000,7.14,1
2224,3,5000,7.5,1
2225,3,5000,7.7,1
2226,3,5000,8.36,1
2227,3,5000,8.02,1
2228,3,5000,7.5,1
2229,3,5000,7.06,1
2230,3,5000,6.6,1
2231,3,5000,7.2,1
2232,3,5000,6.76,1
2233,3,5000,6.48,1
2234,3,5000,6.92,1
2235,3,5000,7.4,1
2236,3,5000,6.82,1
2237,3,5000,5.96,1
2238,3,5000,6.18,1
2239,3,5000,6.36,1
2240,3,5000,6.58,1
2241,3,5000,7.28,1
2242,3,5000,7.56,1
2243,3,5000,7.3,1
2244,3,5000,6.42,1
2245,3,5000,6.08,1
2246,3,5000,7.14,1
2247,3,5000,7.2,1
2248,3,5000,7.0,1
2249,3,5000,6.78,1
2250,3,5000,6.06,1
2251,3,5000,6.32,1
2252,3,5000,6.92,1
2253,3,5000,6.84,1
2254,3,5000,7.78,1
2255,3,5000,6.88,1
2256,3,5000,6.92,1
2257,3,5000,7.16,1
2258,3,5000,6.34,1
2259,3,5000,6.22,1
2260,3,5000,6.94,1
2261,3,5000,6.06,1
2262,3,5000,6.86,1
2263,3,5000,6.94,1
2264,3,5000,6.66,1
2265,3,5000,6.68,1
2266,3,5000,6.88,1
2267,3,5000,7.42,1
2268,3,5000,6.48,1
2269,3,5000,6.84,1
2270,3,5000,7.4,1
2271,3,5000,6.04,1
2272,3,5000,7.24,1
2273,3,5000,7.54,1
2274,3,5000,6.32,1
2275,3,5000,7.6,1
2276,3,5000,7.54,1
2277,3,5000,6.16,1
2278,3,5000,6.28,1
2279,3,5000,7.74,1
2280,3,5000,7.04,1
2281,3,5000,6.62,1
2282,3,5000,6.66,1
2283,3,5000,6.56,1
2284,3,5000,6.98,1
2285,3,5000,6.1,1
2286,3,5000,6.02,1
2287,3,5000,6.06,1
2288,3,5000,6.68,1
2289,3,5000,6.3,1
2290,3,5000,6.54,1
2291,3,5000,6.72,1
2292,3,5000,6.88,1
2293,3,5000,6.66,1
2294,3,5000,6.72,1
2295,3,5000,7.38,1
2296,3,5000,7.96,1
2297,3,5000,7.8,1
2298,3,5000,6.96,1
2299,3,5000,6.2,1
2300,3,5000,7.6,1
2301,3,5000,6.98,1
2302,3,5000,7.48,1
2303,3,5000,7.26,1
2304,3,5000,6.86,1
2305,3,5000,6.96,1
2306,3,5000,6.74,1
2307,3,5000,6.96,1
2308,3,5000,7.0,1
2309,3,5000,7.08,1
2310,3,5000,7.36,1
2311,3,5000,6.28,1
2312,3,5000,7.54,1
2313,3,5000,6.84,1
2314,3,5000,7.28,1
2315,3,5000,6.12,1
2316,3,5000,5.28,1
2317,3,5000,6.74,1
2318,3,5000,6.7,1
2319,3,5000,7.56,1
2320,3,5000,7.96,1
2321,3,5000,6.76,1
2322,3,5000,6.98,1
2323,3,5000,6.44,1
2324,3,5000,7.14,1
2325,3,5000,6.92,1
2326,3,5000,7.12,1
2327,3,5000,5.8,1
2328,3,5000,6.06,1
2329,3,5000,7.48,1
2330,3,5000,7.42,1
2331,3,5000,7.66,1
2332,3,5000,7.38,1
2333,3,5000,6.4,1
2334,3,5000,7.22,1
2335,3,5000,7.5,1
2336,3,5000,7.86,1
2337,3,5000,7.76,1
2338,3,5000,7.44,1
2339,3,5000,5.92,1
2340,3,5000,7.12,1
2341,3,5000,6.82,1
2342,3,5000,6.7,1
2343,3,5000,5.7,1
2344,3,5000,6.92,1
2345,3,5000,7.38,1
2346,3,5000,6.76,1
2347,3,5000,7.34,1
2348,3,5000,7.76,1
2349,3,5000,6.52,1
2350,3,5000,6.24,1
2351,3,5000,7.38,1
2352,3,5000,7.52,1
2353,3,5000,7.18,1
2354,3,5000,6.7,1
2355,3,5000,7.14,1
2356,3,5000,7.28,1
2357,3,5000,6.5,1
2358,3,5000,7.24,1
2359,3,5000,7.76,1
2360,3,5000,7.46,1
2361,3,5000,7.14,1
2362,3,5000,6.22,1
2363,3,5000,6.54,1
2364,3,5000,7.04,1
2365,3,5000,7.26,1
2366,3,5000,6.94,1
2367,3,5000,7.18,1
2368,3,5000,6.1,1
2369,3,5000,6.06,1
2370,3,5000,5.38,1
2371,3,5000,6.96,1
2372,3,5000,6.54,1
2373,3,5000,7.04,1
2374,3,5000,7.0,1
2375,3,5000,7.08,1
2376,3,5000,7.4,1
2377,3,5000,7.02,1
2378,3,5000,6.68,1
2379,3,5000,6.5,1
2380,3,5000,6.1,1
2381,3,5000,7.44,1
2382,3,5000,7.68,1
2383,3,5000,6.9,1
2384,3,5000,6.82,1
2385,3,5000,7.26,1
2386,3,5000,7.06,1
2387,3,5000,7.72,1
2388,3,5000,7.3,1
2389,3,5000,6.26,1
2390,3,5000,7.06,1
2391,3,5000,6.68,1
2392,3,5000,6.46,1
2393,3,5000,6.42,1
2394,3,5000,7.4,1
2395,3,5000,7.2,1
2396,3,5000,7.3,1
2397,3,5000,7.6,1
2398,3,5000,7.2,1
2399,3,5000,6.54,1
2400,3,5000,7.52,1
2401,3,5000,7.44,1
2402,3,5000,6.72,1
2403,3,5000,6.7,1
2404,3,5000,6.24,1
2405,3,5000,8.18,1
2406,3,5000,7.72,1
2407,3,5000,7.2,1
2408,3,5000,6.66,1
2409,3,5000,7.22,1
2410,3,5000,6.26,1
2411,3,5000,6.08,1
2412,3,5000,7.06,1
2413,3,5000,7.48,1
2414,3,5000,6.22,1
2415,3,5000,7.18,1
2416,3,5000,6.2,1
2417,3,5000,6.76,1
2418,3,5000,7.92,1
2419,3,5000,7.98,1
2420,3,5000,7.62,1
2421,3,5000,7.44,1
2422,3,5000,7.46,1
2423,3,5000,8.42,1
2424,3,5000,7.08,1
2425,3,5000,6.46,1
2426,3,5000,7.12,1
2427,3,5000,7.42,1
2428,3,5000,6.98,1
2429,3,5000,5.92,1
2430,3,5000,6.54,1
2431,3,5000,7.32,1
2432,3,5000,7.28,1
2433,3,5000,6.34,1
2434,3,5000,7.2,1
2435,3,5000,7.5,1
2436,3,5000,6.72,1
2437,3,5000,6.7,1
2438,3,5000,5.92,1
2439,3,5000,6.34,1
2440,3,5000,7.28,1
2441,3,5000,6.62,1
2442,3,5000,6.72,1
2443,3,5000,6.86,1
2444,3,5000,6.88,1
2445,3,5000,6.6,1
2446,3,5000,6.7,1
2447,3,5000,7.3,1
2448,3,5000,6.94,1
2449,3,5000,6.86,1
2450,3,5000,7.72,1
2451,3,5000,8.76,1
2452,3,5000,8.34,1
2453,3,5000,7.4,1
2454,3,5000,6.88,1
2455,3,5000,7.02,1
2456,3,5000,7.5,1
2457,3,5000,6.44,1
2458,3,5000,6.9,1
2459,3,5000,6.46,1
2460,3,5000,7.08,1
2461,3,5000,5.98,1
2462,3,5000,6.7,1
2463,3,5000,6.66,1
2464,3,5000,7.22,1
2465,3,5000,6.28,1
2466,3,5000,7.02,1
2467,3,5000,7.3,1
2468,3,5000,6.12,1
2469,3,5000,6.14,1
2470,3,5000,7.1,1
2471,3,5000,8.02,1
2472,3,5000,6.96,1
2473,3,5000,7.78,1
2474,3,5000,7.0,1
2475,3,5000,6.64,1
2476,3,5000,7.7,1
2477,3,5000,6.38,1
2478,3,5000,7.34,1
2479,3,5000,6.86,1
2480,3,5000,6.48,1
2481,3,5000,7.28,1
2482,3,5000,6.46,1
2483,3,5000,6.86,1
2484,3,5000,7.66,1
2485,3,5000,6.22,1
2486,3,5000,6.26,1
2487,3,5000,7.1,1
2488,3,5000,7.38,1
2489,3,5000,7.68,1
2490,3,5000,7.26,1
2491,3,5000,6.5,1
2492,3,5000,5.8,1
2493,3,5000,6.3,1
2494,3,5000,6.44,1
2495,3,5000,6.0,1
2496,3,5000,6.22,1
2497,3,5000,7.0,1
2498,3,5000,7.46,1
2499,3,5000,6.82,1
2500,3,5000,7.1,1
2501,3,5000,6.74,1
2502,3,5000,6.82,1
2503,3,5000,6.32,1
2504,3,5000,6.3,1
2505,3,5000,6.4,1
2506,3,5000,6.52,1
2507,3,5000,6.72,1
2508,3,5000,5.66,1
2509,3,5000,6.16,1
2510,3,5000,6.88,1
2511,3,5000,6.12,1
2512,3,5000,6.98,1
2513,3,5000,6.78,1
2514,3,5000,7.12,1
2515,3,5000,6.94,1
2516,3,5000,6.4,1
2517,3,5000,6.52,1
2518,3,5000,8.02,1
2519,3,5000,6.6,1
2520,3,5000,6.0,1
2521,3,5000,5.98,1
2522,3,5000,6.64,1
2523,3,5000,6.86,1
2524,3,5000,6.84,1
2525,3,5000,6.68,1
2526,3,5000,6.22,1
2527,3,5000,7.94,1
2528,3,5000,6.38,1
2529,3,5000,7.14,0
0,4,5000,57.86,40
1,4,5000,46.52,39
2,4,5000,41.22,37
3,4,5000,39.46,35
4,4,5000,36.86,29
5,4,5000,33.82,28
6,4,5000,32.04,25
7,4,5000,28.94,23
8,4,5000,27.56,22
9,4,5000,25.88,22
10,4,5000,25.46,20
11,4,5000,24.6,20
12,4,5000,23.66,19
13,4,5000,23.1,19
14,4,5000,24.34,17
15,4,5000,22.16,16
16,4,5000,21.68,15
17,4,5000,19.18,14
18,4,5000,18.3,14
19,4,5000,18.86,13
20,4,5000,18.34,13
21,4,5000,17.94,13
22,4,5000,18.14,13
23,4,5000,17.66,13
24,4,5000,18.0,13
25,4,5000,18.06,13
26,4,5000,18.28,12
27,4,5000,18.1,12
28,4,5000,15.92,11
29,4,5000,16.1,10
30,4,5000,15.48,10
31,4,5000,15.4,10
32,4,5000,15.6,10
33,4,5000,15.08,10
34,4,5000,15.46,10
35,4,5000,15.28,10
36,4,5000,14.24,10
37,4,5000,14.86,10
38,4,5000,14.98,10
39,4,5000,13.9,10
40,4,5000,14.66,10
41,4,5000,14.68,10
42,4,5000,15.04,10
43,4,5000,14.88,10
44,4,5000,14.66,10
45,4,5000,15.84,10
46,4,5000,15.74,9
47,4,5000,14.64,9
48,4,5000,13.78,9
49,4,5000,13.84,9
50,4,5000,13.38,9
51,4,5000,13.54,8
52,4,5000,13.66,8
53,4,5000,13.44,8
54,4,5000,12.9,8
55,4,5000,13.32,8
56,4,5000,13.9,8
57,4,5000,13.22,8
58,4,5000,13.4,8
59,4,5000,13.14,7
60,4,5000,11.5,7
61,4,5000,11.98,7
62,4,5000,12.0,7
63,4,5000,11.86,7
64,4,5000,12.64,7
65,4,5000,12.92,7
66,4,5000,13.2,7
67,4,5000,12.8,7
68,4,5000,13.7,7
69,4,5000,13.84,7
70,4,5000,12.46,7
71,4,5000,12.24,7
72,4,5000,12.12,7
73,4,5000,11.84,7
74,4,5000,11.86,7
75,4,5000,11.5,7
76,4,5000,12.88,7
77,4,5000,12.4,7
78,4,5000,13.06,7
79,4,5000,13.5,7
80,4,5000,12.6,7
81,4,5000,11.38,7
82,4,5000,11.86,7
83,4,5000,12.66,7
84,4,5000,12.34,7
85,4,5000,11.46,7
86,4,5000,11.98,7
87,4,5000,12.32,7
88,4,5000,13.16,7
89,4,5000,11.86,7
90,4,5000,12.38,7
91,4,5000,12.32,7
92,4,5000,11.46,7
93,4,5000,12.46,7
94,4,5000,11.66,7
95,4,5000,11.64,7
96,4,5000,11.2,6
97,4,5000,12.68,6
98,4,5000,11.22,6
99,4,5000,11.52,6
100,4,5000,10.96,6
101,4,5000,10.84,6
102,4,5000,11.3,6
103,4,5000,11.82,6
104,4,5000,11.54,6
105,4,5000,10.42,6
106,4,5000,10.98,6
107,4,5000,11.18,6
108,4,5000,11.46,6
109,4,5000,11.6,6
110,4,5000,11.56,6
111,4,5000,10.62,6
112,4,5000,10.74,6
113,4,5000,11.6,6
114,4,5000,11.96,6
115,4,5000,11.76,6
116,4,5000,11.32,6
117,4,5000,11.68,6
118,4,5000,12.18,6
119,4,5000,11.68,6
120,4,5000,10.62,6
121,4,5000,11.26,5
122,4,5000,10.84,5
123,4,5000,10.92,5
124,4,5000,10.26,5
125,4,5000,9.74,5
126,4,5000,10.7,5
127,4,5000,9.54,5
128,4,5000,10.14,5
129,4,5000,10.12,5
130,4,5000,10.36,5
131,4,5000,10.5,5
132,4,5000,10.0,5
133,4,5000,10.84,5
134,4,5000,11.2,5
135,4,5000,11.4,5
136,4,5000,10.74,5
137,4,5000,10.86,5
138,4,5000,10.42,5
139,4,5000,9.84,5
140,4,5000,10.64,5
141,4,5000,10.38,5
142,4,5000,10.48,5
143,4,5000,10.88,5
144,4,5000,10.16,5
145,4,5000,10.24,5
146,4,5000,10.56,5
147,4,5000,10.46,5
148,4,5000,10.58,5
149,4,5000,9.76,5
150,4,5000,10.16,5
151,4,5000,10.6,5
152,4,5000,10.44,5
153,4,5000,11.52,5
154,4,5000,10.22,5
155,4,5000,10.56,5
156,4,5000,10.64,5
157,4,5000,10.1,5
158,4,5000,9.78,5
159,4,5000,10.24,5
160,4,5000,10.78,5
161,4,5000,10.62,5
162,4,5000,10.34,5
163,4,5000,11.42,5
164,4,5000,11.24,5
165,4,5000,10.92,5
166,4,5000,10.48,4
167,4,5000,10.16,4
168,4,5000,10.28,4
169,4,5000,9.68,4
170,4,5000,10.06,4
171,4,5000,9.2,4
172,4,5000,8.82,3
173,4,5000,8.54,3
174,4,5000,8.82,3
175,4,5000,8.6,3
176,4,5000,8.46,3
177,4,5000,8.9,3
178,4,5000,8.26,3
179,4,5000,8.18,3
180,4,5000,8.48,3
181,4,5000,8.6,3
182,4,5000,10.14,3
183,4,5000,9.5,3
184,4,5000,9.58,3
185,4,5000,8.28,3
186,4,5000,9.0,3
187,4,5000,8.6,3
188,4,5000,9.1,3
189,4,5000,9.16,3
190,4,5000,9.34,3
191,4,5000,8.74,3
192,4,5000,8.34,3
193,4,5000,8.02,3
194,4,5000,9.1,3
195,4,5000,9.58,3
196,4,5000,9.4,3
197,4,5000,8.82,3
198,4,5000,9.02,3
199,4,5000,8.52,3
200,4,5000,8.36,3
201,4,5000,8.48,3
202,4,5000,8.32,3
203,4,5000,8.66,3
204,4,5000,9.04,3
205,4,5000,9.64,3
206,4,5000,9.28,3
207,4,5000,8.28,3
208,4,5000,9.2,3
209,4,5000,8.26,3
210,4,5000,9.48,3
211,4,5000,8.56,3
212,4,5000,8.98,3
213,4,5000,9.04,3
214,4,5000,8.7,3
215,4,5000,7.84,3
216,4,5000,8.62,3
217,4,5000,9.1,3
218,4,5000,8.54,3
219,4,5000,8.82,3
220,4,5000,8.18,3
221,4,5000,9.36,3
222,4,5000,8.96,3
223,4,5000,8.64,3
224,4,5000,8.94,3
225,4,5000,8.84,3
226,4,5000,8.5,2
227,4,5000,8.02,2
228,4,5000,8.24,2
229,4,5000,7.74,2
230,4,5000,6.46,2
231,4,5000,6.76,2
232,4,5000,8.44,2
233,4,5000,8.0,2
234,4,5000,7.86,2
235,4,5000,7.76,2
236,4,5000,7.64,2
237,4,5000,7.96,2
238,4,5000,8.46,2
239,4,5000,7.92,2
240,4,5000,7.54,2
241,4,5000,7.76,2
242,4,5000,7.74,2
243,4,5000,7.72,2
244,4,5000,8.66,2
245,4,5000,9.12,2
246,4,5000,8.24,2
247,4,5000,7.58,2
248,4,5000,7.66,2
249,4,5000,8.36,2
250,4,5000,8.3,2
251,4,5000,8.78,2
252,4,5000,8.46,2
253,4,5000,7.74,2
254,4,5000,6.98,2
255,4,5000,8.1,2
256,4,5000,7.72,2
257,4,5000,7.98,2
258,4,5000,7.7,2
259,4,5000,8.6,2
260,4,5000,8.58,2
261,4,5000,8.9,2
262,4,5000,8.84,2
263,4,5000,7.56,2
264,4,5000,8.26,2
265,4,5000,7.5,2
266,4,5000,7.72,2
267,4,5000,8.22,2
268,4,5000,8.66,2
269,4,5000,8.26,2
270,4,5000,8.28,2
271,4,5000,8.38,2
272,4,5000,7.86,2
273,4,5000,8.06,2
274,4,5000,7.14,2
275,4,5000,7.76,2
276,4,5000,8.94,2
277,4,5000,8.44,2
278,4,5000,8.36,2
279,4,5000,7.8,2
280,4,5000,7.14,2
281,4,5000,8.18,2
282,4,5000,7.58,2
283,4,5000,7.26,2
284,4,5000,6.72,2
285,4,5000,7.9,2
286,4,5000,7.42,2
287,4,5000,7.4,2
288,4,5000,7.76,2
289,4,5000,7.78,2
290,4,5000,8.26,2
291,4,5000,7.72,2
292,4,5000,7.62,2
293,4,5000,7.6,2
294,4,5000,7.6,2
295,4,5000,8.04,2
296,4,5000,7.62,2
297,4,5000,7.78,2
298,4,5000,7.86,2
299,4,5000,8.56,2
300,4,5000,7.8,2
301,4,5000,9.48,2
302,4,5000,8.44,2
303,4,5000,7.34,2
304,4,5000,8.14,2
305,4,5000,9.12,2
306,4,5000,8.02,2
307,4,5000,7.84,2
308,4,5000,7.34,2
309,4,5000,7.44,2
310,4,5000,8.68,2
311,4,5000,8.42,2
312,4,5000,7.66,2
313,4,5000,7.06,2
314,4,5000,7.52,2
315,4,5000,7.16,2
316,4,5000,7.56,2
317,4,5000,8.62,2
318,4,5000,9.16,2
319,4,5000,8.06,2
320,4,5000,8.62,2
321,4,5000,8.7,2
322,4,5000,7.56,2
323,4,5000,8.58,2
324,4,5000,8.44,2
325,4,5000,8.96,2
326,4,5000,7.74,2
327,4,5000,7.6,2
328,4,5000,8.38,2
329,4,5000,7.6,2
330,4,5000,8.64,2
331,4,5000,9.28,2
332,4,5000,8.64,2
333,4,5000,7.7,2
334,4,5000,8.48,2
335,4,5000,8.6,2
336,4,5000,7.96,2
337,4,5000,8.58,1
338,4,5000,6.54,1
339,4,5000,7.04,1
340,4,5000,7.08,1
341,4,5000,6.88,1
342,4,5000,7.68,1
343,4,5000,6.4,1
344,4,5000,6.92,1
345,4,5000,7.42,1
346,4,5000,7.48,1
347,4,5000,7.7,1
348,4,5000,7.54,1
349,4,5000,6.8,1
350,4,5000,8.38,1
351,4,5000,7.58,1
352,4,5000,8.52,1
353,4,5000,6.92,1
354,4,5000,6.36,1
355,4,5000,7.04,1
356,4,5000,6.82,1
357,4,5000,6.98,1
358,4,5000,7.08,1
359,4,5000,6.78,1
360,4,5000,7.68,1
361,4,5000,7.36,1
362,4,5000,6.94,1
363,4,5000,7.16,1
364,4,5000,7.28,1
365,4,5000,7.92,1
366,4,5000,6.92,1
367,4,5000,7.52,1
368,4,5000,8.46,1
369,4,5000,8.06,1
370,4,5000,7.3,1
371,4,5000,6.42,1
372,4,5000,6.54,1
373,4,5000,6.94,1
374,4,5000,5.96,1
375,4,5000,6.62,1
376,4,5000,7.68,1
377,4,5000,7.14,1
378,4,5000,6.58,1
379,4,5000,6.52,1
380,4,5000,6.6,1
381,4,5000,6.5,1
382,4,5000,6.64,1
383,4,5000,7.06,1
384,4,5000,6.6,1
385,4,5000,6.76,1
386,4,5000,7.4,1
387,4,5000,7.18,1
388,4,5000,7.04,1
389,4,5000,7.22,1
390,4,5000,6.48,1
391,4,5000,6.96,1
392,4,5000,7.28,1
393,4,5000,6.88,1
394,4,5000,7.98,1
395,4,5000,8.22,1
396,4,5000,7.76,1
397,4,5000,7.54,1
398,4,5000,6.92,1
399,4,5000,7.1,1
400,4,5000,7.22,1
401,4,5000,7.06,1
402,4,5000,6.66,1
403,4,5000,7.1,1
404,4,5000,6.98,1
405,4,5000,7.34,1
406,4,5000,6.76,1
407,4,5000,6.94,1
408,4,5000,7.6,1
409,4,5000,6.6,1
410,4,5000,6.2,1
411,4,5000,7.5,1
412,4,5000,6.88,1
413,4,5000,7.86,1
414,4,5000,7.36,1
415,4,5000,7.08,1
416,4,5000,6.3,1
417,4,5000,5.44,1
418,4,5000,6.24,1
419,4,5000,6.34,1
420,4,5000,7.12,1
421,4,5000,6.96,1
422,4,5000,7.42,1
423,4,5000,7.4,1
424,4,5000,6.44,1
425,4,5000,5.58,1
426,4,5000,7.1,1
427,4,5000,7.04,1
428,4,5000,7.32,1
429,4,5000,6.7,1
430,4,5000,6.26,1
431,4,5000,7.12,1
432,4,5000,7.76,1
433,4,5000,8.34,1
434,4,5000,7.4,1
435,4,5000,7.46,1
436,4,5000,6.66,1
437,4,5000,6.54,1
438,4,5000,6.88,1
439,4,5000,7.56,1
440,4,5000,7.86,1
441,4,5000,7.18,1
442,4,5000,7.44,1
443,4,5000,6.94,1
444,4,5000,7.36,1
445,4,5000,7.7,1
446,4,5000,6.1,1
447,4,5000,6.42,1
448,4,5000,6.14,1
449,4,5000,6.74,1
450,4,5000,7.34,1
451,4,5000,7.28,1
452,4,5000,5.52,1
453,4,5000,5.86,1
454,4,5000,7.1,1
455,4,5000,6.88,1
456,4,5000,7.54,1
457,4,5000,6.8,1
458,4,5000,8.06,1
459,4,5000,7.78,1
460,4,5000,7.94,1
461,4,5000,7.3,1
462,4,5000,7.98,1
463,4,5000,7.5,1
464,4,5000,7.0,1
465,4,5000,7.56,1
466,4,5000,6.54,1
467,4,5000,6.96,1
468,4,5000,7.74,1
469,4,5000,7.18,1
470,4,5000,6.54,1
471,4,5000,7.28,1
472,4,5000,6.36,1
473,4,5000,6.58,1
474,4,5000,7.14,1
475,4,5000,6.62,1
476,4,5000,6.78,1
477,4,5000,7.52,1
478,4,5000,6.96,1
479,4,5000,8.46,1
480,4,5000,7.58,1
481,4,5000,7.42,1
482,4,5000,7.0,1
483,4,5000,7.6,1
484,4,5000,6.64,1
485,4,5000,7.4,1
486,4,5000,7.44,1
487,4,5000,7.5,1
488,4,5000,7.22,1
489,4,5000,6.5,1
490,4,5000,7.04,1
491,4,5000,6.9,1
492,4,5000,7.36,1
493,4,5000,7.58,1
494,4,5000,7.04,1
495,4,5000,6.12,1
496,4,5000,7.6,1
497,4,5000,6.76,1
498,4,5000,7.0,1
499,4,5000,6.66,1
500,4,5000,7.0,1
501,4,5000,6.78,1
502,4,5000,7.1,1
503,4,5000,7.78,1
504,4,5000,6.92,1
505,4,5000,6.24,1
506,4,5000,6.42,1
507,4,5000,5.84,1
508,4,5000,6.34,1
509,4,5000,5.86,1
510,4,5000,6.24,1
511,4,5000,6.1,1
512,4,5000,6.66,1
513,4,5000,7.16,1
514,4,5000,7.28,1
515,4,5000,7.5,1
516,4,5000,6.84,1
517,4,5000,6.46,1
518,4,5000,6.6,1
519,4,5000,5.78,1
520,4,5000,6.98,1
521,4,5000,7.4,1
522,4,5000,7.02,1
523,4,5000,6.66,1
524,4,5000,6.54,1
525,4,5000,7.5,1
526,4,5000,7.38,1
527,4,5000,6.74,1
528,4,5000,7.12,1
529,4,5000,6.74,1
530,4,5000,7.38,1
531,4,5000,7.24,1
532,4,5000,7.04,1
533,4,5000,6.5,1
534,4,5000,7.08,1
535,4,5000,7.08,1
536,4,5000,7.42,1
537,4,5000,7.54,1
538,4,5000,7.26,1
539,4,5000,7.42,1
540,4,5000,7.66,1
541,4,5000,5.98,1
542,4,5000,7.22,1
543,4,5000,6.88,1
544,4,5000,6.66,1
545,4,5000,6.16,1
546,4,5000,6.76,1
547,4,5000,6.48,1
548,4,5000,6.92,1
549,4,5000,7.64,1
550,4,5000,7.32,1
551,4,5000,6.66,1
552,4,5000,6.8,1
553,4,5000,7.2,1
554,4,5000,6.84,1
555,4,5000,7.12,1
556,4,5000,7.96,1
557,4,5000,6.46,1
558,4,5000,6.7,1
559,4,5000,7.14,1
560,4,5000,6.46,1
561,4,5000,7.32,1
562,4,5000,6.68,1
563,4,5000,7.48,1
564,4,5000,6.32,1
565,4,5000,7.04,1
566,4,5000,6.12,1
567,4,5000,6.68,1
568,4,5000,5.9,1
569,4,5000,6.82,1
570,4,5000,7.2,1
571,4,5000,6.44,1
572,4,5000,6.3,1
573,4,5000,6.42,1
574,4,5000,6.62,1
575,4,5000,6.9,1
576,4,5000,6.24,1
577,4,5000,6.68,1
578,4,5000,6.74,1
579,4,5000,6.88,1
580,4,5000,7.66,1
581,4,5000,7.72,1
582,4,5000,6.92,1
583,4,5000,6.7,1
584,4,5000,6.44,1
585,4,5000,7.16,1
586,4,5000,6.68,1
587,4,5000,8.06,1
588,4,5000,7.48,1
589,4,5000,6.84,1
590,4,5000,6.54,1
591,4,5000,7.22,1
592,4,5000,7.3,1
593,4,5000,6.88,1
594,4,5000,7.82,1
595,4,5000,7.98,1
596,4,5000,7.18,1
597,4,5000,6.66,1
598,4,5000,7.44,1
599,4,5000,7.16,1
600,4,5000,7.54,1
601,4,5000,6.38,1
602,4,5000,6.42,1
603,4,5000,7.7,1
604,4,5000,6.94,1
605,4,5000,6.98,1
606,4,5000,7.78,1
607,4,5000,7.8,1
608,4,5000,6.56,1
609,4,5000,7.2,1
610,4,5000,8.14,1
611,4,5000,7.78,1
612,4,5000,7.16,1
613,4,5000,8.22,1
614,4,5000,8.54,1
615,4,5000,7.14,1
616,4,5000,7.3,1
617,4,5000,7.06,1
618,4,5000,6.74,1
619,4,5000,7.68,1
620,4,5000,6.98,1
621,4,5000,6.3,1
622,4,5000,6.54,1
623,4,5000,7.3,1
624,4,5000,7.9,1
625,4,5000,6.84,1
626,4,5000,7.32,1
627,4,5000,6.02,1
628,4,5000,6.68,1
629,4,5000,7.5,1
630,4,5000,7.42,1
631,4,5000,6.88,1
632,4,5000,6.28,1
633,4,5000,6.6,1
634,4,5000,7.52,1
635,4,5000,7.32,1
636,4,5000,7.3,1
637,4,5000,7.7,1
638,4,5000,6.88,1
639,4,5000,6.34,1
640,4,5000,7.14,1
641,4,5000,8.64,1
642,4,5000,7.72,1
643,4,5000,6.64,1
644,4,5000,7.0,1
645,4,5000,7.08,1
646,4,5000,6.1,1
647,4,5000,7.14,1
648,4,5000,6.08,1
649,4,5000,7.4,1
650,4,5000,7.2,1
651,4,5000,7.66,1
652,4,5000,6.9,1
653,4,5000,7.38,1
654,4,5000,7.5,1
655,4,5000,6.46,1
656,4,5000,6.42,1
657,4,5000,7.68,1
658,4,5000,6.56,1
659,4,5000,7.28,1
660,4,5000,7.8,1
661,4,5000,8.1,1
662,4,5000,6.94,1
663,4,5000,7.66,1
664,4,5000,7.46,1
665,4,5000,7.52,1
666,4,5000,7.82,1
667,4,5000,7.04,1
668,4,5000,8.18,1
669,4,5000,7.9,1
670,4,5000,6.86,1
671,4,5000,7.5,1
672,4,5000,7.2,1
673,4,5000,6.54,1
674,4,5000,7.98,1
675,4,5000,7.46,1
676,4,5000,7.04,1
677,4,5000,6.28,1
678,4,5000,6.58,1
679,4,5000,7.1,1
680,4,5000,7.32,1
681,4,5000,8.38,1
682,4,5000,6.44,1
683,4,5000,6.8,1
684,4,5000,6.72,1
685,4,5000,6.9,1
686,4,5000,6.28,1
687,4,5000,6.8,1
688,4,5000,6.46,1
689,4,5000,7.16,1
690,4,5000,6.56,1
691,4,5000,5.96,1
692,4,5000,7.0,1
693,4,5000,6.32,1
694,4,5000,7.24,1
695,4,5000,7.58,1
696,4,5000,6.7,1
697,4,5000,6.18,1
698,4,5000,6.98,1
699,4,5000,7.22,1
700,4,5000,7.66,1
701,4,5000,8.3,1
702,4,5000,6.4,1
703,4,5000,6.28,1
704,4,5000,6.48,1
705,4,5000,8.0,1
706,4,5000,6.6,1
707,4,5000,8.94,1
708,4,5000,7.16,1
709,4,5000,7.36,1
710,4,5000,6.72,1
711,4,5000,7.16,1
712,4,5000,7.56,1
713,4,5000,6.78,1
714,4,5000,6.82,1
715,4,5000,7.72,1
716,4,5000,7.48,1
717,4,5000,7.42,1
718,4,5000,7.46,1
719,4,5000,6.32,1
720,4,5000,6.74,1
721,4,5000,7.28,1
722,4,5000,7.4,1
723,4,5000,6.9,1
724,4,5000,7.02,1
725,4,5000,7.02,1
726,4,5000,7.04,1
727,4,5000,7.42,1
728,4,5000,7.26,1
729,4,5000,7.04,1
730,4,5000,6.6,1
731,4,5000,6.74,1
732,4,5000,6.6,1
733,4,5000,6.92,1
734,4,5000,6.28,1
735,4,5000,6.98,1
736,4,5000,7.08,1
737,4,5000,6.82,1
738,4,5000,6.78,1
739,4,5000,6.16,1
740,4,5000,6.76,1
741,4,5000,6.86,1
742,4,5000,8.24,1
743,4,5000,8.66,1
744,4,5000,6.84,1
745,4,5000,7.58,1
746,4,5000,7.24,1
747,4,5000,7.56,1
748,4,5000,6.38,1
749,4,5000,7.14,1
750,4,5000,7.74,1
751,4,5000,6.64,1
752,4,5000,7.5,1
753,4,5000,6.08,1
754,4,5000,7.7,1
755,4,5000,6.7,1
756,4,5000,7.72,1
757,4,5000,6.94,1
758,4,5000,7.82,1
759,4,5000,7.18,1
760,4,5000,7.44,1
761,4,5000,6.5,1
762,4,5000,7.22,1
763,4,5000,6.9,1
764,4,5000,6.46,1
765,4,5000,7.52,1
766,4,5000,7.02,1
767,4,5000,7.0,1
768,4,5000,6.86,1
769,4,5000,7.3,1
770,4,5000,7.22,1
771,4,5000,7.24,1
772,4,5000,6.6,1
773,4,5000,6.86,1
774,4,5000,6.64,1
775,4,5000,6.88,1
776,4,5000,6.82,1
777,4,5000,6.7,1
778,4,5000,6.72,1
779,4,5000,7.22,1
780,4,5000,6.68,1
781,4,5000,6.2,1
782,4,5000,6.98,1
783,4,5000,8.4,1
784,4,5000,6.42,1
785,4,5000,7.22,1
786,4,5000,6.16,1
787,4,5000,7.4,1
788,4,5000,6.22,1
789,4,5000,6.54,1
790,4,5000,7.9,1
791,4,5000,9.0,1
792,4,5000,7.2,1
793,4,5000,7.96,1
794,4,5000,7.16,1
795,4,5000,7.46,1
796,4,5000,6.52,1
797,4,5000,6.84,1
798,4,5000,6.18,1
799,4,5000,6.9,1
800,4,5000,7.16,1
801,4,5000,8.2,1
802,4,5000,6.2,1
803,4,5000,6.22,1
804,4,5000,6.16,1
805,4,5000,6.72,1
806,4,5000,6.6,1
807,4,5000,6.74,1
808,4,5000,7.06,1
809,4,5000,7.22,1
810,4,5000,7.26,1
811,4,5000,6.88,1
812,4,5000,6.86,1
813,4,5000,6.62,1
814,4,5000,7.74,1
815,4,5000,6.98,1
816,4,5000,6.32,1
817,4,5000,6.34,1
818,4,5000,8.0,1
819,4,5000,6.32,1
820,4,5000,7.24,1
821,4,5000,6.3,1
822,4,5000,7.0,1
823,4,5000,6.46,1
824,4,5000,6.36,1
825,4,5000,7.16,1
826,4,5000,7.84,1
827,4,5000,7.08,1
828,4,5000,6.94,1
829,4,5000,7.26,1
830,4,5000,6.68,1
831,4,5000,6.28,1
832,4,5000,7.36,1
833,4,5000,6.22,1
834,4,5000,7.22,1
835,4,5000,6.38,1
836,4,5000,7.22,1
837,4,5000,7.6,1
838,4,5000,7.06,1
839,4,5000,7.4,1
840,4,5000,7.64,1
841,4,5000,6.58,1
842,4,5000,6.56,1
843,4,5000,7.62,1
844,4,5000,7.24,1
845,4,5000,7.38,1
846,4,5000,6.3,1
847,4,5000,7.0,1
848,4,5000,7.14,1
849,4,5000,7.34,1
850,4,5000,8.06,1
851,4,5000,6.74,1
852,4,5000,6.82,1
853,4,5000,7.1,1
854,4,5000,7.98,1
855,4,5000,7.32,1
856,4,5000,7.54,1
857,4,5000,7.54,1
858,4,5000,6.86,1
859,4,5000,6.12,1
860,4,5000,6.76,1
861,4,5000,6.48,1
862,4,5000,7.1,1
863,4,5000,7.66,1
864,4,5000,7.18,1
865,4,5000,7.64,1
866,4,5000,7.44,1
867,4,5000,7.04,1
868,4,5000,6.68,1
869,4,5000,8.02,1
870,4,5000,7.84,1
871,4,5000,6.76,1
872,4,5000,7.2,1
873,4,5000,7.26,1
874,4,5000,7.62,1
875,4,5000,7.9,1
876,4,5000,6.34,1
877,4,5000,6.98,1
878,4,5000,6.92,1
879,4,5000,6.94,1
880,4,5000,6.74,1
881,4,5000,7.1,1
882,4,5000,7.52,1
883,4,5000,6.0,1
884,4,5000,6.4,1
885,4,5000,6.88,1
886,4,5000,7.16,1
887,4,5000,7.18,1
888,4,5000,6.6,1
889,4,5000,7.44,1
890,4,5000,6.78,1
891,4,5000,6.12,1
892,4,5000,7.12,1
893,4,5000,6.84,1
894,4,5000,5.96,1
895,4,5000,6.78,1
896,4,5000,6.74,1
897,4,5000,6.22,1
898,4,5000,6.94,1
899,4,5000,7.08,1
900,4,5000,6.34,1
901,4,5000,6.56,1
902,4,5000,6.52,1
903,4,5000,6.76,1
904,4,5000,6.38,1
905,4,5000,7.48,1
906,4,5000,7.08,1
907,4,5000,6.6,1
908,4,5000,7.74,1
909,4,5000,7.44,1
910,4,5000,6.7,1
911,4,5000,7.2,1
912,4,5000,6.78,1
913,4,5000,7.36,1
914,4,5000,7.48,1
915,4,5000,7.42,1
916,4,5000,6.82,1
917,4,5000,7.8,1
918,4,5000,7.94,1
919,4,5000,8.04,1
920,4,5000,6.74,1
921,4,5000,6.28,1
922,4,5000,6.94,1
923,4,5000,6.54,1
924,4,5000,6.4,1
925,4,5000,7.44,1
926,4,5000,6.2,1
927,4,5000,6.92,1
928,4,5000,7.3,1
929,4,5000,6.96,1
930,4,5000,6.64,1
931,4,5000,7.32,1
932,4,5000,7.26,1
933,4,5000,7.18,1
934,4,5000,7.16,1
935,4,5000,7.52,1
936,4,5000,6.64,1
937,4,5000,6.34,1
938,4,5000,7.54,1
939,4,5000,8.04,1
940,4,5000,6.96,1
941,4,5000,6.42,1
942,4,5000,7.12,1
943,4,5000,6.76,1
944,4,5000,6.94,1
945,4,5000,5.72,1
946,4,5000,6.66,1
947,4,5000,6.98,1
948,4,5000,7.14,1
949,4,5000,6.64,1
950,4,5000,6.72,1
951,4,5000,7.5,1
952,4,5000,6.9,1
953,4,5000,7.3,1
954,4,5000,7.18,1
955,4,5000,7.38,1
956,4,5000,7.02,1
957,4,5000,5.86,1
958,4,5000,6.7,1
959,4,5000,6.4,1
960,4,5000,6.22,1
961,4,5000,6.5,1
962,4,5000,7.42,1
963,4,5000,7.06,1
964,4,5000,8.02,1
965,4,5000,7.06,1
966,4,5000,6.64,1
967,4,5000,7.74,1
968,4,5000,7.38,1
969,4,5000,7.74,1
970,4,5000,7.16,1
971,4,5000,7.1,1
972,4,5000,7.18,1
973,4,5000,8.42,1
974,4,5000,6.26,1
975,4,5000,6.56,1
976,4,5000,6.74,1
977,4,5000,7.84,1
978,4,5000,7.54,1
979,4,5000,6.9,1
980,4,5000,8.38,1
981,4,5000,7.28,1
982,4,5000,6.92,1
983,4,5000,7.3,1
984,4,5000,6.06,1
985,4,5000,7.3,1
986,4,5000,7.56,1
987,4,5000,5.84,1
988,4,5000,7.42,1
989,4,5000,8.66,1
990,4,5000,7.12,1
991,4,5000,7.08,1
992,4,5000,8.22,1
993,4,5000,7.62,1
994,4,5000,8.46,1
995,4,5000,7.68,1
996,4,5000,7.4,1
997,4,5000,7.28,1
998,4,5000,7.96,1
999,4,5000,6.46,1
1000,4,5000,7.2,1
1001,4,5000,6.84,1
1002,4,5000,7.18,1
1003,4,5000,6.36,1
1004,4,5000,6.98,1
1005,4,5000,6.88,1
1006,4,5000,6.26,1
1007,4,5000,6.68,1
1008,4,5000,6.1,1
1009,4,5000,6.64,1
1010,4,5000,7.2,1
1011,4,5000,6.2,1
1012,4,5000,6.72,1
1013,4,5000,7.4,1
1014,4,5000,7.4,1
1015,4,5000,6.98,1
1016,4,5000,7.24,1
1017,4,5000,8.3,1
1018,4,5000,7.42,1
1019,4,5000,6.66,1
1020,4,5000,7.2,1
1021,4,5000,7.04,1
1022,4,5000,7.9,1
1023,4,5000,7.18,1
1024,4,5000,6.92,1
1025,4,5000,6.6,1
1026,4,5000,6.74,1
1027,4,5000,7.36,1
1028,4,5000,8.88,1
1029,4,5000,8.76,1
1030,4,5000,7.14,1
1031,4,5000,7.0,1
1032,4,5000,5.92,1
1033,4,5000,7.22,1
1034,4,5000,6.62,1
1035,4,5000,7.54,1
1036,4,5000,7.96,1
1037,4,5000,7.56,1
1038,4,5000,7.06,1
1039,4,5000,7.16,1
1040,4,5000,6.88,1
1041,4,5000,7.04,1
1042,4,5000,6.92,1
1043,4,5000,6.36,1
1044,4,5000,7.02,1
1045,4,5000,7.08,1
1046,4,5000,7.2,1
1047,4,5000,7.02,1
1048,4,5000,6.44,1
1049,4,5000,6.82,1
1050,4,5000,6.98,1
1051,4,5000,7.76,1
1052,4,5000,6.5,1
1053,4,5000,6.56,1
1054,4,5000,7.0,1
1055,4,5000,6.24,1
1056,4,5000,7.1,1
1057,4,5000,6.22,1
1058,4,5000,6.98,1
1059,4,5000,6.96,1
1060,4,5000,7.04,1
1061,4,5000,7.44,1
1062,4,5000,7.22,1
1063,4,5000,7.06,1
1064,4,5000,7.02,1
1065,4,5000,6.56,1
1066,4,5000,7.16,1
1067,4,5000,6.84,1
1068,4,5000,6.52,1
1069,4,5000,7.06,1
1070,4,5000,6.76,1
1071,4,5000,6.9,1
1072,4,5000,7.04,1
1073,4,5000,7.44,1
1074,4,5000,6.76,1
1075,4,5000,6.5,1
1076,4,5000,7.36,1
1077,4,5000,6.52,1
1078,4,5000,7.68,1
1079,4,5000,6.28,1
1080,4,5000,5.42,1
1081,4,5000,6.96,1
1082,4,5000,6.4,1
1083,4,5000,6.62,1
1084,4,5000,6.64,1
1085,4,5000,6.42,1
1086,4,5000,6.78,1
1087,4,5000,7.22,1
1088,4,5000,6.34,1
1089,4,5000,6.18,1
1090,4,5000,5.86,1
1091,4,5000,5.72,1
1092,4,5000,6.76,1
1093,4,5000,8.38,1
1094,4,5000,7.68,1
1095,4,5000,7.74,1
1096,4,5000,6.92,1
1097,4,5000,6.86,1
1098,4,5000,6.68,1
1099,4,5000,7.28,1
1100,4,5000,6.54,1
1101,4,5000,6.6,1
1102,4,5000,6.54,1
1103,4,5000,5.92,1
1104,4,5000,6.48,1
1105,4,5000,6.8,1
1106,4,5000,6.6,1
1107,4,5000,7.1,1
1108,4,5000,7.32,1
1109,4,5000,7.4,1
1110,4,5000,7.46,0
0,5,5000,54.98,40
1,5,5000,45.9,37
2,5,5000,39.48,32
3,5,5000,36.38,30
4,5,5000,33.78,29
5,5,5000,32.48,27
6,5,5000,30.94,27
7,5,5000,30.24,25
8,5,5000,28.7,24
9,5,5000,27.5,22
10,5,5000,26.32,21
11,5,5000,24.96,21
12,5,5000,23.82,19
13,5,5000,23.86,19
14,5,5000,23.08,19
15,5,5000,22.82,18
16,5,5000,22.58,18
17,5,5000,21.76,18
18,5,5000,22.4,17
19,5,5000,20.76,16
20,5,5000,20.78,16
21,5,5000,19.5,16
22,5,5000,20.62,15
23,5,5000,19.66,15
24,5,5000,19.58,15
25,5,5000,19.5,15
26,5,5000,19.48,15
27,5,5000,19.52,15
28,5,5000,19.56,15
29,5,5000,19.1,14
30,5,5000,19.02,13
31,5,5000,18.18,13
32,5,5000,17.56,13
33,5,5000,17.68,12
34,5,5000,16.88,12
35,5,5000,16.08,12
36,5,5000,16.22,10
37,5,5000,15.48,10
38,5,5000,14.6,10
39,5,5000,14.34,10
40,5,5000,14.94,9
41,5,5000,13.92,9
42,5,5000,13.9,9
43,5,5000,14.24,9
44,5,5000,13.92,9
45,5,5000,13.44,8
46,5,5000,13.64,8
47,5,5000,12.46,8
48,5,5000,13.86,8
49,5,5000,13.98,8
50,5,5000,13.72,8
51,5,5000,13.96,8
52,5,5000,12.88,8
53,5,5000,13.24,8
54,5,5000,12.62,8
55,5,5000,13.16,8
56,5,5000,13.34,8
57,5,5000,13.12,8
58,5,5000,12.68,8
59,5,5000,12.84,8
60,5,5000,12.74,8
61,5,5000,13.12,8
62,5,5000,13.58,8
63,5,5000,12.22,8
64,5,5000,13.12,8
65,5,5000,12.92,8
66,5,5000,13.14,8
67,5,5000,12.28,8
68,5,5000,12.54,8
69,5,5000,12.94,8
70,5,5000,12.84,8
71,5,5000,13.3,8
72,5,5000,12.66,8
73,5,5000,13.4,8
74,5,5000,13.28,8
75,5,5000,13.32,8
76,5,5000,12.32,8
77,5,5000,12.76,8
78,5,5000,12.72,8
79,5,5000,12.36,8
80,5,5000,12.78,8
81,5,5000,12.96,8
82,5,5000,13.44,8
83,5,5000,12.08,7
84,5,5000,12.36,7
85,5,5000,12.34,7
86,5,5000,12.76,7
87,5,5000,13.38,7
88,5,5000,11.92,7
89,5,5000,13.64,7
90,5,5000,11.38,7
91,5,5000,11.58,7
92,5,5000,12.44,7
93,5,5000,11.7,6
94,5,5000,11.52,6
95,5,5000,12.24,6
96,5,5000,11.66,6
97,5,5000,11.78,6
98,5,5000,10.28,6
99,5,5000,10.96,6
100,5,5000,10.8,6
101,5,5000,10.94,6
102,5,5000,10.84,6
103,5,5000,11.38,6
104,5,5000,10.8,6
105,5,5000,11.66,6
106,5,5000,11.24,6
107,5,5000,11.82,6
108,5,5000,11.72,6
109,5,5000,11.22,6
110,5,5000,12.3,6
111,5,5000,11.86,6
112,5,5000,11.76,6
113,5,5000,11.6,6
114,5,5000,12.22,6
115,5,5000,10.66,6
116,5,5000,11.1,6
117,5,5000,11.2,6
118,5,5000,10.98,6
119,5,5000,11.88,6
120,5,5000,10.7,6
121,5,5000,11.66,6
122,5,5000,11.9,6
123,5,5000,10.64,6
124,5,5000,10.34,6
125,5,5000,10.7,6
126,5,5000,11.32,6
127,5,5000,10.24,6
128,5,5000,11.68,6
129,5,5000,12.82,6
130,5,5000,11.18,6
131,5,5000,11.34,6
132,5,5000,10.28,6
133,5,5000,11.7,6
134,5,5000,12.14,6
135,5,5000,11.54,6
136,5,5000,11.48,6
137,5,5000,11.16,6
138,5,5000,11.24,6
139,5,5000,11.5,6
140,5,5000,11.6,6
141,5,5000,12.12,6
142,5,5000,12.18,6
143,5,5000,11.5,6
144,5,5000,10.96,6
145,5,5000,11.38,6
146,5,5000,11.34,6
147,5,5000,11.54,6
148,5,5000,10.28,6
149,5,5000,11.26,6
150,5,5000,11.02,6
151,5,5000,12.22,6
152,5,5000,11.56,6
153,5,5000,11.52,6
154,5,5000,11.92,6
155,5,5000,11.2,6
156,5,5000,11.18,6
157,5,5000,11.68,6
158,5,5000,12.06,6
159,5,5000,11.94,6
160,5,5000,11.56,6
161,5,5000,12.24,6
162,5,5000,11.52,6
163,5,5000,10.7,6
164,5,5000,11.78,6
165,5,5000,11.78,6
166,5,5000,12.3,6
167,5,5000,11.74,6
168,5,5000,11.74,6
169,5,5000,11.54,6
170,5,5000,10.76,6
171,5,5000,10.72,6
172,5,5000,10.6,6
173,5,5000,11.84,6
174,5,5000,11.92,6
175,5,5000,11.18,6
176,5,5000,11.3,6
177,5,5000,11.6,6
178,5,5000,10.88,6
179,5,5000,11.06,6
180,5,5000,10.72,6
181,5,5000,11.48,6
182,5,5000,10.98,6
183,5,5000,11.48,6
184,5,5000,10.52,5
185,5,5000,11.38,5
186,5,5000,10.94,5
187,5,5000,10.56,5
188,5,5000,10.56,5
189,5,5000,10.88,5
190,5,5000,11.06,5
191,5,5000,10.12,5
192,5,5000,11.0,5
193,5,5000,9.76,5
194,5,5000,9.36,5
195,5,5000,10.96,5
196,5,5000,10.5,5
197,5,5000,10.56,5
198,5,5000,10.54,5
199,5,5000,10.5,5
200,5,5000,10.72,5
201,5,5000,10.84,5
202,5,5000,10.58,5
203,5,5000,10.08,5
204,5,5000,10.08,5
205,5,5000,9.64,5
206,5,5000,10.42,5
207,5,5000,10.8,5
208,5,5000,11.38,5
209,5,5000,10.58,5
210,5,5000,9.7,5
211,5,5000,10.64,5
212,5,5000,9.64,5
213,5,5000,10.78,5
214,5,5000,9.86,5
215,5,5000,10.48,5
216,5,5000,10.14,5
217,5,5000,9.66,5
218,5,5000,9.92,5
219,5,5000,10.64,5
220,5,5000,10.6,5
221,5,5000,10.76,5
222,5,5000,10.28,5
223,5,5000,10.58,5
224,5,5000,10.14,5
225,5,5000,10.06,5
226,5,5000,10.88,5
227,5,5000,11.12,5
228,5,5000,9.28,5
229,5,5000,9.74,5
230,5,5000,10.44,5
231,5,5000,9.62,5
232,5,5000,10.66,5
233,5,5000,10.06,5
234,5,5000,9.7,5
235,5,5000,9.78,5
236,5,5000,10.38,5
237,5,5000,9.62,5
238,5,5000,10.12,5
239,5,5000,11.0,5
240,5,5000,10.42,5
241,5,5000,10.06,5
242,5,5000,11.2,5
243,5,5000,10.92,5
244,5,5000,9.98,5
245,5,5000,10.04,5
246,5,5000,11.18,5
247,5,5000,10.16,5
248,5,5000,10.66,5
249,5,5000,11.08,5
250,5,5000,10.42,5
251,5,5000,11.14,5
252,5,5000,10.1,5
253,5,5000,10.0,5
254,5,5000,9.96,5
255,5,5000,11.3,5
256,5,5000,10.5,5
257,5,5000,10.62,5
258,5,5000,10.08,5
259,5,5000,10.08,5
260,5,5000,9.94,5
261,5,5000,10.86,5
262,5,5000,10.48,5
263,5,5000,10.28,5
264,5,5000,9.74,5
265,5,5000,9.82,5
266,5,5000,10.84,5
267,5,5000,10.64,5
268,5,5000,10.38,5
269,5,5000,11.24,5
270,5,5000,11.04,5
271,5,5000,10.2,5
272,5,5000,10.5,5
273,5,5000,10.78,5
274,5,5000,10.1,5
275,5,5000,10.5,5
276,5,5000,10.74,5
277,5,5000,9.18,5
278,5,5000,10.6,5
279,5,5000,10.78,5
280,5,5000,10.5,5
281,5,5000,10.66,5
282,5,5000,9.72,5
283,5,5000,10.32,5
284,5,5000,10.56,5
285,5,5000,11.46,5
286,5,5000,10.38,5
287,5,5000,10.4,5
288,5,5000,10.7,5
289,5,5000,10.24,5
290,5,5000,10.44,5
291,5,5000,10.38,5
292,5,5000,10.5,5
293,5,5000,10.64,5
294,5,5000,10.16,5
295,5,5000,10.62,5
296,5,5000,10.66,5
297,5,5000,10.52,5
298,5,5000,10.64,5
299,5,5000,10.78,5
300,5,5000,10.68,5
301,5,5000,10.94,5
302,5,5000,10.1,5
303,5,5000,10.74,5
304,5,5000,11.04,5
305,5,5000,11.14,5
306,5,5000,10.24,5
307,5,5000,11.38,5
308,5,5000,10.76,5
309,5,5000,10.46,5
310,5,5000,9.52,5
311,5,5000,11.1,5
312,5,5000,10.06,5
313,5,5000,9.98,5
314,5,5000,10.82,5
315,5,5000,10.54,5
316,5,5000,10.0,5
317,5,5000,10.14,5
318,5,5000,10.38,5
319,5,5000,10.06,5
320,5,5000,10.06,5
321,5,5000,10.5,5
322,5,5000,10.1,5
323,5,5000,9.82,5
324,5,5000,10.4,5
325,5,5000,9.82,5
326,5,5000,11.22,5
327,5,5000,9.98,5
328,5,5000,10.06,5
329,5,5000,11.04,5
330,5,5000,10.46,5
331,5,5000,10.76,5
332,5,5000,10.32,5
333,5,5000,9.72,5
334,5,5000,10.42,5
335,5,5000,10.72,5
336,5,5000,10.18,5
337,5,5000,10.82,5
338,5,5000,9.92,5
339,5,5000,10.14,5
340,5,5000,10.44,5
341,5,5000,11.12,5
342,5,5000,11.96,5
343,5,5000,11.34,5
344,5,5000,9.74,5
345,5,5000,10.72,4
346,5,5000,9.0,4
347,5,5000,10.1,4
348,5,5000,9.9,4
349,5,5000,8.66,4
350,5,5000,9.86,4
351,5,5000,10.26,4
352,5,5000,10.24,4
353,5,5000,9.96,4
354,5,5000,9.4,4
355,5,5000,9.5,4
356,5,5000,10.04,4
357,5,5000,10.24,4
358,5,5000,10.08,4
359,5,5000,10.08,4
360,5,5000,9.96,4
361,5,5000,9.36,4
362,5,5000,9.76,4
363,5,5000,9.92,4
364,5,5000,9.9,4
365,5,5000,9.44,4
366,5,5000,9.46,4
367,5,5000,10.22,4
368,5,5000,9.12,4
369,5,5000,10.32,4
370,5,5000,10.22,4
371,5,5000,9.72,4
372,5,5000,9.0,4
373,5,5000,9.04,4
374,5,5000,9.62,4
375,5,5000,10.54,4
376,5,5000,9.38,4
377,5,5000,9.02,4
378,5,5000,8.7,4
379,5,5000,9.42,4
380,5,5000,9.84,4
381,5,5000,10.74,4
382,5,5000,10.04,4
383,5,5000,9.92,4
384,5,5000,10.38,4
385,5,5000,9.7,4
386,5,5000,8.72,4
387,5,5000,9.06,4
388,5,5000,10.08,4
389,5,5000,10.58,4
390,5,5000,10.62,3
391,5,5000,9.02,3
392,5,5000,8.84,3
393,5,5000,9.42,3
394,5,5000,8.14,3
395,5,5000,8.62,3
396,5,5000,8.58,3
397,5,5000,8.56,3
398,5,5000,8.82,3
399,5,5000,8.8,3
400,5,5000,9.36,3
401,5,5000,9.72,3
402,5,5000,8.9,3
403,5,5000,8.08,3
404,5,5000,8.34,3
405,5,5000,8.96,3
406,5,5000,8.5,3
407,5,5000,8.94,3
408,5,5000,9.12,3
409,5,5000,9.62,3
410,5,5000,8.08,3
411,5,5000,8.48,3
412,5,5000,8.2,3
413,5,5000,8.44,3
414,5,5000,8.26,3
415,5,5000,8.74,3
416,5,5000,7.92,3
417,5,5000,9.06,3
418,5,5000,8.88,3
419,5,5000,8.62,3
420,5,5000,8.74,3
421,5,5000,8.26,3
422,5,5000,8.52,3
423,5,5000,9.5,3
424,5,5000,9.06,3
425,5,5000,8.38,3
426,5,5000,8.38,3
427,5,5000,9.08,3
428,5,5000,9.58,3
429,5,5000,8.44,3
430,5,5000,9.2,3
431,5,5000,9.18,3
432,5,5000,8.56,3
433,5,5000,7.74,3
434,5,5000,8.92,3
435,5,5000,8.3,3
436,5,5000,9.0,3
437,5,5000,8.84,3
438,5,5000,8.86,3
439,5,5000,9.08,3
440,5,5000,8.9,3
441,5,5000,9.48,3
442,5,5000,7.78,3
443,5,5000,7.76,3
444,5,5000,7.78,3
445,5,5000,9.9,3
446,5,5000,9.14,3
447,5,5000,8.1,3
448,5,5000,8.3,3
449,5,5000,9.52,3
450,5,5000,8.22,3
451,5,5000,8.42,3
452,5,5000,8.88,3
453,5,5000,8.84,3
454,5,5000,8.32,3
455,5,5000,8.74,3
456,5,5000,9.0,3
457,5,5000,9.38,3
458,5,5000,8.68,3
459,5,5000,8.84,3
460,5,5000,8.38,3
461,5,5000,8.92,3
462,5,5000,8.68,3
463,5,5000,9.76,3
464,5,5000,8.88,3
465,5,5000,8.16,3
466,5,5000,8.46,3
467,5,5000,9.1,3
468,5,5000,9.64,3
469,5,5000,8.24,3
470,5,5000,8.04,3
471,5,5000,9.22,3
472,5,5000,8.88,3
473,5,5000,8.3,3
474,5,5000,7.98,3
475,5,5000,9.38,3
476,5,5000,7.66,3
477,5,5000,8.2,3
478,5,5000,7.98,3
479,5,5000,8.3,3
480,5,5000,8.16,3
481,5,5000,8.5,3
482,5,5000,8.34,3
483,5,5000,8.3,3
484,5,5000,8.1,3
485,5,5000,8.84,3
486,5,5000,9.24,3
487,5,5000,9.3,3
488,5,5000,9.34,3
489,5,5000,8.94,3
490,5,5000,9.02,3
491,5,5000,8.76,3
492,5,5000,9.2,3
493,5,5000,8.86,3
494,5,5000,7.4,3
495,5,5000,9.38,3
496,5,5000,8.0,3
497,5,5000,8.78,3
498,5,5000,9.28,3
499,5,5000,7.88,3
500,5,5000,9.0,3
501,5,5000,8.94,3
502,5,5000,8.96,3
503,5,5000,8.98,3
504,5,5000,9.48,3
505,5,5000,8.9,3
506,5,5000,9.46,3
507,5,5000,8.64,3
508,5,5000,8.1,3
509,5,5000,8.84,3
510,5,5000,8.2,3
511,5,5000,8.88,3
512,5,5000,8.7,2
513,5,5000,8.22,2
514,5,5000,8.18,2
515,5,5000,8.16,2
516,5,5000,8.36,2
517,5,5000,8.34,2
518,5,5000,7.58,2
519,5,5000,7.26,2
520,5,5000,8.72,2
521,5,5000,8.14,2
522,5,5000,8.54,2
523,5,5000,7.28,2
524,5,5000,7.86,2
525,5,5000,8.18,2
526,5,5000,8.02,2
527,5,5000,7.7,2
528,5,5000,7.82,2
529,5,5000,8.08,2
530,5,5000,8.6,2
531,5,5000,7.56,2
532,5,5000,7.4,2
533,5,5000,7.84,2
534,5,5000,7.84,2
535,5,5000,8.46,2
536,5,5000,8.78,2
537,5,5000,8.08,2
538,5,5000,7.08,2
539,5,5000,8.38,2
540,5,5000,8.68,2
541,5,5000,8.54,2
542,5,5000,8.1,2
543,5,5000,8.6,2
544,5,5000,7.4,2
545,5,5000,7.4,2
546,5,5000,7.52,2
547,5,5000,8.6,2
548,5,5000,7.32,2
549,5,5000,7.52,2
550,5,5000,7.74,2
551,5,5000,9.0,2
552,5,5000,7.68,2
553,5,5000,8.08,2
554,5,5000,8.2,2
555,5,5000,8.0,2
556,5,5000,8.22,2
557,5,5000,8.46,2
558,5,5000,7.86,2
559,5,5000,8.52,2
560,5,5000,7.76,2
561,5,5000,7.4,2
562,5,5000,7.28,2
563,5,5000,8.02,2
564,5,5000,8.06,2
565,5,5000,7.84,2
566,5,5000,7.76,2
567,5,5000,8.96,2
568,5,5000,7.34,2
569,5,5000,7.6,2
570,5,5000,8.52,2
571,5,5000,9.46,2
572,5,5000,9.54,2
573,5,5000,8.84,2
574,5,5000,8.66,2
575,5,5000,8.26,2
576,5,5000,7.44,2
577,5,5000,7.4,2
578,5,5000,7.72,2
579,5,5000,7.92,2
580,5,5000,7.98,2
581,5,5000,7.34,2
582,5,5000,7.44,2
583,5,5000,8.54,2
584,5,5000,9.14,2
585,5,5000,8.1,2
586,5,5000,7.98,2
587,5,5000,7.1,2
588,5,5000,7.16,2
589,5,5000,8.24,2
590,5,5000,8.0,2
591,5,5000,8.32,2
592,5,5000,8.22,2
593,5,5000,7.86,2
594,5,5000,7.5,2
595,5,5000,7.2,2
596,5,5000,8.16,2
597,5,5000,7.26,2
598,5,5000,7.04,2
599,5,5000,7.04,2
600,5,5000,8.38,2
601,5,5000,8.14,2
602,5,5000,8.14,2
603,5,5000,9.38,2
604,5,5000,7.64,2
605,5,5000,7.18,2
606,5,5000,7.8,2
607,5,5000,7.8,2
608,5,5000,6.72,2
609,5,5000,7.64,2
610,5,5000,8.28,2
611,5,5000,8.32,2
612,5,5000,6.76,2
613,5,5000,8.0,2
614,5,5000,8.52,2
615,5,5000,7.64,2
616,5,5000,7.68,2
617,5,5000,8.14,2
618,5,5000,7.94,2
619,5,5000,7.82,2
620,5,5000,8.78,2
621,5,5000,8.44,2
622,5,5000,7.48,2
623,5,5000,8.0,2
624,5,5000,7.78,2
625,5,5000,7.92,2
626,5,5000,8.68,2
627,5,5000,7.7,2
628,5,5000,7.56,2
629,5,5000,8.48,2
630,5,5000,8.82,2
631,5,5000,8.08,2
632,5,5000,7.4,2
633,5,5000,8.76,2
634,5,5000,9.58,2
635,5,5000,7.84,2
636,5,5000,8.0,2
637,5,5000,7.72,2
638,5,5000,7.78,2
639,5,5000,7.72,2
640,5,5000,8.04,2
641,5,5000,7.78,2
642,5,5000,8.54,2
643,5,5000,7.8,2
644,5,5000,7.86,2
645,5,5000,7.92,2
646,5,5000,7.22,2
647,5,5000,7.28,2
648,5,5000,7.64,2
649,5,5000,7.12,2
650,5,5000,8.08,2
651,5,5000,8.4,2
652,5,5000,7.26,2
653,5,5000,7.72,2
654,5,5000,8.1,2
655,5,5000,8.06,2
656,5,5000,8.3,2
657,5,5000,7.78,2
658,5,5000,9.12,2
659,5,5000,7.98,2
660,5,5000,8.2,2
661,5,5000,8.2,2
662,5,5000,7.9,2
663,5,5000,8.76,2
664,5,5000,8.56,2
665,5,5000,7.68,2
666,5,5000,7.48,2
667,5,5000,7.52,2
668,5,5000,7.62,2
669,5,5000,7.62,2
670,5,5000,7.2,2
671,5,5000,8.38,2
672,5,5000,8.5,2
673,5,5000,8.54,2
674,5,5000,7.62,2
675,5,5000,7.92,2
676,5,5000,7.54,2
677,5,5000,7.66,2
678,5,5000,8.08,2
679,5,5000,6.82,2
680,5,5000,7.4,2
681,5,5000,7.76,2
682,5,5000,8.7,2
683,5,5000,8.62,2
684,5,5000,8.44,2
685,5,5000,7.44,2
686,5,5000,7.66,2
687,5,5000,7.96,2
688,5,5000,6.78,2
689,5,5000,7.56,2
690,5,5000,7.8,2
691,5,5000,7.84,2
692,5,5000,7.56,2
693,5,5000,7.32,2
694,5,5000,8.2,2
695,5,5000,7.42,2
696,5,5000,8.54,2
697,5,5000,7.92,2
698,5,5000,8.24,2
699,5,5000,8.04,2
700,5,5000,8.16,2
701,5,5000,8.16,2
702,5,5000,7.84,2
703,5,5000,8.04,2
704,5,5000,8.8,2
705,5,5000,7.64,2
706,5,5000,6.6,2
707,5,5000,7.5,2
708,5,5000,7.14,2
709,5,5000,7.6,2
710,5,5000,8.44,2
711,5,5000,8.36,2
712,5,5000,8.12,2
713,5,5000,8.3,2
714,5,5000,7.8,2
715,5,5000,7.64,2
716,5,5000,8.54,2
717,5,5000,7.8,2
718,5,5000,7.98,2
719,5,5000,6.88,2
720,5,5000,7.38,2
721,5,5000,7.66,2
722,5,5000,7.58,2
723,5,5000,7.82,2
724,5,5000,8.46,2
725,5,5000,7.36,2
726,5,5000,7.38,2
727,5,5000,8.52,2
728,5,5000,7.88,2
729,5,5000,8.46,2
730,5,5000,8.02,2
731,5,5000,8.62,2
732,5,5000,8.04,2
733,5,5000,8.42,2
734,5,5000,8.08,2
735,5,5000,8.02,2
736,5,5000,8.58,2
737,5,5000,7.96,2
738,5,5000,8.88,2
739,5,5000,8.62,2
740,5,5000,8.62,2
741,5,5000,8.8,2
742,5,5000,8.06,2
743,5,5000,7.6,2
744,5,5000,7.64,2
745,5,5000,8.32,2
746,5,5000,8.42,2
747,5,5000,9.0,2
748,5,5000,7.38,2
749,5,5000,7.8,2
750,5,5000,7.94,2
751,5,5000,8.2,2
752,5,5000,7.68,2
753,5,5000,7.42,2
754,5,5000,7.56,2
755,5,5000,6.94,2
756,5,5000,7.56,2
757,5,5000,8.28,2
758,5,5000,7.88,2
759,5,5000,8.22,2
760,5,5000,8.02,2
761,5,5000,7.82,2
762,5,5000,8.16,2
763,5,5000,7.64,2
764,5,5000,8.0,2
765,5,5000,7.0,2
766,5,5000,7.26,2
767,5,5000,7.7,2
768,5,5000,6.94,2
769,5,5000,7.48,2
770,5,5000,7.86,2
771,5,5000,8.24,2
772,5,5000,8.54,2
773,5,5000,7.54,2
774,5,5000,8.46,2
775,5,5000,8.0,2
776,5,5000,7.04,2
777,5,5000,8.58,2
778,5,5000,7.84,2
779,5,5000,9.06,2
780,5,5000,8.02,2
781,5,5000,8.26,2
782,5,5000,8.1,2
783,5,5000,7.52,2
784,5,5000,7.16,2
785,5,5000,6.86,2
786,5,5000,7.64,2
787,5,5000,7.96,2
788,5,5000,7.42,2
789,5,5000,7.42,2
790,5,5000,7.32,2
791,5,5000,7.72,2
792,5,5000,8.28,2
793,5,5000,7.94,2
794,5,5000,8.8,2
795,5,5000,8.58,2
796,5,5000,7.48,2
797,5,5000,7.9,2
798,5,5000,7.58,2
799,5,5000,8.66,2
800,5,5000,8.2,2
801,5,5000,8.0,2
802,5,5000,8.16,2
803,5,5000,6.8,2
804,5,5000,7.14,2
805,5,5000,7.88,2
806,5,5000,8.92,2
807,5,5000,7.68,2
808,5,5000,8.4,2
809,5,5000,8.58,2
810,5,5000,8.0,2
811,5,5000,7.92,2
812,5,5000,8.04,2
813,5,5000,8.64,2
814,5,5000,8.64,2
815,5,5000,8.08,2
816,5,5000,8.26,2
817,5,5000,8.04,2
818,5,5000,8.58,2
819,5,5000,7.24,2
820,5,5000,7.76,2
821,5,5000,7.08,2
822,5,5000,8.12,2
823,5,5000,7.78,2
824,5,5000,7.86,2
825,5,5000,8.56,2
826,5,5000,8.48,2
827,5,5000,8.2,2
828,5,5000,8.88,2
829,5,5000,9.04,2
830,5,5000,9.32,2
831,5,5000,7.7,2
832,5,5000,7.6,2
833,5,5000,8.6,2
834,5,5000,9.04,2
835,5,5000,8.14,2
836,5,5000,8.32,2
837,5,5000,8.04,2
838,5,5000,8.68,2
839,5,5000,7.96,2
840,5,5000,7.04,2
841,5,5000,7.4,2
842,5,5000,7.98,2
843,5,5000,7.78,2
844,5,5000,8.22,2
845,5,5000,7.86,2
846,5,5000,7.62,2
847,5,5000,8.08,2
848,5,5000,8.22,2
849,5,5000,6.64,2
850,5,5000,7.9,2
851,5,5000,8.42,2
852,5,5000,8.04,2
853,5,5000,7.56,2
854,5,5000,8.2,2
855,5,5000,7.94,2
856,5,5000,7.72,2
857,5,5000,7.64,2
858,5,5000,8.08,2
859,5,5000,7.24,2
860,5,5000,7.4,2
861,5,5000,8.12,2
862,5,5000,6.74,2
863,5,5000,7.28,2
864,5,5000,7.86,2
865,5,5000,8.08,2
866,5,5000,8.26,2
867,5,5000,8.64,2
868,5,5000,8.24,2
869,5,5000,8.66,2
870,5,5000,9.06,2
871,5,5000,7.74,2
872,5,5000,7.64,2
873,5,5000,7.52,2
874,5,5000,8.02,2
875,5,5000,8.08,2
876,5,5000,7.34,2
877,5,5000,8.18,2
878,5,5000,7.08,2
879,5,5000,8.66,2
880,5,5000,7.5,2
881,5,5000,8.96,2
882,5,5000,7.76,2
883,5,5000,8.5,2
884,5,5000,8.8,2
885,5,5000,8.12,2
886,5,5000,7.92,2
887,5,5000,6.94,2
888,5,5000,7.54,2
889,5,5000,8.16,2
890,5,5000,7.92,2
891,5,5000,7.64,2
892,5,5000,7.56,2
893,5,5000,8.54,2
894,5,5000,7.84,2
895,5,5000,7.72,2
896,5,5000,8.1,2
897,5,5000,7.56,2
898,5,5000,8.78,2
899,5,5000,7.94,2
900,5,5000,8.0,2
901,5,5000,7.36,2
902,5,5000,8.52,2
903,5,5000,9.02,2
904,5,5000,7.96,2
905,5,5000,7.68,2
906,5,5000,8.58,2
907,5,5000,7.88,2
908,5,5000,7.82,2
909,5,5000,7.76,2
910,5,5000,8.06,2
911,5,5000,8.1,2
912,5,5000,7.72,2
913,5,5000,8.5,2
914,5,5000,8.44,2
915,5,5000,8.08,2
916,5,5000,7.86,2
917,5,5000,7.98,2
918,5,5000,7.6,2
919,5,5000,7.34,2
920,5,5000,7.86,2
921,5,5000,7.7,2
922,5,5000,7.84,2
923,5,5000,7.26,2
924,5,5000,8.3,2
925,5,5000,8.24,2
926,5,5000,7.5,2
927,5,5000,6.98,2
928,5,5000,7.82,2
929,5,5000,7.7,2
930,5,5000,7.32,2
931,5,5000,8.4,2
932,5,5000,8.68,2
933,5,5000,7.26,2
934,5,5000,8.9,2
935,5,5000,7.84,2
936,5,5000,8.2,2
937,5,5000,6.78,2
938,5,5000,7.7,2
939,5,5000,7.3,2
940,5,5000,8.82,2
941,5,5000,8.24,2
942,5,5000,8.3,2
943,5,5000,8.32,2
944,5,5000,8.34,2
945,5,5000,7.42,2
946,5,5000,7.74,2
947,5,5000,7.88,2
948,5,5000,8.32,2
949,5,5000,8.44,2
950,5,5000,8.0,2
951,5,5000,8.62,2
952,5,5000,7.86,2
953,5,5000,7.98,2
954,5,5000,7.48,2
955,5,5000,7.58,2
956,5,5000,8.08,2
957,5,5000,8.94,2
958,5,5000,8.36,2
959,5,5000,7.78,2
960,5,5000,7.52,2
961,5,5000,8.82,2
962,5,5000,9.08,2
963,5,5000,7.18,2
964,5,5000,7.08,2
965,5,5000,7.66,2
966,5,5000,7.44,2
967,5,5000,7.2,2
968,5,5000,8.4,2
969,5,5000,7.74,2
970,5,5000,8.88,2
971,5,5000,8.38,2
972,5,5000,7.7,2
973,5,5000,7.74,2
974,5,5000,8.96,2
975,5,5000,7.92,2
976,5,5000,8.4,2
977,5,5000,8.72,2
978,5,5000,8.84,2
979,5,5000,8.18,2
980,5,5000,7.82,2
981,5,5000,7.3,2
982,5,5000,7.52,2
983,5,5000,7.26,2
984,5,5000,8.6,2
985,5,5000,8.12,2
986,5,5000,7.34,2
987,5,5000,8.02,2
988,5,5000,8.18,2
989,5,5000,7.56,2
990,5,5000,9.18,2
991,5,5000,7.68,2
992,5,5000,7.16,2
993,5,5000,7.98,2
994,5,5000,7.32,2
995,5,5000,8.94,2
996,5,5000,7.26,2
997,5,5000,7.28,2
998,5,5000,8.08,2
999,5,5000,7.8,2
1000,5,5000,8.82,2
1001,5,5000,8.8,2
1002,5,5000,7.96,2
1003,5,5000,8.04,2
1004,5,5000,7.66,2
1005,5,5000,8.0,2
1006,5,5000,9.48,2
1007,5,5000,7.62,2
1008,5,5000,8.64,2
1009,5,5000,7.32,2
1010,5,5000,7.42,2
1011,5,5000,7.34,2
1012,5,5000,8.46,2
1013,5,5000,8.32,2
1014,5,5000,8.7,2
1015,5,5000,8.54,2
1016,5,5000,8.02,2
1017,5,5000,8.24,2
1018,5,5000,7.64,2
1019,5,5000,7.44,2
1020,5,5000,7.12,2
1021,5,5000,7.84,2
1022,5,5000,8.96,2
1023,5,5000,7.96,2
1024,5,5000,9.38,2
1025,5,5000,9.42,2
1026,5,5000,8.54,2
1027,5,5000,8.48,2
1028,5,5000,7.78,2
1029,5,5000,8.08,2
1030,5,5000,8.5,2
1031,5,5000,7.76,2
1032,5,5000,7.98,2
1033,5,5000,8.7,2
1034,5,5000,7.46,2
1035,5,5000,7.98,2
1036,5,5000,8.16,2
1037,5,5000,7.98,2
1038,5,5000,7.54,2
1039,5,5000,7.72,2
1040,5,5000,6.92,2
1041,5,5000,7.0,2
1042,5,5000,8.44,2
1043,5,5000,8.24,2
1044,5,5000,8.08,2
1045,5,5000,8.7,2
1046,5,5000,7.74,2
1047,5,5000,8.62,2
1048,5,5000,7.92,2
1049,5,5000,7.48,2
1050,5,5000,7.64,2
1051,5,5000,7.04,2
1052,5,5000,8.56,2
1053,5,5000,7.92,2
1054,5,5000,7.26,2
1055,5,5000,6.92,2
1056,5,5000,7.1,2
1057,5,5000,6.82,2
1058,5,5000,7.86,2
1059,5,5000,7.78,2
1060,5,5000,7.66,2
1061,5,5000,7.44,2
1062,5,5000,7.78,2
1063,5,5000,6.94,2
1064,5,5000,7.6,2
1065,5,5000,7.54,2
1066,5,5000,8.58,2
1067,5,5000,8.34,2
1068,5,5000,7.76,2
1069,5,5000,6.98,2
1070,5,5000,7.84,2
1071,5,5000,6.92,2
1072,5,5000,7.42,2
1073,5,5000,7.74,2
1074,5,5000,7.36,2
1075,5,5000,8.0,2
1076,5,5000,8.3,2
1077,5,5000,8.54,2
1078,5,5000,8.36,2
1079,5,5000,7.48,2
1080,5,5000,6.68,2
1081,5,5000,7.38,2
1082,5,5000,8.54,2
1083,5,5000,7.74,2
1084,5,5000,7.34,2
1085,5,5000,7.42,2
1086,5,5000,7.64,2
1087,5,5000,8.06,2
1088,5,5000,6.78,2
1089,5,5000,7.24,2
1090,5,5000,7.72,2
1091,5,5000,7.8,2
1092,5,5000,7.16,2
1093,5,5000,7.96,2
1094,5,5000,8.48,2
1095,5,5000,8.0,2
1096,5,5000,8.26,2
1097,5,5000,7.56,2
1098,5,5000,7.68,2
1099,5,5000,7.84,2
1100,5,5000,7.74,2
1101,5,5000,7.64,2
1102,5,5000,8.04,2
1103,5,5000,6.48,2
1104,5,5000,7.4,2
1105,5,5000,7.66,2
1106,5,5000,7.42,2
1107,5,5000,7.76,2
1108,5,5000,7.3,2
1109,5,5000,7.32,2
1110,5,5000,7.34,2
1111,5,5000,7.5,2
1112,5,5000,6.92,2
1113,5,5000,7.78,2
1114,5,5000,7.5,2
1115,5,5000,7.62,2
1116,5,5000,6.98,2
1117,5,5000,7.94,2
1118,5,5000,8.34,2
1119,5,5000,7.08,2
1120,5,5000,7.24,2
1121,5,5000,8.32,2
1122,5,5000,8.26,2
1123,5,5000,8.38,2
1124,5,5000,8.84,2
1125,5,5000,7.46,2
1126,5,5000,8.6,2
1127,5,5000,8.44,2
1128,5,5000,8.04,2
1129,5,5000,7.48,2
1130,5,5000,7.46,2
1131,5,5000,7.74,2
1132,5,5000,8.06,2
1133,5,5000,8.32,2
1134,5,5000,8.92,2
1135,5,5000,8.42,2
1136,5,5000,8.4,2
1137,5,5000,9.08,2
1138,5,5000,7.82,2
1139,5,5000,8.08,2
1140,5,5000,8.02,2
1141,5,5000,8.44,2
1142,5,5000,8.92,2
1143,5,5000,7.84,2
1144,5,5000,7.42,2
1145,5,5000,8.02,2
1146,5,5000,6.72,2
1147,5,5000,7.86,2
1148,5,5000,7.7,2
1149,5,5000,7.28,2
1150,5,5000,8.68,2
1151,5,5000,7.78,2
1152,5,5000,8.72,2
1153,5,5000,7.9,2
1154,5,5000,8.1,2
1155,5,5000,7.78,2
1156,5,5000,8.24,2
1157,5,5000,7.64,2
1158,5,5000,8.84,2
1159,5,5000,8.22,2
1160,5,5000,7.8,2
1161,5,5000,7.82,2
1162,5,5000,7.82,2
1163,5,5000,8.62,2
1164,5,5000,9.26,2
1165,5,5000,7.0,2
1166,5,5000,8.5,2
1167,5,5000,9.1,2
1168,5,5000,7.94,2
1169,5,5000,7.82,2
1170,5,5000,8.48,2
1171,5,5000,6.88,2
1172,5,5000,7.46,2
1173,5,5000,7.58,2
1174,5,5000,7.8,2
1175,5,5000,7.82,2
1176,5,5000,7.48,2
1177,5,5000,7.88,2
1178,5,5000,8.38,2
1179,5,5000,8.54,2
1180,5,5000,8.8,2
1181,5,5000,8.54,2
1182,5,5000,8.1,2
1183,5,5000,7.54,2
1184,5,5000,8.6,2
1185,5,5000,7.28,2
1186,5,5000,6.96,2
1187,5,5000,7.48,2
1188,5,5000,8.0,2
1189,5,5000,7.68,2
1190,5,5000,7.88,2
1191,5,5000,8.68,2
1192,5,5000,7.48,2
1193,5,5000,7.88,2
1194,5,5000,7.76,2
1195,5,5000,7.22,2
1196,5,5000,7.92,2
1197,5,5000,8.12,2
1198,5,5000,7.92,2
1199,5,5000,9.0,2
1200,5,5000,8.14,2
1201,5,5000,7.16,2
1202,5,5000,7.08,2
1203,5,5000,7.4,2
1204,5,5000,7.72,2
1205,5,5000,6.98,2
1206,5,5000,7.74,2
1207,5,5000,7.54,2
1208,5,5000,8.22,2
1209,5,5000,8.5,2
1210,5,5000,7.28,2
1211,5,5000,8.32,2
1212,5,5000,7.88,2
1213,5,5000,8.36,2
1214,5,5000,8.02,2
1215,5,5000,7.74,2
1216,5,5000,8.06,2
1217,5,5000,7.44,2
1218,5,5000,8.24,2
1219,5,5000,8.3,2
1220,5,5000,8.5,2
1221,5,5000,8.18,2
1222,5,5000,7.0,2
1223,5,5000,7.54,2
1224,5,5000,8.3,2
1225,5,5000,7.72,2
1226,5,5000,8.14,2
1227,5,5000,8.52,2
1228,5,5000,7.9,2
1229,5,5000,7.4,2
1230,5,5000,7.46,2
1231,5,5000,7.26,2
1232,5,5000,7.82,2
1233,5,5000,8.7,2
1234,5,5000,8.48,2
1235,5,5000,8.0,2
1236,5,5000,7.54,2
1237,5,5000,7.26,2
1238,5,5000,7.06,2
1239,5,5000,7.56,2
1240,5,5000,7.7,2
1241,5,5000,8.4,2
1242,5,5000,7.8,2
1243,5,5000,7.42,2
1244,5,5000,7.38,2
1245,5,5000,7.96,2
1246,5,5000,8.42,2
1247,5,5000,7.94,2
1248,5,5000,7.82,2
1249,5,5000,9.06,2
1250,5,5000,7.86,2
1251,5,5000,7.9,2
1252,5,5000,7.88,2
1253,5,5000,7.86,2
1254,5,5000,8.54,2
1255,5,5000,8.34,2
1256,5,5000,8.7,2
1257,5,5000,8.44,2
1258,5,5000,8.14,2
1259,5,5000,8.0,2
1260,5,5000,9.08,2
1261,5,5000,8.04,2
1262,5,5000,9.44,2
1263,5,5000,8.68,2
1264,5,5000,7.56,2
1265,5,5000,7.54,2
1266,5,5000,7.92,2
1267,5,5000,8.06,2
1268,5,5000,7.64,2
1269,5,5000,7.14,2
1270,5,5000,8.3,2
1271,5,5000,8.56,2
1272,5,5000,7.94,2
1273,5,5000,8.62,2
1274,5,5000,8.38,2
1275,5,5000,8.28,2
1276,5,5000,8.3,2
1277,5,5000,7.62,2
1278,5,5000,7.56,2
1279,5,5000,7.32,2
1280,5,5000,8.66,2
1281,5,5000,8.02,2
1282,5,5000,6.92,2
1283,5,5000,7.1,2
1284,5,5000,7.3,2
1285,5,5000,8.12,2
1286,5,5000,8.12,2
1287,5,5000,8.4,2
1288,5,5000,7.74,2
1289,5,5000,8.02,2
1290,5,5000,7.98,2
1291,5,5000,8.46,2
1292,5,5000,7.58,2
1293,5,5000,8.12,2
1294,5,5000,7.36,2
1295,5,5000,8.04,2
1296,5,5000,7.58,2
1297,5,5000,7.6,2
1298,5,5000,7.34,2
1299,5,5000,7.38,2
1300,5,5000,7.54,2
1301,5,5000,7.66,2
1302,5,5000,8.4,2
1303,5,5000,7.98,2
1304,5,5000,8.18,2
1305,5,5000,6.82,2
1306,5,5000,7.5,2
1307,5,5000,7.96,2
1308,5,5000,7.7,2
1309,5,5000,7.82,2
1310,5,5000,7.52,2
1311,5,5000,8.22,2
1312,5,5000,7.72,2
1313,5,5000,7.9,2
1314,5,5000,8.72,2
1315,5,5000,8.5,2
1316,5,5000,6.74,2
1317,5,5000,6.64,2
1318,5,5000,7.46,2
1319,5,5000,6.84,2
1320,5,5000,7.62,2
1321,5,5000,7.9,2
1322,5,5000,7.94,2
1323,5,5000,8.18,2
1324,5,5000,8.16,2
1325,5,5000,7.42,2
1326,5,5000,8.28,2
1327,5,5000,7.9,2
1328,5,5000,7.3,1
1329,5,5000,7.92,1
1330,5,5000,6.34,1
1331,5,5000,7.04,1
1332,5,5000,6.82,1
1333,5,5000,6.16,1
1334,5,5000,6.64,1
1335,5,5000,7.12,1
1336,5,5000,8.4,1
1337,5,5000,6.46,1
1338,5,5000,6.94,1
1339,5,5000,7.12,1
1340,5,5000,6.92,1
1341,5,5000,7.8,1
1342,5,5000,7.1,1
1343,5,5000,6.4,1
1344,5,5000,7.1,1
1345,5,5000,6.72,1
1346,5,5000,7.14,1
1347,5,5000,6.92,1
1348,5,5000,6.66,1
1349,5,5000,6.08,1
1350,5,5000,6.58,1
1351,5,5000,7.04,1
1352,5,5000,6.62,1
1353,5,5000,7.46,1
1354,5,5000,7.32,1
1355,5,5000,6.2,1
1356,5,5000,6.08,1
1357,5,5000,6.56,1
1358,5,5000,6.88,1
1359,5,5000,7.3,1
1360,5,5000,7.62,1
1361,5,5000,8.08,1
1362,5,5000,6.72,1
1363,5,5000,7.78,1
1364,5,5000,6.9,1
1365,5,5000,6.16,1
1366,5,5000,6.82,1
1367,5,5000,7.18,1
1368,5,5000,6.88,1
1369,5,5000,7.64,1
1370,5,5000,6.94,1
1371,5,5000,6.72,1
1372,5,5000,7.6,1
1373,5,5000,5.92,1
1374,5,5000,8.12,1
1375,5,5000,8.24,1
1376,5,5000,7.12,1
1377,5,5000,8.12,1
1378,5,5000,7.5,1
1379,5,5000,8.08,1
1380,5,5000,6.36,1
1381,5,5000,6.2,1
1382,5,5000,7.84,1
1383,5,5000,7.16,1
1384,5,5000,6.02,1
1385,5,5000,7.7,1
1386,5,5000,7.26,1
1387,5,5000,6.38,1
1388,5,5000,7.02,1
1389,5,5000,7.88,1
1390,5,5000,6.46,1
1391,5,5000,7.12,1
1392,5,5000,7.12,1
1393,5,5000,6.6,1
1394,5,5000,7.2,1
1395,5,5000,7.36,1
1396,5,5000,7.06,1
1397,5,5000,6.7,1
1398,5,5000,6.56,1
1399,5,5000,6.84,1
1400,5,5000,6.8,1
1401,5,5000,6.56,1
1402,5,5000,7.2,1
1403,5,5000,7.22,1
1404,5,5000,7.92,1
1405,5,5000,6.3,1
1406,5,5000,6.9,1
1407,5,5000,7.4,1
1408,5,5000,6.88,1
1409,5,5000,6.94,1
1410,5,5000,7.38,1
1411,5,5000,7.2,1
1412,5,5000,6.84,1
1413,5,5000,7.64,1
1414,5,5000,7.36,1
1415,5,5000,7.06,1
1416,5,5000,6.64,1
1417,5,5000,6.16,1
1418,5,5000,6.42,1
1419,5,5000,7.92,1
1420,5,5000,7.6,1
1421,5,5000,6.18,1
1422,5,5000,6.56,1
1423,5,5000,6.86,1
1424,5,5000,6.62,1
1425,5,5000,7.38,1
1426,5,5000,7.66,1
1427,5,5000,6.6,1
1428,5,5000,6.12,1
1429,5,5000,6.54,1
1430,5,5000,7.48,1
1431,5,5000,7.64,1
1432,5,5000,7.24,1
1433,5,5000,6.2,1
1434,5,5000,6.6,1
1435,5,5000,6.74,1
1436,5,5000,6.9,1
1437,5,5000,6.56,1
1438,5,5000,6.98,1
1439,5,5000,7.82,1
1440,5,5000,6.16,1
1441,5,5000,7.08,1
1442,5,5000,6.78,1
1443,5,5000,6.98,1
1444,5,5000,7.14,1
1445,5,5000,7.68,1
1446,5,5000,7.56,1
1447,5,5000,7.4,1
1448,5,5000,6.26,1
1449,5,5000,6.76,1
1450,5,5000,6.8,1
1451,5,5000,7.8,1
1452,5,5000,6.8,1
1453,5,5000,7.2,1
1454,5,5000,6.02,1
1455,5,5000,7.74,1
1456,5,5000,6.26,1
1457,5,5000,6.72,1
1458,5,5000,7.02,1
1459,5,5000,7.48,1
1460,5,5000,7.14,1
1461,5,5000,7.48,1
1462,5,5000,7.36,1
1463,5,5000,7.52,1
1464,5,5000,8.04,1
1465,5,5000,8.34,1
1466,5,5000,7.7,1
1467,5,5000,7.52,1
1468,5,5000,8.02,1
1469,5,5000,6.26,1
1470,5,5000,7.26,1
1471,5,5000,6.64,1
1472,5,5000,7.08,1
1473,5,5000,7.18,1
1474,5,5000,6.8,1
1475,5,5000,6.46,1
1476,5,5000,7.06,1
1477,5,5000,7.24,1
1478,5,5000,7.38,1
1479,5,5000,6.7,1
1480,5,5000,6.06,1
1481,5,5000,7.32,1
1482,5,5000,6.68,1
1483,5,5000,7.52,1
1484,5,5000,8.14,1
1485,5,5000,8.18,1
1486,5,5000,7.94,1
1487,5,5000,6.88,1
1488,5,5000,6.88,1
1489,5,5000,6.22,1
1490,5,5000,7.0,1
1491,5,5000,7.6,1
1492,5,5000,7.04,1
1493,5,5000,6.14,1
1494,5,5000,7.66,1
1495,5,5000,7.54,1
1496,5,5000,7.16,1
1497,5,5000,7.04,1
1498,5,5000,6.74,1
1499,5,5000,7.56,1
1500,5,5000,6.54,1
1501,5,5000,6.84,1
1502,5,5000,7.28,1
1503,5,5000,7.76,1
1504,5,5000,7.1,1
1505,5,5000,7.76,1
1506,5,5000,6.58,1
1507,5,5000,6.26,1
1508,5,5000,7.42,1
1509,5,5000,6.94,1
1510,5,5000,6.66,1
1511,5,5000,5.94,1
1512,5,5000,6.06,1
1513,5,5000,6.62,1
1514,5,5000,6.34,1
1515,5,5000,6.44,1
1516,5,5000,5.9,1
1517,5,5000,7.32,1
1518,5,5000,6.66,1
1519,5,5000,6.56,1
1520,5,5000,6.02,1
1521,5,5000,7.58,1
1522,5,5000,6.8,1
1523,5,5000,6.46,1
1524,5,5000,7.1,1
1525,5,5000,6.92,1
1526,5,5000,6.5,1
1527,5,5000,7.5,1
1528,5,5000,7.02,1
1529,5,5000,7.24,1
1530,5,5000,7.22,1
1531,5,5000,7.72,1
1532,5,5000,7.58,1
1533,5,5000,7.48,1
1534,5,5000,6.76,1
1535,5,5000,7.3,1
1536,5,5000,7.3,1
1537,5,5000,6.52,1
1538,5,5000,7.08,1
1539,5,5000,6.72,1
1540,5,5000,7.66,1
1541,5,5000,8.04,1
1542,5,5000,7.54,1
1543,5,5000,6.42,1
1544,5,5000,7.44,1
1545,5,5000,6.8,1
1546,5,5000,6.82,1
1547,5,5000,8.28,1
1548,5,5000,8.46,1
1549,5,5000,7.4,1
1550,5,5000,7.18,1
1551,5,5000,7.1,1
1552,5,5000,8.5,1
1553,5,5000,7.42,1
1554,5,5000,6.52,1
1555,5,5000,7.0,1
1556,5,5000,7.22,1
1557,5,5000,6.86,1
1558,5,5000,6.02,1
1559,5,5000,7.22,1
1560,5,5000,7.06,1
1561,5,5000,7.0,1
1562,5,5000,5.78,1
1563,5,5000,6.76,1
1564,5,5000,6.72,1
1565,5,5000,7.16,1
1566,5,5000,6.46,1
1567,5,5000,6.58,1
1568,5,5000,7.28,1
1569,5,5000,6.78,1
1570,5,5000,6.42,1
1571,5,5000,6.7,1
1572,5,5000,6.36,1
1573,5,5000,5.8,1
1574,5,5000,6.5,1
1575,5,5000,7.8,1
1576,5,5000,7.56,1
1577,5,5000,7.74,1
1578,5,5000,7.62,1
1579,5,5000,6.34,1
1580,5,5000,6.32,1
1581,5,5000,7.3,1
1582,5,5000,6.88,1
1583,5,5000,6.2,1
1584,5,5000,6.6,1
1585,5,5000,6.38,1
1586,5,5000,7.1,1
1587,5,5000,7.44,1
1588,5,5000,8.1,1
1589,5,5000,8.62,1
1590,5,5000,7.0,1
1591,5,5000,5.74,1
1592,5,5000,7.04,1
1593,5,5000,6.64,1
1594,5,5000,6.64,1
1595,5,5000,7.36,1
1596,5,5000,6.7,1
1597,5,5000,7.96,1
1598,5,5000,6.76,1
1599,5,5000,6.96,1
1600,5,5000,7.58,1
1601,5,5000,7.64,1
1602,5,5000,7.84,1
1603,5,5000,7.3,1
1604,5,5000,6.34,1
1605,5,5000,7.08,1
1606,5,5000,6.78,1
1607,5,5000,7.18,1
1608,5,5000,6.2,1
1609,5,5000,7.78,1
1610,5,5000,7.44,1
1611,5,5000,6.96,1
1612,5,5000,7.28,1
1613,5,5000,8.04,1
1614,5,5000,8.6,1
1615,5,5000,7.38,1
1616,5,5000,6.8,1
1617,5,5000,8.04,1
1618,5,5000,6.96,1
1619,5,5000,7.22,1
1620,5,5000,7.18,1
1621,5,5000,7.22,1
1622,5,5000,6.04,1
1623,5,5000,7.06,1
1624,5,5000,6.12,1
1625,5,5000,7.26,1
1626,5,5000,6.3,1
1627,5,5000,7.02,1
1628,5,5000,7.42,1
1629,5,5000,7.58,1
1630,5,5000,6.94,1
1631,5,5000,6.76,1
1632,5,5000,6.92,1
1633,5,5000,7.26,1
1634,5,5000,6.48,1
1635,5,5000,6.74,1
1636,5,5000,7.04,1
1637,5,5000,7.46,1
1638,5,5000,7.26,1
1639,5,5000,7.2,1
1640,5,5000,6.66,1
1641,5,5000,7.3,1
1642,5,5000,7.42,1
1643,5,5000,7.4,1
1644,5,5000,7.0,1
1645,5,5000,7.3,1
1646,5,5000,6.38,1
1647,5,5000,6.64,1
1648,5,5000,7.3,1
1649,5,5000,7.06,1
1650,5,5000,7.0,1
1651,5,5000,6.36,1
1652,5,5000,7.24,1
1653,5,5000,5.84,1
1654,5,5000,6.88,1
1655,5,5000,6.08,1
1656,5,5000,6.32,1
1657,5,5000,6.48,1
1658,5,5000,5.88,1
1659,5,5000,6.76,1
1660,5,5000,6.74,1
1661,5,5000,6.02,1
1662,5,5000,6.6,1
1663,5,5000,6.68,1
1664,5,5000,6.64,1
1665,5,5000,7.3,1
1666,5,5000,6.86,1
1667,5,5000,6.8,1
1668,5,5000,6.66,1
1669,5,5000,6.96,1
1670,5,5000,7.1,1
1671,5,5000,7.84,1
1672,5,5000,7.62,1
1673,5,5000,7.24,1
1674,5,5000,6.52,1
1675,5,5000,7.76,1
1676,5,5000,7.32,1
1677,5,5000,6.92,1
1678,5,5000,7.44,1
1679,5,5000,6.66,1
1680,5,5000,6.94,1
1681,5,5000,7.28,1
1682,5,5000,7.46,1
1683,5,5000,6.92,1
1684,5,5000,6.04,1
1685,5,5000,6.82,1
1686,5,5000,7.54,1
1687,5,5000,7.74,1
1688,5,5000,7.42,1
1689,5,5000,7.62,1
1690,5,5000,7.98,1
1691,5,5000,7.6,1
1692,5,5000,7.18,1
1693,5,5000,7.5,1
1694,5,5000,7.88,1
1695,5,5000,7.46,1
1696,5,5000,7.06,1
1697,5,5000,7.74,1
1698,5,5000,6.84,1
1699,5,5000,6.46,1
1700,5,5000,6.7,1
1701,5,5000,7.12,1
1702,5,5000,8.0,1
1703,5,5000,6.52,1
1704,5,5000,6.9,1
1705,5,5000,7.84,1
1706,5,5000,7.24,1
1707,5,5000,7.22,1
1708,5,5000,7.52,1
1709,5,5000,6.66,1
1710,5,5000,6.08,1
1711,5,5000,6.56,1
1712,5,5000,7.3,1
1713,5,5000,6.68,1
1714,5,5000,6.5,1
1715,5,5000,7.54,1
1716,5,5000,6.66,1
1717,5,5000,6.28,1
1718,5,5000,7.72,1
1719,5,5000,6.96,1
1720,5,5000,7.66,1
1721,5,5000,6.7,1
1722,5,5000,6.96,1
1723,5,5000,6.94,1
1724,5,5000,6.02,1
1725,5,5000,6.54,1
1726,5,5000,7.52,1
1727,5,5000,8.02,1
1728,5,5000,8.9,1
1729,5,5000,8.06,1
1730,5,5000,7.34,1
1731,5,5000,7.0,1
1732,5,5000,7.1,1
1733,5,5000,7.58,1
1734,5,5000,7.14,1
1735,5,5000,6.76,1
1736,5,5000,7.24,1
1737,5,5000,6.18,1
1738,5,5000,7.04,1
1739,5,5000,7.0,1
1740,5,5000,6.02,1
1741,5,5000,6.7,1
1742,5,5000,6.28,1
1743,5,5000,7.02,1
1744,5,5000,7.24,1
1745,5,5000,7.54,1
1746,5,5000,6.9,1
1747,5,5000,8.34,1
1748,5,5000,6.78,1
1749,5,5000,6.92,1
1750,5,5000,6.78,1
1751,5,5000,5.52,1
1752,5,5000,7.64,1
1753,5,5000,7.26,1
1754,5,5000,6.88,1
1755,5,5000,7.3,1
1756,5,5000,6.62,1
1757,5,5000,7.96,1
1758,5,5000,6.84,1
1759,5,5000,5.8,1
1760,5,5000,7.24,1
1761,5,5000,7.06,1
1762,5,5000,7.66,1
1763,5,5000,7.36,1
1764,5,5000,7.06,1
1765,5,5000,6.8,1
1766,5,5000,6.96,1
1767,5,5000,7.4,1
1768,5,5000,7.72,1
1769,5,5000,7.18,1
1770,5,5000,6.6,1
1771,5,5000,6.74,1
1772,5,5000,7.58,1
1773,5,5000,7.5,1
1774,5,5000,7.86,1
1775,5,5000,7.46,1
1776,5,5000,7.98,1
1777,5,5000,7.1,1
1778,5,5000,7.58,1
1779,5,5000,7.66,1
1780,5,5000,7.7,1
1781,5,5000,6.68,1
1782,5,5000,5.72,1
1783,5,5000,6.24,1
1784,5,5000,5.58,1
1785,5,5000,6.18,1
1786,5,5000,6.68,1
1787,5,5000,6.14,1
1788,5,5000,6.38,1
1789,5,5000,6.58,1
1790,5,5000,7.06,1
1791,5,5000,7.94,1
1792,5,5000,7.88,1
1793,5,5000,7.68,1
1794,5,5000,7.76,1
1795,5,5000,7.24,1
1796,5,5000,7.16,1
1797,5,5000,6.72,1
1798,5,5000,7.38,1
1799,5,5000,7.76,1
1800,5,5000,7.04,1
1801,5,5000,7.64,1
1802,5,5000,7.54,1
1803,5,5000,7.6,1
1804,5,5000,5.54,1
1805,5,5000,6.34,1
1806,5,5000,6.44,1
1807,5,5000,6.52,1
1808,5,5000,7.68,1
1809,5,5000,6.4,1
1810,5,5000,6.88,1
1811,5,5000,6.28,1
1812,5,5000,6.24,1
1813,5,5000,6.94,1
1814,5,5000,6.78,1
1815,5,5000,7.74,1
1816,5,5000,7.52,1
1817,5,5000,6.98,1
1818,5,5000,6.52,1
1819,5,5000,6.74,1
1820,5,5000,6.68,1
1821,5,5000,6.98,1
1822,5,5000,6.8,1
1823,5,5000,6.74,1
1824,5,5000,7.94,1
1825,5,5000,7.2,1
1826,5,5000,7.42,1
1827,5,5000,6.86,1
1828,5,5000,6.58,1
1829,5,5000,6.78,1
1830,5,5000,7.54,1
1831,5,5000,6.58,1
1832,5,5000,6.44,1
1833,5,5000,5.64,1
1834,5,5000,7.54,1
1835,5,5000,7.24,1
1836,5,5000,6.86,1
1837,5,5000,6.82,1
1838,5,5000,6.58,1
1839,5,5000,7.24,1
1840,5,5000,7.42,1
1841,5,5000,7.38,1
1842,5,5000,7.66,1
1843,5,5000,7.6,1
1844,5,5000,6.0,1
1845,5,5000,8.48,1
1846,5,5000,7.62,1
1847,5,5000,7.08,1
1848,5,5000,7.06,1
1849,5,5000,7.56,1
1850,5,5000,6.24,1
1851,5,5000,8.14,1
1852,5,5000,6.46,1
1853,5,5000,7.1,1
1854,5,5000,6.9,1
1855,5,5000,7.88,1
1856,5,5000,7.88,1
1857,5,5000,7.82,1
1858,5,5000,6.88,1
1859,5,5000,8.82,1
1860,5,5000,7.38,1
1861,5,5000,6.84,1
1862,5,5000,6.92,1
1863,5,5000,6.74,1
1864,5,5000,5.96,1
1865,5,5000,7.08,1
1866,5,5000,6.42,1
1867,5,5000,6.54,1
1868,5,5000,7.56,1
1869,5,5000,6.94,1
1870,5,5000,7.18,1
1871,5,5000,6.98,1
1872,5,5000,6.86,1
1873,5,5000,7.44,1
1874,5,5000,6.76,1
1875,5,5000,6.86,1
1876,5,5000,6.4,1
1877,5,5000,7.7,1
1878,5,5000,6.76,1
1879,5,5000,6.78,1
1880,5,5000,8.08,1
1881,5,5000,8.74,1
1882,5,5000,8.68,1
1883,5,5000,7.82,1
1884,5,5000,7.08,1
1885,5,5000,7.76,1
1886,5,5000,7.14,1
1887,5,5000,6.24,1
1888,5,5000,6.58,1
1889,5,5000,5.84,1
1890,5,5000,6.86,1
1891,5,5000,6.28,1
1892,5,5000,6.76,1
1893,5,5000,7.86,1
1894,5,5000,6.92,1
1895,5,5000,6.8,1
1896,5,5000,7.38,1
1897,5,5000,6.58,1
1898,5,5000,7.94,1
1899,5,5000,7.32,1
1900,5,5000,6.42,1
1901,5,5000,6.46,1
1902,5,5000,7.16,1
1903,5,5000,6.3,1
1904,5,5000,6.88,1
1905,5,5000,6.6,1
1906,5,5000,6.24,1
1907,5,5000,6.94,1
1908,5,5000,7.3,1
1909,5,5000,7.48,1
1910,5,5000,7.38,1
1911,5,5000,7.06,1
1912,5,5000,7.48,1
1913,5,5000,6.14,1
1914,5,5000,6.54,1
1915,5,5000,6.36,1
1916,5,5000,6.96,1
1917,5,5000,6.64,1
1918,5,5000,6.54,1
1919,5,5000,7.46,1
1920,5,5000,6.6,1
1921,5,5000,7.48,1
1922,5,5000,6.82,1
1923,5,5000,6.76,1
1924,5,5000,6.54,1
1925,5,5000,6.56,1
1926,5,5000,6.96,1
1927,5,5000,6.2,1
1928,5,5000,6.82,1
1929,5,5000,7.42,1
1930,5,5000,7.16,1
1931,5,5000,6.52,1
1932,5,5000,6.34,1
1933,5,5000,6.3,1
1934,5,5000,7.54,1
1935,5,5000,7.74,1
1936,5,5000,7.86,1
1937,5,5000,7.0,1
1938,5,5000,8.1,1
1939,5,5000,7.68,1
1940,5,5000,6.88,1
1941,5,5000,7.32,1
1942,5,5000,6.72,1
1943,5,5000,6.6,1
1944,5,5000,6.86,1
1945,5,5000,6.94,1
1946,5,5000,7.56,1
1947,5,5000,7.44,1
1948,5,5000,7.1,1
1949,5,5000,6.7,1
1950,5,5000,5.98,1
1951,5,5000,6.34,1
1952,5,5000,6.78,1
1953,5,5000,6.7,1
1954,5,5000,6.76,1
1955,5,5000,6.68,1
1956,5,5000,6.94,1
1957,5,5000,6.16,1
1958,5,5000,6.58,1
1959,5,5000,6.84,1
1960,5,5000,6.96,1
1961,5,5000,6.9,1
1962,5,5000,6.16,1
1963,5,5000,7.08,1
1964,5,5000,7.1,1
1965,5,5000,6.32,1
1966,5,5000,7.06,1
1967,5,5000,6.2,1
1968,5,5000,5.56,1
1969,5,5000,5.38,1
1970,5,5000,5.58,1
1971,5,5000,6.6,1
1972,5,5000,7.7,1
1973,5,5000,7.22,1
1974,5,5000,7.94,1
1975,5,5000,6.88,1
1976,5,5000,6.28,1
1977,5,5000,5.96,1
1978,5,5000,6.52,1
1979,5,5000,7.64,1
1980,5,5000,6.82,1
1981,5,5000,6.8,1
1982,5,5000,7.38,1
1983,5,5000,6.68,1
1984,5,5000,7.06,1
1985,5,5000,7.62,1
1986,5,5000,7.44,1
1987,5,5000,7.18,1
1988,5,5000,7.8,1
1989,5,5000,7.56,1
1990,5,5000,7.64,1
1991,5,5000,7.5,1
1992,5,5000,7.84,1
1993,5,5000,7.64,1
1994,5,5000,8.24,1
1995,5,5000,6.74,1
1996,5,5000,6.4,1
1997,5,5000,7.32,1
1998,5,5000,8.0,1
1999,5,5000,7.52,1
2000,5,5000,7.94,1
2001,5,5000,6.76,1
2002,5,5000,7.8,1
2003,5,5000,8.36,1
2004,5,5000,7.06,1
2005,5,5000,6.16,1
2006,5,5000,7.02,1
2007,5,5000,6.96,1
2008,5,5000,7.32,1
2009,5,5000,7.38,1
2010,5,5000,8.16,1
2011,5,5000,8.52,1
2012,5,5000,6.64,1
2013,5,5000,7.72,1
2014,5,5000,7.26,1
2015,5,5000,7.4,1
2016,5,5000,7.3,1
2017,5,5000,6.12,1
2018,5,5000,6.98,1
2019,5,5000,7.0,1
2020,5,5000,6.54,1
2021,5,5000,7.66,1
2022,5,5000,6.92,1
2023,5,5000,6.18,1
2024,5,5000,7.96,1
2025,5,5000,7.54,1
2026,5,5000,7.44,1
2027,5,5000,7.76,1
2028,5,5000,6.88,1
2029,5,5000,7.22,1
2030,5,5000,7.4,1
2031,5,5000,6.04,1
2032,5,5000,6.92,1
2033,5,5000,7.36,1
2034,5,5000,8.22,1
2035,5,5000,7.28,1
2036,5,5000,8.32,1
2037,5,5000,7.34,1
2038,5,5000,6.9,1
2039,5,5000,7.7,1
2040,5,5000,7.74,1
2041,5,5000,6.64,1
2042,5,5000,6.58,1
2043,5,5000,7.08,1
2044,5,5000,6.4,1
2045,5,5000,7.38,1
2046,5,5000,7.28,1
2047,5,5000,7.14,1
2048,5,5000,7.66,1
2049,5,5000,7.62,1
2050,5,5000,8.28,1
2051,5,5000,7.6,1
2052,5,5000,7.2,1
2053,5,5000,7.22,1
2054,5,5000,6.86,1
2055,5,5000,7.42,1
2056,5,5000,8.28,1
2057,5,5000,7.74,1
2058,5,5000,7.24,1
2059,5,5000,7.28,1
2060,5,5000,7.56,1
2061,5,5000,7.2,1
2062,5,5000,7.44,1
2063,5,5000,7.1,1
2064,5,5000,6.54,1
2065,5,5000,5.86,1
2066,5,5000,7.14,1
2067,5,5000,7.96,1
2068,5,5000,7.46,1
2069,5,5000,6.68,1
2070,5,5000,6.24,1
2071,5,5000,7.48,1
2072,5,5000,7.48,1
2073,5,5000,6.96,1
2074,5,5000,7.18,1
2075,5,5000,6.6,1
2076,5,5000,7.8,1
2077,5,5000,7.38,1
2078,5,5000,7.54,1
2079,5,5000,8.24,1
2080,5,5000,7.3,1
2081,5,5000,7.26,1
2082,5,5000,7.68,1
2083,5,5000,8.5,1
2084,5,5000,7.1,1
2085,5,5000,7.28,1
2086,5,5000,7.78,1
2087,5,5000,7.1,1
2088,5,5000,6.28,1
2089,5,5000,7.22,1
2090,5,5000,6.82,1
2091,5,5000,7.44,1
2092,5,5000,7.58,1
2093,5,5000,6.92,1
2094,5,5000,6.22,1
2095,5,5000,7.16,1
2096,5,5000,7.06,1
2097,5,5000,7.58,1
2098,5,5000,6.28,1
2099,5,5000,6.22,1
2100,5,5000,5.2,1
2101,5,5000,6.28,1
2102,5,5000,7.16,1
2103,5,5000,7.14,1
2104,5,5000,6.04,1
2105,5,5000,6.96,1
2106,5,5000,6.26,1
2107,5,5000,6.92,1
2108,5,5000,7.4,1
2109,5,5000,7.84,1
2110,5,5000,6.32,1
2111,5,5000,9.2,1
2112,5,5000,6.74,1
2113,5,5000,6.94,1
2114,5,5000,7.88,1
2115,5,5000,6.78,1
2116,5,5000,6.88,1
2117,5,5000,8.0,1
2118,5,5000,6.68,1
2119,5,5000,6.98,1
2120,5,5000,7.3,1
2121,5,5000,7.4,1
2122,5,5000,7.16,1
2123,5,5000,5.78,1
2124,5,5000,7.4,1
2125,5,5000,7.32,1
2126,5,5000,6.96,1
2127,5,5000,7.0,1
2128,5,5000,5.64,1
2129,5,5000,5.3,1
2130,5,5000,6.26,1
2131,5,5000,7.48,1
2132,5,5000,6.1,1
2133,5,5000,5.84,1
2134,5,5000,7.28,1
2135,5,5000,6.92,1
2136,5,5000,6.94,1
2137,5,5000,6.9,1
2138,5,5000,6.56,1
2139,5,5000,6.92,1
2140,5,5000,6.16,1
2141,5,5000,8.02,1
2142,5,5000,6.4,1
2143,5,5000,6.86,1
2144,5,5000,6.82,1
2145,5,5000,7.18,1
2146,5,5000,7.7,1
2147,5,5000,7.18,1
2148,5,5000,7.64,1
2149,5,5000,7.74,1
2150,5,5000,7.22,1
2151,5,5000,7.2,1
2152,5,5000,6.66,1
2153,5,5000,7.72,1
2154,5,5000,6.74,1
2155,5,5000,6.12,1
2156,5,5000,6.34,1
2157,5,5000,8.26,1
2158,5,5000,7.08,1
2159,5,5000,6.3,1
2160,5,5000,6.96,1
2161,5,5000,6.36,1
2162,5,5000,6.4,1
2163,5,5000,7.18,1
2164,5,5000,7.06,1
2165,5,5000,6.84,1
2166,5,5000,7.64,1
2167,5,5000,6.94,1
2168,5,5000,7.1,1
2169,5,5000,7.22,1
2170,5,5000,7.3,1
2171,5,5000,8.28,1
2172,5,5000,7.6,1
2173,5,5000,6.14,1
2174,5,5000,7.6,1
2175,5,5000,7.36,1
2176,5,5000,7.14,1
2177,5,5000,7.06,1
2178,5,5000,7.6,1
2179,5,5000,6.96,1
2180,5,5000,7.18,1
2181,5,5000,8.06,1
2182,5,5000,7.86,1
2183,5,5000,6.2,1
2184,5,5000,7.1,1
2185,5,5000,6.66,1
2186,5,5000,7.18,1
2187,5,5000,5.58,1
2188,5,5000,7.2,1
2189,5,5000,7.16,1
2190,5,5000,7.08,1
2191,5,5000,6.68,1
2192,5,5000,7.52,1
2193,5,5000,7.48,1
2194,5,5000,7.58,1
2195,5,5000,7.24,1
2196,5,5000,6.2,1
2197,5,5000,6.32,1
2198,5,5000,7.1,1
2199,5,5000,7.5,1
2200,5,5000,6.82,1
2201,5,5000,6.84,1
2202,5,5000,6.88,1
2203,5,5000,6.72,1
2204,5,5000,6.7,1
2205,5,5000,7.5,1
2206,5,5000,6.72,1
2207,5,5000,6.52,1
2208,5,5000,6.18,1
2209,5,5000,7.94,1
2210,5,5000,6.8,1
2211,5,5000,7.78,1
2212,5,5000,7.16,1
2213,5,5000,7.36,1
2214,5,5000,7.44,1
2215,5,5000,6.9,1
2216,5,5000,7.12,1
2217,5,5000,7.56,1
2218,5,5000,6.92,1
2219,5,5000,7.5,1
2220,5,5000,7.06,1
2221,5,5000,6.44,1
2222,5,5000,5.98,1
2223,5,5000,7.2,1
2224,5,5000,6.82,1
2225,5,5000,6.4,1
2226,5,5000,6.44,1
2227,5,5000,7.78,1
2228,5,5000,7.68,1
2229,5,5000,7.34,1
2230,5,5000,7.48,1
2231,5,5000,6.96,1
2232,5,5000,7.22,1
2233,5,5000,7.42,1
2234,5,5000,6.8,1
2235,5,5000,6.94,1
2236,5,5000,5.56,1
2237,5,5000,6.56,1
2238,5,5000,6.22,1
2239,5,5000,7.58,1
2240,5,5000,7.1,1
2241,5,5000,6.62,1
2242,5,5000,6.58,1
2243,5,5000,7.26,1
2244,5,5000,7.98,1
2245,5,5000,7.36,1
2246,5,5000,6.98,1
2247,5,5000,6.78,1
2248,5,5000,7.48,1
2249,5,5000,7.08,1
2250,5,5000,7.5,1
2251,5,5000,5.94,1
2252,5,5000,6.84,1
2253,5,5000,6.82,1
2254,5,5000,6.6,1
2255,5,5000,6.62,1
2256,5,5000,6.18,1
2257,5,5000,6.02,1
2258,5,5000,6.32,1
2259,5,5000,6.52,1
2260,5,5000,7.28,1
2261,5,5000,7.34,1
2262,5,5000,7.24,1
2263,5,5000,7.14,1
2264,5,5000,6.96,1
2265,5,5000,6.92,1
2266,5,5000,6.24,1
2267,5,5000,7.14,1
2268,5,5000,6.48,1
2269,5,5000,7.0,1
2270,5,5000,6.8,1
2271,5,5000,6.04,1
2272,5,5000,6.32,1
2273,5,5000,7.7,1
2274,5,5000,6.96,1
2275,5,5000,7.26,1
2276,5,5000,5.82,1
2277,5,5000,6.92,1
2278,5,5000,6.2,1
2279,5,5000,6.44,1
2280,5,5000,7.44,1
2281,5,5000,7.74,1
2282,5,5000,6.42,1
2283,5,5000,7.08,1
2284,5,5000,7.64,1
2285,5,5000,6.82,1
2286,5,5000,6.94,1
2287,5,5000,7.46,1
2288,5,5000,6.6,1
2289,5,5000,6.88,1
2290,5,5000,6.82,1
2291,5,5000,7.96,1
2292,5,5000,7.48,1
2293,5,5000,7.08,1
2294,5,5000,6.5,1
2295,5,5000,6.88,1
2296,5,5000,7.0,1
2297,5,5000,6.5,1
2298,5,5000,7.52,1
2299,5,5000,7.72,1
2300,5,5000,7.54,1
2301,5,5000,6.4,1
2302,5,5000,6.48,1
2303,5,5000,7.72,1
2304,5,5000,6.72,1
2305,5,5000,7.7,1
2306,5,5000,8.08,1
2307,5,5000,7.18,1
2308,5,5000,7.76,1
2309,5,5000,6.76,1
2310,5,5000,6.76,1
2311,5,5000,8.08,1
2312,5,5000,6.9,1
2313,5,5000,6.42,1
2314,5,5000,7.24,1
2315,5,5000,7.68,1
2316,5,5000,7.84,1
2317,5,5000,8.34,1
2318,5,5000,7.22,1
2319,5,5000,7.08,1
2320,5,5000,6.72,1
2321,5,5000,6.78,1
2322,5,5000,7.04,1
2323,5,5000,6.74,1
2324,5,5000,5.88,1
2325,5,5000,7.26,1
2326,5,5000,7.6,1
2327,5,5000,7.42,1
2328,5,5000,6.56,1
2329,5,5000,7.58,1
2330,5,5000,7.12,1
2331,5,5000,6.0,1
2332,5,5000,6.24,1
2333,5,5000,6.64,1
2334,5,5000,8.0,1
2335,5,5000,7.08,1
2336,5,5000,7.02,1
2337,5,5000,6.62,1
2338,5,5000,7.2,1
2339,5,5000,7.18,1
2340,5,5000,7.08,1
2341,5,5000,7.42,1
2342,5,5000,7.36,1
2343,5,5000,8.22,1
2344,5,5000,7.82,1
2345,5,5000,7.2,1
2346,5,5000,6.66,1
2347,5,5000,7.56,1
2348,5,5000,7.1,1
2349,5,5000,7.16,1
2350,5,5000,7.5,1
2351,5,5000,7.96,1
2352,5,5000,6.0,1
2353,5,5000,5.48,1
2354,5,5000,6.98,1
2355,5,5000,6.74,1
2356,5,5000,7.38,1
2357,5,5000,6.94,1
2358,5,5000,6.66,1
2359,5,5000,6.46,1
2360,5,5000,6.72,1
2361,5,5000,7.44,1
2362,5,5000,6.94,1
2363,5,5000,6.46,1
2364,5,5000,7.1,1
2365,5,5000,7.78,1
2366,5,5000,6.42,1
2367,5,5000,7.04,1
2368,5,5000,6.98,1
2369,5,5000,7.28,1
2370,5,5000,6.88,1
2371,5,5000,5.94,1
2372,5,5000,6.7,1
2373,5,5000,6.2,1
2374,5,5000,6.26,1
2375,5,5000,6.7,1
2376,5,5000,6.48,1
2377,5,5000,6.38,1
2378,5,5000,7.22,1
2379,5,5000,7.72,1
2380,5,5000,6.78,1
2381,5,5000,7.26,1
2382,5,5000,6.3,1
2383,5,5000,6.3,1
2384,5,5000,7.02,1
2385,5,5000,7.58,1
2386,5,5000,7.66,1
2387,5,5000,6.7,1
2388,5,5000,6.66,1
2389,5,5000,6.38,1
2390,5,5000,7.22,1
2391,5,5000,6.94,1
2392,5,5000,6.76,1
2393,5,5000,6.36,1
2394,5,5000,6.1,1
2395,5,5000,7.46,1
2396,5,5000,7.42,1
2397,5,5000,6.9,1
2398,5,5000,6.04,1
2399,5,5000,6.42,1
2400,5,5000,6.1,1
2401,5,5000,6.22,1
2402,5,5000,7.02,1
2403,5,5000,7.06,1
2404,5,5000,6.28,1
2405,5,5000,6.68,1
2406,5,5000,7.7,1
2407,5,5000,7.34,1
2408,5,5000,7.06,1
2409,5,5000,7.38,1
2410,5,5000,8.72,1
2411,5,5000,6.72,1
2412,5,5000,6.34,1
2413,5,5000,6.64,1
2414,5,5000,7.1,1
2415,5,5000,5.76,1
2416,5,5000,6.42,1
2417,5,5000,6.7,1
2418,5,5000,7.04,1
2419,5,5000,6.34,1
2420,5,5000,6.9,1
2421,5,5000,6.96,1
2422,5,5000,6.48,1
2423,5,5000,7.32,1
2424,5,5000,7.16,1
2425,5,5000,6.86,1
2426,5,5000,6.92,1
2427,5,5000,7.6,1
2428,5,5000,7.08,1
2429,5,5000,6.02,1
2430,5,5000,6.64,1
2431,5,5000,7.0,1
2432,5,5000,7.3,1
2433,5,5000,7.1,1
2434,5,5000,7.46,1
2435,5,5000,7.06,1
2436,5,5000,7.08,1
2437,5,5000,7.14,1
2438,5,5000,6.62,1
2439,5,5000,7.2,1
2440,5,5000,6.28,1
2441,5,5000,7.7,1
2442,5,5000,7.1,1
2443,5,5000,8.36,1
2444,5,5000,7.48,1
2445,5,5000,8.44,1
2446,5,5000,6.68,1
2447,5,5000,6.76,1
2448,5,5000,6.3,1
2449,5,5000,7.36,1
2450,5,5000,7.8,1
2451,5,5000,7.68,1
2452,5,5000,8.0,1
2453,5,5000,7.64,1
2454,5,5000,6.56,1
2455,5,5000,6.86,1
2456,5,5000,6.18,1
2457,5,5000,6.88,1
2458,5,5000,5.6,1
2459,5,5000,6.88,1
2460,5,5000,6.86,1
2461,5,5000,6.36,1
2462,5,5000,6.58,1
2463,5,5000,6.36,1
2464,5,5000,6.96,1
2465,5,5000,6.98,1
2466,5,5000,7.22,1
2467,5,5000,7.58,1
2468,5,5000,8.68,1
2469,5,5000,6.48,1
2470,5,5000,6.24,1
2471,5,5000,6.74,1
2472,5,5000,7.56,1
2473,5,5000,6.6,1
2474,5,5000,7.06,1
2475,5,5000,6.56,1
2476,5,5000,6.86,1
2477,5,5000,6.88,1
2478,5,5000,6.3,1
2479,5,5000,6.8,1
2480,5,5000,6.5,1
2481,5,5000,6.98,1
2482,5,5000,8.32,1
2483,5,5000,7.44,1
2484,5,5000,7.76,1
2485,5,5000,7.42,1
2486,5,5000,7.44,1
2487,5,5000,6.76,1
2488,5,5000,6.48,1
2489,5,5000,5.94,1
2490,5,5000,6.48,1
2491,5,5000,6.52,1
2492,5,5000,7.5,1
2493,5,5000,7.2,1
2494,5,5000,7.5,1
2495,5,5000,6.7,1
2496,5,5000,5.8,1
2497,5,5000,6.24,1
2498,5,5000,7.8,1
2499,5,5000,6.3,1
2500,5,5000,6.68,1
2501,5,5000,7.14,1
2502,5,5000,7.9,1
2503,5,5000,6.18,1
2504,5,5000,6.9,1
2505,5,5000,7.06,1
2506,5,5000,7.1,1
2507,5,5000,6.7,1
2508,5,5000,7.26,1
2509,5,5000,7.82,1
2510,5,5000,8.28,1
2511,5,5000,6.98,1
2512,5,5000,7.44,1
2513,5,5000,7.7,1
2514,5,5000,6.74,1
2515,5,5000,7.34,1
2516,5,5000,7.4,1
2517,5,5000,7.14,1
2518,5,5000,6.92,1
2519,5,5000,6.92,1
2520,5,5000,6.8,1
2521,5,5000,8.02,1
2522,5,5000,7.4,1
2523,5,5000,7.16,1
2524,5,5000,7.76,1
2525,5,5000,7.56,1
2526,5,5000,6.94,1
2527,5,5000,6.64,1
2528,5,5000,7.04,1
2529,5,5000,6.96,1
2530,5,5000,7.96,1
2531,5,5000,6.78,1
2532,5,5000,7.3,1
2533,5,5000,6.44,1
2534,5,5000,6.78,1
2535,5,5000,7.18,1
2536,5,5000,7.12,1
2537,5,5000,6.14,1
2538,5,5000,5.46,1
2539,5,5000,7.44,1
2540,5,5000,6.5,1
2541,5,5000,5.98,1
2542,5,5000,6.78,1
2543,5,5000,7.02,1
2544,5,5000,6.48,1
2545,5,5000,7.16,1
2546,5,5000,7.96,1
2547,5,5000,7.22,1
2548,5,5000,8.1,1
2549,5,5000,7.64,1
2550,5,5000,8.06,1
2551,5,5000,6.92,1
2552,5,5000,6.96,1
2553,5,5000,6.98,1
2554,5,5000,6.86,1
2555,5,5000,7.34,1
2556,5,5000,6.7,1
2557,5,5000,6.22,1
2558,5,5000,6.32,1
2559,5,5000,6.34,1
2560,5,5000,6.24,1
2561,5,5000,6.86,1
2562,5,5000,6.98,1
2563,5,5000,7.78,1
2564,5,5000,7.7,1
2565,5,5000,6.74,1
2566,5,5000,7.5,1
2567,5,5000,6.42,1
2568,5,5000,7.7,1
2569,5,5000,7.26,1
2570,5,5000,6.86,1
2571,5,5000,7.54,1
2572,5,5000,6.92,1
2573,5,5000,7.22,1
2574,5,5000,7.2,1
2575,5,5000,6.82,1
2576,5,5000,7.62,1
2577,5,5000,6.78,1
2578,5,5000,7.06,1
2579,5,5000,6.44,1
2580,5,5000,6.98,1
2581,5,5000,6.6,1
2582,5,5000,8.16,1
2583,5,5000,8.18,1
2584,5,5000,6.32,1
2585,5,5000,6.76,1
2586,5,5000,7.08,1
2587,5,5000,6.96,1
2588,5,5000,7.34,1
2589,5,5000,7.32,1
2590,5,5000,7.64,1
2591,5,5000,7.06,1
2592,5,5000,6.5,1
2593,5,5000,7.18,1
2594,5,5000,6.66,1
2595,5,5000,6.72,1
2596,5,5000,6.86,1
2597,5,5000,7.48,1
2598,5,5000,7.86,1
2599,5,5000,7.4,1
2600,5,5000,7.0,1
2601,5,5000,7.48,1
2602,5,5000,6.58,1
2603,5,5000,6.52,1
2604,5,5000,7.58,1
2605,5,5000,7.0,1
2606,5,5000,6.24,1
2607,5,5000,7.58,1
2608,5,5000,6.74,1
2609,5,5000,7.08,1
2610,5,5000,7.48,1
2611,5,5000,7.08,1
2612,5,5000,7.3,1
2613,5,5000,8.28,1
2614,5,5000,6.68,1
2615,5,5000,6.68,1
2616,5,5000,7.14,1
2617,5,5000,6.76,1
2618,5,5000,7.0,1
2619,5,5000,7.0,1
2620,5,5000,7.78,1
2621,5,5000,6.36,1
2622,5,5000,6.7,1
2623,5,5000,6.5,1
2624,5,5000,7.04,1
2625,5,5000,7.64,1
2626,5,5000,6.92,1
2627,5,5000,7.06,1
2628,5,5000,7.5,1
2629,5,5000,6.98,1
2630,5,5000,6.32,1
2631,5,5000,6.96,1
2632,5,5000,7.94,1
2633,5,5000,8.1,1
2634,5,5000,7.54,1
2635,5,5000,6.36,1
2636,5,5000,7.3,1
2637,5,5000,6.9,1
2638,5,5000,7.02,1
2639,5,5000,6.04,1
2640,5,5000,6.38,1
2641,5,5000,6.32,1
2642,5,5000,5.94,1
2643,5,5000,6.56,1
2644,5,5000,7.92,1
2645,5,5000,7.84,1
2646,5,5000,7.86,1
2647,5,5000,7.16,1
2648,5,5000,8.12,1
2649,5,5000,6.66,1
2650,5,5000,7.68,1
2651,5,5000,7.9,1
2652,5,5000,7.96,1
2653,5,5000,8.38,1
2654,5,5000,7.76,1
2655,5,5000,7.46,1
2656,5,5000,7.26,1
2657,5,5000,6.76,1
2658,5,5000,6.8,1
2659,5,5000,6.42,1
2660,5,5000,7.94,1
2661,5,5000,7.56,1
2662,5,5000,7.18,1
2663,5,5000,7.3,1
2664,5,5000,7.36,1
2665,5,5000,7.02,1
2666,5,5000,6.08,1
2667,5,5000,5.62,1
2668,5,5000,6.34,1
2669,5,5000,6.98,1
2670,5,5000,7.92,1
2671,5,5000,8.1,1
2672,5,5000,8.34,1
2673,5,5000,7.06,1
2674,5,5000,7.96,1
2675,5,5000,7.56,1
2676,5,5000,7.32,1
2677,5,5000,6.92,1
2678,5,5000,7.0,1
2679,5,5000,6.42,1
2680,5,5000,6.84,1
2681,5,5000,6.98,1
2682,5,5000,6.0,1
2683,5,5000,7.24,1
2684,5,5000,7.52,1
2685,5,5000,6.7,1
2686,5,5000,6.82,1
2687,5,5000,7.26,1
2688,5,5000,7.52,1
2689,5,5000,7.16,1
2690,5,5000,7.18,1
2691,5,5000,6.98,1
2692,5,5000,7.76,1
2693,5,5000,7.62,1
2694,5,5000,8.54,1
2695,5,5000,6.94,1
2696,5,5000,7.38,1
2697,5,5000,6.56,1
2698,5,5000,6.68,1
2699,5,5000,6.98,1
2700,5,5000,6.28,1
2701,5,5000,6.48,1
2702,5,5000,7.36,1
2703,5,5000,6.98,1
2704,5,5000,7.36,1
2705,5,5000,7.44,1
2706,5,5000,7.56,1
2707,5,5000,7.58,1
2708,5,5000,6.52,1
2709,5,5000,6.96,1
2710,5,5000,6.24,1
2711,5,5000,7.04,1
2712,5,5000,6.1,1
2713,5,5000,7.16,1
2714,5,5000,7.62,1
2715,5,5000,7.48,1
2716,5,5000,6.82,1
2717,5,5000,6.36,1
2718,5,5000,7.74,1
2719,5,5000,7.42,1
2720,5,5000,7.3,1
2721,5,5000,7.3,1
2722,5,5000,7.26,1
2723,5,5000,7.12,1
2724,5,5000,6.82,1
2725,5,5000,6.54,1
2726,5,5000,7.04,1
2727,5,5000,6.9,1
2728,5,5000,7.2,1
2729,5,5000,7.6,1
2730,5,5000,7.6,1
2731,5,5000,6.68,1
2732,5,5000,8.0,1
2733,5,5000,8.4,1
2734,5,5000,6.44,1
2735,5,5000,6.74,1
2736,5,5000,6.74,1
2737,5,5000,7.3,1
2738,5,5000,7.7,1
2739,5,5000,6.6,1
2740,5,5000,8.0,1
2741,5,5000,6.78,1
2742,5,5000,7.26,1
2743,5,5000,8.68,1
2744,5,5000,8.16,1
2745,5,5000,7.32,1
2746,5,5000,7.56,1
2747,5,5000,7.24,1
2748,5,5000,7.34,1
2749,5,5000,7.08,1
2750,5,5000,7.48,1
2751,5,5000,6.4,1
2752,5,5000,8.02,1
2753,5,5000,7.46,1
2754,5,5000,7.24,1
2755,5,5000,7.46,1
2756,5,5000,7.72,1
2757,5,5000,7.24,1
2758,5,5000,6.9,1
2759,5,5000,7.06,1
2760,5,5000,6.3,1
2761,5,5000,7.84,1
2762,5,5000,7.54,1
2763,5,5000,7.36,1
2764,5,5000,6.94,1
2765,5,5000,7.22,1
2766,5,5000,6.36,1
2767,5,5000,6.54,1
2768,5,5000,6.84,1
2769,5,5000,6.22,1
2770,5,5000,6.54,1
2771,5,5000,6.9,1
2772,5,5000,6.46,1
2773,5,5000,6.68,1
2774,5,5000,7.16,1
2775,5,5000,8.12,1
2776,5,5000,7.3,1
2777,5,5000,6.34,1
2778,5,5000,7.4,1
2779,5,5000,7.44,1
2780,5,5000,7.42,1
2781,5,5000,6.96,1
2782,5,5000,7.04,1
2783,5,5000,6.82,1
2784,5,5000,6.66,1
2785,5,5000,7.16,1
2786,5,5000,7.48,1
2787,5,5000,8.2,1
2788,5,5000,6.94,1
2789,5,5000,6.9,1
2790,5,5000,6.92,1
2791,5,5000,7.02,1
2792,5,5000,6.88,1
2793,5,5000,7.8,1
2794,5,5000,8.06,1
2795,5,5000,6.08,1
2796,5,5000,7.14,1
2797,5,5000,6.36,1
2798,5,5000,7.98,1
2799,5,5000,6.68,1
2800,5,5000,7.32,1
2801,5,5000,6.16,1
2802,5,5000,7.0,1
2803,5,5000,7.68,1
2804,5,5000,7.26,1
2805,5,5000,6.08,1
2806,5,5000,7.36,1
2807,5,5000,7.16,1
2808,5,5000,6.04,1
2809,5,5000,7.96,1
2810,5,5000,7.22,1
2811,5,5000,6.54,1
2812,5,5000,7.22,1
2813,5,5000,5.96,1
2814,5,5000,7.22,1
2815,5,5000,7.64,1
2816,5,5000,7.06,1
2817,5,5000,7.9,1
2818,5,5000,7.36,1
2819,5,5000,8.24,1
2820,5,5000,6.64,1
2821,5,5000,7.62,1
2822,5,5000,7.34,1
2823,5,5000,7.14,1
2824,5,5000,7.24,1
2825,5,5000,7.6,1
2826,5,5000,7.06,1
2827,5,5000,7.64,1
2828,5,5000,6.58,1
2829,5,5000,7.58,1
2830,5,5000,6.62,1
2831,5,5000,5.82,1
2832,5,5000,6.96,1
2833,5,5000,7.56,1
2834,5,5000,7.26,1
2835,5,5000,6.58,1
2836,5,5000,7.18,1
2837,5,5000,6.42,1
2838,5,5000,7.26,1
2839,5,5000,7.72,1
2840,5,5000,7.66,1
2841,5,5000,7.58,1
2842,5,5000,7.56,1
2843,5,5000,6.78,1
2844,5,5000,7.16,1
2845,5,5000,7.18,1
2846,5,5000,7.7,1
2847,5,5000,6.68,1
2848,5,5000,7.16,1
2849,5,5000,6.52,1
2850,5,5000,6.5,1
2851,5,5000,6.76,1
2852,5,5000,6.98,1
2853,5,5000,6.98,1
2854,5,5000,7.18,1
2855,5,5000,7.5,1
2856,5,5000,6.38,1
2857,5,5000,7.0,1
2858,5,5000,7.64,1
2859,5,5000,8.04,1
2860,5,5000,7.94,1
2861,5,5000,6.9,1
2862,5,5000,7.64,1
2863,5,5000,7.26,1
2864,5,5000,6.94,1
2865,5,5000,6.56,1
2866,5,5000,7.12,1
2867,5,5000,7.32,1
2868,5,5000,7.64,1
2869,5,5000,7.0,1
2870,5,5000,7.44,1
2871,5,5000,7.78,1
2872,5,5000,7.24,1
2873,5,5000,7.16,1
2874,5,5000,7.7,1
2875,5,5000,7.46,1
2876,5,5000,7.44,1
2877,5,5000,6.68,1
2878,5,5000,6.94,1
2879,5,5000,6.94,1
2880,5,5000,7.34,1
2881,5,5000,6.64,1
2882,5,5000,6.78,1
2883,5,5000,6.94,1
2884,5,5000,7.92,1
2885,5,5000,7.44,1
2886,5,5000,6.52,1
2887,5,5000,6.78,1
2888,5,5000,7.14,1
2889,5,5000,7.48,1
2890,5,5000,7.06,1
2891,5,5000,7.54,1
2892,5,5000,7.36,1
2893,5,5000,7.08,1
2894,5,5000,6.8,1
2895,5,5000,7.66,1
2896,5,5000,7.24,1
2897,5,5000,7.6,1
2898,5,5000,7.7,1
2899,5,5000,8.04,1
2900,5,5000,7.26,1
2901,5,5000,6.46,1
2902,5,5000,7.64,1
2903,5,5000,7.3,1
2904,5,5000,5.94,1
2905,5,5000,6.8,1
2906,5,5000,6.46,1
2907,5,5000,7.26,1
2908,5,5000,6.78,1
2909,5,5000,6.66,1
2910,5,5000,6.92,1
2911,5,5000,7.06,1
2912,5,5000,6.68,1
2913,5,5000,6.72,1
2914,5,5000,7.44,1
2915,5,5000,8.52,1
2916,5,5000,7.16,1
2917,5,5000,8.08,1
2918,5,5000,7.88,1
2919,5,5000,7.42,1
2920,5,5000,7.32,1
2921,5,5000,7.3,1
2922,5,5000,7.66,1
2923,5,5000,7.58,1
2924,5,5000,6.84,1
2925,5,5000,7.48,1
2926,5,5000,6.94,1
2927,5,5000,6.92,1
2928,5,5000,6.88,1
2929,5,5000,6.86,1
2930,5,5000,7.5,1
2931,5,5000,8.2,1
2932,5,5000,7.48,1
2933,5,5000,5.84,1
2934,5,5000,7.84,1
2935,5,5000,5.96,1
2936,5,5000,7.64,1
2937,5,5000,6.88,1
2938,5,5000,8.38,1
2939,5,5000,7.72,1
2940,5,5000,6.9,1
2941,5,5000,7.68,1
2942,5,5000,7.74,1
2943,5,5000,7.8,1
2944,5,5000,7.06,1
2945,5,5000,6.32,1
2946,5,5000,6.42,1
2947,5,5000,6.6,1
2948,5,5000,6.56,1
2949,5,5000,5.92,1
2950,5,5000,7.58,1
2951,5,5000,6.24,1
2952,5,5000,7.18,1
2953,5,5000,6.64,1
2954,5,5000,7.68,1
2955,5,5000,7.12,1
2956,5,5000,7.56,1
2957,5,5000,6.96,1
2958,5,5000,7.02,1
2959,5,5000,7.02,1
2960,5,5000,6.86,1
2961,5,5000,6.94,1
2962,5,5000,6.78,1
2963,5,5000,6.4,1
2964,5,5000,7.32,1
2965,5,5000,7.48,1
2966,5,5000,7.96,1
2967,5,5000,7.62,1
2968,5,5000,6.68,1
2969,5,5000,6.9,1
2970,5,5000,7.22,1
2971,5,5000,7.3,1
2972,5,5000,7.88,1
2973,5,5000,6.08,1
2974,5,5000,7.0,1
2975,5,5000,7.22,1
2976,5,5000,7.42,1
2977,5,5000,6.38,1
2978,5,5000,6.32,1
2979,5,5000,7.28,1
2980,5,5000,7.52,1
2981,5,5000,7.3,1
2982,5,5000,6.66,1
2983,5,5000,6.22,1
2984,5,5000,7.56,1
2985,5,5000,7.2,1
2986,5,5000,7.74,1
2987,5,5000,7.5,1
2988,5,5000,6.88,1
2989,5,5000,6.64,1
2990,5,5000,7.12,1
2991,5,5000,7.28,1
2992,5,5000,6.4,1
2993,5,5000,6.08,1
2994,5,5000,6.76,1
2995,5,5000,6.86,1
2996,5,5000,6.26,1
2997,5,5000,6.7,1
2998,5,5000,7.26,1
2999,5,5000,6.8,1
3000,5,5000,6.4,1
3001,5,5000,6.76,1
3002,5,5000,7.62,1
3003,5,5000,6.7,1
3004,5,5000,7.04,1
3005,5,5000,6.7,1
3006,5,5000,7.6,1
3007,5,5000,7.78,1
3008,5,5000,6.9,1
3009,5,5000,7.54,1
3010,5,5000,7.58,1
3011,5,5000,7.28,1
3012,5,5000,7.6,1
3013,5,5000,6.92,1
3014,5,5000,6.9,1
3015,5,5000,6.6,1
3016,5,5000,7.84,1
3017,5,5000,6.56,1
3018,5,5000,7.68,1
3019,5,5000,7.28,1
3020,5,5000,7.24,1
3021,5,5000,6.64,1
3022,5,5000,6.7,1
3023,5,5000,7.22,1
3024,5,5000,8.28,1
3025,5,5000,7.74,1
3026,5,5000,7.02,1
3027,5,5000,7.74,1
3028,5,5000,6.52,1
3029,5,5000,6.74,1
3030,5,5000,7.04,1
3031,5,5000,6.48,1
3032,5,5000,6.62,1
3033,5,5000,7.84,1
3034,5,5000,6.22,1
3035,5,5000,6.26,1
3036,5,5000,6.82,1
3037,5,5000,7.54,1
3038,5,5000,6.54,1
3039,5,5000,7.5,1
3040,5,5000,7.14,1
3041,5,5000,7.18,1
3042,5,5000,8.4,1
3043,5,5000,6.18,1
3044,5,5000,6.42,1
3045,5,5000,7.22,1
3046,5,5000,6.32,1
3047,5,5000,6.8,1
3048,5,5000,7.16,1
3049,5,5000,6.54,1
3050,5,5000,6.16,1
3051,5,5000,6.22,1
3052,5,5000,6.84,1
3053,5,5000,7.56,1
3054,5,5000,7.4,1
3055,5,5000,6.62,1
3056,5,5000,6.78,1
3057,5,5000,5.66,1
3058,5,5000,7.26,1
3059,5,5000,7.2,1
3060,5,5000,7.32,1
3061,5,5000,8.26,1
3062,5,5000,7.36,1
3063,5,5000,6.92,1
3064,5,5000,7.04,1
3065,5,5000,6.96,1
3066,5,5000,6.66,1
3067,5,5000,7.6,1
3068,5,5000,7.4,1
3069,5,5000,6.74,1
3070,5,5000,6.36,1
3071,5,5000,6.76,1
3072,5,5000,6.3,1
3073,5,5000,7.18,1
3074,5,5000,7.56,1
3075,5,5000,7.7,1
3076,5,5000,8.1,1
3077,5,5000,7.88,1
3078,5,5000,8.16,1
3079,5,5000,6.36,1
3080,5,5000,6.26,1
3081,5,5000,7.08,1
3082,5,5000,7.08,1
3083,5,5000,7.92,1
3084,5,5000,6.36,1
3085,5,5000,6.78,1
3086,5,5000,7.58,1
3087,5,5000,7.12,1
3088,5,5000,6.72,1
3089,5,5000,7.52,1
3090,5,5000,6.76,1
3091,5,5000,6.94,1
3092,5,5000,7.46,1
3093,5,5000,6.98,1
3094,5,5000,6.78,1
3095,5,5000,7.64,1
3096,5,5000,6.68,1
3097,5,5000,6.52,1
3098,5,5000,6.66,1
3099,5,5000,6.94,1
3100,5,5000,8.18,1
3101,5,5000,6.92,1
3102,5,5000,7.36,1
3103,5,5000,8.1,1
3104,5,5000,6.92,1
3105,5,5000,7.3,1
3106,5,5000,5.98,1
3107,5,5000,7.38,1
3108,5,5000,8.0,1
3109,5,5000,7.82,1
3110,5,5000,6.66,1
3111,5,5000,7.06,1
3112,5,5000,7.06,1
3113,5,5000,6.92,1
3114,5,5000,7.32,1
3115,5,5000,7.6,1
3116,5,5000,7.68,1
3117,5,5000,6.22,1
3118,5,5000,6.92,1
3119,5,5000,7.58,1
3120,5,5000,7.86,1
3121,5,5000,7.5,1
3122,5,5000,6.6,1
3123,5,5000,6.68,1
3124,5,5000,6.98,1
3125,5,5000,6.2,1
3126,5,5000,7.3,1
3127,5,5000,6.98,1
3128,5,5000,6.02,1
3129,5,5000,6.36,1
3130,5,5000,6.54,1
3131,5,5000,6.28,1
3132,5,5000,7.3,1
3133,5,5000,5.94,1
3134,5,5000,6.24,1
3135,5,5000,6.44,1
3136,5,5000,7.6,1
3137,5,5000,7.96,1
3138,5,5000,7.04,1
3139,5,5000,6.5,1
3140,5,5000,6.62,1
3141,5,5000,7.42,1
3142,5,5000,7.46,1
3143,5,5000,8.52,1
3144,5,5000,7.58,1
3145,5,5000,7.14,1
3146,5,5000,6.36,1
3147,5,5000,5.72,1
3148,5,5000,8.02,1
3149,5,5000,6.74,1
3150,5,5000,6.74,1
3151,5,5000,7.6,1
3152,5,5000,7.16,1
3153,5,5000,7.78,1
3154,5,5000,7.34,1
3155,5,5000,7.68,1
3156,5,5000,7.92,1
3157,5,5000,6.46,1
3158,5,5000,7.46,1
3159,5,5000,7.14,1
3160,5,5000,7.98,1
3161,5,5000,7.6,1
3162,5,5000,7.96,1
3163,5,5000,6.94,1
3164,5,5000,7.14,1
3165,5,5000,7.92,1
3166,5,5000,7.86,1
3167,5,5000,7.5,1
3168,5,5000,6.34,1
3169,5,5000,6.94,1
3170,5,5000,7.12,1
3171,5,5000,6.54,1
3172,5,5000,6.92,1
3173,5,5000,7.28,1
3174,5,5000,6.5,1
3175,5,5000,6.56,1
3176,5,5000,6.36,1
3177,5,5000,6.58,1
3178,5,5000,7.28,1
3179,5,5000,6.26,1
3180,5,5000,6.8,1
3181,5,5000,6.78,1
3182,5,5000,6.24,1
3183,5,5000,6.86,1
3184,5,5000,7.24,1
3185,5,5000,6.9,1
3186,5,5000,6.56,1
3187,5,5000,7.32,1
3188,5,5000,6.78,1
3189,5,5000,5.74,1
3190,5,5000,7.54,1
3191,5,5000,6.54,1
3192,5,5000,6.96,1
3193,5,5000,6.88,1
3194,5,5000,6.76,1
3195,5,5000,7.24,1
3196,5,5000,7.04,1
3197,5,5000,7.4,1
3198,5,5000,7.4,1
3199,5,5000,7.76,1
3200,5,5000,6.88,1
3201,5,5000,7.26,1
3202,5,5000,7.08,1
3203,5,5000,8.6,1
3204,5,5000,7.48,1
3205,5,5000,7.12,1
3206,5,5000,7.36,1
3207,5,5000,8.12,1
3208,5,5000,6.6,1
3209,5,5000,7.82,1
3210,5,5000,7.12,1
3211,5,5000,8.26,1
3212,5,5000,6.76,1
3213,5,5000,7.64,1
3214,5,5000,6.76,1
3215,5,5000,7.94,1
3216,5,5000,7.52,1
3217,5,5000,7.92,1
3218,5,5000,6.26,1
3219,5,5000,6.2,1
3220,5,5000,6.84,1
3221,5,5000,6.74,1
3222,5,5000,7.2,1
3223,5,5000,7.06,1
3224,5,5000,7.0,1
3225,5,5000,6.6,1
3226,5,5000,6.9,1
3227,5,5000,6.3,1
3228,5,5000,7.7,1
3229,5,5000,7.36,1
3230,5,5000,7.16,1
3231,5,5000,6.06,1
3232,5,5000,6.58,1
3233,5,5000,6.46,1
3234,5,5000,6.58,1
3235,5,5000,6.56,1
3236,5,5000,6.76,1
3237,5,5000,7.06,1
3238,5,5000,6.36,1
3239,5,5000,7.18,1
3240,5,5000,6.64,1
3241,5,5000,5.74,1
3242,5,5000,6.22,1
3243,5,5000,6.98,1
3244,5,5000,7.12,1
3245,5,5000,7.72,1
3246,5,5000,8.84,1
3247,5,5000,8.16,1
3248,5,5000,7.3,1
3249,5,5000,7.2,1
3250,5,5000,7.38,1
3251,5,5000,7.56,1
3252,5,5000,8.2,1
3253,5,5000,7.36,1
3254,5,5000,6.86,1
3255,5,5000,6.8,1
3256,5,5000,6.22,1
3257,5,5000,6.7,1
3258,5,5000,6.64,1
3259,5,5000,6.58,1
3260,5,5000,8.2,1
3261,5,5000,7.18,1
3262,5,5000,7.16,1
3263,5,5000,7.42,1
3264,5,5000,8.48,1
3265,5,5000,6.26,1
3266,5,5000,7.0,1
3267,5,5000,6.88,1
3268,5,5000,6.22,1
3269,5,5000,7.18,1
3270,5,5000,7.14,1
3271,5,5000,7.48,1
3272,5,5000,6.72,1
3273,5,5000,7.16,1
3274,5,5000,7.04,1
3275,5,5000,6.78,1
3276,5,5000,7.26,1
3277,5,5000,6.36,1
3278,5,5000,7.16,1
3279,5,5000,6.88,1
3280,5,5000,6.02,1
3281,5,5000,6.92,1
3282,5,5000,6.66,1
3283,5,5000,6.38,1
3284,5,5000,7.38,1
3285,5,5000,8.54,1
3286,5,5000,7.14,1
3287,5,5000,7.06,1
3288,5,5000,6.68,1
3289,5,5000,6.68,1
3290,5,5000,6.9,1
3291,5,5000,7.46,1
3292,5,5000,7.44,1
3293,5,5000,8.58,1
3294,5,5000,8.16,1
3295,5,5000,7.76,1
3296,5,5000,7.12,1
3297,5,5000,7.0,1
3298,5,5000,7.62,1
3299,5,5000,6.92,1
3300,5,5000,6.82,1
3301,5,5000,6.64,1
3302,5,5000,6.56,1
3303,5,5000,6.42,1
3304,5,5000,7.08,1
3305,5,5000,7.36,1
3306,5,5000,6.48,1
3307,5,5000,7.3,1
3308,5,5000,7.06,1
3309,5,5000,7.24,1
3310,5,5000,7.32,1
3311,5,5000,7.0,1
3312,5,5000,6.2,1
3313,5,5000,7.2,1
3314,5,5000,7.58,1
3315,5,5000,7.26,1
3316,5,5000,6.8,1
3317,5,5000,6.5,1
3318,5,5000,6.68,1
3319,5,5000,6.96,1
3320,5,5000,7.14,1
3321,5,5000,6.68,1
3322,5,5000,6.44,1
3323,5,5000,6.88,1
3324,5,5000,8.24,1
3325,5,5000,7.58,1
3326,5,5000,7.88,1
3327,5,5000,7.42,1
3328,5,5000,7.58,1
3329,5,5000,6.5,1
3330,5,5000,6.46,1
3331,5,5000,6.7,1
3332,5,5000,7.72,1
3333,5,5000,7.1,1
3334,5,5000,7.74,1
3335,5,5000,7.22,1
3336,5,5000,8.22,1
3337,5,5000,6.6,1
3338,5,5000,7.74,1
3339,5,5000,7.8,1
3340,5,5000,7.08,1
3341,5,5000,6.72,1
3342,5,5000,6.96,1
3343,5,5000,7.2,1
3344,5,5000,6.9,1
3345,5,5000,6.92,1
3346,5,5000,7.36,1
3347,5,5000,6.68,1
3348,5,5000,7.96,1
3349,5,5000,7.0,1
3350,5,5000,7.06,1
3351,5,5000,6.76,1
3352,5,5000,7.08,1
3353,5,5000,7.44,1
3354,5,5000,7.34,1
3355,5,5000,6.32,1
3356,5,5000,6.88,1
3357,5,5000,5.62,1
3358,5,5000,6.72,1
3359,5,5000,6.44,1
3360,5,5000,7.04,1
3361,5,5000,8.3,1
3362,5,5000,7.94,1
3363,5,5000,7.76,1
3364,5,5000,6.74,1
3365,5,5000,6.66,1
3366,5,5000,6.96,1
3367,5,5000,7.44,1
3368,5,5000,7.4,1
3369,5,5000,7.62,1
3370,5,5000,6.7,1
3371,5,5000,6.9,1
3372,5,5000,5.94,1
3373,5,5000,6.08,1
3374,5,5000,7.12,1
3375,5,5000,7.38,1
3376,5,5000,6.82,1
3377,5,5000,7.02,1
3378,5,5000,6.54,1
3379,5,5000,6.96,1
3380,5,5000,7.58,1
3381,5,5000,7.52,1
3382,5,5000,6.82,1
3383,5,5000,7.48,1
3384,5,5000,7.96,1
3385,5,5000,7.42,1
3386,5,5000,7.56,1
3387,5,5000,8.56,1
3388,5,5000,7.32,1
3389,5,5000,7.18,1
3390,5,5000,7.46,1
3391,5,5000,8.08,1
3392,5,5000,7.52,1
3393,5,5000,6.96,1
3394,5,5000,6.28,1
3395,5,5000,7.5,1
3396,5,5000,8.02,1
3397,5,5000,7.48,1
3398,5,5000,6.8,1
3399,5,5000,6.48,1
3400,5,5000,7.08,1
3401,5,5000,6.0,1
3402,5,5000,6.5,1
3403,5,5000,7.0,1
3404,5,5000,7.1,1
3405,5,5000,6.94,1
3406,5,5000,7.1,1
3407,5,5000,6.8,1
3408,5,5000,6.84,1
3409,5,5000,7.78,1
3410,5,5000,5.52,1
3411,5,5000,6.62,1
3412,5,5000,7.6,1
3413,5,5000,7.78,1
3414,5,5000,7.74,1
3415,5,5000,7.18,1
3416,5,5000,7.22,1
3417,5,5000,6.62,1
3418,5,5000,7.28,1
3419,5,5000,6.12,1
3420,5,5000,7.02,1
3421,5,5000,6.34,1
3422,5,5000,6.92,1
3423,5,5000,7.06,1
3424,5,5000,7.6,1
3425,5,5000,7.42,1
3426,5,5000,7.24,1
3427,5,5000,7.82,1
3428,5,5000,7.14,1
3429,5,5000,7.4,1
3430,5,5000,6.04,1
3431,5,5000,6.94,1
3432,5,5000,7.4,1
3433,5,5000,6.0,1
3434,5,5000,6.46,1
3435,5,5000,7.04,1
3436,5,5000,7.9,1
3437,5,5000,7.78,1
3438,5,5000,7.56,1
3439,5,5000,7.72,1
3440,5,5000,6.74,1
3441,5,5000,6.74,1
3442,5,5000,7.32,1
3443,5,5000,7.06,1
3444,5,5000,7.74,1
3445,5,5000,7.44,1
3446,5,5000,7.66,1
3447,5,5000,6.54,1
3448,5,5000,7.08,1
3449,5,5000,7.9,1
3450,5,5000,7.0,1
3451,5,5000,7.36,1
3452,5,5000,7.66,1
3453,5,5000,7.08,1
3454,5,5000,8.4,1
3455,5,5000,7.4,1
3456,5,5000,7.26,1
3457,5,5000,7.28,1
3458,5,5000,7.0,1
3459,5,5000,6.34,1
3460,5,5000,6.74,1
3461,5,5000,6.72,1
3462,5,5000,6.08,1
3463,5,5000,5.76,1
3464,5,5000,6.26,1
3465,5,5000,6.84,1
3466,5,5000,6.86,1
3467,5,5000,6.32,1
3468,5,5000,7.46,1
3469,5,5000,6.26,1
3470,5,5000,6.86,1
3471,5,5000,6.84,1
3472,5,5000,6.4,1
3473,5,5000,7.98,1
3474,5,5000,6.78,1
3475,5,5000,7.14,1
3476,5,5000,7.2,1
3477,5,5000,7.1,1
3478,5,5000,7.92,1
3479,5,5000,7.94,1
3480,5,5000,6.38,1
3481,5,5000,7.42,1
3482,5,5000,6.66,1
3483,5,5000,6.74,1
3484,5,5000,7.14,1
3485,5,5000,7.66,1
3486,5,5000,6.8,1
3487,5,5000,7.7,1
3488,5,5000,7.44,1
3489,5,5000,6.72,1
3490,5,5000,7.16,1
3491,5,5000,7.06,1
3492,5,5000,7.38,1
3493,5,5000,7.08,1
3494,5,5000,7.26,1
3495,5,5000,7.66,1
3496,5,5000,6.66,1
3497,5,5000,6.96,1
3498,5,5000,7.74,1
3499,5,5000,7.04,1
3500,5,5000,6.16,1
3501,5,5000,6.78,1
3502,5,5000,6.54,1
3503,5,5000,7.88,1
3504,5,5000,7.06,1
3505,5,5000,7.68,1
3506,5,5000,6.76,1
3507,5,5000,6.64,1
3508,5,5000,6.68,1
3509,5,5000,6.82,1
3510,5,5000,6.88,1
3511,5,5000,6.46,1
3512,5,5000,6.28,1
3513,5,5000,6.44,1
3514,5,5000,5.94,1
3515,5,5000,7.34,1
3516,5,5000,7.3,1
3517,5,5000,7.96,1
3518,5,5000,6.94,1
3519,5,5000,7.62,1
3520,5,5000,9.0,1
3521,5,5000,7.42,1
3522,5,5000,6.62,1
3523,5,5000,7.18,1
3524,5,5000,7.38,1
3525,5,5000,7.02,1
3526,5,5000,7.1,1
3527,5,5000,6.82,1
3528,5,5000,6.56,1
3529,5,5000,6.54,1
3530,5,5000,7.44,1
3531,5,5000,6.56,1
3532,5,5000,7.18,1
3533,5,5000,7.06,1
3534,5,5000,7.12,1
3535,5,5000,6.88,1
3536,5,5000,7.36,1
3537,5,5000,7.68,1
3538,5,5000,6.64,1
3539,5,5000,6.86,1
3540,5,5000,7.18,1
3541,5,5000,7.96,1
3542,5,5000,7.14,1
3543,5,5000,7.48,1
3544,5,5000,7.82,1
3545,5,5000,8.52,1
3546,5,5000,8.0,1
3547,5,5000,7.04,1
3548,5,5000,6.94,1
3549,5,5000,6.96,1
3550,5,5000,7.98,1
3551,5,5000,7.98,1
3552,5,5000,7.54,1
3553,5,5000,7.14,1
3554,5,5000,7.44,1
3555,5,5000,7.2,1
3556,5,5000,6.72,1
3557,5,5000,6.7,1
3558,5,5000,6.54,1
3559,5,5000,7.92,1
3560,5,5000,6.9,1
3561,5,5000,7.42,1
3562,5,5000,7.16,1
3563,5,5000,7.52,1
3564,5,5000,8.26,1
3565,5,5000,7.42,1
3566,5,5000,6.34,1
3567,5,5000,7.72,1
3568,5,5000,7.5,1
3569,5,5000,6.58,1
3570,5,5000,7.08,1
3571,5,5000,6.88,1
3572,5,5000,7.98,1
3573,5,5000,7.86,1
3574,5,5000,7.22,1
3575,5,5000,7.58,1
3576,5,5000,6.52,1
3577,5,5000,7.12,1
3578,5,5000,6.78,1
3579,5,5000,6.78,1
3580,5,5000,7.68,1
3581,5,5000,8.58,1
3582,5,5000,7.26,1
3583,5,5000,7.34,1
3584,5,5000,8.18,1
3585,5,5000,7.92,1
3586,5,5000,7.32,1
3587,5,5000,6.86,1
3588,5,5000,7.82,1
3589,5,5000,6.28,1
3590,5,5000,6.58,1
3591,5,5000,6.7,1
3592,5,5000,8.18,1
3593,5,5000,8.34,1
3594,5,5000,7.68,1
3595,5,5000,7.82,1
3596,5,5000,6.64,1
3597,5,5000,7.7,1
3598,5,5000,7.2,1
3599,5,5000,6.74,1
3600,5,5000,7.46,1
3601,5,5000,7.74,1
3602,5,5000,6.76,1
3603,5,5000,7.18,1
3604,5,5000,8.1,1
3605,5,5000,6.86,1
3606,5,5000,7.84,1
3607,5,5000,6.14,1
3608,5,5000,6.96,1
3609,5,5000,6.02,1
3610,5,5000,6.5,1
3611,5,5000,7.66,1
3612,5,5000,7.48,1
3613,5,5000,7.68,1
3614,5,5000,7.64,1
3615,5,5000,7.12,1
3616,5,5000,6.66,1
3617,5,5000,7.2,1
3618,5,5000,7.2,1
3619,5,5000,6.84,1
3620,5,5000,7.78,1
3621,5,5000,7.2,1
3622,5,5000,6.48,1
3623,5,5000,7.26,1
3624,5,5000,6.66,1
3625,5,5000,6.12,1
3626,5,5000,7.38,1
3627,5,5000,7.42,1
3628,5,5000,7.46,1
3629,5,5000,7.06,1
3630,5,5000,6.58,1
3631,5,5000,7.4,1
3632,5,5000,7.34,1
3633,5,5000,8.4,1
3634,5,5000,8.06,1
3635,5,5000,7.12,1
3636,5,5000,6.56,1
3637,5,5000,6.8,1
3638,5,5000,7.5,1
3639,5,5000,6.36,1
3640,5,5000,6.98,1
3641,5,5000,6.96,1
3642,5,5000,6.78,1
3643,5,5000,7.58,1
3644,5,5000,7.38,1
3645,5,5000,6.4,1
3646,5,5000,6.52,1
3647,5,5000,7.0,1
3648,5,5000,6.3,1
3649,5,5000,5.88,1
3650,5,5000,6.44,1
3651,5,5000,6.86,1
3652,5,5000,7.24,1
3653,5,5000,8.12,1
3654,5,5000,6.9,1
3655,5,5000,6.42,1
3656,5,5000,6.4,1
3657,5,5000,6.84,1
3658,5,5000,6.56,1
3659,5,5000,7.22,1
3660,5,5000,6.9,1
3661,5,5000,7.56,1
3662,5,5000,7.5,1
3663,5,5000,6.52,1
3664,5,5000,7.86,1
3665,5,5000,6.68,1
3666,5,5000,7.76,1
3667,5,5000,6.32,1
3668,5,5000,5.9,1
3669,5,5000,6.56,1
3670,5,5000,7.32,1
3671,5,5000,7.06,1
3672,5,5000,6.94,1
3673,5,5000,6.48,1
3674,5,5000,7.22,1
3675,5,5000,5.78,1
3676,5,5000,6.26,1
3677,5,5000,7.0,1
3678,5,5000,6.64,1
3679,5,5000,6.9,1
3680,5,5000,6.6,1
3681,5,5000,7.02,1
3682,5,5000,7.12,1
3683,5,5000,7.62,1
3684,5,5000,7.02,1
3685,5,5000,7.28,1
3686,5,5000,6.82,1
3687,5,5000,7.18,1
3688,5,5000,7.48,1
3689,5,5000,6.44,1
3690,5,5000,6.54,1
3691,5,5000,6.46,1
3692,5,5000,7.06,1
3693,5,5000,7.06,1
3694,5,5000,8.08,1
3695,5,5000,7.0,1
3696,5,5000,6.7,1
3697,5,5000,5.96,1
3698,5,5000,6.14,1
3699,5,5000,6.68,1
3700,5,5000,6.52,1
3701,5,5000,7.02,1
3702,5,5000,6.22,1
3703,5,5000,7.52,1
3704,5,5000,8.08,1
3705,5,5000,7.32,1
3706,5,5000,7.14,1
3707,5,5000,6.8,1
3708,5,5000,6.28,1
3709,5,5000,6.38,1
3710,5,5000,6.86,1
3711,5,5000,6.1,1
3712,5,5000,7.28,1
3713,5,5000,7.42,1
3714,5,5000,7.78,1
3715,5,5000,7.74,1
3716,5,5000,6.52,1
3717,5,5000,5.26,1
3718,5,5000,7.12,1
3719,5,5000,7.3,1
3720,5,5000,6.26,1
3721,5,5000,6.88,1
3722,5,5000,7.3,1
3723,5,5000,7.56,1
3724,5,5000,6.94,1
3725,5,5000,6.66,1
3726,5,5000,6.44,1
3727,5,5000,7.62,1
3728,5,5000,7.26,1
3729,5,5000,6.98,1
3730,5,5000,6.5,1
3731,5,5000,6.52,1
3732,5,5000,6.32,1
3733,5,5000,7.56,1
3734,5,5000,6.66,1
3735,5,5000,7.16,1
3736,5,5000,7.9,1
3737,5,5000,7.2,1
3738,5,5000,7.08,1
3739,5,5000,7.42,1
3740,5,5000,6.92,1
3741,5,5000,5.96,1
3742,5,5000,6.9,1
3743,5,5000,7.02,1
3744,5,5000,7.08,1
3745,5,5000,7.88,1
3746,5,5000,6.9,1
3747,5,5000,7.62,1
3748,5,5000,6.68,1
3749,5,5000,6.84,1
3750,5,5000,6.94,1
3751,5,5000,7.02,1
3752,5,5000,6.58,1
3753,5,5000,7.2,1
3754,5,5000,5.84,1
3755,5,5000,5.98,1
3756,5,5000,6.68,1
3757,5,5000,7.58,1
3758,5,5000,6.68,1
3759,5,5000,7.92,1
3760,5,5000,7.58,1
3761,5,5000,7.28,1
3762,5,5000,7.22,1
3763,5,5000,6.36,1
3764,5,5000,6.36,1
3765,5,5000,6.88,1
3766,5,5000,5.74,1
3767,5,5000,7.22,1
3768,5,5000,7.62,1
3769,5,5000,7.1,1
3770,5,5000,6.54,1
3771,5,5000,6.26,1
3772,5,5000,7.16,1
3773,5,5000,6.32,1
3774,5,5000,5.48,1
3775,5,5000,7.3,1
3776,5,5000,7.58,1
3777,5,5000,5.94,1
3778,5,5000,6.8,1
3779,5,5000,6.82,1
3780,5,5000,6.82,1
3781,5,5000,7.52,1
3782,5,5000,6.86,1
3783,5,5000,6.78,1
3784,5,5000,7.82,1
3785,5,5000,6.58,1
3786,5,5000,8.02,1
3787,5,5000,8.08,1
3788,5,5000,6.82,1
3789,5,5000,6.86,1
3790,5,5000,8.04,1
3791,5,5000,6.92,1
3792,5,5000,6.52,1
3793,5,5000,6.24,1
3794,5,5000,6.9,1
3795,5,5000,7.18,1
3796,5,5000,8.16,1
3797,5,5000,8.26,1
3798,5,5000,6.98,1
3799,5,5000,7.12,1
3800,5,5000,6.02,1
3801,5,5000,6.58,1
3802,5,5000,6.44,1
3803,5,5000,7.42,1
3804,5,5000,6.46,1
3805,5,5000,6.12,1
3806,5,5000,7.62,1
3807,5,5000,7.84,1
3808,5,5000,6.62,1
3809,5,5000,6.66,1
3810,5,5000,6.16,1
3811,5,5000,7.22,1
3812,5,5000,6.28,1
3813,5,5000,7.84,1
3814,5,5000,6.62,1
3815,5,5000,7.48,1
3816,5,5000,8.28,1
3817,5,5000,8.02,1
3818,5,5000,6.94,1
3819,5,5000,6.98,1
3820,5,5000,6.5,1
3821,5,5000,5.98,1
3822,5,5000,7.18,1
3823,5,5000,7.02,1
3824,5,5000,7.54,1
3825,5,5000,7.42,1
3826,5,5000,7.92,1
3827,5,5000,7.46,1
3828,5,5000,7.94,1
3829,5,5000,7.0,1
3830,5,5000,7.12,1
3831,5,5000,8.22,1
3832,5,5000,8.2,1
3833,5,5000,8.38,1
3834,5,5000,7.7,1
3835,5,5000,7.54,1
3836,5,5000,7.46,1
3837,5,5000,5.98,1
3838,5,5000,7.06,1
3839,5,5000,6.16,1
3840,5,5000,7.08,1
3841,5,5000,6.22,1
3842,5,5000,7.48,1
3843,5,5000,6.16,1
3844,5,5000,6.72,1
3845,5,5000,7.34,1
3846,5,5000,6.82,1
3847,5,5000,6.58,1
3848,5,5000,7.14,1
3849,5,5000,7.02,1
3850,5,5000,6.86,1
3851,5,5000,7.42,1
3852,5,5000,6.9,1
3853,5,5000,6.34,1
3854,5,5000,6.44,1
3855,5,5000,7.38,1
3856,5,5000,7.56,1
3857,5,5000,7.54,1
3858,5,5000,7.0,1
3859,5,5000,7.56,1
3860,5,5000,7.52,1
3861,5,5000,7.84,1
3862,5,5000,7.56,1
3863,5,5000,6.78,1
3864,5,5000,6.4,1
3865,5,5000,6.88,1
3866,5,5000,6.98,1
3867,5,5000,7.52,1
3868,5,5000,6.98,1
3869,5,5000,6.48,1
3870,5,5000,7.08,1
3871,5,5000,7.66,1
3872,5,5000,6.74,1
3873,5,5000,6.9,1
3874,5,5000,7.5,1
3875,5,5000,7.0,1
3876,5,5000,7.94,1
3877,5,5000,5.7,1
3878,5,5000,5.8,1
3879,5,5000,7.08,1
3880,5,5000,7.66,1
3881,5,5000,7.32,1
3882,5,5000,7.48,1
3883,5,5000,7.54,1
3884,5,5000,5.82,1
3885,5,5000,6.78,1
3886,5,5000,6.12,1
3887,5,5000,6.32,1
3888,5,5000,6.64,1
3889,5,5000,7.66,1
3890,5,5000,7.68,1
3891,5,5000,7.34,1
3892,5,5000,7.08,1
3893,5,5000,7.08,1
3894,5,5000,6.58,1
3895,5,5000,6.9,1
3896,5,5000,8.0,1
3897,5,5000,8.18,1
3898,5,5000,7.0,1
3899,5,5000,7.34,1
3900,5,5000,6.88,1
3901,5,5000,7.72,1
3902,5,5000,6.48,1
3903,5,5000,6.56,1
3904,5,5000,8.26,1
3905,5,5000,7.22,1
3906,5,5000,6.22,1
3907,5,5000,6.8,1
3908,5,5000,7.0,1
3909,5,5000,7.16,1
3910,5,5000,6.78,1
3911,5,5000,6.76,1
3912,5,5000,7.56,1
3913,5,5000,6.8,1
3914,5,5000,7.32,1
3915,5,5000,7.7,1
3916,5,5000,8.2,1
3917,5,5000,7.36,1
3918,5,5000,6.92,1
3919,5,5000,6.76,1
3920,5,5000,6.88,1
3921,5,5000,6.7,1
3922,5,5000,6.86,1
3923,5,5000,7.42,1
3924,5,5000,8.08,1
3925,5,5000,8.06,1
3926,5,5000,9.08,1
3927,5,5000,7.72,1
3928,5,5000,7.08,1
3929,5,5000,7.52,1
3930,5,5000,7.46,1
3931,5,5000,7.86,1
3932,5,5000,7.48,1
3933,5,5000,6.8,1
3934,5,5000,7.36,1
3935,5,5000,7.06,1
3936,5,5000,7.24,1
3937,5,5000,6.36,1
3938,5,5000,7.86,1
3939,5,5000,8.96,1
3940,5,5000,7.04,1
3941,5,5000,7.64,1
3942,5,5000,7.12,1
3943,5,5000,7.74,1
3944,5,5000,6.56,1
3945,5,5000,6.46,1
3946,5,5000,6.82,1
3947,5,5000,7.0,1
3948,5,5000,6.66,1
3949,5,5000,7.36,1
3950,5,5000,6.86,1
3951,5,5000,7.24,1
3952,5,5000,8.4,1
3953,5,5000,6.54,1
3954,5,5000,7.02,1
3955,5,5000,7.0,1
3956,5,5000,6.42,1
3957,5,5000,8.0,1
3958,5,5000,7.1,1
3959,5,5000,7.7,1
3960,5,5000,7.1,1
3961,5,5000,6.4,1
3962,5,5000,6.82,1
3963,5,5000,6.62,1
3964,5,5000,7.24,1
3965,5,5000,6.76,1
3966,5,5000,7.18,1
3967,5,5000,6.24,1
3968,5,5000,7.06,1
3969,5,5000,6.38,1
3970,5,5000,6.54,1
3971,5,5000,7.08,1
3972,5,5000,7.08,1
3973,5,5000,7.32,1
3974,5,5000,6.26,1
3975,5,5000,7.18,1
3976,5,5000,5.46,1
3977,5,5000,7.4,1
3978,5,5000,6.8,1
3979,5,5000,6.92,1
3980,5,5000,7.44,1
3981,5,5000,7.22,1
3982,5,5000,6.5,1
3983,5,5000,8.24,1
3984,5,5000,5.96,1
3985,5,5000,7.12,1
3986,5,5000,7.04,1
3987,5,5000,6.74,1
3988,5,5000,6.58,1
3989,5,5000,7.14,1
3990,5,5000,8.08,1
3991,5,5000,6.86,1
3992,5,5000,7.44,1
3993,5,5000,6.78,1
3994,5,5000,6.8,1
3995,5,5000,7.78,1
3996,5,5000,6.96,1
3997,5,5000,6.8,1
3998,5,5000,7.82,1
3999,5,5000,6.08,1
4000,5,5000,7.34,1
4001,5,5000,7.06,1
4002,5,5000,7.74,1
4003,5,5000,7.96,1
4004,5,5000,7.26,1
4005,5,5000,6.96,1
4006,5,5000,6.7,1
4007,5,5000,6.3,1
4008,5,5000,6.3,1
4009,5,5000,6.74,1
4010,5,5000,6.8,1
4011,5,5000,8.56,1
4012,5,5000,8.08,1
4013,5,5000,6.4,1
4014,5,5000,6.62,1
4015,5,5000,7.54,1
4016,5,5000,7.9,1
4017,5,5000,8.12,1
4018,5,5000,7.44,1
4019,5,5000,7.1,1
4020,5,5000,7.96,1
4021,5,5000,8.56,1
4022,5,5000,6.28,1
4023,5,5000,6.8,1
4024,5,5000,6.86,1
4025,5,5000,7.36,1
4026,5,5000,7.42,1
4027,5,5000,7.4,1
4028,5,5000,7.42,1
4029,5,5000,6.3,1
4030,5,5000,7.52,1
4031,5,5000,7.34,1
4032,5,5000,6.9,1
4033,5,5000,6.48,1
4034,5,5000,7.82,1
4035,5,5000,7.3,1
4036,5,5000,7.26,1
4037,5,5000,7.34,1
4038,5,5000,7.28,1
4039,5,5000,7.86,1
4040,5,5000,7.86,1
4041,5,5000,6.04,1
4042,5,5000,6.6,1
4043,5,5000,6.94,1
4044,5,5000,7.62,1
4045,5,5000,7.24,1
4046,5,5000,7.38,1
4047,5,5000,6.52,1
4048,5,5000,6.48,1
4049,5,5000,6.58,1
4050,5,5000,7.18,1
4051,5,5000,6.72,1
4052,5,5000,6.44,1
4053,5,5000,6.74,1
4054,5,5000,6.24,1
4055,5,5000,6.6,1
4056,5,5000,7.5,1
4057,5,5000,7.28,1
4058,5,5000,7.58,1
4059,5,5000,7.92,1
4060,5,5000,7.56,1
4061,5,5000,7.5,1
4062,5,5000,7.02,1
4063,5,5000,6.64,1
4064,5,5000,7.32,1
4065,5,5000,7.18,1
4066,5,5000,7.08,1
4067,5,5000,7.52,1
4068,5,5000,6.74,1
4069,5,5000,7.46,1
4070,5,5000,6.02,1
4071,5,5000,7.02,1
4072,5,5000,7.12,1
4073,5,5000,6.94,1
4074,5,5000,6.9,1
4075,5,5000,7.18,1
4076,5,5000,7.48,1
4077,5,5000,6.54,1
4078,5,5000,6.56,1
4079,5,5000,6.62,1
4080,5,5000,7.6,1
4081,5,5000,7.24,1
4082,5,5000,7.44,1
4083,5,5000,7.6,1
4084,5,5000,7.16,1
4085,5,5000,7.1,1
4086,5,5000,8.44,1
4087,5,5000,6.78,1
4088,5,5000,7.7,1
4089,5,5000,6.96,1
4090,5,5000,7.18,1
4091,5,5000,5.92,1
4092,5,5000,7.66,1
4093,5,5000,7.6,1
4094,5,5000,7.56,1
4095,5,5000,7.44,1
4096,5,5000,7.66,1
4097,5,5000,7.3,1
4098,5,5000,6.78,1
4099,5,5000,7.1,1
4100,5,5000,7.7,1
4101,5,5000,7.2,1
4102,5,5000,7.44,1
4103,5,5000,7.92,1
4104,5,5000,7.04,1
4105,5,5000,6.46,1
4106,5,5000,8.02,1
4107,5,5000,7.14,1
4108,5,5000,7.14,1
4109,5,5000,7.42,1
4110,5,5000,7.62,1
4111,5,5000,8.24,1
4112,5,5000,6.9,1
4113,5,5000,7.36,1
4114,5,5000,7.6,1
4115,5,5000,6.3,1
4116,5,5000,7.56,1
4117,5,5000,6.58,1
4118,5,5000,6.68,1
4119,5,5000,7.62,1
4120,5,5000,6.44,1
4121,5,5000,7.82,1
4122,5,5000,7.26,1
4123,5,5000,6.48,1
4124,5,5000,6.46,1
4125,5,5000,6.24,1
4126,5,5000,7.2,1
4127,5,5000,6.84,1
4128,5,5000,6.4,1
4129,5,5000,6.38,1
4130,5,5000,6.9,1
4131,5,5000,7.48,1
4132,5,5000,6.82,1
4133,5,5000,6.14,1
4134,5,5000,6.22,1
4135,5,5000,6.62,1
4136,5,5000,7.84,1
4137,5,5000,6.88,1
4138,5,5000,6.66,1
4139,5,5000,7.42,1
4140,5,5000,8.24,1
4141,5,5000,8.4,1
4142,5,5000,7.6,1
4143,5,5000,8.04,1
4144,5,5000,7.56,1
4145,5,5000,7.26,1
4146,5,5000,7.42,1
4147,5,5000,7.28,1
4148,5,5000,7.34,1
4149,5,5000,7.1,1
4150,5,5000,7.56,1
4151,5,5000,6.64,1
4152,5,5000,6.98,1
4153,5,5000,7.1,1
4154,5,5000,6.58,1
4155,5,5000,7.14,1
4156,5,5000,6.96,1
4157,5,5000,6.94,1
4158,5,5000,7.26,1
4159,5,5000,8.32,1
4160,5,5000,7.32,1
4161,5,5000,7.54,1
4162,5,5000,7.12,1
4163,5,5000,6.22,1
4164,5,5000,6.98,1
4165,5,5000,7.28,1
4166,5,5000,7.02,1
4167,5,5000,6.36,1
4168,5,5000,6.54,1
4169,5,5000,6.84,1
4170,5,5000,7.58,1
4171,5,5000,8.0,1
4172,5,5000,7.12,1
4173,5,5000,7.44,1
4174,5,5000,7.88,1
4175,5,5000,6.66,1
4176,5,5000,7.74,1
4177,5,5000,6.46,1
4178,5,5000,6.32,1
4179,5,5000,6.88,1
4180,5,5000,7.28,1
4181,5,5000,7.66,1
4182,5,5000,6.68,1
4183,5,5000,7.32,1
4184,5,5000,6.86,1
4185,5,5000,6.62,1
4186,5,5000,6.14,1
4187,5,5000,7.2,1
4188,5,5000,7.5,1
4189,5,5000,6.92,1
4190,5,5000,6.6,1
4191,5,5000,7.16,1
4192,5,5000,6.98,1
4193,5,5000,6.44,1
4194,5,5000,7.72,1
4195,5,5000,7.62,1
4196,5,5000,6.9,1
4197,5,5000,9.14,1
4198,5,5000,8.86,1
4199,5,5000,7.9,1
4200,5,5000,7.84,1
4201,5,5000,7.5,1
4202,5,5000,7.64,1
4203,5,5000,7.18,1
4204,5,5000,7.1,1
4205,5,5000,7.02,1
4206,5,5000,6.82,1
4207,5,5000,6.42,1
4208,5,5000,7.48,1
4209,5,5000,6.54,1
4210,5,5000,7.72,1
4211,5,5000,7.42,1
4212,5,5000,7.66,1
4213,5,5000,7.14,1
4214,5,5000,7.46,1
4215,5,5000,8.08,1
4216,5,5000,6.76,1
4217,5,5000,6.9,1
4218,5,5000,6.26,1
4219,5,5000,7.06,1
4220,5,5000,6.9,1
4221,5,5000,6.9,1
4222,5,5000,6.3,1
4223,5,5000,6.92,1
4224,5,5000,6.76,1
4225,5,5000,6.64,1
4226,5,5000,6.14,1
4227,5,5000,6.02,1
4228,5,5000,6.44,1
4229,5,5000,6.06,1
4230,5,5000,6.38,1
4231,5,5000,7.02,1
4232,5,5000,7.18,1
4233,5,5000,8.24,1
4234,5,5000,6.78,1
4235,5,5000,7.6,1
4236,5,5000,7.22,1
4237,5,5000,6.48,1
4238,5,5000,6.24,1
4239,5,5000,6.8,1
4240,5,5000,7.18,1
4241,5,5000,7.68,1
4242,5,5000,8.76,1
4243,5,5000,7.28,1
4244,5,5000,7.32,1
4245,5,5000,7.72,1
4246,5,5000,6.16,1
4247,5,5000,6.8,1
4248,5,5000,6.9,1
4249,5,5000,6.52,1
4250,5,5000,5.48,1
4251,5,5000,6.9,1
4252,5,5000,7.9,1
4253,5,5000,6.84,1
4254,5,5000,6.82,1
4255,5,5000,7.22,1
4256,5,5000,7.24,1
4257,5,5000,6.9,1
4258,5,5000,8.14,1
4259,5,5000,6.9,1
4260,5,5000,5.56,1
4261,5,5000,6.26,1
4262,5,5000,6.46,1
4263,5,5000,7.3,1
4264,5,5000,7.52,1
4265,5,5000,6.98,1
4266,5,5000,6.62,1
4267,5,5000,7.36,1
4268,5,5000,7.46,1
4269,5,5000,7.04,1
4270,5,5000,6.16,1
4271,5,5000,6.52,1
4272,5,5000,6.08,1
4273,5,5000,6.36,1
4274,5,5000,7.2,1
4275,5,5000,7.78,1
4276,5,5000,7.84,1
4277,5,5000,7.34,1
4278,5,5000,6.68,1
4279,5,5000,7.12,1
4280,5,5000,6.38,1
4281,5,5000,6.38,1
4282,5,5000,7.32,1
4283,5,5000,6.14,1
4284,5,5000,7.68,1
4285,5,5000,7.88,1
4286,5,5000,7.24,1
4287,5,5000,6.8,1
4288,5,5000,7.1,1
4289,5,5000,6.12,1
4290,5,5000,6.44,1
4291,5,5000,7.42,1
4292,5,5000,7.56,1
4293,5,5000,7.86,1
4294,5,5000,7.86,1
4295,5,5000,8.18,1
4296,5,5000,7.58,1
4297,5,5000,8.18,1
4298,5,5000,7.92,1
4299,5,5000,7.12,1
4300,5,5000,7.16,1
4301,5,5000,7.4,1
4302,5,5000,8.52,1
4303,5,5000,8.02,1
4304,5,5000,7.86,1
4305,5,5000,6.18,1
4306,5,5000,8.5,1
4307,5,5000,7.58,1
4308,5,5000,7.7,1
4309,5,5000,6.48,1
4310,5,5000,7.08,1
4311,5,5000,5.92,1
4312,5,5000,6.28,1
4313,5,5000,7.08,1
4314,5,5000,6.84,1
4315,5,5000,7.14,1
4316,5,5000,6.74,1
4317,5,5000,7.0,1
4318,5,5000,7.68,1
4319,5,5000,7.62,1
4320,5,5000,5.98,1
4321,5,5000,6.98,1
4322,5,5000,8.34,1
4323,5,5000,7.96,1
4324,5,5000,7.96,1
4325,5,5000,7.36,1
4326,5,5000,7.46,1
4327,5,5000,6.34,1
4328,5,5000,7.0,1
4329,5,5000,8.22,1
4330,5,5000,7.02,1
4331,5,5000,5.74,1
4332,5,5000,7.66,1
4333,5,5000,8.26,1
4334,5,5000,7.26,1
4335,5,5000,7.38,1
4336,5,5000,5.72,1
4337,5,5000,7.0,1
4338,5,5000,6.94,1
4339,5,5000,7.54,1
4340,5,5000,7.64,1
4341,5,5000,6.56,1
4342,5,5000,7.52,1
4343,5,5000,6.64,1
4344,5,5000,6.5,1
4345,5,5000,6.92,1
4346,5,5000,6.48,1
4347,5,5000,5.66,1
4348,5,5000,6.42,1
4349,5,5000,7.22,1
4350,5,5000,7.4,1
4351,5,5000,6.42,1
4352,5,5000,7.38,1
4353,5,5000,8.14,1
4354,5,5000,7.72,1
4355,5,5000,6.94,1
4356,5,5000,7.24,1
4357,5,5000,6.6,1
4358,5,5000,6.4,1
4359,5,5000,7.8,1
4360,5,5000,7.3,1
4361,5,5000,7.26,1
4362,5,5000,8.08,1
4363,5,5000,8.24,1
4364,5,5000,7.12,1
4365,5,5000,7.98,1
4366,5,5000,7.42,1
4367,5,5000,7.96,1
4368,5,5000,6.86,1
4369,5,5000,6.62,1
4370,5,5000,7.0,1
4371,5,5000,6.44,1
4372,5,5000,6.98,1
4373,5,5000,6.72,1
4374,5,5000,7.38,1
4375,5,5000,7.4,1
4376,5,5000,7.8,1
4377,5,5000,7.9,1
4378,5,5000,6.72,1
4379,5,5000,6.12,1
4380,5,5000,6.56,1
4381,5,5000,8.02,1
4382,5,5000,7.68,1
4383,5,5000,7.12,1
4384,5,5000,6.46,1
4385,5,5000,6.74,1
4386,5,5000,7.32,1
4387,5,5000,6.52,1
4388,5,5000,7.06,1
4389,5,5000,6.96,1
4390,5,5000,6.86,1
4391,5,5000,6.86,1
4392,5,5000,7.06,1
4393,5,5000,7.18,1
4394,5,5000,8.2,1
4395,5,5000,7.94,1
4396,5,5000,8.36,1
4397,5,5000,7.14,1
4398,5,5000,7.34,1
4399,5,5000,6.72,1
4400,5,5000,6.6,1
4401,5,5000,6.32,1
4402,5,5000,7.48,1
4403,5,5000,5.92,1
4404,5,5000,6.38,1
4405,5,5000,7.22,1
4406,5,5000,6.64,1
4407,5,5000,6.18,1
4408,5,5000,6.94,1
4409,5,5000,7.16,1
4410,5,5000,6.48,1
4411,5,5000,7.84,1
4412,5,5000,6.46,0
