generation,run,parameter,mean_fitness,best_fitness
0,1,0.01,57.84,28
1,1,0.01,39.48,28
2,1,0.01,28.68,27
3,1,0.01,28.26,25
4,1,0.01,26.78,25
5,1,0.01,25.76,23
6,1,0.01,24.86,23
7,1,0.01,23.6,22
8,1,0.01,23.1,22
9,1,0.01,22.9,21
10,1,0.01,22.12,20
11,1,0.01,20.92,19
12,1,0.01,20.02,18
13,1,0.01,19.02,17
14,1,0.01,18.32,16
15,1,0.01,16.96,15
16,1,0.01,16.02,15
17,1,0.01,16.04,13
18,1,0.01,14.34,13
19,1,0.01,14.18,13
20,1,0.01,14.08,13
21,1,0.01,13.74,13
22,1,0.01,13.94,13
23,1,0.01,13.7,13
24,1,0.01,13.74,13
25,1,0.01,13.94,13
26,1,0.01,13.86,13
27,1,0.01,13.76,13
28,1,0.01,14.14,13
29,1,0.01,13.78,13
30,1,0.01,13.62,13
31,1,0.01,13.78,12
32,1,0.01,13.46,12
33,1,0.01,12.9,12
34,1,0.01,13.08,12
35,1,0.01,13.06,12
36,1,0.01,13.0,12
37,1,0.01,13.12,12
38,1,0.01,13.12,12
39,1,0.01,12.84,12
40,1,0.01,13.32,11
41,1,0.01,12.4,11
42,1,0.01,12.06,11
43,1,0.01,12.0,11
44,1,0.01,12.12,11
45,1,0.01,11.78,11
46,1,0.01,12.02,11
47,1,0.01,11.9,11
48,1,0.01,11.9,11
49,1,0.01,11.86,10
50,1,0.01,11.32,10
51,1,0.01,11.0,10
52,1,0.01,11.38,10
53,1,0.01,11.06,10
54,1,0.01,10.82,9
55,1,0.01,10.24,9
56,1,0.01,10.02,9
57,1,0.01,9.84,9
58,1,0.01,10.0,9
59,1,0.01,10.02,9
60,1,0.01,9.8,9
61,1,0.01,10.12,9
62,1,0.01,9.84,8
63,1,0.01,9.16,8
64,1,0.01,8.76,7
65,1,0.01,8.32,6
66,1,0.01,7.48,6
67,1,0.01,6.78,6
68,1,0.01,6.86,6
69,1,0.01,7.1,6
70,1,0.01,6.84,6
71,1,0.01,7.08,6
72,1,0.01,7.66,6
73,1,0.01,7.18,6
74,1,0.01,7.28,6
75,1,0.01,6.82,6
76,1,0.01,7.02,6
77,1,0.01,7.08,6
78,1,0.01,6.66,6
79,1,0.01,6.7,6
80,1,0.01,6.8,6
81,1,0.01,6.82,6
82,1,0.01,7.32,6
83,1,0.01,7.2,6
84,1,0.01,7.16,6
85,1,0.01,7.66,6
86,1,0.01,6.82,6
87,1,0.01,6.98,6
88,1,0.01,7.3,6
89,1,0.01,6.98,6
90,1,0.01,6.92,6
91,1,0.01,7.1,6
92,1,0.01,6.9,6
93,1,0.01,7.12,6
94,1,0.01,7.0,6
95,1,0.01,6.9,5
96,1,0.01,6.44,5
97,1,0.01,6.32,5
98,1,0.01,6.22,5
99,1,0.01,6.26,5
100,1,0.01,5.66,5
101,1,0.01,6.22,5
102,1,0.01,6.02,5
103,1,0.01,6.32,5
104,1,0.01,6.06,5
105,1,0.01,6.28,5
106,1,0.01,5.64,5
107,1,0.01,5.7,5
108,1,0.01,6.06,5
109,1,0.01,5.88,5
110,1,0.01,6.24,5
111,1,0.01,6.04,5
112,1,0.01,5.84,5
113,1,0.01,6.1,5
114,1,0.01,5.78,5
115,1,0.01,5.68,5
116,1,0.01,5.74,5
117,1,0.01,6.3,5
118,1,0.01,6.12,5
119,1,0.01,5.62,5
120,1,0.01,6.14,5
121,1,0.01,6.32,5
122,1,0.01,6.24,5
123,1,0.01,5.7,5
124,1,0.01,5.6,5
125,1,0.01,5.92,5
126,1,0.01,6.14,5
127,1,0.01,5.96,5
128,1,0.01,5.58,5
129,1,0.01,5.76,5
130,1,0.01,6.44,5
131,1,0.01,6.42,5
132,1,0.01,6.44,5
133,1,0.01,6.06,5
134,1,0.01,6.06,5
135,1,0.01,6.38,5
136,1,0.01,6.0,5
137,1,0.01,6.0,5
138,1,0.01,6.44,5
139,1,0.01,6.36,5
140,1,0.01,6.36,5
141,1,0.01,6.12,5
142,1,0.01,6.44,5
143,1,0.01,6.26,5
144,1,0.01,6.38,5
145,1,0.01,6.0,5
146,1,0.01,5.86,5
147,1,0.01,5.84,5
148,1,0.01,6.02,5
149,1,0.01,5.9,5
150,1,0.01,5.92,5
151,1,0.01,5.88,5
152,1,0.01,5.94,5
153,1,0.01,6.44,5
154,1,0.01,5.8,5
155,1,0.01,5.82,5
156,1,0.01,6.14,5
157,1,0.01,6.22,5
158,1,0.01,5.88,5
159,1,0.01,5.66,5
160,1,0.01,6.16,5
161,1,0.01,5.88,5
162,1,0.01,6.14,5
163,1,0.01,6.1,5
164,1,0.01,6.46,5
165,1,0.01,6.38,5
166,1,0.01,6.3,5
167,1,0.01,6.08,5
168,1,0.01,5.94,5
169,1,0.01,6.1,5
170,1,0.01,6.12,5
171,1,0.01,6.06,5
172,1,0.01,6.24,5
173,1,0.01,6.26,5
174,1,0.01,6.16,5
175,1,0.01,6.18,5
176,1,0.01,6.06,5
177,1,0.01,6.3,5
178,1,0.01,6.22,5
179,1,0.01,5.98,5
180,1,0.01,6.24,5
181,1,0.01,6.06,5
182,1,0.01,5.92,5
183,1,0.01,6.48,5
184,1,0.01,5.96,5
185,1,0.01,6.14,5
186,1,0.01,6.22,5
187,1,0.01,6.22,5
188,1,0.01,5.66,5
189,1,0.01,6.18,5
190,1,0.01,6.06,5
191,1,0.01,6.22,5
192,1,0.01,6.4,5
193,1,0.01,5.92,5
194,1,0.01,6.1,5
195,1,0.01,5.78,5
196,1,0.01,6.3,5
197,1,0.01,6.28,4
198,1,0.01,5.6,4
199,1,0.01,4.48,4
200,1,0.01,4.98,4
201,1,0.01,5.18,4
202,1,0.01,5.28,4
203,1,0.01,5.22,4
204,1,0.01,4.9,4
205,1,0.01,4.74,4
206,1,0.01,5.32,4
207,1,0.01,4.64,4
208,1,0.01,5.08,4
209,1,0.01,4.92,4
210,1,0.01,5.1,4
211,1,0.01,5.16,4
212,1,0.01,5.18,4
213,1,0.01,5.18,4
214,1,0.01,5.04,4
215,1,0.01,4.92,4
216,1,0.01,5.14,4
217,1,0.01,5.1,4
218,1,0.01,4.94,4
219,1,0.01,5.02,4
220,1,0.01,4.96,4
221,1,0.01,5.46,4
222,1,0.01,4.98,4
223,1,0.01,4.82,4
224,1,0.01,4.88,4
225,1,0.01,4.82,4
226,1,0.01,4.82,4
227,1,0.01,5.32,4
228,1,0.01,4.66,4
229,1,0.01,4.92,4
230,1,0.01,4.9,4
231,1,0.01,4.86,4
232,1,0.01,5.22,4
233,1,0.01,5.26,4
234,1,0.01,5.02,4
235,1,0.01,4.8,4
236,1,0.01,5.18,4
237,1,0.01,5.02,4
238,1,0.01,5.22,4
239,1,0.01,5.3,4
240,1,0.01,5.24,4
241,1,0.01,5.02,4
242,1,0.01,4.82,4
243,1,0.01,5.14,4
244,1,0.01,4.9,4
245,1,0.01,4.84,4
246,1,0.01,4.98,4
247,1,0.01,5.54,4
248,1,0.01,4.86,4
249,1,0.01,5.0,4
250,1,0.01,4.9,4
251,1,0.01,5.3,4
252,1,0.01,5.1,4
253,1,0.01,4.98,4
254,1,0.01,5.04,4
255,1,0.01,5.54,4
256,1,0.01,5.2,4
257,1,0.01,5.1,4
258,1,0.01,5.16,4
259,1,0.01,5.22,4
260,1,0.01,5.16,4
261,1,0.01,5.14,4
262,1,0.01,5.14,4
263,1,0.01,4.82,4
264,1,0.01,5.12,4
265,1,0.01,5.36,4
266,1,0.01,5.42,4
267,1,0.01,4.62,4
268,1,0.01,4.8,4
269,1,0.01,4.88,4
270,1,0.01,5.04,4
271,1,0.01,5.0,4
272,1,0.01,5.1,4
273,1,0.01,4.86,4
274,1,0.01,5.26,4
275,1,0.01,5.44,4
276,1,0.01,4.64,4
277,1,0.01,4.7,4
278,1,0.01,4.86,4
279,1,0.01,5.1,4
280,1,0.01,5.3,4
281,1,0.01,5.22,4
282,1,0.01,4.94,4
283,1,0.01,5.14,4
284,1,0.01,5.08,4
285,1,0.01,5.16,4
286,1,0.01,4.76,4
287,1,0.01,4.7,4
288,1,0.01,5.22,4
289,1,0.01,5.5,4
290,1,0.01,5.2,4
291,1,0.01,5.1,4
292,1,0.01,5.16,4
293,1,0.01,4.96,4
294,1,0.01,5.56,4
295,1,0.01,4.58,4
296,1,0.01,5.0,4
297,1,0.01,5.18,4
298,1,0.01,5.06,4
299,1,0.01,4.86,4
300,1,0.01,4.84,4
301,1,0.01,5.18,4
302,1,0.01,5.2,4
303,1,0.01,5.02,4
304,1,0.01,5.38,4
305,1,0.01,5.46,4
306,1,0.01,4.9,4
307,1,0.01,4.88,4
308,1,0.01,5.3,4
309,1,0.01,5.3,4
310,1,0.01,5.02,4
311,1,0.01,4.98,4
312,1,0.01,5.08,4
313,1,0.01,4.82,4
314,1,0.01,5.0,4
315,1,0.01,4.9,4
316,1,0.01,5.24,4
317,1,0.01,5.0,4
318,1,0.01,4.74,4
319,1,0.01,4.7,4
320,1,0.01,5.24,4
321,1,0.01,5.32,4
322,1,0.01,5.02,4
323,1,0.01,4.88,4
324,1,0.01,4.94,4
325,1,0.01,5.26,4
326,1,0.01,4.98,4
327,1,0.01,5.32,4
328,1,0.01,5.28,4
329,1,0.01,5.24,4
330,1,0.01,4.7,4
331,1,0.01,5.2,4
332,1,0.01,5.14,4
333,1,0.01,5.08,4
334,1,0.01,5.34,4
335,1,0.01,5.26,4
336,1,0.01,5.2,4
337,1,0.01,5.22,4
338,1,0.01,5.12,4
339,1,0.01,5.0,4
340,1,0.01,4.64,4
341,1,0.01,5.14,4
342,1,0.01,5.3,4
343,1,0.01,4.9,4
344,1,0.01,5.2,4
345,1,0.01,5.3,4
346,1,0.01,4.92,4
347,1,0.01,4.64,4
348,1,0.01,5.1,4
349,1,0.01,5.02,4
350,1,0.01,4.62,4
351,1,0.01,4.78,4
352,1,0.01,5.12,4
353,1,0.01,4.82,4
354,1,0.01,5.3,4
355,1,0.01,5.08,4
356,1,0.01,4.8,4
357,1,0.01,5.28,4
358,1,0.01,5.58,4
359,1,0.01,5.04,4
360,1,0.01,5.18,4
361,1,0.01,5.2,4
362,1,0.01,4.94,4
363,1,0.01,5.0,4
364,1,0.01,5.1,4
365,1,0.01,4.98,4
366,1,0.01,5.12,4
367,1,0.01,5.04,4
368,1,0.01,5.76,4
369,1,0.01,5.2,4
370,1,0.01,5.58,4
371,1,0.01,5.22,4
372,1,0.01,5.48,4
373,1,0.01,5.22,4
374,1,0.01,5.58,4
375,1,0.01,5.28,4
376,1,0.01,4.92,4
377,1,0.01,5.04,4
378,1,0.01,5.02,4
379,1,0.01,5.02,4
380,1,0.01,4.92,4
381,1,0.01,5.0,4
382,1,0.01,5.14,4
383,1,0.01,4.84,4
384,1,0.01,5.1,4
385,1,0.01,5.14,4
386,1,0.01,5.14,4
387,1,0.01,5.06,4
388,1,0.01,4.98,4
389,1,0.01,4.94,4
390,1,0.01,5.22,4
391,1,0.01,5.04,4
392,1,0.01,5.26,4
393,1,0.01,5.2,4
394,1,0.01,4.84,4
395,1,0.01,5.22,4
396,1,0.01,5.22,4
397,1,0.01,5.4,4
398,1,0.01,5.06,3
399,1,0.01,4.86,3
400,1,0.01,4.26,3
401,1,0.01,4.56,3
402,1,0.01,4.06,3
403,1,0.01,3.92,3
404,1,0.01,3.96,3
405,1,0.01,3.46,3
406,1,0.01,3.72,3
407,1,0.01,4.32,3
408,1,0.01,3.9,3
409,1,0.01,4.46,3
410,1,0.01,4.36,3
411,1,0.01,4.0,3
412,1,0.01,3.94,3
413,1,0.01,4.24,3
414,1,0.01,4.4,3
415,1,0.01,4.36,3
416,1,0.01,3.82,3
417,1,0.01,3.86,3
418,1,0.01,3.7,3
419,1,0.01,4.1,3
420,1,0.01,3.92,3
421,1,0.01,4.34,3
422,1,0.01,4.26,3
423,1,0.01,4.26,3
424,1,0.01,4.06,3
425,1,0.01,4.58,3
426,1,0.01,3.84,3
427,1,0.01,3.92,3
428,1,0.01,3.9,3
429,1,0.01,4.28,3
430,1,0.01,4.32,3
431,1,0.01,4.2,3
432,1,0.01,4.1,3
433,1,0.01,4.0,3
434,1,0.01,4.0,3
435,1,0.01,4.14,3
436,1,0.01,3.82,3
437,1,0.01,3.98,3
438,1,0.01,4.12,3
439,1,0.01,3.76,3
440,1,0.01,4.12,3
441,1,0.01,4.04,3
442,1,0.01,3.52,3
443,1,0.01,4.26,3
444,1,0.01,4.12,3
445,1,0.01,4.28,3
446,1,0.01,4.52,3
447,1,0.01,4.1,3
448,1,0.01,4.48,3
449,1,0.01,4.16,3
450,1,0.01,3.82,3
451,1,0.01,4.16,3
452,1,0.01,3.76,3
453,1,0.01,4.32,3
454,1,0.01,4.1,3
455,1,0.01,4.08,3
456,1,0.01,4.08,3
457,1,0.01,4.0,3
458,1,0.01,3.62,3
459,1,0.01,4.34,3
460,1,0.01,3.94,3
461,1,0.01,4.0,3
462,1,0.01,3.88,3
463,1,0.01,3.84,3
464,1,0.01,4.08,3
465,1,0.01,4.16,3
466,1,0.01,4.46,3
467,1,0.01,4.26,3
468,1,0.01,4.2,3
469,1,0.01,4.2,3
470,1,0.01,4.14,3
471,1,0.01,4.1,3
472,1,0.01,4.28,3
473,1,0.01,3.9,3
474,1,0.01,4.44,3
475,1,0.01,4.18,3
476,1,0.01,4.36,3
477,1,0.01,4.3,3
478,1,0.01,3.96,3
479,1,0.01,3.94,3
480,1,0.01,3.78,3
481,1,0.01,4.28,3
482,1,0.01,3.88,3
483,1,0.01,4.2,3
484,1,0.01,3.86,3
485,1,0.01,4.24,3
486,1,0.01,4.02,3
487,1,0.01,3.94,3
488,1,0.01,4.08,3
489,1,0.01,4.0,3
490,1,0.01,4.12,3
491,1,0.01,4.04,3
492,1,0.01,3.82,3
493,1,0.01,4.52,3
494,1,0.01,4.24,3
495,1,0.01,4.26,3
496,1,0.01,3.64,3
497,1,0.01,3.92,3
498,1,0.01,4.52,3
499,1,0.01,4.02,3
500,1,0.01,3.9,3
501,1,0.01,3.92,3
502,1,0.01,4.18,3
503,1,0.01,4.32,3
504,1,0.01,3.86,3
505,1,0.01,4.12,3
506,1,0.01,3.68,3
507,1,0.01,4.14,3
508,1,0.01,4.02,3
509,1,0.01,3.88,3
510,1,0.01,3.76,3
511,1,0.01,4.08,3
512,1,0.01,4.2,3
513,1,0.01,4.4,3
514,1,0.01,4.62,3
515,1,0.01,4.12,3
516,1,0.01,4.2,3
517,1,0.01,4.64,3
518,1,0.01,4.2,3
519,1,0.01,4.04,3
520,1,0.01,4.4,3
521,1,0.01,4.26,3
522,1,0.01,3.94,3
523,1,0.01,4.0,3
524,1,0.01,3.84,3
525,1,0.01,4.08,3
526,1,0.01,4.12,3
527,1,0.01,4.1,3
528,1,0.01,4.24,3
529,1,0.01,4.24,3
530,1,0.01,4.2,3
531,1,0.01,4.08,3
532,1,0.01,3.74,3
533,1,0.01,4.3,3
534,1,0.01,4.24,3
535,1,0.01,4.4,3
536,1,0.01,4.38,3
537,1,0.01,4.22,3
538,1,0.01,4.02,3
539,1,0.01,4.04,3
540,1,0.01,4.12,3
541,1,0.01,4.28,3
542,1,0.01,4.62,3
543,1,0.01,4.06,3
544,1,0.01,3.96,3
545,1,0.01,4.28,3
546,1,0.01,4.16,3
547,1,0.01,4.22,3
548,1,0.01,3.74,3
549,1,0.01,4.08,3
550,1,0.01,4.18,3
551,1,0.01,4.04,3
552,1,0.01,4.16,3
553,1,0.01,4.0,3
554,1,0.01,4.46,3
555,1,0.01,4.16,3
556,1,0.01,3.88,3
557,1,0.01,4.32,3
558,1,0.01,3.98,3
559,1,0.01,3.72,3
560,1,0.01,3.8,3
561,1,0.01,3.86,3
562,1,0.01,4.16,3
563,1,0.01,4.04,3
564,1,0.01,3.92,3
565,1,0.01,3.92,3
566,1,0.01,3.94,3
567,1,0.01,3.96,3
568,1,0.01,3.88,3
569,1,0.01,3.76,3
570,1,0.01,4.2,3
571,1,0.01,3.98,3
572,1,0.01,3.94,3
573,1,0.01,3.78,3
574,1,0.01,3.86,3
575,1,0.01,4.24,3
576,1,0.01,4.06,3
577,1,0.01,4.22,3
578,1,0.01,4.14,3
579,1,0.01,3.68,3
580,1,0.01,4.02,3
581,1,0.01,3.96,3
582,1,0.01,3.94,3
583,1,0.01,3.98,3
584,1,0.01,4.1,3
585,1,0.01,4.52,3
586,1,0.01,4.14,3
587,1,0.01,3.72,3
588,1,0.01,4.36,3
589,1,0.01,4.26,3
590,1,0.01,4.16,3
591,1,0.01,4.5,3
592,1,0.01,3.86,3
593,1,0.01,3.76,3
594,1,0.01,3.72,3
595,1,0.01,3.96,3
596,1,0.01,3.82,3
597,1,0.01,3.92,3
598,1,0.01,4.58,3
599,1,0.01,3.96,3
600,1,0.01,3.7,3
601,1,0.01,4.22,3
602,1,0.01,4.06,3
603,1,0.01,3.72,3
604,1,0.01,3.82,3
605,1,0.01,4.12,3
606,1,0.01,4.0,3
607,1,0.01,4.42,3
608,1,0.01,4.4,3
609,1,0.01,4.44,3
610,1,0.01,3.54,3
611,1,0.01,4.24,3
612,1,0.01,3.84,3
613,1,0.01,4.3,3
614,1,0.01,4.64,3
615,1,0.01,3.9,3
616,1,0.01,4.32,3
617,1,0.01,4.22,3
618,1,0.01,4.02,3
619,1,0.01,3.96,3
620,1,0.01,3.86,3
621,1,0.01,4.24,3
622,1,0.01,4.26,3
623,1,0.01,4.4,3
624,1,0.01,4.08,3
625,1,0.01,3.78,3
626,1,0.01,4.06,3
627,1,0.01,3.74,3
628,1,0.01,4.22,3
629,1,0.01,4.1,3
630,1,0.01,4.04,3
631,1,0.01,4.0,3
632,1,0.01,4.04,3
633,1,0.01,4.36,3
634,1,0.01,3.98,3
635,1,0.01,3.88,3
636,1,0.01,4.16,3
637,1,0.01,4.08,3
638,1,0.01,4.08,3
639,1,0.01,4.3,3
640,1,0.01,4.4,3
641,1,0.01,4.16,3
642,1,0.01,4.18,3
643,1,0.01,4.34,3
644,1,0.01,4.08,3
645,1,0.01,4.3,3
646,1,0.01,3.9,3
647,1,0.01,4.0,3
648,1,0.01,4.34,3
649,1,0.01,3.72,3
650,1,0.01,4.2,3
651,1,0.01,4.1,3
652,1,0.01,3.78,3
653,1,0.01,3.96,3
654,1,0.01,4.18,3
655,1,0.01,4.08,3
656,1,0.01,3.94,3
657,1,0.01,3.84,3
658,1,0.01,3.86,3
659,1,0.01,4.14,3
660,1,0.01,4.28,3
661,1,0.01,3.82,3
662,1,0.01,3.92,3
663,1,0.01,4.32,3
664,1,0.01,4.56,3
665,1,0.01,4.12,3
666,1,0.01,3.82,3
667,1,0.01,4.06,3
668,1,0.01,4.16,3
669,1,0.01,4.6,3
670,1,0.01,4.22,3
671,1,0.01,3.54,3
672,1,0.01,4.24,3
673,1,0.01,4.06,3
674,1,0.01,4.12,3
675,1,0.01,3.96,3
676,1,0.01,4.14,3
677,1,0.01,3.88,3
678,1,0.01,4.1,3
679,1,0.01,4.58,3
680,1,0.01,3.92,3
681,1,0.01,4.28,3
682,1,0.01,4.2,3
683,1,0.01,4.18,3
684,1,0.01,4.08,3
685,1,0.01,3.96,3
686,1,0.01,3.86,3
687,1,0.01,3.8,3
688,1,0.01,4.3,3
689,1,0.01,4.42,3
690,1,0.01,3.92,3
691,1,0.01,3.92,3
692,1,0.01,4.12,3
693,1,0.01,4.1,3
694,1,0.01,4.06,3
695,1,0.01,3.66,3
696,1,0.01,4.34,3
697,1,0.01,4.04,3
698,1,0.01,3.86,3
699,1,0.01,3.86,3
700,1,0.01,4.32,3
701,1,0.01,3.86,3
702,1,0.01,3.94,3
703,1,0.01,4.1,3
704,1,0.01,4.22,3
705,1,0.01,4.2,3
706,1,0.01,4.2,3
707,1,0.01,4.18,3
708,1,0.01,4.22,3
709,1,0.01,4.2,3
710,1,0.01,4.3,3
711,1,0.01,3.82,3
712,1,0.01,3.56,3
713,1,0.01,4.52,3
714,1,0.01,4.5,3
715,1,0.01,3.66,3
716,1,0.01,3.84,3
717,1,0.01,4.56,3
718,1,0.01,4.34,3
719,1,0.01,4.02,3
720,1,0.01,4.18,3
721,1,0.01,4.08,3
722,1,0.01,4.0,3
723,1,0.01,3.88,3
724,1,0.01,4.12,3
725,1,0.01,3.62,3
726,1,0.01,4.48,3
727,1,0.01,4.12,3
728,1,0.01,4.32,3
729,1,0.01,4.0,3
730,1,0.01,3.78,3
731,1,0.01,4.34,3
732,1,0.01,4.42,3
733,1,0.01,4.0,3
734,1,0.01,4.32,3
735,1,0.01,3.98,3
736,1,0.01,3.98,3
737,1,0.01,4.2,3
738,1,0.01,4.48,3
739,1,0.01,4.14,3
740,1,0.01,3.92,3
741,1,0.01,4.2,3
742,1,0.01,3.86,3
743,1,0.01,4.24,3
744,1,0.01,3.8,3
745,1,0.01,3.92,3
746,1,0.01,3.92,3
747,1,0.01,3.74,3
748,1,0.01,4.2,3
749,1,0.01,3.64,3
750,1,0.01,3.98,3
751,1,0.01,4.54,3
752,1,0.01,4.22,3
753,1,0.01,4.26,3
754,1,0.01,4.28,3
755,1,0.01,4.02,3
756,1,0.01,3.94,3
757,1,0.01,4.02,3
758,1,0.01,3.96,3
759,1,0.01,4.18,3
760,1,0.01,3.98,3
761,1,0.01,3.92,3
762,1,0.01,4.06,3
763,1,0.01,3.84,3
764,1,0.01,3.88,3
765,1,0.01,3.78,3
766,1,0.01,3.96,3
767,1,0.01,3.88,3
768,1,0.01,3.82,3
769,1,0.01,3.94,3
770,1,0.01,4.06,3
771,1,0.01,3.9,3
772,1,0.01,3.86,3
773,1,0.01,4.14,3
774,1,0.01,4.44,3
775,1,0.01,4.14,3
776,1,0.01,3.86,3
777,1,0.01,4.22,3
778,1,0.01,3.94,3
779,1,0.01,3.96,3
780,1,0.01,4.16,3
781,1,0.01,4.0,3
782,1,0.01,3.92,3
783,1,0.01,4.42,3
784,1,0.01,4.16,3
785,1,0.01,4.18,3
786,1,0.01,3.96,3
787,1,0.01,4.36,3
788,1,0.01,4.04,3
789,1,0.01,4.08,3
790,1,0.01,3.84,3
791,1,0.01,4.24,3
792,1,0.01,3.88,2
793,1,0.01,3.68,2
794,1,0.01,3.06,2
795,1,0.01,2.72,2
796,1,0.01,3.28,2
797,1,0.01,3.22,2
798,1,0.01,3.0,2
799,1,0.01,3.0,2
800,1,0.01,2.78,2
801,1,0.01,3.02,2
802,1,0.01,3.0,2
803,1,0.01,3.28,2
804,1,0.01,2.84,2
805,1,0.01,2.86,2
806,1,0.01,2.7,2
807,1,0.01,2.96,2
808,1,0.01,3.28,2
809,1,0.01,3.0,2
810,1,0.01,2.94,2
811,1,0.01,3.16,2
812,1,0.01,2.9,2
813,1,0.01,3.04,2
814,1,0.01,3.14,2
815,1,0.01,2.96,2
816,1,0.01,3.08,2
817,1,0.01,2.68,2
818,1,0.01,3.58,2
819,1,0.01,3.1,2
820,1,0.01,3.02,2
821,1,0.01,3.24,2
822,1,0.01,3.18,2
823,1,0.01,3.14,2
824,1,0.01,3.2,2
825,1,0.01,2.72,2
826,1,0.01,3.0,2
827,1,0.01,2.86,2
828,1,0.01,2.94,2
829,1,0.01,2.68,2
830,1,0.01,2.94,2
831,1,0.01,2.82,2
832,1,0.01,2.96,2
833,1,0.01,3.34,2
834,1,0.01,2.94,2
835,1,0.01,2.9,2
836,1,0.01,2.9,2
837,1,0.01,3.1,2
838,1,0.01,3.1,2
839,1,0.01,2.98,2
840,1,0.01,2.66,2
841,1,0.01,3.44,2
842,1,0.01,3.3,2
843,1,0.01,3.36,2
844,1,0.01,2.8,2
845,1,0.01,2.88,2
846,1,0.01,2.84,2
847,1,0.01,3.04,2
848,1,0.01,3.38,2
849,1,0.01,3.1,2
850,1,0.01,3.12,2
851,1,0.01,2.74,2
852,1,0.01,3.1,2
853,1,0.01,3.52,2
854,1,0.01,2.92,2
855,1,0.01,3.04,2
856,1,0.01,2.88,2
857,1,0.01,3.48,2
858,1,0.01,3.26,2
859,1,0.01,3.12,2
860,1,0.01,3.34,2
861,1,0.01,3.44,2
862,1,0.01,3.4,2
863,1,0.01,3.02,2
864,1,0.01,3.26,2
865,1,0.01,3.34,2
866,1,0.01,3.38,2
867,1,0.01,3.32,2
868,1,0.01,3.42,2
869,1,0.01,3.04,2
870,1,0.01,3.34,2
871,1,0.01,3.14,2
872,1,0.01,2.84,2
873,1,0.01,3.18,2
874,1,0.01,2.68,2
875,1,0.01,3.1,2
876,1,0.01,3.0,2
877,1,0.01,2.86,2
878,1,0.01,2.92,2
879,1,0.01,3.02,2
880,1,0.01,2.9,2
881,1,0.01,3.2,2
882,1,0.01,2.88,2
883,1,0.01,3.38,2
884,1,0.01,3.22,2
885,1,0.01,3.38,2
886,1,0.01,3.1,2
887,1,0.01,2.98,2
888,1,0.01,3.22,2
889,1,0.01,3.16,2
890,1,0.01,3.4,2
891,1,0.01,3.0,2
892,1,0.01,3.34,2
893,1,0.01,3.3,2
894,1,0.01,3.08,2
895,1,0.01,3.02,2
896,1,0.01,3.66,2
897,1,0.01,3.1,2
898,1,0.01,3.18,2
899,1,0.01,3.0,2
900,1,0.01,3.08,2
901,1,0.01,3.14,2
902,1,0.01,3.1,2
903,1,0.01,2.96,2
904,1,0.01,3.24,2
905,1,0.01,2.88,2
906,1,0.01,3.38,2
907,1,0.01,2.9,2
908,1,0.01,2.86,2
909,1,0.01,3.54,2
910,1,0.01,3.08,2
911,1,0.01,2.94,2
912,1,0.01,3.52,2
913,1,0.01,2.92,2
914,1,0.01,2.98,2
915,1,0.01,3.42,2
916,1,0.01,3.12,2
917,1,0.01,3.04,2
918,1,0.01,3.0,2
919,1,0.01,3.02,2
920,1,0.01,2.96,2
921,1,0.01,3.04,2
922,1,0.01,2.94,2
923,1,0.01,3.3,2
924,1,0.01,3.26,2
925,1,0.01,2.84,2
926,1,0.01,3.0,2
927,1,0.01,3.34,2
928,1,0.01,2.92,2
929,1,0.01,2.9,2
930,1,0.01,3.4,2
931,1,0.01,3.02,2
932,1,0.01,3.1,2
933,1,0.01,3.26,2
934,1,0.01,3.54,2
935,1,0.01,3.1,2
936,1,0.01,3.36,2
937,1,0.01,2.98,2
938,1,0.01,3.14,2
939,1,0.01,3.16,2
940,1,0.01,3.22,2
941,1,0.01,2.68,2
942,1,0.01,2.86,2
943,1,0.01,3.54,2
944,1,0.01,2.6,2
945,1,0.01,3.2,2
946,1,0.01,2.62,2
947,1,0.01,3.02,2
948,1,0.01,3.36,2
949,1,0.01,3.18,2
950,1,0.01,3.4,2
951,1,0.01,3.04,2
952,1,0.01,2.9,2
953,1,0.01,3.14,2
954,1,0.01,3.36,2
955,1,0.01,3.24,2
956,1,0.01,3.12,2
957,1,0.01,2.9,2
958,1,0.01,3.76,2
959,1,0.01,3.4,2
960,1,0.01,2.88,2
961,1,0.01,3.58,2
962,1,0.01,3.12,2
963,1,0.01,2.94,2
964,1,0.01,3.16,2
965,1,0.01,3.16,2
966,1,0.01,3.12,2
967,1,0.01,3.36,2
968,1,0.01,2.92,2
969,1,0.01,3.26,2
970,1,0.01,3.34,2
971,1,0.01,2.88,2
972,1,0.01,3.16,2
973,1,0.01,3.4,2
974,1,0.01,2.88,2
975,1,0.01,2.98,2
976,1,0.01,2.86,2
977,1,0.01,2.8,2
978,1,0.01,2.94,2
979,1,0.01,3.0,2
980,1,0.01,3.14,2
981,1,0.01,3.04,2
982,1,0.01,3.2,2
983,1,0.01,3.26,2
984,1,0.01,3.58,2
985,1,0.01,3.0,2
986,1,0.01,3.3,2
987,1,0.01,3.22,2
988,1,0.01,3.24,2
989,1,0.01,3.32,2
990,1,0.01,2.98,2
991,1,0.01,3.08,2
992,1,0.01,2.7,2
993,1,0.01,3.24,2
994,1,0.01,2.98,2
995,1,0.01,2.8,2
996,1,0.01,3.22,2
997,1,0.01,3.12,2
998,1,0.01,3.32,2
999,1,0.01,2.72,2
1000,1,0.01,3.18,2
1001,1,0.01,2.98,2
1002,1,0.01,3.12,2
1003,1,0.01,3.3,2
1004,1,0.01,2.92,2
1005,1,0.01,2.86,2
1006,1,0.01,3.2,2
1007,1,0.01,3.24,2
1008,1,0.01,3.44,2
1009,1,0.01,3.26,2
1010,1,0.01,3.22,2
1011,1,0.01,3.14,2
1012,1,0.01,2.94,2
1013,1,0.01,3.38,2
1014,1,0.01,3.2,2
1015,1,0.01,2.96,2
1016,1,0.01,3.0,2
1017,1,0.01,3.36,2
1018,1,0.01,3.06,2
1019,1,0.01,2.8,2
1020,1,0.01,3.02,2
1021,1,0.01,2.84,2
1022,1,0.01,3.22,2
1023,1,0.01,3.22,2
1024,1,0.01,3.46,2
1025,1,0.01,2.88,2
1026,1,0.01,2.86,2
1027,1,0.01,3.66,2
1028,1,0.01,2.88,2
1029,1,0.01,2.82,2
1030,1,0.01,3.12,2
1031,1,0.01,3.2,2
1032,1,0.01,3.0,2
1033,1,0.01,2.82,2
1034,1,0.01,3.32,2
1035,1,0.01,3.18,2
1036,1,0.01,2.6,2
1037,1,0.01,3.44,2
1038,1,0.01,3.26,2
1039,1,0.01,3.1,2
1040,1,0.01,2.64,2
1041,1,0.01,2.94,2
1042,1,0.01,3.22,2
1043,1,0.01,3.44,2
1044,1,0.01,3.32,2
1045,1,0.01,3.14,2
1046,1,0.01,3.56,2
1047,1,0.01,2.88,2
1048,1,0.01,3.22,2
1049,1,0.01,3.02,2
1050,1,0.01,3.26,2
1051,1,0.01,2.9,2
1052,1,0.01,3.22,2
1053,1,0.01,3.02,2
1054,1,0.01,3.18,2
1055,1,0.01,2.98,2
1056,1,0.01,3.12,2
1057,1,0.01,2.98,2
1058,1,0.01,3.16,2
1059,1,0.01,2.54,2
1060,1,0.01,2.78,2
1061,1,0.01,2.78,2
1062,1,0.01,2.86,2
1063,1,0.01,2.96,2
1064,1,0.01,3.1,2
1065,1,0.01,3.2,2
1066,1,0.01,3.24,2
1067,1,0.01,3.12,2
1068,1,0.01,2.96,2
1069,1,0.01,2.96,2
1070,1,0.01,3.28,2
1071,1,0.01,3.08,2
1072,1,0.01,2.86,2
1073,1,0.01,2.94,2
1074,1,0.01,2.9,2
1075,1,0.01,3.58,2
1076,1,0.01,3.28,2
1077,1,0.01,3.0,2
1078,1,0.01,3.2,2
1079,1,0.01,3.18,2
1080,1,0.01,2.98,2
1081,1,0.01,2.76,2
1082,1,0.01,3.2,2
1083,1,0.01,2.72,2
1084,1,0.01,3.22,2
1085,1,0.01,3.02,2
1086,1,0.01,3.2,2
1087,1,0.01,3.06,2
1088,1,0.01,3.46,2
1089,1,0.01,3.12,2
1090,1,0.01,3.02,2
1091,1,0.01,3.0,2
1092,1,0.01,3.24,2
1093,1,0.01,3.2,2
1094,1,0.01,3.24,2
1095,1,0.01,2.92,2
1096,1,0.01,3.1,2
1097,1,0.01,3.32,2
1098,1,0.01,2.88,2
1099,1,0.01,2.74,2
1100,1,0.01,2.84,2
1101,1,0.01,3.5,2
1102,1,0.01,3.0,2
1103,1,0.01,2.78,2
1104,1,0.01,3.2,2
1105,1,0.01,3.1,2
1106,1,0.01,2.98,2
1107,1,0.01,3.24,2
1108,1,0.01,3.08,2
1109,1,0.01,3.08,2
1110,1,0.01,3.48,2
1111,1,0.01,2.96,2
1112,1,0.01,3.32,2
1113,1,0.01,3.16,2
1114,1,0.01,3.38,2
1115,1,0.01,3.24,2
1116,1,0.01,2.96,2
1117,1,0.01,3.06,2
1118,1,0.01,3.24,2
1119,1,0.01,3.26,2
1120,1,0.01,3.06,2
1121,1,0.01,3.28,2
1122,1,0.01,2.98,2
1123,1,0.01,3.32,2
1124,1,0.01,3.0,2
1125,1,0.01,3.38,2
1126,1,0.01,3.14,2
1127,1,0.01,3.14,2
1128,1,0.01,2.76,2
1129,1,0.01,3.02,2
1130,1,0.01,3.26,2
1131,1,0.01,3.1,2
1132,1,0.01,3.32,2
1133,1,0.01,2.94,2
1134,1,0.01,3.28,2
1135,1,0.01,3.14,2
1136,1,0.01,3.02,2
1137,1,0.01,3.04,2
1138,1,0.01,3.24,2
1139,1,0.01,3.34,2
1140,1,0.01,2.56,2
1141,1,0.01,3.18,2
1142,1,0.01,3.04,2
1143,1,0.01,3.24,2
1144,1,0.01,3.0,2
1145,1,0.01,3.16,2
1146,1,0.01,2.88,2
1147,1,0.01,2.92,2
1148,1,0.01,3.32,2
1149,1,0.01,3.14,2
1150,1,0.01,3.04,2
1151,1,0.01,3.08,2
1152,1,0.01,2.92,2
1153,1,0.01,3.4,2
1154,1,0.01,3.38,2
1155,1,0.01,2.96,2
1156,1,0.01,3.16,2
1157,1,0.01,3.48,2
1158,1,0.01,3.1,2
1159,1,0.01,2.88,2
1160,1,0.01,3.06,2
1161,1,0.01,3.34,2
1162,1,0.01,2.82,2
1163,1,0.01,3.54,2
1164,1,0.01,3.1,2
1165,1,0.01,3.12,2
1166,1,0.01,3.12,2
1167,1,0.01,2.78,2
1168,1,0.01,3.3,2
1169,1,0.01,2.86,2
1170,1,0.01,3.02,2
1171,1,0.01,2.98,2
1172,1,0.01,2.82,2
1173,1,0.01,2.74,2
1174,1,0.01,2.84,2
1175,1,0.01,3.34,2
1176,1,0.01,3.38,2
1177,1,0.01,3.34,2
1178,1,0.01,3.06,2
1179,1,0.01,3.16,2
1180,1,0.01,3.02,2
1181,1,0.01,2.76,2
1182,1,0.01,3.14,2
1183,1,0.01,2.96,2
1184,1,0.01,3.28,2
1185,1,0.01,3.12,2
1186,1,0.01,3.1,2
1187,1,0.01,3.0,2
1188,1,0.01,3.22,2
1189,1,0.01,3.34,2
1190,1,0.01,2.98,2
1191,1,0.01,3.1,2
1192,1,0.01,3.22,2
1193,1,0.01,3.58,2
1194,1,0.01,2.94,2
1195,1,0.01,2.8,2
1196,1,0.01,2.94,2
1197,1,0.01,3.02,2
1198,1,0.01,3.28,2
1199,1,0.01,2.9,2
1200,1,0.01,2.72,2
1201,1,0.01,3.22,2
1202,1,0.01,2.98,2
1203,1,0.01,3.1,2
1204,1,0.01,3.06,2
1205,1,0.01,3.66,2
1206,1,0.01,2.9,2
1207,1,0.01,2.98,2
1208,1,0.01,3.1,2
1209,1,0.01,3.0,2
1210,1,0.01,2.96,2
1211,1,0.01,3.32,2
1212,1,0.01,2.8,2
1213,1,0.01,3.34,2
1214,1,0.01,3.22,2
1215,1,0.01,2.98,2
1216,1,0.01,3.12,2
1217,1,0.01,3.0,2
1218,1,0.01,2.96,2
1219,1,0.01,2.8,2
1220,1,0.01,3.34,2
1221,1,0.01,3.24,2
1222,1,0.01,3.24,2
1223,1,0.01,2.86,2
1224,1,0.01,3.28,2
1225,1,0.01,3.06,2
1226,1,0.01,3.06,2
1227,1,0.01,3.18,2
1228,1,0.01,3.06,2
1229,1,0.01,3.22,2
1230,1,0.01,3.18,2
1231,1,0.01,3.36,2
1232,1,0.01,3.12,2
1233,1,0.01,3.08,2
1234,1,0.01,3.24,2
1235,1,0.01,3.06,2
1236,1,0.01,3.38,2
1237,1,0.01,3.28,2
1238,1,0.01,3.26,2
1239,1,0.01,3.12,2
1240,1,0.01,3.06,2
1241,1,0.01,3.08,2
1242,1,0.01,3.26,2
1243,1,0.01,2.92,2
1244,1,0.01,2.68,2
1245,1,0.01,3.1,2
1246,1,0.01,3.24,2
1247,1,0.01,2.66,2
1248,1,0.01,2.88,2
1249,1,0.01,3.2,2
1250,1,0.01,3.14,2
1251,1,0.01,2.72,2
1252,1,0.01,3.14,2
1253,1,0.01,2.84,2
1254,1,0.01,3.54,2
1255,1,0.01,3.3,2
1256,1,0.01,3.28,2
1257,1,0.01,3.38,2
1258,1,0.01,3.12,2
1259,1,0.01,3.46,2
1260,1,0.01,3.06,2
1261,1,0.01,2.78,2
1262,1,0.01,2.76,2
1263,1,0.01,2.94,2
1264,1,0.01,3.22,2
1265,1,0.01,2.82,2
1266,1,0.01,2.72,2
1267,1,0.01,3.04,2
1268,1,0.01,2.8,2
1269,1,0.01,3.18,2
1270,1,0.01,3.02,2
1271,1,0.01,3.32,2
1272,1,0.01,3.4,2
1273,1,0.01,3.36,2
1274,1,0.01,2.96,2
1275,1,0.01,2.94,2
1276,1,0.01,3.18,2
1277,1,0.01,3.3,2
1278,1,0.01,3.22,2
1279,1,0.01,3.16,2
1280,1,0.01,3.2,2
1281,1,0.01,3.04,2
1282,1,0.01,3.3,2
1283,1,0.01,3.12,2
1284,1,0.01,3.46,2
1285,1,0.01,3.14,2
1286,1,0.01,3.42,2
1287,1,0.01,2.8,2
1288,1,0.01,3.68,2
1289,1,0.01,3.24,2
1290,1,0.01,3.24,2
1291,1,0.01,3.28,2
1292,1,0.01,3.16,2
1293,1,0.01,3.3,2
1294,1,0.01,3.42,2
1295,1,0.01,2.96,2
1296,1,0.01,2.98,2
1297,1,0.01,3.62,2
1298,1,0.01,3.2,2
1299,1,0.01,3.3,2
1300,1,0.01,2.78,2
1301,1,0.01,2.88,2
1302,1,0.01,3.22,2
1303,1,0.01,3.18,2
1304,1,0.01,3.08,2
1305,1,0.01,3.22,2
1306,1,0.01,3.02,2
1307,1,0.01,3.02,2
1308,1,0.01,2.9,2
1309,1,0.01,3.04,2
1310,1,0.01,3.5,2
1311,1,0.01,2.84,2
1312,1,0.01,3.3,2
1313,1,0.01,2.72,2
1314,1,0.01,2.96,2
1315,1,0.01,3.18,2
1316,1,0.01,3.6,2
1317,1,0.01,3.16,2
1318,1,0.01,2.92,2
1319,1,0.01,3.04,2
1320,1,0.01,3.12,2
1321,1,0.01,3.02,2
1322,1,0.01,3.1,2
1323,1,0.01,2.98,2
1324,1,0.01,3.16,2
1325,1,0.01,2.76,2
1326,1,0.01,2.76,2
1327,1,0.01,3.16,2
1328,1,0.01,3.06,2
1329,1,0.01,3.36,2
1330,1,0.01,3.3,2
1331,1,0.01,3.14,2
1332,1,0.01,2.84,2
1333,1,0.01,3.04,2
1334,1,0.01,3.64,2
1335,1,0.01,3.42,2
1336,1,0.01,3.18,2
1337,1,0.01,2.92,2
1338,1,0.01,3.12,2
1339,1,0.01,3.02,2
1340,1,0.01,2.96,2
1341,1,0.01,2.72,2
1342,1,0.01,2.82,2
1343,1,0.01,2.98,2
1344,1,0.01,3.34,2
1345,1,0.01,3.24,2
1346,1,0.01,2.96,2
1347,1,0.01,2.82,2
1348,1,0.01,3.36,2
1349,1,0.01,2.86,2
1350,1,0.01,2.82,2
1351,1,0.01,2.96,2
1352,1,0.01,3.24,2
1353,1,0.01,3.02,2
1354,1,0.01,3.06,2
1355,1,0.01,3.1,2
1356,1,0.01,3.02,2
1357,1,0.01,2.82,2
1358,1,0.01,3.06,2
1359,1,0.01,2.78,2
1360,1,0.01,3.34,2
1361,1,0.01,3.24,2
1362,1,0.01,3.56,2
1363,1,0.01,3.16,2
1364,1,0.01,3.16,2
1365,1,0.01,2.82,2
1366,1,0.01,2.98,2
1367,1,0.01,2.98,2
1368,1,0.01,3.16,2
1369,1,0.01,2.88,2
1370,1,0.01,2.96,2
1371,1,0.01,3.0,2
1372,1,0.01,3.04,2
1373,1,0.01,3.32,2
1374,1,0.01,2.9,2
1375,1,0.01,2.88,2
1376,1,0.01,2.88,2
1377,1,0.01,3.84,2
1378,1,0.01,2.72,2
1379,1,0.01,3.32,2
1380,1,0.01,2.62,2
1381,1,0.01,2.9,2
1382,1,0.01,3.32,2
1383,1,0.01,3.46,2
1384,1,0.01,3.72,2
1385,1,0.01,3.66,2
1386,1,0.01,3.28,2
1387,1,0.01,2.74,2
1388,1,0.01,3.06,2
1389,1,0.01,2.92,2
1390,1,0.01,3.04,2
1391,1,0.01,2.92,2
1392,1,0.01,3.0,2
1393,1,0.01,3.32,2
1394,1,0.01,2.62,2
1395,1,0.01,2.82,2
1396,1,0.01,2.84,2
1397,1,0.01,3.14,2
1398,1,0.01,2.92,2
1399,1,0.01,3.14,2
1400,1,0.01,2.72,2
1401,1,0.01,2.96,2
1402,1,0.01,3.2,2
1403,1,0.01,3.08,2
1404,1,0.01,2.9,2
1405,1,0.01,3.14,2
1406,1,0.01,3.76,2
1407,1,0.01,3.04,2
1408,1,0.01,3.08,2
1409,1,0.01,3.32,2
1410,1,0.01,3.08,2
1411,1,0.01,2.86,2
1412,1,0.01,3.2,2
1413,1,0.01,2.96,2
1414,1,0.01,2.86,2
1415,1,0.01,3.36,2
1416,1,0.01,3.44,2
1417,1,0.01,3.26,2
1418,1,0.01,2.64,2
1419,1,0.01,3.2,2
1420,1,0.01,2.82,2
1421,1,0.01,3.22,2
1422,1,0.01,3.08,2
1423,1,0.01,3.28,2
1424,1,0.01,3.12,2
1425,1,0.01,2.78,2
1426,1,0.01,3.12,2
1427,1,0.01,3.18,2
1428,1,0.01,2.9,2
1429,1,0.01,3.02,2
1430,1,0.01,3.1,2
1431,1,0.01,3.24,2
1432,1,0.01,3.32,2
1433,1,0.01,3.12,2
1434,1,0.01,2.74,2
1435,1,0.01,3.24,2
1436,1,0.01,2.82,2
1437,1,0.01,3.12,2
1438,1,0.01,2.92,2
1439,1,0.01,3.04,2
1440,1,0.01,3.12,2
1441,1,0.01,3.64,2
1442,1,0.01,3.16,2
1443,1,0.01,3.38,2
1444,1,0.01,3.3,2
1445,1,0.01,3.08,2
1446,1,0.01,3.44,2
1447,1,0.01,3.42,2
1448,1,0.01,3.36,2
1449,1,0.01,2.92,2
1450,1,0.01,3.08,2
1451,1,0.01,2.96,2
1452,1,0.01,3.02,2
1453,1,0.01,2.88,2
1454,1,0.01,2.88,2
1455,1,0.01,3.5,2
1456,1,0.01,3.64,2
1457,1,0.01,3.08,2
1458,1,0.01,3.48,2
1459,1,0.01,2.8,2
1460,1,0.01,3.22,2
1461,1,0.01,2.98,2
1462,1,0.01,2.9,2
1463,1,0.01,3.02,2
1464,1,0.01,2.66,2
1465,1,0.01,2.98,2
1466,1,0.01,3.34,2
1467,1,0.01,2.66,2
1468,1,0.01,3.0,2
1469,1,0.01,2.84,2
1470,1,0.01,3.66,2
1471,1,0.01,3.0,2
1472,1,0.01,3.46,2
1473,1,0.01,3.32,2
1474,1,0.01,2.76,2
1475,1,0.01,3.08,2
1476,1,0.01,2.88,2
1477,1,0.01,2.82,2
1478,1,0.01,3.22,2
1479,1,0.01,3.0,2
1480,1,0.01,3.1,2
1481,1,0.01,3.18,2
1482,1,0.01,3.12,2
1483,1,0.01,3.66,2
1484,1,0.01,3.34,2
1485,1,0.01,3.08,2
1486,1,0.01,3.38,2
1487,1,0.01,2.94,2
1488,1,0.01,2.84,2
1489,1,0.01,3.1,2
1490,1,0.01,3.5,2
1491,1,0.01,3.12,2
1492,1,0.01,2.94,2
1493,1,0.01,3.64,2
1494,1,0.01,3.06,2
1495,1,0.01,2.94,2
1496,1,0.01,3.58,2
1497,1,0.01,3.06,2
1498,1,0.01,3.1,2
1499,1,0.01,3.28,2
1500,1,0.01,2.9,2
1501,1,0.01,2.92,2
1502,1,0.01,2.96,2
1503,1,0.01,3.38,2
1504,1,0.01,3.4,2
1505,1,0.01,3.3,2
1506,1,0.01,2.82,2
1507,1,0.01,3.28,2
1508,1,0.01,3.16,2
1509,1,0.01,3.14,2
1510,1,0.01,3.14,2
1511,1,0.01,3.22,2
1512,1,0.01,2.84,2
1513,1,0.01,3.08,2
1514,1,0.01,3.56,2
1515,1,0.01,3.52,2
1516,1,0.01,3.04,2
1517,1,0.01,3.0,2
1518,1,0.01,2.88,2
1519,1,0.01,2.92,2
1520,1,0.01,3.62,2
1521,1,0.01,3.44,2
1522,1,0.01,2.96,2
1523,1,0.01,3.1,2
1524,1,0.01,3.54,2
1525,1,0.01,3.14,2
1526,1,0.01,3.34,2
1527,1,0.01,3.18,2
1528,1,0.01,2.98,2
1529,1,0.01,3.14,2
1530,1,0.01,2.98,2
1531,1,0.01,3.08,2
1532,1,0.01,3.16,2
1533,1,0.01,2.96,2
1534,1,0.01,3.46,2
1535,1,0.01,3.06,2
1536,1,0.01,3.16,2
1537,1,0.01,3.18,2
1538,1,0.01,2.72,2
1539,1,0.01,3.3,2
1540,1,0.01,3.06,2
1541,1,0.01,2.8,2
1542,1,0.01,2.88,2
1543,1,0.01,2.82,2
1544,1,0.01,3.36,2
1545,1,0.01,3.28,2
1546,1,0.01,3.2,2
1547,1,0.01,3.58,2
1548,1,0.01,3.46,2
1549,1,0.01,2.6,2
1550,1,0.01,2.82,2
1551,1,0.01,2.8,2
1552,1,0.01,3.0,2
1553,1,0.01,2.7,2
1554,1,0.01,3.06,2
1555,1,0.01,3.18,2
1556,1,0.01,3.28,2
1557,1,0.01,3.34,2
1558,1,0.01,2.94,2
1559,1,0.01,3.04,2
1560,1,0.01,3.24,2
1561,1,0.01,3.22,2
1562,1,0.01,3.34,2
1563,1,0.01,3.48,2
1564,1,0.01,3.38,2
1565,1,0.01,2.56,2
1566,1,0.01,3.34,2
1567,1,0.01,3.1,2
1568,1,0.01,3.04,2
1569,1,0.01,2.96,2
1570,1,0.01,3.18,2
1571,1,0.01,2.86,2
1572,1,0.01,2.94,2
1573,1,0.01,2.8,2
1574,1,0.01,2.64,2
1575,1,0.01,3.24,2
1576,1,0.01,2.96,2
1577,1,0.01,2.6,2
1578,1,0.01,2.98,2
1579,1,0.01,3.52,2
1580,1,0.01,3.04,2
1581,1,0.01,3.08,2
1582,1,0.01,2.72,2
1583,1,0.01,3.22,2
1584,1,0.01,2.88,2
1585,1,0.01,3.18,2
1586,1,0.01,3.42,2
1587,1,0.01,2.94,2
1588,1,0.01,3.0,2
1589,1,0.01,3.06,2
1590,1,0.01,3.18,2
1591,1,0.01,3.3,2
1592,1,0.01,3.62,2
1593,1,0.01,3.1,2
1594,1,0.01,3.44,2
1595,1,0.01,2.92,2
1596,1,0.01,3.82,2
1597,1,0.01,2.94,2
1598,1,0.01,3.1,2
1599,1,0.01,3.3,2
1600,1,0.01,3.36,2
1601,1,0.01,3.34,2
1602,1,0.01,3.18,2
1603,1,0.01,3.28,2
1604,1,0.01,3.24,2
1605,1,0.01,3.1,2
1606,1,0.01,2.86,2
1607,1,0.01,3.06,2
1608,1,0.01,3.46,2
1609,1,0.01,2.8,2
1610,1,0.01,3.06,2
1611,1,0.01,2.6,2
1612,1,0.01,3.14,2
1613,1,0.01,3.6,2
1614,1,0.01,2.82,2
1615,1,0.01,3.12,2
1616,1,0.01,3.26,2
1617,1,0.01,3.14,2
1618,1,0.01,2.72,2
1619,1,0.01,3.22,2
1620,1,0.01,2.98,2
1621,1,0.01,2.98,2
1622,1,0.01,3.5,2
1623,1,0.01,3.18,2
1624,1,0.01,2.78,2
1625,1,0.01,3.5,2
1626,1,0.01,3.22,2
1627,1,0.01,3.5,2
1628,1,0.01,3.02,2
1629,1,0.01,2.84,2
1630,1,0.01,2.9,2
1631,1,0.01,2.72,2
1632,1,0.01,2.92,2
1633,1,0.01,3.02,2
1634,1,0.01,2.76,2
1635,1,0.01,3.42,2
1636,1,0.01,2.94,2
1637,1,0.01,3.5,2
1638,1,0.01,3.08,2
1639,1,0.01,2.94,2
1640,1,0.01,2.86,2
1641,1,0.01,2.9,2
1642,1,0.01,3.3,2
1643,1,0.01,3.34,2
1644,1,0.01,3.3,2
1645,1,0.01,3.22,2
1646,1,0.01,2.94,2
1647,1,0.01,2.92,2
1648,1,0.01,2.96,2
1649,1,0.01,2.74,2
1650,1,0.01,3.16,2
1651,1,0.01,3.4,2
1652,1,0.01,3.42,2
1653,1,0.01,2.82,2
1654,1,0.01,2.88,2
1655,1,0.01,3.2,2
1656,1,0.01,3.02,2
1657,1,0.01,3.4,2
1658,1,0.01,2.92,2
1659,1,0.01,2.52,2
1660,1,0.01,2.9,2
1661,1,0.01,3.32,2
1662,1,0.01,2.92,2
1663,1,0.01,2.92,2
1664,1,0.01,3.32,2
1665,1,0.01,3.24,2
1666,1,0.01,3.08,2
1667,1,0.01,3.14,2
1668,1,0.01,2.9,2
1669,1,0.01,2.9,2
1670,1,0.01,3.4,2
1671,1,0.01,3.04,2
1672,1,0.01,2.78,2
1673,1,0.01,3.06,2
1674,1,0.01,3.46,2
1675,1,0.01,3.26,2
1676,1,0.01,3.28,2
1677,1,0.01,3.12,2
1678,1,0.01,3.48,2
1679,1,0.01,3.3,2
1680,1,0.01,3.18,2
1681,1,0.01,3.12,2
1682,1,0.01,3.4,2
1683,1,0.01,3.06,2
1684,1,0.01,3.34,2
1685,1,0.01,2.84,2
1686,1,0.01,3.12,2
1687,1,0.01,2.94,2
1688,1,0.01,2.96,2
1689,1,0.01,2.92,2
1690,1,0.01,3.0,2
1691,1,0.01,2.86,2
1692,1,0.01,3.24,2
1693,1,0.01,3.22,2
1694,1,0.01,3.14,2
1695,1,0.01,2.74,2
1696,1,0.01,3.32,2
1697,1,0.01,2.96,2
1698,1,0.01,3.1,2
1699,1,0.01,3.04,2
1700,1,0.01,3.04,2
1701,1,0.01,2.98,2
1702,1,0.01,2.94,2
1703,1,0.01,3.24,2
1704,1,0.01,3.28,2
1705,1,0.01,3.22,2
1706,1,0.01,2.68,2
1707,1,0.01,3.66,2
1708,1,0.01,3.14,2
1709,1,0.01,3.34,2
1710,1,0.01,2.84,2
1711,1,0.01,3.52,2
1712,1,0.01,3.14,2
1713,1,0.01,3.08,2
1714,1,0.01,3.28,2
1715,1,0.01,2.98,2
1716,1,0.01,2.94,2
1717,1,0.01,2.8,2
1718,1,0.01,2.68,2
1719,1,0.01,3.0,2
1720,1,0.01,3.44,2
1721,1,0.01,3.4,2
1722,1,0.01,3.46,2
1723,1,0.01,3.36,2
1724,1,0.01,2.94,2
1725,1,0.01,3.06,2
1726,1,0.01,2.8,2
1727,1,0.01,2.9,2
1728,1,0.01,3.42,2
1729,1,0.01,3.12,2
1730,1,0.01,3.16,2
1731,1,0.01,2.88,2
1732,1,0.01,3.14,2
1733,1,0.01,3.06,2
1734,1,0.01,2.54,2
1735,1,0.01,2.96,2
1736,1,0.01,2.7,2
1737,1,0.01,3.62,2
1738,1,0.01,2.92,2
1739,1,0.01,3.3,2
1740,1,0.01,3.22,2
1741,1,0.01,2.52,2
1742,1,0.01,3.68,2
1743,1,0.01,2.98,2
1744,1,0.01,2.88,2
1745,1,0.01,3.18,2
1746,1,0.01,3.46,2
1747,1,0.01,2.84,2
1748,1,0.01,3.08,2
1749,1,0.01,3.1,2
1750,1,0.01,3.32,2
1751,1,0.01,3.04,2
1752,1,0.01,3.08,2
1753,1,0.01,3.18,2
1754,1,0.01,2.9,2
1755,1,0.01,2.66,2
1756,1,0.01,3.08,2
1757,1,0.01,2.74,2
1758,1,0.01,2.92,2
1759,1,0.01,2.8,2
1760,1,0.01,3.14,2
1761,1,0.01,3.38,2
1762,1,0.01,3.06,2
1763,1,0.01,3.32,2
1764,1,0.01,3.44,2
1765,1,0.01,2.96,2
1766,1,0.01,2.94,2
1767,1,0.01,3.5,2
1768,1,0.01,3.1,2
1769,1,0.01,3.08,2
1770,1,0.01,3.22,2
1771,1,0.01,3.38,2
1772,1,0.01,2.72,2
1773,1,0.01,2.96,2
1774,1,0.01,3.26,2
1775,1,0.01,3.3,2
1776,1,0.01,2.8,2
1777,1,0.01,2.9,2
1778,1,0.01,3.48,2
1779,1,0.01,3.02,2
1780,1,0.01,3.3,2
1781,1,0.01,2.74,2
1782,1,0.01,2.98,2
1783,1,0.01,3.04,2
1784,1,0.01,2.86,2
1785,1,0.01,2.94,2
1786,1,0.01,3.1,2
1787,1,0.01,3.1,2
1788,1,0.01,3.0,2
1789,1,0.01,3.0,2
1790,1,0.01,3.52,2
1791,1,0.01,3.38,2
1792,1,0.01,3.04,2
1793,1,0.01,3.18,2
1794,1,0.01,3.14,2
1795,1,0.01,2.94,2
1796,1,0.01,3.08,2
1797,1,0.01,2.82,2
1798,1,0.01,2.86,2
1799,1,0.01,3.2,2
1800,1,0.01,3.32,2
1801,1,0.01,2.86,2
1802,1,0.01,2.82,2
1803,1,0.01,3.18,2
1804,1,0.01,2.92,2
1805,1,0.01,3.16,2
1806,1,0.01,3.0,2
1807,1,0.01,2.92,2
1808,1,0.01,3.02,2
1809,1,0.01,3.12,2
1810,1,0.01,2.98,2
1811,1,0.01,3.06,2
1812,1,0.01,3.1,2
1813,1,0.01,3.1,2
1814,1,0.01,3.12,2
1815,1,0.01,3.36,2
1816,1,0.01,3.4,2
1817,1,0.01,2.94,2
1818,1,0.01,2.98,2
1819,1,0.01,3.02,2
1820,1,0.01,3.16,2
1821,1,0.01,3.0,2
1822,1,0.01,2.72,2
1823,1,0.01,2.96,2
1824,1,0.01,2.74,2
1825,1,0.01,2.9,2
1826,1,0.01,3.16,2
1827,1,0.01,3.24,2
1828,1,0.01,2.92,2
1829,1,0.01,3.06,2
1830,1,0.01,2.68,2
1831,1,0.01,3.14,2
1832,1,0.01,2.94,2
1833,1,0.01,3.4,2
1834,1,0.01,3.14,2
1835,1,0.01,3.62,2
1836,1,0.01,3.44,2
1837,1,0.01,2.68,2
1838,1,0.01,3.22,2
1839,1,0.01,2.66,2
1840,1,0.01,2.74,2
1841,1,0.01,2.96,2
1842,1,0.01,2.48,2
1843,1,0.01,3.04,2
1844,1,0.01,3.06,2
1845,1,0.01,3.08,2
1846,1,0.01,3.26,2
1847,1,0.01,3.32,2
1848,1,0.01,3.04,2
1849,1,0.01,2.92,2
1850,1,0.01,2.72,2
1851,1,0.01,3.32,2
1852,1,0.01,2.82,2
1853,1,0.01,3.0,2
1854,1,0.01,3.06,2
1855,1,0.01,2.9,2
1856,1,0.01,3.22,2
1857,1,0.01,3.18,2
1858,1,0.01,3.06,2
1859,1,0.01,3.16,2
1860,1,0.01,2.96,2
1861,1,0.01,3.08,2
1862,1,0.01,2.92,2
1863,1,0.01,3.74,2
1864,1,0.01,3.38,2
1865,1,0.01,3.64,2
1866,1,0.01,3.1,2
1867,1,0.01,2.96,2
1868,1,0.01,3.16,2
1869,1,0.01,3.12,2
1870,1,0.01,3.02,2
1871,1,0.01,3.1,2
1872,1,0.01,3.16,2
1873,1,0.01,3.34,2
1874,1,0.01,3.2,2
1875,1,0.01,3.04,2
1876,1,0.01,3.64,2
1877,1,0.01,3.12,2
1878,1,0.01,3.06,2
1879,1,0.01,2.96,2
1880,1,0.01,3.02,2
1881,1,0.01,3.28,2
1882,1,0.01,2.84,2
1883,1,0.01,3.06,2
1884,1,0.01,3.24,2
1885,1,0.01,3.38,2
1886,1,0.01,3.08,2
1887,1,0.01,3.34,2
1888,1,0.01,3.3,2
1889,1,0.01,3.12,2
1890,1,0.01,3.12,2
1891,1,0.01,3.06,2
1892,1,0.01,2.78,2
1893,1,0.01,3.26,2
1894,1,0.01,2.62,2
1895,1,0.01,2.96,2
1896,1,0.01,3.0,2
1897,1,0.01,3.48,2
1898,1,0.01,3.12,2
1899,1,0.01,3.54,2
1900,1,0.01,2.98,2
1901,1,0.01,3.1,2
1902,1,0.01,2.72,2
1903,1,0.01,3.04,2
1904,1,0.01,3.22,2
1905,1,0.01,3.38,2
1906,1,0.01,2.96,2
1907,1,0.01,3.1,2
1908,1,0.01,3.04,2
1909,1,0.01,3.38,2
1910,1,0.01,3.4,2
1911,1,0.01,3.1,2
1912,1,0.01,3.02,2
1913,1,0.01,3.08,2
1914,1,0.01,3.1,2
1915,1,0.01,2.8,2
1916,1,0.01,2.94,2
1917,1,0.01,3.04,2
1918,1,0.01,3.46,2
1919,1,0.01,3.4,2
1920,1,0.01,3.04,2
1921,1,0.01,3.4,2
1922,1,0.01,3.46,2
1923,1,0.01,3.02,2
1924,1,0.01,3.66,2
1925,1,0.01,3.78,2
1926,1,0.01,3.08,2
1927,1,0.01,3.16,2
1928,1,0.01,2.98,2
1929,1,0.01,3.3,2
1930,1,0.01,2.98,2
1931,1,0.01,3.24,2
1932,1,0.01,3.06,2
1933,1,0.01,2.98,2
1934,1,0.01,2.98,2
1935,1,0.01,3.3,2
1936,1,0.01,2.9,2
1937,1,0.01,3.5,2
1938,1,0.01,2.84,2
1939,1,0.01,2.76,2
1940,1,0.01,3.0,2
1941,1,0.01,2.8,2
1942,1,0.01,3.2,2
1943,1,0.01,3.0,2
1944,1,0.01,2.98,2
1945,1,0.01,3.04,2
1946,1,0.01,3.38,2
1947,1,0.01,3.52,2
1948,1,0.01,3.06,2
1949,1,0.01,3.38,2
1950,1,0.01,2.92,2
1951,1,0.01,2.88,2
1952,1,0.01,3.16,2
1953,1,0.01,3.4,2
1954,1,0.01,3.56,2
1955,1,0.01,2.96,2
1956,1,0.01,3.1,2
1957,1,0.01,2.76,2
1958,1,0.01,2.86,2
1959,1,0.01,3.54,2
1960,1,0.01,2.92,2
1961,1,0.01,3.14,2
1962,1,0.01,3.04,2
1963,1,0.01,2.6,2
1964,1,0.01,3.0,2
1965,1,0.01,2.72,2
1966,1,0.01,3.24,2
1967,1,0.01,3.3,2
1968,1,0.01,3.08,2
1969,1,0.01,2.74,2
1970,1,0.01,3.26,2
1971,1,0.01,3.5,2
1972,1,0.01,3.0,2
1973,1,0.01,3.4,2
1974,1,0.01,3.14,2
1975,1,0.01,2.9,2
1976,1,0.01,3.34,2
1977,1,0.01,3.1,2
1978,1,0.01,3.1,2
1979,1,0.01,3.12,2
1980,1,0.01,3.46,2
1981,1,0.01,3.34,2
1982,1,0.01,2.94,2
1983,1,0.01,2.84,2
1984,1,0.01,3.38,2
1985,1,0.01,3.52,2
1986,1,0.01,3.14,2
1987,1,0.01,3.02,2
1988,1,0.01,3.22,2
1989,1,0.01,3.18,2
1990,1,0.01,3.26,2
1991,1,0.01,2.8,2
1992,1,0.01,3.32,2
1993,1,0.01,3.26,2
1994,1,0.01,3.12,2
1995,1,0.01,3.3,2
1996,1,0.01,2.82,2
1997,1,0.01,3.3,2
1998,1,0.01,3.4,2
1999,1,0.01,3.1,2
2000,1,0.01,3.46,2
0,2,0.01,57.54,44
1,2,0.01,48.68,40
2,2,0.01,43.82,38
3,2,0.01,39.12,35
4,2,0.01,36.58,34
5,2,0.01,35.22,32
6,2,0.01,33.28,31
7,2,0.01,31.58,29
8,2,0.01,30.1,28
9,2,0.01,28.78,27
10,2,0.01,27.58,26
11,2,0.01,26.36,25
12,2,0.01,25.9,24
13,2,0.01,25.28,23
14,2,0.01,24.38,23
15,2,0.01,23.86,22
16,2,0.01,23.22,21
17,2,0.01,22.44,21
18,2,0.01,21.82,20
19,2,0.01,21.14,20
20,2,0.01,20.72,19
21,2,0.01,20.22,19
22,2,0.01,19.8,18
23,2,0.01,19.4,17
24,2,0.01,18.24,16
25,2,0.01,17.2,15
26,2,0.01,15.8,14
27,2,0.01,14.94,14
28,2,0.01,14.7,14
29,2,0.01,14.76,14
30,2,0.01,14.72,13
31,2,0.01,14.44,12
32,2,0.01,13.78,12
33,2,0.01,12.84,12
34,2,0.01,12.64,12
35,2,0.01,13.02,12
36,2,0.01,12.8,12
37,2,0.01,12.54,12
38,2,0.01,13.08,12
39,2,0.01,12.7,10
40,2,0.01,11.34,9
41,2,0.01,10.12,9
42,2,0.01,9.92,9
43,2,0.01,10.36,9
44,2,0.01,10.14,9
45,2,0.01,9.98,9
46,2,0.01,9.88,8
47,2,0.01,9.68,8
48,2,0.01,8.86,8
49,2,0.01,9.06,8
50,2,0.01,8.8,8
51,2,0.01,9.0,8
52,2,0.01,9.0,8
53,2,0.01,8.68,8
54,2,0.01,8.84,8
55,2,0.01,8.9,7
56,2,0.01,8.14,7
57,2,0.01,8.06,7
58,2,0.01,8.3,7
59,2,0.01,8.36,7
60,2,0.01,8.3,7
61,2,0.01,7.76,7
62,2,0.01,8.3,7
63,2,0.01,7.8,7
64,2,0.01,8.18,7
65,2,0.01,7.98,7
66,2,0.01,7.98,7
67,2,0.01,7.96,7
68,2,0.01,8.04,7
69,2,0.01,8.3,7
70,2,0.01,7.8,7
71,2,0.01,8.48,7
72,2,0.01,8.16,7
73,2,0.01,8.52,7
74,2,0.01,8.46,7
75,2,0.01,8.2,7
76,2,0.01,7.82,7
77,2,0.01,8.14,7
78,2,0.01,7.56,7
79,2,0.01,7.82,7
80,2,0.01,8.06,7
81,2,0.01,7.98,7
82,2,0.01,7.9,7
83,2,0.01,7.78,7
84,2,0.01,8.06,7
85,2,0.01,7.74,7
86,2,0.01,8.32,7
87,2,0.01,7.92,7
88,2,0.01,7.94,7
89,2,0.01,7.82,7
90,2,0.01,7.64,7
91,2,0.01,8.28,7
92,2,0.01,7.92,7
93,2,0.01,8.12,7
94,2,0.01,7.98,7
95,2,0.01,7.8,7
96,2,0.01,8.1,7
97,2,0.01,7.7,7
98,2,0.01,7.96,7
99,2,0.01,7.94,7
100,2,0.01,8.28,7
101,2,0.01,8.46,7
102,2,0.01,7.96,7
103,2,0.01,8.26,7
104,2,0.01,8.3,7
105,2,0.01,7.72,7
106,2,0.01,7.86,7
107,2,0.01,8.02,7
108,2,0.01,8.12,7
109,2,0.01,8.22,7
110,2,0.01,8.08,7
111,2,0.01,7.98,7
112,2,0.01,8.02,7
113,2,0.01,8.18,7
114,2,0.01,8.14,7
115,2,0.01,8.04,7
116,2,0.01,7.76,7
117,2,0.01,8.16,7
118,2,0.01,8.24,7
119,2,0.01,8.0,7
120,2,0.01,7.92,7
121,2,0.01,7.8,7
122,2,0.01,7.68,7
123,2,0.01,8.36,7
124,2,0.01,8.28,7
125,2,0.01,7.98,7
126,2,0.01,7.74,7
127,2,0.01,7.86,7
128,2,0.01,7.94,7
129,2,0.01,8.1,7
130,2,0.01,8.02,7
131,2,0.01,8.24,7
132,2,0.01,7.66,7
133,2,0.01,7.92,7
134,2,0.01,7.9,7
135,2,0.01,8.38,7
136,2,0.01,8.1,7
137,2,0.01,8.2,7
138,2,0.01,8.1,7
139,2,0.01,7.66,7
140,2,0.01,7.98,7
141,2,0.01,7.86,7
142,2,0.01,8.02,7
143,2,0.01,7.92,7
144,2,0.01,8.16,7
145,2,0.01,8.4,7
146,2,0.01,8.06,7
147,2,0.01,8.0,7
148,2,0.01,7.88,7
149,2,0.01,7.68,7
150,2,0.01,8.36,7
151,2,0.01,8.06,7
152,2,0.01,7.96,6
153,2,0.01,7.3,6
154,2,0.01,7.08,6
155,2,0.01,6.86,6
156,2,0.01,6.84,6
157,2,0.01,7.04,6
158,2,0.01,6.7,6
159,2,0.01,6.86,6
160,2,0.01,7.34,6
161,2,0.01,7.0,6
162,2,0.01,7.0,6
163,2,0.01,7.06,6
164,2,0.01,6.86,6
165,2,0.01,7.3,6
166,2,0.01,6.7,6
167,2,0.01,7.18,6
168,2,0.01,6.86,6
169,2,0.01,6.94,6
170,2,0.01,6.8,6
171,2,0.01,7.22,6
172,2,0.01,6.92,6
173,2,0.01,6.84,5
174,2,0.01,6.64,5
175,2,0.01,6.18,5
176,2,0.01,6.14,5
177,2,0.01,6.04,5
178,2,0.01,6.18,5
179,2,0.01,6.02,5
180,2,0.01,6.04,5
181,2,0.01,6.22,5
182,2,0.01,5.88,5
183,2,0.01,6.16,5
184,2,0.01,6.08,5
185,2,0.01,6.14,5
186,2,0.01,5.74,5
187,2,0.01,6.08,5
188,2,0.01,5.68,5
189,2,0.01,6.06,5
190,2,0.01,5.74,5
191,2,0.01,6.06,5
192,2,0.01,5.58,5
193,2,0.01,6.22,5
194,2,0.01,5.74,5
195,2,0.01,6.14,5
196,2,0.01,6.16,5
197,2,0.01,5.98,5
198,2,0.01,6.24,5
199,2,0.01,6.1,5
200,2,0.01,6.38,5
201,2,0.01,5.7,5
202,2,0.01,6.54,5
203,2,0.01,6.0,5
204,2,0.01,6.04,5
205,2,0.01,5.84,5
206,2,0.01,6.2,5
207,2,0.01,5.88,5
208,2,0.01,6.2,5
209,2,0.01,6.16,5
210,2,0.01,6.1,5
211,2,0.01,6.12,5
212,2,0.01,6.02,5
213,2,0.01,5.78,5
214,2,0.01,6.02,5
215,2,0.01,5.96,5
216,2,0.01,6.22,5
217,2,0.01,5.74,5
218,2,0.01,6.34,5
219,2,0.01,6.74,5
220,2,0.01,5.58,5
221,2,0.01,6.18,5
222,2,0.01,6.24,5
223,2,0.01,5.7,5
224,2,0.01,6.24,5
225,2,0.01,5.74,5
226,2,0.01,5.82,5
227,2,0.01,6.0,5
228,2,0.01,5.52,5
229,2,0.01,6.46,5
230,2,0.01,6.04,5
231,2,0.01,6.0,5
232,2,0.01,5.82,5
233,2,0.01,6.18,5
234,2,0.01,6.0,5
235,2,0.01,5.8,5
236,2,0.01,5.7,5
237,2,0.01,6.12,5
238,2,0.01,6.36,5
239,2,0.01,6.44,5
240,2,0.01,6.06,5
241,2,0.01,5.98,5
242,2,0.01,6.24,5
243,2,0.01,5.9,5
244,2,0.01,6.0,5
245,2,0.01,5.8,5
246,2,0.01,6.04,5
247,2,0.01,6.12,5
248,2,0.01,6.08,5
249,2,0.01,5.94,5
250,2,0.01,6.06,5
251,2,0.01,6.18,5
252,2,0.01,5.9,5
253,2,0.01,6.18,5
254,2,0.01,6.06,5
255,2,0.01,5.82,5
256,2,0.01,6.0,5
257,2,0.01,6.26,5
258,2,0.01,6.12,5
259,2,0.01,6.4,5
260,2,0.01,5.86,5
261,2,0.01,5.52,5
262,2,0.01,5.78,5
263,2,0.01,6.1,5
264,2,0.01,6.12,5
265,2,0.01,6.1,5
266,2,0.01,5.94,5
267,2,0.01,5.94,5
268,2,0.01,5.98,5
269,2,0.01,6.38,5
270,2,0.01,6.2,5
271,2,0.01,6.28,5
272,2,0.01,6.12,5
273,2,0.01,5.78,5
274,2,0.01,5.72,5
275,2,0.01,5.92,5
276,2,0.01,5.9,5
277,2,0.01,5.88,5
278,2,0.01,5.98,5
279,2,0.01,6.06,5
280,2,0.01,6.28,5
281,2,0.01,5.94,5
282,2,0.01,6.56,5
283,2,0.01,5.86,5
284,2,0.01,6.2,5
285,2,0.01,6.16,5
286,2,0.01,5.88,5
287,2,0.01,5.8,4
288,2,0.01,5.32,4
289,2,0.01,4.96,4
290,2,0.01,4.82,4
291,2,0.01,4.96,4
292,2,0.01,4.7,4
293,2,0.01,5.28,4
294,2,0.01,4.96,4
295,2,0.01,4.94,4
296,2,0.01,4.98,4
297,2,0.01,5.18,4
298,2,0.01,4.94,4
299,2,0.01,4.96,4
300,2,0.01,5.24,4
301,2,0.01,4.92,4
302,2,0.01,5.22,4
303,2,0.01,5.12,4
304,2,0.01,4.82,4
305,2,0.01,5.0,4
306,2,0.01,5.2,4
307,2,0.01,5.16,4
308,2,0.01,5.26,4
309,2,0.01,5.0,4
310,2,0.01,5.52,4
311,2,0.01,5.16,4
312,2,0.01,5.08,4
313,2,0.01,4.9,4
314,2,0.01,4.64,4
315,2,0.01,5.3,4
316,2,0.01,5.06,4
317,2,0.01,5.22,4
318,2,0.01,5.36,4
319,2,0.01,5.3,4
320,2,0.01,4.98,4
321,2,0.01,4.7,4
322,2,0.01,5.54,4
323,2,0.01,5.3,4
324,2,0.01,4.74,4
325,2,0.01,5.08,4
326,2,0.01,5.04,4
327,2,0.01,5.62,4
328,2,0.01,5.32,4
329,2,0.01,5.1,4
330,2,0.01,4.74,4
331,2,0.01,5.1,4
332,2,0.01,5.48,4
333,2,0.01,5.32,4
334,2,0.01,4.68,4
335,2,0.01,5.28,4
336,2,0.01,4.6,4
337,2,0.01,5.4,4
338,2,0.01,4.64,4
339,2,0.01,5.14,4
340,2,0.01,5.06,4
341,2,0.01,4.84,4
342,2,0.01,5.06,4
343,2,0.01,5.22,4
344,2,0.01,4.78,4
345,2,0.01,5.2,4
346,2,0.01,4.92,4
347,2,0.01,5.44,4
348,2,0.01,5.04,4
349,2,0.01,5.36,4
350,2,0.01,5.44,4
351,2,0.01,5.16,4
352,2,0.01,5.32,4
353,2,0.01,4.78,4
354,2,0.01,5.12,4
355,2,0.01,4.96,4
356,2,0.01,5.16,4
357,2,0.01,4.76,4
358,2,0.01,5.4,4
359,2,0.01,5.0,4
360,2,0.01,5.26,4
361,2,0.01,5.16,4
362,2,0.01,5.08,4
363,2,0.01,5.46,4
364,2,0.01,4.92,4
365,2,0.01,4.9,4
366,2,0.01,5.12,4
367,2,0.01,4.66,4
368,2,0.01,5.44,4
369,2,0.01,5.36,4
370,2,0.01,5.42,4
371,2,0.01,5.16,4
372,2,0.01,5.22,4
373,2,0.01,4.72,4
374,2,0.01,4.98,4
375,2,0.01,4.88,4
376,2,0.01,5.26,4
377,2,0.01,4.74,4
378,2,0.01,4.92,4
379,2,0.01,4.84,4
380,2,0.01,5.18,4
381,2,0.01,5.2,4
382,2,0.01,4.92,4
383,2,0.01,5.06,4
384,2,0.01,4.92,4
385,2,0.01,5.2,4
386,2,0.01,4.84,4
387,2,0.01,5.0,4
388,2,0.01,5.02,4
389,2,0.01,5.5,4
390,2,0.01,5.1,4
391,2,0.01,5.24,4
392,2,0.01,4.98,4
393,2,0.01,4.9,4
394,2,0.01,4.82,4
395,2,0.01,4.94,4
396,2,0.01,5.04,4
397,2,0.01,5.18,4
398,2,0.01,5.24,4
399,2,0.01,4.72,3
400,2,0.01,4.56,3
401,2,0.01,4.1,3
402,2,0.01,3.88,3
403,2,0.01,4.04,3
404,2,0.01,4.22,3
405,2,0.01,4.04,3
406,2,0.01,3.98,3
407,2,0.01,3.96,3
408,2,0.01,4.3,3
409,2,0.01,4.0,3
410,2,0.01,4.28,3
411,2,0.01,4.2,3
412,2,0.01,4.08,3
413,2,0.01,3.84,3
414,2,0.01,4.22,3
415,2,0.01,4.28,3
416,2,0.01,3.98,3
417,2,0.01,4.0,3
418,2,0.01,4.3,3
419,2,0.01,4.24,3
420,2,0.01,4.02,3
421,2,0.01,3.82,3
422,2,0.01,4.02,3
423,2,0.01,3.8,3
424,2,0.01,3.94,3
425,2,0.01,4.42,3
426,2,0.01,4.3,3
427,2,0.01,3.9,3
428,2,0.01,4.2,3
429,2,0.01,3.92,3
430,2,0.01,3.82,3
431,2,0.01,4.3,3
432,2,0.01,4.24,3
433,2,0.01,4.3,3
434,2,0.01,4.14,3
435,2,0.01,3.88,3
436,2,0.01,4.4,3
437,2,0.01,4.2,3
438,2,0.01,3.82,3
439,2,0.01,4.2,3
440,2,0.01,3.94,3
441,2,0.01,4.4,3
442,2,0.01,4.34,3
443,2,0.01,3.92,3
444,2,0.01,4.18,3
445,2,0.01,4.56,3
446,2,0.01,4.4,3
447,2,0.01,3.86,3
448,2,0.01,3.78,3
449,2,0.01,4.72,3
450,2,0.01,4.22,3
451,2,0.01,4.48,3
452,2,0.01,3.94,3
453,2,0.01,3.62,3
454,2,0.01,4.18,3
455,2,0.01,3.7,3
456,2,0.01,4.08,3
457,2,0.01,4.24,3
458,2,0.01,4.02,3
459,2,0.01,4.6,3
460,2,0.01,4.16,3
461,2,0.01,4.32,3
462,2,0.01,4.36,3
463,2,0.01,3.98,3
464,2,0.01,4.12,3
465,2,0.01,3.84,3
466,2,0.01,3.98,3
467,2,0.01,3.78,3
468,2,0.01,4.4,3
469,2,0.01,4.04,3
470,2,0.01,4.74,3
471,2,0.01,4.2,3
472,2,0.01,3.8,3
473,2,0.01,4.42,3
474,2,0.01,4.28,3
475,2,0.01,3.86,3
476,2,0.01,4.0,3
477,2,0.01,4.62,3
478,2,0.01,4.2,3
479,2,0.01,4.18,3
480,2,0.01,4.16,3
481,2,0.01,4.3,3
482,2,0.01,3.84,3
483,2,0.01,3.92,3
484,2,0.01,4.0,3
485,2,0.01,4.14,3
486,2,0.01,4.02,3
487,2,0.01,4.14,3
488,2,0.01,3.74,3
489,2,0.01,3.9,3
490,2,0.01,4.3,3
491,2,0.01,3.9,3
492,2,0.01,4.38,3
493,2,0.01,4.02,3
494,2,0.01,3.78,3
495,2,0.01,4.02,3
496,2,0.01,3.54,3
497,2,0.01,4.2,3
498,2,0.01,4.02,3
499,2,0.01,4.04,3
500,2,0.01,4.74,3
501,2,0.01,4.04,3
502,2,0.01,3.96,3
503,2,0.01,4.12,3
504,2,0.01,3.98,3
505,2,0.01,4.04,3
506,2,0.01,3.88,3
507,2,0.01,3.92,3
508,2,0.01,4.16,3
509,2,0.01,4.38,3
510,2,0.01,3.86,3
511,2,0.01,3.9,3
512,2,0.01,3.84,3
513,2,0.01,3.96,3
514,2,0.01,4.38,3
515,2,0.01,4.12,3
516,2,0.01,4.28,3
517,2,0.01,4.44,3
518,2,0.01,4.1,3
519,2,0.01,4.06,3
520,2,0.01,3.64,3
521,2,0.01,3.94,3
522,2,0.01,3.94,3
523,2,0.01,3.88,3
524,2,0.01,4.32,3
525,2,0.01,4.06,3
526,2,0.01,4.04,3
527,2,0.01,4.2,3
528,2,0.01,4.24,3
529,2,0.01,3.92,3
530,2,0.01,4.16,3
531,2,0.01,3.94,3
532,2,0.01,4.02,3
533,2,0.01,4.12,3
534,2,0.01,4.18,3
535,2,0.01,4.3,3
536,2,0.01,4.2,3
537,2,0.01,3.8,3
538,2,0.01,4.54,3
539,2,0.01,4.1,3
540,2,0.01,4.2,3
541,2,0.01,4.38,3
542,2,0.01,4.56,3
543,2,0.01,4.4,3
544,2,0.01,3.98,3
545,2,0.01,4.14,3
546,2,0.01,4.14,3
547,2,0.01,3.86,3
548,2,0.01,4.32,3
549,2,0.01,4.16,3
550,2,0.01,3.8,3
551,2,0.01,3.94,3
552,2,0.01,3.82,3
553,2,0.01,3.92,3
554,2,0.01,4.3,3
555,2,0.01,4.16,3
556,2,0.01,4.32,3
557,2,0.01,4.04,3
558,2,0.01,3.9,3
559,2,0.01,4.34,3
560,2,0.01,3.94,3
561,2,0.01,3.96,3
562,2,0.01,4.04,3
563,2,0.01,4.1,3
564,2,0.01,4.16,3
565,2,0.01,3.96,3
566,2,0.01,4.16,3
567,2,0.01,4.28,3
568,2,0.01,4.58,3
569,2,0.01,4.22,3
570,2,0.01,3.86,3
571,2,0.01,4.96,3
572,2,0.01,3.82,3
573,2,0.01,4.26,3
574,2,0.01,4.48,3
575,2,0.01,3.8,3
576,2,0.01,4.24,3
577,2,0.01,3.74,3
578,2,0.01,3.88,3
579,2,0.01,4.14,3
580,2,0.01,3.98,3
581,2,0.01,3.86,3
582,2,0.01,3.96,3
583,2,0.01,4.42,3
584,2,0.01,3.98,3
585,2,0.01,4.2,3
586,2,0.01,3.96,3
587,2,0.01,4.06,3
588,2,0.01,3.72,3
589,2,0.01,3.92,3
590,2,0.01,3.84,3
591,2,0.01,3.88,3
592,2,0.01,4.22,3
593,2,0.01,4.26,3
594,2,0.01,3.78,3
595,2,0.01,4.14,3
596,2,0.01,4.16,3
597,2,0.01,4.08,3
598,2,0.01,4.06,3
599,2,0.01,3.9,3
600,2,0.01,4.04,3
601,2,0.01,3.84,3
602,2,0.01,4.16,3
603,2,0.01,3.84,3
604,2,0.01,4.22,3
605,2,0.01,4.06,3
606,2,0.01,4.52,3
607,2,0.01,3.6,3
608,2,0.01,4.08,3
609,2,0.01,4.04,3
610,2,0.01,3.76,3
611,2,0.01,4.12,3
612,2,0.01,4.3,3
613,2,0.01,4.2,3
614,2,0.01,3.8,3
615,2,0.01,3.98,3
616,2,0.01,4.06,3
617,2,0.01,3.94,3
618,2,0.01,4.16,3
619,2,0.01,4.4,3
620,2,0.01,3.82,3
621,2,0.01,4.3,3
622,2,0.01,3.98,3
623,2,0.01,3.92,3
624,2,0.01,3.82,3
625,2,0.01,3.84,3
626,2,0.01,4.26,3
627,2,0.01,3.94,3
628,2,0.01,4.08,3
629,2,0.01,4.14,3
630,2,0.01,4.36,3
631,2,0.01,4.06,3
632,2,0.01,3.92,3
633,2,0.01,4.3,3
634,2,0.01,4.02,3
635,2,0.01,3.84,3
636,2,0.01,3.72,3
637,2,0.01,4.08,3
638,2,0.01,3.92,3
639,2,0.01,3.88,3
640,2,0.01,3.92,3
641,2,0.01,4.16,3
642,2,0.01,3.82,3
643,2,0.01,4.34,3
644,2,0.01,4.02,3
645,2,0.01,4.0,3
646,2,0.01,3.8,3
647,2,0.01,3.64,3
648,2,0.01,4.3,3
649,2,0.01,3.94,3
650,2,0.01,4.14,3
651,2,0.01,3.98,3
652,2,0.01,4.14,3
653,2,0.01,3.94,3
654,2,0.01,3.8,3
655,2,0.01,4.38,3
656,2,0.01,4.32,3
657,2,0.01,3.68,3
658,2,0.01,3.84,3
659,2,0.01,4.06,3
660,2,0.01,3.84,3
661,2,0.01,4.36,3
662,2,0.01,3.94,3
663,2,0.01,4.24,3
664,2,0.01,4.46,3
665,2,0.01,4.26,3
666,2,0.01,4.1,3
667,2,0.01,4.58,3
668,2,0.01,3.94,3
669,2,0.01,4.28,3
670,2,0.01,3.88,3
671,2,0.01,4.32,3
672,2,0.01,4.58,3
673,2,0.01,4.18,3
674,2,0.01,4.02,3
675,2,0.01,3.54,3
676,2,0.01,4.1,3
677,2,0.01,3.78,3
678,2,0.01,4.22,3
679,2,0.01,4.24,3
680,2,0.01,4.0,3
681,2,0.01,4.36,3
682,2,0.01,4.34,3
683,2,0.01,3.88,3
684,2,0.01,4.06,3
685,2,0.01,4.28,3
686,2,0.01,4.04,3
687,2,0.01,3.88,3
688,2,0.01,3.88,3
689,2,0.01,4.04,3
690,2,0.01,4.22,3
691,2,0.01,4.0,3
692,2,0.01,3.78,3
693,2,0.01,4.2,3
694,2,0.01,4.1,3
695,2,0.01,4.4,3
696,2,0.01,4.52,3
697,2,0.01,4.28,3
698,2,0.01,4.2,3
699,2,0.01,3.98,3
700,2,0.01,4.06,3
701,2,0.01,3.88,3
702,2,0.01,4.16,3
703,2,0.01,4.06,3
704,2,0.01,4.12,3
705,2,0.01,4.14,3
706,2,0.01,4.26,3
707,2,0.01,3.98,3
708,2,0.01,4.12,3
709,2,0.01,4.42,3
710,2,0.01,4.32,3
711,2,0.01,3.94,3
712,2,0.01,4.04,3
713,2,0.01,4.06,3
714,2,0.01,4.14,3
715,2,0.01,3.78,3
716,2,0.01,4.6,3
717,2,0.01,4.02,3
718,2,0.01,4.18,3
719,2,0.01,4.24,3
720,2,0.01,4.44,3
721,2,0.01,3.9,3
722,2,0.01,4.2,3
723,2,0.01,3.8,3
724,2,0.01,4.14,3
725,2,0.01,4.36,3
726,2,0.01,3.88,3
727,2,0.01,4.22,3
728,2,0.01,4.2,3
729,2,0.01,4.74,3
730,2,0.01,4.3,3
731,2,0.01,4.42,3
732,2,0.01,4.0,3
733,2,0.01,4.02,3
734,2,0.01,4.44,3
735,2,0.01,3.78,3
736,2,0.01,4.0,3
737,2,0.01,3.96,3
738,2,0.01,4.3,3
739,2,0.01,4.0,3
740,2,0.01,4.36,3
741,2,0.01,4.2,3
742,2,0.01,4.26,3
743,2,0.01,3.9,3
744,2,0.01,4.14,3
745,2,0.01,3.78,3
746,2,0.01,4.26,3
747,2,0.01,4.48,3
748,2,0.01,4.32,3
749,2,0.01,3.88,3
750,2,0.01,4.1,3
751,2,0.01,3.9,3
752,2,0.01,4.22,3
753,2,0.01,3.66,3
754,2,0.01,4.08,3
755,2,0.01,4.24,3
756,2,0.01,3.94,3
757,2,0.01,3.94,3
758,2,0.01,4.04,3
759,2,0.01,4.1,3
760,2,0.01,4.5,3
761,2,0.01,4.36,3
762,2,0.01,4.26,3
763,2,0.01,4.56,3
764,2,0.01,4.18,3
765,2,0.01,4.14,3
766,2,0.01,4.4,3
767,2,0.01,4.0,3
768,2,0.01,3.82,3
769,2,0.01,3.72,3
770,2,0.01,4.28,3
771,2,0.01,4.38,3
772,2,0.01,4.32,3
773,2,0.01,4.14,3
774,2,0.01,3.72,3
775,2,0.01,4.16,3
776,2,0.01,4.02,3
777,2,0.01,4.02,3
778,2,0.01,4.02,3
779,2,0.01,4.22,3
780,2,0.01,4.02,3
781,2,0.01,4.0,3
782,2,0.01,3.92,3
783,2,0.01,3.74,3
784,2,0.01,3.98,3
785,2,0.01,4.0,3
786,2,0.01,4.16,3
787,2,0.01,3.66,3
788,2,0.01,4.28,3
789,2,0.01,4.36,3
790,2,0.01,4.0,3
791,2,0.01,3.8,3
792,2,0.01,3.8,3
793,2,0.01,4.18,3
794,2,0.01,4.3,3
795,2,0.01,3.78,3
796,2,0.01,3.94,3
797,2,0.01,4.02,3
798,2,0.01,4.04,3
799,2,0.01,3.92,3
800,2,0.01,4.06,3
801,2,0.01,3.98,3
802,2,0.01,3.92,3
803,2,0.01,3.86,3
804,2,0.01,4.26,3
805,2,0.01,4.14,3
806,2,0.01,3.74,3
807,2,0.01,4.38,3
808,2,0.01,3.8,3
809,2,0.01,4.32,3
810,2,0.01,3.92,3
811,2,0.01,3.86,3
812,2,0.01,4.38,3
813,2,0.01,4.36,3
814,2,0.01,4.12,3
815,2,0.01,4.32,3
816,2,0.01,4.02,3
817,2,0.01,3.86,3
818,2,0.01,4.12,3
819,2,0.01,4.1,3
820,2,0.01,3.76,3
821,2,0.01,4.28,3
822,2,0.01,4.02,3
823,2,0.01,4.32,3
824,2,0.01,4.1,3
825,2,0.01,4.24,3
826,2,0.01,4.64,3
827,2,0.01,4.2,3
828,2,0.01,3.8,3
829,2,0.01,3.92,3
830,2,0.01,4.1,3
831,2,0.01,4.5,3
832,2,0.01,3.88,3
833,2,0.01,3.94,3
834,2,0.01,3.88,3
835,2,0.01,4.04,3
836,2,0.01,4.14,3
837,2,0.01,4.44,3
838,2,0.01,3.72,3
839,2,0.01,4.22,3
840,2,0.01,4.08,3
841,2,0.01,4.0,3
842,2,0.01,4.12,3
843,2,0.01,4.38,3
844,2,0.01,3.78,3
845,2,0.01,4.16,3
846,2,0.01,4.0,3
847,2,0.01,4.2,3
848,2,0.01,4.02,3
849,2,0.01,4.22,3
850,2,0.01,4.16,3
851,2,0.01,3.86,3
852,2,0.01,4.68,3
853,2,0.01,4.16,3
854,2,0.01,4.28,3
855,2,0.01,3.84,3
856,2,0.01,3.6,3
857,2,0.01,4.06,3
858,2,0.01,4.0,3
859,2,0.01,3.88,3
860,2,0.01,4.1,3
861,2,0.01,4.24,3
862,2,0.01,3.74,3
863,2,0.01,4.34,3
864,2,0.01,4.26,3
865,2,0.01,4.22,3
866,2,0.01,3.96,3
867,2,0.01,4.1,3
868,2,0.01,3.82,3
869,2,0.01,4.08,3
870,2,0.01,4.06,3
871,2,0.01,4.04,3
872,2,0.01,3.92,3
873,2,0.01,3.9,3
874,2,0.01,4.1,3
875,2,0.01,3.84,3
876,2,0.01,3.86,3
877,2,0.01,3.8,3
878,2,0.01,3.96,3
879,2,0.01,4.2,3
880,2,0.01,4.32,3
881,2,0.01,3.96,3
882,2,0.01,4.24,3
883,2,0.01,4.06,3
884,2,0.01,4.06,3
885,2,0.01,4.4,3
886,2,0.01,4.2,3
887,2,0.01,3.78,3
888,2,0.01,4.28,3
889,2,0.01,4.42,3
890,2,0.01,4.06,3
891,2,0.01,4.2,3
892,2,0.01,4.26,3
893,2,0.01,3.96,3
894,2,0.01,4.1,3
895,2,0.01,4.14,3
896,2,0.01,3.74,3
897,2,0.01,3.98,3
898,2,0.01,4.02,3
899,2,0.01,3.98,3
900,2,0.01,4.1,3
901,2,0.01,4.06,3
902,2,0.01,3.8,3
903,2,0.01,4.22,3
904,2,0.01,3.86,3
905,2,0.01,3.92,3
906,2,0.01,3.94,3
907,2,0.01,3.82,3
908,2,0.01,3.8,3
909,2,0.01,3.8,3
910,2,0.01,4.22,3
911,2,0.01,4.06,3
912,2,0.01,4.3,3
913,2,0.01,4.1,3
914,2,0.01,3.94,3
915,2,0.01,4.18,3
916,2,0.01,4.6,3
917,2,0.01,4.1,3
918,2,0.01,4.24,3
919,2,0.01,4.6,3
920,2,0.01,4.46,3
921,2,0.01,4.32,3
922,2,0.01,4.22,3
923,2,0.01,4.04,3
924,2,0.01,4.18,3
925,2,0.01,4.64,3
926,2,0.01,4.2,3
927,2,0.01,4.14,3
928,2,0.01,4.06,3
929,2,0.01,4.04,3
930,2,0.01,4.28,3
931,2,0.01,3.78,3
932,2,0.01,3.78,3
933,2,0.01,4.22,3
934,2,0.01,4.0,3
935,2,0.01,4.32,3
936,2,0.01,3.9,3
937,2,0.01,4.4,3
938,2,0.01,4.34,3
939,2,0.01,3.86,3
940,2,0.01,4.16,3
941,2,0.01,4.02,3
942,2,0.01,3.66,3
943,2,0.01,4.18,3
944,2,0.01,4.12,3
945,2,0.01,4.0,3
946,2,0.01,3.88,3
947,2,0.01,4.34,3
948,2,0.01,4.1,3
949,2,0.01,4.02,3
950,2,0.01,4.34,3
951,2,0.01,4.0,3
952,2,0.01,4.26,3
953,2,0.01,4.3,3
954,2,0.01,3.72,3
955,2,0.01,4.26,3
956,2,0.01,3.86,3
957,2,0.01,4.3,3
958,2,0.01,4.1,3
959,2,0.01,4.22,3
960,2,0.01,3.76,3
961,2,0.01,3.82,3
962,2,0.01,3.74,3
963,2,0.01,3.88,3
964,2,0.01,3.54,3
965,2,0.01,3.7,3
966,2,0.01,4.34,3
967,2,0.01,3.94,3
968,2,0.01,3.96,3
969,2,0.01,3.92,3
970,2,0.01,4.12,3
971,2,0.01,4.24,3
972,2,0.01,3.9,3
973,2,0.01,3.92,3
974,2,0.01,4.42,3
975,2,0.01,4.24,3
976,2,0.01,4.04,3
977,2,0.01,3.76,3
978,2,0.01,4.44,3
979,2,0.01,4.14,3
980,2,0.01,4.02,3
981,2,0.01,3.82,3
982,2,0.01,4.04,3
983,2,0.01,3.86,3
984,2,0.01,4.22,3
985,2,0.01,3.7,3
986,2,0.01,3.72,3
987,2,0.01,4.06,3
988,2,0.01,4.14,3
989,2,0.01,4.28,3
990,2,0.01,4.16,3
991,2,0.01,4.12,3
992,2,0.01,3.94,3
993,2,0.01,4.26,3
994,2,0.01,4.18,3
995,2,0.01,4.0,3
996,2,0.01,3.86,3
997,2,0.01,4.22,3
998,2,0.01,3.84,3
999,2,0.01,4.38,3
1000,2,0.01,4.36,3
1001,2,0.01,4.24,3
1002,2,0.01,4.06,3
1003,2,0.01,4.16,3
1004,2,0.01,4.34,3
1005,2,0.01,4.6,3
1006,2,0.01,4.38,3
1007,2,0.01,4.04,3
1008,2,0.01,4.1,3
1009,2,0.01,4.14,3
1010,2,0.01,4.34,3
1011,2,0.01,4.16,3
1012,2,0.01,3.84,3
1013,2,0.01,3.96,3
1014,2,0.01,3.74,3
1015,2,0.01,3.92,3
1016,2,0.01,3.84,3
1017,2,0.01,4.14,3
1018,2,0.01,3.98,3
1019,2,0.01,4.06,3
1020,2,0.01,3.86,3
1021,2,0.01,4.26,3
1022,2,0.01,4.06,3
1023,2,0.01,3.98,3
1024,2,0.01,3.74,3
1025,2,0.01,3.86,3
1026,2,0.01,3.98,3
1027,2,0.01,4.16,3
1028,2,0.01,3.7,3
1029,2,0.01,4.76,3
1030,2,0.01,4.42,3
1031,2,0.01,4.36,3
1032,2,0.01,3.84,3
1033,2,0.01,3.8,3
1034,2,0.01,4.04,3
1035,2,0.01,3.98,3
1036,2,0.01,3.7,3
1037,2,0.01,4.36,3
1038,2,0.01,3.8,3
1039,2,0.01,3.88,3
1040,2,0.01,3.68,3
1041,2,0.01,3.68,3
1042,2,0.01,3.82,3
1043,2,0.01,3.94,3
1044,2,0.01,3.64,3
1045,2,0.01,4.04,3
1046,2,0.01,4.22,3
1047,2,0.01,3.7,3
1048,2,0.01,4.1,3
1049,2,0.01,4.14,3
1050,2,0.01,4.2,3
1051,2,0.01,3.96,3
1052,2,0.01,4.06,3
1053,2,0.01,4.64,3
1054,2,0.01,4.18,3
1055,2,0.01,3.72,3
1056,2,0.01,4.02,3
1057,2,0.01,4.12,3
1058,2,0.01,4.34,3
1059,2,0.01,4.02,3
1060,2,0.01,4.1,3
1061,2,0.01,4.34,3
1062,2,0.01,4.2,3
1063,2,0.01,4.22,3
1064,2,0.01,4.26,3
1065,2,0.01,4.44,3
1066,2,0.01,4.04,3
1067,2,0.01,4.3,3
1068,2,0.01,4.26,3
1069,2,0.01,4.04,3
1070,2,0.01,3.66,3
1071,2,0.01,4.28,3
1072,2,0.01,4.22,3
1073,2,0.01,4.82,3
1074,2,0.01,4.06,3
1075,2,0.01,4.0,3
1076,2,0.01,4.18,3
1077,2,0.01,4.06,3
1078,2,0.01,4.22,3
1079,2,0.01,4.42,3
1080,2,0.01,3.84,3
1081,2,0.01,3.82,3
1082,2,0.01,4.12,3
1083,2,0.01,3.88,3
1084,2,0.01,4.14,3
1085,2,0.01,4.3,3
1086,2,0.01,4.1,3
1087,2,0.01,4.42,3
1088,2,0.01,4.22,3
1089,2,0.01,3.9,3
1090,2,0.01,3.88,3
1091,2,0.01,4.26,3
1092,2,0.01,4.22,3
1093,2,0.01,3.98,3
1094,2,0.01,4.36,3
1095,2,0.01,4.3,3
1096,2,0.01,3.98,3
1097,2,0.01,4.28,3
1098,2,0.01,4.4,3
1099,2,0.01,4.38,3
1100,2,0.01,4.12,3
1101,2,0.01,4.32,3
1102,2,0.01,3.82,3
1103,2,0.01,4.62,3
1104,2,0.01,3.9,3
1105,2,0.01,4.12,3
1106,2,0.01,4.14,3
1107,2,0.01,4.08,3
1108,2,0.01,4.26,3
1109,2,0.01,4.06,3
1110,2,0.01,3.82,3
1111,2,0.01,3.9,3
1112,2,0.01,4.0,3
1113,2,0.01,3.98,3
1114,2,0.01,4.06,3
1115,2,0.01,3.82,3
1116,2,0.01,4.26,3
1117,2,0.01,4.14,3
1118,2,0.01,3.84,3
1119,2,0.01,4.18,3
1120,2,0.01,4.3,3
1121,2,0.01,3.96,3
1122,2,0.01,4.38,3
1123,2,0.01,4.32,3
1124,2,0.01,4.2,3
1125,2,0.01,3.68,3
1126,2,0.01,3.6,3
1127,2,0.01,4.32,3
1128,2,0.01,4.02,3
1129,2,0.01,3.88,3
1130,2,0.01,4.02,3
1131,2,0.01,3.8,3
1132,2,0.01,4.46,3
1133,2,0.01,4.42,3
1134,2,0.01,4.72,3
1135,2,0.01,3.98,3
1136,2,0.01,4.3,3
1137,2,0.01,3.64,3
1138,2,0.01,3.98,3
1139,2,0.01,4.02,3
1140,2,0.01,3.96,3
1141,2,0.01,4.4,2
1142,2,0.01,3.6,2
1143,2,0.01,2.72,2
1144,2,0.01,3.04,2
1145,2,0.01,3.3,2
1146,2,0.01,3.9,2
1147,2,0.01,3.14,2
1148,2,0.01,3.46,2
1149,2,0.01,3.36,2
1150,2,0.01,3.28,2
1151,2,0.01,3.36,2
1152,2,0.01,3.72,2
1153,2,0.01,2.96,2
1154,2,0.01,3.1,2
1155,2,0.01,3.16,2
1156,2,0.01,3.08,2
1157,2,0.01,3.12,2
1158,2,0.01,3.4,2
1159,2,0.01,3.04,2
1160,2,0.01,2.68,2
1161,2,0.01,3.1,2
1162,2,0.01,2.98,2
1163,2,0.01,2.86,2
1164,2,0.01,3.04,2
1165,2,0.01,3.14,2
1166,2,0.01,2.98,2
1167,2,0.01,3.14,2
1168,2,0.01,3.16,2
1169,2,0.01,3.16,2
1170,2,0.01,3.32,2
1171,2,0.01,3.12,2
1172,2,0.01,3.06,2
1173,2,0.01,3.02,2
1174,2,0.01,2.94,2
1175,2,0.01,3.58,2
1176,2,0.01,3.1,2
1177,2,0.01,3.14,2
1178,2,0.01,2.98,2
1179,2,0.01,2.7,2
1180,2,0.01,2.76,2
1181,2,0.01,2.98,2
1182,2,0.01,3.2,2
1183,2,0.01,2.9,2
1184,2,0.01,2.96,2
1185,2,0.01,2.98,2
1186,2,0.01,3.06,1
1187,2,0.01,2.6,1
1188,2,0.01,2.18,1
1189,2,0.01,2.22,1
1190,2,0.01,2.22,1
1191,2,0.01,1.92,1
1192,2,0.01,2.08,1
1193,2,0.01,2.72,1
1194,2,0.01,2.34,1
1195,2,0.01,2.18,1
1196,2,0.01,2.34,1
1197,2,0.01,2.16,1
1198,2,0.01,1.86,1
1199,2,0.01,2.08,1
1200,2,0.01,1.74,1
1201,2,0.01,1.98,1
1202,2,0.01,2.56,1
1203,2,0.01,2.24,1
1204,2,0.01,2.48,1
1205,2,0.01,2.1,1
1206,2,0.01,2.1,1
1207,2,0.01,2.36,1
1208,2,0.01,2.06,1
1209,2,0.01,1.96,1
1210,2,0.01,2.12,1
1211,2,0.01,2.16,1
1212,2,0.01,1.92,1
1213,2,0.01,2.44,1
1214,2,0.01,2.24,1
1215,2,0.01,2.18,1
1216,2,0.01,1.96,1
1217,2,0.01,2.58,1
1218,2,0.01,2.16,1
1219,2,0.01,2.32,1
1220,2,0.01,2.18,1
1221,2,0.01,2.62,1
1222,2,0.01,2.66,1
1223,2,0.01,2.24,1
1224,2,0.01,1.96,1
1225,2,0.01,2.16,1
1226,2,0.01,2.16,1
1227,2,0.01,2.34,1
1228,2,0.01,2.2,1
1229,2,0.01,2.08,1
1230,2,0.01,2.18,1
1231,2,0.01,2.2,1
1232,2,0.01,1.86,1
1233,2,0.01,1.92,1
1234,2,0.01,1.64,1
1235,2,0.01,2.02,1
1236,2,0.01,2.06,1
1237,2,0.01,2.14,1
1238,2,0.01,2.04,1
1239,2,0.01,1.78,1
1240,2,0.01,1.72,1
1241,2,0.01,2.54,1
1242,2,0.01,2.08,1
1243,2,0.01,2.18,1
1244,2,0.01,2.26,1
1245,2,0.01,2.06,1
1246,2,0.01,1.96,1
1247,2,0.01,2.12,1
1248,2,0.01,2.16,1
1249,2,0.01,2.26,1
1250,2,0.01,2.24,1
1251,2,0.01,2.04,1
1252,2,0.01,1.74,1
1253,2,0.01,1.98,1
1254,2,0.01,2.52,1
1255,2,0.01,2.1,1
1256,2,0.01,2.52,1
1257,2,0.01,2.02,1
1258,2,0.01,1.86,1
1259,2,0.01,1.86,1
1260,2,0.01,1.94,1
1261,2,0.01,2.16,1
1262,2,0.01,1.88,1
1263,2,0.01,2.48,1
1264,2,0.01,2.36,1
1265,2,0.01,2.14,1
1266,2,0.01,1.94,1
1267,2,0.01,2.26,1
1268,2,0.01,2.06,1
1269,2,0.01,2.18,1
1270,2,0.01,2.08,1
1271,2,0.01,1.9,1
1272,2,0.01,1.96,1
1273,2,0.01,2.38,1
1274,2,0.01,2.28,1
1275,2,0.01,2.12,1
1276,2,0.01,1.98,1
1277,2,0.01,2.4,1
1278,2,0.01,1.82,1
1279,2,0.01,1.84,1
1280,2,0.01,2.4,1
1281,2,0.01,1.82,1
1282,2,0.01,1.98,1
1283,2,0.01,1.78,1
1284,2,0.01,1.86,1
1285,2,0.01,1.78,1
1286,2,0.01,2.04,1
1287,2,0.01,1.98,1
1288,2,0.01,1.86,1
1289,2,0.01,1.92,1
1290,2,0.01,1.9,1
1291,2,0.01,2.08,1
1292,2,0.01,1.94,1
1293,2,0.01,2.18,1
1294,2,0.01,2.08,1
1295,2,0.01,1.88,1
1296,2,0.01,2.04,1
1297,2,0.01,2.68,1
1298,2,0.01,2.18,1
1299,2,0.01,2.36,1
1300,2,0.01,2.08,1
1301,2,0.01,2.16,1
1302,2,0.01,2.16,1
1303,2,0.01,1.9,1
1304,2,0.01,2.26,1
1305,2,0.01,1.96,1
1306,2,0.01,2.54,1
1307,2,0.01,1.9,1
1308,2,0.01,2.34,1
1309,2,0.01,2.16,1
1310,2,0.01,2.28,1
1311,2,0.01,2.08,1
1312,2,0.01,2.72,1
1313,2,0.01,1.88,1
1314,2,0.01,2.1,1
1315,2,0.01,2.2,1
1316,2,0.01,1.72,1
1317,2,0.01,1.88,1
1318,2,0.01,1.96,1
1319,2,0.01,2.36,1
1320,2,0.01,1.9,1
1321,2,0.01,1.76,1
1322,2,0.01,2.54,1
1323,2,0.01,2.72,1
1324,2,0.01,2.3,1
1325,2,0.01,2.26,1
1326,2,0.01,1.9,1
1327,2,0.01,1.98,1
1328,2,0.01,1.96,1
1329,2,0.01,1.8,1
1330,2,0.01,2.06,1
1331,2,0.01,2.42,1
1332,2,0.01,2.14,1
1333,2,0.01,1.96,1
1334,2,0.01,2.28,1
1335,2,0.01,2.06,1
1336,2,0.01,2.62,1
1337,2,0.01,1.96,1
1338,2,0.01,2.26,1
1339,2,0.01,2.06,1
1340,2,0.01,2.48,1
1341,2,0.01,2.0,1
1342,2,0.01,1.94,1
1343,2,0.01,2.08,1
1344,2,0.01,2.2,1
1345,2,0.01,2.56,1
1346,2,0.01,2.06,1
1347,2,0.01,2.58,1
1348,2,0.01,2.68,1
1349,2,0.01,2.06,1
1350,2,0.01,2.74,1
1351,2,0.01,1.92,1
1352,2,0.01,1.98,1
1353,2,0.01,1.94,1
1354,2,0.01,1.94,1
1355,2,0.01,2.1,1
1356,2,0.01,2.22,1
1357,2,0.01,2.36,1
1358,2,0.01,2.14,1
1359,2,0.01,2.22,1
1360,2,0.01,2.18,1
1361,2,0.01,2.08,1
1362,2,0.01,1.94,1
1363,2,0.01,2.38,1
1364,2,0.01,1.74,1
1365,2,0.01,1.54,1
1366,2,0.01,2.06,1
1367,2,0.01,1.86,1
1368,2,0.01,2.08,1
1369,2,0.01,1.98,1
1370,2,0.01,2.2,1
1371,2,0.01,2.26,1
1372,2,0.01,2.06,1
1373,2,0.01,2.1,1
1374,2,0.01,1.96,1
1375,2,0.01,1.96,1
1376,2,0.01,2.66,1
1377,2,0.01,2.44,1
1378,2,0.01,2.36,1
1379,2,0.01,2.02,1
1380,2,0.01,1.92,1
1381,2,0.01,1.9,1
1382,2,0.01,2.1,1
1383,2,0.01,2.3,1
1384,2,0.01,2.32,1
1385,2,0.01,2.24,1
1386,2,0.01,1.98,1
1387,2,0.01,2.2,1
1388,2,0.01,2.12,1
1389,2,0.01,2.32,1
1390,2,0.01,2.6,1
1391,2,0.01,1.8,1
1392,2,0.01,2.1,1
1393,2,0.01,1.94,1
1394,2,0.01,2.0,1
1395,2,0.01,2.2,1
1396,2,0.01,2.18,1
1397,2,0.01,2.2,1
1398,2,0.01,2.32,1
1399,2,0.01,2.48,1
1400,2,0.01,2.18,1
1401,2,0.01,2.06,1
1402,2,0.01,2.02,1
1403,2,0.01,2.4,1
1404,2,0.01,1.94,1
1405,2,0.01,1.98,1
1406,2,0.01,1.8,1
1407,2,0.01,2.2,1
1408,2,0.01,2.04,1
1409,2,0.01,1.9,1
1410,2,0.01,2.02,1
1411,2,0.01,2.02,1
1412,2,0.01,2.18,1
1413,2,0.01,1.8,1
1414,2,0.01,1.98,1
1415,2,0.01,1.88,1
1416,2,0.01,2.04,1
1417,2,0.01,2.06,1
1418,2,0.01,2.64,1
1419,2,0.01,2.34,1
1420,2,0.01,1.98,1
1421,2,0.01,1.98,1
1422,2,0.01,2.24,1
1423,2,0.01,2.1,1
1424,2,0.01,2.28,1
1425,2,0.01,1.94,1
1426,2,0.01,1.98,1
1427,2,0.01,1.64,1
1428,2,0.01,2.26,1
1429,2,0.01,2.34,1
1430,2,0.01,2.0,1
1431,2,0.01,1.84,1
1432,2,0.01,2.14,1
1433,2,0.01,2.34,1
1434,2,0.01,1.96,1
1435,2,0.01,2.98,1
1436,2,0.01,2.14,1
1437,2,0.01,2.02,1
1438,2,0.01,2.2,1
1439,2,0.01,1.92,1
1440,2,0.01,2.04,1
1441,2,0.01,2.2,1
1442,2,0.01,1.88,1
1443,2,0.01,2.2,1
1444,2,0.01,2.58,1
1445,2,0.01,2.28,1
1446,2,0.01,2.3,1
1447,2,0.01,1.9,1
1448,2,0.01,1.68,1
1449,2,0.01,2.26,1
1450,2,0.01,1.94,1
1451,2,0.01,2.3,1
1452,2,0.01,1.92,1
1453,2,0.01,2.44,1
1454,2,0.01,2.34,1
1455,2,0.01,1.82,1
1456,2,0.01,2.08,1
1457,2,0.01,2.2,1
1458,2,0.01,1.96,1
1459,2,0.01,2.04,1
1460,2,0.01,2.54,1
1461,2,0.01,2.26,1
1462,2,0.01,2.24,1
1463,2,0.01,1.8,1
1464,2,0.01,2.0,1
1465,2,0.01,1.8,1
1466,2,0.01,1.9,1
1467,2,0.01,2.36,1
1468,2,0.01,2.26,1
1469,2,0.01,1.98,1
1470,2,0.01,2.18,1
1471,2,0.01,2.26,1
1472,2,0.01,1.98,1
1473,2,0.01,2.12,1
1474,2,0.01,2.0,1
1475,2,0.01,2.72,1
1476,2,0.01,2.08,1
1477,2,0.01,2.24,1
1478,2,0.01,2.16,1
1479,2,0.01,2.06,1
1480,2,0.01,1.98,1
1481,2,0.01,1.96,1
1482,2,0.01,2.02,1
1483,2,0.01,2.02,1
1484,2,0.01,1.96,1
1485,2,0.01,2.02,1
1486,2,0.01,1.8,1
1487,2,0.01,2.06,1
1488,2,0.01,2.04,1
1489,2,0.01,2.16,1
1490,2,0.01,1.8,1
1491,2,0.01,2.28,1
1492,2,0.01,2.32,1
1493,2,0.01,1.94,1
1494,2,0.01,1.78,1
1495,2,0.01,2.02,1
1496,2,0.01,1.9,1
1497,2,0.01,2.44,1
1498,2,0.01,2.24,1
1499,2,0.01,2.0,1
1500,2,0.01,2.3,1
1501,2,0.01,2.12,1
1502,2,0.01,2.66,1
1503,2,0.01,2.8,1
1504,2,0.01,2.04,1
1505,2,0.01,2.24,1
1506,2,0.01,2.16,1
1507,2,0.01,1.94,1
1508,2,0.01,1.96,1
1509,2,0.01,2.4,1
1510,2,0.01,2.16,1
1511,2,0.01,2.06,1
1512,2,0.01,2.04,1
1513,2,0.01,2.2,1
1514,2,0.01,2.06,1
1515,2,0.01,2.22,1
1516,2,0.01,2.4,1
1517,2,0.01,2.16,1
1518,2,0.01,2.66,1
1519,2,0.01,2.34,1
1520,2,0.01,2.5,1
1521,2,0.01,1.96,1
1522,2,0.01,2.16,1
1523,2,0.01,2.0,1
1524,2,0.01,2.38,1
1525,2,0.01,1.66,1
1526,2,0.01,1.94,1
1527,2,0.01,2.12,1
1528,2,0.01,2.48,1
1529,2,0.01,2.12,1
1530,2,0.01,2.1,1
1531,2,0.01,1.92,1
1532,2,0.01,1.86,1
1533,2,0.01,2.1,1
1534,2,0.01,2.04,1
1535,2,0.01,2.8,1
1536,2,0.01,2.42,1
1537,2,0.01,1.88,1
1538,2,0.01,1.96,1
1539,2,0.01,1.94,1
1540,2,0.01,2.46,1
1541,2,0.01,1.92,1
1542,2,0.01,1.94,1
1543,2,0.01,2.2,1
1544,2,0.01,2.48,1
1545,2,0.01,1.82,1
1546,2,0.01,2.42,1
1547,2,0.01,2.02,1
1548,2,0.01,2.04,1
1549,2,0.01,2.0,1
1550,2,0.01,1.92,1
1551,2,0.01,2.24,1
1552,2,0.01,2.0,1
1553,2,0.01,1.52,1
1554,2,0.01,2.1,1
1555,2,0.01,1.84,1
1556,2,0.01,1.96,1
1557,2,0.01,1.96,1
1558,2,0.01,2.12,1
1559,2,0.01,2.36,1
1560,2,0.01,1.8,1
1561,2,0.01,1.96,1
1562,2,0.01,1.84,1
1563,2,0.01,2.08,1
1564,2,0.01,1.94,1
1565,2,0.01,1.72,1
1566,2,0.01,1.8,1
1567,2,0.01,2.16,1
1568,2,0.01,2.58,1
1569,2,0.01,1.42,1
1570,2,0.01,1.7,1
1571,2,0.01,2.46,1
1572,2,0.01,2.0,1
1573,2,0.01,2.3,1
1574,2,0.01,1.96,1
1575,2,0.01,1.98,1
1576,2,0.01,2.24,1
1577,2,0.01,2.16,1
1578,2,0.01,1.96,1
1579,2,0.01,1.98,1
1580,2,0.01,2.34,1
1581,2,0.01,1.98,1
1582,2,0.01,2.44,1
1583,2,0.01,2.24,1
1584,2,0.01,2.1,1
1585,2,0.01,2.54,1
1586,2,0.01,2.32,1
1587,2,0.01,2.24,1
1588,2,0.01,2.54,1
1589,2,0.01,1.86,1
1590,2,0.01,2.32,1
1591,2,0.01,2.1,1
1592,2,0.01,2.26,1
1593,2,0.01,2.38,1
1594,2,0.01,2.16,1
1595,2,0.01,2.04,1
1596,2,0.01,1.94,1
1597,2,0.01,2.14,1
1598,2,0.01,2.14,1
1599,2,0.01,2.02,1
1600,2,0.01,2.08,1
1601,2,0.01,2.26,1
1602,2,0.01,2.1,1
1603,2,0.01,2.52,1
1604,2,0.01,2.22,1
1605,2,0.01,2.42,1
1606,2,0.01,2.02,1
1607,2,0.01,2.04,1
1608,2,0.01,1.72,1
1609,2,0.01,2.44,1
1610,2,0.01,1.98,1
1611,2,0.01,2.5,1
1612,2,0.01,1.9,1
1613,2,0.01,2.3,1
1614,2,0.01,2.32,1
1615,2,0.01,1.98,1
1616,2,0.01,2.18,1
1617,2,0.01,2.08,1
1618,2,0.01,1.86,1
1619,2,0.01,2.24,1
1620,2,0.01,1.84,1
1621,2,0.01,1.94,1
1622,2,0.01,2.24,1
1623,2,0.01,2.26,1
1624,2,0.01,2.24,1
1625,2,0.01,1.8,1
1626,2,0.01,2.04,1
1627,2,0.01,1.88,1
1628,2,0.01,1.82,1
1629,2,0.01,1.88,1
1630,2,0.01,2.14,1
1631,2,0.01,1.48,1
1632,2,0.01,2.48,1
1633,2,0.01,2.26,1
1634,2,0.01,2.72,1
1635,2,0.01,2.26,1
1636,2,0.01,2.14,1
1637,2,0.01,2.4,1
1638,2,0.01,2.22,1
1639,2,0.01,2.2,1
1640,2,0.01,2.04,1
1641,2,0.01,1.9,1
1642,2,0.01,2.06,1
1643,2,0.01,2.14,1
1644,2,0.01,2.42,1
1645,2,0.01,2.5,1
1646,2,0.01,2.22,1
1647,2,0.01,1.88,1
1648,2,0.01,1.98,1
1649,2,0.01,2.36,1
1650,2,0.01,2.26,1
1651,2,0.01,2.0,1
1652,2,0.01,2.18,1
1653,2,0.01,2.1,1
1654,2,0.01,2.16,1
1655,2,0.01,2.36,1
1656,2,0.01,1.98,1
1657,2,0.01,2.16,1
1658,2,0.01,1.72,1
1659,2,0.01,2.02,1
1660,2,0.01,2.1,1
1661,2,0.01,2.06,1
1662,2,0.01,1.96,1
1663,2,0.01,2.58,1
1664,2,0.01,2.46,1
1665,2,0.01,1.92,1
1666,2,0.01,2.04,1
1667,2,0.01,1.8,1
1668,2,0.01,2.22,1
1669,2,0.01,1.98,1
1670,2,0.01,2.44,1
1671,2,0.01,2.42,1
1672,2,0.01,1.82,1
1673,2,0.01,2.02,1
1674,2,0.01,2.56,1
1675,2,0.01,2.02,1
1676,2,0.01,2.28,1
1677,2,0.01,2.08,1
1678,2,0.01,2.1,1
1679,2,0.01,2.1,1
1680,2,0.01,2.26,1
1681,2,0.01,2.06,1
1682,2,0.01,2.24,1
1683,2,0.01,1.94,1
1684,2,0.01,2.2,1
1685,2,0.01,2.46,1
1686,2,0.01,1.78,1
1687,2,0.01,2.0,1
1688,2,0.01,2.06,1
1689,2,0.01,1.68,1
1690,2,0.01,1.68,1
1691,2,0.01,2.32,1
1692,2,0.01,2.58,1
1693,2,0.01,2.04,1
1694,2,0.01,2.1,1
1695,2,0.01,1.74,1
1696,2,0.01,2.02,1
1697,2,0.01,2.02,1
1698,2,0.01,1.9,1
1699,2,0.01,2.06,1
1700,2,0.01,1.96,1
1701,2,0.01,2.4,1
1702,2,0.01,2.34,1
1703,2,0.01,2.54,1
1704,2,0.01,2.3,1
1705,2,0.01,2.46,1
1706,2,0.01,2.18,1
1707,2,0.01,1.68,1
1708,2,0.01,2.28,1
1709,2,0.01,2.5,1
1710,2,0.01,2.34,1
1711,2,0.01,2.28,1
1712,2,0.01,2.48,1
1713,2,0.01,2.0,1
1714,2,0.01,1.9,1
1715,2,0.01,2.3,1
1716,2,0.01,1.86,1
1717,2,0.01,2.22,1
1718,2,0.01,1.98,1
1719,2,0.01,2.56,1
1720,2,0.01,2.0,1
1721,2,0.01,1.88,1
1722,2,0.01,2.18,1
1723,2,0.01,2.24,1
1724,2,0.01,2.04,1
1725,2,0.01,2.32,1
1726,2,0.01,2.5,1
1727,2,0.01,1.94,1
1728,2,0.01,1.94,1
1729,2,0.01,2.1,1
1730,2,0.01,2.22,1
1731,2,0.01,2.28,1
1732,2,0.01,2.34,1
1733,2,0.01,2.62,1
1734,2,0.01,2.24,1
1735,2,0.01,2.14,1
1736,2,0.01,2.18,1
1737,2,0.01,2.18,1
1738,2,0.01,2.72,1
1739,2,0.01,2.24,1
1740,2,0.01,2.48,1
1741,2,0.01,2.28,1
1742,2,0.01,2.04,1
1743,2,0.01,1.88,1
1744,2,0.01,2.04,1
1745,2,0.01,1.98,1
1746,2,0.01,1.92,1
1747,2,0.01,2.58,1
1748,2,0.01,1.9,1
1749,2,0.01,2.16,1
1750,2,0.01,2.36,1
1751,2,0.01,1.98,1
1752,2,0.01,2.02,1
1753,2,0.01,2.1,1
1754,2,0.01,2.44,1
1755,2,0.01,2.08,1
1756,2,0.01,1.74,1
1757,2,0.01,2.02,1
1758,2,0.01,2.1,1
1759,2,0.01,2.06,1
1760,2,0.01,2.06,1
1761,2,0.01,1.78,1
1762,2,0.01,2.36,1
1763,2,0.01,1.98,1
1764,2,0.01,2.36,1
1765,2,0.01,2.16,1
1766,2,0.01,2.4,1
1767,2,0.01,2.12,1
1768,2,0.01,2.16,1
1769,2,0.01,2.06,1
1770,2,0.01,2.26,1
1771,2,0.01,1.94,1
1772,2,0.01,2.26,1
1773,2,0.01,2.64,1
1774,2,0.01,2.3,1
1775,2,0.01,1.68,1
1776,2,0.01,2.12,1
1777,2,0.01,1.8,1
1778,2,0.01,2.08,1
1779,2,0.01,1.98,1
1780,2,0.01,1.76,1
1781,2,0.01,1.82,1
1782,2,0.01,2.34,1
1783,2,0.01,1.8,1
1784,2,0.01,2.16,1
1785,2,0.01,2.26,1
1786,2,0.01,2.16,1
1787,2,0.01,2.36,1
1788,2,0.01,2.22,1
1789,2,0.01,2.26,1
1790,2,0.01,2.38,1
1791,2,0.01,2.22,1
1792,2,0.01,2.12,1
1793,2,0.01,2.54,1
1794,2,0.01,2.46,1
1795,2,0.01,1.6,1
1796,2,0.01,2.06,1
1797,2,0.01,2.02,1
1798,2,0.01,1.94,1
1799,2,0.01,2.22,1
1800,2,0.01,2.42,1
1801,2,0.01,2.1,1
1802,2,0.01,2.98,1
1803,2,0.01,2.1,1
1804,2,0.01,2.16,1
1805,2,0.01,2.62,1
1806,2,0.01,2.5,1
1807,2,0.01,2.26,1
1808,2,0.01,2.02,1
1809,2,0.01,2.28,1
1810,2,0.01,2.08,1
1811,2,0.01,2.34,1
1812,2,0.01,2.08,1
1813,2,0.01,1.86,1
1814,2,0.01,2.16,1
1815,2,0.01,1.98,1
1816,2,0.01,2.1,1
1817,2,0.01,1.9,1
1818,2,0.01,2.3,1
1819,2,0.01,2.22,1
1820,2,0.01,2.22,1
1821,2,0.01,2.32,1
1822,2,0.01,1.98,1
1823,2,0.01,2.26,1
1824,2,0.01,2.16,1
1825,2,0.01,2.44,1
1826,2,0.01,2.04,1
1827,2,0.01,1.98,1
1828,2,0.01,1.94,1
1829,2,0.01,2.12,1
1830,2,0.01,1.9,1
1831,2,0.01,2.1,1
1832,2,0.01,2.06,1
1833,2,0.01,1.72,1
1834,2,0.01,1.92,1
1835,2,0.01,1.84,1
1836,2,0.01,2.32,1
1837,2,0.01,2.36,1
1838,2,0.01,2.32,1
1839,2,0.01,2.16,1
1840,2,0.01,2.08,1
1841,2,0.01,2.28,1
1842,2,0.01,2.16,1
1843,2,0.01,2.58,1
1844,2,0.01,2.48,1
1845,2,0.01,2.02,1
1846,2,0.01,1.72,1
1847,2,0.01,2.1,1
1848,2,0.01,2.4,1
1849,2,0.01,2.2,1
1850,2,0.01,2.32,1
1851,2,0.01,2.28,1
1852,2,0.01,2.64,1
1853,2,0.01,2.0,1
1854,2,0.01,1.92,1
1855,2,0.01,2.32,1
1856,2,0.01,1.8,1
1857,2,0.01,2.28,1
1858,2,0.01,1.94,1
1859,2,0.01,1.84,1
1860,2,0.01,2.68,1
1861,2,0.01,2.22,1
1862,2,0.01,2.02,1
1863,2,0.01,1.52,1
1864,2,0.01,2.08,1
1865,2,0.01,2.24,1
1866,2,0.01,2.46,1
1867,2,0.01,1.74,1
1868,2,0.01,2.02,1
1869,2,0.01,2.36,1
1870,2,0.01,1.66,1
1871,2,0.01,2.38,1
1872,2,0.01,2.6,1
1873,2,0.01,2.02,1
1874,2,0.01,2.3,1
1875,2,0.01,2.04,1
1876,2,0.01,1.76,1
1877,2,0.01,2.32,1
1878,2,0.01,2.22,1
1879,2,0.01,2.34,1
1880,2,0.01,1.94,1
1881,2,0.01,1.94,1
1882,2,0.01,1.92,1
1883,2,0.01,2.02,1
1884,2,0.01,2.16,1
1885,2,0.01,2.5,1
1886,2,0.01,2.04,1
1887,2,0.01,2.06,1
1888,2,0.01,1.84,1
1889,2,0.01,2.2,1
1890,2,0.01,2.44,1
1891,2,0.01,2.46,1
1892,2,0.01,2.08,1
1893,2,0.01,2.34,1
1894,2,0.01,2.16,1
1895,2,0.01,1.9,1
1896,2,0.01,2.44,1
1897,2,0.01,2.14,1
1898,2,0.01,2.48,1
1899,2,0.01,1.94,1
1900,2,0.01,2.54,1
1901,2,0.01,2.46,1
1902,2,0.01,1.92,1
1903,2,0.01,2.16,1
1904,2,0.01,2.62,1
1905,2,0.01,2.0,1
1906,2,0.01,2.26,1
1907,2,0.01,2.24,1
1908,2,0.01,2.2,1
1909,2,0.01,1.82,1
1910,2,0.01,1.86,1
1911,2,0.01,1.82,1
1912,2,0.01,2.3,1
1913,2,0.01,2.18,1
1914,2,0.01,2.62,1
1915,2,0.01,2.08,1
1916,2,0.01,2.54,1
1917,2,0.01,1.96,1
1918,2,0.01,2.64,1
1919,2,0.01,2.2,1
1920,2,0.01,2.24,1
1921,2,0.01,2.0,1
1922,2,0.01,2.12,1
1923,2,0.01,2.0,1
1924,2,0.01,2.1,1
1925,2,0.01,1.92,1
1926,2,0.01,1.94,1
1927,2,0.01,2.2,1
1928,2,0.01,2.1,1
1929,2,0.01,2.26,1
1930,2,0.01,1.92,1
1931,2,0.01,1.88,1
1932,2,0.01,2.08,1
1933,2,0.01,2.12,1
1934,2,0.01,1.82,1
1935,2,0.01,2.14,1
1936,2,0.01,2.36,1
1937,2,0.01,2.38,1
1938,2,0.01,2.06,1
1939,2,0.01,2.56,1
1940,2,0.01,2.0,1
1941,2,0.01,1.78,1
1942,2,0.01,1.98,1
1943,2,0.01,2.12,1
1944,2,0.01,2.12,1
1945,2,0.01,2.12,1
1946,2,0.01,2.4,1
1947,2,0.01,2.04,1
1948,2,0.01,1.92,1
1949,2,0.01,1.96,1
1950,2,0.01,2.18,1
1951,2,0.01,1.96,1
1952,2,0.01,2.2,1
1953,2,0.01,2.14,1
1954,2,0.01,1.56,1
1955,2,0.01,2.3,1
1956,2,0.01,2.56,1
1957,2,0.01,2.18,1
1958,2,0.01,2.32,1
1959,2,0.01,2.2,1
1960,2,0.01,2.18,1
1961,2,0.01,1.96,1
1962,2,0.01,2.34,1
1963,2,0.01,2.06,1
1964,2,0.01,2.0,1
1965,2,0.01,2.14,1
1966,2,0.01,2.28,1
1967,2,0.01,2.06,1
1968,2,0.01,1.92,1
1969,2,0.01,2.1,1
1970,2,0.01,2.06,1
1971,2,0.01,2.38,1
1972,2,0.01,2.16,1
1973,2,0.01,1.86,1
1974,2,0.01,2.54,1
1975,2,0.01,2.06,1
1976,2,0.01,1.82,1
1977,2,0.01,2.1,1
1978,2,0.01,2.18,1
1979,2,0.01,2.56,1
1980,2,0.01,2.12,1
1981,2,0.01,2.5,1
1982,2,0.01,2.82,1
1983,2,0.01,1.94,1
1984,2,0.01,2.36,1
1985,2,0.01,2.3,1
1986,2,0.01,2.1,1
1987,2,0.01,1.8,1
1988,2,0.01,2.56,1
1989,2,0.01,2.0,1
1990,2,0.01,1.74,1
1991,2,0.01,2.18,1
1992,2,0.01,1.64,1
1993,2,0.01,2.1,1
1994,2,0.01,2.08,1
1995,2,0.01,2.08,1
1996,2,0.01,1.92,1
1997,2,0.01,2.26,1
1998,2,0.01,2.4,1
1999,2,0.01,2.2,1
2000,2,0.01,2.3,1
0,3,0.01,58.3,45
1,3,0.01,50.4,38
2,3,0.01,42.02,34
3,3,0.01,35.96,34
4,3,0.01,34.56,31
5,3,0.01,31.84,28
6,3,0.01,29.6,26
7,3,0.01,27.88,25
8,3,0.01,25.92,23
9,3,0.01,24.26,22
10,3,0.01,23.28,21
11,3,0.01,22.56,20
12,3,0.01,21.04,19
13,3,0.01,19.94,18
14,3,0.01,18.88,17
15,3,0.01,18.32,17
16,3,0.01,18.06,17
17,3,0.01,17.36,16
18,3,0.01,17.5,16
19,3,0.01,17.02,16
20,3,0.01,16.58,14
21,3,0.01,15.82,14
22,3,0.01,15.52,14
23,3,0.01,14.8,14
24,3,0.01,14.62,13
25,3,0.01,14.0,13
26,3,0.01,14.24,13
27,3,0.01,13.94,12
28,3,0.01,13.18,12
29,3,0.01,12.76,11
30,3,0.01,12.16,11
31,3,0.01,11.8,11
32,3,0.01,12.12,11
33,3,0.01,12.04,10
34,3,0.01,11.22,10
35,3,0.01,10.98,10
36,3,0.01,10.62,10
37,3,0.01,11.16,10
38,3,0.01,10.88,10
39,3,0.01,10.98,10
40,3,0.01,11.06,10
41,3,0.01,10.86,10
42,3,0.01,10.9,10
43,3,0.01,10.82,8
44,3,0.01,10.32,8
45,3,0.01,8.92,7
46,3,0.01,8.48,7
47,3,0.01,8.04,7
48,3,0.01,8.28,7
49,3,0.01,8.06,7
50,3,0.01,8.5,7
51,3,0.01,7.9,7
52,3,0.01,8.14,7
53,3,0.01,7.78,7
54,3,0.01,8.1,7
55,3,0.01,7.92,7
56,3,0.01,7.58,7
57,3,0.01,8.18,7
58,3,0.01,8.12,7
59,3,0.01,8.12,7
60,3,0.01,8.02,7
61,3,0.01,7.82,7
62,3,0.01,8.3,7
63,3,0.01,7.9,7
64,3,0.01,8.02,7
65,3,0.01,7.92,7
66,3,0.01,8.5,7
67,3,0.01,8.22,7
68,3,0.01,7.96,7
69,3,0.01,7.84,7
70,3,0.01,8.04,7
71,3,0.01,8.04,7
72,3,0.01,7.76,7
73,3,0.01,8.18,7
74,3,0.01,7.74,7
75,3,0.01,7.62,7
76,3,0.01,7.9,7
77,3,0.01,7.94,7
78,3,0.01,8.34,7
79,3,0.01,8.02,7
80,3,0.01,8.34,7
81,3,0.01,8.0,7
82,3,0.01,8.04,7
83,3,0.01,7.8,7
84,3,0.01,8.06,7
85,3,0.01,8.28,7
86,3,0.01,7.72,7
87,3,0.01,8.46,7
88,3,0.01,7.68,6
89,3,0.01,7.68,6
90,3,0.01,7.06,5
91,3,0.01,6.22,5
92,3,0.01,5.9,5
93,3,0.01,6.46,5
94,3,0.01,5.68,5
95,3,0.01,6.14,5
96,3,0.01,6.14,5
97,3,0.01,6.16,5
98,3,0.01,5.54,5
99,3,0.01,6.06,5
100,3,0.01,5.96,5
101,3,0.01,5.88,5
102,3,0.01,6.28,5
103,3,0.01,6.18,5
104,3,0.01,6.16,5
105,3,0.01,6.16,5
106,3,0.01,6.16,5
107,3,0.01,6.16,5
108,3,0.01,6.04,5
109,3,0.01,6.18,5
110,3,0.01,5.98,5
111,3,0.01,6.16,5
112,3,0.01,6.32,5
113,3,0.01,5.96,5
114,3,0.01,5.98,5
115,3,0.01,6.22,5
116,3,0.01,6.18,5
117,3,0.01,5.82,5
118,3,0.01,6.18,5
119,3,0.01,6.0,5
120,3,0.01,5.96,5
121,3,0.01,6.3,5
122,3,0.01,6.38,5
123,3,0.01,5.94,5
124,3,0.01,5.6,5
125,3,0.01,5.88,5
126,3,0.01,6.28,5
127,3,0.01,5.68,5
128,3,0.01,6.0,5
129,3,0.01,6.14,5
130,3,0.01,5.78,5
131,3,0.01,6.16,5
132,3,0.01,6.38,5
133,3,0.01,5.98,5
134,3,0.01,5.98,5
135,3,0.01,5.84,5
136,3,0.01,6.24,5
137,3,0.01,6.24,5
138,3,0.01,6.06,5
139,3,0.01,6.16,5
140,3,0.01,6.28,4
141,3,0.01,5.74,4
142,3,0.01,4.74,4
143,3,0.01,5.04,4
144,3,0.01,5.24,4
145,3,0.01,5.04,4
146,3,0.01,5.12,4
147,3,0.01,4.72,4
148,3,0.01,5.0,4
149,3,0.01,4.92,4
150,3,0.01,4.84,4
151,3,0.01,5.24,4
152,3,0.01,5.42,4
153,3,0.01,5.14,4
154,3,0.01,5.04,4
155,3,0.01,5.0,4
156,3,0.01,4.94,4
157,3,0.01,4.86,4
158,3,0.01,5.18,4
159,3,0.01,5.06,4
160,3,0.01,5.06,4
161,3,0.01,4.68,4
162,3,0.01,5.08,4
163,3,0.01,4.82,4
164,3,0.01,5.34,4
165,3,0.01,5.48,4
166,3,0.01,5.16,4
167,3,0.01,5.28,4
168,3,0.01,4.92,4
169,3,0.01,5.18,4
170,3,0.01,5.24,4
171,3,0.01,4.54,4
172,3,0.01,5.2,4
173,3,0.01,5.14,4
174,3,0.01,5.08,4
175,3,0.01,4.88,4
176,3,0.01,4.84,4
177,3,0.01,4.92,4
178,3,0.01,5.02,4
179,3,0.01,4.82,4
180,3,0.01,5.0,4
181,3,0.01,5.24,4
182,3,0.01,5.1,4
183,3,0.01,5.22,4
184,3,0.01,5.34,4
185,3,0.01,5.08,4
186,3,0.01,4.9,4
187,3,0.01,4.82,4
188,3,0.01,4.94,4
189,3,0.01,5.08,4
190,3,0.01,4.8,4
191,3,0.01,4.94,4
192,3,0.01,4.98,4
193,3,0.01,5.18,4
194,3,0.01,5.38,4
195,3,0.01,5.0,4
196,3,0.01,5.36,4
197,3,0.01,4.86,4
198,3,0.01,5.24,4
199,3,0.01,5.42,4
200,3,0.01,5.48,4
201,3,0.01,5.12,4
202,3,0.01,5.56,4
203,3,0.01,5.02,4
204,3,0.01,4.96,4
205,3,0.01,4.74,4
206,3,0.01,5.1,4
207,3,0.01,4.82,4
208,3,0.01,5.48,4
209,3,0.01,4.58,4
210,3,0.01,5.38,4
211,3,0.01,4.72,4
212,3,0.01,4.92,4
213,3,0.01,4.92,4
214,3,0.01,5.24,4
215,3,0.01,5.06,4
216,3,0.01,5.28,4
217,3,0.01,5.24,4
218,3,0.01,5.36,4
219,3,0.01,5.14,4
220,3,0.01,5.24,4
221,3,0.01,4.96,4
222,3,0.01,5.02,4
223,3,0.01,5.4,4
224,3,0.01,4.88,4
225,3,0.01,4.7,4
226,3,0.01,5.52,4
227,3,0.01,4.84,4
228,3,0.01,4.9,4
229,3,0.01,4.98,4
230,3,0.01,4.78,4
231,3,0.01,4.84,4
232,3,0.01,5.64,4
233,3,0.01,4.92,4
234,3,0.01,4.88,4
235,3,0.01,4.94,4
236,3,0.01,5.04,4
237,3,0.01,4.94,4
238,3,0.01,4.88,4
239,3,0.01,5.18,4
240,3,0.01,5.08,4
241,3,0.01,4.7,4
242,3,0.01,4.96,4
243,3,0.01,4.9,4
244,3,0.01,5.62,4
245,3,0.01,4.64,4
246,3,0.01,5.0,4
247,3,0.01,4.74,3
248,3,0.01,4.44,3
249,3,0.01,4.12,3
250,3,0.01,4.06,3
251,3,0.01,4.0,3
252,3,0.01,4.14,3
253,3,0.01,4.16,3
254,3,0.01,4.84,3
255,3,0.01,4.06,3
256,3,0.01,4.4,3
257,3,0.01,4.02,3
258,3,0.01,3.96,3
259,3,0.01,4.14,3
260,3,0.01,4.42,3
261,3,0.01,4.38,3
262,3,0.01,3.82,3
263,3,0.01,4.0,3
264,3,0.01,3.88,3
265,3,0.01,4.16,3
266,3,0.01,4.12,3
267,3,0.01,4.12,3
268,3,0.01,3.94,3
269,3,0.01,3.98,3
270,3,0.01,4.16,3
271,3,0.01,4.1,3
272,3,0.01,3.88,3
273,3,0.01,3.98,3
274,3,0.01,3.86,3
275,3,0.01,4.22,3
276,3,0.01,4.52,3
277,3,0.01,3.8,3
278,3,0.01,3.94,3
279,3,0.01,3.94,3
280,3,0.01,3.94,3
281,3,0.01,4.1,3
282,3,0.01,3.94,3
283,3,0.01,3.76,3
284,3,0.01,4.34,3
285,3,0.01,4.16,3
286,3,0.01,4.12,3
287,3,0.01,4.1,3
288,3,0.01,4.44,3
289,3,0.01,4.04,3
290,3,0.01,3.98,3
291,3,0.01,4.46,3
292,3,0.01,4.78,3
293,3,0.01,3.86,3
294,3,0.01,3.98,3
295,3,0.01,3.88,3
296,3,0.01,3.9,3
297,3,0.01,4.2,3
298,3,0.01,4.1,3
299,3,0.01,4.18,3
300,3,0.01,3.9,3
301,3,0.01,4.6,3
302,3,0.01,3.88,3
303,3,0.01,3.82,3
304,3,0.01,3.98,3
305,3,0.01,4.24,3
306,3,0.01,4.28,3
307,3,0.01,4.28,3
308,3,0.01,4.1,3
309,3,0.01,3.66,3
310,3,0.01,4.52,3
311,3,0.01,4.06,3
312,3,0.01,4.34,3
313,3,0.01,4.02,3
314,3,0.01,3.92,3
315,3,0.01,4.06,3
316,3,0.01,3.92,3
317,3,0.01,4.14,3
318,3,0.01,4.26,3
319,3,0.01,4.32,3
320,3,0.01,4.0,3
321,3,0.01,3.98,3
322,3,0.01,3.94,3
323,3,0.01,4.14,3
324,3,0.01,4.56,3
325,3,0.01,4.0,3
326,3,0.01,3.88,3
327,3,0.01,4.08,3
328,3,0.01,4.08,3
329,3,0.01,4.08,3
330,3,0.01,4.02,3
331,3,0.01,4.08,3
332,3,0.01,4.0,3
333,3,0.01,4.24,3
334,3,0.01,4.16,3
335,3,0.01,4.1,3
336,3,0.01,4.48,3
337,3,0.01,4.18,3
338,3,0.01,4.32,3
339,3,0.01,3.98,3
340,3,0.01,4.02,3
341,3,0.01,4.04,3
342,3,0.01,4.46,3
343,3,0.01,4.08,3
344,3,0.01,4.02,3
345,3,0.01,4.04,3
346,3,0.01,4.1,3
347,3,0.01,4.22,3
348,3,0.01,3.56,3
349,3,0.01,3.72,3
350,3,0.01,4.16,3
351,3,0.01,3.74,3
352,3,0.01,3.98,3
353,3,0.01,4.26,3
354,3,0.01,4.12,3
355,3,0.01,4.3,3
356,3,0.01,3.96,3
357,3,0.01,4.46,3
358,3,0.01,4.7,3
359,3,0.01,4.04,3
360,3,0.01,4.02,3
361,3,0.01,4.0,3
362,3,0.01,3.7,3
363,3,0.01,3.86,3
364,3,0.01,4.0,3
365,3,0.01,4.14,3
366,3,0.01,4.52,3
367,3,0.01,4.18,3
368,3,0.01,4.62,3
369,3,0.01,3.84,3
370,3,0.01,4.02,3
371,3,0.01,4.38,3
372,3,0.01,4.26,3
373,3,0.01,4.04,3
374,3,0.01,4.0,3
375,3,0.01,4.38,3
376,3,0.01,4.16,3
377,3,0.01,3.92,3
378,3,0.01,4.38,3
379,3,0.01,4.2,3
380,3,0.01,4.06,3
381,3,0.01,4.28,3
382,3,0.01,4.16,3
383,3,0.01,4.14,3
384,3,0.01,3.78,3
385,3,0.01,3.82,3
386,3,0.01,3.66,3
387,3,0.01,4.06,3
388,3,0.01,3.66,3
389,3,0.01,3.98,3
390,3,0.01,4.24,3
391,3,0.01,3.86,3
392,3,0.01,4.22,3
393,3,0.01,3.98,3
394,3,0.01,3.74,3
395,3,0.01,4.18,3
396,3,0.01,3.84,3
397,3,0.01,4.48,3
398,3,0.01,4.16,3
399,3,0.01,3.98,3
400,3,0.01,3.74,3
401,3,0.01,4.2,3
402,3,0.01,4.14,3
403,3,0.01,4.02,3
404,3,0.01,4.22,3
405,3,0.01,4.08,3
406,3,0.01,4.44,3
407,3,0.01,3.9,3
408,3,0.01,4.18,3
409,3,0.01,3.78,3
410,3,0.01,4.46,3
411,3,0.01,3.76,3
412,3,0.01,3.94,3
413,3,0.01,4.1,3
414,3,0.01,3.94,3
415,3,0.01,3.96,3
416,3,0.01,4.32,3
417,3,0.01,4.08,3
418,3,0.01,4.36,3
419,3,0.01,4.12,3
420,3,0.01,4.36,3
421,3,0.01,4.12,3
422,3,0.01,4.68,3
423,3,0.01,3.82,3
424,3,0.01,4.3,3
425,3,0.01,4.0,3
426,3,0.01,4.36,3
427,3,0.01,3.88,3
428,3,0.01,3.92,3
429,3,0.01,4.18,3
430,3,0.01,3.78,3
431,3,0.01,3.96,3
432,3,0.01,4.28,3
433,3,0.01,4.06,3
434,3,0.01,3.8,3
435,3,0.01,3.98,3
436,3,0.01,4.26,3
437,3,0.01,3.84,3
438,3,0.01,3.84,3
439,3,0.01,3.8,3
440,3,0.01,4.02,3
441,3,0.01,3.9,3
442,3,0.01,3.94,3
443,3,0.01,4.18,3
444,3,0.01,3.86,3
445,3,0.01,4.28,3
446,3,0.01,4.08,3
447,3,0.01,3.76,3
448,3,0.01,4.42,3
449,3,0.01,3.9,3
450,3,0.01,3.72,3
451,3,0.01,3.74,3
452,3,0.01,4.3,3
453,3,0.01,4.32,3
454,3,0.01,3.54,3
455,3,0.01,4.02,3
456,3,0.01,3.92,3
457,3,0.01,4.64,3
458,3,0.01,4.22,3
459,3,0.01,4.14,3
460,3,0.01,4.14,3
461,3,0.01,4.3,3
462,3,0.01,3.98,3
463,3,0.01,4.18,3
464,3,0.01,3.96,3
465,3,0.01,3.66,3
466,3,0.01,3.72,3
467,3,0.01,4.08,3
468,3,0.01,3.96,3
469,3,0.01,3.74,3
470,3,0.01,3.9,3
471,3,0.01,3.86,3
472,3,0.01,3.8,3
473,3,0.01,4.3,3
474,3,0.01,3.88,3
475,3,0.01,4.1,3
476,3,0.01,3.88,3
477,3,0.01,4.36,3
478,3,0.01,3.9,3
479,3,0.01,3.76,3
480,3,0.01,4.3,3
481,3,0.01,4.4,3
482,3,0.01,4.5,3
483,3,0.01,4.18,3
484,3,0.01,4.04,3
485,3,0.01,3.94,3
486,3,0.01,3.7,3
487,3,0.01,4.14,3
488,3,0.01,3.64,3
489,3,0.01,4.14,3
490,3,0.01,3.66,3
491,3,0.01,4.12,3
492,3,0.01,4.06,3
493,3,0.01,3.98,3
494,3,0.01,4.06,3
495,3,0.01,3.88,3
496,3,0.01,4.34,3
497,3,0.01,3.96,3
498,3,0.01,3.86,3
499,3,0.01,3.84,3
500,3,0.01,4.34,3
501,3,0.01,3.96,3
502,3,0.01,4.02,3
503,3,0.01,3.68,3
504,3,0.01,4.08,3
505,3,0.01,3.94,3
506,3,0.01,4.02,3
507,3,0.01,4.04,3
508,3,0.01,4.22,3
509,3,0.01,4.22,3
510,3,0.01,3.92,3
511,3,0.01,4.18,3
512,3,0.01,4.2,3
513,3,0.01,4.06,3
514,3,0.01,4.0,3
515,3,0.01,4.24,3
516,3,0.01,4.24,3
517,3,0.01,3.96,3
518,3,0.01,4.1,3
519,3,0.01,4.12,3
520,3,0.01,3.84,3
521,3,0.01,4.02,3
522,3,0.01,4.2,3
523,3,0.01,4.0,3
524,3,0.01,4.1,3
525,3,0.01,4.06,3
526,3,0.01,4.16,3
527,3,0.01,4.4,3
528,3,0.01,3.9,3
529,3,0.01,3.8,3
530,3,0.01,3.86,3
531,3,0.01,4.42,3
532,3,0.01,4.2,3
533,3,0.01,3.94,3
534,3,0.01,4.52,3
535,3,0.01,4.54,3
536,3,0.01,4.24,3
537,3,0.01,4.38,3
538,3,0.01,3.8,3
539,3,0.01,3.78,3
540,3,0.01,4.52,3
541,3,0.01,4.0,3
542,3,0.01,4.02,3
543,3,0.01,4.04,3
544,3,0.01,3.96,3
545,3,0.01,4.34,3
546,3,0.01,4.14,3
547,3,0.01,4.24,3
548,3,0.01,4.48,3
549,3,0.01,4.12,3
550,3,0.01,3.98,3
551,3,0.01,4.06,3
552,3,0.01,4.08,3
553,3,0.01,4.24,3
554,3,0.01,3.82,3
555,3,0.01,4.2,3
556,3,0.01,4.06,3
557,3,0.01,4.26,3
558,3,0.01,4.26,3
559,3,0.01,4.1,3
560,3,0.01,4.0,3
561,3,0.01,3.82,3
562,3,0.01,4.22,3
563,3,0.01,4.1,3
564,3,0.01,3.84,3
565,3,0.01,4.06,3
566,3,0.01,4.06,3
567,3,0.01,3.94,3
568,3,0.01,4.44,3
569,3,0.01,4.18,3
570,3,0.01,4.3,3
571,3,0.01,4.2,3
572,3,0.01,4.14,3
573,3,0.01,3.88,3
574,3,0.01,4.18,3
575,3,0.01,4.08,3
576,3,0.01,4.04,3
577,3,0.01,4.12,3
578,3,0.01,4.24,3
579,3,0.01,4.54,3
580,3,0.01,3.98,3
581,3,0.01,3.8,3
582,3,0.01,4.06,3
583,3,0.01,3.86,3
584,3,0.01,4.06,3
585,3,0.01,3.88,3
586,3,0.01,3.84,3
587,3,0.01,4.04,3
588,3,0.01,4.28,3
589,3,0.01,4.08,3
590,3,0.01,4.18,3
591,3,0.01,4.28,3
592,3,0.01,4.38,3
593,3,0.01,4.26,3
594,3,0.01,4.06,3
595,3,0.01,3.88,3
596,3,0.01,4.5,3
597,3,0.01,4.1,3
598,3,0.01,3.88,3
599,3,0.01,4.28,3
600,3,0.01,4.08,3
601,3,0.01,4.04,3
602,3,0.01,4.0,3
603,3,0.01,4.14,3
604,3,0.01,4.12,3
605,3,0.01,3.98,3
606,3,0.01,4.42,3
607,3,0.01,4.12,3
608,3,0.01,4.16,3
609,3,0.01,4.36,3
610,3,0.01,4.22,3
611,3,0.01,4.38,3
612,3,0.01,4.32,3
613,3,0.01,4.14,3
614,3,0.01,4.04,3
615,3,0.01,4.42,3
616,3,0.01,3.78,3
617,3,0.01,3.88,3
618,3,0.01,3.9,3
619,3,0.01,3.84,3
620,3,0.01,4.2,3
621,3,0.01,4.32,3
622,3,0.01,4.32,3
623,3,0.01,4.26,3
624,3,0.01,4.22,3
625,3,0.01,3.96,3
626,3,0.01,4.3,3
627,3,0.01,4.4,3
628,3,0.01,4.18,3
629,3,0.01,3.88,3
630,3,0.01,3.78,3
631,3,0.01,3.94,3
632,3,0.01,4.14,3
633,3,0.01,4.48,3
634,3,0.01,4.36,3
635,3,0.01,4.14,3
636,3,0.01,4.24,3
637,3,0.01,4.34,3
638,3,0.01,3.72,3
639,3,0.01,4.06,3
640,3,0.01,3.88,3
641,3,0.01,4.34,3
642,3,0.01,3.82,3
643,3,0.01,3.84,3
644,3,0.01,4.5,3
645,3,0.01,3.76,3
646,3,0.01,3.86,3
647,3,0.01,3.8,3
648,3,0.01,3.94,3
649,3,0.01,3.84,3
650,3,0.01,3.94,3
651,3,0.01,3.86,3
652,3,0.01,4.28,3
653,3,0.01,4.46,3
654,3,0.01,4.34,3
655,3,0.01,3.94,3
656,3,0.01,4.14,3
657,3,0.01,3.84,3
658,3,0.01,4.16,3
659,3,0.01,4.2,3
660,3,0.01,4.12,3
661,3,0.01,4.12,3
662,3,0.01,4.08,3
663,3,0.01,4.0,3
664,3,0.01,4.18,3
665,3,0.01,4.46,3
666,3,0.01,4.18,3
667,3,0.01,4.34,3
668,3,0.01,4.04,3
669,3,0.01,3.8,3
670,3,0.01,4.16,3
671,3,0.01,4.08,3
672,3,0.01,3.64,3
673,3,0.01,4.24,3
674,3,0.01,4.22,3
675,3,0.01,3.84,3
676,3,0.01,3.96,3
677,3,0.01,4.12,3
678,3,0.01,4.76,3
679,3,0.01,4.4,3
680,3,0.01,4.16,3
681,3,0.01,4.1,3
682,3,0.01,4.18,3
683,3,0.01,4.56,3
684,3,0.01,4.14,3
685,3,0.01,3.96,3
686,3,0.01,4.1,3
687,3,0.01,3.92,3
688,3,0.01,4.14,3
689,3,0.01,4.02,3
690,3,0.01,3.94,3
691,3,0.01,4.1,3
692,3,0.01,3.92,3
693,3,0.01,4.28,3
694,3,0.01,4.28,3
695,3,0.01,4.2,3
696,3,0.01,4.44,3
697,3,0.01,3.88,3
698,3,0.01,4.34,3
699,3,0.01,4.08,3
700,3,0.01,3.92,3
701,3,0.01,4.46,3
702,3,0.01,3.78,3
703,3,0.01,3.74,3
704,3,0.01,4.1,3
705,3,0.01,3.72,3
706,3,0.01,4.12,3
707,3,0.01,4.16,3
708,3,0.01,3.88,3
709,3,0.01,4.1,3
710,3,0.01,3.9,3
711,3,0.01,4.52,3
712,3,0.01,4.48,3
713,3,0.01,3.88,3
714,3,0.01,4.1,3
715,3,0.01,4.02,3
716,3,0.01,4.22,3
717,3,0.01,4.16,3
718,3,0.01,4.44,3
719,3,0.01,4.24,3
720,3,0.01,4.16,3
721,3,0.01,4.14,3
722,3,0.01,4.32,3
723,3,0.01,3.94,3
724,3,0.01,4.14,3
725,3,0.01,4.4,3
726,3,0.01,3.46,3
727,3,0.01,3.72,3
728,3,0.01,3.58,3
729,3,0.01,3.9,3
730,3,0.01,4.0,3
731,3,0.01,4.42,3
732,3,0.01,4.0,3
733,3,0.01,4.28,3
734,3,0.01,4.26,3
735,3,0.01,4.34,3
736,3,0.01,4.02,3
737,3,0.01,4.2,3
738,3,0.01,4.24,3
739,3,0.01,4.56,3
740,3,0.01,3.92,3
741,3,0.01,4.1,3
742,3,0.01,4.2,3
743,3,0.01,4.28,3
744,3,0.01,4.12,3
745,3,0.01,4.18,3
746,3,0.01,4.42,3
747,3,0.01,4.3,3
748,3,0.01,4.42,3
749,3,0.01,3.98,3
750,3,0.01,4.04,3
751,3,0.01,4.04,3
752,3,0.01,4.26,3
753,3,0.01,3.98,3
754,3,0.01,4.1,3
755,3,0.01,4.14,3
756,3,0.01,4.08,3
757,3,0.01,4.02,3
758,3,0.01,3.84,3
759,3,0.01,4.26,3
760,3,0.01,4.06,3
761,3,0.01,4.12,3
762,3,0.01,4.02,3
763,3,0.01,3.82,3
764,3,0.01,4.32,3
765,3,0.01,3.9,3
766,3,0.01,3.86,3
767,3,0.01,3.92,3
768,3,0.01,4.16,3
769,3,0.01,4.36,3
770,3,0.01,4.58,3
771,3,0.01,4.24,3
772,3,0.01,3.84,3
773,3,0.01,4.38,3
774,3,0.01,3.92,3
775,3,0.01,4.18,3
776,3,0.01,4.12,3
777,3,0.01,4.18,3
778,3,0.01,3.88,3
779,3,0.01,3.98,3
780,3,0.01,3.74,3
781,3,0.01,4.46,3
782,3,0.01,4.22,3
783,3,0.01,3.92,3
784,3,0.01,3.76,3
785,3,0.01,3.86,3
786,3,0.01,4.06,3
787,3,0.01,4.0,3
788,3,0.01,4.1,3
789,3,0.01,4.06,3
790,3,0.01,4.34,3
791,3,0.01,4.12,3
792,3,0.01,4.14,3
793,3,0.01,4.04,3
794,3,0.01,4.6,3
795,3,0.01,4.22,3
796,3,0.01,4.52,3
797,3,0.01,3.74,3
798,3,0.01,4.06,3
799,3,0.01,3.98,3
800,3,0.01,4.22,3
801,3,0.01,3.9,3
802,3,0.01,4.08,3
803,3,0.01,4.1,3
804,3,0.01,4.26,3
805,3,0.01,4.0,3
806,3,0.01,4.14,3
807,3,0.01,4.08,3
808,3,0.01,4.5,3
809,3,0.01,3.84,3
810,3,0.01,4.12,3
811,3,0.01,3.98,3
812,3,0.01,4.06,3
813,3,0.01,3.92,3
814,3,0.01,3.78,3
815,3,0.01,3.96,3
816,3,0.01,3.8,3
817,3,0.01,3.94,3
818,3,0.01,3.98,3
819,3,0.01,4.12,3
820,3,0.01,4.18,3
821,3,0.01,3.9,3
822,3,0.01,4.42,3
823,3,0.01,4.14,3
824,3,0.01,3.98,3
825,3,0.01,4.08,3
826,3,0.01,4.06,3
827,3,0.01,3.92,3
828,3,0.01,4.26,3
829,3,0.01,4.3,3
830,3,0.01,4.28,3
831,3,0.01,4.1,3
832,3,0.01,3.86,3
833,3,0.01,3.74,3
834,3,0.01,3.86,3
835,3,0.01,4.24,3
836,3,0.01,3.76,3
837,3,0.01,4.28,3
838,3,0.01,4.06,3
839,3,0.01,4.54,3
840,3,0.01,3.74,3
841,3,0.01,4.28,3
842,3,0.01,4.1,3
843,3,0.01,3.9,3
844,3,0.01,4.08,3
845,3,0.01,4.32,3
846,3,0.01,4.06,3
847,3,0.01,3.92,3
848,3,0.01,3.9,3
849,3,0.01,4.2,3
850,3,0.01,4.36,3
851,3,0.01,4.52,3
852,3,0.01,4.7,3
853,3,0.01,4.5,3
854,3,0.01,4.02,3
855,3,0.01,4.58,3
856,3,0.01,4.38,3
857,3,0.01,3.74,3
858,3,0.01,4.42,3
859,3,0.01,4.1,3
860,3,0.01,3.98,3
861,3,0.01,4.24,3
862,3,0.01,3.82,3
863,3,0.01,3.92,3
864,3,0.01,3.7,3
865,3,0.01,4.12,3
866,3,0.01,3.98,3
867,3,0.01,4.22,3
868,3,0.01,4.04,3
869,3,0.01,3.74,3
870,3,0.01,4.08,3
871,3,0.01,4.16,3
872,3,0.01,4.66,3
873,3,0.01,4.36,3
874,3,0.01,4.6,3
875,3,0.01,4.52,3
876,3,0.01,3.98,3
877,3,0.01,3.96,3
878,3,0.01,4.1,3
879,3,0.01,4.16,3
880,3,0.01,4.2,3
881,3,0.01,4.1,3
882,3,0.01,4.46,3
883,3,0.01,4.28,3
884,3,0.01,4.32,3
885,3,0.01,4.24,3
886,3,0.01,4.22,3
887,3,0.01,4.12,3
888,3,0.01,3.68,3
889,3,0.01,4.12,3
890,3,0.01,4.24,3
891,3,0.01,4.1,3
892,3,0.01,4.24,3
893,3,0.01,4.06,3
894,3,0.01,3.98,3
895,3,0.01,4.4,3
896,3,0.01,4.22,3
897,3,0.01,4.0,3
898,3,0.01,4.98,3
899,3,0.01,4.28,3
900,3,0.01,4.02,3
901,3,0.01,4.36,3
902,3,0.01,3.8,3
903,3,0.01,4.62,3
904,3,0.01,4.14,3
905,3,0.01,3.78,3
906,3,0.01,4.02,3
907,3,0.01,3.92,3
908,3,0.01,4.1,3
909,3,0.01,4.12,3
910,3,0.01,4.0,3
911,3,0.01,4.14,3
912,3,0.01,3.7,3
913,3,0.01,4.14,3
914,3,0.01,4.48,3
915,3,0.01,3.86,3
916,3,0.01,3.58,3
917,3,0.01,4.28,3
918,3,0.01,4.16,3
919,3,0.01,4.36,3
920,3,0.01,4.06,3
921,3,0.01,4.34,3
922,3,0.01,4.12,3
923,3,0.01,4.0,3
924,3,0.01,3.88,3
925,3,0.01,3.94,3
926,3,0.01,4.48,3
927,3,0.01,4.3,3
928,3,0.01,3.78,3
929,3,0.01,3.82,3
930,3,0.01,4.1,3
931,3,0.01,3.96,3
932,3,0.01,3.98,3
933,3,0.01,3.74,3
934,3,0.01,3.86,3
935,3,0.01,4.04,3
936,3,0.01,4.08,3
937,3,0.01,4.14,3
938,3,0.01,4.18,3
939,3,0.01,3.88,3
940,3,0.01,3.96,3
941,3,0.01,3.86,3
942,3,0.01,4.0,3
943,3,0.01,4.02,3
944,3,0.01,4.36,3
945,3,0.01,4.06,3
946,3,0.01,4.26,3
947,3,0.01,4.16,3
948,3,0.01,4.1,3
949,3,0.01,3.96,3
950,3,0.01,3.92,3
951,3,0.01,4.06,3
952,3,0.01,4.0,3
953,3,0.01,4.16,3
954,3,0.01,4.32,3
955,3,0.01,4.16,3
956,3,0.01,4.0,3
957,3,0.01,3.94,3
958,3,0.01,4.02,3
959,3,0.01,4.2,3
960,3,0.01,4.52,3
961,3,0.01,4.38,3
962,3,0.01,3.98,3
963,3,0.01,3.84,3
964,3,0.01,4.06,3
965,3,0.01,3.94,3
966,3,0.01,4.2,3
967,3,0.01,4.14,3
968,3,0.01,3.98,3
969,3,0.01,4.14,3
970,3,0.01,4.1,3
971,3,0.01,4.46,3
972,3,0.01,4.2,3
973,3,0.01,3.98,3
974,3,0.01,3.92,3
975,3,0.01,4.38,3
976,3,0.01,4.1,3
977,3,0.01,4.1,3
978,3,0.01,3.86,3
979,3,0.01,3.8,3
980,3,0.01,4.4,3
981,3,0.01,4.06,3
982,3,0.01,3.9,3
983,3,0.01,4.26,3
984,3,0.01,4.1,3
985,3,0.01,4.32,3
986,3,0.01,4.34,3
987,3,0.01,3.84,3
988,3,0.01,3.86,3
989,3,0.01,4.14,3
990,3,0.01,3.9,3
991,3,0.01,4.02,3
992,3,0.01,4.58,3
993,3,0.01,4.24,3
994,3,0.01,3.6,3
995,3,0.01,4.0,3
996,3,0.01,4.02,3
997,3,0.01,3.86,3
998,3,0.01,4.68,3
999,3,0.01,4.04,3
1000,3,0.01,4.22,3
1001,3,0.01,3.98,3
1002,3,0.01,4.08,3
1003,3,0.01,4.04,3
1004,3,0.01,4.0,3
1005,3,0.01,4.12,3
1006,3,0.01,4.14,3
1007,3,0.01,4.18,3
1008,3,0.01,4.04,3
1009,3,0.01,3.84,3
1010,3,0.01,4.2,3
1011,3,0.01,4.02,3
1012,3,0.01,4.04,3
1013,3,0.01,4.34,3
1014,3,0.01,4.46,3
1015,3,0.01,3.92,3
1016,3,0.01,4.34,3
1017,3,0.01,3.84,3
1018,3,0.01,4.02,3
1019,3,0.01,3.9,3
1020,3,0.01,4.06,3
1021,3,0.01,3.9,3
1022,3,0.01,4.04,3
1023,3,0.01,4.38,3
1024,3,0.01,4.0,3
1025,3,0.01,4.26,3
1026,3,0.01,4.48,3
1027,3,0.01,4.1,3
1028,3,0.01,4.1,3
1029,3,0.01,4.16,3
1030,3,0.01,4.28,3
1031,3,0.01,3.78,3
1032,3,0.01,3.9,3
1033,3,0.01,4.08,3
1034,3,0.01,4.24,3
1035,3,0.01,4.3,3
1036,3,0.01,4.08,3
1037,3,0.01,4.24,3
1038,3,0.01,3.74,3
1039,3,0.01,4.08,3
1040,3,0.01,4.1,3
1041,3,0.01,4.16,3
1042,3,0.01,4.32,2
1043,3,0.01,3.98,2
1044,3,0.01,3.42,2
1045,3,0.01,3.02,2
1046,3,0.01,2.7,2
1047,3,0.01,2.82,2
1048,3,0.01,3.14,2
1049,3,0.01,3.0,2
1050,3,0.01,3.16,2
1051,3,0.01,3.24,2
1052,3,0.01,3.12,2
1053,3,0.01,3.68,2
1054,3,0.01,3.0,2
1055,3,0.01,3.28,2
1056,3,0.01,3.4,2
1057,3,0.01,2.9,2
1058,3,0.01,3.36,2
1059,3,0.01,2.74,2
1060,3,0.01,3.34,2
1061,3,0.01,3.12,2
1062,3,0.01,2.84,2
1063,3,0.01,2.84,2
1064,3,0.01,3.28,2
1065,3,0.01,3.26,2
1066,3,0.01,2.72,2
1067,3,0.01,2.98,2
1068,3,0.01,3.24,2
1069,3,0.01,3.08,2
1070,3,0.01,3.0,2
1071,3,0.01,2.84,2
1072,3,0.01,3.14,2
1073,3,0.01,3.3,2
1074,3,0.01,3.02,2
1075,3,0.01,3.04,2
1076,3,0.01,3.1,2
1077,3,0.01,3.58,2
1078,3,0.01,3.6,2
1079,3,0.01,3.16,2
1080,3,0.01,3.24,2
1081,3,0.01,2.96,2
1082,3,0.01,2.92,2
1083,3,0.01,3.1,2
1084,3,0.01,3.16,2
1085,3,0.01,3.58,2
1086,3,0.01,2.84,2
1087,3,0.01,3.14,2
1088,3,0.01,3.3,2
1089,3,0.01,2.9,2
1090,3,0.01,3.34,2
1091,3,0.01,2.92,2
1092,3,0.01,3.34,2
1093,3,0.01,3.1,2
1094,3,0.01,3.3,2
1095,3,0.01,3.36,2
1096,3,0.01,2.98,2
1097,3,0.01,2.94,2
1098,3,0.01,2.8,2
1099,3,0.01,2.82,2
1100,3,0.01,2.98,2
1101,3,0.01,2.9,2
1102,3,0.01,2.98,2
1103,3,0.01,2.9,2
1104,3,0.01,3.08,2
1105,3,0.01,3.12,2
1106,3,0.01,2.56,2
1107,3,0.01,2.9,2
1108,3,0.01,3.26,2
1109,3,0.01,3.46,2
1110,3,0.01,3.08,2
1111,3,0.01,3.14,2
1112,3,0.01,3.72,2
1113,3,0.01,3.54,2
1114,3,0.01,3.18,2
1115,3,0.01,3.14,2
1116,3,0.01,3.16,2
1117,3,0.01,2.88,2
1118,3,0.01,3.34,2
1119,3,0.01,3.16,2
1120,3,0.01,3.04,2
1121,3,0.01,3.02,2
1122,3,0.01,2.8,2
1123,3,0.01,3.02,2
1124,3,0.01,3.2,2
1125,3,0.01,3.42,2
1126,3,0.01,2.92,2
1127,3,0.01,2.8,2
1128,3,0.01,2.92,2
1129,3,0.01,2.88,2
1130,3,0.01,2.96,2
1131,3,0.01,3.52,2
1132,3,0.01,3.04,2
1133,3,0.01,3.2,2
1134,3,0.01,2.82,2
1135,3,0.01,2.82,2
1136,3,0.01,2.8,2
1137,3,0.01,2.84,2
1138,3,0.01,3.7,2
1139,3,0.01,2.76,2
1140,3,0.01,3.36,2
1141,3,0.01,3.18,2
1142,3,0.01,3.12,2
1143,3,0.01,2.98,2
1144,3,0.01,3.0,2
1145,3,0.01,3.64,2
1146,3,0.01,3.42,2
1147,3,0.01,3.14,2
1148,3,0.01,3.2,2
1149,3,0.01,3.26,2
1150,3,0.01,3.3,2
1151,3,0.01,3.06,2
1152,3,0.01,3.6,2
1153,3,0.01,3.12,2
1154,3,0.01,2.98,2
1155,3,0.01,3.24,2
1156,3,0.01,3.32,2
1157,3,0.01,3.0,2
1158,3,0.01,3.4,2
1159,3,0.01,3.14,2
1160,3,0.01,3.04,2
1161,3,0.01,3.16,2
1162,3,0.01,2.88,2
1163,3,0.01,3.0,2
1164,3,0.01,2.82,2
1165,3,0.01,3.1,2
1166,3,0.01,2.9,2
1167,3,0.01,3.36,2
1168,3,0.01,2.9,2
1169,3,0.01,2.74,2
1170,3,0.01,3.1,2
1171,3,0.01,3.32,2
1172,3,0.01,2.94,2
1173,3,0.01,3.06,2
1174,3,0.01,2.9,2
1175,3,0.01,3.36,2
1176,3,0.01,2.96,2
1177,3,0.01,3.5,2
1178,3,0.01,2.98,2
1179,3,0.01,3.2,2
1180,3,0.01,2.86,2
1181,3,0.01,3.2,2
1182,3,0.01,2.98,2
1183,3,0.01,3.66,2
1184,3,0.01,3.06,2
1185,3,0.01,3.0,2
1186,3,0.01,2.76,2
1187,3,0.01,2.84,2
1188,3,0.01,3.2,2
1189,3,0.01,2.9,2
1190,3,0.01,3.16,2
1191,3,0.01,3.22,2
1192,3,0.01,3.0,2
1193,3,0.01,2.66,2
1194,3,0.01,3.14,2
1195,3,0.01,3.1,2
1196,3,0.01,3.04,2
1197,3,0.01,3.26,2
1198,3,0.01,3.18,2
1199,3,0.01,2.7,2
1200,3,0.01,2.9,2
1201,3,0.01,3.0,2
1202,3,0.01,3.28,2
1203,3,0.01,3.38,2
1204,3,0.01,2.98,2
1205,3,0.01,2.86,2
1206,3,0.01,3.1,2
1207,3,0.01,3.28,2
1208,3,0.01,2.78,2
1209,3,0.01,2.92,2
1210,3,0.01,3.28,2
1211,3,0.01,3.68,2
1212,3,0.01,3.02,2
1213,3,0.01,3.46,2
1214,3,0.01,3.12,2
1215,3,0.01,3.1,2
1216,3,0.01,3.38,2
1217,3,0.01,3.14,2
1218,3,0.01,3.24,2
1219,3,0.01,2.76,2
1220,3,0.01,3.16,2
1221,3,0.01,3.08,2
1222,3,0.01,3.18,2
1223,3,0.01,3.28,2
1224,3,0.01,3.1,2
1225,3,0.01,2.92,2
1226,3,0.01,3.4,2
1227,3,0.01,2.72,2
1228,3,0.01,2.78,2
1229,3,0.01,3.04,2
1230,3,0.01,3.08,2
1231,3,0.01,3.18,2
1232,3,0.01,3.04,2
1233,3,0.01,2.88,2
1234,3,0.01,3.1,2
1235,3,0.01,3.44,2
1236,3,0.01,3.1,2
1237,3,0.01,2.82,2
1238,3,0.01,3.06,2
1239,3,0.01,3.1,2
1240,3,0.01,2.78,2
1241,3,0.01,3.3,2
1242,3,0.01,3.16,2
1243,3,0.01,2.92,2
1244,3,0.01,3.26,2
1245,3,0.01,2.84,2
1246,3,0.01,2.88,2
1247,3,0.01,3.44,2
1248,3,0.01,2.9,2
1249,3,0.01,2.88,2
1250,3,0.01,3.0,2
1251,3,0.01,3.02,2
1252,3,0.01,3.1,2
1253,3,0.01,3.18,2
1254,3,0.01,2.9,2
1255,3,0.01,3.06,2
1256,3,0.01,3.26,2
1257,3,0.01,3.34,2
1258,3,0.01,3.22,2
1259,3,0.01,3.26,2
1260,3,0.01,2.8,2
1261,3,0.01,2.96,2
1262,3,0.01,3.5,2
1263,3,0.01,2.9,2
1264,3,0.01,2.82,2
1265,3,0.01,3.32,2
1266,3,0.01,2.88,2
1267,3,0.01,2.94,2
1268,3,0.01,3.26,2
1269,3,0.01,3.48,2
1270,3,0.01,2.86,2
1271,3,0.01,3.12,2
1272,3,0.01,3.44,2
1273,3,0.01,3.14,2
1274,3,0.01,2.7,2
1275,3,0.01,3.02,2
1276,3,0.01,3.36,2
1277,3,0.01,3.2,2
1278,3,0.01,3.12,2
1279,3,0.01,3.7,2
1280,3,0.01,2.46,2
1281,3,0.01,2.68,2
1282,3,0.01,3.26,2
1283,3,0.01,3.26,2
1284,3,0.01,2.94,2
1285,3,0.01,3.06,2
1286,3,0.01,3.62,2
1287,3,0.01,3.74,2
1288,3,0.01,3.28,2
1289,3,0.01,3.18,2
1290,3,0.01,2.92,2
1291,3,0.01,3.46,2
1292,3,0.01,2.76,2
1293,3,0.01,3.14,2
1294,3,0.01,3.12,2
1295,3,0.01,3.1,2
1296,3,0.01,3.04,2
1297,3,0.01,3.32,2
1298,3,0.01,3.26,2
1299,3,0.01,3.26,2
1300,3,0.01,3.0,2
1301,3,0.01,3.28,2
1302,3,0.01,3.38,2
1303,3,0.01,3.0,2
1304,3,0.01,3.04,2
1305,3,0.01,3.34,2
1306,3,0.01,3.16,2
1307,3,0.01,3.04,2
1308,3,0.01,3.36,2
1309,3,0.01,2.86,2
1310,3,0.01,3.08,2
1311,3,0.01,3.4,2
1312,3,0.01,3.22,2
1313,3,0.01,3.48,2
1314,3,0.01,3.14,2
1315,3,0.01,3.14,2
1316,3,0.01,3.08,2
1317,3,0.01,3.1,2
1318,3,0.01,2.54,2
1319,3,0.01,2.88,2
1320,3,0.01,2.96,2
1321,3,0.01,3.02,2
1322,3,0.01,2.98,2
1323,3,0.01,3.02,2
1324,3,0.01,3.34,2
1325,3,0.01,2.9,2
1326,3,0.01,3.24,2
1327,3,0.01,3.18,2
1328,3,0.01,2.86,2
1329,3,0.01,2.88,2
1330,3,0.01,3.24,2
1331,3,0.01,3.3,2
1332,3,0.01,3.12,2
1333,3,0.01,3.02,2
1334,3,0.01,3.04,2
1335,3,0.01,3.0,2
1336,3,0.01,3.48,2
1337,3,0.01,3.4,2
1338,3,0.01,3.38,2
1339,3,0.01,3.26,2
1340,3,0.01,3.08,2
1341,3,0.01,3.18,2
1342,3,0.01,2.76,2
1343,3,0.01,3.34,2
1344,3,0.01,2.82,2
1345,3,0.01,2.94,2
1346,3,0.01,2.68,2
1347,3,0.01,2.96,2
1348,3,0.01,3.2,2
1349,3,0.01,2.78,2
1350,3,0.01,3.0,2
1351,3,0.01,3.16,2
1352,3,0.01,2.9,2
1353,3,0.01,3.24,2
1354,3,0.01,3.02,2
1355,3,0.01,3.06,2
1356,3,0.01,2.98,2
1357,3,0.01,2.92,2
1358,3,0.01,3.2,2
1359,3,0.01,2.88,2
1360,3,0.01,3.4,2
1361,3,0.01,3.16,2
1362,3,0.01,3.24,2
1363,3,0.01,3.06,2
1364,3,0.01,2.98,2
1365,3,0.01,3.42,2
1366,3,0.01,3.0,2
1367,3,0.01,3.06,2
1368,3,0.01,3.28,2
1369,3,0.01,3.26,2
1370,3,0.01,3.3,2
1371,3,0.01,3.16,2
1372,3,0.01,2.98,2
1373,3,0.01,3.1,2
1374,3,0.01,3.28,2
1375,3,0.01,3.06,2
1376,3,0.01,2.9,2
1377,3,0.01,2.84,2
1378,3,0.01,2.98,2
1379,3,0.01,3.04,2
1380,3,0.01,2.86,2
1381,3,0.01,2.96,2
1382,3,0.01,3.5,2
1383,3,0.01,3.28,2
1384,3,0.01,3.36,2
1385,3,0.01,3.18,2
1386,3,0.01,2.98,2
1387,3,0.01,3.26,2
1388,3,0.01,3.14,2
1389,3,0.01,2.94,2
1390,3,0.01,3.4,2
1391,3,0.01,2.84,2
1392,3,0.01,3.12,2
1393,3,0.01,3.06,2
1394,3,0.01,3.0,2
1395,3,0.01,3.08,2
1396,3,0.01,3.24,2
1397,3,0.01,3.58,2
1398,3,0.01,3.1,2
1399,3,0.01,3.06,2
1400,3,0.01,2.94,2
1401,3,0.01,3.16,2
1402,3,0.01,3.28,2
1403,3,0.01,2.94,2
1404,3,0.01,2.7,2
1405,3,0.01,3.48,2
1406,3,0.01,3.0,2
1407,3,0.01,3.42,2
1408,3,0.01,3.0,2
1409,3,0.01,3.5,2
1410,3,0.01,2.96,2
1411,3,0.01,3.08,2
1412,3,0.01,2.96,2
1413,3,0.01,3.44,2
1414,3,0.01,3.38,2
1415,3,0.01,3.44,2
1416,3,0.01,3.1,2
1417,3,0.01,2.98,2
1418,3,0.01,2.86,2
1419,3,0.01,3.52,2
1420,3,0.01,3.28,2
1421,3,0.01,2.9,2
1422,3,0.01,3.24,2
1423,3,0.01,3.1,2
1424,3,0.01,3.16,2
1425,3,0.01,3.08,2
1426,3,0.01,3.3,1
1427,3,0.01,2.22,1
1428,3,0.01,1.86,1
1429,3,0.01,2.26,1
1430,3,0.01,2.36,1
1431,3,0.01,2.3,1
1432,3,0.01,1.92,1
1433,3,0.01,2.46,1
1434,3,0.01,2.2,1
1435,3,0.01,2.1,1
1436,3,0.01,2.76,1
1437,3,0.01,1.98,1
1438,3,0.01,1.9,1
1439,3,0.01,2.22,1
1440,3,0.01,2.18,1
1441,3,0.01,2.28,1
1442,3,0.01,2.06,1
1443,3,0.01,2.6,1
1444,3,0.01,2.04,1
1445,3,0.01,2.68,1
1446,3,0.01,2.98,1
1447,3,0.01,1.72,1
1448,3,0.01,2.22,1
1449,3,0.01,2.18,1
1450,3,0.01,2.64,1
1451,3,0.01,2.18,1
1452,3,0.01,2.24,1
1453,3,0.01,1.96,1
1454,3,0.01,1.9,1
1455,3,0.01,2.0,1
1456,3,0.01,2.2,1
1457,3,0.01,2.44,1
1458,3,0.01,2.2,1
1459,3,0.01,2.06,1
1460,3,0.01,2.18,1
1461,3,0.01,1.8,1
1462,3,0.01,2.32,1
1463,3,0.01,2.08,1
1464,3,0.01,2.46,1
1465,3,0.01,2.08,1
1466,3,0.01,2.32,1
1467,3,0.01,2.56,1
1468,3,0.01,1.72,1
1469,3,0.01,2.2,1
1470,3,0.01,2.32,1
1471,3,0.01,2.0,1
1472,3,0.01,2.3,1
1473,3,0.01,2.34,1
1474,3,0.01,2.34,1
1475,3,0.01,2.28,1
1476,3,0.01,1.94,1
1477,3,0.01,1.82,1
1478,3,0.01,1.84,1
1479,3,0.01,2.32,1
1480,3,0.01,1.84,1
1481,3,0.01,2.44,1
1482,3,0.01,2.26,1
1483,3,0.01,2.44,1
1484,3,0.01,2.16,1
1485,3,0.01,2.26,1
1486,3,0.01,2.32,1
1487,3,0.01,1.96,1
1488,3,0.01,1.94,1
1489,3,0.01,1.92,1
1490,3,0.01,2.34,1
1491,3,0.01,2.0,1
1492,3,0.01,2.4,1
1493,3,0.01,1.92,1
1494,3,0.01,1.96,1
1495,3,0.01,2.0,1
1496,3,0.01,2.74,1
1497,3,0.01,2.46,1
1498,3,0.01,1.98,1
1499,3,0.01,1.8,1
1500,3,0.01,2.16,1
1501,3,0.01,2.38,1
1502,3,0.01,2.06,1
1503,3,0.01,2.0,1
1504,3,0.01,2.06,1
1505,3,0.01,2.4,1
1506,3,0.01,1.98,1
1507,3,0.01,2.16,1
1508,3,0.01,1.88,1
1509,3,0.01,2.16,1
1510,3,0.01,1.82,1
1511,3,0.01,2.24,1
1512,3,0.01,2.14,1
1513,3,0.01,2.24,1
1514,3,0.01,2.06,1
1515,3,0.01,2.28,1
1516,3,0.01,2.46,1
1517,3,0.01,1.78,1
1518,3,0.01,2.0,1
1519,3,0.01,2.34,1
1520,3,0.01,1.94,1
1521,3,0.01,2.4,1
1522,3,0.01,2.34,1
1523,3,0.01,2.04,1
1524,3,0.01,2.58,1
1525,3,0.01,1.94,1
1526,3,0.01,2.1,1
1527,3,0.01,2.14,1
1528,3,0.01,2.22,1
1529,3,0.01,2.58,1
1530,3,0.01,2.38,1
1531,3,0.01,1.88,1
1532,3,0.01,2.5,1
1533,3,0.01,2.22,1
1534,3,0.01,2.1,1
1535,3,0.01,2.16,1
1536,3,0.01,1.94,1
1537,3,0.01,2.66,1
1538,3,0.01,1.68,1
1539,3,0.01,2.18,1
1540,3,0.01,2.4,1
1541,3,0.01,1.8,1
1542,3,0.01,1.64,1
1543,3,0.01,2.36,1
1544,3,0.01,2.08,1
1545,3,0.01,2.02,1
1546,3,0.01,2.46,1
1547,3,0.01,2.18,1
1548,3,0.01,2.04,1
1549,3,0.01,2.3,1
1550,3,0.01,2.2,1
1551,3,0.01,2.14,1
1552,3,0.01,2.14,1
1553,3,0.01,2.26,1
1554,3,0.01,1.58,1
1555,3,0.01,2.26,1
1556,3,0.01,1.98,1
1557,3,0.01,1.96,1
1558,3,0.01,2.44,1
1559,3,0.01,2.62,1
1560,3,0.01,2.64,1
1561,3,0.01,2.2,1
1562,3,0.01,2.14,1
1563,3,0.01,1.7,1
1564,3,0.01,2.44,1
1565,3,0.01,2.06,1
1566,3,0.01,2.52,1
1567,3,0.01,2.1,1
1568,3,0.01,1.66,1
1569,3,0.01,2.52,1
1570,3,0.01,2.14,1
1571,3,0.01,2.2,1
1572,3,0.01,2.1,1
1573,3,0.01,2.02,1
1574,3,0.01,2.06,1
1575,3,0.01,2.4,1
1576,3,0.01,2.34,1
1577,3,0.01,1.82,1
1578,3,0.01,2.4,1
1579,3,0.01,2.02,1
1580,3,0.01,2.06,1
1581,3,0.01,2.2,1
1582,3,0.01,2.34,1
1583,3,0.01,2.16,1
1584,3,0.01,1.58,1
1585,3,0.01,1.82,1
1586,3,0.01,2.16,1
1587,3,0.01,2.1,1
1588,3,0.01,2.12,1
1589,3,0.01,2.14,1
1590,3,0.01,2.16,1
1591,3,0.01,1.86,1
1592,3,0.01,2.32,1
1593,3,0.01,2.66,1
1594,3,0.01,2.34,1
1595,3,0.01,1.76,1
1596,3,0.01,2.08,1
1597,3,0.01,2.52,1
1598,3,0.01,1.9,1
1599,3,0.01,2.2,1
1600,3,0.01,2.32,1
1601,3,0.01,2.3,1
1602,3,0.01,1.96,1
1603,3,0.01,1.86,1
1604,3,0.01,2.4,1
1605,3,0.01,1.98,1
1606,3,0.01,2.0,1
1607,3,0.01,2.14,1
1608,3,0.01,1.72,1
1609,3,0.01,1.94,1
1610,3,0.01,2.28,1
1611,3,0.01,1.76,1
1612,3,0.01,1.7,1
1613,3,0.01,2.26,1
1614,3,0.01,2.08,1
1615,3,0.01,2.22,1
1616,3,0.01,2.14,1
1617,3,0.01,2.16,1
1618,3,0.01,1.88,1
1619,3,0.01,1.54,1
1620,3,0.01,1.96,1
1621,3,0.01,2.52,1
1622,3,0.01,2.46,1
1623,3,0.01,2.22,1
1624,3,0.01,2.1,1
1625,3,0.01,2.48,1
1626,3,0.01,2.24,1
1627,3,0.01,2.16,1
1628,3,0.01,1.74,1
1629,3,0.01,2.0,1
1630,3,0.01,2.16,1
1631,3,0.01,2.06,1
1632,3,0.01,2.16,1
1633,3,0.01,2.22,1
1634,3,0.01,2.2,1
1635,3,0.01,1.84,1
1636,3,0.01,2.0,1
1637,3,0.01,2.08,1
1638,3,0.01,1.9,1
1639,3,0.01,1.86,1
1640,3,0.01,2.14,1
1641,3,0.01,2.48,1
1642,3,0.01,2.22,1
1643,3,0.01,1.88,1
1644,3,0.01,2.74,1
1645,3,0.01,2.04,1
1646,3,0.01,2.44,1
1647,3,0.01,1.64,1
1648,3,0.01,1.98,1
1649,3,0.01,2.18,1
1650,3,0.01,2.22,1
1651,3,0.01,2.22,1
1652,3,0.01,2.44,1
1653,3,0.01,1.7,1
1654,3,0.01,2.1,1
1655,3,0.01,2.18,1
1656,3,0.01,2.38,1
1657,3,0.01,2.2,1
1658,3,0.01,2.34,1
1659,3,0.01,2.04,1
1660,3,0.01,1.6,1
1661,3,0.01,2.02,1
1662,3,0.01,2.18,1
1663,3,0.01,2.46,1
1664,3,0.01,2.0,1
1665,3,0.01,1.72,1
1666,3,0.01,2.38,1
1667,3,0.01,1.96,1
1668,3,0.01,1.8,1
1669,3,0.01,1.76,1
1670,3,0.01,2.48,1
1671,3,0.01,2.12,1
1672,3,0.01,2.28,1
1673,3,0.01,2.1,1
1674,3,0.01,2.52,1
1675,3,0.01,2.0,1
1676,3,0.01,1.96,1
1677,3,0.01,1.68,1
1678,3,0.01,2.12,1
1679,3,0.01,1.88,1
1680,3,0.01,2.06,1
1681,3,0.01,1.72,1
1682,3,0.01,2.26,1
1683,3,0.01,1.98,1
1684,3,0.01,2.54,1
1685,3,0.01,1.74,1
1686,3,0.01,1.88,1
1687,3,0.01,1.96,1
1688,3,0.01,2.06,1
1689,3,0.01,1.98,1
1690,3,0.01,2.24,1
1691,3,0.01,1.98,1
1692,3,0.01,2.18,1
1693,3,0.01,2.06,1
1694,3,0.01,2.52,1
1695,3,0.01,1.92,1
1696,3,0.01,2.44,1
1697,3,0.01,2.34,1
1698,3,0.01,1.86,1
1699,3,0.01,1.54,1
1700,3,0.01,2.06,1
1701,3,0.01,2.3,1
1702,3,0.01,2.1,1
1703,3,0.01,1.9,1
1704,3,0.01,2.38,1
1705,3,0.01,1.86,1
1706,3,0.01,1.98,1
1707,3,0.01,1.92,1
1708,3,0.01,1.92,1
1709,3,0.01,2.12,1
1710,3,0.01,1.82,1
1711,3,0.01,2.28,1
1712,3,0.01,1.96,1
1713,3,0.01,1.82,1
1714,3,0.01,1.96,1
1715,3,0.01,2.46,1
1716,3,0.01,2.42,1
1717,3,0.01,2.08,1
1718,3,0.01,2.2,1
1719,3,0.01,2.3,1
1720,3,0.01,2.3,1
1721,3,0.01,2.18,1
1722,3,0.01,1.94,1
1723,3,0.01,2.06,1
1724,3,0.01,2.34,1
1725,3,0.01,2.18,1
1726,3,0.01,2.4,1
1727,3,0.01,1.74,1
1728,3,0.01,2.6,1
1729,3,0.01,2.22,1
1730,3,0.01,2.04,1
1731,3,0.01,1.94,1
1732,3,0.01,2.22,1
1733,3,0.01,2.54,1
1734,3,0.01,2.34,1
1735,3,0.01,2.5,1
1736,3,0.01,2.28,1
1737,3,0.01,2.4,1
1738,3,0.01,2.02,1
1739,3,0.01,2.6,1
1740,3,0.01,1.86,1
1741,3,0.01,2.06,1
1742,3,0.01,2.2,1
1743,3,0.01,2.14,1
1744,3,0.01,2.16,1
1745,3,0.01,2.1,1
1746,3,0.01,2.26,1
1747,3,0.01,1.82,1
1748,3,0.01,1.84,1
1749,3,0.01,2.18,1
1750,3,0.01,1.86,1
1751,3,0.01,2.46,1
1752,3,0.01,2.14,1
1753,3,0.01,2.18,1
1754,3,0.01,1.82,1
1755,3,0.01,2.18,1
1756,3,0.01,2.24,1
1757,3,0.01,1.98,1
1758,3,0.01,2.64,1
1759,3,0.01,1.96,1
1760,3,0.01,2.46,1
1761,3,0.01,2.2,1
1762,3,0.01,1.86,1
1763,3,0.01,2.16,1
1764,3,0.01,2.32,1
1765,3,0.01,2.08,1
1766,3,0.01,2.26,1
1767,3,0.01,1.8,1
1768,3,0.01,1.78,1
1769,3,0.01,1.98,1
1770,3,0.01,2.18,1
1771,3,0.01,1.74,1
1772,3,0.01,2.06,1
1773,3,0.01,2.38,1
1774,3,0.01,1.84,1
1775,3,0.01,1.6,1
1776,3,0.01,2.3,1
1777,3,0.01,2.1,1
1778,3,0.01,1.88,1
1779,3,0.01,2.36,1
1780,3,0.01,2.1,1
1781,3,0.01,2.04,1
1782,3,0.01,1.88,1
1783,3,0.01,2.38,1
1784,3,0.01,2.04,1
1785,3,0.01,2.02,1
1786,3,0.01,2.02,1
1787,3,0.01,2.32,1
1788,3,0.01,2.02,1
1789,3,0.01,2.32,1
1790,3,0.01,1.9,1
1791,3,0.01,2.34,1
1792,3,0.01,2.04,1
1793,3,0.01,2.0,1
1794,3,0.01,2.56,1
1795,3,0.01,2.4,1
1796,3,0.01,2.92,1
1797,3,0.01,2.52,1
1798,3,0.01,2.2,1
1799,3,0.01,1.98,1
1800,3,0.01,2.16,1
1801,3,0.01,2.2,1
1802,3,0.01,1.74,1
1803,3,0.01,2.26,1
1804,3,0.01,1.92,1
1805,3,0.01,2.5,1
1806,3,0.01,2.04,1
1807,3,0.01,2.14,1
1808,3,0.01,2.42,1
1809,3,0.01,1.7,1
1810,3,0.01,2.02,1
1811,3,0.01,2.2,1
1812,3,0.01,2.18,1
1813,3,0.01,1.82,1
1814,3,0.01,1.76,1
1815,3,0.01,1.8,1
1816,3,0.01,2.24,1
1817,3,0.01,2.02,1
1818,3,0.01,2.26,1
1819,3,0.01,1.66,1
1820,3,0.01,1.9,1
1821,3,0.01,1.98,1
1822,3,0.01,1.92,1
1823,3,0.01,2.12,1
1824,3,0.01,2.06,1
1825,3,0.01,2.36,1
1826,3,0.01,2.54,1
1827,3,0.01,2.32,1
1828,3,0.01,2.14,1
1829,3,0.01,2.16,1
1830,3,0.01,1.7,1
1831,3,0.01,2.38,1
1832,3,0.01,2.44,1
1833,3,0.01,2.72,1
1834,3,0.01,1.92,1
1835,3,0.01,2.42,1
1836,3,0.01,1.88,1
1837,3,0.01,2.1,1
1838,3,0.01,2.1,1
1839,3,0.01,1.88,1
1840,3,0.01,2.46,1
1841,3,0.01,2.04,1
1842,3,0.01,1.9,1
1843,3,0.01,2.16,1
1844,3,0.01,2.36,1
1845,3,0.01,2.62,1
1846,3,0.01,1.82,1
1847,3,0.01,2.24,1
1848,3,0.01,1.8,1
1849,3,0.01,2.08,1
1850,3,0.01,2.02,1
1851,3,0.01,1.98,1
1852,3,0.01,2.16,1
1853,3,0.01,2.5,1
1854,3,0.01,2.18,1
1855,3,0.01,2.0,1
1856,3,0.01,2.26,1
1857,3,0.01,2.56,1
1858,3,0.01,2.36,1
1859,3,0.01,2.02,1
1860,3,0.01,2.26,1
1861,3,0.01,2.3,1
1862,3,0.01,2.34,1
1863,3,0.01,2.24,1
1864,3,0.01,1.9,1
1865,3,0.01,2.12,1
1866,3,0.01,1.84,1
1867,3,0.01,2.48,1
1868,3,0.01,1.86,1
1869,3,0.01,1.98,1
1870,3,0.01,2.14,1
1871,3,0.01,2.5,1
1872,3,0.01,2.24,1
1873,3,0.01,2.14,1
1874,3,0.01,1.9,1
1875,3,0.01,1.84,1
1876,3,0.01,1.92,1
1877,3,0.01,2.02,1
1878,3,0.01,2.36,1
1879,3,0.01,1.64,1
1880,3,0.01,1.94,1
1881,3,0.01,2.44,1
1882,3,0.01,2.24,1
1883,3,0.01,1.96,1
1884,3,0.01,2.1,1
1885,3,0.01,2.54,1
1886,3,0.01,2.34,1
1887,3,0.01,1.8,1
1888,3,0.01,2.54,1
1889,3,0.01,1.88,1
1890,3,0.01,2.28,1
1891,3,0.01,2.42,1
1892,3,0.01,2.24,1
1893,3,0.01,2.56,1
1894,3,0.01,1.82,1
1895,3,0.01,2.76,1
1896,3,0.01,2.38,1
1897,3,0.01,2.16,1
1898,3,0.01,2.16,1
1899,3,0.01,1.98,1
1900,3,0.01,2.24,1
1901,3,0.01,2.2,1
1902,3,0.01,2.04,1
1903,3,0.01,2.18,1
1904,3,0.01,2.38,1
1905,3,0.01,2.18,1
1906,3,0.01,2.44,1
1907,3,0.01,1.76,1
1908,3,0.01,2.2,1
1909,3,0.01,2.08,1
1910,3,0.01,1.72,1
1911,3,0.01,2.48,1
1912,3,0.01,2.08,1
1913,3,0.01,2.04,1
1914,3,0.01,2.2,1
1915,3,0.01,2.28,1
1916,3,0.01,2.2,1
1917,3,0.01,1.92,1
1918,3,0.01,2.68,1
1919,3,0.01,2.44,1
1920,3,0.01,2.06,1
1921,3,0.01,2.1,1
1922,3,0.01,1.96,1
1923,3,0.01,1.9,1
1924,3,0.01,2.3,1
1925,3,0.01,2.18,1
1926,3,0.01,2.26,1
1927,3,0.01,1.96,1
1928,3,0.01,2.42,1
1929,3,0.01,2.7,1
1930,3,0.01,2.28,1
1931,3,0.01,1.84,1
1932,3,0.01,2.2,1
1933,3,0.01,1.76,1
1934,3,0.01,1.84,1
1935,3,0.01,2.18,1
1936,3,0.01,2.12,1
1937,3,0.01,2.18,1
1938,3,0.01,2.24,1
1939,3,0.01,2.02,1
1940,3,0.01,2.22,1
1941,3,0.01,2.52,1
1942,3,0.01,2.02,1
1943,3,0.01,1.78,1
1944,3,0.01,2.34,1
1945,3,0.01,2.0,1
1946,3,0.01,2.06,1
1947,3,0.01,2.12,1
1948,3,0.01,1.88,1
1949,3,0.01,2.06,1
1950,3,0.01,2.08,1
1951,3,0.01,2.44,1
1952,3,0.01,2.42,1
1953,3,0.01,1.94,1
1954,3,0.01,2.46,1
1955,3,0.01,2.12,1
1956,3,0.01,1.96,1
1957,3,0.01,2.28,1
1958,3,0.01,1.92,1
1959,3,0.01,2.22,1
1960,3,0.01,2.28,1
1961,3,0.01,2.64,1
1962,3,0.01,1.98,1
1963,3,0.01,2.24,1
1964,3,0.01,2.0,1
1965,3,0.01,2.08,1
1966,3,0.01,2.0,1
1967,3,0.01,2.14,1
1968,3,0.01,1.88,1
1969,3,0.01,2.26,1
1970,3,0.01,2.08,1
1971,3,0.01,2.06,1
1972,3,0.01,2.4,1
1973,3,0.01,1.7,1
1974,3,0.01,2.94,1
1975,3,0.01,1.88,1
1976,3,0.01,2.42,1
1977,3,0.01,2.02,1
1978,3,0.01,2.26,1
1979,3,0.01,2.42,1
1980,3,0.01,1.92,1
1981,3,0.01,2.08,1
1982,3,0.01,2.68,1
1983,3,0.01,2.06,1
1984,3,0.01,2.1,1
1985,3,0.01,2.22,1
1986,3,0.01,2.66,1
1987,3,0.01,2.0,1
1988,3,0.01,2.34,1
1989,3,0.01,2.34,1
1990,3,0.01,1.98,1
1991,3,0.01,1.98,1
1992,3,0.01,2.44,1
1993,3,0.01,2.2,1
1994,3,0.01,1.68,1
1995,3,0.01,2.5,1
1996,3,0.01,2.12,1
1997,3,0.01,1.9,1
1998,3,0.01,2.7,1
1999,3,0.01,2.28,1
2000,3,0.01,2.28,1
0,4,0.01,57.86,40
1,4,0.01,45.72,38
2,4,0.01,39.8,35
3,4,0.01,36.42,33
4,4,0.01,34.02,31
5,4,0.01,32.42,29
6,4,0.01,30.68,28
7,4,0.01,28.98,27
8,4,0.01,28.42,26
9,4,0.01,27.42,25
10,4,0.01,26.6,25
11,4,0.01,25.52,22
12,4,0.01,23.62,21
13,4,0.01,22.06,19
14,4,0.01,20.16,19
15,4,0.01,19.8,18
16,4,0.01,19.22,18
17,4,0.01,19.0,17
18,4,0.01,18.5,17
19,4,0.01,17.94,17
20,4,0.01,17.64,16
21,4,0.01,18.14,16
22,4,0.01,17.16,16
23,4,0.01,16.56,15
24,4,0.01,16.12,15
25,4,0.01,15.86,15
26,4,0.01,16.1,15
27,4,0.01,16.08,15
28,4,0.01,15.64,14
29,4,0.01,15.04,14
30,4,0.01,15.3,13
31,4,0.01,14.64,13
32,4,0.01,13.98,13
33,4,0.01,13.78,13
34,4,0.01,13.78,13
35,4,0.01,13.76,12
36,4,0.01,13.34,11
37,4,0.01,12.76,11
38,4,0.01,12.04,11
39,4,0.01,12.1,11
40,4,0.01,12.1,10
41,4,0.01,11.32,10
42,4,0.01,11.18,10
43,4,0.01,10.74,10
44,4,0.01,10.68,10
45,4,0.01,10.74,9
46,4,0.01,10.32,9
47,4,0.01,10.16,9
48,4,0.01,9.92,9
49,4,0.01,9.96,8
50,4,0.01,9.24,8
51,4,0.01,8.9,8
52,4,0.01,9.2,8
53,4,0.01,8.86,8
54,4,0.01,8.98,8
55,4,0.01,8.9,8
56,4,0.01,9.3,8
57,4,0.01,9.12,8
58,4,0.01,8.9,8
59,4,0.01,9.16,8
60,4,0.01,9.2,8
61,4,0.01,8.66,7
62,4,0.01,8.36,7
63,4,0.01,7.7,7
64,4,0.01,7.52,7
65,4,0.01,7.82,7
66,4,0.01,7.92,7
67,4,0.01,8.2,7
68,4,0.01,7.96,7
69,4,0.01,7.84,7
70,4,0.01,8.28,7
71,4,0.01,7.76,7
72,4,0.01,7.76,6
73,4,0.01,7.3,6
74,4,0.01,6.9,6
75,4,0.01,6.92,6
76,4,0.01,6.94,6
77,4,0.01,7.2,6
78,4,0.01,7.08,6
79,4,0.01,6.9,6
80,4,0.01,6.98,6
81,4,0.01,7.12,6
82,4,0.01,7.34,6
83,4,0.01,7.1,6
84,4,0.01,7.08,6
85,4,0.01,7.1,6
86,4,0.01,6.86,6
87,4,0.01,7.0,6
88,4,0.01,6.82,6
89,4,0.01,7.84,6
90,4,0.01,7.1,6
91,4,0.01,6.76,6
92,4,0.01,6.9,6
93,4,0.01,7.24,6
94,4,0.01,7.12,6
95,4,0.01,6.92,6
96,4,0.01,7.34,6
97,4,0.01,6.76,6
98,4,0.01,7.4,6
99,4,0.01,7.02,6
100,4,0.01,7.12,6
101,4,0.01,6.96,6
102,4,0.01,6.7,6
103,4,0.01,6.64,6
104,4,0.01,7.06,6
105,4,0.01,6.78,6
106,4,0.01,6.92,6
107,4,0.01,7.22,6
108,4,0.01,6.9,6
109,4,0.01,7.02,6
110,4,0.01,7.22,6
111,4,0.01,6.76,6
112,4,0.01,6.9,6
113,4,0.01,6.98,6
114,4,0.01,7.2,6
115,4,0.01,7.0,6
116,4,0.01,7.06,6
117,4,0.01,7.3,6
118,4,0.01,6.68,6
119,4,0.01,7.06,6
120,4,0.01,6.88,6
121,4,0.01,7.22,6
122,4,0.01,7.56,6
123,4,0.01,7.3,6
124,4,0.01,7.16,6
125,4,0.01,7.12,6
126,4,0.01,6.64,6
127,4,0.01,6.74,6
128,4,0.01,6.62,6
129,4,0.01,6.96,6
130,4,0.01,6.84,6
131,4,0.01,6.84,6
132,4,0.01,6.98,6
133,4,0.01,7.02,6
134,4,0.01,6.92,6
135,4,0.01,6.9,6
136,4,0.01,7.2,6
137,4,0.01,7.06,6
138,4,0.01,7.22,6
139,4,0.01,6.92,6
140,4,0.01,7.3,6
141,4,0.01,6.98,6
142,4,0.01,7.3,6
143,4,0.01,7.0,6
144,4,0.01,7.24,6
145,4,0.01,7.42,6
146,4,0.01,7.04,6
147,4,0.01,7.06,6
148,4,0.01,7.14,6
149,4,0.01,7.32,6
150,4,0.01,6.96,6
151,4,0.01,7.0,6
152,4,0.01,7.2,6
153,4,0.01,6.96,6
154,4,0.01,6.74,6
155,4,0.01,7.26,6
156,4,0.01,6.68,6
157,4,0.01,6.9,6
158,4,0.01,6.5,5
159,4,0.01,6.32,5
160,4,0.01,6.42,5
161,4,0.01,6.22,5
162,4,0.01,6.12,5
163,4,0.01,6.3,5
164,4,0.01,6.14,5
165,4,0.01,6.08,5
166,4,0.01,6.3,5
167,4,0.01,6.04,5
168,4,0.01,6.02,5
169,4,0.01,6.26,5
170,4,0.01,6.58,5
171,4,0.01,5.98,5
172,4,0.01,6.06,5
173,4,0.01,6.02,5
174,4,0.01,6.1,5
175,4,0.01,5.8,5
176,4,0.01,6.04,5
177,4,0.01,5.58,5
178,4,0.01,5.96,5
179,4,0.01,6.12,5
180,4,0.01,6.3,5
181,4,0.01,6.4,5
182,4,0.01,6.2,5
183,4,0.01,5.94,5
184,4,0.01,6.12,5
185,4,0.01,6.14,5
186,4,0.01,5.92,5
187,4,0.01,6.02,5
188,4,0.01,6.2,5
189,4,0.01,5.68,5
190,4,0.01,6.3,5
191,4,0.01,6.26,5
192,4,0.01,6.64,5
193,4,0.01,6.04,5
194,4,0.01,6.22,5
195,4,0.01,5.9,5
196,4,0.01,6.08,5
197,4,0.01,6.28,5
198,4,0.01,5.74,5
199,4,0.01,5.94,5
200,4,0.01,6.34,5
201,4,0.01,5.98,5
202,4,0.01,5.96,5
203,4,0.01,5.78,5
204,4,0.01,6.2,5
205,4,0.01,5.68,5
206,4,0.01,6.0,5
207,4,0.01,5.68,5
208,4,0.01,6.3,5
209,4,0.01,5.94,5
210,4,0.01,6.06,5
211,4,0.01,5.8,5
212,4,0.01,6.02,5
213,4,0.01,6.08,5
214,4,0.01,6.26,5
215,4,0.01,5.88,5
216,4,0.01,5.88,5
217,4,0.01,6.34,5
218,4,0.01,5.88,5
219,4,0.01,6.36,5
220,4,0.01,6.24,5
221,4,0.01,5.86,5
222,4,0.01,6.06,5
223,4,0.01,5.84,5
224,4,0.01,6.24,5
225,4,0.01,6.0,5
226,4,0.01,5.92,5
227,4,0.01,6.08,5
228,4,0.01,6.08,5
229,4,0.01,5.8,5
230,4,0.01,6.3,5
231,4,0.01,6.16,5
232,4,0.01,6.1,5
233,4,0.01,5.96,5
234,4,0.01,6.74,5
235,4,0.01,6.24,5
236,4,0.01,6.24,5
237,4,0.01,5.88,5
238,4,0.01,6.04,5
239,4,0.01,6.12,5
240,4,0.01,5.82,5
241,4,0.01,6.32,5
242,4,0.01,6.06,5
243,4,0.01,6.18,5
244,4,0.01,6.22,5
245,4,0.01,5.88,5
246,4,0.01,6.06,5
247,4,0.01,6.4,5
248,4,0.01,6.28,5
249,4,0.01,6.3,5
250,4,0.01,6.14,5
251,4,0.01,5.66,5
252,4,0.01,6.06,5
253,4,0.01,6.06,5
254,4,0.01,6.3,5
255,4,0.01,5.94,5
256,4,0.01,6.14,5
257,4,0.01,5.86,5
258,4,0.01,6.18,5
259,4,0.01,6.34,5
260,4,0.01,5.82,5
261,4,0.01,5.86,5
262,4,0.01,6.24,5
263,4,0.01,6.12,5
264,4,0.01,6.28,5
265,4,0.01,6.14,5
266,4,0.01,6.08,5
267,4,0.01,5.7,5
268,4,0.01,5.78,5
269,4,0.01,6.0,5
270,4,0.01,5.88,5
271,4,0.01,6.24,5
272,4,0.01,6.22,5
273,4,0.01,6.02,5
274,4,0.01,6.32,5
275,4,0.01,6.14,5
276,4,0.01,5.52,5
277,4,0.01,6.06,5
278,4,0.01,6.08,5
279,4,0.01,6.12,5
280,4,0.01,5.86,5
281,4,0.01,6.48,5
282,4,0.01,5.68,5
283,4,0.01,5.92,5
284,4,0.01,5.58,5
285,4,0.01,6.12,5
286,4,0.01,5.86,5
287,4,0.01,6.04,5
288,4,0.01,6.04,5
289,4,0.01,6.18,5
290,4,0.01,5.8,5
291,4,0.01,6.08,5
292,4,0.01,5.82,5
293,4,0.01,6.16,5
294,4,0.01,5.92,5
295,4,0.01,5.88,5
296,4,0.01,6.18,5
297,4,0.01,6.0,5
298,4,0.01,6.28,5
299,4,0.01,5.98,5
300,4,0.01,5.88,5
301,4,0.01,5.9,5
302,4,0.01,6.44,4
303,4,0.01,5.56,4
304,4,0.01,5.38,4
305,4,0.01,4.98,4
306,4,0.01,5.48,4
307,4,0.01,4.66,4
308,4,0.01,4.98,4
309,4,0.01,5.88,4
310,4,0.01,5.58,4
311,4,0.01,5.06,4
312,4,0.01,4.7,4
313,4,0.01,5.32,4
314,4,0.01,5.08,4
315,4,0.01,4.94,4
316,4,0.01,5.8,4
317,4,0.01,4.84,4
318,4,0.01,5.1,4
319,4,0.01,4.72,4
320,4,0.01,5.08,4
321,4,0.01,5.34,4
322,4,0.01,5.1,4
323,4,0.01,5.42,4
324,4,0.01,5.56,4
325,4,0.01,5.08,4
326,4,0.01,5.28,4
327,4,0.01,5.16,4
328,4,0.01,4.84,4
329,4,0.01,4.62,4
330,4,0.01,4.94,4
331,4,0.01,5.24,4
332,4,0.01,5.2,4
333,4,0.01,5.04,4
334,4,0.01,5.08,4
335,4,0.01,4.92,4
336,4,0.01,5.46,4
337,4,0.01,4.96,4
338,4,0.01,4.98,4
339,4,0.01,4.98,4
340,4,0.01,5.22,4
341,4,0.01,5.08,4
342,4,0.01,5.42,4
343,4,0.01,4.64,4
344,4,0.01,4.82,4
345,4,0.01,4.8,4
346,4,0.01,4.86,4
347,4,0.01,4.94,4
348,4,0.01,4.84,4
349,4,0.01,5.28,4
350,4,0.01,4.96,4
351,4,0.01,5.14,4
352,4,0.01,5.36,4
353,4,0.01,5.18,4
354,4,0.01,4.94,4
355,4,0.01,4.9,4
356,4,0.01,5.36,4
357,4,0.01,5.02,4
358,4,0.01,5.6,4
359,4,0.01,5.12,4
360,4,0.01,5.16,4
361,4,0.01,5.42,4
362,4,0.01,4.92,4
363,4,0.01,5.12,4
364,4,0.01,5.24,4
365,4,0.01,4.86,4
366,4,0.01,4.46,4
367,4,0.01,5.1,4
368,4,0.01,5.24,4
369,4,0.01,5.32,4
370,4,0.01,4.96,4
371,4,0.01,5.42,4
372,4,0.01,5.12,4
373,4,0.01,4.72,4
374,4,0.01,5.1,4
375,4,0.01,5.08,4
376,4,0.01,5.04,4
377,4,0.01,5.48,4
378,4,0.01,5.14,4
379,4,0.01,4.8,4
380,4,0.01,4.92,4
381,4,0.01,5.0,4
382,4,0.01,5.0,4
383,4,0.01,5.2,4
384,4,0.01,4.74,4
385,4,0.01,4.78,4
386,4,0.01,4.92,4
387,4,0.01,4.78,4
388,4,0.01,4.98,4
389,4,0.01,5.46,3
390,4,0.01,4.74,3
391,4,0.01,3.88,3
392,4,0.01,4.2,3
393,4,0.01,4.14,3
394,4,0.01,4.18,3
395,4,0.01,3.92,3
396,4,0.01,4.18,3
397,4,0.01,3.88,3
398,4,0.01,4.3,3
399,4,0.01,4.1,3
400,4,0.01,4.08,3
401,4,0.01,4.08,3
402,4,0.01,4.26,3
403,4,0.01,4.12,3
404,4,0.01,3.98,3
405,4,0.01,4.58,3
406,4,0.01,3.7,3
407,4,0.01,3.74,3
408,4,0.01,4.16,3
409,4,0.01,4.34,3
410,4,0.01,4.5,3
411,4,0.01,4.18,3
412,4,0.01,3.98,3
413,4,0.01,3.86,3
414,4,0.01,4.1,3
415,4,0.01,4.16,3
416,4,0.01,4.2,3
417,4,0.01,3.64,3
418,4,0.01,3.86,3
419,4,0.01,3.98,3
420,4,0.01,4.58,3
421,4,0.01,4.02,3
422,4,0.01,4.04,3
423,4,0.01,3.72,3
424,4,0.01,3.86,3
425,4,0.01,4.18,3
426,4,0.01,4.08,3
427,4,0.01,4.02,3
428,4,0.01,4.36,3
429,4,0.01,4.16,3
430,4,0.01,4.06,3
431,4,0.01,3.9,2
432,4,0.01,3.2,2
433,4,0.01,3.22,2
434,4,0.01,3.24,2
435,4,0.01,3.1,2
436,4,0.01,3.16,2
437,4,0.01,3.12,2
438,4,0.01,3.32,2
439,4,0.01,3.06,2
440,4,0.01,3.48,2
441,4,0.01,2.94,2
442,4,0.01,3.2,2
443,4,0.01,2.92,2
444,4,0.01,3.12,2
445,4,0.01,3.04,2
446,4,0.01,3.06,2
447,4,0.01,3.24,2
448,4,0.01,3.04,2
449,4,0.01,2.84,2
450,4,0.01,2.82,2
451,4,0.01,3.4,2
452,4,0.01,3.08,2
453,4,0.01,3.34,2
454,4,0.01,3.0,2
455,4,0.01,2.88,2
456,4,0.01,3.06,2
457,4,0.01,2.7,2
458,4,0.01,3.06,2
459,4,0.01,3.38,2
460,4,0.01,3.4,2
461,4,0.01,2.92,2
462,4,0.01,3.1,2
463,4,0.01,3.36,2
464,4,0.01,3.56,2
465,4,0.01,2.88,2
466,4,0.01,3.36,2
467,4,0.01,3.1,2
468,4,0.01,3.34,2
469,4,0.01,3.14,2
470,4,0.01,3.66,2
471,4,0.01,3.52,2
472,4,0.01,3.16,2
473,4,0.01,3.06,2
474,4,0.01,3.36,2
475,4,0.01,3.58,2
476,4,0.01,3.48,2
477,4,0.01,3.1,2
478,4,0.01,3.02,2
479,4,0.01,3.28,2
480,4,0.01,3.12,2
481,4,0.01,3.02,2
482,4,0.01,3.16,2
483,4,0.01,2.86,2
484,4,0.01,2.9,2
485,4,0.01,3.28,2
486,4,0.01,3.04,2
487,4,0.01,2.98,2
488,4,0.01,3.18,2
489,4,0.01,3.14,2
490,4,0.01,2.72,2
491,4,0.01,3.0,2
492,4,0.01,2.82,2
493,4,0.01,3.48,2
494,4,0.01,3.26,2
495,4,0.01,3.34,2
496,4,0.01,2.98,2
497,4,0.01,2.5,2
498,4,0.01,3.2,2
499,4,0.01,3.02,2
500,4,0.01,3.86,2
501,4,0.01,2.96,2
502,4,0.01,2.88,2
503,4,0.01,3.3,2
504,4,0.01,3.24,2
505,4,0.01,3.72,2
506,4,0.01,3.18,2
507,4,0.01,3.22,2
508,4,0.01,2.72,2
509,4,0.01,3.42,2
510,4,0.01,3.26,2
511,4,0.01,3.0,2
512,4,0.01,2.8,2
513,4,0.01,3.04,2
514,4,0.01,2.96,2
515,4,0.01,3.26,2
516,4,0.01,3.48,2
517,4,0.01,3.28,2
518,4,0.01,3.18,2
519,4,0.01,2.78,2
520,4,0.01,3.5,2
521,4,0.01,3.32,2
522,4,0.01,3.36,2
523,4,0.01,2.94,2
524,4,0.01,2.94,2
525,4,0.01,3.06,2
526,4,0.01,2.88,2
527,4,0.01,2.98,2
528,4,0.01,3.8,2
529,4,0.01,3.5,2
530,4,0.01,3.08,2
531,4,0.01,2.94,2
532,4,0.01,2.9,2
533,4,0.01,3.12,2
534,4,0.01,3.24,2
535,4,0.01,3.06,2
536,4,0.01,3.0,2
537,4,0.01,3.46,2
538,4,0.01,2.96,2
539,4,0.01,2.82,2
540,4,0.01,2.74,2
541,4,0.01,3.04,2
542,4,0.01,3.28,2
543,4,0.01,3.2,2
544,4,0.01,3.08,2
545,4,0.01,3.54,2
546,4,0.01,3.58,2
547,4,0.01,3.4,2
548,4,0.01,2.96,2
549,4,0.01,2.98,2
550,4,0.01,2.78,2
551,4,0.01,2.76,2
552,4,0.01,3.16,2
553,4,0.01,3.0,2
554,4,0.01,3.18,2
555,4,0.01,3.04,2
556,4,0.01,3.04,2
557,4,0.01,3.2,2
558,4,0.01,3.02,2
559,4,0.01,2.88,2
560,4,0.01,2.8,2
561,4,0.01,2.96,2
562,4,0.01,2.96,2
563,4,0.01,2.7,2
564,4,0.01,3.5,2
565,4,0.01,3.16,2
566,4,0.01,2.72,2
567,4,0.01,2.98,2
568,4,0.01,3.14,2
569,4,0.01,3.12,2
570,4,0.01,3.14,2
571,4,0.01,3.24,2
572,4,0.01,3.18,2
573,4,0.01,3.08,2
574,4,0.01,2.88,2
575,4,0.01,3.06,2
576,4,0.01,3.16,2
577,4,0.01,2.64,2
578,4,0.01,3.22,2
579,4,0.01,2.96,2
580,4,0.01,2.92,2
581,4,0.01,3.04,2
582,4,0.01,2.78,2
583,4,0.01,3.18,2
584,4,0.01,3.28,2
585,4,0.01,3.62,2
586,4,0.01,3.28,2
587,4,0.01,3.16,2
588,4,0.01,2.92,2
589,4,0.01,3.34,2
590,4,0.01,2.96,2
591,4,0.01,3.08,2
592,4,0.01,2.92,2
593,4,0.01,2.86,2
594,4,0.01,3.2,2
595,4,0.01,3.14,2
596,4,0.01,3.54,2
597,4,0.01,2.86,2
598,4,0.01,3.12,2
599,4,0.01,2.64,2
600,4,0.01,3.0,2
601,4,0.01,3.2,2
602,4,0.01,2.98,2
603,4,0.01,3.16,2
604,4,0.01,3.58,2
605,4,0.01,3.0,2
606,4,0.01,3.14,2
607,4,0.01,3.18,2
608,4,0.01,2.96,2
609,4,0.01,3.26,2
610,4,0.01,3.18,2
611,4,0.01,3.44,2
612,4,0.01,3.3,2
613,4,0.01,3.28,2
614,4,0.01,2.94,2
615,4,0.01,3.1,2
616,4,0.01,2.9,2
617,4,0.01,3.28,2
618,4,0.01,3.46,2
619,4,0.01,2.78,2
620,4,0.01,3.18,2
621,4,0.01,3.16,2
622,4,0.01,3.18,2
623,4,0.01,2.8,2
624,4,0.01,3.08,2
625,4,0.01,3.4,2
626,4,0.01,3.44,2
627,4,0.01,3.32,2
628,4,0.01,3.36,2
629,4,0.01,3.12,2
630,4,0.01,3.6,2
631,4,0.01,3.4,2
632,4,0.01,2.88,2
633,4,0.01,2.76,2
634,4,0.01,3.3,2
635,4,0.01,3.12,2
636,4,0.01,3.0,2
637,4,0.01,3.54,2
638,4,0.01,3.02,2
639,4,0.01,3.54,2
640,4,0.01,3.12,2
641,4,0.01,3.04,2
642,4,0.01,2.72,2
643,4,0.01,3.32,2
644,4,0.01,3.3,2
645,4,0.01,3.12,2
646,4,0.01,3.28,2
647,4,0.01,3.02,2
648,4,0.01,3.38,2
649,4,0.01,2.94,2
650,4,0.01,3.64,2
651,4,0.01,3.2,2
652,4,0.01,3.42,2
653,4,0.01,3.14,2
654,4,0.01,3.14,2
655,4,0.01,2.76,2
656,4,0.01,2.92,2
657,4,0.01,2.76,2
658,4,0.01,2.94,2
659,4,0.01,3.06,2
660,4,0.01,3.02,2
661,4,0.01,3.04,2
662,4,0.01,3.14,2
663,4,0.01,2.58,2
664,4,0.01,2.94,2
665,4,0.01,3.2,2
666,4,0.01,2.82,2
667,4,0.01,3.44,2
668,4,0.01,2.84,2
669,4,0.01,2.96,2
670,4,0.01,3.08,2
671,4,0.01,3.02,2
672,4,0.01,3.08,2
673,4,0.01,3.3,2
674,4,0.01,2.92,2
675,4,0.01,3.18,2
676,4,0.01,3.26,2
677,4,0.01,3.28,2
678,4,0.01,3.64,2
679,4,0.01,3.36,2
680,4,0.01,3.06,2
681,4,0.01,3.26,2
682,4,0.01,3.14,2
683,4,0.01,3.04,2
684,4,0.01,3.3,2
685,4,0.01,3.42,2
686,4,0.01,2.98,2
687,4,0.01,2.98,2
688,4,0.01,3.28,2
689,4,0.01,2.96,2
690,4,0.01,2.8,2
691,4,0.01,2.82,2
692,4,0.01,3.1,2
693,4,0.01,2.76,2
694,4,0.01,2.92,2
695,4,0.01,3.32,2
696,4,0.01,2.98,2
697,4,0.01,3.26,2
698,4,0.01,2.94,2
699,4,0.01,2.98,2
700,4,0.01,2.84,2
701,4,0.01,3.22,2
702,4,0.01,2.96,2
703,4,0.01,3.4,2
704,4,0.01,3.02,2
705,4,0.01,2.94,2
706,4,0.01,3.42,2
707,4,0.01,2.86,2
708,4,0.01,2.94,2
709,4,0.01,2.7,2
710,4,0.01,2.92,2
711,4,0.01,3.08,2
712,4,0.01,3.26,2
713,4,0.01,3.12,2
714,4,0.01,3.04,2
715,4,0.01,3.3,2
716,4,0.01,3.38,2
717,4,0.01,3.3,2
718,4,0.01,3.12,2
719,4,0.01,3.02,2
720,4,0.01,3.1,2
721,4,0.01,3.02,2
722,4,0.01,3.14,2
723,4,0.01,3.16,2
724,4,0.01,3.08,2
725,4,0.01,3.1,2
726,4,0.01,2.8,2
727,4,0.01,3.14,2
728,4,0.01,3.2,2
729,4,0.01,2.78,2
730,4,0.01,2.72,2
731,4,0.01,3.22,2
732,4,0.01,3.24,2
733,4,0.01,2.68,2
734,4,0.01,3.32,2
735,4,0.01,3.44,2
736,4,0.01,3.04,2
737,4,0.01,3.16,2
738,4,0.01,3.24,2
739,4,0.01,3.58,2
740,4,0.01,3.26,2
741,4,0.01,3.3,2
742,4,0.01,3.08,2
743,4,0.01,3.06,2
744,4,0.01,3.26,2
745,4,0.01,3.06,2
746,4,0.01,3.26,2
747,4,0.01,3.12,2
748,4,0.01,3.24,2
749,4,0.01,3.62,2
750,4,0.01,3.14,2
751,4,0.01,3.3,2
752,4,0.01,3.04,2
753,4,0.01,2.82,2
754,4,0.01,3.26,2
755,4,0.01,3.2,2
756,4,0.01,2.98,2
757,4,0.01,2.8,2
758,4,0.01,3.0,2
759,4,0.01,3.42,2
760,4,0.01,3.22,2
761,4,0.01,3.02,2
762,4,0.01,2.84,2
763,4,0.01,2.82,2
764,4,0.01,2.94,2
765,4,0.01,3.12,2
766,4,0.01,3.18,2
767,4,0.01,2.98,2
768,4,0.01,3.18,2
769,4,0.01,2.86,2
770,4,0.01,2.78,2
771,4,0.01,3.34,2
772,4,0.01,3.0,2
773,4,0.01,2.7,2
774,4,0.01,2.88,2
775,4,0.01,2.78,2
776,4,0.01,3.6,2
777,4,0.01,3.24,2
778,4,0.01,3.02,2
779,4,0.01,3.16,2
780,4,0.01,3.24,2
781,4,0.01,3.18,2
782,4,0.01,3.22,2
783,4,0.01,3.08,2
784,4,0.01,2.9,2
785,4,0.01,3.36,2
786,4,0.01,3.04,2
787,4,0.01,3.24,2
788,4,0.01,3.06,2
789,4,0.01,2.84,2
790,4,0.01,2.92,2
791,4,0.01,2.9,2
792,4,0.01,2.88,2
793,4,0.01,3.4,2
794,4,0.01,3.02,2
795,4,0.01,3.0,2
796,4,0.01,3.16,2
797,4,0.01,2.88,2
798,4,0.01,3.38,2
799,4,0.01,3.1,2
800,4,0.01,2.9,2
801,4,0.01,3.34,2
802,4,0.01,3.4,2
803,4,0.01,3.32,2
804,4,0.01,3.72,2
805,4,0.01,2.92,2
806,4,0.01,3.0,2
807,4,0.01,2.84,2
808,4,0.01,2.88,2
809,4,0.01,2.9,2
810,4,0.01,3.2,2
811,4,0.01,2.96,2
812,4,0.01,2.82,2
813,4,0.01,3.02,2
814,4,0.01,2.6,2
815,4,0.01,2.96,2
816,4,0.01,3.02,2
817,4,0.01,3.14,2
818,4,0.01,3.18,2
819,4,0.01,3.1,2
820,4,0.01,2.94,2
821,4,0.01,3.32,2
822,4,0.01,3.14,2
823,4,0.01,2.98,2
824,4,0.01,2.72,2
825,4,0.01,3.08,2
826,4,0.01,3.24,2
827,4,0.01,3.5,2
828,4,0.01,2.9,2
829,4,0.01,3.36,2
830,4,0.01,3.38,2
831,4,0.01,2.54,2
832,4,0.01,3.18,2
833,4,0.01,2.96,2
834,4,0.01,3.14,2
835,4,0.01,3.26,2
836,4,0.01,3.16,2
837,4,0.01,3.28,2
838,4,0.01,2.68,2
839,4,0.01,3.38,2
840,4,0.01,3.1,2
841,4,0.01,2.74,2
842,4,0.01,3.2,2
843,4,0.01,3.46,2
844,4,0.01,3.0,2
845,4,0.01,2.68,2
846,4,0.01,2.92,2
847,4,0.01,3.38,2
848,4,0.01,3.06,2
849,4,0.01,3.16,2
850,4,0.01,3.42,2
851,4,0.01,3.04,2
852,4,0.01,2.96,2
853,4,0.01,2.76,2
854,4,0.01,2.58,2
855,4,0.01,3.28,2
856,4,0.01,3.06,2
857,4,0.01,2.62,2
858,4,0.01,3.14,2
859,4,0.01,3.48,2
860,4,0.01,3.0,2
861,4,0.01,3.14,2
862,4,0.01,3.08,2
863,4,0.01,3.36,2
864,4,0.01,3.12,2
865,4,0.01,3.18,2
866,4,0.01,3.54,2
867,4,0.01,3.26,2
868,4,0.01,2.78,2
869,4,0.01,3.0,2
870,4,0.01,2.92,2
871,4,0.01,3.24,2
872,4,0.01,3.06,2
873,4,0.01,3.1,2
874,4,0.01,3.02,2
875,4,0.01,3.16,2
876,4,0.01,3.06,2
877,4,0.01,3.06,2
878,4,0.01,3.42,2
879,4,0.01,2.92,2
880,4,0.01,3.12,2
881,4,0.01,3.46,2
882,4,0.01,2.76,2
883,4,0.01,3.42,2
884,4,0.01,3.28,2
885,4,0.01,3.04,2
886,4,0.01,2.84,2
887,4,0.01,3.04,2
888,4,0.01,2.96,2
889,4,0.01,3.0,2
890,4,0.01,2.96,2
891,4,0.01,3.32,2
892,4,0.01,2.84,2
893,4,0.01,3.6,2
894,4,0.01,2.72,2
895,4,0.01,2.94,2
896,4,0.01,3.06,2
897,4,0.01,2.94,2
898,4,0.01,2.98,2
899,4,0.01,3.1,2
900,4,0.01,3.2,2
901,4,0.01,3.26,2
902,4,0.01,3.3,2
903,4,0.01,2.96,2
904,4,0.01,3.02,2
905,4,0.01,3.36,2
906,4,0.01,3.08,2
907,4,0.01,3.34,2
908,4,0.01,3.1,2
909,4,0.01,2.68,2
910,4,0.01,3.02,2
911,4,0.01,3.04,2
912,4,0.01,2.96,2
913,4,0.01,3.22,2
914,4,0.01,3.08,2
915,4,0.01,3.26,2
916,4,0.01,3.0,2
917,4,0.01,2.96,2
918,4,0.01,3.2,2
919,4,0.01,3.0,2
920,4,0.01,3.34,2
921,4,0.01,3.08,2
922,4,0.01,3.22,2
923,4,0.01,3.32,2
924,4,0.01,2.78,2
925,4,0.01,3.12,2
926,4,0.01,3.12,2
927,4,0.01,3.22,2
928,4,0.01,3.06,2
929,4,0.01,3.0,2
930,4,0.01,3.22,2
931,4,0.01,3.18,2
932,4,0.01,3.04,2
933,4,0.01,3.48,2
934,4,0.01,3.36,2
935,4,0.01,3.08,2
936,4,0.01,2.96,2
937,4,0.01,3.24,2
938,4,0.01,3.28,2
939,4,0.01,2.62,2
940,4,0.01,3.02,2
941,4,0.01,3.14,2
942,4,0.01,3.26,2
943,4,0.01,3.3,2
944,4,0.01,3.36,2
945,4,0.01,3.12,2
946,4,0.01,3.16,2
947,4,0.01,3.04,2
948,4,0.01,3.06,2
949,4,0.01,3.52,2
950,4,0.01,2.8,2
951,4,0.01,3.18,2
952,4,0.01,3.06,2
953,4,0.01,2.7,2
954,4,0.01,3.08,2
955,4,0.01,2.88,2
956,4,0.01,3.16,2
957,4,0.01,3.36,2
958,4,0.01,2.98,2
959,4,0.01,3.14,2
960,4,0.01,3.28,2
961,4,0.01,2.96,2
962,4,0.01,3.12,2
963,4,0.01,3.28,2
964,4,0.01,3.1,2
965,4,0.01,3.1,2
966,4,0.01,2.84,2
967,4,0.01,3.0,2
968,4,0.01,3.1,2
969,4,0.01,2.88,2
970,4,0.01,2.88,2
971,4,0.01,3.42,2
972,4,0.01,3.18,2
973,4,0.01,2.92,2
974,4,0.01,2.78,2
975,4,0.01,3.18,2
976,4,0.01,3.06,2
977,4,0.01,3.32,2
978,4,0.01,2.98,2
979,4,0.01,3.12,2
980,4,0.01,2.96,2
981,4,0.01,3.16,2
982,4,0.01,2.74,2
983,4,0.01,2.78,2
984,4,0.01,3.52,2
985,4,0.01,3.06,2
986,4,0.01,3.12,2
987,4,0.01,2.82,2
988,4,0.01,3.22,2
989,4,0.01,3.16,2
990,4,0.01,3.3,2
991,4,0.01,3.06,2
992,4,0.01,2.92,2
993,4,0.01,3.0,2
994,4,0.01,3.02,2
995,4,0.01,3.06,2
996,4,0.01,3.52,2
997,4,0.01,3.24,2
998,4,0.01,3.02,2
999,4,0.01,3.5,2
1000,4,0.01,2.96,2
1001,4,0.01,3.42,2
1002,4,0.01,3.24,2
1003,4,0.01,2.64,2
1004,4,0.01,2.96,2
1005,4,0.01,3.4,2
1006,4,0.01,3.0,2
1007,4,0.01,3.04,2
1008,4,0.01,2.76,2
1009,4,0.01,2.88,2
1010,4,0.01,3.36,2
1011,4,0.01,3.08,2
1012,4,0.01,2.84,2
1013,4,0.01,3.0,2
1014,4,0.01,3.58,2
1015,4,0.01,2.84,2
1016,4,0.01,2.9,2
1017,4,0.01,3.38,2
1018,4,0.01,3.28,2
1019,4,0.01,3.36,2
1020,4,0.01,3.26,2
1021,4,0.01,3.32,2
1022,4,0.01,3.28,2
1023,4,0.01,3.3,2
1024,4,0.01,3.58,2
1025,4,0.01,2.94,2
1026,4,0.01,3.3,2
1027,4,0.01,2.94,2
1028,4,0.01,3.06,2
1029,4,0.01,3.1,2
1030,4,0.01,3.04,2
1031,4,0.01,2.76,2
1032,4,0.01,2.84,2
1033,4,0.01,3.6,2
1034,4,0.01,2.9,2
1035,4,0.01,2.72,2
1036,4,0.01,2.66,2
1037,4,0.01,2.94,2
1038,4,0.01,3.26,2
1039,4,0.01,2.94,2
1040,4,0.01,2.98,2
1041,4,0.01,2.92,2
1042,4,0.01,3.14,2
1043,4,0.01,3.0,2
1044,4,0.01,2.9,2
1045,4,0.01,3.1,2
1046,4,0.01,3.14,2
1047,4,0.01,3.42,2
1048,4,0.01,3.0,2
1049,4,0.01,3.28,2
1050,4,0.01,2.86,2
1051,4,0.01,3.04,2
1052,4,0.01,3.12,2
1053,4,0.01,2.84,2
1054,4,0.01,3.1,2
1055,4,0.01,3.02,2
1056,4,0.01,3.32,2
1057,4,0.01,3.26,2
1058,4,0.01,2.82,2
1059,4,0.01,2.82,2
1060,4,0.01,3.34,2
1061,4,0.01,3.12,2
1062,4,0.01,3.22,2
1063,4,0.01,3.26,2
1064,4,0.01,3.1,2
1065,4,0.01,3.32,2
1066,4,0.01,3.54,2
1067,4,0.01,3.16,2
1068,4,0.01,2.62,2
1069,4,0.01,2.88,2
1070,4,0.01,3.58,2
1071,4,0.01,3.18,2
1072,4,0.01,2.92,2
1073,4,0.01,3.08,2
1074,4,0.01,3.02,2
1075,4,0.01,3.02,2
1076,4,0.01,2.86,2
1077,4,0.01,2.88,2
1078,4,0.01,2.78,2
1079,4,0.01,2.98,2
1080,4,0.01,3.26,2
1081,4,0.01,3.3,2
1082,4,0.01,3.82,2
1083,4,0.01,3.22,2
1084,4,0.01,2.88,2
1085,4,0.01,3.12,2
1086,4,0.01,3.12,2
1087,4,0.01,3.16,2
1088,4,0.01,3.62,2
1089,4,0.01,3.4,2
1090,4,0.01,2.78,2
1091,4,0.01,3.2,2
1092,4,0.01,3.24,2
1093,4,0.01,3.4,2
1094,4,0.01,3.3,2
1095,4,0.01,3.06,2
1096,4,0.01,3.18,2
1097,4,0.01,3.04,2
1098,4,0.01,3.22,2
1099,4,0.01,3.52,2
1100,4,0.01,3.3,2
1101,4,0.01,3.0,2
1102,4,0.01,3.1,2
1103,4,0.01,3.14,2
1104,4,0.01,3.14,2
1105,4,0.01,3.2,2
1106,4,0.01,2.82,2
1107,4,0.01,3.14,2
1108,4,0.01,3.22,2
1109,4,0.01,3.24,2
1110,4,0.01,2.84,2
1111,4,0.01,3.28,2
1112,4,0.01,2.74,2
1113,4,0.01,2.62,2
1114,4,0.01,3.24,2
1115,4,0.01,3.38,2
1116,4,0.01,2.94,2
1117,4,0.01,2.98,2
1118,4,0.01,2.62,2
1119,4,0.01,3.02,2
1120,4,0.01,3.12,2
1121,4,0.01,2.84,2
1122,4,0.01,3.62,2
1123,4,0.01,3.46,2
1124,4,0.01,2.94,2
1125,4,0.01,2.82,2
1126,4,0.01,3.42,2
1127,4,0.01,2.62,2
1128,4,0.01,3.06,2
1129,4,0.01,3.36,2
1130,4,0.01,3.12,2
1131,4,0.01,2.8,2
1132,4,0.01,3.7,2
1133,4,0.01,3.38,2
1134,4,0.01,3.34,2
1135,4,0.01,2.52,2
1136,4,0.01,3.08,2
1137,4,0.01,3.0,2
1138,4,0.01,3.24,2
1139,4,0.01,2.78,2
1140,4,0.01,3.52,2
1141,4,0.01,2.84,2
1142,4,0.01,3.02,2
1143,4,0.01,3.0,2
1144,4,0.01,3.52,2
1145,4,0.01,2.98,2
1146,4,0.01,3.12,2
1147,4,0.01,3.16,2
1148,4,0.01,3.46,2
1149,4,0.01,2.96,2
1150,4,0.01,3.82,2
1151,4,0.01,3.06,2
1152,4,0.01,3.26,2
1153,4,0.01,3.32,2
1154,4,0.01,3.18,2
1155,4,0.01,3.44,2
1156,4,0.01,2.9,2
1157,4,0.01,3.28,2
1158,4,0.01,2.8,2
1159,4,0.01,2.92,2
1160,4,0.01,3.34,2
1161,4,0.01,2.78,2
1162,4,0.01,3.18,2
1163,4,0.01,3.26,2
1164,4,0.01,3.0,2
1165,4,0.01,3.0,2
1166,4,0.01,3.1,2
1167,4,0.01,3.16,2
1168,4,0.01,3.14,2
1169,4,0.01,3.04,2
1170,4,0.01,3.46,2
1171,4,0.01,3.02,2
1172,4,0.01,3.2,2
1173,4,0.01,2.82,2
1174,4,0.01,3.26,2
1175,4,0.01,2.94,2
1176,4,0.01,2.86,2
1177,4,0.01,2.84,2
1178,4,0.01,3.64,2
1179,4,0.01,3.08,2
1180,4,0.01,3.02,2
1181,4,0.01,2.9,2
1182,4,0.01,3.42,2
1183,4,0.01,3.3,2
1184,4,0.01,2.6,2
1185,4,0.01,3.28,2
1186,4,0.01,3.2,2
1187,4,0.01,3.6,2
1188,4,0.01,3.14,2
1189,4,0.01,3.16,2
1190,4,0.01,3.2,2
1191,4,0.01,3.1,2
1192,4,0.01,3.3,2
1193,4,0.01,3.06,2
1194,4,0.01,3.44,2
1195,4,0.01,3.28,2
1196,4,0.01,2.76,2
1197,4,0.01,2.88,2
1198,4,0.01,2.96,2
1199,4,0.01,3.32,2
1200,4,0.01,3.42,2
1201,4,0.01,3.04,2
1202,4,0.01,3.1,2
1203,4,0.01,3.1,2
1204,4,0.01,3.2,2
1205,4,0.01,3.48,2
1206,4,0.01,3.22,2
1207,4,0.01,3.2,2
1208,4,0.01,2.7,2
1209,4,0.01,3.02,2
1210,4,0.01,2.82,2
1211,4,0.01,3.34,2
1212,4,0.01,3.14,2
1213,4,0.01,3.42,2
1214,4,0.01,3.26,2
1215,4,0.01,3.24,2
1216,4,0.01,3.24,2
1217,4,0.01,3.26,2
1218,4,0.01,2.88,2
1219,4,0.01,3.3,2
1220,4,0.01,2.86,2
1221,4,0.01,3.46,2
1222,4,0.01,2.92,2
1223,4,0.01,2.98,2
1224,4,0.01,2.84,2
1225,4,0.01,3.3,2
1226,4,0.01,3.04,2
1227,4,0.01,2.76,2
1228,4,0.01,3.22,2
1229,4,0.01,2.76,2
1230,4,0.01,3.46,2
1231,4,0.01,2.8,2
1232,4,0.01,3.38,2
1233,4,0.01,3.48,2
1234,4,0.01,3.0,2
1235,4,0.01,2.62,2
1236,4,0.01,2.7,2
1237,4,0.01,2.66,2
1238,4,0.01,3.46,2
1239,4,0.01,3.52,2
1240,4,0.01,3.02,2
1241,4,0.01,3.32,2
1242,4,0.01,3.16,2
1243,4,0.01,3.1,2
1244,4,0.01,3.32,2
1245,4,0.01,3.12,2
1246,4,0.01,2.74,2
1247,4,0.01,3.04,2
1248,4,0.01,3.22,2
1249,4,0.01,2.5,2
1250,4,0.01,2.96,2
1251,4,0.01,2.92,2
1252,4,0.01,3.38,2
1253,4,0.01,3.08,2
1254,4,0.01,3.1,2
1255,4,0.01,3.0,2
1256,4,0.01,2.84,2
1257,4,0.01,2.94,2
1258,4,0.01,3.2,2
1259,4,0.01,2.9,2
1260,4,0.01,2.6,2
1261,4,0.01,3.68,2
1262,4,0.01,3.16,2
1263,4,0.01,3.12,2
1264,4,0.01,3.02,2
1265,4,0.01,2.84,2
1266,4,0.01,3.34,2
1267,4,0.01,3.44,2
1268,4,0.01,3.08,2
1269,4,0.01,2.9,2
1270,4,0.01,2.94,2
1271,4,0.01,2.9,2
1272,4,0.01,2.88,2
1273,4,0.01,2.94,2
1274,4,0.01,3.38,2
1275,4,0.01,2.94,2
1276,4,0.01,3.02,2
1277,4,0.01,3.18,2
1278,4,0.01,3.46,2
1279,4,0.01,3.28,2
1280,4,0.01,3.56,2
1281,4,0.01,3.16,2
1282,4,0.01,3.26,2
1283,4,0.01,3.42,2
1284,4,0.01,3.48,2
1285,4,0.01,3.3,2
1286,4,0.01,2.92,2
1287,4,0.01,3.04,2
1288,4,0.01,3.0,2
1289,4,0.01,3.16,2
1290,4,0.01,3.14,2
1291,4,0.01,3.2,2
1292,4,0.01,3.32,2
1293,4,0.01,2.96,2
1294,4,0.01,3.16,2
1295,4,0.01,2.96,2
1296,4,0.01,3.22,2
1297,4,0.01,3.14,2
1298,4,0.01,2.92,2
1299,4,0.01,3.32,2
1300,4,0.01,3.5,2
1301,4,0.01,2.78,2
1302,4,0.01,2.78,2
1303,4,0.01,2.96,2
1304,4,0.01,3.12,2
1305,4,0.01,2.78,2
1306,4,0.01,3.5,2
1307,4,0.01,3.1,2
1308,4,0.01,2.78,2
1309,4,0.01,3.26,2
1310,4,0.01,3.68,2
1311,4,0.01,3.4,2
1312,4,0.01,2.92,2
1313,4,0.01,3.08,2
1314,4,0.01,2.84,2
1315,4,0.01,3.52,2
1316,4,0.01,3.0,2
1317,4,0.01,2.74,2
1318,4,0.01,2.98,2
1319,4,0.01,3.22,2
1320,4,0.01,3.02,2
1321,4,0.01,2.86,2
1322,4,0.01,3.08,2
1323,4,0.01,3.02,2
1324,4,0.01,3.36,2
1325,4,0.01,2.94,2
1326,4,0.01,2.82,2
1327,4,0.01,3.26,2
1328,4,0.01,3.04,2
1329,4,0.01,3.08,2
1330,4,0.01,2.92,2
1331,4,0.01,2.76,2
1332,4,0.01,2.7,2
1333,4,0.01,3.16,2
1334,4,0.01,3.08,2
1335,4,0.01,3.34,2
1336,4,0.01,2.94,2
1337,4,0.01,3.32,2
1338,4,0.01,3.24,2
1339,4,0.01,3.08,2
1340,4,0.01,2.78,2
1341,4,0.01,3.02,2
1342,4,0.01,3.12,2
1343,4,0.01,3.34,2
1344,4,0.01,2.86,2
1345,4,0.01,3.34,2
1346,4,0.01,3.42,2
1347,4,0.01,3.06,2
1348,4,0.01,3.32,2
1349,4,0.01,2.98,2
1350,4,0.01,3.12,2
1351,4,0.01,2.8,2
1352,4,0.01,3.24,2
1353,4,0.01,3.02,2
1354,4,0.01,2.98,2
1355,4,0.01,2.8,2
1356,4,0.01,3.6,2
1357,4,0.01,3.28,2
1358,4,0.01,3.24,2
1359,4,0.01,3.2,2
1360,4,0.01,3.38,2
1361,4,0.01,3.26,2
1362,4,0.01,3.36,2
1363,4,0.01,2.42,2
1364,4,0.01,2.84,2
1365,4,0.01,3.4,2
1366,4,0.01,3.14,2
1367,4,0.01,3.0,2
1368,4,0.01,2.7,2
1369,4,0.01,3.12,2
1370,4,0.01,3.3,2
1371,4,0.01,3.2,2
1372,4,0.01,3.62,2
1373,4,0.01,3.22,2
1374,4,0.01,3.3,2
1375,4,0.01,3.04,2
1376,4,0.01,2.82,2
1377,4,0.01,3.38,2
1378,4,0.01,3.16,2
1379,4,0.01,3.54,2
1380,4,0.01,2.92,2
1381,4,0.01,2.74,2
1382,4,0.01,2.66,2
1383,4,0.01,3.22,2
1384,4,0.01,2.88,2
1385,4,0.01,3.4,2
1386,4,0.01,3.42,2
1387,4,0.01,3.52,2
1388,4,0.01,3.0,2
1389,4,0.01,3.04,2
1390,4,0.01,2.46,2
1391,4,0.01,3.2,2
1392,4,0.01,3.3,2
1393,4,0.01,3.22,2
1394,4,0.01,3.1,2
1395,4,0.01,3.26,2
1396,4,0.01,3.36,2
1397,4,0.01,2.72,2
1398,4,0.01,2.96,2
1399,4,0.01,3.06,2
1400,4,0.01,3.24,2
1401,4,0.01,3.14,2
1402,4,0.01,3.16,2
1403,4,0.01,2.98,2
1404,4,0.01,3.44,2
1405,4,0.01,3.18,2
1406,4,0.01,3.56,2
1407,4,0.01,3.0,2
1408,4,0.01,2.76,2
1409,4,0.01,2.78,2
1410,4,0.01,3.02,2
1411,4,0.01,2.84,2
1412,4,0.01,3.1,2
1413,4,0.01,3.16,2
1414,4,0.01,3.28,2
1415,4,0.01,3.42,2
1416,4,0.01,2.94,2
1417,4,0.01,2.94,2
1418,4,0.01,2.8,2
1419,4,0.01,3.32,2
1420,4,0.01,2.98,2
1421,4,0.01,2.82,2
1422,4,0.01,3.5,2
1423,4,0.01,2.72,2
1424,4,0.01,3.7,2
1425,4,0.01,2.9,2
1426,4,0.01,3.06,2
1427,4,0.01,3.02,2
1428,4,0.01,3.34,2
1429,4,0.01,3.16,2
1430,4,0.01,3.34,2
1431,4,0.01,3.3,2
1432,4,0.01,3.26,2
1433,4,0.01,3.22,2
1434,4,0.01,3.1,2
1435,4,0.01,3.12,2
1436,4,0.01,2.8,2
1437,4,0.01,3.02,2
1438,4,0.01,2.92,2
1439,4,0.01,3.14,2
1440,4,0.01,2.7,2
1441,4,0.01,3.3,2
1442,4,0.01,2.86,2
1443,4,0.01,3.06,2
1444,4,0.01,3.2,2
1445,4,0.01,3.36,2
1446,4,0.01,3.38,2
1447,4,0.01,3.04,2
1448,4,0.01,3.66,2
1449,4,0.01,3.28,2
1450,4,0.01,2.72,2
1451,4,0.01,3.28,2
1452,4,0.01,3.28,2
1453,4,0.01,2.88,2
1454,4,0.01,2.9,2
1455,4,0.01,3.54,2
1456,4,0.01,3.0,2
1457,4,0.01,3.4,2
1458,4,0.01,2.76,2
1459,4,0.01,3.56,2
1460,4,0.01,3.4,2
1461,4,0.01,2.92,2
1462,4,0.01,2.74,2
1463,4,0.01,3.06,2
1464,4,0.01,2.72,2
1465,4,0.01,2.78,2
1466,4,0.01,3.4,2
1467,4,0.01,2.9,2
1468,4,0.01,3.38,2
1469,4,0.01,2.94,2
1470,4,0.01,2.66,2
1471,4,0.01,3.16,2
1472,4,0.01,2.82,2
1473,4,0.01,3.02,2
1474,4,0.01,3.38,2
1475,4,0.01,3.0,2
1476,4,0.01,3.14,2
1477,4,0.01,2.98,2
1478,4,0.01,2.92,2
1479,4,0.01,3.26,2
1480,4,0.01,2.9,2
1481,4,0.01,3.28,2
1482,4,0.01,3.0,2
1483,4,0.01,3.0,2
1484,4,0.01,3.0,2
1485,4,0.01,3.02,2
1486,4,0.01,3.38,2
1487,4,0.01,3.02,2
1488,4,0.01,3.26,2
1489,4,0.01,2.88,2
1490,4,0.01,2.86,2
1491,4,0.01,3.36,2
1492,4,0.01,3.24,2
1493,4,0.01,3.54,2
1494,4,0.01,3.18,2
1495,4,0.01,2.98,2
1496,4,0.01,3.02,2
1497,4,0.01,3.18,2
1498,4,0.01,3.28,2
1499,4,0.01,3.06,2
1500,4,0.01,3.12,2
1501,4,0.01,3.06,2
1502,4,0.01,3.2,2
1503,4,0.01,3.14,2
1504,4,0.01,3.02,2
1505,4,0.01,2.92,2
1506,4,0.01,3.22,2
1507,4,0.01,3.18,2
1508,4,0.01,2.94,2
1509,4,0.01,2.98,2
1510,4,0.01,3.02,2
1511,4,0.01,3.04,2
1512,4,0.01,3.14,2
1513,4,0.01,3.84,2
1514,4,0.01,2.74,2
1515,4,0.01,2.94,2
1516,4,0.01,3.28,2
1517,4,0.01,2.98,2
1518,4,0.01,3.04,2
1519,4,0.01,3.14,2
1520,4,0.01,3.34,2
1521,4,0.01,2.88,2
1522,4,0.01,3.0,2
1523,4,0.01,2.92,2
1524,4,0.01,3.06,2
1525,4,0.01,3.32,2
1526,4,0.01,3.4,2
1527,4,0.01,2.9,2
1528,4,0.01,3.04,2
1529,4,0.01,3.26,2
1530,4,0.01,2.94,2
1531,4,0.01,3.32,2
1532,4,0.01,2.98,2
1533,4,0.01,3.34,2
1534,4,0.01,2.98,2
1535,4,0.01,2.88,2
1536,4,0.01,3.08,2
1537,4,0.01,3.36,2
1538,4,0.01,3.08,2
1539,4,0.01,2.86,2
1540,4,0.01,2.94,2
1541,4,0.01,3.32,2
1542,4,0.01,3.34,2
1543,4,0.01,3.02,2
1544,4,0.01,3.12,2
1545,4,0.01,2.68,2
1546,4,0.01,3.0,2
1547,4,0.01,3.42,2
1548,4,0.01,3.38,2
1549,4,0.01,2.78,2
1550,4,0.01,2.84,2
1551,4,0.01,2.92,2
1552,4,0.01,2.58,2
1553,4,0.01,2.98,2
1554,4,0.01,3.0,2
1555,4,0.01,3.02,2
1556,4,0.01,3.16,2
1557,4,0.01,3.34,2
1558,4,0.01,3.02,2
1559,4,0.01,2.88,2
1560,4,0.01,3.12,2
1561,4,0.01,2.92,2
1562,4,0.01,2.68,2
1563,4,0.01,3.34,2
1564,4,0.01,3.44,2
1565,4,0.01,3.0,2
1566,4,0.01,3.2,2
1567,4,0.01,3.1,2
1568,4,0.01,2.9,2
1569,4,0.01,3.1,2
1570,4,0.01,3.42,2
1571,4,0.01,3.34,2
1572,4,0.01,2.98,2
1573,4,0.01,2.8,2
1574,4,0.01,3.38,2
1575,4,0.01,2.96,2
1576,4,0.01,3.24,2
1577,4,0.01,2.92,2
1578,4,0.01,3.0,2
1579,4,0.01,3.04,2
1580,4,0.01,2.94,2
1581,4,0.01,3.34,2
1582,4,0.01,3.46,2
1583,4,0.01,3.2,2
1584,4,0.01,2.94,2
1585,4,0.01,2.76,2
1586,4,0.01,3.08,2
1587,4,0.01,2.82,2
1588,4,0.01,3.24,2
1589,4,0.01,3.02,2
1590,4,0.01,2.92,2
1591,4,0.01,3.18,2
1592,4,0.01,3.12,2
1593,4,0.01,3.18,2
1594,4,0.01,3.06,2
1595,4,0.01,3.38,2
1596,4,0.01,3.32,2
1597,4,0.01,3.14,2
1598,4,0.01,3.0,2
1599,4,0.01,3.3,2
1600,4,0.01,2.98,2
1601,4,0.01,3.42,2
1602,4,0.01,3.28,2
1603,4,0.01,3.32,2
1604,4,0.01,2.94,2
1605,4,0.01,3.0,2
1606,4,0.01,3.1,2
1607,4,0.01,3.26,2
1608,4,0.01,3.1,2
1609,4,0.01,3.36,2
1610,4,0.01,2.64,2
1611,4,0.01,3.16,2
1612,4,0.01,3.24,2
1613,4,0.01,3.16,2
1614,4,0.01,2.66,2
1615,4,0.01,3.08,2
1616,4,0.01,3.2,2
1617,4,0.01,2.92,2
1618,4,0.01,3.18,2
1619,4,0.01,2.92,2
1620,4,0.01,3.12,2
1621,4,0.01,2.78,2
1622,4,0.01,3.02,2
1623,4,0.01,3.14,2
1624,4,0.01,3.28,2
1625,4,0.01,3.52,2
1626,4,0.01,3.18,2
1627,4,0.01,3.16,2
1628,4,0.01,3.48,2
1629,4,0.01,3.26,2
1630,4,0.01,3.06,2
1631,4,0.01,3.56,2
1632,4,0.01,2.88,2
1633,4,0.01,2.86,2
1634,4,0.01,3.28,2
1635,4,0.01,3.32,2
1636,4,0.01,3.08,2
1637,4,0.01,3.14,2
1638,4,0.01,2.86,2
1639,4,0.01,3.28,2
1640,4,0.01,3.16,2
1641,4,0.01,3.38,2
1642,4,0.01,3.56,2
1643,4,0.01,2.86,2
1644,4,0.01,2.78,2
1645,4,0.01,2.94,2
1646,4,0.01,3.08,2
1647,4,0.01,2.82,2
1648,4,0.01,2.92,2
1649,4,0.01,3.76,2
1650,4,0.01,2.8,2
1651,4,0.01,3.0,2
1652,4,0.01,3.16,2
1653,4,0.01,3.16,2
1654,4,0.01,3.36,2
1655,4,0.01,3.06,2
1656,4,0.01,3.22,2
1657,4,0.01,3.32,2
1658,4,0.01,3.26,2
1659,4,0.01,2.82,2
1660,4,0.01,3.2,2
1661,4,0.01,2.72,2
1662,4,0.01,2.74,2
1663,4,0.01,3.38,2
1664,4,0.01,3.04,2
1665,4,0.01,3.02,2
1666,4,0.01,3.42,1
1667,4,0.01,2.84,1
1668,4,0.01,2.64,1
1669,4,0.01,2.14,1
1670,4,0.01,2.24,1
1671,4,0.01,1.84,1
1672,4,0.01,2.06,1
1673,4,0.01,2.06,1
1674,4,0.01,1.8,1
1675,4,0.01,2.14,1
1676,4,0.01,2.28,1
1677,4,0.01,2.04,1
1678,4,0.01,2.14,1
1679,4,0.01,2.8,1
1680,4,0.01,1.78,1
1681,4,0.01,1.92,1
1682,4,0.01,2.18,1
1683,4,0.01,2.1,1
1684,4,0.01,2.3,1
1685,4,0.01,1.88,1
1686,4,0.01,2.32,1
1687,4,0.01,2.14,1
1688,4,0.01,2.78,1
1689,4,0.01,1.76,1
1690,4,0.01,1.62,1
1691,4,0.01,2.28,1
1692,4,0.01,2.04,1
1693,4,0.01,2.2,1
1694,4,0.01,2.18,1
1695,4,0.01,2.18,1
1696,4,0.01,2.6,1
1697,4,0.01,1.9,1
1698,4,0.01,2.5,1
1699,4,0.01,2.18,1
1700,4,0.01,1.98,1
1701,4,0.01,1.7,1
1702,4,0.01,2.36,1
1703,4,0.01,1.92,1
1704,4,0.01,2.0,1
1705,4,0.01,2.18,1
1706,4,0.01,1.92,1
1707,4,0.01,1.9,1
1708,4,0.01,1.92,1
1709,4,0.01,2.12,1
1710,4,0.01,2.46,1
1711,4,0.01,2.08,1
1712,4,0.01,2.38,1
1713,4,0.01,2.16,1
1714,4,0.01,1.98,1
1715,4,0.01,2.28,1
1716,4,0.01,1.9,1
1717,4,0.01,2.22,1
1718,4,0.01,2.38,1
1719,4,0.01,2.04,1
1720,4,0.01,2.64,1
1721,4,0.01,2.26,1
1722,4,0.01,2.12,1
1723,4,0.01,2.0,1
1724,4,0.01,2.1,1
1725,4,0.01,1.68,1
1726,4,0.01,2.2,1
1727,4,0.01,2.04,1
1728,4,0.01,2.16,1
1729,4,0.01,2.4,1
1730,4,0.01,1.84,1
1731,4,0.01,2.38,1
1732,4,0.01,1.78,1
1733,4,0.01,2.06,1
1734,4,0.01,2.54,1
1735,4,0.01,2.22,1
1736,4,0.01,2.02,1
1737,4,0.01,2.36,1
1738,4,0.01,2.14,1
1739,4,0.01,2.18,1
1740,4,0.01,2.24,1
1741,4,0.01,2.52,1
1742,4,0.01,2.18,1
1743,4,0.01,2.14,1
1744,4,0.01,1.96,1
1745,4,0.01,1.94,1
1746,4,0.01,2.54,1
1747,4,0.01,1.9,1
1748,4,0.01,1.84,1
1749,4,0.01,2.06,1
1750,4,0.01,1.88,1
1751,4,0.01,1.8,1
1752,4,0.01,1.68,1
1753,4,0.01,2.14,1
1754,4,0.01,2.42,1
1755,4,0.01,2.3,1
1756,4,0.01,1.7,1
1757,4,0.01,2.36,1
1758,4,0.01,1.58,1
1759,4,0.01,2.14,1
1760,4,0.01,1.96,1
1761,4,0.01,2.14,1
1762,4,0.01,2.18,1
1763,4,0.01,2.02,1
1764,4,0.01,1.8,1
1765,4,0.01,2.36,1
1766,4,0.01,1.86,1
1767,4,0.01,2.18,1
1768,4,0.01,2.08,1
1769,4,0.01,2.16,1
1770,4,0.01,2.2,1
1771,4,0.01,2.1,1
1772,4,0.01,2.08,1
1773,4,0.01,2.14,1
1774,4,0.01,2.24,1
1775,4,0.01,2.26,1
1776,4,0.01,2.44,1
1777,4,0.01,2.06,1
1778,4,0.01,2.22,1
1779,4,0.01,2.02,1
1780,4,0.01,1.68,1
1781,4,0.01,2.04,1
1782,4,0.01,2.34,1
1783,4,0.01,1.66,1
1784,4,0.01,2.22,1
1785,4,0.01,1.76,1
1786,4,0.01,2.06,1
1787,4,0.01,2.08,1
1788,4,0.01,2.4,1
1789,4,0.01,1.98,1
1790,4,0.01,2.04,1
1791,4,0.01,2.28,1
1792,4,0.01,2.06,1
1793,4,0.01,1.74,1
1794,4,0.01,2.1,1
1795,4,0.01,1.96,1
1796,4,0.01,1.8,1
1797,4,0.01,1.8,1
1798,4,0.01,2.1,1
1799,4,0.01,2.22,1
1800,4,0.01,1.66,1
1801,4,0.01,1.86,1
1802,4,0.01,2.2,1
1803,4,0.01,1.9,1
1804,4,0.01,2.04,1
1805,4,0.01,2.12,1
1806,4,0.01,2.0,1
1807,4,0.01,1.98,1
1808,4,0.01,1.98,1
1809,4,0.01,2.08,1
1810,4,0.01,2.34,1
1811,4,0.01,1.96,1
1812,4,0.01,2.2,1
1813,4,0.01,2.24,1
1814,4,0.01,2.58,1
1815,4,0.01,2.94,1
1816,4,0.01,2.28,1
1817,4,0.01,2.22,1
1818,4,0.01,1.68,1
1819,4,0.01,2.32,1
1820,4,0.01,2.62,1
1821,4,0.01,2.24,1
1822,4,0.01,1.96,1
1823,4,0.01,2.42,1
1824,4,0.01,2.22,1
1825,4,0.01,2.04,1
1826,4,0.01,2.18,1
1827,4,0.01,1.92,1
1828,4,0.01,2.16,1
1829,4,0.01,2.38,1
1830,4,0.01,2.14,1
1831,4,0.01,2.1,1
1832,4,0.01,2.12,1
1833,4,0.01,2.4,1
1834,4,0.01,2.28,1
1835,4,0.01,2.16,1
1836,4,0.01,1.98,1
1837,4,0.01,2.2,1
1838,4,0.01,2.28,1
1839,4,0.01,1.94,1
1840,4,0.01,2.0,1
1841,4,0.01,2.18,1
1842,4,0.01,2.06,1
1843,4,0.01,2.04,1
1844,4,0.01,2.32,1
1845,4,0.01,2.04,1
1846,4,0.01,2.0,1
1847,4,0.01,1.72,1
1848,4,0.01,1.98,1
1849,4,0.01,2.24,1
1850,4,0.01,2.1,1
1851,4,0.01,1.9,1
1852,4,0.01,2.0,1
1853,4,0.01,2.48,1
1854,4,0.01,2.52,1
1855,4,0.01,2.06,1
1856,4,0.01,2.9,1
1857,4,0.01,2.24,1
1858,4,0.01,2.16,1
1859,4,0.01,2.72,1
1860,4,0.01,2.38,1
1861,4,0.01,1.8,1
1862,4,0.01,2.46,1
1863,4,0.01,2.3,1
1864,4,0.01,2.2,1
1865,4,0.01,2.2,1
1866,4,0.01,2.14,1
1867,4,0.01,2.46,1
1868,4,0.01,2.08,1
1869,4,0.01,2.3,1
1870,4,0.01,1.94,1
1871,4,0.01,2.36,1
1872,4,0.01,2.02,1
1873,4,0.01,2.9,1
1874,4,0.01,2.36,1
1875,4,0.01,2.7,1
1876,4,0.01,2.04,1
1877,4,0.01,2.28,1
1878,4,0.01,1.84,1
1879,4,0.01,1.9,1
1880,4,0.01,2.36,1
1881,4,0.01,2.06,1
1882,4,0.01,2.48,1
1883,4,0.01,2.14,1
1884,4,0.01,2.14,1
1885,4,0.01,1.86,1
1886,4,0.01,2.2,1
1887,4,0.01,2.26,1
1888,4,0.01,1.76,1
1889,4,0.01,1.72,1
1890,4,0.01,2.0,1
1891,4,0.01,1.88,1
1892,4,0.01,2.08,1
1893,4,0.01,2.36,1
1894,4,0.01,2.02,1
1895,4,0.01,2.26,1
1896,4,0.01,2.24,1
1897,4,0.01,2.18,1
1898,4,0.01,2.1,1
1899,4,0.01,2.08,1
1900,4,0.01,1.9,1
1901,4,0.01,2.0,1
1902,4,0.01,2.26,1
1903,4,0.01,2.18,1
1904,4,0.01,1.86,1
1905,4,0.01,2.16,1
1906,4,0.01,2.24,1
1907,4,0.01,1.88,1
1908,4,0.01,2.04,1
1909,4,0.01,2.36,1
1910,4,0.01,2.56,1
1911,4,0.01,1.88,1
1912,4,0.01,2.18,1
1913,4,0.01,2.3,1
1914,4,0.01,1.94,1
1915,4,0.01,2.14,1
1916,4,0.01,2.38,1
1917,4,0.01,1.92,1
1918,4,0.01,2.2,1
1919,4,0.01,1.84,1
1920,4,0.01,2.46,1
1921,4,0.01,2.12,1
1922,4,0.01,2.36,1
1923,4,0.01,2.3,1
1924,4,0.01,2.26,1
1925,4,0.01,2.08,1
1926,4,0.01,2.0,1
1927,4,0.01,1.86,1
1928,4,0.01,2.54,1
1929,4,0.01,2.2,1
1930,4,0.01,2.12,1
1931,4,0.01,2.3,1
1932,4,0.01,2.22,1
1933,4,0.01,2.36,1
1934,4,0.01,2.12,1
1935,4,0.01,2.34,1
1936,4,0.01,2.2,1
1937,4,0.01,2.16,1
1938,4,0.01,2.16,1
1939,4,0.01,2.16,1
1940,4,0.01,2.08,1
1941,4,0.01,1.98,1
1942,4,0.01,1.72,1
1943,4,0.01,1.94,1
1944,4,0.01,2.4,1
1945,4,0.01,2.62,1
1946,4,0.01,2.28,1
1947,4,0.01,2.42,1
1948,4,0.01,2.18,1
1949,4,0.01,1.7,1
1950,4,0.01,2.26,1
1951,4,0.01,2.4,1
1952,4,0.01,2.28,1
1953,4,0.01,2.24,1
1954,4,0.01,2.18,1
1955,4,0.01,2.0,1
1956,4,0.01,2.08,1
1957,4,0.01,1.92,1
1958,4,0.01,2.28,1
1959,4,0.01,2.08,1
1960,4,0.01,2.14,1
1961,4,0.01,2.22,1
1962,4,0.01,2.34,1
1963,4,0.01,2.16,1
1964,4,0.01,1.88,1
1965,4,0.01,2.02,1
1966,4,0.01,2.3,1
1967,4,0.01,2.16,1
1968,4,0.01,2.12,1
1969,4,0.01,2.44,1
1970,4,0.01,1.9,1
1971,4,0.01,2.04,1
1972,4,0.01,2.36,1
1973,4,0.01,2.02,1
1974,4,0.01,2.08,1
1975,4,0.01,2.2,1
1976,4,0.01,2.06,1
1977,4,0.01,2.16,1
1978,4,0.01,2.12,1
1979,4,0.01,2.24,1
1980,4,0.01,2.2,1
1981,4,0.01,2.06,1
1982,4,0.01,2.22,1
1983,4,0.01,2.12,1
1984,4,0.01,2.12,1
1985,4,0.01,2.34,1
1986,4,0.01,2.08,1
1987,4,0.01,2.36,1
1988,4,0.01,2.18,1
1989,4,0.01,1.9,1
1990,4,0.01,2.38,1
1991,4,0.01,2.42,1
1992,4,0.01,1.9,1
1993,4,0.01,1.62,1
1994,4,0.01,2.26,1
1995,4,0.01,2.16,1
1996,4,0.01,2.54,1
1997,4,0.01,2.14,1
1998,4,0.01,2.38,1
1999,4,0.01,2.24,1
2000,4,0.01,2.06,1
0,5,0.01,54.98,40
1,5,0.01,45.46,36
2,5,0.01,38.0,34
3,5,0.01,34.92,31
4,5,0.01,32.56,28
5,5,0.01,29.7,27
6,5,0.01,28.02,27
7,5,0.01,28.04,27
8,5,0.01,27.54,26
9,5,0.01,26.96,25
10,5,0.01,26.18,24
11,5,0.01,25.18,23
12,5,0.01,24.02,22
13,5,0.01,22.84,21
14,5,0.01,22.64,19
15,5,0.01,20.56,16
16,5,0.01,17.94,16
17,5,0.01,16.8,15
18,5,0.01,16.34,15
19,5,0.01,15.78,15
20,5,0.01,15.92,14
21,5,0.01,15.14,13
22,5,0.01,15.02,12
23,5,0.01,13.56,12
24,5,0.01,12.94,11
25,5,0.01,12.62,11
26,5,0.01,11.92,11
27,5,0.01,11.96,10
28,5,0.01,11.52,10
29,5,0.01,10.52,9
30,5,0.01,10.56,9
31,5,0.01,9.98,9
32,5,0.01,9.96,9
33,5,0.01,10.0,9
34,5,0.01,10.24,9
35,5,0.01,9.78,9
36,5,0.01,10.02,9
37,5,0.01,9.6,8
38,5,0.01,9.5,8
39,5,0.01,9.08,8
40,5,0.01,8.72,8
41,5,0.01,8.86,8
42,5,0.01,8.88,8
43,5,0.01,9.18,8
44,5,0.01,8.88,8
45,5,0.01,8.72,8
46,5,0.01,8.92,8
47,5,0.01,9.06,8
48,5,0.01,9.24,8
49,5,0.01,9.12,7
50,5,0.01,8.34,7
51,5,0.01,7.88,7
52,5,0.01,8.12,7
53,5,0.01,8.42,7
54,5,0.01,8.38,7
55,5,0.01,8.24,7
56,5,0.01,7.92,7
57,5,0.01,8.44,7
58,5,0.01,7.88,7
59,5,0.01,7.92,7
60,5,0.01,7.96,7
61,5,0.01,7.88,7
62,5,0.01,7.74,7
63,5,0.01,7.44,7
64,5,0.01,7.8,7
65,5,0.01,8.24,7
66,5,0.01,7.54,7
67,5,0.01,8.48,7
68,5,0.01,8.34,7
69,5,0.01,8.5,7
70,5,0.01,7.8,6
71,5,0.01,7.64,6
72,5,0.01,7.16,6
73,5,0.01,6.78,6
74,5,0.01,6.98,6
75,5,0.01,7.3,6
76,5,0.01,7.34,6
77,5,0.01,6.48,6
78,5,0.01,6.86,6
79,5,0.01,7.16,6
80,5,0.01,7.46,6
81,5,0.01,7.12,6
82,5,0.01,7.02,6
83,5,0.01,6.72,6
84,5,0.01,6.74,6
85,5,0.01,6.96,6
86,5,0.01,7.1,6
87,5,0.01,6.88,6
88,5,0.01,7.14,6
89,5,0.01,6.9,6
90,5,0.01,7.22,6
91,5,0.01,6.9,6
92,5,0.01,7.06,6
93,5,0.01,7.18,6
94,5,0.01,7.36,6
95,5,0.01,6.76,6
96,5,0.01,7.02,6
97,5,0.01,6.9,6
98,5,0.01,6.92,6
99,5,0.01,6.8,6
100,5,0.01,6.78,6
101,5,0.01,7.28,6
102,5,0.01,7.22,6
103,5,0.01,7.02,6
104,5,0.01,6.78,6
105,5,0.01,7.2,6
106,5,0.01,6.68,6
107,5,0.01,6.92,6
108,5,0.01,6.92,6
109,5,0.01,7.26,6
110,5,0.01,6.84,6
111,5,0.01,6.96,6
112,5,0.01,7.2,6
113,5,0.01,6.74,6
114,5,0.01,7.14,6
115,5,0.01,7.2,6
116,5,0.01,7.0,6
117,5,0.01,6.58,6
118,5,0.01,7.26,6
119,5,0.01,7.02,6
120,5,0.01,7.24,6
121,5,0.01,6.8,6
122,5,0.01,7.02,6
123,5,0.01,6.78,6
124,5,0.01,6.92,6
125,5,0.01,7.12,6
126,5,0.01,7.32,6
127,5,0.01,7.5,6
128,5,0.01,7.06,6
129,5,0.01,6.88,6
130,5,0.01,7.06,5
131,5,0.01,6.38,5
132,5,0.01,6.06,5
133,5,0.01,6.22,5
134,5,0.01,6.06,5
135,5,0.01,6.2,5
136,5,0.01,6.22,5
137,5,0.01,6.16,5
138,5,0.01,6.34,5
139,5,0.01,6.04,5
140,5,0.01,5.54,5
141,5,0.01,6.02,5
142,5,0.01,6.2,5
143,5,0.01,5.66,5
144,5,0.01,5.92,5
145,5,0.01,5.7,5
146,5,0.01,5.8,5
147,5,0.01,6.02,5
148,5,0.01,6.36,5
149,5,0.01,6.02,5
150,5,0.01,6.34,5
151,5,0.01,6.24,5
152,5,0.01,6.0,5
153,5,0.01,6.02,5
154,5,0.01,6.5,5
155,5,0.01,6.04,5
156,5,0.01,5.66,5
157,5,0.01,6.12,5
158,5,0.01,5.8,5
159,5,0.01,6.32,5
160,5,0.01,5.94,5
161,5,0.01,5.96,5
162,5,0.01,5.96,5
163,5,0.01,5.86,5
164,5,0.01,6.0,4
165,5,0.01,5.88,4
166,5,0.01,4.8,4
167,5,0.01,4.74,4
168,5,0.01,5.0,4
169,5,0.01,5.14,4
170,5,0.01,5.42,4
171,5,0.01,5.44,4
172,5,0.01,4.78,4
173,5,0.01,4.88,4
174,5,0.01,4.88,4
175,5,0.01,4.8,4
176,5,0.01,5.08,4
177,5,0.01,5.14,4
178,5,0.01,5.02,4
179,5,0.01,5.46,4
180,5,0.01,5.48,4
181,5,0.01,5.04,4
182,5,0.01,4.74,4
183,5,0.01,5.18,4
184,5,0.01,4.74,4
185,5,0.01,5.22,4
186,5,0.01,4.72,4
187,5,0.01,4.82,4
188,5,0.01,5.04,4
189,5,0.01,4.9,4
190,5,0.01,5.34,4
191,5,0.01,5.14,4
192,5,0.01,5.06,4
193,5,0.01,4.76,4
194,5,0.01,5.1,4
195,5,0.01,4.88,4
196,5,0.01,5.14,4
197,5,0.01,4.72,4
198,5,0.01,5.06,4
199,5,0.01,4.84,4
200,5,0.01,4.76,4
201,5,0.01,5.22,4
202,5,0.01,5.44,3
203,5,0.01,4.68,3
204,5,0.01,3.76,3
205,5,0.01,4.22,3
206,5,0.01,3.68,3
207,5,0.01,3.94,3
208,5,0.01,4.32,3
209,5,0.01,3.9,3
210,5,0.01,3.9,3
211,5,0.01,4.04,3
212,5,0.01,4.18,3
213,5,0.01,3.78,3
214,5,0.01,4.12,3
215,5,0.01,4.16,3
216,5,0.01,4.3,3
217,5,0.01,4.04,3
218,5,0.01,4.12,3
219,5,0.01,4.24,3
220,5,0.01,3.86,3
221,5,0.01,3.98,3
222,5,0.01,4.2,3
223,5,0.01,4.1,3
224,5,0.01,4.46,3
225,5,0.01,4.26,3
226,5,0.01,4.28,3
227,5,0.01,4.52,3
228,5,0.01,4.24,3
229,5,0.01,4.08,3
230,5,0.01,4.18,3
231,5,0.01,4.06,3
232,5,0.01,4.06,3
233,5,0.01,3.92,3
234,5,0.01,3.92,3
235,5,0.01,4.1,3
236,5,0.01,4.12,3
237,5,0.01,3.88,3
238,5,0.01,4.1,3
239,5,0.01,4.24,3
240,5,0.01,3.86,3
241,5,0.01,3.92,3
242,5,0.01,3.94,3
243,5,0.01,4.2,3
244,5,0.01,4.38,3
245,5,0.01,4.04,3
246,5,0.01,4.1,3
247,5,0.01,4.44,3
248,5,0.01,3.94,3
249,5,0.01,4.3,3
250,5,0.01,4.5,3
251,5,0.01,4.22,3
252,5,0.01,3.94,3
253,5,0.01,3.74,3
254,5,0.01,4.08,3
255,5,0.01,4.14,3
256,5,0.01,4.4,3
257,5,0.01,4.06,3
258,5,0.01,4.02,3
259,5,0.01,4.16,3
260,5,0.01,4.22,3
261,5,0.01,3.8,3
262,5,0.01,4.32,3
263,5,0.01,3.84,3
264,5,0.01,3.94,3
265,5,0.01,4.44,3
266,5,0.01,4.0,3
267,5,0.01,4.18,3
268,5,0.01,3.7,3
269,5,0.01,3.74,3
270,5,0.01,4.26,3
271,5,0.01,3.86,3
272,5,0.01,4.12,3
273,5,0.01,4.14,3
274,5,0.01,4.04,3
275,5,0.01,3.88,3
276,5,0.01,4.06,3
277,5,0.01,3.88,3
278,5,0.01,4.24,3
279,5,0.01,4.04,3
280,5,0.01,4.04,3
281,5,0.01,4.04,3
282,5,0.01,4.0,3
283,5,0.01,4.16,3
284,5,0.01,4.06,3
285,5,0.01,4.28,3
286,5,0.01,4.24,3
287,5,0.01,3.98,3
288,5,0.01,4.08,3
289,5,0.01,3.9,3
290,5,0.01,4.34,3
291,5,0.01,4.5,3
292,5,0.01,4.14,3
293,5,0.01,3.96,3
294,5,0.01,3.72,3
295,5,0.01,3.64,3
296,5,0.01,3.7,3
297,5,0.01,4.26,3
298,5,0.01,4.48,3
299,5,0.01,4.2,3
300,5,0.01,4.1,3
301,5,0.01,4.54,3
302,5,0.01,4.16,3
303,5,0.01,3.82,3
304,5,0.01,3.76,3
305,5,0.01,3.7,3
306,5,0.01,4.08,3
307,5,0.01,4.24,3
308,5,0.01,4.04,3
309,5,0.01,4.16,3
310,5,0.01,3.88,3
311,5,0.01,4.1,3
312,5,0.01,3.92,3
313,5,0.01,4.36,3
314,5,0.01,4.1,3
315,5,0.01,4.04,3
316,5,0.01,3.86,3
317,5,0.01,4.24,3
318,5,0.01,3.84,3
319,5,0.01,4.34,3
320,5,0.01,3.9,3
321,5,0.01,4.0,3
322,5,0.01,4.2,3
323,5,0.01,4.42,3
324,5,0.01,4.02,3
325,5,0.01,4.5,3
326,5,0.01,3.94,3
327,5,0.01,3.74,3
328,5,0.01,3.9,3
329,5,0.01,4.34,3
330,5,0.01,3.94,3
331,5,0.01,4.3,3
332,5,0.01,4.24,3
333,5,0.01,4.24,3
334,5,0.01,4.36,3
335,5,0.01,3.9,3
336,5,0.01,4.16,3
337,5,0.01,4.14,3
338,5,0.01,4.12,3
339,5,0.01,4.16,3
340,5,0.01,4.56,3
341,5,0.01,4.12,3
342,5,0.01,3.8,3
343,5,0.01,3.88,3
344,5,0.01,3.9,3
345,5,0.01,4.02,3
346,5,0.01,3.86,3
347,5,0.01,4.26,3
348,5,0.01,4.44,3
349,5,0.01,3.94,3
350,5,0.01,3.9,3
351,5,0.01,3.96,3
352,5,0.01,4.12,3
353,5,0.01,4.08,3
354,5,0.01,4.3,3
355,5,0.01,4.22,3
356,5,0.01,3.9,3
357,5,0.01,3.88,3
358,5,0.01,4.2,3
359,5,0.01,4.18,3
360,5,0.01,4.16,3
361,5,0.01,4.22,3
362,5,0.01,4.24,3
363,5,0.01,4.0,3
364,5,0.01,3.96,3
365,5,0.01,4.04,3
366,5,0.01,3.88,3
367,5,0.01,4.08,3
368,5,0.01,4.14,3
369,5,0.01,4.02,3
370,5,0.01,3.96,3
371,5,0.01,4.02,3
372,5,0.01,4.46,3
373,5,0.01,4.24,3
374,5,0.01,3.74,3
375,5,0.01,4.28,3
376,5,0.01,4.26,3
377,5,0.01,4.26,3
378,5,0.01,4.36,3
379,5,0.01,4.4,3
380,5,0.01,4.4,3
381,5,0.01,4.0,3
382,5,0.01,4.06,3
383,5,0.01,4.22,3
384,5,0.01,4.14,3
385,5,0.01,4.4,3
386,5,0.01,4.14,3
387,5,0.01,3.9,3
388,5,0.01,3.98,3
389,5,0.01,3.96,3
390,5,0.01,4.18,3
391,5,0.01,3.56,3
392,5,0.01,4.02,3
393,5,0.01,3.92,3
394,5,0.01,4.08,3
395,5,0.01,4.32,3
396,5,0.01,4.32,3
397,5,0.01,4.52,3
398,5,0.01,4.02,3
399,5,0.01,4.22,3
400,5,0.01,3.68,3
401,5,0.01,4.36,3
402,5,0.01,4.16,3
403,5,0.01,3.86,3
404,5,0.01,3.9,3
405,5,0.01,4.08,3
406,5,0.01,4.04,3
407,5,0.01,4.36,3
408,5,0.01,3.86,3
409,5,0.01,4.26,3
410,5,0.01,4.08,3
411,5,0.01,4.14,3
412,5,0.01,4.42,3
413,5,0.01,4.18,3
414,5,0.01,4.16,3
415,5,0.01,4.5,3
416,5,0.01,3.7,3
417,5,0.01,3.8,3
418,5,0.01,4.12,3
419,5,0.01,4.22,3
420,5,0.01,4.24,3
421,5,0.01,3.96,3
422,5,0.01,4.2,3
423,5,0.01,4.12,3
424,5,0.01,4.26,3
425,5,0.01,4.16,3
426,5,0.01,4.36,3
427,5,0.01,4.32,3
428,5,0.01,3.9,3
429,5,0.01,4.14,3
430,5,0.01,4.64,3
431,5,0.01,4.12,3
432,5,0.01,4.04,3
433,5,0.01,3.94,3
434,5,0.01,4.24,3
435,5,0.01,4.24,3
436,5,0.01,4.22,3
437,5,0.01,4.1,3
438,5,0.01,4.1,3
439,5,0.01,4.36,3
440,5,0.01,4.6,3
441,5,0.01,4.32,3
442,5,0.01,4.34,3
443,5,0.01,4.02,3
444,5,0.01,3.9,3
445,5,0.01,4.04,3
446,5,0.01,4.12,3
447,5,0.01,3.94,3
448,5,0.01,4.22,3
449,5,0.01,4.04,3
450,5,0.01,4.0,3
451,5,0.01,4.24,3
452,5,0.01,4.18,3
453,5,0.01,3.82,3
454,5,0.01,3.78,3
455,5,0.01,4.46,3
456,5,0.01,3.92,3
457,5,0.01,4.54,3
458,5,0.01,4.12,3
459,5,0.01,3.92,3
460,5,0.01,4.12,3
461,5,0.01,4.44,3
462,5,0.01,4.0,3
463,5,0.01,4.3,3
464,5,0.01,4.16,3
465,5,0.01,3.7,3
466,5,0.01,4.32,3
467,5,0.01,4.0,3
468,5,0.01,3.88,3
469,5,0.01,4.1,3
470,5,0.01,4.34,3
471,5,0.01,3.92,3
472,5,0.01,4.16,3
473,5,0.01,3.94,3
474,5,0.01,3.94,3
475,5,0.01,3.84,3
476,5,0.01,4.28,3
477,5,0.01,4.28,3
478,5,0.01,4.2,3
479,5,0.01,3.72,3
480,5,0.01,3.82,3
481,5,0.01,4.04,3
482,5,0.01,4.12,3
483,5,0.01,4.18,3
484,5,0.01,4.06,3
485,5,0.01,4.18,3
486,5,0.01,4.0,3
487,5,0.01,4.08,3
488,5,0.01,3.68,3
489,5,0.01,3.84,3
490,5,0.01,4.98,3
491,5,0.01,4.36,3
492,5,0.01,3.86,2
493,5,0.01,3.9,2
494,5,0.01,3.42,2
495,5,0.01,3.16,2
496,5,0.01,3.04,2
497,5,0.01,3.54,2
498,5,0.01,3.12,2
499,5,0.01,2.96,2
500,5,0.01,3.56,2
501,5,0.01,3.2,2
502,5,0.01,3.6,2
503,5,0.01,3.24,2
504,5,0.01,2.88,2
505,5,0.01,3.08,2
506,5,0.01,3.0,2
507,5,0.01,3.14,2
508,5,0.01,3.54,2
509,5,0.01,3.02,2
510,5,0.01,3.24,2
511,5,0.01,3.46,2
512,5,0.01,3.14,2
513,5,0.01,2.92,2
514,5,0.01,3.06,2
515,5,0.01,3.02,2
516,5,0.01,3.52,2
517,5,0.01,3.46,2
518,5,0.01,3.42,2
519,5,0.01,3.26,2
520,5,0.01,2.92,2
521,5,0.01,3.08,2
522,5,0.01,3.6,2
523,5,0.01,3.42,2
524,5,0.01,3.44,2
525,5,0.01,2.74,2
526,5,0.01,2.92,2
527,5,0.01,2.92,2
528,5,0.01,2.94,2
529,5,0.01,3.28,2
530,5,0.01,2.98,2
531,5,0.01,2.98,2
532,5,0.01,3.32,2
533,5,0.01,2.92,2
534,5,0.01,3.28,2
535,5,0.01,2.94,2
536,5,0.01,3.7,2
537,5,0.01,3.36,2
538,5,0.01,3.32,2
539,5,0.01,3.14,2
540,5,0.01,2.86,2
541,5,0.01,3.0,2
542,5,0.01,3.24,2
543,5,0.01,2.92,2
544,5,0.01,3.16,2
545,5,0.01,3.0,2
546,5,0.01,3.4,2
547,5,0.01,3.1,2
548,5,0.01,3.52,2
549,5,0.01,3.04,2
550,5,0.01,3.12,2
551,5,0.01,3.1,2
552,5,0.01,3.28,2
553,5,0.01,3.0,2
554,5,0.01,3.22,2
555,5,0.01,3.12,2
556,5,0.01,3.26,2
557,5,0.01,3.22,2
558,5,0.01,3.1,2
559,5,0.01,3.42,2
560,5,0.01,3.24,2
561,5,0.01,3.08,2
562,5,0.01,3.38,2
563,5,0.01,2.76,2
564,5,0.01,3.48,2
565,5,0.01,3.22,2
566,5,0.01,3.08,2
567,5,0.01,3.42,2
568,5,0.01,3.26,2
569,5,0.01,3.16,2
570,5,0.01,3.34,2
571,5,0.01,3.22,2
572,5,0.01,3.26,2
573,5,0.01,3.36,2
574,5,0.01,2.84,2
575,5,0.01,3.56,2
576,5,0.01,2.66,2
577,5,0.01,2.84,2
578,5,0.01,3.34,2
579,5,0.01,3.1,2
580,5,0.01,3.2,2
581,5,0.01,2.88,2
582,5,0.01,3.32,2
583,5,0.01,2.72,2
584,5,0.01,3.62,2
585,5,0.01,3.3,2
586,5,0.01,3.48,2
587,5,0.01,2.64,2
588,5,0.01,3.04,2
589,5,0.01,3.48,2
590,5,0.01,2.86,2
591,5,0.01,2.88,2
592,5,0.01,2.66,2
593,5,0.01,3.6,2
594,5,0.01,3.14,2
595,5,0.01,3.06,2
596,5,0.01,3.2,2
597,5,0.01,3.62,2
598,5,0.01,2.98,2
599,5,0.01,3.4,2
600,5,0.01,2.96,2
601,5,0.01,3.52,2
602,5,0.01,2.92,2
603,5,0.01,3.04,2
604,5,0.01,3.3,2
605,5,0.01,3.06,2
606,5,0.01,2.82,2
607,5,0.01,3.36,2
608,5,0.01,3.32,2
609,5,0.01,3.04,2
610,5,0.01,2.9,2
611,5,0.01,2.74,2
612,5,0.01,3.7,2
613,5,0.01,3.14,2
614,5,0.01,3.0,2
615,5,0.01,3.16,2
616,5,0.01,2.8,2
617,5,0.01,3.24,2
618,5,0.01,3.04,2
619,5,0.01,2.9,2
620,5,0.01,3.16,2
621,5,0.01,3.06,2
622,5,0.01,3.04,2
623,5,0.01,2.66,2
624,5,0.01,3.26,2
625,5,0.01,3.28,2
626,5,0.01,3.26,2
627,5,0.01,3.06,2
628,5,0.01,3.14,2
629,5,0.01,3.34,2
630,5,0.01,2.9,2
631,5,0.01,3.4,2
632,5,0.01,3.42,2
633,5,0.01,2.86,2
634,5,0.01,3.28,2
635,5,0.01,3.32,2
636,5,0.01,2.6,2
637,5,0.01,2.98,2
638,5,0.01,3.02,2
639,5,0.01,3.12,2
640,5,0.01,3.42,2
641,5,0.01,3.28,2
642,5,0.01,3.14,2
643,5,0.01,3.24,2
644,5,0.01,3.04,2
645,5,0.01,3.02,2
646,5,0.01,2.88,2
647,5,0.01,2.82,2
648,5,0.01,2.76,2
649,5,0.01,3.42,2
650,5,0.01,3.04,2
651,5,0.01,3.22,2
652,5,0.01,3.08,2
653,5,0.01,3.22,2
654,5,0.01,3.02,2
655,5,0.01,2.58,2
656,5,0.01,3.12,2
657,5,0.01,3.16,2
658,5,0.01,3.18,2
659,5,0.01,3.02,2
660,5,0.01,3.2,2
661,5,0.01,2.92,2
662,5,0.01,2.7,2
663,5,0.01,3.1,2
664,5,0.01,2.98,2
665,5,0.01,3.24,2
666,5,0.01,3.86,2
667,5,0.01,2.98,2
668,5,0.01,3.22,2
669,5,0.01,3.08,2
670,5,0.01,3.68,2
671,5,0.01,2.94,2
672,5,0.01,3.0,2
673,5,0.01,2.86,2
674,5,0.01,2.6,2
675,5,0.01,2.86,2
676,5,0.01,2.88,2
677,5,0.01,3.2,2
678,5,0.01,3.48,2
679,5,0.01,3.16,2
680,5,0.01,3.48,2
681,5,0.01,2.92,2
682,5,0.01,3.04,2
683,5,0.01,2.94,2
684,5,0.01,3.02,2
685,5,0.01,2.94,2
686,5,0.01,3.44,2
687,5,0.01,2.8,2
688,5,0.01,3.06,2
689,5,0.01,3.0,2
690,5,0.01,3.2,2
691,5,0.01,3.6,2
692,5,0.01,3.26,2
693,5,0.01,3.38,2
694,5,0.01,3.16,2
695,5,0.01,3.18,2
696,5,0.01,3.0,2
697,5,0.01,3.02,2
698,5,0.01,3.48,2
699,5,0.01,3.3,2
700,5,0.01,2.98,2
701,5,0.01,3.02,2
702,5,0.01,3.2,2
703,5,0.01,3.46,2
704,5,0.01,3.3,2
705,5,0.01,3.1,2
706,5,0.01,3.38,2
707,5,0.01,2.8,2
708,5,0.01,3.22,2
709,5,0.01,3.36,2
710,5,0.01,3.14,2
711,5,0.01,2.84,2
712,5,0.01,3.44,2
713,5,0.01,3.22,2
714,5,0.01,3.36,2
715,5,0.01,2.92,2
716,5,0.01,2.78,2
717,5,0.01,2.86,2
718,5,0.01,2.9,2
719,5,0.01,2.9,2
720,5,0.01,3.38,2
721,5,0.01,2.88,2
722,5,0.01,3.08,2
723,5,0.01,2.98,2
724,5,0.01,2.98,2
725,5,0.01,3.56,2
726,5,0.01,3.4,2
727,5,0.01,3.06,2
728,5,0.01,2.96,2
729,5,0.01,2.82,2
730,5,0.01,3.16,2
731,5,0.01,3.24,2
732,5,0.01,2.82,2
733,5,0.01,2.72,2
734,5,0.01,3.16,2
735,5,0.01,3.32,2
736,5,0.01,2.7,2
737,5,0.01,3.22,2
738,5,0.01,3.12,2
739,5,0.01,2.98,2
740,5,0.01,3.54,2
741,5,0.01,2.78,2
742,5,0.01,3.08,2
743,5,0.01,3.06,2
744,5,0.01,2.9,2
745,5,0.01,3.38,2
746,5,0.01,2.8,2
747,5,0.01,2.96,2
748,5,0.01,3.26,2
749,5,0.01,3.16,2
750,5,0.01,3.02,2
751,5,0.01,2.82,2
752,5,0.01,3.5,2
753,5,0.01,3.32,2
754,5,0.01,3.5,2
755,5,0.01,3.46,2
756,5,0.01,3.32,2
757,5,0.01,3.3,2
758,5,0.01,3.3,2
759,5,0.01,3.3,2
760,5,0.01,3.1,2
761,5,0.01,3.1,2
762,5,0.01,3.1,2
763,5,0.01,3.04,2
764,5,0.01,3.12,2
765,5,0.01,3.1,2
766,5,0.01,3.22,2
767,5,0.01,3.26,2
768,5,0.01,3.0,2
769,5,0.01,3.18,2
770,5,0.01,3.26,2
771,5,0.01,2.96,2
772,5,0.01,3.28,2
773,5,0.01,2.72,2
774,5,0.01,3.12,2
775,5,0.01,3.44,2
776,5,0.01,2.9,2
777,5,0.01,3.24,2
778,5,0.01,3.02,2
779,5,0.01,3.1,2
780,5,0.01,3.1,2
781,5,0.01,3.48,2
782,5,0.01,3.04,2
783,5,0.01,3.76,2
784,5,0.01,2.9,2
785,5,0.01,3.06,2
786,5,0.01,3.12,2
787,5,0.01,3.12,2
788,5,0.01,2.36,2
789,5,0.01,3.02,2
790,5,0.01,3.22,2
791,5,0.01,2.94,2
792,5,0.01,3.1,2
793,5,0.01,3.18,2
794,5,0.01,3.58,2
795,5,0.01,3.1,2
796,5,0.01,3.02,2
797,5,0.01,3.38,2
798,5,0.01,2.84,2
799,5,0.01,2.94,2
800,5,0.01,3.14,2
801,5,0.01,3.42,2
802,5,0.01,2.74,2
803,5,0.01,3.3,2
804,5,0.01,3.34,2
805,5,0.01,3.06,2
806,5,0.01,3.04,2
807,5,0.01,3.12,2
808,5,0.01,3.38,2
809,5,0.01,3.3,2
810,5,0.01,2.86,2
811,5,0.01,3.14,2
812,5,0.01,2.96,2
813,5,0.01,3.5,2
814,5,0.01,2.94,2
815,5,0.01,2.8,2
816,5,0.01,2.92,2
817,5,0.01,3.06,2
818,5,0.01,3.14,2
819,5,0.01,3.14,2
820,5,0.01,3.04,2
821,5,0.01,3.24,2
822,5,0.01,3.32,2
823,5,0.01,3.0,2
824,5,0.01,3.2,2
825,5,0.01,3.06,2
826,5,0.01,3.16,2
827,5,0.01,3.26,2
828,5,0.01,3.26,2
829,5,0.01,3.08,2
830,5,0.01,3.24,2
831,5,0.01,3.26,2
832,5,0.01,3.32,2
833,5,0.01,3.16,2
834,5,0.01,2.96,2
835,5,0.01,3.4,2
836,5,0.01,2.86,2
837,5,0.01,2.92,2
838,5,0.01,3.12,2
839,5,0.01,3.12,2
840,5,0.01,3.26,2
841,5,0.01,2.88,2
842,5,0.01,3.44,2
843,5,0.01,3.6,2
844,5,0.01,2.6,2
845,5,0.01,3.18,2
846,5,0.01,3.3,2
847,5,0.01,3.1,2
848,5,0.01,3.22,2
849,5,0.01,2.98,2
850,5,0.01,3.4,2
851,5,0.01,3.24,2
852,5,0.01,3.38,2
853,5,0.01,3.14,2
854,5,0.01,2.88,2
855,5,0.01,3.1,2
856,5,0.01,3.08,2
857,5,0.01,3.4,2
858,5,0.01,3.12,2
859,5,0.01,3.2,2
860,5,0.01,3.6,2
861,5,0.01,3.18,2
862,5,0.01,3.34,2
863,5,0.01,3.44,2
864,5,0.01,3.14,2
865,5,0.01,3.04,2
866,5,0.01,3.08,2
867,5,0.01,3.36,2
868,5,0.01,3.02,2
869,5,0.01,3.12,2
870,5,0.01,3.16,2
871,5,0.01,2.88,2
872,5,0.01,3.14,2
873,5,0.01,2.88,2
874,5,0.01,3.3,2
875,5,0.01,3.02,2
876,5,0.01,3.52,2
877,5,0.01,2.82,2
878,5,0.01,3.4,2
879,5,0.01,3.44,2
880,5,0.01,3.28,2
881,5,0.01,3.4,2
882,5,0.01,3.02,2
883,5,0.01,3.36,2
884,5,0.01,3.1,2
885,5,0.01,3.24,2
886,5,0.01,3.16,2
887,5,0.01,2.86,2
888,5,0.01,3.24,2
889,5,0.01,2.78,2
890,5,0.01,2.9,2
891,5,0.01,2.66,2
892,5,0.01,2.84,2
893,5,0.01,3.56,2
894,5,0.01,2.88,2
895,5,0.01,3.14,2
896,5,0.01,3.0,2
897,5,0.01,3.12,2
898,5,0.01,3.08,2
899,5,0.01,3.04,2
900,5,0.01,3.04,2
901,5,0.01,2.84,2
902,5,0.01,3.26,2
903,5,0.01,3.2,2
904,5,0.01,3.54,2
905,5,0.01,3.46,2
906,5,0.01,3.28,2
907,5,0.01,2.96,2
908,5,0.01,3.32,2
909,5,0.01,3.28,2
910,5,0.01,3.16,2
911,5,0.01,3.22,2
912,5,0.01,2.98,2
913,5,0.01,3.14,2
914,5,0.01,3.54,2
915,5,0.01,2.84,2
916,5,0.01,3.0,2
917,5,0.01,3.62,2
918,5,0.01,3.22,2
919,5,0.01,3.04,2
920,5,0.01,2.98,2
921,5,0.01,3.36,2
922,5,0.01,3.22,2
923,5,0.01,2.86,2
924,5,0.01,2.84,2
925,5,0.01,2.94,2
926,5,0.01,2.72,2
927,5,0.01,2.94,2
928,5,0.01,3.78,2
929,5,0.01,3.18,2
930,5,0.01,3.08,2
931,5,0.01,3.3,2
932,5,0.01,3.06,2
933,5,0.01,2.82,2
934,5,0.01,2.8,2
935,5,0.01,3.02,2
936,5,0.01,3.24,2
937,5,0.01,3.06,2
938,5,0.01,2.98,2
939,5,0.01,3.36,2
940,5,0.01,2.92,2
941,5,0.01,3.06,2
942,5,0.01,3.24,2
943,5,0.01,2.86,2
944,5,0.01,3.74,2
945,5,0.01,3.1,2
946,5,0.01,3.3,2
947,5,0.01,3.2,2
948,5,0.01,3.3,2
949,5,0.01,3.18,2
950,5,0.01,3.04,2
951,5,0.01,3.2,2
952,5,0.01,2.82,2
953,5,0.01,3.0,2
954,5,0.01,3.32,2
955,5,0.01,3.14,2
956,5,0.01,3.48,2
957,5,0.01,3.14,2
958,5,0.01,3.24,2
959,5,0.01,3.14,2
960,5,0.01,3.12,2
961,5,0.01,3.18,2
962,5,0.01,2.58,2
963,5,0.01,2.96,2
964,5,0.01,3.08,2
965,5,0.01,3.52,2
966,5,0.01,3.4,2
967,5,0.01,3.14,2
968,5,0.01,3.52,2
969,5,0.01,2.92,2
970,5,0.01,3.38,2
971,5,0.01,3.22,2
972,5,0.01,2.98,2
973,5,0.01,3.58,2
974,5,0.01,3.2,2
975,5,0.01,2.94,2
976,5,0.01,3.54,2
977,5,0.01,3.5,2
978,5,0.01,3.28,2
979,5,0.01,3.42,2
980,5,0.01,2.76,2
981,5,0.01,2.92,2
982,5,0.01,3.06,2
983,5,0.01,3.04,2
984,5,0.01,3.18,2
985,5,0.01,2.98,2
986,5,0.01,3.06,2
987,5,0.01,2.96,2
988,5,0.01,2.7,2
989,5,0.01,3.18,2
990,5,0.01,3.06,2
991,5,0.01,3.12,2
992,5,0.01,3.36,2
993,5,0.01,2.96,2
994,5,0.01,3.26,2
995,5,0.01,2.96,2
996,5,0.01,3.26,2
997,5,0.01,3.12,2
998,5,0.01,2.76,2
999,5,0.01,3.0,2
1000,5,0.01,3.1,2
1001,5,0.01,3.04,2
1002,5,0.01,2.88,2
1003,5,0.01,3.12,2
1004,5,0.01,2.76,2
1005,5,0.01,2.94,2
1006,5,0.01,3.0,2
1007,5,0.01,3.3,2
1008,5,0.01,2.98,2
1009,5,0.01,3.1,2
1010,5,0.01,2.9,2
1011,5,0.01,3.12,2
1012,5,0.01,3.1,2
1013,5,0.01,2.82,2
1014,5,0.01,3.0,2
1015,5,0.01,2.68,2
1016,5,0.01,2.86,2
1017,5,0.01,2.82,2
1018,5,0.01,3.12,2
1019,5,0.01,3.16,2
1020,5,0.01,3.44,2
1021,5,0.01,3.04,2
1022,5,0.01,3.38,2
1023,5,0.01,3.44,2
1024,5,0.01,3.42,2
1025,5,0.01,3.02,2
1026,5,0.01,3.46,2
1027,5,0.01,3.2,2
1028,5,0.01,2.82,2
1029,5,0.01,3.26,2
1030,5,0.01,3.36,2
1031,5,0.01,3.08,2
1032,5,0.01,3.68,2
1033,5,0.01,3.14,2
1034,5,0.01,3.72,2
1035,5,0.01,3.48,2
1036,5,0.01,3.2,2
1037,5,0.01,3.18,2
1038,5,0.01,3.16,2
1039,5,0.01,2.88,2
1040,5,0.01,3.32,2
1041,5,0.01,3.14,2
1042,5,0.01,3.32,2
1043,5,0.01,3.34,2
1044,5,0.01,3.14,2
1045,5,0.01,3.3,2
1046,5,0.01,3.04,2
1047,5,0.01,3.22,2
1048,5,0.01,2.74,2
1049,5,0.01,2.98,2
1050,5,0.01,3.04,2
1051,5,0.01,3.06,2
1052,5,0.01,3.26,2
1053,5,0.01,3.38,2
1054,5,0.01,3.04,2
1055,5,0.01,3.32,2
1056,5,0.01,3.0,2
1057,5,0.01,2.92,2
1058,5,0.01,2.74,2
1059,5,0.01,3.16,2
1060,5,0.01,3.26,2
1061,5,0.01,3.14,2
1062,5,0.01,3.88,2
1063,5,0.01,3.18,2
1064,5,0.01,3.2,2
1065,5,0.01,3.48,2
1066,5,0.01,3.38,2
1067,5,0.01,3.38,2
1068,5,0.01,3.24,2
1069,5,0.01,3.14,2
1070,5,0.01,3.02,2
1071,5,0.01,3.46,2
1072,5,0.01,2.98,2
1073,5,0.01,3.3,2
1074,5,0.01,3.78,2
1075,5,0.01,2.64,2
1076,5,0.01,2.92,2
1077,5,0.01,3.12,2
1078,5,0.01,3.34,2
1079,5,0.01,3.28,2
1080,5,0.01,3.22,2
1081,5,0.01,3.12,2
1082,5,0.01,2.86,2
1083,5,0.01,2.88,2
1084,5,0.01,3.44,2
1085,5,0.01,2.68,2
1086,5,0.01,3.12,2
1087,5,0.01,3.12,2
1088,5,0.01,3.18,2
1089,5,0.01,3.38,2
1090,5,0.01,3.06,2
1091,5,0.01,3.24,2
1092,5,0.01,3.4,2
1093,5,0.01,3.46,2
1094,5,0.01,2.9,2
1095,5,0.01,3.08,2
1096,5,0.01,3.3,2
1097,5,0.01,3.22,2
1098,5,0.01,3.26,2
1099,5,0.01,3.04,2
1100,5,0.01,3.32,2
1101,5,0.01,3.24,2
1102,5,0.01,3.3,2
1103,5,0.01,3.3,2
1104,5,0.01,3.06,2
1105,5,0.01,3.28,2
1106,5,0.01,3.4,2
1107,5,0.01,2.86,2
1108,5,0.01,3.1,2
1109,5,0.01,3.12,2
1110,5,0.01,2.98,2
1111,5,0.01,3.02,2
1112,5,0.01,3.04,2
1113,5,0.01,3.42,2
1114,5,0.01,3.4,2
1115,5,0.01,3.44,2
1116,5,0.01,3.04,2
1117,5,0.01,3.02,2
1118,5,0.01,3.24,2
1119,5,0.01,2.86,2
1120,5,0.01,3.4,2
1121,5,0.01,3.16,2
1122,5,0.01,2.94,2
1123,5,0.01,3.16,2
1124,5,0.01,3.14,2
1125,5,0.01,3.56,2
1126,5,0.01,2.96,2
1127,5,0.01,3.4,2
1128,5,0.01,2.58,2
1129,5,0.01,3.08,2
1130,5,0.01,3.46,2
1131,5,0.01,3.42,2
1132,5,0.01,2.86,2
1133,5,0.01,3.0,2
1134,5,0.01,3.12,2
1135,5,0.01,3.02,2
1136,5,0.01,3.18,2
1137,5,0.01,3.3,2
1138,5,0.01,2.84,2
1139,5,0.01,3.04,2
1140,5,0.01,3.52,2
1141,5,0.01,2.96,2
1142,5,0.01,3.16,2
1143,5,0.01,3.42,2
1144,5,0.01,3.54,2
1145,5,0.01,2.98,2
1146,5,0.01,3.0,2
1147,5,0.01,3.04,2
1148,5,0.01,3.14,2
1149,5,0.01,3.28,2
1150,5,0.01,3.12,2
1151,5,0.01,3.42,2
1152,5,0.01,3.46,2
1153,5,0.01,3.22,2
1154,5,0.01,3.1,2
1155,5,0.01,2.86,2
1156,5,0.01,3.36,2
1157,5,0.01,3.22,2
1158,5,0.01,3.26,2
1159,5,0.01,2.92,2
1160,5,0.01,3.24,2
1161,5,0.01,2.76,2
1162,5,0.01,3.06,2
1163,5,0.01,3.22,2
1164,5,0.01,2.82,2
1165,5,0.01,2.96,2
1166,5,0.01,3.42,2
1167,5,0.01,3.16,2
1168,5,0.01,2.84,2
1169,5,0.01,3.26,2
1170,5,0.01,3.4,2
1171,5,0.01,3.28,2
1172,5,0.01,3.16,2
1173,5,0.01,2.64,2
1174,5,0.01,3.0,2
1175,5,0.01,2.98,2
1176,5,0.01,3.28,2
1177,5,0.01,3.16,2
1178,5,0.01,3.2,2
1179,5,0.01,3.32,2
1180,5,0.01,3.34,2
1181,5,0.01,2.84,2
1182,5,0.01,3.36,2
1183,5,0.01,3.0,2
1184,5,0.01,2.82,2
1185,5,0.01,3.24,2
1186,5,0.01,3.04,2
1187,5,0.01,3.04,2
1188,5,0.01,2.96,2
1189,5,0.01,2.96,2
1190,5,0.01,2.86,2
1191,5,0.01,3.5,2
1192,5,0.01,3.24,2
1193,5,0.01,2.7,2
1194,5,0.01,3.24,2
1195,5,0.01,3.28,2
1196,5,0.01,3.32,2
1197,5,0.01,3.46,2
1198,5,0.01,3.24,2
1199,5,0.01,3.14,2
1200,5,0.01,3.14,2
1201,5,0.01,3.42,2
1202,5,0.01,2.98,2
1203,5,0.01,2.9,2
1204,5,0.01,2.98,2
1205,5,0.01,3.14,2
1206,5,0.01,2.8,2
1207,5,0.01,2.96,2
1208,5,0.01,3.2,2
1209,5,0.01,2.88,2
1210,5,0.01,3.06,2
1211,5,0.01,2.82,2
1212,5,0.01,3.24,2
1213,5,0.01,3.2,2
1214,5,0.01,3.02,2
1215,5,0.01,3.06,2
1216,5,0.01,3.24,2
1217,5,0.01,2.82,2
1218,5,0.01,2.92,2
1219,5,0.01,3.18,2
1220,5,0.01,3.42,2
1221,5,0.01,3.08,2
1222,5,0.01,3.22,2
1223,5,0.01,2.86,2
1224,5,0.01,3.1,2
1225,5,0.01,3.32,2
1226,5,0.01,2.5,2
1227,5,0.01,2.98,2
1228,5,0.01,3.2,2
1229,5,0.01,2.88,2
1230,5,0.01,3.38,2
1231,5,0.01,3.08,2
1232,5,0.01,3.02,2
1233,5,0.01,3.36,2
1234,5,0.01,3.02,2
1235,5,0.01,2.76,2
1236,5,0.01,3.5,2
1237,5,0.01,3.08,2
1238,5,0.01,3.04,2
1239,5,0.01,3.24,2
1240,5,0.01,2.96,2
1241,5,0.01,2.8,2
1242,5,0.01,3.4,2
1243,5,0.01,2.94,2
1244,5,0.01,3.24,2
1245,5,0.01,3.22,2
1246,5,0.01,3.06,2
1247,5,0.01,2.98,2
1248,5,0.01,3.34,2
1249,5,0.01,2.94,2
1250,5,0.01,2.94,2
1251,5,0.01,3.22,2
1252,5,0.01,3.12,2
1253,5,0.01,3.38,2
1254,5,0.01,2.98,2
1255,5,0.01,3.14,2
1256,5,0.01,3.2,2
1257,5,0.01,3.42,2
1258,5,0.01,3.1,2
1259,5,0.01,3.42,2
1260,5,0.01,3.04,2
1261,5,0.01,2.88,2
1262,5,0.01,3.06,2
1263,5,0.01,3.24,2
1264,5,0.01,3.36,2
1265,5,0.01,3.12,2
1266,5,0.01,2.78,2
1267,5,0.01,3.24,2
1268,5,0.01,3.2,2
1269,5,0.01,2.58,2
1270,5,0.01,3.12,2
1271,5,0.01,3.48,2
1272,5,0.01,3.38,2
1273,5,0.01,3.0,2
1274,5,0.01,3.22,2
1275,5,0.01,3.08,2
1276,5,0.01,3.24,2
1277,5,0.01,3.26,2
1278,5,0.01,3.76,2
1279,5,0.01,3.34,2
1280,5,0.01,3.12,2
1281,5,0.01,3.28,2
1282,5,0.01,3.26,2
1283,5,0.01,3.28,2
1284,5,0.01,3.48,2
1285,5,0.01,3.34,2
1286,5,0.01,3.04,2
1287,5,0.01,2.84,2
1288,5,0.01,3.12,2
1289,5,0.01,3.12,2
1290,5,0.01,3.14,2
1291,5,0.01,3.3,2
1292,5,0.01,3.52,2
1293,5,0.01,3.38,2
1294,5,0.01,3.36,2
1295,5,0.01,3.48,2
1296,5,0.01,3.68,2
1297,5,0.01,3.14,2
1298,5,0.01,3.18,2
1299,5,0.01,3.28,2
1300,5,0.01,3.18,2
1301,5,0.01,3.42,2
1302,5,0.01,3.26,2
1303,5,0.01,3.26,2
1304,5,0.01,3.5,2
1305,5,0.01,3.08,2
1306,5,0.01,2.8,2
1307,5,0.01,3.42,2
1308,5,0.01,3.28,2
1309,5,0.01,3.06,2
1310,5,0.01,2.98,2
1311,5,0.01,3.26,2
1312,5,0.01,3.24,2
1313,5,0.01,3.22,2
1314,5,0.01,3.5,2
1315,5,0.01,2.92,2
1316,5,0.01,3.1,2
1317,5,0.01,3.26,2
1318,5,0.01,2.94,2
1319,5,0.01,3.46,2
1320,5,0.01,3.06,2
1321,5,0.01,2.86,2
1322,5,0.01,3.16,2
1323,5,0.01,2.78,2
1324,5,0.01,2.82,2
1325,5,0.01,3.38,2
1326,5,0.01,3.22,2
1327,5,0.01,3.12,2
1328,5,0.01,2.92,2
1329,5,0.01,3.12,2
1330,5,0.01,3.04,2
1331,5,0.01,2.98,2
1332,5,0.01,3.26,2
1333,5,0.01,3.14,2
1334,5,0.01,3.08,2
1335,5,0.01,2.98,2
1336,5,0.01,3.06,2
1337,5,0.01,2.7,2
1338,5,0.01,3.32,2
1339,5,0.01,3.02,2
1340,5,0.01,2.68,2
1341,5,0.01,3.0,2
1342,5,0.01,3.22,2
1343,5,0.01,2.6,2
1344,5,0.01,3.02,2
1345,5,0.01,3.06,2
1346,5,0.01,3.22,2
1347,5,0.01,2.84,2
1348,5,0.01,3.18,2
1349,5,0.01,3.4,2
1350,5,0.01,2.84,2
1351,5,0.01,2.86,2
1352,5,0.01,3.28,2
1353,5,0.01,2.84,2
1354,5,0.01,3.2,2
1355,5,0.01,3.02,2
1356,5,0.01,3.56,2
1357,5,0.01,3.42,2
1358,5,0.01,2.76,2
1359,5,0.01,3.28,2
1360,5,0.01,2.6,2
1361,5,0.01,3.4,2
1362,5,0.01,3.04,2
1363,5,0.01,3.12,2
1364,5,0.01,3.06,2
1365,5,0.01,2.96,2
1366,5,0.01,2.88,2
1367,5,0.01,3.26,2
1368,5,0.01,3.52,2
1369,5,0.01,3.3,2
1370,5,0.01,3.2,2
1371,5,0.01,3.04,2
1372,5,0.01,3.02,2
1373,5,0.01,3.1,2
1374,5,0.01,3.24,2
1375,5,0.01,3.14,2
1376,5,0.01,3.12,2
1377,5,0.01,3.1,2
1378,5,0.01,3.34,2
1379,5,0.01,3.0,2
1380,5,0.01,3.1,2
1381,5,0.01,3.0,2
1382,5,0.01,3.4,2
1383,5,0.01,3.54,2
1384,5,0.01,2.84,2
1385,5,0.01,3.48,2
1386,5,0.01,3.14,2
1387,5,0.01,3.02,2
1388,5,0.01,3.2,2
1389,5,0.01,2.82,2
1390,5,0.01,3.52,2
1391,5,0.01,3.1,2
1392,5,0.01,3.76,2
1393,5,0.01,2.98,2
1394,5,0.01,2.92,2
1395,5,0.01,3.14,2
1396,5,0.01,3.14,2
1397,5,0.01,3.02,2
1398,5,0.01,2.9,2
1399,5,0.01,3.02,2
1400,5,0.01,3.76,2
1401,5,0.01,3.18,2
1402,5,0.01,2.98,2
1403,5,0.01,3.0,2
1404,5,0.01,2.5,2
1405,5,0.01,3.14,2
1406,5,0.01,2.82,2
1407,5,0.01,3.5,2
1408,5,0.01,3.22,2
1409,5,0.01,3.18,2
1410,5,0.01,3.04,2
1411,5,0.01,3.4,2
1412,5,0.01,3.12,2
1413,5,0.01,3.02,2
1414,5,0.01,2.6,2
1415,5,0.01,2.96,2
1416,5,0.01,3.22,2
1417,5,0.01,3.52,2
1418,5,0.01,3.2,2
1419,5,0.01,2.7,2
1420,5,0.01,3.04,2
1421,5,0.01,3.04,2
1422,5,0.01,2.82,2
1423,5,0.01,3.14,2
1424,5,0.01,3.52,2
1425,5,0.01,3.12,2
1426,5,0.01,3.26,2
1427,5,0.01,3.76,2
1428,5,0.01,3.18,2
1429,5,0.01,3.34,2
1430,5,0.01,3.2,2
1431,5,0.01,3.1,2
1432,5,0.01,3.88,2
1433,5,0.01,3.16,2
1434,5,0.01,2.96,2
1435,5,0.01,3.48,2
1436,5,0.01,2.8,2
1437,5,0.01,3.08,2
1438,5,0.01,3.36,2
1439,5,0.01,3.08,2
1440,5,0.01,3.12,2
1441,5,0.01,2.96,2
1442,5,0.01,3.22,2
1443,5,0.01,3.34,2
1444,5,0.01,3.5,2
1445,5,0.01,3.3,2
1446,5,0.01,3.1,2
1447,5,0.01,3.44,2
1448,5,0.01,3.22,2
1449,5,0.01,3.5,2
1450,5,0.01,3.18,2
1451,5,0.01,3.0,2
1452,5,0.01,3.46,2
1453,5,0.01,3.06,2
1454,5,0.01,3.16,2
1455,5,0.01,3.38,2
1456,5,0.01,3.12,2
1457,5,0.01,2.58,2
1458,5,0.01,3.18,2
1459,5,0.01,2.92,2
1460,5,0.01,2.72,2
1461,5,0.01,3.04,2
1462,5,0.01,3.14,2
1463,5,0.01,2.82,2
1464,5,0.01,3.1,2
1465,5,0.01,3.18,2
1466,5,0.01,2.96,2
1467,5,0.01,3.08,2
1468,5,0.01,3.02,2
1469,5,0.01,3.28,2
1470,5,0.01,3.54,2
1471,5,0.01,2.92,2
1472,5,0.01,2.7,2
1473,5,0.01,3.4,2
1474,5,0.01,3.38,2
1475,5,0.01,2.66,2
1476,5,0.01,3.0,2
1477,5,0.01,3.08,2
1478,5,0.01,3.52,2
1479,5,0.01,3.16,2
1480,5,0.01,3.6,2
1481,5,0.01,3.2,2
1482,5,0.01,2.98,2
1483,5,0.01,2.86,2
1484,5,0.01,2.86,2
1485,5,0.01,3.02,2
1486,5,0.01,2.74,2
1487,5,0.01,2.84,2
1488,5,0.01,3.08,2
1489,5,0.01,3.2,2
1490,5,0.01,3.08,2
1491,5,0.01,3.08,2
1492,5,0.01,3.1,2
1493,5,0.01,3.26,2
1494,5,0.01,3.02,2
1495,5,0.01,3.18,2
1496,5,0.01,2.84,2
1497,5,0.01,3.22,2
1498,5,0.01,3.26,2
1499,5,0.01,3.06,2
1500,5,0.01,3.26,2
1501,5,0.01,3.32,2
1502,5,0.01,3.4,2
1503,5,0.01,3.02,2
1504,5,0.01,3.12,2
1505,5,0.01,3.34,2
1506,5,0.01,3.4,2
1507,5,0.01,3.06,2
1508,5,0.01,3.24,2
1509,5,0.01,3.46,2
1510,5,0.01,3.48,2
1511,5,0.01,2.86,2
1512,5,0.01,2.84,2
1513,5,0.01,3.28,2
1514,5,0.01,3.12,2
1515,5,0.01,3.34,2
1516,5,0.01,3.26,2
1517,5,0.01,3.0,2
1518,5,0.01,2.82,2
1519,5,0.01,2.84,2
1520,5,0.01,3.42,2
1521,5,0.01,2.92,2
1522,5,0.01,3.02,2
1523,5,0.01,2.98,2
1524,5,0.01,3.62,2
1525,5,0.01,3.18,2
1526,5,0.01,3.1,2
1527,5,0.01,3.52,2
1528,5,0.01,3.06,2
1529,5,0.01,3.68,2
1530,5,0.01,3.14,2
1531,5,0.01,2.92,2
1532,5,0.01,3.12,2
1533,5,0.01,2.9,2
1534,5,0.01,3.02,2
1535,5,0.01,3.08,2
1536,5,0.01,2.64,2
1537,5,0.01,3.0,2
1538,5,0.01,3.32,2
1539,5,0.01,2.72,2
1540,5,0.01,3.24,2
1541,5,0.01,3.14,2
1542,5,0.01,3.02,2
1543,5,0.01,2.96,2
1544,5,0.01,3.24,2
1545,5,0.01,2.98,2
1546,5,0.01,3.22,2
1547,5,0.01,3.1,2
1548,5,0.01,2.98,2
1549,5,0.01,3.22,2
1550,5,0.01,3.42,2
1551,5,0.01,3.96,2
1552,5,0.01,3.06,2
1553,5,0.01,3.0,2
1554,5,0.01,3.12,2
1555,5,0.01,3.18,2
1556,5,0.01,2.94,2
1557,5,0.01,3.02,2
1558,5,0.01,3.16,2
1559,5,0.01,3.32,2
1560,5,0.01,2.62,2
1561,5,0.01,3.38,2
1562,5,0.01,3.16,2
1563,5,0.01,2.78,2
1564,5,0.01,3.1,2
1565,5,0.01,3.1,2
1566,5,0.01,3.04,2
1567,5,0.01,2.88,2
1568,5,0.01,2.94,2
1569,5,0.01,3.1,2
1570,5,0.01,3.1,2
1571,5,0.01,3.06,2
1572,5,0.01,2.88,2
1573,5,0.01,3.4,2
1574,5,0.01,2.64,2
1575,5,0.01,3.32,2
1576,5,0.01,3.38,2
1577,5,0.01,2.98,2
1578,5,0.01,3.34,2
1579,5,0.01,3.26,2
1580,5,0.01,3.2,2
1581,5,0.01,3.54,2
1582,5,0.01,3.44,2
1583,5,0.01,3.06,2
1584,5,0.01,2.9,2
1585,5,0.01,3.42,2
1586,5,0.01,3.3,2
1587,5,0.01,3.04,2
1588,5,0.01,3.34,2
1589,5,0.01,2.98,2
1590,5,0.01,3.0,2
1591,5,0.01,3.06,2
1592,5,0.01,3.1,2
1593,5,0.01,3.14,2
1594,5,0.01,2.92,2
1595,5,0.01,2.76,2
1596,5,0.01,3.34,2
1597,5,0.01,3.22,2
1598,5,0.01,3.14,2
1599,5,0.01,3.1,2
1600,5,0.01,2.98,2
1601,5,0.01,3.42,2
1602,5,0.01,3.38,2
1603,5,0.01,3.12,2
1604,5,0.01,2.96,2
1605,5,0.01,2.94,2
1606,5,0.01,2.92,2
1607,5,0.01,2.9,2
1608,5,0.01,3.38,2
1609,5,0.01,3.02,2
1610,5,0.01,2.92,2
1611,5,0.01,2.94,2
1612,5,0.01,3.22,2
1613,5,0.01,3.16,2
1614,5,0.01,3.02,2
1615,5,0.01,3.2,2
1616,5,0.01,3.16,2
1617,5,0.01,2.98,2
1618,5,0.01,2.96,2
1619,5,0.01,3.34,2
1620,5,0.01,3.16,2
1621,5,0.01,2.88,2
1622,5,0.01,3.1,2
1623,5,0.01,3.04,2
1624,5,0.01,3.16,2
1625,5,0.01,3.26,2
1626,5,0.01,2.76,2
1627,5,0.01,2.98,2
1628,5,0.01,3.4,2
1629,5,0.01,3.1,2
1630,5,0.01,2.84,2
1631,5,0.01,3.28,2
1632,5,0.01,3.08,2
1633,5,0.01,2.88,2
1634,5,0.01,3.32,2
1635,5,0.01,2.84,2
1636,5,0.01,3.26,2
1637,5,0.01,3.44,2
1638,5,0.01,2.58,2
1639,5,0.01,3.6,2
1640,5,0.01,2.98,2
1641,5,0.01,3.4,2
1642,5,0.01,3.24,2
1643,5,0.01,3.34,2
1644,5,0.01,3.14,2
1645,5,0.01,3.38,2
1646,5,0.01,2.98,2
1647,5,0.01,2.78,2
1648,5,0.01,3.42,2
1649,5,0.01,3.16,2
1650,5,0.01,3.26,2
1651,5,0.01,3.18,2
1652,5,0.01,3.34,2
1653,5,0.01,2.98,2
1654,5,0.01,2.86,2
1655,5,0.01,3.24,2
1656,5,0.01,2.94,2
1657,5,0.01,3.16,2
1658,5,0.01,2.9,2
1659,5,0.01,3.0,2
1660,5,0.01,2.62,2
1661,5,0.01,3.12,2
1662,5,0.01,2.88,2
1663,5,0.01,3.2,2
1664,5,0.01,3.42,2
1665,5,0.01,3.32,2
1666,5,0.01,2.84,2
1667,5,0.01,2.86,2
1668,5,0.01,3.02,2
1669,5,0.01,3.2,2
1670,5,0.01,3.06,2
1671,5,0.01,3.08,2
1672,5,0.01,3.08,2
1673,5,0.01,3.38,2
1674,5,0.01,3.14,2
1675,5,0.01,3.1,2
1676,5,0.01,3.0,2
1677,5,0.01,2.88,2
1678,5,0.01,3.08,2
1679,5,0.01,3.08,2
1680,5,0.01,2.84,2
1681,5,0.01,2.7,2
1682,5,0.01,2.98,2
1683,5,0.01,3.02,2
1684,5,0.01,3.78,2
1685,5,0.01,3.0,2
1686,5,0.01,2.98,2
1687,5,0.01,2.62,2
1688,5,0.01,3.06,2
1689,5,0.01,3.12,2
1690,5,0.01,3.34,2
1691,5,0.01,3.38,2
1692,5,0.01,3.38,2
1693,5,0.01,2.96,2
1694,5,0.01,2.78,2
1695,5,0.01,3.42,2
1696,5,0.01,3.48,2
1697,5,0.01,3.2,2
1698,5,0.01,2.68,2
1699,5,0.01,3.46,2
1700,5,0.01,3.06,2
1701,5,0.01,2.82,2
1702,5,0.01,2.7,2
1703,5,0.01,3.1,2
1704,5,0.01,3.02,2
1705,5,0.01,3.0,2
1706,5,0.01,2.94,2
1707,5,0.01,3.32,2
1708,5,0.01,3.2,2
1709,5,0.01,3.66,2
1710,5,0.01,3.5,2
1711,5,0.01,3.62,2
1712,5,0.01,3.62,2
1713,5,0.01,3.06,2
1714,5,0.01,3.08,2
1715,5,0.01,3.42,2
1716,5,0.01,3.24,2
1717,5,0.01,3.24,2
1718,5,0.01,3.28,2
1719,5,0.01,3.1,2
1720,5,0.01,3.48,2
1721,5,0.01,3.04,2
1722,5,0.01,3.18,2
1723,5,0.01,3.22,2
1724,5,0.01,3.08,2
1725,5,0.01,3.28,2
1726,5,0.01,3.14,2
1727,5,0.01,3.08,2
1728,5,0.01,3.22,2
1729,5,0.01,3.2,2
1730,5,0.01,3.64,2
1731,5,0.01,3.68,2
1732,5,0.01,2.96,2
1733,5,0.01,2.68,2
1734,5,0.01,2.88,2
1735,5,0.01,3.26,2
1736,5,0.01,3.18,2
1737,5,0.01,3.16,2
1738,5,0.01,3.06,2
1739,5,0.01,2.86,2
1740,5,0.01,3.22,2
1741,5,0.01,2.9,2
1742,5,0.01,3.06,2
1743,5,0.01,3.12,2
1744,5,0.01,3.1,2
1745,5,0.01,2.9,2
1746,5,0.01,3.18,2
1747,5,0.01,3.16,2
1748,5,0.01,2.96,2
1749,5,0.01,2.76,2
1750,5,0.01,3.14,2
1751,5,0.01,3.12,2
1752,5,0.01,3.24,2
1753,5,0.01,3.26,2
1754,5,0.01,3.08,2
1755,5,0.01,3.3,2
1756,5,0.01,3.18,2
1757,5,0.01,3.14,2
1758,5,0.01,2.94,2
1759,5,0.01,2.92,2
1760,5,0.01,3.18,2
1761,5,0.01,2.64,2
1762,5,0.01,3.26,2
1763,5,0.01,2.98,2
1764,5,0.01,3.4,2
1765,5,0.01,3.0,2
1766,5,0.01,3.42,2
1767,5,0.01,3.58,2
1768,5,0.01,3.14,2
1769,5,0.01,3.06,2
1770,5,0.01,2.92,2
1771,5,0.01,3.62,2
1772,5,0.01,3.08,2
1773,5,0.01,2.8,2
1774,5,0.01,3.36,2
1775,5,0.01,3.16,2
1776,5,0.01,3.08,2
1777,5,0.01,3.5,2
1778,5,0.01,3.06,2
1779,5,0.01,3.04,2
1780,5,0.01,3.5,2
1781,5,0.01,3.28,2
1782,5,0.01,2.96,2
1783,5,0.01,2.84,2
1784,5,0.01,2.9,2
1785,5,0.01,3.44,2
1786,5,0.01,3.24,2
1787,5,0.01,3.32,2
1788,5,0.01,2.66,2
1789,5,0.01,3.2,2
1790,5,0.01,3.12,2
1791,5,0.01,3.08,2
1792,5,0.01,3.22,2
1793,5,0.01,2.9,2
1794,5,0.01,2.9,2
1795,5,0.01,3.22,2
1796,5,0.01,3.5,2
1797,5,0.01,3.18,2
1798,5,0.01,3.02,2
1799,5,0.01,2.78,2
1800,5,0.01,3.24,2
1801,5,0.01,3.0,2
1802,5,0.01,3.18,2
1803,5,0.01,3.06,2
1804,5,0.01,2.98,2
1805,5,0.01,3.18,2
1806,5,0.01,3.36,2
1807,5,0.01,3.12,2
1808,5,0.01,3.16,2
1809,5,0.01,2.98,2
1810,5,0.01,3.56,2
1811,5,0.01,3.34,2
1812,5,0.01,3.3,2
1813,5,0.01,3.12,2
1814,5,0.01,2.9,2
1815,5,0.01,3.42,2
1816,5,0.01,3.12,2
1817,5,0.01,3.48,2
1818,5,0.01,2.82,2
1819,5,0.01,3.28,2
1820,5,0.01,3.32,2
1821,5,0.01,2.9,2
1822,5,0.01,2.94,2
1823,5,0.01,2.74,2
1824,5,0.01,2.92,2
1825,5,0.01,3.06,2
1826,5,0.01,3.22,2
1827,5,0.01,3.1,2
1828,5,0.01,3.0,2
1829,5,0.01,2.9,2
1830,5,0.01,2.84,2
1831,5,0.01,3.44,2
1832,5,0.01,2.96,2
1833,5,0.01,3.26,2
1834,5,0.01,2.58,2
1835,5,0.01,3.18,2
1836,5,0.01,3.14,2
1837,5,0.01,3.4,2
1838,5,0.01,2.98,2
1839,5,0.01,3.0,2
1840,5,0.01,3.3,2
1841,5,0.01,3.22,2
1842,5,0.01,3.18,2
1843,5,0.01,3.18,2
1844,5,0.01,2.9,2
1845,5,0.01,2.98,2
1846,5,0.01,2.8,2
1847,5,0.01,2.98,2
1848,5,0.01,2.96,2
1849,5,0.01,3.28,2
1850,5,0.01,3.26,2
1851,5,0.01,3.14,2
1852,5,0.01,3.1,2
1853,5,0.01,3.08,2
1854,5,0.01,2.58,2
1855,5,0.01,2.92,2
1856,5,0.01,3.26,2
1857,5,0.01,2.94,2
1858,5,0.01,2.78,2
1859,5,0.01,3.32,2
1860,5,0.01,3.02,2
1861,5,0.01,3.08,2
1862,5,0.01,2.88,2
1863,5,0.01,3.46,2
1864,5,0.01,3.2,2
1865,5,0.01,3.12,2
1866,5,0.01,2.82,2
1867,5,0.01,3.2,2
1868,5,0.01,3.22,2
1869,5,0.01,3.44,2
1870,5,0.01,3.24,2
1871,5,0.01,2.9,2
1872,5,0.01,3.1,2
1873,5,0.01,3.14,2
1874,5,0.01,3.22,2
1875,5,0.01,2.94,2
1876,5,0.01,3.02,2
1877,5,0.01,3.56,2
1878,5,0.01,3.28,2
1879,5,0.01,2.98,2
1880,5,0.01,3.46,2
1881,5,0.01,3.26,2
1882,5,0.01,2.84,2
1883,5,0.01,3.22,2
1884,5,0.01,3.24,2
1885,5,0.01,3.36,2
1886,5,0.01,2.96,2
1887,5,0.01,2.9,2
1888,5,0.01,3.42,2
1889,5,0.01,3.68,2
1890,5,0.01,2.96,2
1891,5,0.01,3.06,2
1892,5,0.01,3.18,2
1893,5,0.01,3.3,2
1894,5,0.01,3.1,2
1895,5,0.01,3.16,2
1896,5,0.01,3.42,2
1897,5,0.01,3.18,2
1898,5,0.01,3.4,2
1899,5,0.01,3.04,2
1900,5,0.01,2.78,2
1901,5,0.01,2.9,2
1902,5,0.01,2.72,2
1903,5,0.01,2.9,2
1904,5,0.01,3.12,2
1905,5,0.01,3.24,2
1906,5,0.01,3.12,2
1907,5,0.01,3.86,2
1908,5,0.01,3.0,2
1909,5,0.01,3.28,2
1910,5,0.01,2.74,2
1911,5,0.01,3.18,2
1912,5,0.01,2.96,2
1913,5,0.01,3.28,2
1914,5,0.01,3.32,2
1915,5,0.01,3.0,2
1916,5,0.01,3.28,2
1917,5,0.01,3.14,2
1918,5,0.01,2.88,2
1919,5,0.01,3.44,2
1920,5,0.01,2.9,2
1921,5,0.01,3.22,2
1922,5,0.01,3.2,2
1923,5,0.01,2.98,2
1924,5,0.01,3.26,2
1925,5,0.01,3.3,2
1926,5,0.01,3.24,2
1927,5,0.01,3.24,2
1928,5,0.01,3.46,2
1929,5,0.01,3.42,2
1930,5,0.01,3.04,2
1931,5,0.01,2.92,2
1932,5,0.01,3.38,2
1933,5,0.01,3.22,2
1934,5,0.01,2.82,2
1935,5,0.01,2.86,2
1936,5,0.01,2.96,2
1937,5,0.01,2.96,2
1938,5,0.01,2.96,2
1939,5,0.01,3.24,2
1940,5,0.01,3.48,2
1941,5,0.01,3.34,2
1942,5,0.01,3.14,2
1943,5,0.01,3.36,2
1944,5,0.01,2.98,2
1945,5,0.01,3.28,2
1946,5,0.01,3.08,2
1947,5,0.01,2.94,2
1948,5,0.01,3.14,2
1949,5,0.01,2.96,2
1950,5,0.01,3.26,2
1951,5,0.01,3.36,2
1952,5,0.01,3.22,2
1953,5,0.01,2.9,2
1954,5,0.01,3.06,2
1955,5,0.01,2.8,2
1956,5,0.01,3.32,2
1957,5,0.01,2.74,2
1958,5,0.01,3.22,2
1959,5,0.01,3.2,2
1960,5,0.01,3.26,2
1961,5,0.01,3.38,2
1962,5,0.01,3.22,2
1963,5,0.01,3.24,2
1964,5,0.01,3.28,2
1965,5,0.01,3.3,2
1966,5,0.01,3.0,2
1967,5,0.01,2.98,2
1968,5,0.01,3.42,2
1969,5,0.01,3.02,2
1970,5,0.01,3.32,2
1971,5,0.01,3.0,2
1972,5,0.01,3.16,2
1973,5,0.01,3.58,2
1974,5,0.01,3.42,2
1975,5,0.01,3.08,2
1976,5,0.01,3.1,2
1977,5,0.01,3.22,2
1978,5,0.01,2.88,2
1979,5,0.01,3.32,2
1980,5,0.01,3.36,2
1981,5,0.01,3.16,2
1982,5,0.01,3.06,2
1983,5,0.01,2.86,2
1984,5,0.01,3.06,2
1985,5,0.01,2.84,2
1986,5,0.01,3.1,2
1987,5,0.01,3.08,2
1988,5,0.01,2.88,2
1989,5,0.01,3.04,2
1990,5,0.01,3.68,2
1991,5,0.01,3.0,2
1992,5,0.01,3.14,2
1993,5,0.01,3.5,2
1994,5,0.01,2.68,2
1995,5,0.01,3.16,2
1996,5,0.01,3.36,2
1997,5,0.01,3.04,2
1998,5,0.01,3.28,2
1999,5,0.01,3.0,2
2000,5,0.01,3.28,2
0,1,0.05,57.84,28
1,1,0.05,40.82,28
2,1,0.05,31.2,26
3,1,0.05,29.66,22
4,1,0.05,27.16,22
5,1,0.05,25.64,21
6,1,0.05,25.56,20
7,1,0.05,24.64,19
8,1,0.05,24.1,19
9,1,0.05,23.0,19
10,1,0.05,22.66,18
11,1,0.05,21.88,18
12,1,0.05,21.38,16
13,1,0.05,21.06,16
14,1,0.05,20.8,16
15,1,0.05,20.86,16
16,1,0.05,20.44,16
17,1,0.05,19.84,16
18,1,0.05,19.1,16
19,1,0.05,19.98,16
20,1,0.05,19.96,15
21,1,0.05,20.02,15
22,1,0.05,20.14,15
23,1,0.05,18.6,14
24,1,0.05,18.82,14
25,1,0.05,17.46,14
26,1,0.05,18.26,13
27,1,0.05,18.06,11
28,1,0.05,15.86,11
29,1,0.05,15.88,11
30,1,0.05,15.66,11
31,1,0.05,15.24,11
32,1,0.05,15.0,10
33,1,0.05,15.98,10
34,1,0.05,14.8,10
35,1,0.05,15.3,10
36,1,0.05,14.88,10
37,1,0.05,14.96,10
38,1,0.05,14.9,10
39,1,0.05,14.66,10
40,1,0.05,14.64,10
41,1,0.05,14.98,10
42,1,0.05,14.62,10
43,1,0.05,14.38,10
44,1,0.05,15.3,10
45,1,0.05,14.52,10
46,1,0.05,14.62,9
47,1,0.05,13.86,9
48,1,0.05,13.92,9
49,1,0.05,13.86,9
50,1,0.05,14.74,9
51,1,0.05,15.4,9
52,1,0.05,14.72,9
53,1,0.05,14.54,9
54,1,0.05,15.0,9
55,1,0.05,14.62,9
56,1,0.05,13.16,9
57,1,0.05,13.94,9
58,1,0.05,14.24,9
59,1,0.05,14.1,9
60,1,0.05,14.38,9
61,1,0.05,13.62,9
62,1,0.05,13.28,9
63,1,0.05,13.58,9
64,1,0.05,13.4,9
65,1,0.05,14.3,9
66,1,0.05,14.38,8
67,1,0.05,13.7,8
68,1,0.05,14.16,8
69,1,0.05,13.4,8
70,1,0.05,13.7,8
71,1,0.05,13.52,8
72,1,0.05,13.66,8
73,1,0.05,13.5,8
74,1,0.05,13.24,8
75,1,0.05,12.52,8
76,1,0.05,12.52,8
77,1,0.05,13.12,8
78,1,0.05,13.7,8
79,1,0.05,12.62,8
80,1,0.05,12.62,8
81,1,0.05,12.18,8
82,1,0.05,12.94,8
83,1,0.05,12.66,8
84,1,0.05,13.0,8
85,1,0.05,13.96,8
86,1,0.05,12.52,8
87,1,0.05,13.42,8
88,1,0.05,13.46,8
89,1,0.05,12.4,8
90,1,0.05,12.66,8
91,1,0.05,12.5,8
92,1,0.05,13.36,8
93,1,0.05,12.56,8
94,1,0.05,12.58,8
95,1,0.05,13.14,8
96,1,0.05,12.94,8
97,1,0.05,14.16,8
98,1,0.05,13.14,8
99,1,0.05,12.98,8
100,1,0.05,12.92,8
101,1,0.05,12.8,8
102,1,0.05,12.54,7
103,1,0.05,12.58,7
104,1,0.05,12.04,7
105,1,0.05,11.72,7
106,1,0.05,11.92,7
107,1,0.05,11.9,6
108,1,0.05,12.34,6
109,1,0.05,11.06,6
110,1,0.05,11.24,6
111,1,0.05,10.22,6
112,1,0.05,11.1,6
113,1,0.05,10.64,6
114,1,0.05,10.58,6
115,1,0.05,10.96,6
116,1,0.05,11.6,6
117,1,0.05,10.66,6
118,1,0.05,11.22,6
119,1,0.05,10.88,6
120,1,0.05,11.18,6
121,1,0.05,10.78,6
122,1,0.05,11.44,6
123,1,0.05,11.3,6
124,1,0.05,11.52,6
125,1,0.05,11.22,6
126,1,0.05,10.72,6
127,1,0.05,11.54,6
128,1,0.05,11.14,6
129,1,0.05,11.38,6
130,1,0.05,10.7,6
131,1,0.05,11.52,6
132,1,0.05,11.32,6
133,1,0.05,11.42,6
134,1,0.05,12.36,6
135,1,0.05,12.26,6
136,1,0.05,11.02,6
137,1,0.05,11.38,6
138,1,0.05,12.4,6
139,1,0.05,12.4,6
140,1,0.05,11.7,6
141,1,0.05,11.98,6
142,1,0.05,11.18,6
143,1,0.05,11.14,6
144,1,0.05,10.66,6
145,1,0.05,11.48,6
146,1,0.05,11.88,6
147,1,0.05,11.84,6
148,1,0.05,10.6,6
149,1,0.05,10.72,6
150,1,0.05,12.18,6
151,1,0.05,11.76,6
152,1,0.05,11.1,6
153,1,0.05,11.0,6
154,1,0.05,11.18,6
155,1,0.05,11.42,5
156,1,0.05,10.86,5
157,1,0.05,9.64,5
158,1,0.05,10.74,5
159,1,0.05,10.84,5
160,1,0.05,10.26,5
161,1,0.05,10.1,5
162,1,0.05,11.04,5
163,1,0.05,11.64,5
164,1,0.05,10.72,5
165,1,0.05,9.54,5
166,1,0.05,10.64,5
167,1,0.05,10.84,5
168,1,0.05,11.24,5
169,1,0.05,11.5,5
170,1,0.05,10.34,5
171,1,0.05,11.38,5
172,1,0.05,10.76,5
173,1,0.05,9.9,5
174,1,0.05,10.44,5
175,1,0.05,10.86,5
176,1,0.05,9.88,5
177,1,0.05,10.2,5
178,1,0.05,10.94,5
179,1,0.05,9.76,5
180,1,0.05,11.3,5
181,1,0.05,10.24,5
182,1,0.05,10.38,5
183,1,0.05,9.7,5
184,1,0.05,10.84,5
185,1,0.05,8.98,5
186,1,0.05,10.34,5
187,1,0.05,10.28,5
188,1,0.05,10.32,5
189,1,0.05,10.2,5
190,1,0.05,11.08,5
191,1,0.05,10.52,5
192,1,0.05,10.58,5
193,1,0.05,9.5,5
194,1,0.05,11.3,5
195,1,0.05,10.28,5
196,1,0.05,9.82,5
197,1,0.05,9.96,5
198,1,0.05,10.36,5
199,1,0.05,10.56,5
200,1,0.05,10.66,5
201,1,0.05,10.2,5
202,1,0.05,9.78,5
203,1,0.05,11.14,5
204,1,0.05,10.34,5
205,1,0.05,10.14,5
206,1,0.05,10.04,5
207,1,0.05,9.56,5
208,1,0.05,10.56,5
209,1,0.05,10.58,5
210,1,0.05,10.46,5
211,1,0.05,10.42,4
212,1,0.05,10.38,4
213,1,0.05,9.66,4
214,1,0.05,10.38,4
215,1,0.05,9.92,4
216,1,0.05,9.28,4
217,1,0.05,8.94,4
218,1,0.05,9.26,4
219,1,0.05,9.42,4
220,1,0.05,9.16,4
221,1,0.05,9.78,4
222,1,0.05,9.6,4
223,1,0.05,10.02,4
224,1,0.05,9.8,4
225,1,0.05,9.68,4
226,1,0.05,9.22,4
227,1,0.05,9.46,4
228,1,0.05,10.06,4
229,1,0.05,9.64,4
230,1,0.05,9.86,4
231,1,0.05,9.98,4
232,1,0.05,9.58,4
233,1,0.05,9.9,4
234,1,0.05,10.54,4
235,1,0.05,9.7,4
236,1,0.05,9.32,4
237,1,0.05,10.46,4
238,1,0.05,9.64,4
239,1,0.05,9.66,4
240,1,0.05,9.78,4
241,1,0.05,9.84,4
242,1,0.05,9.68,4
243,1,0.05,9.96,4
244,1,0.05,9.94,4
245,1,0.05,10.16,4
246,1,0.05,9.68,4
247,1,0.05,9.92,4
248,1,0.05,9.72,4
249,1,0.05,9.58,3
250,1,0.05,8.7,3
251,1,0.05,9.12,3
252,1,0.05,8.54,3
253,1,0.05,9.16,3
254,1,0.05,8.56,3
255,1,0.05,8.92,3
256,1,0.05,9.32,3
257,1,0.05,9.14,3
258,1,0.05,8.22,3
259,1,0.05,8.82,3
260,1,0.05,9.74,3
261,1,0.05,8.22,3
262,1,0.05,8.64,3
263,1,0.05,8.46,3
264,1,0.05,9.24,3
265,1,0.05,8.9,3
266,1,0.05,8.7,3
267,1,0.05,8.74,3
268,1,0.05,8.24,3
269,1,0.05,9.12,3
270,1,0.05,9.32,3
271,1,0.05,8.92,3
272,1,0.05,8.54,3
273,1,0.05,8.96,3
274,1,0.05,8.82,3
275,1,0.05,8.06,3
276,1,0.05,9.3,3
277,1,0.05,9.4,3
278,1,0.05,7.56,3
279,1,0.05,8.24,3
280,1,0.05,9.28,3
281,1,0.05,9.74,3
282,1,0.05,8.34,3
283,1,0.05,7.96,3
284,1,0.05,9.1,3
285,1,0.05,8.94,3
286,1,0.05,8.5,3
287,1,0.05,9.04,3
288,1,0.05,8.86,3
289,1,0.05,9.6,3
290,1,0.05,9.38,3
291,1,0.05,8.88,3
292,1,0.05,8.54,3
293,1,0.05,8.72,3
294,1,0.05,9.52,3
295,1,0.05,9.66,3
296,1,0.05,9.6,3
297,1,0.05,8.78,3
298,1,0.05,8.78,3
299,1,0.05,8.0,3
300,1,0.05,9.12,3
301,1,0.05,9.04,3
302,1,0.05,8.76,3
303,1,0.05,8.08,3
304,1,0.05,9.12,3
305,1,0.05,8.04,3
306,1,0.05,8.72,3
307,1,0.05,9.16,3
308,1,0.05,8.74,3
309,1,0.05,8.94,3
310,1,0.05,8.42,3
311,1,0.05,8.24,3
312,1,0.05,8.84,3
313,1,0.05,9.54,3
314,1,0.05,8.68,3
315,1,0.05,9.7,3
316,1,0.05,9.54,3
317,1,0.05,10.56,3
318,1,0.05,9.5,2
319,1,0.05,7.72,2
320,1,0.05,8.18,2
321,1,0.05,8.32,2
322,1,0.05,8.26,2
323,1,0.05,7.04,2
324,1,0.05,7.72,2
325,1,0.05,8.32,2
326,1,0.05,7.3,2
327,1,0.05,7.24,2
328,1,0.05,7.84,2
329,1,0.05,7.62,2
330,1,0.05,7.78,2
331,1,0.05,8.3,2
332,1,0.05,8.0,2
333,1,0.05,8.38,2
334,1,0.05,8.52,2
335,1,0.05,8.42,2
336,1,0.05,8.26,2
337,1,0.05,8.2,2
338,1,0.05,8.16,2
339,1,0.05,8.28,2
340,1,0.05,8.06,2
341,1,0.05,7.36,2
342,1,0.05,7.62,2
343,1,0.05,7.74,2
344,1,0.05,8.64,2
345,1,0.05,8.7,2
346,1,0.05,7.76,2
347,1,0.05,7.68,2
348,1,0.05,7.56,2
349,1,0.05,8.1,2
350,1,0.05,9.0,2
351,1,0.05,7.98,2
352,1,0.05,7.68,2
353,1,0.05,8.34,2
354,1,0.05,6.94,2
355,1,0.05,6.94,2
356,1,0.05,7.88,2
357,1,0.05,8.36,2
358,1,0.05,8.0,2
359,1,0.05,7.2,2
360,1,0.05,6.92,2
361,1,0.05,8.5,2
362,1,0.05,8.26,2
363,1,0.05,8.28,2
364,1,0.05,8.96,2
365,1,0.05,8.0,2
366,1,0.05,6.92,2
367,1,0.05,7.88,2
368,1,0.05,8.0,2
369,1,0.05,8.02,2
370,1,0.05,8.42,2
371,1,0.05,8.08,2
372,1,0.05,7.32,2
373,1,0.05,7.68,2
374,1,0.05,8.96,2
375,1,0.05,8.28,2
376,1,0.05,8.2,2
377,1,0.05,6.98,2
378,1,0.05,7.54,2
379,1,0.05,7.66,2
380,1,0.05,7.32,2
381,1,0.05,8.32,2
382,1,0.05,7.92,2
383,1,0.05,8.04,2
384,1,0.05,7.26,2
385,1,0.05,8.0,2
386,1,0.05,6.88,2
387,1,0.05,7.74,2
388,1,0.05,8.12,2
389,1,0.05,7.96,2
390,1,0.05,7.32,2
391,1,0.05,8.64,2
392,1,0.05,7.78,2
393,1,0.05,8.12,2
394,1,0.05,8.54,2
395,1,0.05,9.28,2
396,1,0.05,7.92,2
397,1,0.05,7.48,2
398,1,0.05,7.94,2
399,1,0.05,7.38,2
400,1,0.05,7.28,2
401,1,0.05,7.26,2
402,1,0.05,8.56,2
403,1,0.05,7.62,2
404,1,0.05,7.82,2
405,1,0.05,7.9,2
406,1,0.05,7.36,2
407,1,0.05,7.9,2
408,1,0.05,7.82,2
409,1,0.05,7.58,2
410,1,0.05,8.0,2
411,1,0.05,8.42,2
412,1,0.05,6.9,2
413,1,0.05,8.9,2
414,1,0.05,7.68,2
415,1,0.05,8.12,2
416,1,0.05,7.86,2
417,1,0.05,7.82,2
418,1,0.05,9.02,2
419,1,0.05,8.52,2
420,1,0.05,8.08,2
421,1,0.05,8.06,2
422,1,0.05,7.72,2
423,1,0.05,7.88,2
424,1,0.05,7.52,2
425,1,0.05,7.0,2
426,1,0.05,7.34,2
427,1,0.05,8.34,2
428,1,0.05,7.04,2
429,1,0.05,7.4,2
430,1,0.05,8.18,2
431,1,0.05,8.22,2
432,1,0.05,8.06,2
433,1,0.05,8.18,2
434,1,0.05,7.62,2
435,1,0.05,8.26,2
436,1,0.05,8.06,2
437,1,0.05,7.72,2
438,1,0.05,8.14,2
439,1,0.05,7.56,2
440,1,0.05,6.78,2
441,1,0.05,7.98,2
442,1,0.05,7.66,2
443,1,0.05,7.04,2
444,1,0.05,7.34,2
445,1,0.05,7.8,2
446,1,0.05,7.38,2
447,1,0.05,7.46,2
448,1,0.05,9.26,2
449,1,0.05,8.2,2
450,1,0.05,7.46,2
451,1,0.05,7.04,2
452,1,0.05,7.72,2
453,1,0.05,7.66,2
454,1,0.05,7.3,2
455,1,0.05,7.14,2
456,1,0.05,8.2,2
457,1,0.05,7.42,2
458,1,0.05,7.74,2
459,1,0.05,7.34,2
460,1,0.05,7.78,2
461,1,0.05,6.7,2
462,1,0.05,8.14,2
463,1,0.05,8.36,2
464,1,0.05,8.42,2
465,1,0.05,7.78,2
466,1,0.05,9.24,2
467,1,0.05,9.62,2
468,1,0.05,7.88,2
469,1,0.05,7.56,2
470,1,0.05,8.26,2
471,1,0.05,7.14,2
472,1,0.05,7.68,2
473,1,0.05,8.14,2
474,1,0.05,7.76,2
475,1,0.05,7.2,2
476,1,0.05,7.88,2
477,1,0.05,7.82,2
478,1,0.05,8.56,2
479,1,0.05,8.2,2
480,1,0.05,7.8,2
481,1,0.05,7.56,2
482,1,0.05,7.8,2
483,1,0.05,7.86,2
484,1,0.05,7.26,2
485,1,0.05,8.04,2
486,1,0.05,8.7,2
487,1,0.05,7.42,2
488,1,0.05,7.28,2
489,1,0.05,8.22,2
490,1,0.05,7.56,2
491,1,0.05,8.52,2
492,1,0.05,8.48,2
493,1,0.05,7.42,2
494,1,0.05,7.7,2
495,1,0.05,8.1,2
496,1,0.05,7.88,2
497,1,0.05,8.24,2
498,1,0.05,8.4,2
499,1,0.05,8.28,2
500,1,0.05,8.12,2
501,1,0.05,7.86,2
502,1,0.05,7.32,2
503,1,0.05,6.96,2
504,1,0.05,8.28,2
505,1,0.05,7.82,2
506,1,0.05,8.36,2
507,1,0.05,7.7,2
508,1,0.05,7.18,2
509,1,0.05,7.28,2
510,1,0.05,8.44,2
511,1,0.05,8.06,2
512,1,0.05,7.08,2
513,1,0.05,8.62,2
514,1,0.05,8.76,2
515,1,0.05,8.22,2
516,1,0.05,8.5,2
517,1,0.05,8.18,2
518,1,0.05,7.82,2
519,1,0.05,8.2,2
520,1,0.05,7.52,2
521,1,0.05,7.42,2
522,1,0.05,8.76,2
523,1,0.05,9.28,2
524,1,0.05,9.6,2
525,1,0.05,8.62,2
526,1,0.05,9.0,2
527,1,0.05,8.68,2
528,1,0.05,7.94,2
529,1,0.05,7.98,2
530,1,0.05,8.22,2
531,1,0.05,7.66,2
532,1,0.05,8.38,2
533,1,0.05,8.32,2
534,1,0.05,8.28,2
535,1,0.05,7.68,2
536,1,0.05,8.88,2
537,1,0.05,7.9,2
538,1,0.05,8.52,2
539,1,0.05,8.42,2
540,1,0.05,8.82,2
541,1,0.05,8.66,2
542,1,0.05,8.26,2
543,1,0.05,9.14,2
544,1,0.05,8.6,2
545,1,0.05,7.4,2
546,1,0.05,8.52,2
547,1,0.05,8.18,2
548,1,0.05,7.8,2
549,1,0.05,8.2,2
550,1,0.05,7.38,2
551,1,0.05,7.1,2
552,1,0.05,7.64,2
553,1,0.05,6.4,2
554,1,0.05,7.6,2
555,1,0.05,7.12,2
556,1,0.05,7.54,2
557,1,0.05,8.18,2
558,1,0.05,7.94,2
559,1,0.05,7.74,2
560,1,0.05,8.06,2
561,1,0.05,7.12,2
562,1,0.05,7.48,2
563,1,0.05,7.5,2
564,1,0.05,7.88,2
565,1,0.05,7.98,2
566,1,0.05,8.16,2
567,1,0.05,7.94,2
568,1,0.05,8.22,2
569,1,0.05,7.8,2
570,1,0.05,7.68,2
571,1,0.05,8.44,2
572,1,0.05,8.5,2
573,1,0.05,8.36,2
574,1,0.05,8.54,2
575,1,0.05,7.84,2
576,1,0.05,7.6,2
577,1,0.05,7.9,2
578,1,0.05,7.18,2
579,1,0.05,7.54,2
580,1,0.05,7.56,2
581,1,0.05,7.54,2
582,1,0.05,7.76,2
583,1,0.05,8.46,2
584,1,0.05,7.28,2
585,1,0.05,8.54,2
586,1,0.05,7.58,2
587,1,0.05,7.36,2
588,1,0.05,7.64,2
589,1,0.05,7.04,2
590,1,0.05,6.34,2
591,1,0.05,7.16,2
592,1,0.05,8.5,2
593,1,0.05,7.06,2
594,1,0.05,7.32,2
595,1,0.05,7.36,2
596,1,0.05,7.86,2
597,1,0.05,7.0,2
598,1,0.05,7.38,2
599,1,0.05,6.82,2
600,1,0.05,7.3,2
601,1,0.05,7.84,2
602,1,0.05,6.52,2
603,1,0.05,7.44,2
604,1,0.05,7.78,2
605,1,0.05,8.34,2
606,1,0.05,7.96,2
607,1,0.05,8.86,2
608,1,0.05,8.12,2
609,1,0.05,8.7,2
610,1,0.05,8.12,2
611,1,0.05,8.36,2
612,1,0.05,8.08,2
613,1,0.05,6.6,2
614,1,0.05,7.46,2
615,1,0.05,8.12,2
616,1,0.05,7.22,2
617,1,0.05,7.66,2
618,1,0.05,8.18,2
619,1,0.05,7.5,2
620,1,0.05,7.6,2
621,1,0.05,7.92,2
622,1,0.05,8.16,2
623,1,0.05,7.92,2
624,1,0.05,8.04,2
625,1,0.05,8.74,2
626,1,0.05,7.44,2
627,1,0.05,7.98,2
628,1,0.05,7.8,2
629,1,0.05,7.2,2
630,1,0.05,7.74,2
631,1,0.05,8.6,2
632,1,0.05,7.4,2
633,1,0.05,8.06,2
634,1,0.05,8.38,2
635,1,0.05,8.04,2
636,1,0.05,7.82,2
637,1,0.05,6.96,2
638,1,0.05,8.68,2
639,1,0.05,7.72,2
640,1,0.05,7.58,2
641,1,0.05,7.08,2
642,1,0.05,6.8,2
643,1,0.05,8.12,2
644,1,0.05,8.58,2
645,1,0.05,8.2,2
646,1,0.05,7.4,2
647,1,0.05,7.9,2
648,1,0.05,7.66,2
649,1,0.05,8.32,2
650,1,0.05,8.4,2
651,1,0.05,8.06,2
652,1,0.05,7.22,2
653,1,0.05,7.2,2
654,1,0.05,8.28,2
655,1,0.05,7.66,2
656,1,0.05,8.26,2
657,1,0.05,7.08,2
658,1,0.05,7.58,2
659,1,0.05,9.14,2
660,1,0.05,7.78,2
661,1,0.05,7.5,2
662,1,0.05,8.08,2
663,1,0.05,8.04,2
664,1,0.05,8.08,2
665,1,0.05,8.1,2
666,1,0.05,8.98,2
667,1,0.05,7.08,2
668,1,0.05,7.52,2
669,1,0.05,8.6,2
670,1,0.05,8.06,2
671,1,0.05,8.2,2
672,1,0.05,8.48,2
673,1,0.05,8.28,2
674,1,0.05,8.44,2
675,1,0.05,8.36,2
676,1,0.05,7.18,2
677,1,0.05,7.2,2
678,1,0.05,7.76,2
679,1,0.05,7.04,2
680,1,0.05,8.56,2
681,1,0.05,8.38,2
682,1,0.05,7.7,2
683,1,0.05,7.7,2
684,1,0.05,7.44,2
685,1,0.05,7.58,2
686,1,0.05,8.38,2
687,1,0.05,7.78,2
688,1,0.05,7.8,2
689,1,0.05,6.98,2
690,1,0.05,8.38,2
691,1,0.05,8.4,2
692,1,0.05,7.64,2
693,1,0.05,7.22,2
694,1,0.05,8.38,2
695,1,0.05,7.74,2
696,1,0.05,6.98,2
697,1,0.05,6.72,2
698,1,0.05,7.58,2
699,1,0.05,7.06,2
700,1,0.05,7.24,2
701,1,0.05,8.58,2
702,1,0.05,7.66,2
703,1,0.05,8.42,2
704,1,0.05,7.62,2
705,1,0.05,8.48,2
706,1,0.05,7.58,2
707,1,0.05,8.08,2
708,1,0.05,8.68,2
709,1,0.05,9.06,2
710,1,0.05,8.92,2
711,1,0.05,7.9,2
712,1,0.05,7.9,2
713,1,0.05,8.7,2
714,1,0.05,6.74,2
715,1,0.05,8.08,2
716,1,0.05,8.7,2
717,1,0.05,8.04,2
718,1,0.05,7.64,2
719,1,0.05,7.16,2
720,1,0.05,7.78,2
721,1,0.05,7.96,2
722,1,0.05,8.64,2
723,1,0.05,8.54,2
724,1,0.05,7.86,2
725,1,0.05,7.7,2
726,1,0.05,6.92,1
727,1,0.05,7.52,1
728,1,0.05,7.64,1
729,1,0.05,6.9,1
730,1,0.05,7.12,1
731,1,0.05,7.2,1
732,1,0.05,7.08,1
733,1,0.05,6.88,1
734,1,0.05,7.36,1
735,1,0.05,6.88,1
736,1,0.05,8.38,1
737,1,0.05,6.42,1
738,1,0.05,6.44,1
739,1,0.05,6.2,1
740,1,0.05,7.16,1
741,1,0.05,7.44,1
742,1,0.05,6.6,1
743,1,0.05,8.74,1
744,1,0.05,7.32,1
745,1,0.05,6.94,1
746,1,0.05,6.88,1
747,1,0.05,7.3,1
748,1,0.05,6.74,1
749,1,0.05,6.58,1
750,1,0.05,6.18,1
751,1,0.05,7.46,1
752,1,0.05,6.66,1
753,1,0.05,7.24,1
754,1,0.05,7.28,1
755,1,0.05,6.58,1
756,1,0.05,5.74,1
757,1,0.05,6.62,1
758,1,0.05,6.64,1
759,1,0.05,6.9,1
760,1,0.05,6.54,1
761,1,0.05,6.06,1
762,1,0.05,7.56,1
763,1,0.05,6.88,1
764,1,0.05,7.62,1
765,1,0.05,6.98,1
766,1,0.05,7.32,1
767,1,0.05,6.7,1
768,1,0.05,6.6,1
769,1,0.05,7.16,1
770,1,0.05,6.46,1
771,1,0.05,7.14,1
772,1,0.05,7.5,1
773,1,0.05,6.96,1
774,1,0.05,6.92,1
775,1,0.05,7.1,1
776,1,0.05,6.76,1
777,1,0.05,6.88,1
778,1,0.05,6.04,1
779,1,0.05,7.4,1
780,1,0.05,7.92,1
781,1,0.05,7.2,1
782,1,0.05,7.06,1
783,1,0.05,6.22,1
784,1,0.05,6.6,1
785,1,0.05,6.34,1
786,1,0.05,6.96,1
787,1,0.05,7.8,1
788,1,0.05,7.34,1
789,1,0.05,6.54,1
790,1,0.05,6.44,1
791,1,0.05,7.38,1
792,1,0.05,7.38,1
793,1,0.05,6.78,1
794,1,0.05,7.34,1
795,1,0.05,7.72,1
796,1,0.05,6.38,1
797,1,0.05,6.72,1
798,1,0.05,6.0,1
799,1,0.05,7.5,1
800,1,0.05,7.02,1
801,1,0.05,6.78,1
802,1,0.05,7.28,1
803,1,0.05,7.48,1
804,1,0.05,6.74,1
805,1,0.05,7.16,1
806,1,0.05,7.68,1
807,1,0.05,7.7,1
808,1,0.05,7.34,1
809,1,0.05,7.78,1
810,1,0.05,7.3,1
811,1,0.05,7.18,1
812,1,0.05,6.98,1
813,1,0.05,7.66,1
814,1,0.05,6.72,1
815,1,0.05,7.34,1
816,1,0.05,6.82,1
817,1,0.05,6.92,1
818,1,0.05,6.44,1
819,1,0.05,6.46,1
820,1,0.05,5.86,1
821,1,0.05,6.5,1
822,1,0.05,7.0,1
823,1,0.05,6.36,1
824,1,0.05,7.02,1
825,1,0.05,7.28,1
826,1,0.05,7.14,1
827,1,0.05,8.08,1
828,1,0.05,7.2,1
829,1,0.05,6.7,1
830,1,0.05,6.74,1
831,1,0.05,6.34,1
832,1,0.05,7.04,1
833,1,0.05,6.94,1
834,1,0.05,7.0,1
835,1,0.05,6.6,1
836,1,0.05,6.46,1
837,1,0.05,5.98,1
838,1,0.05,7.48,1
839,1,0.05,6.7,1
840,1,0.05,6.48,1
841,1,0.05,6.9,1
842,1,0.05,7.34,1
843,1,0.05,6.28,1
844,1,0.05,6.9,1
845,1,0.05,7.14,1
846,1,0.05,6.98,1
847,1,0.05,6.78,1
848,1,0.05,6.84,1
849,1,0.05,7.16,1
850,1,0.05,7.96,1
851,1,0.05,6.78,1
852,1,0.05,6.68,1
853,1,0.05,7.32,1
854,1,0.05,7.22,1
855,1,0.05,7.14,1
856,1,0.05,7.22,1
857,1,0.05,7.12,1
858,1,0.05,6.36,1
859,1,0.05,6.08,1
860,1,0.05,6.92,1
861,1,0.05,6.82,1
862,1,0.05,5.66,1
863,1,0.05,6.04,1
864,1,0.05,6.7,1
865,1,0.05,6.64,1
866,1,0.05,6.5,1
867,1,0.05,7.18,1
868,1,0.05,7.76,1
869,1,0.05,8.38,1
870,1,0.05,7.76,1
871,1,0.05,7.78,1
872,1,0.05,7.7,1
873,1,0.05,7.94,1
874,1,0.05,6.94,1
875,1,0.05,7.08,1
876,1,0.05,8.04,1
877,1,0.05,7.06,1
878,1,0.05,6.66,1
879,1,0.05,6.76,1
880,1,0.05,6.62,1
881,1,0.05,6.86,1
882,1,0.05,8.14,1
883,1,0.05,6.82,1
884,1,0.05,7.5,1
885,1,0.05,6.76,1
886,1,0.05,6.84,1
887,1,0.05,6.28,1
888,1,0.05,8.04,1
889,1,0.05,7.2,1
890,1,0.05,7.48,1
891,1,0.05,6.42,1
892,1,0.05,6.98,1
893,1,0.05,5.78,1
894,1,0.05,7.24,1
895,1,0.05,6.72,1
896,1,0.05,6.72,1
897,1,0.05,6.98,1
898,1,0.05,6.7,1
899,1,0.05,7.32,1
900,1,0.05,6.48,1
901,1,0.05,7.14,1
902,1,0.05,6.2,1
903,1,0.05,7.14,1
904,1,0.05,6.6,1
905,1,0.05,7.46,1
906,1,0.05,6.58,1
907,1,0.05,7.36,1
908,1,0.05,7.46,1
909,1,0.05,7.54,1
910,1,0.05,6.6,1
911,1,0.05,6.92,1
912,1,0.05,6.92,1
913,1,0.05,6.78,1
914,1,0.05,6.84,1
915,1,0.05,6.58,1
916,1,0.05,6.64,1
917,1,0.05,6.1,1
918,1,0.05,6.8,1
919,1,0.05,6.66,1
920,1,0.05,6.68,1
921,1,0.05,6.54,1
922,1,0.05,6.8,1
923,1,0.05,7.36,1
924,1,0.05,6.96,1
925,1,0.05,6.74,1
926,1,0.05,6.84,1
927,1,0.05,7.34,1
928,1,0.05,7.64,1
929,1,0.05,6.64,1
930,1,0.05,6.1,1
931,1,0.05,7.58,1
932,1,0.05,6.68,1
933,1,0.05,6.36,1
934,1,0.05,7.32,1
935,1,0.05,7.22,1
936,1,0.05,6.4,1
937,1,0.05,7.68,1
938,1,0.05,8.04,1
939,1,0.05,6.06,1
940,1,0.05,5.68,1
941,1,0.05,6.3,1
942,1,0.05,6.8,1
943,1,0.05,7.44,1
944,1,0.05,7.24,1
945,1,0.05,6.74,1
946,1,0.05,6.74,1
947,1,0.05,6.12,1
948,1,0.05,7.12,1
949,1,0.05,7.24,1
950,1,0.05,6.46,1
951,1,0.05,5.6,1
952,1,0.05,5.8,1
953,1,0.05,6.2,1
954,1,0.05,6.36,1
955,1,0.05,6.38,1
956,1,0.05,6.74,1
957,1,0.05,7.86,1
958,1,0.05,6.48,1
959,1,0.05,7.12,1
960,1,0.05,5.98,1
961,1,0.05,6.7,1
962,1,0.05,6.8,1
963,1,0.05,6.3,1
964,1,0.05,7.06,1
965,1,0.05,6.68,1
966,1,0.05,6.66,1
967,1,0.05,6.74,1
968,1,0.05,7.22,1
969,1,0.05,6.84,1
970,1,0.05,7.34,1
971,1,0.05,8.06,1
972,1,0.05,7.54,1
973,1,0.05,7.42,1
974,1,0.05,5.98,1
975,1,0.05,6.72,1
976,1,0.05,7.42,1
977,1,0.05,6.74,1
978,1,0.05,7.36,1
979,1,0.05,6.44,1
980,1,0.05,5.68,1
981,1,0.05,6.48,1
982,1,0.05,7.3,1
983,1,0.05,7.16,1
984,1,0.05,6.74,1
985,1,0.05,5.88,1
986,1,0.05,5.8,1
987,1,0.05,6.94,1
988,1,0.05,7.12,1
989,1,0.05,6.0,1
990,1,0.05,6.14,1
991,1,0.05,7.16,1
992,1,0.05,6.46,1
993,1,0.05,6.84,1
994,1,0.05,6.88,1
995,1,0.05,8.86,1
996,1,0.05,7.24,1
997,1,0.05,7.7,1
998,1,0.05,7.74,1
999,1,0.05,7.06,1
1000,1,0.05,8.12,1
1001,1,0.05,7.9,1
1002,1,0.05,7.5,1
1003,1,0.05,7.1,1
1004,1,0.05,7.84,1
1005,1,0.05,6.82,1
1006,1,0.05,7.18,1
1007,1,0.05,5.72,1
1008,1,0.05,6.62,1
1009,1,0.05,6.78,1
1010,1,0.05,6.92,1
1011,1,0.05,6.66,1
1012,1,0.05,6.98,1
1013,1,0.05,7.58,1
1014,1,0.05,7.06,1
1015,1,0.05,7.04,1
1016,1,0.05,6.14,1
1017,1,0.05,6.82,1
1018,1,0.05,7.02,1
1019,1,0.05,6.38,1
1020,1,0.05,6.14,1
1021,1,0.05,6.92,1
1022,1,0.05,6.7,1
1023,1,0.05,7.46,1
1024,1,0.05,5.68,1
1025,1,0.05,7.18,1
1026,1,0.05,6.36,1
1027,1,0.05,6.12,1
1028,1,0.05,7.0,1
1029,1,0.05,7.66,1
1030,1,0.05,7.32,1
1031,1,0.05,7.18,1
1032,1,0.05,6.4,1
1033,1,0.05,7.16,1
1034,1,0.05,7.28,1
1035,1,0.05,6.9,1
1036,1,0.05,6.14,1
1037,1,0.05,7.12,1
1038,1,0.05,7.48,1
1039,1,0.05,7.6,1
1040,1,0.05,6.88,1
1041,1,0.05,7.66,1
1042,1,0.05,7.2,1
1043,1,0.05,7.32,1
1044,1,0.05,6.56,1
1045,1,0.05,7.06,1
1046,1,0.05,6.34,1
1047,1,0.05,6.74,1
1048,1,0.05,6.92,1
1049,1,0.05,7.04,1
1050,1,0.05,6.58,1
1051,1,0.05,6.58,1
1052,1,0.05,6.06,1
1053,1,0.05,7.68,1
1054,1,0.05,7.32,1
1055,1,0.05,6.94,1
1056,1,0.05,6.48,1
1057,1,0.05,6.24,1
1058,1,0.05,7.34,1
1059,1,0.05,7.42,1
1060,1,0.05,7.12,1
1061,1,0.05,7.4,1
1062,1,0.05,7.22,1
1063,1,0.05,7.12,1
1064,1,0.05,7.04,1
1065,1,0.05,6.74,1
1066,1,0.05,6.24,1
1067,1,0.05,6.86,1
1068,1,0.05,7.16,1
1069,1,0.05,6.52,1
1070,1,0.05,6.86,1
1071,1,0.05,6.02,1
1072,1,0.05,6.58,1
1073,1,0.05,6.3,1
1074,1,0.05,7.16,1
1075,1,0.05,7.2,1
1076,1,0.05,7.9,1
1077,1,0.05,7.12,1
1078,1,0.05,7.52,1
1079,1,0.05,8.02,1
1080,1,0.05,7.54,1
1081,1,0.05,6.54,1
1082,1,0.05,7.2,1
1083,1,0.05,7.7,1
1084,1,0.05,6.7,1
1085,1,0.05,6.12,1
1086,1,0.05,7.28,1
1087,1,0.05,7.26,1
1088,1,0.05,7.6,1
1089,1,0.05,7.84,1
1090,1,0.05,7.4,1
1091,1,0.05,6.66,1
1092,1,0.05,7.28,1
1093,1,0.05,6.28,1
1094,1,0.05,6.74,1
1095,1,0.05,6.38,1
1096,1,0.05,6.5,1
1097,1,0.05,6.16,1
1098,1,0.05,6.24,1
1099,1,0.05,6.16,1
1100,1,0.05,5.78,1
1101,1,0.05,6.3,1
1102,1,0.05,6.62,1
1103,1,0.05,7.42,1
1104,1,0.05,6.82,1
1105,1,0.05,7.42,1
1106,1,0.05,7.74,1
1107,1,0.05,7.6,1
1108,1,0.05,7.3,1
1109,1,0.05,7.78,1
1110,1,0.05,7.06,1
1111,1,0.05,7.12,1
1112,1,0.05,7.88,1
1113,1,0.05,7.38,1
1114,1,0.05,6.3,1
1115,1,0.05,7.24,1
1116,1,0.05,7.56,1
1117,1,0.05,7.28,1
1118,1,0.05,7.12,1
1119,1,0.05,7.22,1
1120,1,0.05,7.04,1
1121,1,0.05,7.98,1
1122,1,0.05,8.1,1
1123,1,0.05,8.04,1
1124,1,0.05,8.48,1
1125,1,0.05,6.8,1
1126,1,0.05,6.32,1
1127,1,0.05,7.94,1
1128,1,0.05,7.82,1
1129,1,0.05,7.4,1
1130,1,0.05,7.32,1
1131,1,0.05,6.18,1
1132,1,0.05,6.1,1
1133,1,0.05,6.64,1
1134,1,0.05,5.94,1
1135,1,0.05,7.0,1
1136,1,0.05,6.78,1
1137,1,0.05,8.02,1
1138,1,0.05,6.62,1
1139,1,0.05,6.68,1
1140,1,0.05,6.84,1
1141,1,0.05,7.14,1
1142,1,0.05,7.76,1
1143,1,0.05,7.2,1
1144,1,0.05,6.84,1
1145,1,0.05,8.16,1
1146,1,0.05,8.8,1
1147,1,0.05,7.22,1
1148,1,0.05,8.16,1
1149,1,0.05,7.1,1
1150,1,0.05,6.96,1
1151,1,0.05,7.32,1
1152,1,0.05,7.2,1
1153,1,0.05,7.18,1
1154,1,0.05,6.2,1
1155,1,0.05,6.94,1
1156,1,0.05,6.62,1
1157,1,0.05,5.76,1
1158,1,0.05,6.78,1
1159,1,0.05,6.7,1
1160,1,0.05,6.94,1
1161,1,0.05,6.92,1
1162,1,0.05,7.02,1
1163,1,0.05,6.76,1
1164,1,0.05,6.44,1
1165,1,0.05,6.46,1
1166,1,0.05,6.68,1
1167,1,0.05,7.3,1
1168,1,0.05,7.46,1
1169,1,0.05,5.64,1
1170,1,0.05,6.96,1
1171,1,0.05,6.94,1
1172,1,0.05,6.68,1
1173,1,0.05,6.42,1
1174,1,0.05,6.28,1
1175,1,0.05,7.36,1
1176,1,0.05,6.68,1
1177,1,0.05,7.5,1
1178,1,0.05,6.74,1
1179,1,0.05,6.76,1
1180,1,0.05,7.32,1
1181,1,0.05,5.7,1
1182,1,0.05,6.12,1
1183,1,0.05,6.12,1
1184,1,0.05,5.76,1
1185,1,0.05,6.78,1
1186,1,0.05,7.06,1
1187,1,0.05,7.26,1
1188,1,0.05,6.94,1
1189,1,0.05,8.0,1
1190,1,0.05,7.28,1
1191,1,0.05,6.36,1
1192,1,0.05,6.32,1
1193,1,0.05,7.46,1
1194,1,0.05,7.12,1
1195,1,0.05,7.6,1
1196,1,0.05,6.7,1
1197,1,0.05,8.56,1
1198,1,0.05,7.42,1
1199,1,0.05,7.12,1
1200,1,0.05,7.46,1
1201,1,0.05,6.16,1
1202,1,0.05,6.36,1
1203,1,0.05,6.86,1
1204,1,0.05,7.0,1
1205,1,0.05,7.58,1
1206,1,0.05,8.12,1
1207,1,0.05,7.2,1
1208,1,0.05,6.34,1
1209,1,0.05,6.46,1
1210,1,0.05,6.82,1
1211,1,0.05,7.16,1
1212,1,0.05,7.48,1
1213,1,0.05,7.1,1
1214,1,0.05,6.86,1
1215,1,0.05,7.1,1
1216,1,0.05,7.38,1
1217,1,0.05,7.54,1
1218,1,0.05,7.26,1
1219,1,0.05,6.62,1
1220,1,0.05,7.28,1
1221,1,0.05,6.42,1
1222,1,0.05,6.44,1
1223,1,0.05,7.0,1
1224,1,0.05,7.82,1
1225,1,0.05,6.54,1
1226,1,0.05,6.2,1
1227,1,0.05,6.72,1
1228,1,0.05,7.22,1
1229,1,0.05,6.1,1
1230,1,0.05,6.16,1
1231,1,0.05,7.02,1
1232,1,0.05,7.62,1
1233,1,0.05,7.24,1
1234,1,0.05,6.5,1
1235,1,0.05,6.8,1
1236,1,0.05,6.76,1
1237,1,0.05,7.14,1
1238,1,0.05,6.02,1
1239,1,0.05,6.66,1
1240,1,0.05,6.8,1
1241,1,0.05,7.1,1
1242,1,0.05,7.1,1
1243,1,0.05,6.8,1
1244,1,0.05,7.0,1
1245,1,0.05,7.36,1
1246,1,0.05,6.86,1
1247,1,0.05,7.84,1
1248,1,0.05,7.3,1
1249,1,0.05,6.68,1
1250,1,0.05,7.42,1
1251,1,0.05,7.2,1
1252,1,0.05,7.18,1
1253,1,0.05,6.32,1
1254,1,0.05,6.4,1
1255,1,0.05,7.72,1
1256,1,0.05,7.34,1
1257,1,0.05,6.54,1
1258,1,0.05,6.26,1
1259,1,0.05,6.56,1
1260,1,0.05,6.24,1
1261,1,0.05,6.6,1
1262,1,0.05,6.54,1
1263,1,0.05,7.14,1
1264,1,0.05,7.66,1
1265,1,0.05,6.52,1
1266,1,0.05,7.04,1
1267,1,0.05,7.68,1
1268,1,0.05,8.16,1
1269,1,0.05,7.22,1
1270,1,0.05,7.58,1
1271,1,0.05,7.36,1
1272,1,0.05,7.8,1
1273,1,0.05,6.68,1
1274,1,0.05,6.62,1
1275,1,0.05,6.48,1
1276,1,0.05,8.2,1
1277,1,0.05,6.78,1
1278,1,0.05,6.94,1
1279,1,0.05,6.74,1
1280,1,0.05,7.34,1
1281,1,0.05,7.42,1
1282,1,0.05,7.34,1
1283,1,0.05,7.32,1
1284,1,0.05,6.22,1
1285,1,0.05,6.78,1
1286,1,0.05,6.86,1
1287,1,0.05,5.9,1
1288,1,0.05,6.22,1
1289,1,0.05,6.86,1
1290,1,0.05,7.62,1
1291,1,0.05,6.88,1
1292,1,0.05,8.1,1
1293,1,0.05,7.64,1
1294,1,0.05,6.7,1
1295,1,0.05,6.96,1
1296,1,0.05,7.26,1
1297,1,0.05,7.24,1
1298,1,0.05,7.52,1
1299,1,0.05,6.3,1
1300,1,0.05,7.54,1
1301,1,0.05,6.38,1
1302,1,0.05,7.3,1
1303,1,0.05,7.8,1
1304,1,0.05,7.28,1
1305,1,0.05,6.9,1
1306,1,0.05,5.86,1
1307,1,0.05,6.64,1
1308,1,0.05,7.92,1
1309,1,0.05,7.7,1
1310,1,0.05,7.48,1
1311,1,0.05,7.9,1
1312,1,0.05,7.66,1
1313,1,0.05,7.48,1
1314,1,0.05,5.8,1
1315,1,0.05,7.34,1
1316,1,0.05,6.42,1
1317,1,0.05,5.76,1
1318,1,0.05,5.64,1
1319,1,0.05,6.9,1
1320,1,0.05,7.36,1
1321,1,0.05,5.96,1
1322,1,0.05,6.5,1
1323,1,0.05,6.84,1
1324,1,0.05,6.68,1
1325,1,0.05,6.32,1
1326,1,0.05,7.04,1
1327,1,0.05,7.7,1
1328,1,0.05,6.48,1
1329,1,0.05,7.02,1
1330,1,0.05,6.86,1
1331,1,0.05,6.76,1
1332,1,0.05,7.7,1
1333,1,0.05,7.52,1
1334,1,0.05,7.3,1
1335,1,0.05,7.0,1
1336,1,0.05,7.86,1
1337,1,0.05,8.12,1
1338,1,0.05,6.66,1
1339,1,0.05,6.2,1
1340,1,0.05,6.62,1
1341,1,0.05,6.98,1
1342,1,0.05,7.2,1
1343,1,0.05,7.82,1
1344,1,0.05,6.58,1
1345,1,0.05,7.3,1
1346,1,0.05,6.8,1
1347,1,0.05,7.4,1
1348,1,0.05,6.76,1
1349,1,0.05,6.84,1
1350,1,0.05,6.92,1
1351,1,0.05,8.0,1
1352,1,0.05,6.9,1
1353,1,0.05,5.64,1
1354,1,0.05,7.32,1
1355,1,0.05,7.92,1
1356,1,0.05,7.5,1
1357,1,0.05,7.06,1
1358,1,0.05,6.8,1
1359,1,0.05,5.62,1
1360,1,0.05,6.04,1
1361,1,0.05,6.3,1
1362,1,0.05,7.58,1
1363,1,0.05,6.94,1
1364,1,0.05,6.26,1
1365,1,0.05,6.96,1
1366,1,0.05,8.16,1
1367,1,0.05,6.54,1
1368,1,0.05,6.6,1
1369,1,0.05,6.3,1
1370,1,0.05,7.34,1
1371,1,0.05,7.66,1
1372,1,0.05,7.4,1
1373,1,0.05,6.24,1
1374,1,0.05,7.06,1
1375,1,0.05,6.74,1
1376,1,0.05,7.04,1
1377,1,0.05,7.88,1
1378,1,0.05,6.64,1
1379,1,0.05,6.88,1
1380,1,0.05,6.46,1
1381,1,0.05,6.64,1
1382,1,0.05,7.24,1
1383,1,0.05,7.38,1
1384,1,0.05,6.72,1
1385,1,0.05,7.06,1
1386,1,0.05,7.46,1
1387,1,0.05,6.88,1
1388,1,0.05,7.38,1
1389,1,0.05,6.54,1
1390,1,0.05,6.9,1
1391,1,0.05,7.38,1
1392,1,0.05,7.8,1
1393,1,0.05,7.16,1
1394,1,0.05,6.52,1
1395,1,0.05,7.06,1
1396,1,0.05,7.56,1
1397,1,0.05,7.68,1
1398,1,0.05,8.08,1
1399,1,0.05,6.44,1
1400,1,0.05,6.74,1
1401,1,0.05,7.58,1
1402,1,0.05,7.7,1
1403,1,0.05,7.66,1
1404,1,0.05,7.24,1
1405,1,0.05,7.16,1
1406,1,0.05,7.44,1
1407,1,0.05,7.2,1
1408,1,0.05,7.9,1
1409,1,0.05,6.94,1
1410,1,0.05,7.64,1
1411,1,0.05,7.5,1
1412,1,0.05,6.68,1
1413,1,0.05,8.1,1
1414,1,0.05,7.94,1
1415,1,0.05,8.0,1
1416,1,0.05,6.42,1
1417,1,0.05,6.62,1
1418,1,0.05,6.86,1
1419,1,0.05,6.84,1
1420,1,0.05,7.54,1
1421,1,0.05,6.58,1
1422,1,0.05,6.36,1
1423,1,0.05,6.0,1
1424,1,0.05,6.86,1
1425,1,0.05,6.34,1
1426,1,0.05,7.66,1
1427,1,0.05,6.0,1
1428,1,0.05,7.02,1
1429,1,0.05,7.74,1
1430,1,0.05,7.14,1
1431,1,0.05,7.7,1
1432,1,0.05,7.12,1
1433,1,0.05,5.76,1
1434,1,0.05,6.72,1
1435,1,0.05,7.32,1
1436,1,0.05,7.72,1
1437,1,0.05,7.24,1
1438,1,0.05,7.64,1
1439,1,0.05,7.28,1
1440,1,0.05,7.38,1
1441,1,0.05,7.18,1
1442,1,0.05,6.9,1
1443,1,0.05,6.12,1
1444,1,0.05,7.32,1
1445,1,0.05,8.1,1
1446,1,0.05,6.54,1
1447,1,0.05,5.98,1
1448,1,0.05,7.28,1
1449,1,0.05,6.94,1
1450,1,0.05,6.6,1
1451,1,0.05,7.44,1
1452,1,0.05,7.68,1
1453,1,0.05,7.16,1
1454,1,0.05,6.68,1
1455,1,0.05,6.92,1
1456,1,0.05,6.9,1
1457,1,0.05,7.16,1
1458,1,0.05,7.14,1
1459,1,0.05,7.64,1
1460,1,0.05,7.8,1
1461,1,0.05,6.44,1
1462,1,0.05,7.46,1
1463,1,0.05,8.64,1
1464,1,0.05,7.28,1
1465,1,0.05,7.14,1
1466,1,0.05,7.22,1
1467,1,0.05,6.3,1
1468,1,0.05,7.44,1
1469,1,0.05,6.82,1
1470,1,0.05,6.56,1
1471,1,0.05,6.42,1
1472,1,0.05,7.0,1
1473,1,0.05,6.68,1
1474,1,0.05,6.22,1
1475,1,0.05,6.34,1
1476,1,0.05,7.12,1
1477,1,0.05,7.98,1
1478,1,0.05,7.52,1
1479,1,0.05,6.62,1
1480,1,0.05,7.0,1
1481,1,0.05,6.28,1
1482,1,0.05,7.86,1
1483,1,0.05,8.02,1
1484,1,0.05,7.32,1
1485,1,0.05,5.94,1
1486,1,0.05,6.52,1
1487,1,0.05,7.74,1
1488,1,0.05,7.14,1
1489,1,0.05,6.78,1
1490,1,0.05,7.02,1
1491,1,0.05,6.48,1
1492,1,0.05,7.12,1
1493,1,0.05,7.16,1
1494,1,0.05,7.44,1
1495,1,0.05,6.82,1
1496,1,0.05,6.1,1
1497,1,0.05,6.08,1
1498,1,0.05,6.88,1
1499,1,0.05,7.58,1
1500,1,0.05,6.76,1
1501,1,0.05,7.4,1
1502,1,0.05,6.44,1
1503,1,0.05,6.58,1
1504,1,0.05,6.68,1
1505,1,0.05,6.28,1
1506,1,0.05,7.96,1
1507,1,0.05,6.72,1
1508,1,0.05,6.3,1
1509,1,0.05,7.26,1
1510,1,0.05,6.4,1
1511,1,0.05,6.46,1
1512,1,0.05,6.92,1
1513,1,0.05,6.88,1
1514,1,0.05,7.04,1
1515,1,0.05,6.94,1
1516,1,0.05,7.24,1
1517,1,0.05,6.94,1
1518,1,0.05,6.96,1
1519,1,0.05,7.5,1
1520,1,0.05,6.76,1
1521,1,0.05,6.72,1
1522,1,0.05,5.22,1
1523,1,0.05,6.94,1
1524,1,0.05,6.88,1
1525,1,0.05,7.24,1
1526,1,0.05,6.74,1
1527,1,0.05,6.8,1
1528,1,0.05,6.78,1
1529,1,0.05,7.28,1
1530,1,0.05,6.08,1
1531,1,0.05,7.44,1
1532,1,0.05,7.2,1
1533,1,0.05,6.7,1
1534,1,0.05,7.22,1
1535,1,0.05,7.66,1
1536,1,0.05,7.64,1
1537,1,0.05,8.12,1
1538,1,0.05,7.62,1
1539,1,0.05,6.68,1
1540,1,0.05,6.84,1
1541,1,0.05,6.38,1
1542,1,0.05,7.02,1
1543,1,0.05,7.54,1
1544,1,0.05,6.72,1
1545,1,0.05,6.48,1
1546,1,0.05,7.12,1
1547,1,0.05,7.32,1
1548,1,0.05,6.98,1
1549,1,0.05,6.72,1
1550,1,0.05,6.2,1
1551,1,0.05,6.64,1
1552,1,0.05,7.7,1
1553,1,0.05,7.46,1
1554,1,0.05,7.22,1
1555,1,0.05,6.16,1
1556,1,0.05,6.5,1
1557,1,0.05,7.66,1
1558,1,0.05,7.24,1
1559,1,0.05,7.06,1
1560,1,0.05,7.4,1
1561,1,0.05,6.64,1
1562,1,0.05,6.16,1
1563,1,0.05,6.24,1
1564,1,0.05,7.48,1
1565,1,0.05,7.84,1
1566,1,0.05,6.5,1
1567,1,0.05,5.98,1
1568,1,0.05,5.76,1
1569,1,0.05,7.64,1
1570,1,0.05,7.52,1
1571,1,0.05,7.08,1
1572,1,0.05,7.28,1
1573,1,0.05,7.58,1
1574,1,0.05,7.64,1
1575,1,0.05,7.94,1
1576,1,0.05,6.96,1
1577,1,0.05,7.28,1
1578,1,0.05,7.54,1
1579,1,0.05,8.24,1
1580,1,0.05,7.26,1
1581,1,0.05,7.16,1
1582,1,0.05,7.82,1
1583,1,0.05,7.5,1
1584,1,0.05,6.8,1
1585,1,0.05,7.22,1
1586,1,0.05,7.78,1
1587,1,0.05,7.52,1
1588,1,0.05,6.72,1
1589,1,0.05,7.96,1
1590,1,0.05,7.68,1
1591,1,0.05,6.94,1
1592,1,0.05,6.66,1
1593,1,0.05,8.22,1
1594,1,0.05,7.12,1
1595,1,0.05,6.56,1
1596,1,0.05,5.72,1
1597,1,0.05,6.68,1
1598,1,0.05,7.6,1
1599,1,0.05,7.52,1
1600,1,0.05,7.64,1
1601,1,0.05,6.86,1
1602,1,0.05,6.5,1
1603,1,0.05,7.1,1
1604,1,0.05,7.28,1
1605,1,0.05,7.5,1
1606,1,0.05,7.58,1
1607,1,0.05,7.02,1
1608,1,0.05,8.0,1
1609,1,0.05,6.8,1
1610,1,0.05,6.1,1
1611,1,0.05,6.58,1
1612,1,0.05,7.76,1
1613,1,0.05,7.16,1
1614,1,0.05,6.66,1
1615,1,0.05,7.42,1
1616,1,0.05,7.04,1
1617,1,0.05,6.82,1
1618,1,0.05,7.14,1
1619,1,0.05,7.08,1
1620,1,0.05,7.4,1
1621,1,0.05,7.5,1
1622,1,0.05,7.72,1
1623,1,0.05,7.32,1
1624,1,0.05,7.28,1
1625,1,0.05,6.24,1
1626,1,0.05,6.56,1
1627,1,0.05,6.02,1
1628,1,0.05,7.36,1
1629,1,0.05,6.2,1
1630,1,0.05,6.56,1
1631,1,0.05,7.08,1
1632,1,0.05,6.56,1
1633,1,0.05,6.02,1
1634,1,0.05,6.04,1
1635,1,0.05,7.44,1
1636,1,0.05,6.9,1
1637,1,0.05,6.9,1
1638,1,0.05,6.36,1
1639,1,0.05,6.8,1
1640,1,0.05,7.58,1
1641,1,0.05,7.0,1
1642,1,0.05,6.7,1
1643,1,0.05,5.5,1
1644,1,0.05,6.08,1
1645,1,0.05,5.94,1
1646,1,0.05,7.3,1
1647,1,0.05,6.64,1
1648,1,0.05,6.86,1
1649,1,0.05,7.2,1
1650,1,0.05,6.7,1
1651,1,0.05,7.8,1
1652,1,0.05,7.72,1
1653,1,0.05,7.86,1
1654,1,0.05,7.0,1
1655,1,0.05,6.74,1
1656,1,0.05,6.68,1
1657,1,0.05,8.14,1
1658,1,0.05,7.48,1
1659,1,0.05,6.92,1
1660,1,0.05,6.18,1
1661,1,0.05,8.0,1
1662,1,0.05,7.2,1
1663,1,0.05,8.2,1
1664,1,0.05,8.24,1
1665,1,0.05,7.94,1
1666,1,0.05,7.56,1
1667,1,0.05,7.52,1
1668,1,0.05,6.46,1
1669,1,0.05,7.44,1
1670,1,0.05,7.38,1
1671,1,0.05,7.3,1
1672,1,0.05,7.8,1
1673,1,0.05,7.46,1
1674,1,0.05,7.08,1
1675,1,0.05,6.88,1
1676,1,0.05,6.66,1
1677,1,0.05,6.92,1
1678,1,0.05,6.7,1
1679,1,0.05,7.78,1
1680,1,0.05,8.08,1
1681,1,0.05,7.06,1
1682,1,0.05,6.06,1
1683,1,0.05,6.7,1
1684,1,0.05,7.16,1
1685,1,0.05,7.26,1
1686,1,0.05,6.5,1
1687,1,0.05,6.08,1
1688,1,0.05,6.46,1
1689,1,0.05,6.8,1
1690,1,0.05,6.52,1
1691,1,0.05,6.92,1
1692,1,0.05,6.72,1
1693,1,0.05,6.96,1
1694,1,0.05,7.42,1
1695,1,0.05,7.4,1
1696,1,0.05,7.06,1
1697,1,0.05,6.92,1
1698,1,0.05,7.24,1
1699,1,0.05,6.92,1
1700,1,0.05,7.84,1
1701,1,0.05,7.04,1
1702,1,0.05,7.14,1
1703,1,0.05,7.96,1
1704,1,0.05,8.44,1
1705,1,0.05,8.0,1
1706,1,0.05,7.52,1
1707,1,0.05,6.88,1
1708,1,0.05,7.8,1
1709,1,0.05,7.22,1
1710,1,0.05,7.14,1
1711,1,0.05,6.88,1
1712,1,0.05,8.08,1
1713,1,0.05,6.84,1
1714,1,0.05,7.26,1
1715,1,0.05,7.6,1
1716,1,0.05,7.28,1
1717,1,0.05,6.52,1
1718,1,0.05,7.3,1
1719,1,0.05,6.76,1
1720,1,0.05,7.26,1
1721,1,0.05,7.5,1
1722,1,0.05,6.8,1
1723,1,0.05,6.1,1
1724,1,0.05,6.66,1
1725,1,0.05,7.04,1
1726,1,0.05,6.86,1
1727,1,0.05,6.82,1
1728,1,0.05,6.06,1
1729,1,0.05,6.88,1
1730,1,0.05,6.92,1
1731,1,0.05,7.24,1
1732,1,0.05,7.06,1
1733,1,0.05,7.06,1
1734,1,0.05,6.56,1
1735,1,0.05,6.38,1
1736,1,0.05,7.08,1
1737,1,0.05,7.04,1
1738,1,0.05,7.12,1
1739,1,0.05,7.3,1
1740,1,0.05,7.66,1
1741,1,0.05,8.14,1
1742,1,0.05,7.8,1
1743,1,0.05,7.5,1
1744,1,0.05,5.42,1
1745,1,0.05,7.1,1
1746,1,0.05,6.54,1
1747,1,0.05,6.48,1
1748,1,0.05,7.28,1
1749,1,0.05,7.3,1
1750,1,0.05,7.12,1
1751,1,0.05,6.74,1
1752,1,0.05,7.38,1
1753,1,0.05,6.98,1
1754,1,0.05,6.68,1
1755,1,0.05,7.24,1
1756,1,0.05,6.7,1
1757,1,0.05,7.76,1
1758,1,0.05,7.74,1
1759,1,0.05,7.14,1
1760,1,0.05,7.46,1
1761,1,0.05,6.44,1
1762,1,0.05,7.62,1
1763,1,0.05,6.76,1
1764,1,0.05,7.14,1
1765,1,0.05,6.7,1
1766,1,0.05,7.5,1
1767,1,0.05,6.9,1
1768,1,0.05,6.52,1
1769,1,0.05,5.78,1
1770,1,0.05,6.4,1
1771,1,0.05,6.64,1
1772,1,0.05,6.06,1
1773,1,0.05,6.08,1
1774,1,0.05,6.56,1
1775,1,0.05,7.12,1
1776,1,0.05,5.82,1
1777,1,0.05,5.82,1
1778,1,0.05,7.58,1
1779,1,0.05,6.96,1
1780,1,0.05,7.04,1
1781,1,0.05,7.04,1
1782,1,0.05,6.74,1
1783,1,0.05,8.8,1
1784,1,0.05,7.54,1
1785,1,0.05,7.5,1
1786,1,0.05,7.5,1
1787,1,0.05,6.32,1
1788,1,0.05,6.58,1
1789,1,0.05,7.02,1
1790,1,0.05,6.68,1
1791,1,0.05,6.2,1
1792,1,0.05,6.64,1
1793,1,0.05,6.9,1
1794,1,0.05,6.62,1
1795,1,0.05,7.12,1
1796,1,0.05,6.48,1
1797,1,0.05,6.02,1
1798,1,0.05,6.98,1
1799,1,0.05,6.72,1
1800,1,0.05,6.52,1
1801,1,0.05,6.36,1
1802,1,0.05,7.28,1
1803,1,0.05,6.4,1
1804,1,0.05,7.54,1
1805,1,0.05,7.82,1
1806,1,0.05,7.18,1
1807,1,0.05,6.34,1
1808,1,0.05,7.16,1
1809,1,0.05,6.3,1
1810,1,0.05,6.5,1
1811,1,0.05,6.76,1
1812,1,0.05,6.66,1
1813,1,0.05,7.24,1
1814,1,0.05,7.12,1
1815,1,0.05,6.74,1
1816,1,0.05,6.88,1
1817,1,0.05,6.02,1
1818,1,0.05,7.22,1
1819,1,0.05,7.24,1
1820,1,0.05,6.6,1
1821,1,0.05,7.32,1
1822,1,0.05,6.82,1
1823,1,0.05,6.9,1
1824,1,0.05,6.22,1
1825,1,0.05,6.14,1
1826,1,0.05,5.76,1
1827,1,0.05,6.3,1
1828,1,0.05,7.12,1
1829,1,0.05,7.26,1
1830,1,0.05,6.02,1
1831,1,0.05,6.56,1
1832,1,0.05,6.76,1
1833,1,0.05,6.88,1
1834,1,0.05,7.94,1
1835,1,0.05,7.24,1
1836,1,0.05,7.04,1
1837,1,0.05,6.42,1
1838,1,0.05,6.56,1
1839,1,0.05,6.96,1
1840,1,0.05,7.22,1
1841,1,0.05,6.16,1
1842,1,0.05,5.68,1
1843,1,0.05,6.14,1
1844,1,0.05,7.02,1
1845,1,0.05,7.44,1
1846,1,0.05,6.82,1
1847,1,0.05,7.12,1
1848,1,0.05,6.18,1
1849,1,0.05,7.24,1
1850,1,0.05,7.58,1
1851,1,0.05,7.84,1
1852,1,0.05,7.36,1
1853,1,0.05,6.9,1
1854,1,0.05,6.48,1
1855,1,0.05,7.0,1
1856,1,0.05,7.34,1
1857,1,0.05,6.6,1
1858,1,0.05,6.52,1
1859,1,0.05,7.02,1
1860,1,0.05,7.1,1
1861,1,0.05,7.32,1
1862,1,0.05,7.16,1
1863,1,0.05,6.78,1
1864,1,0.05,6.62,1
1865,1,0.05,7.1,1
1866,1,0.05,8.0,1
1867,1,0.05,8.18,1
1868,1,0.05,6.66,1
1869,1,0.05,6.9,1
1870,1,0.05,6.42,1
1871,1,0.05,6.96,1
1872,1,0.05,7.82,1
1873,1,0.05,7.66,1
1874,1,0.05,6.66,1
1875,1,0.05,7.04,1
1876,1,0.05,6.42,1
1877,1,0.05,7.12,1
1878,1,0.05,7.1,1
1879,1,0.05,7.48,1
1880,1,0.05,7.88,1
1881,1,0.05,6.6,1
1882,1,0.05,7.96,1
1883,1,0.05,7.84,1
1884,1,0.05,7.44,1
1885,1,0.05,8.1,1
1886,1,0.05,6.96,1
1887,1,0.05,6.82,1
1888,1,0.05,6.86,1
1889,1,0.05,7.68,1
1890,1,0.05,7.8,1
1891,1,0.05,5.84,1
1892,1,0.05,6.88,1
1893,1,0.05,6.88,1
1894,1,0.05,7.08,1
1895,1,0.05,7.02,1
1896,1,0.05,7.66,1
1897,1,0.05,7.12,1
1898,1,0.05,7.4,1
1899,1,0.05,7.1,1
1900,1,0.05,6.72,1
1901,1,0.05,6.78,1
1902,1,0.05,7.54,1
1903,1,0.05,7.46,1
1904,1,0.05,7.78,1
1905,1,0.05,7.44,1
1906,1,0.05,6.76,1
1907,1,0.05,6.82,1
1908,1,0.05,7.2,1
1909,1,0.05,7.9,1
1910,1,0.05,7.7,1
1911,1,0.05,7.86,1
1912,1,0.05,7.5,1
1913,1,0.05,6.58,1
1914,1,0.05,6.5,1
1915,1,0.05,6.88,1
1916,1,0.05,6.54,1
1917,1,0.05,7.36,1
1918,1,0.05,7.08,1
1919,1,0.05,7.22,1
1920,1,0.05,6.56,1
1921,1,0.05,7.48,1
1922,1,0.05,7.5,1
1923,1,0.05,7.14,1
1924,1,0.05,6.8,1
1925,1,0.05,6.64,1
1926,1,0.05,7.02,1
1927,1,0.05,6.38,1
1928,1,0.05,7.76,1
1929,1,0.05,6.74,1
1930,1,0.05,7.16,1
1931,1,0.05,7.02,1
1932,1,0.05,6.78,1
1933,1,0.05,6.4,1
1934,1,0.05,7.1,1
1935,1,0.05,7.34,1
1936,1,0.05,6.2,1
1937,1,0.05,7.48,1
1938,1,0.05,7.44,1
1939,1,0.05,8.02,1
1940,1,0.05,7.0,1
1941,1,0.05,6.8,1
1942,1,0.05,6.92,1
1943,1,0.05,6.32,1
1944,1,0.05,6.62,1
1945,1,0.05,6.74,1
1946,1,0.05,7.28,1
1947,1,0.05,7.0,1
1948,1,0.05,7.66,1
1949,1,0.05,6.88,1
1950,1,0.05,6.44,1
1951,1,0.05,7.68,1
1952,1,0.05,6.64,1
1953,1,0.05,7.54,1
1954,1,0.05,6.66,1
1955,1,0.05,6.7,1
1956,1,0.05,7.18,1
1957,1,0.05,7.06,1
1958,1,0.05,6.98,1
1959,1,0.05,6.44,1
1960,1,0.05,6.52,1
1961,1,0.05,6.98,1
1962,1,0.05,7.26,1
1963,1,0.05,7.34,1
1964,1,0.05,6.06,1
1965,1,0.05,6.66,1
1966,1,0.05,6.62,1
1967,1,0.05,7.08,1
1968,1,0.05,7.88,1
1969,1,0.05,7.64,1
1970,1,0.05,7.58,1
1971,1,0.05,6.16,1
1972,1,0.05,7.62,1
1973,1,0.05,6.4,1
1974,1,0.05,7.02,1
1975,1,0.05,7.38,1
1976,1,0.05,6.6,1
1977,1,0.05,6.28,1
1978,1,0.05,6.72,1
1979,1,0.05,7.7,1
1980,1,0.05,7.7,1
1981,1,0.05,6.98,1
1982,1,0.05,7.26,1
1983,1,0.05,8.3,1
1984,1,0.05,8.48,1
1985,1,0.05,6.8,1
1986,1,0.05,7.2,1
1987,1,0.05,8.0,1
1988,1,0.05,7.58,1
1989,1,0.05,7.5,1
1990,1,0.05,7.28,1
1991,1,0.05,7.12,1
1992,1,0.05,7.0,1
1993,1,0.05,6.8,1
1994,1,0.05,7.5,1
1995,1,0.05,7.62,1
1996,1,0.05,7.22,1
1997,1,0.05,7.84,1
1998,1,0.05,6.64,1
1999,1,0.05,6.64,1
2000,1,0.05,7.26,1
0,2,0.05,57.54,44
1,2,0.05,50.28,40
2,2,0.05,44.08,35
3,2,0.05,40.0,34
4,2,0.05,36.62,30
5,2,0.05,33.16,28
6,2,0.05,31.38,26
7,2,0.05,29.52,26
8,2,0.05,28.94,25
9,2,0.05,28.18,22
10,2,0.05,27.4,21
11,2,0.05,24.9,21
12,2,0.05,24.88,21
13,2,0.05,24.36,20
14,2,0.05,23.4,20
15,2,0.05,23.58,16
16,2,0.05,22.36,16
17,2,0.05,19.9,15
18,2,0.05,19.0,15
19,2,0.05,19.54,15
20,2,0.05,19.5,15
21,2,0.05,19.26,15
22,2,0.05,19.22,15
23,2,0.05,19.32,15
24,2,0.05,19.34,15
25,2,0.05,18.3,15
26,2,0.05,18.62,15
27,2,0.05,18.9,15
28,2,0.05,19.26,14
29,2,0.05,19.38,14
30,2,0.05,18.76,14
31,2,0.05,17.82,14
32,2,0.05,18.92,14
33,2,0.05,18.38,14
34,2,0.05,19.58,13
35,2,0.05,17.88,13
36,2,0.05,17.9,13
37,2,0.05,17.74,13
38,2,0.05,17.76,13
39,2,0.05,16.78,13
40,2,0.05,16.9,12
41,2,0.05,17.08,12
42,2,0.05,17.68,12
43,2,0.05,16.3,12
44,2,0.05,16.38,12
45,2,0.05,16.78,12
46,2,0.05,16.28,12
47,2,0.05,16.62,11
48,2,0.05,16.84,11
49,2,0.05,16.12,11
50,2,0.05,14.92,11
51,2,0.05,15.66,11
52,2,0.05,15.22,10
53,2,0.05,15.78,10
54,2,0.05,15.1,9
55,2,0.05,14.06,9
56,2,0.05,13.58,9
57,2,0.05,14.34,9
58,2,0.05,13.2,9
59,2,0.05,12.96,9
60,2,0.05,13.12,9
61,2,0.05,13.22,9
62,2,0.05,13.1,9
63,2,0.05,14.46,9
64,2,0.05,14.94,9
65,2,0.05,13.94,9
66,2,0.05,13.06,8
67,2,0.05,13.48,8
68,2,0.05,13.68,7
69,2,0.05,12.92,7
70,2,0.05,12.24,7
71,2,0.05,12.56,7
72,2,0.05,12.38,7
73,2,0.05,12.56,7
74,2,0.05,13.4,7
75,2,0.05,13.38,7
76,2,0.05,11.66,7
77,2,0.05,12.38,7
78,2,0.05,11.94,7
79,2,0.05,11.58,7
80,2,0.05,12.04,7
81,2,0.05,12.66,7
82,2,0.05,11.34,7
83,2,0.05,11.82,7
84,2,0.05,12.64,7
85,2,0.05,12.2,7
86,2,0.05,12.24,7
87,2,0.05,11.82,7
88,2,0.05,11.54,7
89,2,0.05,13.06,7
90,2,0.05,12.86,7
91,2,0.05,11.96,7
92,2,0.05,13.02,7
93,2,0.05,11.96,7
94,2,0.05,11.42,7
95,2,0.05,11.26,7
96,2,0.05,12.98,7
97,2,0.05,12.34,7
98,2,0.05,13.04,7
99,2,0.05,12.02,7
100,2,0.05,13.12,7
101,2,0.05,12.86,7
102,2,0.05,13.08,7
103,2,0.05,12.74,7
104,2,0.05,12.26,6
105,2,0.05,12.26,6
106,2,0.05,12.12,6
107,2,0.05,11.78,6
108,2,0.05,11.42,6
109,2,0.05,12.28,6
110,2,0.05,11.48,6
111,2,0.05,11.6,6
112,2,0.05,11.14,6
113,2,0.05,11.72,6
114,2,0.05,12.5,6
115,2,0.05,11.06,6
116,2,0.05,12.16,6
117,2,0.05,11.16,6
118,2,0.05,10.88,6
119,2,0.05,10.48,6
120,2,0.05,10.76,6
121,2,0.05,11.18,6
122,2,0.05,10.86,6
123,2,0.05,10.7,6
124,2,0.05,10.64,5
125,2,0.05,11.08,5
126,2,0.05,11.32,5
127,2,0.05,10.66,5
128,2,0.05,10.66,5
129,2,0.05,12.4,5
130,2,0.05,11.7,5
131,2,0.05,12.02,5
132,2,0.05,10.68,5
133,2,0.05,10.76,5
134,2,0.05,11.44,5
135,2,0.05,11.94,5
136,2,0.05,11.24,5
137,2,0.05,11.32,5
138,2,0.05,10.68,5
139,2,0.05,10.62,5
140,2,0.05,10.62,5
141,2,0.05,9.46,5
142,2,0.05,10.64,5
143,2,0.05,11.16,5
144,2,0.05,10.98,5
145,2,0.05,9.48,4
146,2,0.05,8.82,4
147,2,0.05,9.58,4
148,2,0.05,10.08,4
149,2,0.05,9.96,4
150,2,0.05,9.62,4
151,2,0.05,8.9,4
152,2,0.05,9.5,4
153,2,0.05,8.04,4
154,2,0.05,9.52,4
155,2,0.05,10.26,4
156,2,0.05,9.92,4
157,2,0.05,10.1,4
158,2,0.05,10.46,4
159,2,0.05,10.48,3
160,2,0.05,8.68,3
161,2,0.05,9.0,3
162,2,0.05,8.98,3
163,2,0.05,8.9,3
164,2,0.05,8.86,3
165,2,0.05,8.86,3
166,2,0.05,9.84,3
167,2,0.05,8.98,3
168,2,0.05,8.9,3
169,2,0.05,8.56,3
170,2,0.05,10.98,3
171,2,0.05,9.16,3
172,2,0.05,9.66,3
173,2,0.05,9.36,3
174,2,0.05,9.2,3
175,2,0.05,8.9,3
176,2,0.05,8.26,3
177,2,0.05,8.1,3
178,2,0.05,8.36,3
179,2,0.05,9.02,3
180,2,0.05,7.9,3
181,2,0.05,8.54,3
182,2,0.05,8.68,3
183,2,0.05,9.56,3
184,2,0.05,7.92,3
185,2,0.05,9.0,3
186,2,0.05,8.72,3
187,2,0.05,7.72,3
188,2,0.05,8.52,3
189,2,0.05,8.8,3
190,2,0.05,8.84,3
191,2,0.05,9.2,3
192,2,0.05,8.42,3
193,2,0.05,8.68,3
194,2,0.05,9.12,3
195,2,0.05,9.82,3
196,2,0.05,8.42,3
197,2,0.05,9.4,3
198,2,0.05,9.44,3
199,2,0.05,8.22,3
200,2,0.05,8.6,3
201,2,0.05,8.32,3
202,2,0.05,8.54,3
203,2,0.05,8.54,3
204,2,0.05,7.86,3
205,2,0.05,7.44,3
206,2,0.05,9.1,3
207,2,0.05,9.5,3
208,2,0.05,9.16,3
209,2,0.05,7.92,3
210,2,0.05,8.9,3
211,2,0.05,8.46,3
212,2,0.05,8.52,3
213,2,0.05,8.5,3
214,2,0.05,8.54,3
215,2,0.05,7.98,3
216,2,0.05,9.06,3
217,2,0.05,7.74,3
218,2,0.05,7.84,3
219,2,0.05,8.38,3
220,2,0.05,9.34,3
221,2,0.05,9.44,3
222,2,0.05,8.64,3
223,2,0.05,7.98,3
224,2,0.05,9.7,3
225,2,0.05,9.18,3
226,2,0.05,9.42,3
227,2,0.05,8.38,3
228,2,0.05,8.18,3
229,2,0.05,8.9,3
230,2,0.05,9.26,3
231,2,0.05,9.14,3
232,2,0.05,7.96,3
233,2,0.05,7.98,3
234,2,0.05,9.28,3
235,2,0.05,8.04,3
236,2,0.05,8.48,3
237,2,0.05,8.84,3
238,2,0.05,8.36,3
239,2,0.05,8.54,3
240,2,0.05,9.46,3
241,2,0.05,8.96,3
242,2,0.05,9.58,3
243,2,0.05,9.42,3
244,2,0.05,9.0,3
245,2,0.05,8.28,3
246,2,0.05,8.82,3
247,2,0.05,9.32,3
248,2,0.05,8.56,3
249,2,0.05,8.02,3
250,2,0.05,8.3,3
251,2,0.05,7.68,3
252,2,0.05,8.44,3
253,2,0.05,8.42,3
254,2,0.05,9.18,3
255,2,0.05,8.34,3
256,2,0.05,8.34,3
257,2,0.05,9.04,3
258,2,0.05,9.12,3
259,2,0.05,8.8,3
260,2,0.05,9.1,3
261,2,0.05,8.26,3
262,2,0.05,9.42,3
263,2,0.05,9.88,3
264,2,0.05,8.84,3
265,2,0.05,9.82,3
266,2,0.05,9.02,3
267,2,0.05,9.06,3
268,2,0.05,8.7,3
269,2,0.05,8.36,3
270,2,0.05,8.2,3
271,2,0.05,9.0,3
272,2,0.05,8.78,3
273,2,0.05,8.26,3
274,2,0.05,8.78,3
275,2,0.05,8.48,3
276,2,0.05,8.74,3
277,2,0.05,8.88,3
278,2,0.05,8.3,3
279,2,0.05,8.38,3
280,2,0.05,7.8,3
281,2,0.05,9.42,3
282,2,0.05,10.4,3
283,2,0.05,8.68,3
284,2,0.05,8.56,3
285,2,0.05,8.58,3
286,2,0.05,9.4,3
287,2,0.05,9.36,3
288,2,0.05,8.06,3
289,2,0.05,9.04,3
290,2,0.05,7.98,3
291,2,0.05,8.28,3
292,2,0.05,8.98,3
293,2,0.05,9.06,3
294,2,0.05,8.24,3
295,2,0.05,9.26,3
296,2,0.05,8.76,3
297,2,0.05,8.02,3
298,2,0.05,8.86,3
299,2,0.05,8.8,3
300,2,0.05,8.46,3
301,2,0.05,8.4,3
302,2,0.05,8.06,3
303,2,0.05,8.7,3
304,2,0.05,8.46,3
305,2,0.05,8.3,3
306,2,0.05,7.82,3
307,2,0.05,8.54,3
308,2,0.05,9.66,3
309,2,0.05,9.54,3
310,2,0.05,9.08,3
311,2,0.05,7.76,3
312,2,0.05,8.4,3
313,2,0.05,8.96,3
314,2,0.05,8.58,3
315,2,0.05,8.18,3
316,2,0.05,8.9,3
317,2,0.05,8.14,3
318,2,0.05,7.8,3
319,2,0.05,8.1,3
320,2,0.05,9.06,3
321,2,0.05,8.94,3
322,2,0.05,7.96,3
323,2,0.05,8.24,3
324,2,0.05,8.38,3
325,2,0.05,9.2,3
326,2,0.05,9.24,3
327,2,0.05,8.68,3
328,2,0.05,9.38,3
329,2,0.05,8.64,3
330,2,0.05,8.94,3
331,2,0.05,8.88,3
332,2,0.05,8.66,3
333,2,0.05,7.5,3
334,2,0.05,7.98,3
335,2,0.05,8.38,3
336,2,0.05,8.34,3
337,2,0.05,8.68,3
338,2,0.05,9.0,3
339,2,0.05,8.36,3
340,2,0.05,9.12,3
341,2,0.05,8.3,3
342,2,0.05,8.58,3
343,2,0.05,7.94,3
344,2,0.05,8.74,3
345,2,0.05,8.48,3
346,2,0.05,8.3,3
347,2,0.05,9.96,3
348,2,0.05,8.92,3
349,2,0.05,9.34,3
350,2,0.05,9.04,3
351,2,0.05,9.3,3
352,2,0.05,9.38,3
353,2,0.05,7.14,3
354,2,0.05,8.0,3
355,2,0.05,8.54,3
356,2,0.05,7.7,3
357,2,0.05,8.56,3
358,2,0.05,9.26,3
359,2,0.05,8.66,3
360,2,0.05,8.6,3
361,2,0.05,8.62,3
362,2,0.05,8.7,3
363,2,0.05,8.84,3
364,2,0.05,7.76,3
365,2,0.05,8.74,3
366,2,0.05,9.48,3
367,2,0.05,8.86,3
368,2,0.05,8.44,3
369,2,0.05,8.64,3
370,2,0.05,9.68,3
371,2,0.05,8.2,3
372,2,0.05,8.82,3
373,2,0.05,8.1,3
374,2,0.05,7.9,3
375,2,0.05,8.18,3
376,2,0.05,8.82,3
377,2,0.05,8.2,3
378,2,0.05,8.6,3
379,2,0.05,8.94,3
380,2,0.05,8.54,3
381,2,0.05,9.46,3
382,2,0.05,8.86,3
383,2,0.05,9.4,3
384,2,0.05,8.96,3
385,2,0.05,9.2,3
386,2,0.05,9.34,3
387,2,0.05,8.68,3
388,2,0.05,8.02,3
389,2,0.05,8.16,3
390,2,0.05,8.44,3
391,2,0.05,8.32,3
392,2,0.05,9.42,3
393,2,0.05,8.58,3
394,2,0.05,8.82,3
395,2,0.05,8.74,3
396,2,0.05,10.22,3
397,2,0.05,9.68,3
398,2,0.05,8.28,3
399,2,0.05,8.06,3
400,2,0.05,8.88,3
401,2,0.05,8.1,3
402,2,0.05,8.5,3
403,2,0.05,8.16,3
404,2,0.05,8.76,3
405,2,0.05,9.06,3
406,2,0.05,8.9,3
407,2,0.05,9.54,3
408,2,0.05,9.12,3
409,2,0.05,8.38,3
410,2,0.05,8.36,3
411,2,0.05,9.2,3
412,2,0.05,8.66,3
413,2,0.05,8.74,3
414,2,0.05,9.02,3
415,2,0.05,7.78,3
416,2,0.05,9.38,3
417,2,0.05,8.48,3
418,2,0.05,8.16,3
419,2,0.05,9.04,3
420,2,0.05,8.96,3
421,2,0.05,8.7,3
422,2,0.05,8.64,3
423,2,0.05,7.96,3
424,2,0.05,8.54,3
425,2,0.05,9.52,3
426,2,0.05,8.64,3
427,2,0.05,9.0,3
428,2,0.05,10.06,3
429,2,0.05,8.64,3
430,2,0.05,8.94,3
431,2,0.05,8.62,3
432,2,0.05,9.4,3
433,2,0.05,8.88,3
434,2,0.05,9.0,3
435,2,0.05,8.74,3
436,2,0.05,9.4,3
437,2,0.05,9.84,3
438,2,0.05,8.78,3
439,2,0.05,8.42,3
440,2,0.05,8.44,3
441,2,0.05,8.4,3
442,2,0.05,8.74,3
443,2,0.05,8.28,3
444,2,0.05,8.54,3
445,2,0.05,7.98,3
446,2,0.05,8.72,3
447,2,0.05,8.64,3
448,2,0.05,8.26,3
449,2,0.05,8.24,3
450,2,0.05,8.6,3
451,2,0.05,9.5,3
452,2,0.05,9.92,3
453,2,0.05,8.32,3
454,2,0.05,8.58,3
455,2,0.05,9.32,3
456,2,0.05,8.38,3
457,2,0.05,9.18,3
458,2,0.05,9.38,3
459,2,0.05,9.86,3
460,2,0.05,9.3,3
461,2,0.05,7.98,3
462,2,0.05,9.26,3
463,2,0.05,9.04,3
464,2,0.05,8.6,3
465,2,0.05,8.62,3
466,2,0.05,8.76,3
467,2,0.05,8.94,3
468,2,0.05,8.02,3
469,2,0.05,8.74,3
470,2,0.05,9.78,3
471,2,0.05,9.38,3
472,2,0.05,8.48,3
473,2,0.05,8.66,3
474,2,0.05,8.38,3
475,2,0.05,9.5,3
476,2,0.05,8.42,3
477,2,0.05,9.64,3
478,2,0.05,8.52,3
479,2,0.05,9.36,3
480,2,0.05,9.28,3
481,2,0.05,8.66,3
482,2,0.05,7.62,3
483,2,0.05,7.78,3
484,2,0.05,8.34,3
485,2,0.05,8.82,3
486,2,0.05,8.1,3
487,2,0.05,8.3,3
488,2,0.05,8.22,3
489,2,0.05,8.14,3
490,2,0.05,8.76,3
491,2,0.05,8.88,3
492,2,0.05,8.7,3
493,2,0.05,8.34,3
494,2,0.05,8.26,3
495,2,0.05,8.5,3
496,2,0.05,8.72,3
497,2,0.05,8.42,3
498,2,0.05,9.8,3
499,2,0.05,9.0,3
500,2,0.05,9.18,3
501,2,0.05,8.78,3
502,2,0.05,8.04,3
503,2,0.05,8.38,3
504,2,0.05,8.92,3
505,2,0.05,9.18,3
506,2,0.05,8.1,3
507,2,0.05,9.0,3
508,2,0.05,8.76,3
509,2,0.05,7.94,3
510,2,0.05,8.7,3
511,2,0.05,8.56,3
512,2,0.05,8.0,3
513,2,0.05,8.68,3
514,2,0.05,8.38,3
515,2,0.05,7.92,3
516,2,0.05,8.26,3
517,2,0.05,8.86,3
518,2,0.05,8.9,3
519,2,0.05,9.86,3
520,2,0.05,8.5,3
521,2,0.05,7.72,3
522,2,0.05,8.46,3
523,2,0.05,8.86,3
524,2,0.05,8.6,3
525,2,0.05,8.34,3
526,2,0.05,8.72,3
527,2,0.05,8.6,3
528,2,0.05,8.78,3
529,2,0.05,8.18,3
530,2,0.05,10.0,3
531,2,0.05,9.12,3
532,2,0.05,8.7,3
533,2,0.05,9.1,3
534,2,0.05,9.42,3
535,2,0.05,9.8,3
536,2,0.05,10.18,3
537,2,0.05,10.18,3
538,2,0.05,8.36,3
539,2,0.05,8.62,3
540,2,0.05,8.04,3
541,2,0.05,8.26,3
542,2,0.05,8.02,3
543,2,0.05,8.18,3
544,2,0.05,8.26,3
545,2,0.05,8.16,3
546,2,0.05,8.26,3
547,2,0.05,9.16,3
548,2,0.05,8.82,3
549,2,0.05,8.58,3
550,2,0.05,8.46,3
551,2,0.05,8.84,3
552,2,0.05,8.62,3
553,2,0.05,8.74,3
554,2,0.05,8.98,3
555,2,0.05,8.34,3
556,2,0.05,9.44,3
557,2,0.05,9.04,3
558,2,0.05,8.38,3
559,2,0.05,9.2,3
560,2,0.05,9.12,3
561,2,0.05,9.0,3
562,2,0.05,8.62,3
563,2,0.05,8.64,3
564,2,0.05,8.98,3
565,2,0.05,8.68,3
566,2,0.05,8.26,3
567,2,0.05,9.1,3
568,2,0.05,9.2,3
569,2,0.05,8.8,3
570,2,0.05,8.58,3
571,2,0.05,8.26,3
572,2,0.05,9.14,3
573,2,0.05,9.06,3
574,2,0.05,9.06,3
575,2,0.05,9.5,3
576,2,0.05,9.24,3
577,2,0.05,8.62,3
578,2,0.05,9.24,3
579,2,0.05,8.14,3
580,2,0.05,8.36,3
581,2,0.05,8.7,3
582,2,0.05,8.92,3
583,2,0.05,8.6,3
584,2,0.05,8.66,3
585,2,0.05,7.94,3
586,2,0.05,7.52,3
587,2,0.05,8.04,3
588,2,0.05,8.08,3
589,2,0.05,9.12,3
590,2,0.05,9.7,3
591,2,0.05,9.14,3
592,2,0.05,9.18,3
593,2,0.05,8.24,3
594,2,0.05,8.8,3
595,2,0.05,8.48,3
596,2,0.05,8.6,3
597,2,0.05,8.74,3
598,2,0.05,9.02,3
599,2,0.05,8.6,3
600,2,0.05,8.68,3
601,2,0.05,8.12,3
602,2,0.05,8.64,3
603,2,0.05,8.92,3
604,2,0.05,8.1,3
605,2,0.05,8.22,3
606,2,0.05,8.12,3
607,2,0.05,8.78,3
608,2,0.05,8.9,3
609,2,0.05,8.2,3
610,2,0.05,8.54,3
611,2,0.05,7.96,3
612,2,0.05,9.14,3
613,2,0.05,8.84,3
614,2,0.05,9.46,3
615,2,0.05,8.8,3
616,2,0.05,8.6,3
617,2,0.05,9.0,3
618,2,0.05,8.58,3
619,2,0.05,8.96,3
620,2,0.05,9.02,3
621,2,0.05,9.46,3
622,2,0.05,9.46,3
623,2,0.05,8.86,3
624,2,0.05,8.34,3
625,2,0.05,8.48,3
626,2,0.05,7.5,3
627,2,0.05,8.96,3
628,2,0.05,8.7,3
629,2,0.05,8.82,3
630,2,0.05,8.48,3
631,2,0.05,9.26,3
632,2,0.05,8.52,3
633,2,0.05,7.98,3
634,2,0.05,8.64,3
635,2,0.05,7.78,3
636,2,0.05,8.38,3
637,2,0.05,7.94,3
638,2,0.05,8.72,3
639,2,0.05,8.54,3
640,2,0.05,8.3,3
641,2,0.05,7.78,3
642,2,0.05,9.36,3
643,2,0.05,9.08,3
644,2,0.05,9.46,3
645,2,0.05,9.9,3
646,2,0.05,8.94,3
647,2,0.05,8.8,3
648,2,0.05,9.48,3
649,2,0.05,9.44,3
650,2,0.05,8.44,3
651,2,0.05,8.16,3
652,2,0.05,8.94,3
653,2,0.05,9.0,3
654,2,0.05,9.36,3
655,2,0.05,8.4,3
656,2,0.05,8.86,3
657,2,0.05,9.6,3
658,2,0.05,9.84,3
659,2,0.05,8.24,3
660,2,0.05,8.54,3
661,2,0.05,8.66,3
662,2,0.05,8.54,3
663,2,0.05,9.0,3
664,2,0.05,7.5,3
665,2,0.05,9.32,3
666,2,0.05,9.18,3
667,2,0.05,9.7,3
668,2,0.05,9.1,3
669,2,0.05,8.66,3
670,2,0.05,8.02,3
671,2,0.05,8.66,3
672,2,0.05,8.88,3
673,2,0.05,8.42,3
674,2,0.05,8.34,3
675,2,0.05,7.64,3
676,2,0.05,7.8,3
677,2,0.05,8.86,3
678,2,0.05,8.98,3
679,2,0.05,7.86,3
680,2,0.05,8.22,3
681,2,0.05,8.86,3
682,2,0.05,8.64,3
683,2,0.05,8.48,3
684,2,0.05,8.76,3
685,2,0.05,9.14,3
686,2,0.05,8.62,3
687,2,0.05,8.28,3
688,2,0.05,8.26,3
689,2,0.05,8.48,3
690,2,0.05,9.44,3
691,2,0.05,8.9,3
692,2,0.05,8.7,3
693,2,0.05,8.48,3
694,2,0.05,7.9,3
695,2,0.05,9.2,3
696,2,0.05,8.1,3
697,2,0.05,8.52,3
698,2,0.05,8.62,3
699,2,0.05,8.24,3
700,2,0.05,8.5,3
701,2,0.05,9.32,3
702,2,0.05,8.7,3
703,2,0.05,8.86,3
704,2,0.05,9.02,3
705,2,0.05,8.64,3
706,2,0.05,10.18,3
707,2,0.05,8.84,3
708,2,0.05,10.64,3
709,2,0.05,9.28,3
710,2,0.05,8.32,3
711,2,0.05,8.88,3
712,2,0.05,8.36,3
713,2,0.05,8.14,3
714,2,0.05,9.02,3
715,2,0.05,8.14,3
716,2,0.05,9.52,3
717,2,0.05,8.72,3
718,2,0.05,8.64,3
719,2,0.05,9.12,3
720,2,0.05,9.18,3
721,2,0.05,9.24,3
722,2,0.05,9.48,3
723,2,0.05,8.68,3
724,2,0.05,8.96,3
725,2,0.05,9.96,3
726,2,0.05,8.14,3
727,2,0.05,9.34,3
728,2,0.05,9.28,3
729,2,0.05,8.86,3
730,2,0.05,9.1,3
731,2,0.05,9.08,3
732,2,0.05,8.4,3
733,2,0.05,9.24,3
734,2,0.05,9.26,3
735,2,0.05,8.92,3
736,2,0.05,8.86,3
737,2,0.05,8.28,3
738,2,0.05,8.16,3
739,2,0.05,9.34,3
740,2,0.05,9.12,3
741,2,0.05,9.12,3
742,2,0.05,9.1,3
743,2,0.05,8.62,3
744,2,0.05,9.14,3
745,2,0.05,9.04,3
746,2,0.05,7.64,3
747,2,0.05,8.48,3
748,2,0.05,8.5,2
749,2,0.05,8.9,2
750,2,0.05,8.74,2
751,2,0.05,7.9,2
752,2,0.05,7.92,2
753,2,0.05,8.3,2
754,2,0.05,9.12,2
755,2,0.05,8.18,2
756,2,0.05,7.78,2
757,2,0.05,8.24,2
758,2,0.05,7.56,2
759,2,0.05,7.86,2
760,2,0.05,8.38,2
761,2,0.05,7.74,2
762,2,0.05,8.44,2
763,2,0.05,8.14,2
764,2,0.05,6.56,2
765,2,0.05,7.98,2
766,2,0.05,7.7,2
767,2,0.05,7.16,2
768,2,0.05,7.48,2
769,2,0.05,7.72,2
770,2,0.05,7.46,2
771,2,0.05,7.44,2
772,2,0.05,7.42,2
773,2,0.05,7.74,2
774,2,0.05,7.62,2
775,2,0.05,7.52,2
776,2,0.05,8.12,2
777,2,0.05,7.74,2
778,2,0.05,7.6,2
779,2,0.05,7.2,2
780,2,0.05,7.7,2
781,2,0.05,6.78,2
782,2,0.05,7.22,2
783,2,0.05,7.46,2
784,2,0.05,8.22,2
785,2,0.05,7.86,2
786,2,0.05,7.52,2
787,2,0.05,7.56,2
788,2,0.05,6.94,2
789,2,0.05,7.64,2
790,2,0.05,7.44,2
791,2,0.05,7.98,2
792,2,0.05,7.54,2
793,2,0.05,7.22,2
794,2,0.05,7.46,2
795,2,0.05,7.92,2
796,2,0.05,7.1,2
797,2,0.05,7.62,2
798,2,0.05,8.24,2
799,2,0.05,8.68,2
800,2,0.05,8.46,2
801,2,0.05,7.06,2
802,2,0.05,6.96,2
803,2,0.05,7.2,2
804,2,0.05,7.84,2
805,2,0.05,8.14,2
806,2,0.05,8.5,2
807,2,0.05,7.98,2
808,2,0.05,7.0,2
809,2,0.05,7.18,2
810,2,0.05,6.82,2
811,2,0.05,7.36,2
812,2,0.05,7.92,2
813,2,0.05,8.38,2
814,2,0.05,8.36,2
815,2,0.05,7.38,2
816,2,0.05,7.76,2
817,2,0.05,7.58,2
818,2,0.05,7.48,2
819,2,0.05,7.6,2
820,2,0.05,9.08,2
821,2,0.05,7.6,2
822,2,0.05,7.62,2
823,2,0.05,8.32,2
824,2,0.05,7.46,2
825,2,0.05,8.14,2
826,2,0.05,8.54,2
827,2,0.05,8.18,2
828,2,0.05,8.2,2
829,2,0.05,8.66,2
830,2,0.05,8.2,2
831,2,0.05,7.84,2
832,2,0.05,8.58,2
833,2,0.05,8.24,2
834,2,0.05,7.44,2
835,2,0.05,8.32,2
836,2,0.05,8.06,2
837,2,0.05,7.62,2
838,2,0.05,8.54,2
839,2,0.05,8.88,2
840,2,0.05,8.14,2
841,2,0.05,7.72,2
842,2,0.05,8.42,2
843,2,0.05,8.24,2
844,2,0.05,7.66,2
845,2,0.05,7.78,2
846,2,0.05,7.62,2
847,2,0.05,6.66,2
848,2,0.05,8.08,2
849,2,0.05,8.36,2
850,2,0.05,8.38,2
851,2,0.05,8.58,2
852,2,0.05,8.16,2
853,2,0.05,7.82,2
854,2,0.05,7.46,2
855,2,0.05,6.36,2
856,2,0.05,6.98,2
857,2,0.05,7.4,2
858,2,0.05,8.72,2
859,2,0.05,8.84,2
860,2,0.05,8.04,2
861,2,0.05,8.4,2
862,2,0.05,8.56,2
863,2,0.05,7.92,2
864,2,0.05,7.38,2
865,2,0.05,7.32,2
866,2,0.05,8.76,2
867,2,0.05,8.68,2
868,2,0.05,7.66,2
869,2,0.05,8.9,2
870,2,0.05,8.92,2
871,2,0.05,8.8,2
872,2,0.05,9.0,2
873,2,0.05,8.8,2
874,2,0.05,7.98,2
875,2,0.05,7.5,2
876,2,0.05,7.46,2
877,2,0.05,7.92,2
878,2,0.05,7.84,2
879,2,0.05,7.0,2
880,2,0.05,7.86,2
881,2,0.05,8.22,2
882,2,0.05,7.62,2
883,2,0.05,7.88,2
884,2,0.05,7.36,2
885,2,0.05,7.78,2
886,2,0.05,7.78,2
887,2,0.05,7.86,2
888,2,0.05,8.16,2
889,2,0.05,8.54,2
890,2,0.05,8.72,2
891,2,0.05,8.6,2
892,2,0.05,7.54,2
893,2,0.05,7.16,2
894,2,0.05,8.14,2
895,2,0.05,7.2,2
896,2,0.05,7.26,2
897,2,0.05,7.54,2
898,2,0.05,7.68,2
899,2,0.05,8.0,2
900,2,0.05,7.92,2
901,2,0.05,7.08,2
902,2,0.05,8.94,2
903,2,0.05,7.7,2
904,2,0.05,7.52,2
905,2,0.05,7.72,2
906,2,0.05,7.76,2
907,2,0.05,7.88,2
908,2,0.05,7.12,2
909,2,0.05,7.62,2
910,2,0.05,8.5,2
911,2,0.05,8.1,2
912,2,0.05,8.04,2
913,2,0.05,7.98,2
914,2,0.05,8.46,2
915,2,0.05,9.54,2
916,2,0.05,7.82,2
917,2,0.05,7.92,2
918,2,0.05,8.18,2
919,2,0.05,7.86,2
920,2,0.05,8.36,2
921,2,0.05,7.56,2
922,2,0.05,8.3,2
923,2,0.05,7.64,2
924,2,0.05,7.88,2
925,2,0.05,7.82,2
926,2,0.05,7.68,2
927,2,0.05,7.38,2
928,2,0.05,7.72,2
929,2,0.05,9.32,2
930,2,0.05,7.92,2
931,2,0.05,7.68,2
932,2,0.05,7.6,2
933,2,0.05,8.12,2
934,2,0.05,8.5,2
935,2,0.05,7.64,2
936,2,0.05,8.3,2
937,2,0.05,7.38,2
938,2,0.05,8.34,2
939,2,0.05,7.7,2
940,2,0.05,7.82,2
941,2,0.05,7.82,2
942,2,0.05,8.1,2
943,2,0.05,7.76,2
944,2,0.05,7.9,2
945,2,0.05,7.46,2
946,2,0.05,7.88,2
947,2,0.05,7.3,2
948,2,0.05,7.48,2
949,2,0.05,7.18,2
950,2,0.05,6.46,2
951,2,0.05,8.06,2
952,2,0.05,7.9,2
953,2,0.05,7.96,2
954,2,0.05,7.18,2
955,2,0.05,7.58,2
956,2,0.05,8.0,2
957,2,0.05,8.42,2
958,2,0.05,8.16,2
959,2,0.05,7.88,2
960,2,0.05,8.14,2
961,2,0.05,7.92,2
962,2,0.05,7.4,2
963,2,0.05,7.9,2
964,2,0.05,7.46,2
965,2,0.05,8.48,2
966,2,0.05,8.72,2
967,2,0.05,8.02,2
968,2,0.05,7.94,2
969,2,0.05,8.08,2
970,2,0.05,8.3,2
971,2,0.05,9.06,2
972,2,0.05,7.14,2
973,2,0.05,7.8,2
974,2,0.05,8.44,2
975,2,0.05,9.42,2
976,2,0.05,8.12,2
977,2,0.05,8.36,2
978,2,0.05,7.8,2
979,2,0.05,9.24,2
980,2,0.05,7.5,2
981,2,0.05,7.98,2
982,2,0.05,7.74,2
983,2,0.05,7.62,2
984,2,0.05,7.96,2
985,2,0.05,7.76,2
986,2,0.05,8.36,2
987,2,0.05,8.26,2
988,2,0.05,7.3,2
989,2,0.05,7.5,2
990,2,0.05,7.66,2
991,2,0.05,7.32,2
992,2,0.05,7.4,2
993,2,0.05,7.62,2
994,2,0.05,7.98,2
995,2,0.05,7.02,2
996,2,0.05,7.42,2
997,2,0.05,8.18,2
998,2,0.05,7.92,2
999,2,0.05,7.82,2
1000,2,0.05,8.04,2
1001,2,0.05,7.78,2
1002,2,0.05,7.56,2
1003,2,0.05,6.5,2
1004,2,0.05,7.38,2
1005,2,0.05,7.58,2
1006,2,0.05,8.0,2
1007,2,0.05,7.38,2
1008,2,0.05,8.22,2
1009,2,0.05,8.18,2
1010,2,0.05,8.52,2
1011,2,0.05,7.88,2
1012,2,0.05,7.84,2
1013,2,0.05,8.54,2
1014,2,0.05,7.82,2
1015,2,0.05,6.66,2
1016,2,0.05,6.7,2
1017,2,0.05,8.32,2
1018,2,0.05,7.94,2
1019,2,0.05,7.2,2
1020,2,0.05,7.36,2
1021,2,0.05,7.7,2
1022,2,0.05,8.44,2
1023,2,0.05,7.46,2
1024,2,0.05,6.84,2
1025,2,0.05,7.5,2
1026,2,0.05,6.86,2
1027,2,0.05,7.92,2
1028,2,0.05,7.9,2
1029,2,0.05,8.4,2
1030,2,0.05,8.8,2
1031,2,0.05,8.84,2
1032,2,0.05,7.1,2
1033,2,0.05,8.08,2
1034,2,0.05,8.84,2
1035,2,0.05,8.52,2
1036,2,0.05,7.88,2
1037,2,0.05,8.02,2
1038,2,0.05,7.5,2
1039,2,0.05,9.18,2
1040,2,0.05,7.72,2
1041,2,0.05,6.08,2
1042,2,0.05,7.48,2
1043,2,0.05,7.62,2
1044,2,0.05,7.7,2
1045,2,0.05,8.56,2
1046,2,0.05,7.66,2
1047,2,0.05,8.94,2
1048,2,0.05,8.8,2
1049,2,0.05,7.58,2
1050,2,0.05,7.94,2
1051,2,0.05,7.9,2
1052,2,0.05,7.66,2
1053,2,0.05,8.5,2
1054,2,0.05,8.54,2
1055,2,0.05,8.42,2
1056,2,0.05,8.24,2
1057,2,0.05,7.82,2
1058,2,0.05,7.32,2
1059,2,0.05,7.18,2
1060,2,0.05,8.4,2
1061,2,0.05,9.48,2
1062,2,0.05,8.26,2
1063,2,0.05,8.42,2
1064,2,0.05,8.52,2
1065,2,0.05,7.98,2
1066,2,0.05,8.22,2
1067,2,0.05,8.1,2
1068,2,0.05,7.56,2
1069,2,0.05,7.64,2
1070,2,0.05,7.66,2
1071,2,0.05,6.68,2
1072,2,0.05,7.32,2
1073,2,0.05,7.98,2
1074,2,0.05,7.7,2
1075,2,0.05,8.02,2
1076,2,0.05,7.66,2
1077,2,0.05,7.56,2
1078,2,0.05,7.16,2
1079,2,0.05,7.1,2
1080,2,0.05,6.98,2
1081,2,0.05,7.98,1
1082,2,0.05,6.94,1
1083,2,0.05,7.72,1
1084,2,0.05,7.16,1
1085,2,0.05,5.62,1
1086,2,0.05,7.02,1
1087,2,0.05,7.38,1
1088,2,0.05,7.14,1
1089,2,0.05,7.44,1
1090,2,0.05,6.98,1
1091,2,0.05,6.36,1
1092,2,0.05,7.26,1
1093,2,0.05,7.88,1
1094,2,0.05,7.12,1
1095,2,0.05,6.94,1
1096,2,0.05,7.04,1
1097,2,0.05,6.42,1
1098,2,0.05,6.32,1
1099,2,0.05,7.68,1
1100,2,0.05,7.16,1
1101,2,0.05,7.06,1
1102,2,0.05,6.7,1
1103,2,0.05,6.3,1
1104,2,0.05,6.96,1
1105,2,0.05,7.02,1
1106,2,0.05,6.08,1
1107,2,0.05,6.84,1
1108,2,0.05,6.9,1
1109,2,0.05,7.52,1
1110,2,0.05,6.94,1
1111,2,0.05,6.76,1
1112,2,0.05,6.02,1
1113,2,0.05,6.62,1
1114,2,0.05,6.2,1
1115,2,0.05,7.92,1
1116,2,0.05,7.58,1
1117,2,0.05,7.52,1
1118,2,0.05,7.2,1
1119,2,0.05,7.72,1
1120,2,0.05,7.18,1
1121,2,0.05,7.0,1
1122,2,0.05,6.5,1
1123,2,0.05,6.9,1
1124,2,0.05,6.8,1
1125,2,0.05,6.34,1
1126,2,0.05,7.58,1
1127,2,0.05,7.86,1
1128,2,0.05,7.2,1
1129,2,0.05,7.82,1
1130,2,0.05,7.56,1
1131,2,0.05,7.12,1
1132,2,0.05,7.0,1
1133,2,0.05,7.3,1
1134,2,0.05,6.98,1
1135,2,0.05,7.0,1
1136,2,0.05,7.52,1
1137,2,0.05,7.02,1
1138,2,0.05,6.7,1
1139,2,0.05,6.5,1
1140,2,0.05,6.82,1
1141,2,0.05,7.06,1
1142,2,0.05,6.92,1
1143,2,0.05,7.18,1
1144,2,0.05,7.46,1
1145,2,0.05,7.36,1
1146,2,0.05,6.1,1
1147,2,0.05,6.68,1
1148,2,0.05,5.82,1
1149,2,0.05,6.7,1
1150,2,0.05,6.76,1
1151,2,0.05,7.6,1
1152,2,0.05,6.54,1
1153,2,0.05,6.48,1
1154,2,0.05,6.46,1
1155,2,0.05,6.04,1
1156,2,0.05,7.28,1
1157,2,0.05,6.78,1
1158,2,0.05,6.3,1
1159,2,0.05,6.06,1
1160,2,0.05,5.92,1
1161,2,0.05,6.94,1
1162,2,0.05,7.44,1
1163,2,0.05,8.12,1
1164,2,0.05,8.82,1
1165,2,0.05,6.88,1
1166,2,0.05,7.9,1
1167,2,0.05,7.28,1
1168,2,0.05,6.78,1
1169,2,0.05,6.76,1
1170,2,0.05,6.62,1
1171,2,0.05,7.16,1
1172,2,0.05,6.88,1
1173,2,0.05,7.48,1
1174,2,0.05,7.02,1
1175,2,0.05,7.0,1
1176,2,0.05,7.06,1
1177,2,0.05,7.42,1
1178,2,0.05,7.16,1
1179,2,0.05,7.82,1
1180,2,0.05,6.88,1
1181,2,0.05,6.54,1
1182,2,0.05,6.92,1
1183,2,0.05,7.54,1
1184,2,0.05,6.4,1
1185,2,0.05,7.22,1
1186,2,0.05,6.0,1
1187,2,0.05,6.92,1
1188,2,0.05,7.22,1
1189,2,0.05,6.5,1
1190,2,0.05,6.36,1
1191,2,0.05,7.12,1
1192,2,0.05,7.36,1
1193,2,0.05,7.48,1
1194,2,0.05,7.38,1
1195,2,0.05,7.44,1
1196,2,0.05,7.22,1
1197,2,0.05,6.18,1
1198,2,0.05,6.98,1
1199,2,0.05,7.9,1
1200,2,0.05,6.84,1
1201,2,0.05,7.6,1
1202,2,0.05,6.94,1
1203,2,0.05,6.98,1
1204,2,0.05,6.7,1
1205,2,0.05,7.16,1
1206,2,0.05,6.72,1
1207,2,0.05,6.68,1
1208,2,0.05,7.42,1
1209,2,0.05,7.16,1
1210,2,0.05,6.28,1
1211,2,0.05,7.48,1
1212,2,0.05,6.82,1
1213,2,0.05,6.3,1
1214,2,0.05,6.78,1
1215,2,0.05,6.44,1
1216,2,0.05,6.96,1
1217,2,0.05,5.86,1
1218,2,0.05,6.64,1
1219,2,0.05,6.36,1
1220,2,0.05,7.32,1
1221,2,0.05,6.92,1
1222,2,0.05,7.16,1
1223,2,0.05,6.04,1
1224,2,0.05,7.34,1
1225,2,0.05,7.2,1
1226,2,0.05,7.16,1
1227,2,0.05,7.12,1
1228,2,0.05,6.46,1
1229,2,0.05,6.34,1
1230,2,0.05,7.6,1
1231,2,0.05,6.7,1
1232,2,0.05,6.48,1
1233,2,0.05,6.12,1
1234,2,0.05,6.96,1
1235,2,0.05,7.26,1
1236,2,0.05,7.12,1
1237,2,0.05,7.22,1
1238,2,0.05,5.7,1
1239,2,0.05,6.18,1
1240,2,0.05,6.88,1
1241,2,0.05,7.98,1
1242,2,0.05,6.86,1
1243,2,0.05,7.84,1
1244,2,0.05,7.02,1
1245,2,0.05,7.76,1
1246,2,0.05,6.36,1
1247,2,0.05,7.24,1
1248,2,0.05,6.8,1
1249,2,0.05,7.06,1
1250,2,0.05,7.14,1
1251,2,0.05,6.12,1
1252,2,0.05,7.28,1
1253,2,0.05,8.2,1
1254,2,0.05,6.34,1
1255,2,0.05,7.58,1
1256,2,0.05,6.04,1
1257,2,0.05,6.62,1
1258,2,0.05,6.96,1
1259,2,0.05,6.78,1
1260,2,0.05,6.48,1
1261,2,0.05,6.92,1
1262,2,0.05,6.18,1
1263,2,0.05,7.92,1
1264,2,0.05,5.88,1
1265,2,0.05,7.1,1
1266,2,0.05,6.04,1
1267,2,0.05,7.0,1
1268,2,0.05,8.72,1
1269,2,0.05,8.24,1
1270,2,0.05,8.62,1
1271,2,0.05,7.04,1
1272,2,0.05,7.18,1
1273,2,0.05,7.2,1
1274,2,0.05,7.44,1
1275,2,0.05,7.1,1
1276,2,0.05,7.16,1
1277,2,0.05,7.32,1
1278,2,0.05,7.16,1
1279,2,0.05,8.2,1
1280,2,0.05,6.98,1
1281,2,0.05,7.0,1
1282,2,0.05,7.22,1
1283,2,0.05,6.0,1
1284,2,0.05,6.72,1
1285,2,0.05,7.3,1
1286,2,0.05,6.3,1
1287,2,0.05,7.46,1
1288,2,0.05,6.78,1
1289,2,0.05,6.7,1
1290,2,0.05,7.1,1
1291,2,0.05,7.54,1
1292,2,0.05,7.4,1
1293,2,0.05,6.24,1
1294,2,0.05,6.56,1
1295,2,0.05,5.66,1
1296,2,0.05,6.16,1
1297,2,0.05,6.72,1
1298,2,0.05,7.5,1
1299,2,0.05,8.2,1
1300,2,0.05,7.04,1
1301,2,0.05,7.1,1
1302,2,0.05,7.44,1
1303,2,0.05,7.56,1
1304,2,0.05,7.72,1
1305,2,0.05,7.4,1
1306,2,0.05,5.92,1
1307,2,0.05,6.0,1
1308,2,0.05,5.84,1
1309,2,0.05,6.76,1
1310,2,0.05,7.78,1
1311,2,0.05,6.56,1
1312,2,0.05,6.74,1
1313,2,0.05,6.46,1
1314,2,0.05,6.64,1
1315,2,0.05,5.74,1
1316,2,0.05,6.32,1
1317,2,0.05,5.58,1
1318,2,0.05,6.52,1
1319,2,0.05,7.18,1
1320,2,0.05,8.3,1
1321,2,0.05,7.22,1
1322,2,0.05,7.44,1
1323,2,0.05,7.42,1
1324,2,0.05,7.24,1
1325,2,0.05,7.84,1
1326,2,0.05,7.06,1
1327,2,0.05,7.08,1
1328,2,0.05,7.04,1
1329,2,0.05,7.28,1
1330,2,0.05,7.12,1
1331,2,0.05,7.9,1
1332,2,0.05,7.42,1
1333,2,0.05,8.48,1
1334,2,0.05,7.82,1
1335,2,0.05,6.9,1
1336,2,0.05,7.72,1
1337,2,0.05,7.74,1
1338,2,0.05,7.04,1
1339,2,0.05,6.46,1
1340,2,0.05,7.34,1
1341,2,0.05,6.98,1
1342,2,0.05,7.26,1
1343,2,0.05,7.5,1
1344,2,0.05,7.92,1
1345,2,0.05,8.18,1
1346,2,0.05,7.06,1
1347,2,0.05,7.66,1
1348,2,0.05,7.18,1
1349,2,0.05,6.78,1
1350,2,0.05,7.82,1
1351,2,0.05,6.62,1
1352,2,0.05,7.16,1
1353,2,0.05,6.8,1
1354,2,0.05,6.48,1
1355,2,0.05,7.02,1
1356,2,0.05,6.28,1
1357,2,0.05,7.06,1
1358,2,0.05,6.6,1
1359,2,0.05,6.62,1
1360,2,0.05,7.48,1
1361,2,0.05,7.1,1
1362,2,0.05,6.12,1
1363,2,0.05,6.04,1
1364,2,0.05,6.84,1
1365,2,0.05,6.88,1
1366,2,0.05,6.08,1
1367,2,0.05,8.1,1
1368,2,0.05,7.18,1
1369,2,0.05,7.6,1
1370,2,0.05,7.3,1
1371,2,0.05,6.76,1
1372,2,0.05,6.8,1
1373,2,0.05,6.16,1
1374,2,0.05,6.6,1
1375,2,0.05,6.56,1
1376,2,0.05,7.3,1
1377,2,0.05,6.88,1
1378,2,0.05,7.64,1
1379,2,0.05,6.12,1
1380,2,0.05,6.14,1
1381,2,0.05,5.96,1
1382,2,0.05,7.2,1
1383,2,0.05,5.38,1
1384,2,0.05,6.64,1
1385,2,0.05,7.26,1
1386,2,0.05,7.06,1
1387,2,0.05,7.52,1
1388,2,0.05,6.84,1
1389,2,0.05,7.34,1
1390,2,0.05,7.24,1
1391,2,0.05,7.56,1
1392,2,0.05,7.56,1
1393,2,0.05,8.16,1
1394,2,0.05,7.78,1
1395,2,0.05,7.4,1
1396,2,0.05,6.66,1
1397,2,0.05,6.78,1
1398,2,0.05,6.9,1
1399,2,0.05,6.7,1
1400,2,0.05,7.34,1
1401,2,0.05,6.86,1
1402,2,0.05,6.96,1
1403,2,0.05,7.08,1
1404,2,0.05,6.74,1
1405,2,0.05,7.2,1
1406,2,0.05,7.62,1
1407,2,0.05,6.64,1
1408,2,0.05,6.78,1
1409,2,0.05,7.64,1
1410,2,0.05,7.8,1
1411,2,0.05,7.42,1
1412,2,0.05,6.92,1
1413,2,0.05,7.0,1
1414,2,0.05,6.28,1
1415,2,0.05,6.18,1
1416,2,0.05,6.4,1
1417,2,0.05,6.68,1
1418,2,0.05,6.78,1
1419,2,0.05,6.36,1
1420,2,0.05,6.38,1
1421,2,0.05,7.06,1
1422,2,0.05,6.96,1
1423,2,0.05,8.28,1
1424,2,0.05,7.52,1
1425,2,0.05,6.48,1
1426,2,0.05,7.4,1
1427,2,0.05,6.84,1
1428,2,0.05,7.36,1
1429,2,0.05,6.48,1
1430,2,0.05,7.06,1
1431,2,0.05,7.56,1
1432,2,0.05,6.0,1
1433,2,0.05,7.14,1
1434,2,0.05,6.46,1
1435,2,0.05,5.76,1
1436,2,0.05,6.08,1
1437,2,0.05,6.64,1
1438,2,0.05,7.34,1
1439,2,0.05,7.22,1
1440,2,0.05,7.56,1
1441,2,0.05,7.74,1
1442,2,0.05,7.98,1
1443,2,0.05,7.94,1
1444,2,0.05,6.94,1
1445,2,0.05,7.2,1
1446,2,0.05,6.58,1
1447,2,0.05,7.24,1
1448,2,0.05,7.08,1
1449,2,0.05,6.68,1
1450,2,0.05,7.52,1
1451,2,0.05,7.38,1
1452,2,0.05,6.6,1
1453,2,0.05,7.5,1
1454,2,0.05,7.16,1
1455,2,0.05,7.14,1
1456,2,0.05,6.62,1
1457,2,0.05,7.22,1
1458,2,0.05,7.04,1
1459,2,0.05,6.42,1
1460,2,0.05,6.04,1
1461,2,0.05,5.74,1
1462,2,0.05,6.98,1
1463,2,0.05,7.36,1
1464,2,0.05,6.66,1
1465,2,0.05,6.58,1
1466,2,0.05,7.24,1
1467,2,0.05,6.6,1
1468,2,0.05,7.12,1
1469,2,0.05,6.94,1
1470,2,0.05,5.9,1
1471,2,0.05,6.74,1
1472,2,0.05,7.44,1
1473,2,0.05,7.26,1
1474,2,0.05,7.54,1
1475,2,0.05,6.62,1
1476,2,0.05,7.52,1
1477,2,0.05,7.8,1
1478,2,0.05,7.36,1
1479,2,0.05,6.02,1
1480,2,0.05,7.24,1
1481,2,0.05,7.4,1
1482,2,0.05,8.42,1
1483,2,0.05,7.34,1
1484,2,0.05,7.3,1
1485,2,0.05,6.96,1
1486,2,0.05,6.98,1
1487,2,0.05,7.2,1
1488,2,0.05,7.36,1
1489,2,0.05,6.1,1
1490,2,0.05,7.34,1
1491,2,0.05,7.26,1
1492,2,0.05,7.44,1
1493,2,0.05,6.58,1
1494,2,0.05,7.46,1
1495,2,0.05,6.74,1
1496,2,0.05,6.44,1
1497,2,0.05,6.76,1
1498,2,0.05,7.3,1
1499,2,0.05,6.36,1
1500,2,0.05,6.66,1
1501,2,0.05,6.46,1
1502,2,0.05,6.84,1
1503,2,0.05,6.9,1
1504,2,0.05,7.38,1
1505,2,0.05,7.7,1
1506,2,0.05,6.04,1
1507,2,0.05,6.52,1
1508,2,0.05,6.4,1
1509,2,0.05,7.58,1
1510,2,0.05,6.9,1
1511,2,0.05,5.96,1
1512,2,0.05,6.94,1
1513,2,0.05,7.5,1
1514,2,0.05,7.18,1
1515,2,0.05,7.84,1
1516,2,0.05,6.86,1
1517,2,0.05,7.22,1
1518,2,0.05,6.7,1
1519,2,0.05,7.56,1
1520,2,0.05,6.72,1
1521,2,0.05,7.36,1
1522,2,0.05,7.52,1
1523,2,0.05,6.6,1
1524,2,0.05,7.06,1
1525,2,0.05,7.18,1
1526,2,0.05,7.74,1
1527,2,0.05,7.5,1
1528,2,0.05,6.6,1
1529,2,0.05,7.76,1
1530,2,0.05,7.12,1
1531,2,0.05,7.36,1
1532,2,0.05,7.4,1
1533,2,0.05,7.62,1
1534,2,0.05,6.38,1
1535,2,0.05,6.6,1
1536,2,0.05,6.38,1
1537,2,0.05,6.8,1
1538,2,0.05,6.3,1
1539,2,0.05,7.46,1
1540,2,0.05,7.26,1
1541,2,0.05,7.78,1
1542,2,0.05,8.42,1
1543,2,0.05,7.26,1
1544,2,0.05,7.1,1
1545,2,0.05,7.22,1
1546,2,0.05,6.54,1
1547,2,0.05,6.02,1
1548,2,0.05,6.14,1
1549,2,0.05,6.24,1
1550,2,0.05,6.48,1
1551,2,0.05,7.16,1
1552,2,0.05,7.6,1
1553,2,0.05,7.16,1
1554,2,0.05,7.66,1
1555,2,0.05,6.42,1
1556,2,0.05,6.54,1
1557,2,0.05,6.86,1
1558,2,0.05,6.72,1
1559,2,0.05,8.3,1
1560,2,0.05,7.78,1
1561,2,0.05,7.34,1
1562,2,0.05,7.86,1
1563,2,0.05,7.52,1
1564,2,0.05,7.54,1
1565,2,0.05,7.86,1
1566,2,0.05,6.9,1
1567,2,0.05,7.66,1
1568,2,0.05,7.08,1
1569,2,0.05,6.7,1
1570,2,0.05,6.14,1
1571,2,0.05,5.8,1
1572,2,0.05,6.64,1
1573,2,0.05,7.98,1
1574,2,0.05,7.54,1
1575,2,0.05,7.54,1
1576,2,0.05,7.22,1
1577,2,0.05,7.62,1
1578,2,0.05,6.82,1
1579,2,0.05,7.6,1
1580,2,0.05,6.58,1
1581,2,0.05,6.8,1
1582,2,0.05,6.6,1
1583,2,0.05,6.28,1
1584,2,0.05,7.48,1
1585,2,0.05,6.82,1
1586,2,0.05,6.86,1
1587,2,0.05,7.3,1
1588,2,0.05,6.96,1
1589,2,0.05,6.96,1
1590,2,0.05,7.58,1
1591,2,0.05,7.18,1
1592,2,0.05,6.0,1
1593,2,0.05,7.74,1
1594,2,0.05,6.24,1
1595,2,0.05,6.74,1
1596,2,0.05,7.54,1
1597,2,0.05,6.94,1
1598,2,0.05,7.2,1
1599,2,0.05,7.64,1
1600,2,0.05,8.04,1
1601,2,0.05,6.82,1
1602,2,0.05,7.0,1
1603,2,0.05,7.04,1
1604,2,0.05,7.0,1
1605,2,0.05,6.32,1
1606,2,0.05,6.98,1
1607,2,0.05,6.68,1
1608,2,0.05,6.76,1
1609,2,0.05,7.3,1
1610,2,0.05,6.44,1
1611,2,0.05,7.14,1
1612,2,0.05,6.38,1
1613,2,0.05,7.44,1
1614,2,0.05,6.92,1
1615,2,0.05,5.84,1
1616,2,0.05,6.04,1
1617,2,0.05,7.4,1
1618,2,0.05,8.4,1
1619,2,0.05,7.32,1
1620,2,0.05,7.02,1
1621,2,0.05,7.24,1
1622,2,0.05,6.42,1
1623,2,0.05,7.3,1
1624,2,0.05,7.44,1
1625,2,0.05,6.98,1
1626,2,0.05,7.4,1
1627,2,0.05,5.9,1
1628,2,0.05,7.08,1
1629,2,0.05,6.48,1
1630,2,0.05,6.96,1
1631,2,0.05,6.92,1
1632,2,0.05,6.22,1
1633,2,0.05,7.6,1
1634,2,0.05,7.6,1
1635,2,0.05,7.68,1
1636,2,0.05,7.78,1
1637,2,0.05,7.72,1
1638,2,0.05,7.96,1
1639,2,0.05,5.9,1
1640,2,0.05,7.06,1
1641,2,0.05,7.08,1
1642,2,0.05,6.24,1
1643,2,0.05,6.72,1
1644,2,0.05,6.72,1
1645,2,0.05,7.06,1
1646,2,0.05,8.28,1
1647,2,0.05,6.92,1
1648,2,0.05,7.26,1
1649,2,0.05,7.68,1
1650,2,0.05,5.96,1
1651,2,0.05,6.82,1
1652,2,0.05,6.84,1
1653,2,0.05,7.5,1
1654,2,0.05,6.42,1
1655,2,0.05,6.78,1
1656,2,0.05,6.68,1
1657,2,0.05,7.2,1
1658,2,0.05,7.22,1
1659,2,0.05,5.18,1
1660,2,0.05,6.18,1
1661,2,0.05,6.68,1
1662,2,0.05,7.1,1
1663,2,0.05,6.82,1
1664,2,0.05,6.82,1
1665,2,0.05,6.2,1
1666,2,0.05,6.28,1
1667,2,0.05,7.46,1
1668,2,0.05,6.58,1
1669,2,0.05,6.94,1
1670,2,0.05,6.92,1
1671,2,0.05,7.34,1
1672,2,0.05,7.3,1
1673,2,0.05,7.32,1
1674,2,0.05,7.16,1
1675,2,0.05,6.44,1
1676,2,0.05,6.96,1
1677,2,0.05,7.7,1
1678,2,0.05,7.28,1
1679,2,0.05,7.12,1
1680,2,0.05,6.86,1
1681,2,0.05,6.82,1
1682,2,0.05,7.78,1
1683,2,0.05,6.96,1
1684,2,0.05,8.36,1
1685,2,0.05,7.06,1
1686,2,0.05,7.18,1
1687,2,0.05,6.98,1
1688,2,0.05,6.6,1
1689,2,0.05,6.98,1
1690,2,0.05,6.64,1
1691,2,0.05,7.34,1
1692,2,0.05,7.34,1
1693,2,0.05,7.6,1
1694,2,0.05,6.52,1
1695,2,0.05,7.06,1
1696,2,0.05,7.26,1
1697,2,0.05,8.32,1
1698,2,0.05,6.5,1
1699,2,0.05,5.64,1
1700,2,0.05,7.04,1
1701,2,0.05,6.88,1
1702,2,0.05,6.34,1
1703,2,0.05,6.8,1
1704,2,0.05,6.74,1
1705,2,0.05,6.86,1
1706,2,0.05,7.04,1
1707,2,0.05,7.38,1
1708,2,0.05,6.8,1
1709,2,0.05,7.36,1
1710,2,0.05,6.62,1
1711,2,0.05,7.28,1
1712,2,0.05,7.12,1
1713,2,0.05,7.5,1
1714,2,0.05,6.32,1
1715,2,0.05,6.46,1
1716,2,0.05,7.66,1
1717,2,0.05,7.16,1
1718,2,0.05,7.0,1
1719,2,0.05,7.68,1
1720,2,0.05,6.68,1
1721,2,0.05,6.24,1
1722,2,0.05,7.58,1
1723,2,0.05,7.32,1
1724,2,0.05,7.36,1
1725,2,0.05,6.64,1
1726,2,0.05,6.58,1
1727,2,0.05,7.1,1
1728,2,0.05,6.66,1
1729,2,0.05,6.06,1
1730,2,0.05,6.76,1
1731,2,0.05,6.76,1
1732,2,0.05,6.88,1
1733,2,0.05,7.08,1
1734,2,0.05,7.66,1
1735,2,0.05,7.1,1
1736,2,0.05,6.12,1
1737,2,0.05,6.96,1
1738,2,0.05,6.66,1
1739,2,0.05,7.78,1
1740,2,0.05,6.36,1
1741,2,0.05,7.34,1
1742,2,0.05,7.38,1
1743,2,0.05,7.16,1
1744,2,0.05,7.14,1
1745,2,0.05,6.84,1
1746,2,0.05,6.84,1
1747,2,0.05,6.16,1
1748,2,0.05,7.8,1
1749,2,0.05,7.92,1
1750,2,0.05,7.74,1
1751,2,0.05,7.68,1
1752,2,0.05,7.3,1
1753,2,0.05,7.38,1
1754,2,0.05,7.46,1
1755,2,0.05,7.62,1
1756,2,0.05,7.14,1
1757,2,0.05,6.9,1
1758,2,0.05,6.6,1
1759,2,0.05,7.26,1
1760,2,0.05,6.82,1
1761,2,0.05,6.98,1
1762,2,0.05,7.52,1
1763,2,0.05,7.58,1
1764,2,0.05,7.22,1
1765,2,0.05,6.9,1
1766,2,0.05,6.54,1
1767,2,0.05,6.1,1
1768,2,0.05,6.44,1
1769,2,0.05,6.88,1
1770,2,0.05,6.38,1
1771,2,0.05,7.62,1
1772,2,0.05,5.96,1
1773,2,0.05,6.98,1
1774,2,0.05,8.1,1
1775,2,0.05,6.72,1
1776,2,0.05,7.04,1
1777,2,0.05,8.08,1
1778,2,0.05,7.44,1
1779,2,0.05,7.52,1
1780,2,0.05,6.56,1
1781,2,0.05,7.06,1
1782,2,0.05,6.66,1
1783,2,0.05,8.14,1
1784,2,0.05,7.18,1
1785,2,0.05,7.3,1
1786,2,0.05,7.22,1
1787,2,0.05,7.34,1
1788,2,0.05,7.18,1
1789,2,0.05,7.34,1
1790,2,0.05,6.5,1
1791,2,0.05,6.42,1
1792,2,0.05,7.02,1
1793,2,0.05,5.9,1
1794,2,0.05,6.98,1
1795,2,0.05,6.76,1
1796,2,0.05,5.78,1
1797,2,0.05,6.14,1
1798,2,0.05,6.96,1
1799,2,0.05,7.64,1
1800,2,0.05,7.98,1
1801,2,0.05,7.72,1
1802,2,0.05,7.12,1
1803,2,0.05,7.46,1
1804,2,0.05,6.58,1
1805,2,0.05,6.88,1
1806,2,0.05,6.92,1
1807,2,0.05,7.8,1
1808,2,0.05,7.8,1
1809,2,0.05,6.54,1
1810,2,0.05,6.86,1
1811,2,0.05,7.56,1
1812,2,0.05,7.84,1
1813,2,0.05,6.44,1
1814,2,0.05,7.58,1
1815,2,0.05,8.06,1
1816,2,0.05,7.46,1
1817,2,0.05,6.38,1
1818,2,0.05,7.44,1
1819,2,0.05,7.5,1
1820,2,0.05,7.12,1
1821,2,0.05,8.24,1
1822,2,0.05,7.1,1
1823,2,0.05,7.74,1
1824,2,0.05,6.52,1
1825,2,0.05,7.08,1
1826,2,0.05,7.56,1
1827,2,0.05,7.04,1
1828,2,0.05,7.12,1
1829,2,0.05,8.22,1
1830,2,0.05,6.98,1
1831,2,0.05,7.5,1
1832,2,0.05,6.86,1
1833,2,0.05,6.24,1
1834,2,0.05,6.86,1
1835,2,0.05,6.6,1
1836,2,0.05,7.0,1
1837,2,0.05,6.48,1
1838,2,0.05,6.6,1
1839,2,0.05,6.92,1
1840,2,0.05,6.76,1
1841,2,0.05,7.68,1
1842,2,0.05,7.74,1
1843,2,0.05,7.3,1
1844,2,0.05,8.32,1
1845,2,0.05,7.56,1
1846,2,0.05,7.74,1
1847,2,0.05,7.22,1
1848,2,0.05,6.94,1
1849,2,0.05,6.56,1
1850,2,0.05,8.08,1
1851,2,0.05,7.2,1
1852,2,0.05,6.74,1
1853,2,0.05,7.0,1
1854,2,0.05,8.02,1
1855,2,0.05,6.72,1
1856,2,0.05,8.18,1
1857,2,0.05,8.16,1
1858,2,0.05,6.74,1
1859,2,0.05,7.04,1
1860,2,0.05,6.84,1
1861,2,0.05,7.0,1
1862,2,0.05,5.92,1
1863,2,0.05,6.62,1
1864,2,0.05,7.44,1
1865,2,0.05,7.28,1
1866,2,0.05,7.46,1
1867,2,0.05,7.82,1
1868,2,0.05,7.68,1
1869,2,0.05,7.0,1
1870,2,0.05,7.44,1
1871,2,0.05,7.34,1
1872,2,0.05,7.46,1
1873,2,0.05,6.58,1
1874,2,0.05,6.34,1
1875,2,0.05,6.18,1
1876,2,0.05,6.7,1
1877,2,0.05,7.2,1
1878,2,0.05,7.02,1
1879,2,0.05,6.0,1
1880,2,0.05,7.34,1
1881,2,0.05,6.5,1
1882,2,0.05,6.5,1
1883,2,0.05,7.58,1
1884,2,0.05,7.54,1
1885,2,0.05,7.94,1
1886,2,0.05,6.82,1
1887,2,0.05,7.5,1
1888,2,0.05,7.76,1
1889,2,0.05,8.38,1
1890,2,0.05,7.16,1
1891,2,0.05,6.68,1
1892,2,0.05,7.3,1
1893,2,0.05,7.36,1
1894,2,0.05,7.24,1
1895,2,0.05,7.2,1
1896,2,0.05,7.12,1
1897,2,0.05,6.82,1
1898,2,0.05,6.86,1
1899,2,0.05,6.68,1
1900,2,0.05,5.82,1
1901,2,0.05,7.06,1
1902,2,0.05,6.96,1
1903,2,0.05,7.18,1
1904,2,0.05,6.76,1
1905,2,0.05,7.0,1
1906,2,0.05,6.84,1
1907,2,0.05,6.72,1
1908,2,0.05,6.7,1
1909,2,0.05,6.28,1
1910,2,0.05,6.7,1
1911,2,0.05,7.28,1
1912,2,0.05,6.4,1
1913,2,0.05,7.18,1
1914,2,0.05,6.14,1
1915,2,0.05,8.06,1
1916,2,0.05,7.36,1
1917,2,0.05,7.1,1
1918,2,0.05,7.54,1
1919,2,0.05,7.82,1
1920,2,0.05,7.66,1
1921,2,0.05,7.44,1
1922,2,0.05,7.78,1
1923,2,0.05,6.9,1
1924,2,0.05,6.6,1
1925,2,0.05,6.94,1
1926,2,0.05,6.28,1
1927,2,0.05,7.78,1
1928,2,0.05,8.36,1
1929,2,0.05,7.9,1
1930,2,0.05,7.76,1
1931,2,0.05,6.98,1
1932,2,0.05,7.1,1
1933,2,0.05,6.9,1
1934,2,0.05,5.64,1
1935,2,0.05,6.22,1
1936,2,0.05,6.98,1
1937,2,0.05,6.88,1
1938,2,0.05,5.86,1
1939,2,0.05,6.46,1
1940,2,0.05,8.46,1
1941,2,0.05,7.7,1
1942,2,0.05,7.3,1
1943,2,0.05,8.5,1
1944,2,0.05,7.5,1
1945,2,0.05,6.82,1
1946,2,0.05,6.1,1
1947,2,0.05,5.7,1
1948,2,0.05,6.66,1
1949,2,0.05,7.02,1
1950,2,0.05,7.82,1
1951,2,0.05,6.54,1
1952,2,0.05,7.28,1
1953,2,0.05,6.44,1
1954,2,0.05,7.2,1
1955,2,0.05,7.92,1
1956,2,0.05,7.78,1
1957,2,0.05,6.84,1
1958,2,0.05,8.62,1
1959,2,0.05,8.18,1
1960,2,0.05,8.12,1
1961,2,0.05,8.48,1
1962,2,0.05,6.24,1
1963,2,0.05,7.38,1
1964,2,0.05,7.38,1
1965,2,0.05,6.7,1
1966,2,0.05,7.82,1
1967,2,0.05,7.16,1
1968,2,0.05,7.0,1
1969,2,0.05,7.3,1
1970,2,0.05,7.02,1
1971,2,0.05,6.56,1
1972,2,0.05,7.06,1
1973,2,0.05,7.7,1
1974,2,0.05,6.7,1
1975,2,0.05,6.46,1
1976,2,0.05,6.36,1
1977,2,0.05,6.78,1
1978,2,0.05,7.02,1
1979,2,0.05,6.84,1
1980,2,0.05,6.38,1
1981,2,0.05,7.06,1
1982,2,0.05,6.58,1
1983,2,0.05,6.52,1
1984,2,0.05,7.18,1
1985,2,0.05,7.56,1
1986,2,0.05,8.06,1
1987,2,0.05,6.68,1
1988,2,0.05,6.8,1
1989,2,0.05,6.36,1
1990,2,0.05,6.46,1
1991,2,0.05,6.9,1
1992,2,0.05,7.92,1
1993,2,0.05,6.62,1
1994,2,0.05,6.64,1
1995,2,0.05,7.26,1
1996,2,0.05,7.52,1
1997,2,0.05,7.7,1
1998,2,0.05,7.56,1
1999,2,0.05,7.02,1
2000,2,0.05,6.94,1
0,3,0.05,58.3,45
1,3,0.05,50.12,41
2,3,0.05,45.28,38
3,3,0.05,41.26,34
4,3,0.05,37.3,31
5,3,0.05,34.42,28
6,3,0.05,31.18,27
7,3,0.05,30.44,26
8,3,0.05,29.94,24
9,3,0.05,28.28,22
10,3,0.05,26.24,21
11,3,0.05,24.94,21
12,3,0.05,24.46,20
13,3,0.05,24.18,19
14,3,0.05,23.06,19
15,3,0.05,21.92,18
16,3,0.05,21.7,17
17,3,0.05,21.04,17
18,3,0.05,20.6,17
19,3,0.05,20.94,15
20,3,0.05,21.16,15
21,3,0.05,19.74,14
22,3,0.05,19.14,13
23,3,0.05,18.2,13
24,3,0.05,18.0,13
25,3,0.05,18.1,12
26,3,0.05,16.74,12
27,3,0.05,16.44,12
28,3,0.05,16.3,12
29,3,0.05,16.38,12
30,3,0.05,16.08,12
31,3,0.05,16.08,12
32,3,0.05,16.66,11
33,3,0.05,15.82,11
34,3,0.05,16.04,11
35,3,0.05,15.06,11
36,3,0.05,15.16,10
37,3,0.05,14.94,10
38,3,0.05,15.62,10
39,3,0.05,15.82,10
40,3,0.05,14.26,10
41,3,0.05,15.18,9
42,3,0.05,13.92,9
43,3,0.05,14.18,9
44,3,0.05,13.3,9
45,3,0.05,12.8,8
46,3,0.05,12.92,8
47,3,0.05,13.64,8
48,3,0.05,13.76,8
49,3,0.05,13.6,8
50,3,0.05,13.2,8
51,3,0.05,13.28,8
52,3,0.05,13.76,8
53,3,0.05,13.12,8
54,3,0.05,12.44,8
55,3,0.05,12.98,8
56,3,0.05,13.08,8
57,3,0.05,12.94,8
58,3,0.05,13.64,8
59,3,0.05,13.56,8
60,3,0.05,13.32,8
61,3,0.05,13.16,8
62,3,0.05,12.8,8
63,3,0.05,12.36,8
64,3,0.05,12.74,8
65,3,0.05,12.32,8
66,3,0.05,13.2,8
67,3,0.05,13.24,8
68,3,0.05,13.28,8
69,3,0.05,13.7,8
70,3,0.05,13.94,8
71,3,0.05,12.74,8
72,3,0.05,12.82,8
73,3,0.05,13.14,8
74,3,0.05,13.4,8
75,3,0.05,13.58,8
76,3,0.05,12.82,8
77,3,0.05,12.54,8
78,3,0.05,13.1,7
79,3,0.05,11.98,7
80,3,0.05,11.82,7
81,3,0.05,11.94,7
82,3,0.05,12.34,5
83,3,0.05,11.18,5
84,3,0.05,10.8,5
85,3,0.05,11.48,5
86,3,0.05,10.66,5
87,3,0.05,11.0,5
88,3,0.05,10.06,5
89,3,0.05,11.14,5
90,3,0.05,10.24,5
91,3,0.05,10.48,5
92,3,0.05,10.5,5
93,3,0.05,10.82,5
94,3,0.05,11.06,5
95,3,0.05,10.12,5
96,3,0.05,9.4,5
97,3,0.05,10.68,5
98,3,0.05,9.88,5
99,3,0.05,9.94,5
100,3,0.05,10.1,5
101,3,0.05,10.76,5
102,3,0.05,11.56,5
103,3,0.05,10.54,5
104,3,0.05,10.6,5
105,3,0.05,10.26,5
106,3,0.05,10.14,5
107,3,0.05,11.14,5
108,3,0.05,9.62,5
109,3,0.05,10.98,5
110,3,0.05,9.98,5
111,3,0.05,10.06,5
112,3,0.05,10.44,5
113,3,0.05,10.28,5
114,3,0.05,11.0,5
115,3,0.05,10.76,5
116,3,0.05,10.48,5
117,3,0.05,10.62,5
118,3,0.05,10.3,5
119,3,0.05,9.46,5
120,3,0.05,10.82,5
121,3,0.05,11.16,5
122,3,0.05,10.56,5
123,3,0.05,10.56,5
124,3,0.05,11.62,5
125,3,0.05,10.78,5
126,3,0.05,12.28,5
127,3,0.05,10.74,4
128,3,0.05,9.42,4
129,3,0.05,10.3,4
130,3,0.05,9.16,4
131,3,0.05,9.84,4
132,3,0.05,9.48,4
133,3,0.05,9.66,4
134,3,0.05,10.24,4
135,3,0.05,9.64,4
136,3,0.05,9.32,4
137,3,0.05,10.42,4
138,3,0.05,8.84,4
139,3,0.05,8.92,4
140,3,0.05,9.56,4
141,3,0.05,8.84,4
142,3,0.05,9.0,4
143,3,0.05,9.06,4
144,3,0.05,9.92,4
145,3,0.05,9.3,4
146,3,0.05,9.74,4
147,3,0.05,9.22,4
148,3,0.05,10.28,4
149,3,0.05,9.12,4
150,3,0.05,10.24,4
151,3,0.05,10.04,4
152,3,0.05,9.9,4
153,3,0.05,9.32,4
154,3,0.05,9.26,4
155,3,0.05,8.88,3
156,3,0.05,8.24,3
157,3,0.05,8.84,3
158,3,0.05,9.18,3
159,3,0.05,9.1,3
160,3,0.05,8.42,3
161,3,0.05,8.46,3
162,3,0.05,9.28,3
163,3,0.05,9.9,3
164,3,0.05,9.32,3
165,3,0.05,9.22,3
166,3,0.05,9.3,3
167,3,0.05,9.22,3
168,3,0.05,9.36,3
169,3,0.05,9.16,3
170,3,0.05,9.32,3
171,3,0.05,7.46,3
172,3,0.05,8.84,3
173,3,0.05,8.14,3
174,3,0.05,8.48,3
175,3,0.05,7.56,3
176,3,0.05,8.52,3
177,3,0.05,9.0,3
178,3,0.05,9.28,3
179,3,0.05,8.5,3
180,3,0.05,9.04,3
181,3,0.05,7.98,3
182,3,0.05,8.98,3
183,3,0.05,9.46,3
184,3,0.05,8.52,3
185,3,0.05,8.76,3
186,3,0.05,8.94,3
187,3,0.05,8.8,3
188,3,0.05,8.88,3
189,3,0.05,8.56,3
190,3,0.05,8.02,3
191,3,0.05,8.6,3
192,3,0.05,9.1,3
193,3,0.05,7.7,3
194,3,0.05,7.98,3
195,3,0.05,8.64,3
196,3,0.05,9.14,3
197,3,0.05,8.8,3
198,3,0.05,8.74,3
199,3,0.05,8.28,3
200,3,0.05,9.52,3
201,3,0.05,8.76,3
202,3,0.05,8.02,3
203,3,0.05,8.44,3
204,3,0.05,7.74,3
205,3,0.05,8.3,3
206,3,0.05,8.14,3
207,3,0.05,9.26,3
208,3,0.05,9.02,3
209,3,0.05,8.68,3
210,3,0.05,9.2,3
211,3,0.05,9.24,3
212,3,0.05,8.44,3
213,3,0.05,8.86,3
214,3,0.05,9.2,3
215,3,0.05,8.52,3
216,3,0.05,8.94,3
217,3,0.05,8.72,3
218,3,0.05,8.86,3
219,3,0.05,8.82,3
220,3,0.05,8.86,3
221,3,0.05,7.94,3
222,3,0.05,9.58,3
223,3,0.05,9.06,3
224,3,0.05,8.96,3
225,3,0.05,8.3,3
226,3,0.05,8.08,3
227,3,0.05,8.62,3
228,3,0.05,8.32,2
229,3,0.05,8.48,2
230,3,0.05,7.5,2
231,3,0.05,7.64,2
232,3,0.05,7.54,2
233,3,0.05,7.24,2
234,3,0.05,8.54,2
235,3,0.05,8.06,2
236,3,0.05,8.44,2
237,3,0.05,8.22,2
238,3,0.05,8.1,2
239,3,0.05,8.16,1
240,3,0.05,7.7,1
241,3,0.05,7.26,1
242,3,0.05,7.26,1
243,3,0.05,6.58,1
244,3,0.05,7.02,1
245,3,0.05,8.16,1
246,3,0.05,7.6,1
247,3,0.05,6.7,1
248,3,0.05,8.22,1
249,3,0.05,7.96,1
250,3,0.05,6.42,1
251,3,0.05,6.52,1
252,3,0.05,6.86,1
253,3,0.05,7.58,1
254,3,0.05,7.26,1
255,3,0.05,7.06,1
256,3,0.05,7.36,1
257,3,0.05,5.88,1
258,3,0.05,7.46,1
259,3,0.05,6.42,1
260,3,0.05,5.9,1
261,3,0.05,7.78,1
262,3,0.05,8.0,1
263,3,0.05,7.02,1
264,3,0.05,6.58,1
265,3,0.05,7.56,1
266,3,0.05,6.9,1
267,3,0.05,6.54,1
268,3,0.05,6.4,1
269,3,0.05,6.68,1
270,3,0.05,7.06,1
271,3,0.05,6.9,1
272,3,0.05,7.22,1
273,3,0.05,7.28,1
274,3,0.05,7.88,1
275,3,0.05,7.32,1
276,3,0.05,7.74,1
277,3,0.05,7.02,1
278,3,0.05,7.04,1
279,3,0.05,6.26,1
280,3,0.05,7.02,1
281,3,0.05,7.74,1
282,3,0.05,7.54,1
283,3,0.05,7.76,1
284,3,0.05,6.8,1
285,3,0.05,7.5,1
286,3,0.05,7.54,1
287,3,0.05,7.7,1
288,3,0.05,8.2,1
289,3,0.05,8.2,1
290,3,0.05,6.78,1
291,3,0.05,6.5,1
292,3,0.05,6.86,1
293,3,0.05,7.2,1
294,3,0.05,7.74,1
295,3,0.05,6.96,1
296,3,0.05,6.9,1
297,3,0.05,6.26,1
298,3,0.05,5.9,1
299,3,0.05,6.72,1
300,3,0.05,6.26,1
301,3,0.05,6.4,1
302,3,0.05,7.0,1
303,3,0.05,7.16,1
304,3,0.05,6.84,1
305,3,0.05,6.68,1
306,3,0.05,5.7,1
307,3,0.05,6.28,1
308,3,0.05,6.76,1
309,3,0.05,7.6,1
310,3,0.05,7.16,1
311,3,0.05,8.34,1
312,3,0.05,6.8,1
313,3,0.05,8.26,1
314,3,0.05,7.46,1
315,3,0.05,7.2,1
316,3,0.05,7.6,1
317,3,0.05,7.48,1
318,3,0.05,6.26,1
319,3,0.05,7.5,1
320,3,0.05,7.84,1
321,3,0.05,7.36,1
322,3,0.05,7.9,1
323,3,0.05,6.44,1
324,3,0.05,6.16,1
325,3,0.05,6.74,1
326,3,0.05,7.26,1
327,3,0.05,7.9,1
328,3,0.05,7.62,1
329,3,0.05,7.2,1
330,3,0.05,6.54,1
331,3,0.05,6.72,1
332,3,0.05,7.04,1
333,3,0.05,6.3,1
334,3,0.05,5.86,1
335,3,0.05,5.74,1
336,3,0.05,7.44,1
337,3,0.05,6.48,1
338,3,0.05,7.24,1
339,3,0.05,6.76,1
340,3,0.05,7.04,1
341,3,0.05,6.94,1
342,3,0.05,7.56,1
343,3,0.05,7.4,1
344,3,0.05,6.32,1
345,3,0.05,6.14,1
346,3,0.05,7.14,1
347,3,0.05,6.12,1
348,3,0.05,6.36,1
349,3,0.05,7.0,1
350,3,0.05,6.22,1
351,3,0.05,6.68,1
352,3,0.05,7.24,1
353,3,0.05,7.76,1
354,3,0.05,7.54,1
355,3,0.05,7.18,1
356,3,0.05,7.04,1
357,3,0.05,6.42,1
358,3,0.05,6.96,1
359,3,0.05,7.4,1
360,3,0.05,8.04,1
361,3,0.05,7.66,1
362,3,0.05,8.28,1
363,3,0.05,8.16,1
364,3,0.05,6.72,1
365,3,0.05,7.52,1
366,3,0.05,6.4,1
367,3,0.05,5.56,1
368,3,0.05,6.72,1
369,3,0.05,6.6,1
370,3,0.05,7.38,1
371,3,0.05,6.34,1
372,3,0.05,7.18,1
373,3,0.05,7.72,1
374,3,0.05,8.22,1
375,3,0.05,8.1,1
376,3,0.05,7.32,1
377,3,0.05,6.68,1
378,3,0.05,7.02,1
379,3,0.05,6.92,1
380,3,0.05,6.54,1
381,3,0.05,7.42,1
382,3,0.05,7.5,1
383,3,0.05,7.96,1
384,3,0.05,7.4,1
385,3,0.05,6.96,1
386,3,0.05,6.86,1
387,3,0.05,7.96,1
388,3,0.05,7.36,1
389,3,0.05,7.52,1
390,3,0.05,7.06,1
391,3,0.05,7.82,1
392,3,0.05,6.76,1
393,3,0.05,7.0,1
394,3,0.05,7.8,1
395,3,0.05,6.58,1
396,3,0.05,6.7,1
397,3,0.05,6.88,1
398,3,0.05,7.42,1
399,3,0.05,6.94,1
400,3,0.05,8.3,1
401,3,0.05,7.86,1
402,3,0.05,5.72,1
403,3,0.05,6.6,1
404,3,0.05,8.08,1
405,3,0.05,8.46,1
406,3,0.05,6.78,1
407,3,0.05,7.18,1
408,3,0.05,5.94,1
409,3,0.05,7.2,1
410,3,0.05,6.82,1
411,3,0.05,5.54,1
412,3,0.05,6.2,1
413,3,0.05,7.74,1
414,3,0.05,8.18,1
415,3,0.05,7.94,1
416,3,0.05,8.54,1
417,3,0.05,6.42,1
418,3,0.05,6.54,1
419,3,0.05,7.5,1
420,3,0.05,6.84,1
421,3,0.05,6.44,1
422,3,0.05,7.06,1
423,3,0.05,6.94,1
424,3,0.05,6.78,1
425,3,0.05,7.48,1
426,3,0.05,6.32,1
427,3,0.05,7.24,1
428,3,0.05,6.8,1
429,3,0.05,6.1,1
430,3,0.05,7.12,1
431,3,0.05,7.9,1
432,3,0.05,7.14,1
433,3,0.05,7.42,1
434,3,0.05,7.64,1
435,3,0.05,6.12,1
436,3,0.05,6.62,1
437,3,0.05,8.06,1
438,3,0.05,7.2,1
439,3,0.05,7.86,1
440,3,0.05,7.08,1
441,3,0.05,7.14,1
442,3,0.05,7.24,1
443,3,0.05,6.72,1
444,3,0.05,6.26,1
445,3,0.05,8.0,1
446,3,0.05,7.18,1
447,3,0.05,6.8,1
448,3,0.05,7.22,1
449,3,0.05,6.48,1
450,3,0.05,6.86,1
451,3,0.05,7.34,1
452,3,0.05,7.96,1
453,3,0.05,8.8,1
454,3,0.05,7.84,1
455,3,0.05,7.38,1
456,3,0.05,7.74,1
457,3,0.05,7.34,1
458,3,0.05,8.46,1
459,3,0.05,8.26,1
460,3,0.05,8.2,1
461,3,0.05,7.72,1
462,3,0.05,7.02,1
463,3,0.05,6.9,1
464,3,0.05,7.88,1
465,3,0.05,6.02,1
466,3,0.05,6.08,1
467,3,0.05,6.72,1
468,3,0.05,7.16,1
469,3,0.05,6.1,1
470,3,0.05,7.98,1
471,3,0.05,7.06,1
472,3,0.05,6.38,1
473,3,0.05,7.68,1
474,3,0.05,7.3,1
475,3,0.05,7.42,1
476,3,0.05,6.82,1
477,3,0.05,7.34,1
478,3,0.05,6.92,1
479,3,0.05,7.7,1
480,3,0.05,7.24,1
481,3,0.05,7.4,1
482,3,0.05,6.9,1
483,3,0.05,7.36,1
484,3,0.05,8.0,1
485,3,0.05,7.0,1
486,3,0.05,6.44,1
487,3,0.05,6.68,1
488,3,0.05,7.38,1
489,3,0.05,7.24,1
490,3,0.05,6.92,1
491,3,0.05,6.28,1
492,3,0.05,6.88,1
493,3,0.05,7.78,1
494,3,0.05,7.22,1
495,3,0.05,7.46,1
496,3,0.05,4.98,1
497,3,0.05,6.36,1
498,3,0.05,5.94,1
499,3,0.05,6.72,1
500,3,0.05,6.28,1
501,3,0.05,6.56,1
502,3,0.05,7.06,1
503,3,0.05,6.2,1
504,3,0.05,6.48,1
505,3,0.05,7.54,1
506,3,0.05,7.6,1
507,3,0.05,7.46,1
508,3,0.05,6.5,1
509,3,0.05,7.04,1
510,3,0.05,6.16,1
511,3,0.05,6.06,1
512,3,0.05,5.98,1
513,3,0.05,7.2,1
514,3,0.05,6.52,1
515,3,0.05,6.24,1
516,3,0.05,6.6,1
517,3,0.05,6.74,1
518,3,0.05,7.52,1
519,3,0.05,6.78,1
520,3,0.05,7.04,1
521,3,0.05,7.36,1
522,3,0.05,7.44,1
523,3,0.05,7.78,1
524,3,0.05,7.36,1
525,3,0.05,5.94,1
526,3,0.05,6.64,1
527,3,0.05,7.86,1
528,3,0.05,7.66,1
529,3,0.05,7.7,1
530,3,0.05,6.96,1
531,3,0.05,7.52,1
532,3,0.05,7.22,1
533,3,0.05,7.72,1
534,3,0.05,7.72,1
535,3,0.05,7.2,1
536,3,0.05,7.12,1
537,3,0.05,6.54,1
538,3,0.05,6.66,1
539,3,0.05,6.88,1
540,3,0.05,7.44,1
541,3,0.05,7.02,1
542,3,0.05,6.8,1
543,3,0.05,6.64,1
544,3,0.05,6.62,1
545,3,0.05,6.54,1
546,3,0.05,6.62,1
547,3,0.05,7.04,1
548,3,0.05,7.2,1
549,3,0.05,7.38,1
550,3,0.05,7.84,1
551,3,0.05,7.3,1
552,3,0.05,6.5,1
553,3,0.05,6.42,1
554,3,0.05,6.46,1
555,3,0.05,6.24,1
556,3,0.05,6.3,1
557,3,0.05,7.1,1
558,3,0.05,7.8,1
559,3,0.05,6.6,1
560,3,0.05,7.36,1
561,3,0.05,7.16,1
562,3,0.05,6.24,1
563,3,0.05,6.18,1
564,3,0.05,6.94,1
565,3,0.05,6.58,1
566,3,0.05,7.26,1
567,3,0.05,7.32,1
568,3,0.05,7.1,1
569,3,0.05,7.4,1
570,3,0.05,6.74,1
571,3,0.05,6.8,1
572,3,0.05,7.04,1
573,3,0.05,7.34,1
574,3,0.05,6.78,1
575,3,0.05,7.28,1
576,3,0.05,7.0,1
577,3,0.05,6.92,1
578,3,0.05,7.56,1
579,3,0.05,7.74,1
580,3,0.05,7.2,1
581,3,0.05,6.54,1
582,3,0.05,6.22,1
583,3,0.05,6.72,1
584,3,0.05,6.68,1
585,3,0.05,7.16,1
586,3,0.05,7.4,1
587,3,0.05,7.1,1
588,3,0.05,6.88,1
589,3,0.05,7.26,1
590,3,0.05,7.7,1
591,3,0.05,7.14,1
592,3,0.05,7.98,1
593,3,0.05,6.84,1
594,3,0.05,7.66,1
595,3,0.05,7.28,1
596,3,0.05,7.52,1
597,3,0.05,7.46,1
598,3,0.05,8.12,1
599,3,0.05,8.14,1
600,3,0.05,7.04,1
601,3,0.05,6.78,1
602,3,0.05,7.38,1
603,3,0.05,7.12,1
604,3,0.05,5.7,1
605,3,0.05,5.66,1
606,3,0.05,7.2,1
607,3,0.05,7.1,1
608,3,0.05,7.32,1
609,3,0.05,6.96,1
610,3,0.05,6.24,1
611,3,0.05,6.02,1
612,3,0.05,6.7,1
613,3,0.05,7.04,1
614,3,0.05,7.96,1
615,3,0.05,6.98,1
616,3,0.05,7.14,1
617,3,0.05,7.16,1
618,3,0.05,6.4,1
619,3,0.05,6.68,1
620,3,0.05,6.96,1
621,3,0.05,6.88,1
622,3,0.05,7.46,1
623,3,0.05,8.04,1
624,3,0.05,7.42,1
625,3,0.05,6.54,1
626,3,0.05,7.4,1
627,3,0.05,6.46,1
628,3,0.05,6.68,1
629,3,0.05,7.42,1
630,3,0.05,6.58,1
631,3,0.05,6.52,1
632,3,0.05,7.18,1
633,3,0.05,7.06,1
634,3,0.05,6.68,1
635,3,0.05,7.4,1
636,3,0.05,6.78,1
637,3,0.05,7.44,1
638,3,0.05,7.14,1
639,3,0.05,6.86,1
640,3,0.05,6.46,1
641,3,0.05,7.54,1
642,3,0.05,6.32,1
643,3,0.05,6.28,1
644,3,0.05,6.88,1
645,3,0.05,7.2,1
646,3,0.05,6.78,1
647,3,0.05,6.42,1
648,3,0.05,5.5,1
649,3,0.05,7.08,1
650,3,0.05,6.74,1
651,3,0.05,7.42,1
652,3,0.05,6.9,1
653,3,0.05,6.9,1
654,3,0.05,6.64,1
655,3,0.05,7.54,1
656,3,0.05,8.1,1
657,3,0.05,6.82,1
658,3,0.05,6.36,1
659,3,0.05,7.44,1
660,3,0.05,7.28,1
661,3,0.05,7.2,1
662,3,0.05,6.78,1
663,3,0.05,7.06,1
664,3,0.05,7.36,1
665,3,0.05,7.22,1
666,3,0.05,7.7,1
667,3,0.05,7.78,1
668,3,0.05,7.54,1
669,3,0.05,7.44,1
670,3,0.05,7.26,1
671,3,0.05,7.64,1
672,3,0.05,6.9,1
673,3,0.05,6.24,1
674,3,0.05,6.56,1
675,3,0.05,6.66,1
676,3,0.05,6.9,1
677,3,0.05,6.82,1
678,3,0.05,6.98,1
679,3,0.05,6.6,1
680,3,0.05,6.22,1
681,3,0.05,7.48,1
682,3,0.05,6.06,1
683,3,0.05,6.58,1
684,3,0.05,7.72,1
685,3,0.05,6.92,1
686,3,0.05,7.12,1
687,3,0.05,7.84,1
688,3,0.05,7.98,1
689,3,0.05,7.82,1
690,3,0.05,6.96,1
691,3,0.05,7.1,1
692,3,0.05,6.08,1
693,3,0.05,6.14,1
694,3,0.05,6.86,1
695,3,0.05,6.54,1
696,3,0.05,6.94,1
697,3,0.05,7.7,1
698,3,0.05,7.68,1
699,3,0.05,7.74,1
700,3,0.05,8.42,1
701,3,0.05,6.28,1
702,3,0.05,6.56,1
703,3,0.05,6.4,1
704,3,0.05,7.68,1
705,3,0.05,6.66,1
706,3,0.05,6.48,1
707,3,0.05,7.48,1
708,3,0.05,7.96,1
709,3,0.05,7.28,1
710,3,0.05,7.98,1
711,3,0.05,7.08,1
712,3,0.05,6.6,1
713,3,0.05,6.66,1
714,3,0.05,6.2,1
715,3,0.05,6.76,1
716,3,0.05,5.5,1
717,3,0.05,6.44,1
718,3,0.05,6.78,1
719,3,0.05,7.06,1
720,3,0.05,8.26,1
721,3,0.05,7.1,1
722,3,0.05,7.7,1
723,3,0.05,7.24,1
724,3,0.05,7.24,1
725,3,0.05,7.32,1
726,3,0.05,7.42,1
727,3,0.05,7.28,1
728,3,0.05,7.22,1
729,3,0.05,7.6,1
730,3,0.05,7.04,1
731,3,0.05,6.5,1
732,3,0.05,6.3,1
733,3,0.05,6.68,1
734,3,0.05,6.96,1
735,3,0.05,6.56,1
736,3,0.05,6.8,1
737,3,0.05,6.68,1
738,3,0.05,7.16,1
739,3,0.05,7.38,1
740,3,0.05,6.82,1
741,3,0.05,6.62,1
742,3,0.05,7.2,1
743,3,0.05,6.88,1
744,3,0.05,6.94,1
745,3,0.05,6.5,1
746,3,0.05,6.3,1
747,3,0.05,8.1,1
748,3,0.05,6.3,1
749,3,0.05,7.0,1
750,3,0.05,5.82,1
751,3,0.05,6.84,1
752,3,0.05,7.7,1
753,3,0.05,7.06,1
754,3,0.05,6.26,1
755,3,0.05,7.3,1
756,3,0.05,6.94,1
757,3,0.05,7.32,1
758,3,0.05,6.66,1
759,3,0.05,6.98,1
760,3,0.05,5.94,1
761,3,0.05,6.4,1
762,3,0.05,6.62,1
763,3,0.05,6.76,1
764,3,0.05,6.84,1
765,3,0.05,7.1,1
766,3,0.05,6.06,1
767,3,0.05,6.64,1
768,3,0.05,6.66,1
769,3,0.05,6.58,1
770,3,0.05,6.76,1
771,3,0.05,7.28,1
772,3,0.05,8.72,1
773,3,0.05,7.44,1
774,3,0.05,6.56,1
775,3,0.05,6.98,1
776,3,0.05,7.26,1
777,3,0.05,6.22,1
778,3,0.05,6.94,1
779,3,0.05,6.16,1
780,3,0.05,6.24,1
781,3,0.05,7.72,1
782,3,0.05,7.18,1
783,3,0.05,7.12,1
784,3,0.05,6.68,1
785,3,0.05,7.74,1
786,3,0.05,7.12,1
787,3,0.05,7.52,1
788,3,0.05,7.74,1
789,3,0.05,7.6,1
790,3,0.05,6.88,1
791,3,0.05,7.22,1
792,3,0.05,6.86,1
793,3,0.05,6.5,1
794,3,0.05,7.32,1
795,3,0.05,6.5,1
796,3,0.05,5.8,1
797,3,0.05,6.78,1
798,3,0.05,5.4,1
799,3,0.05,5.62,1
800,3,0.05,6.36,1
801,3,0.05,6.7,1
802,3,0.05,6.3,1
803,3,0.05,6.94,1
804,3,0.05,6.38,1
805,3,0.05,6.7,1
806,3,0.05,5.44,1
807,3,0.05,6.98,1
808,3,0.05,7.22,1
809,3,0.05,7.22,1
810,3,0.05,6.88,1
811,3,0.05,7.92,1
812,3,0.05,8.02,1
813,3,0.05,6.28,1
814,3,0.05,6.58,1
815,3,0.05,6.14,1
816,3,0.05,7.26,1
817,3,0.05,6.14,1
818,3,0.05,6.84,1
819,3,0.05,7.22,1
820,3,0.05,8.4,1
821,3,0.05,6.62,1
822,3,0.05,5.4,1
823,3,0.05,6.42,1
824,3,0.05,7.08,1
825,3,0.05,6.82,1
826,3,0.05,6.92,1
827,3,0.05,8.56,1
828,3,0.05,7.22,1
829,3,0.05,6.68,1
830,3,0.05,8.36,1
831,3,0.05,6.9,1
832,3,0.05,6.54,1
833,3,0.05,6.42,1
834,3,0.05,6.54,1
835,3,0.05,7.08,1
836,3,0.05,7.32,1
837,3,0.05,7.0,1
838,3,0.05,7.74,1
839,3,0.05,7.08,1
840,3,0.05,6.66,1
841,3,0.05,7.0,1
842,3,0.05,7.68,1
843,3,0.05,7.4,1
844,3,0.05,6.22,1
845,3,0.05,6.1,1
846,3,0.05,7.0,1
847,3,0.05,6.84,1
848,3,0.05,8.06,1
849,3,0.05,7.38,1
850,3,0.05,7.12,1
851,3,0.05,7.34,1
852,3,0.05,7.14,1
853,3,0.05,7.14,1
854,3,0.05,6.36,1
855,3,0.05,7.06,1
856,3,0.05,7.0,1
857,3,0.05,6.56,1
858,3,0.05,7.34,1
859,3,0.05,6.44,1
860,3,0.05,6.82,1
861,3,0.05,7.4,1
862,3,0.05,7.46,1
863,3,0.05,8.1,1
864,3,0.05,7.02,1
865,3,0.05,7.14,1
866,3,0.05,7.64,1
867,3,0.05,8.56,1
868,3,0.05,7.42,1
869,3,0.05,6.5,1
870,3,0.05,6.38,1
871,3,0.05,7.62,1
872,3,0.05,7.46,1
873,3,0.05,7.76,1
874,3,0.05,7.76,1
875,3,0.05,7.2,1
876,3,0.05,8.3,1
877,3,0.05,7.34,1
878,3,0.05,7.12,1
879,3,0.05,7.02,1
880,3,0.05,7.36,1
881,3,0.05,7.14,1
882,3,0.05,6.8,1
883,3,0.05,8.04,1
884,3,0.05,7.0,1
885,3,0.05,7.46,1
886,3,0.05,7.28,1
887,3,0.05,7.84,1
888,3,0.05,7.06,1
889,3,0.05,6.98,1
890,3,0.05,7.28,1
891,3,0.05,8.06,1
892,3,0.05,7.74,1
893,3,0.05,6.7,1
894,3,0.05,6.5,1
895,3,0.05,7.3,1
896,3,0.05,6.76,1
897,3,0.05,6.28,1
898,3,0.05,6.14,1
899,3,0.05,7.34,1
900,3,0.05,6.54,1
901,3,0.05,7.08,1
902,3,0.05,7.24,1
903,3,0.05,7.2,1
904,3,0.05,6.64,1
905,3,0.05,7.1,1
906,3,0.05,6.34,1
907,3,0.05,6.2,1
908,3,0.05,7.02,1
909,3,0.05,7.48,1
910,3,0.05,7.18,1
911,3,0.05,7.86,1
912,3,0.05,7.12,1
913,3,0.05,8.16,1
914,3,0.05,6.94,1
915,3,0.05,6.72,1
916,3,0.05,6.44,1
917,3,0.05,6.52,1
918,3,0.05,7.32,1
919,3,0.05,6.88,1
920,3,0.05,6.8,1
921,3,0.05,6.56,1
922,3,0.05,6.96,1
923,3,0.05,6.4,1
924,3,0.05,7.2,1
925,3,0.05,6.64,1
926,3,0.05,6.44,1
927,3,0.05,6.58,1
928,3,0.05,6.48,1
929,3,0.05,7.36,1
930,3,0.05,7.46,1
931,3,0.05,7.7,1
932,3,0.05,7.16,1
933,3,0.05,7.02,1
934,3,0.05,7.6,1
935,3,0.05,7.48,1
936,3,0.05,7.3,1
937,3,0.05,7.16,1
938,3,0.05,6.44,1
939,3,0.05,6.92,1
940,3,0.05,6.7,1
941,3,0.05,7.1,1
942,3,0.05,6.98,1
943,3,0.05,7.0,1
944,3,0.05,6.4,1
945,3,0.05,7.54,1
946,3,0.05,7.54,1
947,3,0.05,7.04,1
948,3,0.05,7.74,1
949,3,0.05,6.7,1
950,3,0.05,7.1,1
951,3,0.05,7.24,1
952,3,0.05,6.92,1
953,3,0.05,7.94,1
954,3,0.05,6.8,1
955,3,0.05,6.84,1
956,3,0.05,6.78,1
957,3,0.05,6.74,1
958,3,0.05,7.08,1
959,3,0.05,8.5,1
960,3,0.05,7.2,1
961,3,0.05,7.68,1
962,3,0.05,5.32,1
963,3,0.05,6.02,1
964,3,0.05,6.68,1
965,3,0.05,6.96,1
966,3,0.05,6.82,1
967,3,0.05,7.16,1
968,3,0.05,7.3,1
969,3,0.05,7.44,1
970,3,0.05,6.32,1
971,3,0.05,6.28,1
972,3,0.05,6.56,1
973,3,0.05,6.06,1
974,3,0.05,6.86,1
975,3,0.05,7.5,1
976,3,0.05,6.62,1
977,3,0.05,6.58,1
978,3,0.05,7.26,1
979,3,0.05,6.6,1
980,3,0.05,5.42,1
981,3,0.05,6.26,1
982,3,0.05,6.48,1
983,3,0.05,7.04,1
984,3,0.05,7.02,1
985,3,0.05,5.94,1
986,3,0.05,6.54,1
987,3,0.05,6.38,1
988,3,0.05,6.42,1
989,3,0.05,6.42,1
990,3,0.05,7.0,1
991,3,0.05,6.92,1
992,3,0.05,6.98,1
993,3,0.05,7.04,1
994,3,0.05,8.46,1
995,3,0.05,7.86,1
996,3,0.05,6.72,1
997,3,0.05,8.02,1
998,3,0.05,7.86,1
999,3,0.05,7.9,1
1000,3,0.05,8.04,1
1001,3,0.05,6.62,1
1002,3,0.05,7.32,1
1003,3,0.05,6.9,1
1004,3,0.05,7.52,1
1005,3,0.05,7.02,1
1006,3,0.05,7.04,1
1007,3,0.05,6.66,1
1008,3,0.05,7.2,1
1009,3,0.05,7.2,1
1010,3,0.05,7.32,1
1011,3,0.05,7.26,1
1012,3,0.05,7.0,1
1013,3,0.05,6.84,1
1014,3,0.05,6.82,1
1015,3,0.05,6.2,1
1016,3,0.05,6.92,1
1017,3,0.05,6.1,1
1018,3,0.05,7.08,1
1019,3,0.05,7.02,1
1020,3,0.05,6.94,1
1021,3,0.05,7.78,1
1022,3,0.05,6.6,1
1023,3,0.05,6.58,1
1024,3,0.05,6.18,1
1025,3,0.05,6.62,1
1026,3,0.05,6.58,1
1027,3,0.05,6.12,1
1028,3,0.05,6.1,1
1029,3,0.05,6.62,1
1030,3,0.05,7.12,1
1031,3,0.05,7.18,1
1032,3,0.05,7.14,1
1033,3,0.05,7.62,1
1034,3,0.05,6.82,1
1035,3,0.05,6.52,1
1036,3,0.05,6.38,1
1037,3,0.05,7.62,1
1038,3,0.05,6.68,1
1039,3,0.05,6.62,1
1040,3,0.05,7.34,1
1041,3,0.05,7.96,1
1042,3,0.05,6.9,1
1043,3,0.05,6.36,1
1044,3,0.05,7.68,1
1045,3,0.05,7.1,1
1046,3,0.05,7.86,1
1047,3,0.05,7.54,1
1048,3,0.05,7.12,1
1049,3,0.05,7.64,1
1050,3,0.05,7.96,1
1051,3,0.05,6.76,1
1052,3,0.05,6.66,1
1053,3,0.05,6.36,1
1054,3,0.05,6.94,1
1055,3,0.05,6.72,1
1056,3,0.05,5.74,1
1057,3,0.05,6.88,1
1058,3,0.05,6.2,1
1059,3,0.05,6.74,1
1060,3,0.05,6.88,1
1061,3,0.05,6.9,1
1062,3,0.05,7.18,1
1063,3,0.05,6.36,1
1064,3,0.05,6.96,1
1065,3,0.05,8.4,1
1066,3,0.05,7.32,1
1067,3,0.05,6.88,1
1068,3,0.05,6.32,1
1069,3,0.05,6.84,1
1070,3,0.05,7.04,1
1071,3,0.05,6.94,1
1072,3,0.05,6.82,1
1073,3,0.05,7.08,1
1074,3,0.05,6.96,1
1075,3,0.05,6.78,1
1076,3,0.05,6.68,1
1077,3,0.05,6.16,1
1078,3,0.05,7.22,1
1079,3,0.05,7.66,1
1080,3,0.05,7.72,1
1081,3,0.05,6.66,1
1082,3,0.05,5.88,1
1083,3,0.05,6.94,1
1084,3,0.05,6.86,1
1085,3,0.05,7.42,1
1086,3,0.05,7.3,1
1087,3,0.05,6.32,1
1088,3,0.05,7.18,1
1089,3,0.05,7.34,1
1090,3,0.05,6.28,1
1091,3,0.05,6.02,1
1092,3,0.05,7.32,1
1093,3,0.05,8.22,1
1094,3,0.05,8.36,1
1095,3,0.05,6.86,1
1096,3,0.05,6.52,1
1097,3,0.05,6.62,1
1098,3,0.05,7.12,1
1099,3,0.05,7.08,1
1100,3,0.05,6.5,1
1101,3,0.05,6.5,1
1102,3,0.05,6.38,1
1103,3,0.05,6.62,1
1104,3,0.05,7.32,1
1105,3,0.05,6.92,1
1106,3,0.05,6.4,1
1107,3,0.05,6.52,1
1108,3,0.05,6.8,1
1109,3,0.05,6.88,1
1110,3,0.05,6.44,1
1111,3,0.05,6.76,1
1112,3,0.05,7.08,1
1113,3,0.05,7.06,1
1114,3,0.05,7.82,1
1115,3,0.05,6.52,1
1116,3,0.05,6.92,1
1117,3,0.05,8.0,1
1118,3,0.05,6.62,1
1119,3,0.05,6.48,1
1120,3,0.05,7.1,1
1121,3,0.05,6.76,1
1122,3,0.05,6.22,1
1123,3,0.05,6.84,1
1124,3,0.05,7.62,1
1125,3,0.05,7.94,1
1126,3,0.05,7.48,1
1127,3,0.05,7.42,1
1128,3,0.05,6.98,1
1129,3,0.05,6.92,1
1130,3,0.05,7.04,1
1131,3,0.05,5.9,1
1132,3,0.05,6.08,1
1133,3,0.05,6.7,1
1134,3,0.05,6.98,1
1135,3,0.05,7.02,1
1136,3,0.05,7.66,1
1137,3,0.05,6.66,1
1138,3,0.05,6.36,1
1139,3,0.05,6.7,1
1140,3,0.05,6.8,1
1141,3,0.05,7.34,1
1142,3,0.05,7.52,1
1143,3,0.05,7.04,1
1144,3,0.05,6.46,1
1145,3,0.05,6.08,1
1146,3,0.05,7.42,1
1147,3,0.05,6.78,1
1148,3,0.05,6.38,1
1149,3,0.05,7.76,1
1150,3,0.05,7.04,1
1151,3,0.05,6.66,1
1152,3,0.05,6.68,1
1153,3,0.05,6.12,1
1154,3,0.05,6.34,1
1155,3,0.05,7.24,1
1156,3,0.05,6.96,1
1157,3,0.05,7.2,1
1158,3,0.05,7.9,1
1159,3,0.05,8.0,1
1160,3,0.05,6.92,1
1161,3,0.05,6.78,1
1162,3,0.05,6.44,1
1163,3,0.05,6.38,1
1164,3,0.05,6.4,1
1165,3,0.05,6.86,1
1166,3,0.05,6.68,1
1167,3,0.05,6.56,1
1168,3,0.05,7.22,1
1169,3,0.05,7.24,1
1170,3,0.05,6.8,1
1171,3,0.05,6.94,1
1172,3,0.05,7.3,1
1173,3,0.05,7.16,1
1174,3,0.05,7.1,1
1175,3,0.05,6.34,1
1176,3,0.05,6.46,1
1177,3,0.05,6.76,1
1178,3,0.05,8.44,1
1179,3,0.05,8.18,1
1180,3,0.05,6.52,1
1181,3,0.05,7.3,1
1182,3,0.05,5.88,1
1183,3,0.05,7.44,1
1184,3,0.05,7.1,1
1185,3,0.05,6.22,1
1186,3,0.05,7.08,1
1187,3,0.05,7.22,1
1188,3,0.05,6.92,1
1189,3,0.05,6.96,1
1190,3,0.05,7.08,1
1191,3,0.05,5.86,1
1192,3,0.05,7.64,1
1193,3,0.05,7.64,1
1194,3,0.05,7.2,1
1195,3,0.05,6.72,1
1196,3,0.05,7.42,1
1197,3,0.05,7.76,1
1198,3,0.05,6.44,1
1199,3,0.05,6.52,1
1200,3,0.05,7.44,1
1201,3,0.05,5.94,1
1202,3,0.05,6.52,1
1203,3,0.05,8.06,1
1204,3,0.05,7.58,1
1205,3,0.05,7.54,1
1206,3,0.05,8.54,1
1207,3,0.05,6.86,1
1208,3,0.05,6.18,1
1209,3,0.05,8.08,1
1210,3,0.05,6.62,1
1211,3,0.05,6.46,1
1212,3,0.05,6.84,1
1213,3,0.05,6.36,1
1214,3,0.05,6.84,1
1215,3,0.05,6.26,1
1216,3,0.05,6.52,1
1217,3,0.05,7.42,1
1218,3,0.05,7.7,1
1219,3,0.05,7.48,1
1220,3,0.05,6.7,1
1221,3,0.05,7.92,1
1222,3,0.05,6.98,1
1223,3,0.05,6.74,1
1224,3,0.05,7.18,1
1225,3,0.05,6.92,1
1226,3,0.05,6.84,1
1227,3,0.05,7.16,1
1228,3,0.05,7.18,1
1229,3,0.05,7.24,1
1230,3,0.05,7.14,1
1231,3,0.05,7.2,1
1232,3,0.05,6.96,1
1233,3,0.05,7.38,1
1234,3,0.05,7.38,1
1235,3,0.05,7.5,1
1236,3,0.05,5.86,1
1237,3,0.05,7.16,1
1238,3,0.05,6.74,1
1239,3,0.05,7.94,1
1240,3,0.05,7.06,1
1241,3,0.05,7.48,1
1242,3,0.05,6.34,1
1243,3,0.05,6.16,1
1244,3,0.05,6.54,1
1245,3,0.05,7.48,1
1246,3,0.05,6.72,1
1247,3,0.05,6.42,1
1248,3,0.05,7.76,1
1249,3,0.05,7.76,1
1250,3,0.05,7.2,1
1251,3,0.05,7.02,1
1252,3,0.05,7.54,1
1253,3,0.05,6.08,1
1254,3,0.05,6.96,1
1255,3,0.05,7.26,1
1256,3,0.05,7.18,1
1257,3,0.05,6.2,1
1258,3,0.05,8.02,1
1259,3,0.05,6.96,1
1260,3,0.05,6.84,1
1261,3,0.05,6.46,1
1262,3,0.05,6.74,1
1263,3,0.05,6.26,1
1264,3,0.05,6.34,1
1265,3,0.05,6.84,1
1266,3,0.05,7.02,1
1267,3,0.05,6.44,1
1268,3,0.05,8.02,1
1269,3,0.05,6.84,1
1270,3,0.05,8.04,1
1271,3,0.05,7.22,1
1272,3,0.05,7.22,1
1273,3,0.05,6.2,1
1274,3,0.05,7.12,1
1275,3,0.05,6.26,1
1276,3,0.05,6.66,1
1277,3,0.05,6.72,1
1278,3,0.05,7.7,1
1279,3,0.05,7.26,1
1280,3,0.05,7.72,1
1281,3,0.05,6.66,1
1282,3,0.05,8.0,1
1283,3,0.05,7.88,1
1284,3,0.05,7.74,1
1285,3,0.05,7.04,1
1286,3,0.05,7.12,1
1287,3,0.05,6.7,1
1288,3,0.05,6.66,1
1289,3,0.05,6.96,1
1290,3,0.05,7.18,1
1291,3,0.05,6.32,1
1292,3,0.05,7.12,1
1293,3,0.05,7.22,1
1294,3,0.05,6.56,1
1295,3,0.05,7.04,1
1296,3,0.05,7.04,1
1297,3,0.05,6.88,1
1298,3,0.05,6.88,1
1299,3,0.05,7.22,1
1300,3,0.05,6.62,1
1301,3,0.05,6.9,1
1302,3,0.05,6.88,1
1303,3,0.05,6.12,1
1304,3,0.05,6.88,1
1305,3,0.05,6.64,1
1306,3,0.05,6.7,1
1307,3,0.05,6.74,1
1308,3,0.05,7.22,1
1309,3,0.05,6.7,1
1310,3,0.05,7.56,1
1311,3,0.05,6.94,1
1312,3,0.05,7.94,1
1313,3,0.05,7.76,1
1314,3,0.05,7.66,1
1315,3,0.05,6.66,1
1316,3,0.05,7.02,1
1317,3,0.05,6.64,1
1318,3,0.05,7.26,1
1319,3,0.05,5.98,1
1320,3,0.05,7.16,1
1321,3,0.05,7.26,1
1322,3,0.05,6.32,1
1323,3,0.05,7.62,1
1324,3,0.05,6.52,1
1325,3,0.05,7.3,1
1326,3,0.05,7.06,1
1327,3,0.05,6.86,1
1328,3,0.05,6.96,1
1329,3,0.05,7.08,1
1330,3,0.05,6.12,1
1331,3,0.05,6.62,1
1332,3,0.05,7.66,1
1333,3,0.05,6.9,1
1334,3,0.05,6.96,1
1335,3,0.05,7.44,1
1336,3,0.05,6.28,1
1337,3,0.05,6.48,1
1338,3,0.05,6.84,1
1339,3,0.05,7.7,1
1340,3,0.05,7.34,1
1341,3,0.05,6.74,1
1342,3,0.05,6.72,1
1343,3,0.05,7.12,1
1344,3,0.05,6.98,1
1345,3,0.05,6.84,1
1346,3,0.05,6.28,1
1347,3,0.05,6.54,1
1348,3,0.05,7.5,1
1349,3,0.05,7.46,1
1350,3,0.05,7.48,1
1351,3,0.05,7.1,1
1352,3,0.05,6.38,1
1353,3,0.05,6.8,1
1354,3,0.05,6.6,1
1355,3,0.05,8.16,1
1356,3,0.05,7.4,1
1357,3,0.05,6.16,1
1358,3,0.05,6.3,1
1359,3,0.05,7.12,1
1360,3,0.05,6.86,1
1361,3,0.05,7.3,1
1362,3,0.05,6.78,1
1363,3,0.05,7.22,1
1364,3,0.05,7.06,1
1365,3,0.05,6.48,1
1366,3,0.05,6.52,1
1367,3,0.05,5.66,1
1368,3,0.05,6.58,1
1369,3,0.05,5.9,1
1370,3,0.05,6.3,1
1371,3,0.05,6.72,1
1372,3,0.05,6.04,1
1373,3,0.05,7.22,1
1374,3,0.05,6.44,1
1375,3,0.05,6.66,1
1376,3,0.05,6.44,1
1377,3,0.05,6.14,1
1378,3,0.05,6.58,1
1379,3,0.05,6.72,1
1380,3,0.05,6.92,1
1381,3,0.05,7.1,1
1382,3,0.05,6.84,1
1383,3,0.05,7.06,1
1384,3,0.05,7.1,1
1385,3,0.05,6.78,1
1386,3,0.05,7.64,1
1387,3,0.05,7.9,1
1388,3,0.05,6.9,1
1389,3,0.05,6.88,1
1390,3,0.05,8.04,1
1391,3,0.05,7.24,1
1392,3,0.05,8.2,1
1393,3,0.05,7.74,1
1394,3,0.05,6.98,1
1395,3,0.05,7.54,1
1396,3,0.05,6.84,1
1397,3,0.05,6.88,1
1398,3,0.05,8.06,1
1399,3,0.05,6.62,1
1400,3,0.05,7.86,1
1401,3,0.05,6.68,1
1402,3,0.05,7.24,1
1403,3,0.05,7.7,1
1404,3,0.05,7.8,1
1405,3,0.05,8.14,1
1406,3,0.05,7.64,1
1407,3,0.05,7.0,1
1408,3,0.05,6.34,1
1409,3,0.05,8.72,1
1410,3,0.05,5.98,1
1411,3,0.05,6.88,1
1412,3,0.05,7.46,1
1413,3,0.05,7.14,1
1414,3,0.05,7.3,1
1415,3,0.05,6.28,1
1416,3,0.05,6.0,1
1417,3,0.05,6.86,1
1418,3,0.05,6.3,1
1419,3,0.05,6.9,1
1420,3,0.05,7.02,1
1421,3,0.05,6.56,1
1422,3,0.05,7.62,1
1423,3,0.05,6.82,1
1424,3,0.05,7.5,1
1425,3,0.05,7.82,1
1426,3,0.05,7.28,1
1427,3,0.05,7.22,1
1428,3,0.05,5.7,1
1429,3,0.05,6.62,1
1430,3,0.05,7.66,1
1431,3,0.05,6.52,1
1432,3,0.05,5.74,1
1433,3,0.05,6.78,1
1434,3,0.05,6.5,1
1435,3,0.05,7.24,1
1436,3,0.05,7.68,1
1437,3,0.05,7.02,1
1438,3,0.05,6.4,1
1439,3,0.05,6.66,1
1440,3,0.05,7.5,1
1441,3,0.05,6.94,1
1442,3,0.05,6.88,1
1443,3,0.05,6.64,1
1444,3,0.05,6.28,1
1445,3,0.05,7.72,1
1446,3,0.05,7.52,1
1447,3,0.05,8.04,1
1448,3,0.05,7.22,1
1449,3,0.05,7.14,1
1450,3,0.05,6.88,1
1451,3,0.05,5.98,1
1452,3,0.05,7.46,1
1453,3,0.05,6.88,1
1454,3,0.05,6.18,1
1455,3,0.05,6.6,1
1456,3,0.05,6.52,1
1457,3,0.05,6.82,1
1458,3,0.05,6.36,1
1459,3,0.05,6.7,1
1460,3,0.05,6.96,1
1461,3,0.05,7.06,1
1462,3,0.05,6.6,1
1463,3,0.05,6.5,1
1464,3,0.05,6.84,1
1465,3,0.05,8.1,1
1466,3,0.05,6.62,1
1467,3,0.05,6.34,1
1468,3,0.05,7.44,1
1469,3,0.05,7.68,1
1470,3,0.05,6.9,1
1471,3,0.05,5.86,1
1472,3,0.05,6.74,1
1473,3,0.05,8.32,1
1474,3,0.05,7.76,1
1475,3,0.05,7.1,1
1476,3,0.05,7.72,1
1477,3,0.05,7.48,1
1478,3,0.05,6.14,1
1479,3,0.05,6.72,1
1480,3,0.05,6.2,1
1481,3,0.05,6.9,1
1482,3,0.05,7.0,1
1483,3,0.05,6.44,1
1484,3,0.05,6.7,1
1485,3,0.05,7.28,1
1486,3,0.05,6.58,1
1487,3,0.05,7.74,1
1488,3,0.05,6.7,1
1489,3,0.05,7.8,1
1490,3,0.05,6.1,1
1491,3,0.05,6.48,1
1492,3,0.05,6.74,1
1493,3,0.05,7.82,1
1494,3,0.05,6.2,1
1495,3,0.05,7.48,1
1496,3,0.05,6.36,1
1497,3,0.05,6.6,1
1498,3,0.05,6.86,1
1499,3,0.05,7.0,1
1500,3,0.05,6.94,1
1501,3,0.05,7.18,1
1502,3,0.05,7.28,1
1503,3,0.05,7.34,1
1504,3,0.05,7.78,1
1505,3,0.05,8.4,1
1506,3,0.05,8.3,1
1507,3,0.05,7.8,1
1508,3,0.05,7.8,1
1509,3,0.05,6.72,1
1510,3,0.05,7.38,1
1511,3,0.05,6.8,1
1512,3,0.05,7.0,1
1513,3,0.05,7.08,1
1514,3,0.05,6.88,1
1515,3,0.05,6.86,1
1516,3,0.05,6.66,1
1517,3,0.05,6.98,1
1518,3,0.05,6.46,1
1519,3,0.05,8.58,1
1520,3,0.05,7.94,1
1521,3,0.05,6.4,1
1522,3,0.05,6.26,1
1523,3,0.05,6.28,1
1524,3,0.05,7.6,1
1525,3,0.05,7.04,1
1526,3,0.05,6.84,1
1527,3,0.05,7.36,1
1528,3,0.05,7.3,1
1529,3,0.05,7.42,1
1530,3,0.05,6.76,1
1531,3,0.05,6.5,1
1532,3,0.05,7.46,1
1533,3,0.05,7.42,1
1534,3,0.05,7.78,1
1535,3,0.05,6.7,1
1536,3,0.05,7.32,1
1537,3,0.05,6.8,1
1538,3,0.05,6.6,1
1539,3,0.05,6.46,1
1540,3,0.05,7.44,1
1541,3,0.05,6.7,1
1542,3,0.05,6.86,1
1543,3,0.05,8.56,1
1544,3,0.05,7.12,1
1545,3,0.05,6.36,1
1546,3,0.05,6.28,1
1547,3,0.05,7.72,1
1548,3,0.05,6.04,1
1549,3,0.05,7.76,1
1550,3,0.05,6.84,1
1551,3,0.05,7.16,1
1552,3,0.05,6.06,1
1553,3,0.05,7.04,1
1554,3,0.05,6.76,1
1555,3,0.05,7.56,1
1556,3,0.05,7.48,1
1557,3,0.05,7.28,1
1558,3,0.05,6.44,1
1559,3,0.05,6.54,1
1560,3,0.05,7.14,1
1561,3,0.05,7.14,1
1562,3,0.05,7.34,1
1563,3,0.05,6.92,1
1564,3,0.05,7.64,1
1565,3,0.05,7.74,1
1566,3,0.05,7.78,1
1567,3,0.05,6.66,1
1568,3,0.05,6.96,1
1569,3,0.05,7.44,1
1570,3,0.05,7.6,1
1571,3,0.05,7.3,1
1572,3,0.05,7.24,1
1573,3,0.05,6.48,1
1574,3,0.05,7.8,1
1575,3,0.05,7.48,1
1576,3,0.05,6.8,1
1577,3,0.05,7.34,1
1578,3,0.05,7.08,1
1579,3,0.05,6.8,1
1580,3,0.05,6.7,1
1581,3,0.05,6.66,1
1582,3,0.05,6.42,1
1583,3,0.05,6.08,1
1584,3,0.05,7.06,1
1585,3,0.05,6.24,1
1586,3,0.05,6.52,1
1587,3,0.05,6.26,1
1588,3,0.05,7.22,1
1589,3,0.05,7.82,1
1590,3,0.05,6.08,1
1591,3,0.05,7.74,1
1592,3,0.05,7.8,1
1593,3,0.05,6.62,1
1594,3,0.05,6.88,1
1595,3,0.05,7.34,1
1596,3,0.05,7.02,1
1597,3,0.05,6.32,1
1598,3,0.05,7.62,1
1599,3,0.05,7.48,1
1600,3,0.05,7.66,1
1601,3,0.05,5.72,1
1602,3,0.05,7.58,1
1603,3,0.05,7.6,1
1604,3,0.05,7.12,1
1605,3,0.05,6.64,1
1606,3,0.05,6.74,1
1607,3,0.05,7.28,1
1608,3,0.05,5.92,1
1609,3,0.05,6.12,1
1610,3,0.05,6.82,1
1611,3,0.05,6.82,1
1612,3,0.05,5.88,1
1613,3,0.05,6.52,1
1614,3,0.05,6.5,1
1615,3,0.05,7.0,1
1616,3,0.05,7.18,1
1617,3,0.05,7.96,1
1618,3,0.05,7.02,1
1619,3,0.05,6.24,1
1620,3,0.05,7.1,1
1621,3,0.05,6.64,1
1622,3,0.05,7.46,1
1623,3,0.05,7.26,1
1624,3,0.05,6.7,1
1625,3,0.05,6.58,1
1626,3,0.05,6.46,1
1627,3,0.05,7.38,1
1628,3,0.05,6.84,1
1629,3,0.05,7.8,1
1630,3,0.05,7.58,1
1631,3,0.05,6.6,1
1632,3,0.05,7.04,1
1633,3,0.05,6.92,1
1634,3,0.05,6.68,1
1635,3,0.05,6.86,1
1636,3,0.05,7.04,1
1637,3,0.05,6.46,1
1638,3,0.05,7.56,1
1639,3,0.05,7.7,1
1640,3,0.05,7.58,1
1641,3,0.05,7.72,1
1642,3,0.05,7.44,1
1643,3,0.05,7.52,1
1644,3,0.05,6.84,1
1645,3,0.05,6.28,1
1646,3,0.05,6.92,1
1647,3,0.05,7.08,1
1648,3,0.05,6.48,1
1649,3,0.05,5.76,1
1650,3,0.05,7.56,1
1651,3,0.05,7.3,1
1652,3,0.05,6.4,1
1653,3,0.05,6.64,1
1654,3,0.05,6.1,1
1655,3,0.05,5.78,1
1656,3,0.05,6.72,1
1657,3,0.05,5.46,1
1658,3,0.05,6.78,1
1659,3,0.05,6.48,1
1660,3,0.05,6.64,1
1661,3,0.05,6.22,1
1662,3,0.05,6.4,1
1663,3,0.05,6.94,1
1664,3,0.05,7.42,1
1665,3,0.05,6.12,1
1666,3,0.05,6.22,1
1667,3,0.05,6.92,1
1668,3,0.05,6.94,1
1669,3,0.05,7.1,1
1670,3,0.05,6.44,1
1671,3,0.05,6.74,1
1672,3,0.05,7.48,1
1673,3,0.05,7.22,1
1674,3,0.05,6.9,1
1675,3,0.05,6.74,1
1676,3,0.05,7.14,1
1677,3,0.05,7.34,1
1678,3,0.05,6.98,1
1679,3,0.05,6.98,1
1680,3,0.05,6.2,1
1681,3,0.05,6.9,1
1682,3,0.05,6.92,1
1683,3,0.05,6.78,1
1684,3,0.05,6.68,1
1685,3,0.05,6.5,1
1686,3,0.05,7.88,1
1687,3,0.05,6.96,1
1688,3,0.05,7.94,1
1689,3,0.05,6.64,1
1690,3,0.05,6.64,1
1691,3,0.05,7.08,1
1692,3,0.05,6.7,1
1693,3,0.05,6.18,1
1694,3,0.05,7.22,1
1695,3,0.05,7.0,1
1696,3,0.05,6.86,1
1697,3,0.05,6.58,1
1698,3,0.05,6.34,1
1699,3,0.05,6.22,1
1700,3,0.05,7.04,1
1701,3,0.05,7.16,1
1702,3,0.05,7.38,1
1703,3,0.05,7.58,1
1704,3,0.05,7.24,1
1705,3,0.05,6.32,1
1706,3,0.05,5.58,1
1707,3,0.05,6.72,1
1708,3,0.05,7.02,1
1709,3,0.05,7.38,1
1710,3,0.05,6.46,1
1711,3,0.05,6.72,1
1712,3,0.05,6.6,1
1713,3,0.05,8.22,1
1714,3,0.05,8.08,1
1715,3,0.05,7.18,1
1716,3,0.05,7.74,1
1717,3,0.05,8.08,1
1718,3,0.05,6.58,1
1719,3,0.05,7.26,1
1720,3,0.05,6.68,1
1721,3,0.05,6.22,1
1722,3,0.05,6.7,1
1723,3,0.05,6.72,1
1724,3,0.05,6.82,1
1725,3,0.05,7.22,1
1726,3,0.05,6.9,1
1727,3,0.05,7.02,1
1728,3,0.05,6.38,1
1729,3,0.05,6.6,1
1730,3,0.05,7.06,1
1731,3,0.05,6.9,1
1732,3,0.05,7.6,1
1733,3,0.05,7.54,1
1734,3,0.05,6.84,1
1735,3,0.05,6.58,1
1736,3,0.05,7.16,1
1737,3,0.05,7.66,1
1738,3,0.05,7.64,1
1739,3,0.05,7.26,1
1740,3,0.05,7.44,1
1741,3,0.05,5.66,1
1742,3,0.05,6.94,1
1743,3,0.05,7.26,1
1744,3,0.05,6.6,1
1745,3,0.05,6.36,1
1746,3,0.05,7.36,1
1747,3,0.05,6.62,1
1748,3,0.05,7.86,1
1749,3,0.05,7.48,1
1750,3,0.05,7.28,1
1751,3,0.05,7.26,1
1752,3,0.05,7.58,1
1753,3,0.05,6.14,1
1754,3,0.05,6.88,1
1755,3,0.05,7.16,1
1756,3,0.05,7.84,1
1757,3,0.05,8.24,1
1758,3,0.05,7.38,1
1759,3,0.05,7.54,1
1760,3,0.05,6.72,1
1761,3,0.05,6.56,1
1762,3,0.05,6.5,1
1763,3,0.05,7.0,1
1764,3,0.05,6.92,1
1765,3,0.05,6.96,1
1766,3,0.05,6.02,1
1767,3,0.05,6.8,1
1768,3,0.05,6.88,1
1769,3,0.05,7.32,1
1770,3,0.05,6.24,1
1771,3,0.05,7.22,1
1772,3,0.05,7.76,1
1773,3,0.05,7.16,1
1774,3,0.05,7.66,1
1775,3,0.05,7.92,1
1776,3,0.05,6.64,1
1777,3,0.05,7.3,1
1778,3,0.05,7.38,1
1779,3,0.05,7.92,1
1780,3,0.05,7.16,1
1781,3,0.05,7.28,1
1782,3,0.05,7.12,1
1783,3,0.05,7.12,1
1784,3,0.05,7.34,1
1785,3,0.05,6.96,1
1786,3,0.05,7.66,1
1787,3,0.05,7.7,1
1788,3,0.05,7.06,1
1789,3,0.05,7.54,1
1790,3,0.05,7.0,1
1791,3,0.05,7.46,1
1792,3,0.05,6.64,1
1793,3,0.05,6.72,1
1794,3,0.05,6.78,1
1795,3,0.05,6.44,1
1796,3,0.05,6.96,1
1797,3,0.05,6.0,1
1798,3,0.05,6.08,1
1799,3,0.05,6.4,1
1800,3,0.05,7.7,1
1801,3,0.05,7.32,1
1802,3,0.05,5.84,1
1803,3,0.05,7.2,1
1804,3,0.05,6.54,1
1805,3,0.05,6.88,1
1806,3,0.05,7.5,1
1807,3,0.05,6.82,1
1808,3,0.05,7.14,1
1809,3,0.05,5.9,1
1810,3,0.05,6.7,1
1811,3,0.05,6.38,1
1812,3,0.05,6.34,1
1813,3,0.05,6.72,1
1814,3,0.05,8.24,1
1815,3,0.05,7.28,1
1816,3,0.05,6.38,1
1817,3,0.05,7.16,1
1818,3,0.05,7.24,1
1819,3,0.05,6.5,1
1820,3,0.05,7.14,1
1821,3,0.05,7.32,1
1822,3,0.05,8.06,1
1823,3,0.05,7.04,1
1824,3,0.05,7.56,1
1825,3,0.05,6.8,1
1826,3,0.05,6.36,1
1827,3,0.05,6.54,1
1828,3,0.05,7.76,1
1829,3,0.05,6.82,1
1830,3,0.05,6.06,1
1831,3,0.05,7.5,1
1832,3,0.05,7.54,1
1833,3,0.05,7.08,1
1834,3,0.05,7.32,1
1835,3,0.05,7.02,1
1836,3,0.05,6.8,1
1837,3,0.05,7.82,1
1838,3,0.05,6.9,1
1839,3,0.05,8.62,1
1840,3,0.05,6.66,1
1841,3,0.05,6.1,1
1842,3,0.05,7.22,1
1843,3,0.05,6.5,1
1844,3,0.05,7.3,1
1845,3,0.05,7.0,1
1846,3,0.05,7.34,1
1847,3,0.05,6.64,1
1848,3,0.05,7.24,1
1849,3,0.05,7.12,1
1850,3,0.05,7.92,1
1851,3,0.05,6.9,1
1852,3,0.05,7.2,1
1853,3,0.05,7.68,1
1854,3,0.05,7.06,1
1855,3,0.05,6.84,1
1856,3,0.05,7.08,1
1857,3,0.05,7.16,1
1858,3,0.05,7.4,1
1859,3,0.05,7.52,1
1860,3,0.05,7.48,1
1861,3,0.05,7.52,1
1862,3,0.05,7.42,1
1863,3,0.05,6.98,1
1864,3,0.05,7.44,1
1865,3,0.05,6.7,1
1866,3,0.05,7.14,1
1867,3,0.05,7.88,1
1868,3,0.05,8.34,1
1869,3,0.05,6.58,1
1870,3,0.05,7.3,1
1871,3,0.05,6.48,1
1872,3,0.05,7.1,1
1873,3,0.05,7.4,1
1874,3,0.05,7.32,1
1875,3,0.05,7.1,1
1876,3,0.05,7.36,1
1877,3,0.05,7.66,1
1878,3,0.05,8.52,1
1879,3,0.05,7.1,1
1880,3,0.05,6.34,1
1881,3,0.05,6.36,1
1882,3,0.05,6.94,1
1883,3,0.05,7.32,1
1884,3,0.05,6.66,1
1885,3,0.05,6.32,1
1886,3,0.05,7.18,1
1887,3,0.05,6.18,1
1888,3,0.05,7.64,1
1889,3,0.05,6.98,1
1890,3,0.05,7.02,1
1891,3,0.05,7.08,1
1892,3,0.05,7.88,1
1893,3,0.05,8.1,1
1894,3,0.05,7.64,1
1895,3,0.05,8.26,1
1896,3,0.05,6.54,1
1897,3,0.05,7.28,1
1898,3,0.05,6.34,1
1899,3,0.05,7.46,1
1900,3,0.05,6.82,1
1901,3,0.05,7.08,1
1902,3,0.05,7.12,1
1903,3,0.05,6.0,1
1904,3,0.05,6.8,1
1905,3,0.05,6.9,1
1906,3,0.05,7.08,1
1907,3,0.05,7.42,1
1908,3,0.05,6.84,1
1909,3,0.05,6.76,1
1910,3,0.05,6.52,1
1911,3,0.05,6.76,1
1912,3,0.05,6.12,1
1913,3,0.05,6.98,1
1914,3,0.05,7.14,1
1915,3,0.05,6.68,1
1916,3,0.05,7.24,1
1917,3,0.05,7.22,1
1918,3,0.05,5.88,1
1919,3,0.05,6.92,1
1920,3,0.05,6.88,1
1921,3,0.05,7.04,1
1922,3,0.05,6.84,1
1923,3,0.05,7.22,1
1924,3,0.05,7.24,1
1925,3,0.05,7.76,1
1926,3,0.05,8.02,1
1927,3,0.05,7.62,1
1928,3,0.05,7.5,1
1929,3,0.05,7.18,1
1930,3,0.05,7.76,1
1931,3,0.05,8.0,1
1932,3,0.05,8.76,1
1933,3,0.05,6.84,1
1934,3,0.05,7.06,1
1935,3,0.05,7.58,1
1936,3,0.05,6.8,1
1937,3,0.05,6.94,1
1938,3,0.05,6.02,1
1939,3,0.05,6.62,1
1940,3,0.05,6.32,1
1941,3,0.05,7.5,1
1942,3,0.05,6.04,1
1943,3,0.05,7.54,1
1944,3,0.05,7.26,1
1945,3,0.05,7.58,1
1946,3,0.05,7.4,1
1947,3,0.05,7.4,1
1948,3,0.05,7.24,1
1949,3,0.05,6.16,1
1950,3,0.05,7.28,1
1951,3,0.05,6.36,1
1952,3,0.05,7.3,1
1953,3,0.05,6.46,1
1954,3,0.05,6.66,1
1955,3,0.05,7.44,1
1956,3,0.05,6.9,1
1957,3,0.05,6.96,1
1958,3,0.05,7.84,1
1959,3,0.05,7.66,1
1960,3,0.05,7.34,1
1961,3,0.05,7.18,1
1962,3,0.05,6.72,1
1963,3,0.05,7.0,1
1964,3,0.05,6.86,1
1965,3,0.05,7.18,1
1966,3,0.05,8.86,1
1967,3,0.05,8.18,1
1968,3,0.05,7.74,1
1969,3,0.05,7.52,1
1970,3,0.05,7.2,1
1971,3,0.05,5.58,1
1972,3,0.05,6.7,1
1973,3,0.05,6.54,1
1974,3,0.05,6.82,1
1975,3,0.05,7.38,1
1976,3,0.05,6.98,1
1977,3,0.05,6.62,1
1978,3,0.05,6.68,1
1979,3,0.05,6.7,1
1980,3,0.05,6.42,1
1981,3,0.05,6.72,1
1982,3,0.05,7.04,1
1983,3,0.05,5.94,1
1984,3,0.05,6.94,1
1985,3,0.05,6.24,1
1986,3,0.05,5.86,1
1987,3,0.05,6.86,1
1988,3,0.05,6.88,1
1989,3,0.05,7.5,1
1990,3,0.05,8.76,1
1991,3,0.05,7.38,1
1992,3,0.05,7.04,1
1993,3,0.05,7.74,1
1994,3,0.05,6.44,1
1995,3,0.05,8.5,1
1996,3,0.05,6.84,1
1997,3,0.05,6.48,1
1998,3,0.05,6.6,1
1999,3,0.05,7.52,1
2000,3,0.05,6.72,1
0,4,0.05,57.86,40
1,4,0.05,46.52,39
2,4,0.05,41.22,37
3,4,0.05,39.46,35
4,4,0.05,36.86,29
5,4,0.05,33.82,28
6,4,0.05,32.04,25
7,4,0.05,28.94,23
8,4,0.05,27.56,22
9,4,0.05,25.88,22
10,4,0.05,25.46,20
11,4,0.05,24.6,20
12,4,0.05,23.66,19
13,4,0.05,23.1,19
14,4,0.05,24.34,17
15,4,0.05,22.16,16
16,4,0.05,21.68,15
17,4,0.05,19.18,14
18,4,0.05,18.3,14
19,4,0.05,18.86,13
20,4,0.05,18.34,13
21,4,0.05,17.94,13
22,4,0.05,18.14,13
23,4,0.05,17.66,13
24,4,0.05,18.0,13
25,4,0.05,18.06,13
26,4,0.05,18.28,12
27,4,0.05,18.1,12
28,4,0.05,15.92,11
29,4,0.05,16.1,10
30,4,0.05,15.48,10
31,4,0.05,15.4,10
32,4,0.05,15.6,10
33,4,0.05,15.08,10
34,4,0.05,15.46,10
35,4,0.05,15.28,10
36,4,0.05,14.24,10
37,4,0.05,14.86,10
38,4,0.05,14.98,10
39,4,0.05,13.9,10
40,4,0.05,14.66,10
41,4,0.05,14.68,10
42,4,0.05,15.04,10
43,4,0.05,14.88,10
44,4,0.05,14.66,10
45,4,0.05,15.84,10
46,4,0.05,15.74,9
47,4,0.05,14.64,9
48,4,0.05,13.78,9
49,4,0.05,13.84,9
50,4,0.05,13.38,9
51,4,0.05,13.54,8
52,4,0.05,13.66,8
53,4,0.05,13.44,8
54,4,0.05,12.9,8
55,4,0.05,13.32,8
56,4,0.05,13.9,8
57,4,0.05,13.22,8
58,4,0.05,13.4,8
59,4,0.05,13.14,7
60,4,0.05,11.5,7
61,4,0.05,11.98,7
62,4,0.05,12.0,7
63,4,0.05,11.86,7
64,4,0.05,12.64,7
65,4,0.05,12.92,7
66,4,0.05,13.2,7
67,4,0.05,12.8,7
68,4,0.05,13.7,7
69,4,0.05,13.84,7
70,4,0.05,12.46,7
71,4,0.05,12.24,7
72,4,0.05,12.12,7
73,4,0.05,11.84,7
74,4,0.05,11.86,7
75,4,0.05,11.5,7
76,4,0.05,12.88,7
77,4,0.05,12.4,7
78,4,0.05,13.06,7
79,4,0.05,13.5,7
80,4,0.05,12.6,7
81,4,0.05,11.38,7
82,4,0.05,11.86,7
83,4,0.05,12.66,7
84,4,0.05,12.34,7
85,4,0.05,11.46,7
86,4,0.05,11.98,7
87,4,0.05,12.32,7
88,4,0.05,13.16,7
89,4,0.05,11.86,7
90,4,0.05,12.38,7
91,4,0.05,12.32,7
92,4,0.05,11.46,7
93,4,0.05,12.46,7
94,4,0.05,11.66,7
95,4,0.05,11.64,7
96,4,0.05,11.2,6
97,4,0.05,12.68,6
98,4,0.05,11.22,6
99,4,0.05,11.52,6
100,4,0.05,10.96,6
101,4,0.05,10.84,6
102,4,0.05,11.3,6
103,4,0.05,11.82,6
104,4,0.05,11.54,6
105,4,0.05,10.42,6
106,4,0.05,10.98,6
107,4,0.05,11.18,6
108,4,0.05,11.46,6
109,4,0.05,11.6,6
110,4,0.05,11.56,6
111,4,0.05,10.62,6
112,4,0.05,10.74,6
113,4,0.05,11.6,6
114,4,0.05,11.96,6
115,4,0.05,11.76,6
116,4,0.05,11.32,6
117,4,0.05,11.68,6
118,4,0.05,12.18,6
119,4,0.05,11.68,6
120,4,0.05,10.62,6
121,4,0.05,11.26,5
122,4,0.05,10.84,5
123,4,0.05,10.92,5
124,4,0.05,10.26,5
125,4,0.05,9.74,5
126,4,0.05,10.7,5
127,4,0.05,9.54,5
128,4,0.05,10.14,5
129,4,0.05,10.12,5
130,4,0.05,10.36,5
131,4,0.05,10.5,5
132,4,0.05,10.0,5
133,4,0.05,10.84,5
134,4,0.05,11.2,5
135,4,0.05,11.4,5
136,4,0.05,10.74,5
137,4,0.05,10.86,5
138,4,0.05,10.42,5
139,4,0.05,9.84,5
140,4,0.05,10.64,5
141,4,0.05,10.38,5
142,4,0.05,10.48,5
143,4,0.05,10.88,5
144,4,0.05,10.16,5
145,4,0.05,10.24,5
146,4,0.05,10.56,5
147,4,0.05,10.46,5
148,4,0.05,10.58,5
149,4,0.05,9.76,5
150,4,0.05,10.16,5
151,4,0.05,10.6,5
152,4,0.05,10.44,5
153,4,0.05,11.52,5
154,4,0.05,10.22,5
155,4,0.05,10.56,5
156,4,0.05,10.64,5
157,4,0.05,10.1,5
158,4,0.05,9.78,5
159,4,0.05,10.24,5
160,4,0.05,10.78,5
161,4,0.05,10.62,5
162,4,0.05,10.34,5
163,4,0.05,11.42,5
164,4,0.05,11.24,5
165,4,0.05,10.92,5
166,4,0.05,10.48,4
167,4,0.05,10.16,4
168,4,0.05,10.28,4
169,4,0.05,9.68,4
170,4,0.05,10.06,4
171,4,0.05,9.2,4
172,4,0.05,8.82,3
173,4,0.05,8.54,3
174,4,0.05,8.82,3
175,4,0.05,8.6,3
176,4,0.05,8.46,3
177,4,0.05,8.9,3
178,4,0.05,8.26,3
179,4,0.05,8.18,3
180,4,0.05,8.48,3
181,4,0.05,8.6,3
182,4,0.05,10.14,3
183,4,0.05,9.5,3
184,4,0.05,9.58,3
185,4,0.05,8.28,3
186,4,0.05,9.0,3
187,4,0.05,8.6,3
188,4,0.05,9.1,3
189,4,0.05,9.16,3
190,4,0.05,9.34,3
191,4,0.05,8.74,3
192,4,0.05,8.34,3
193,4,0.05,8.02,3
194,4,0.05,9.1,3
195,4,0.05,9.58,3
196,4,0.05,9.4,3
197,4,0.05,8.82,3
198,4,0.05,9.02,3
199,4,0.05,8.52,3
200,4,0.05,8.36,3
201,4,0.05,8.48,3
202,4,0.05,8.32,3
203,4,0.05,8.66,3
204,4,0.05,9.04,3
205,4,0.05,9.64,3
206,4,0.05,9.28,3
207,4,0.05,8.28,3
208,4,0.05,9.2,3
209,4,0.05,8.26,3
210,4,0.05,9.48,3
211,4,0.05,8.56,3
212,4,0.05,8.98,3
213,4,0.05,9.04,3
214,4,0.05,8.7,3
215,4,0.05,7.84,3
216,4,0.05,8.62,3
217,4,0.05,9.1,3
218,4,0.05,8.54,3
219,4,0.05,8.82,3
220,4,0.05,8.18,3
221,4,0.05,9.36,3
222,4,0.05,8.96,3
223,4,0.05,8.64,3
224,4,0.05,8.94,3
225,4,0.05,8.84,3
226,4,0.05,8.5,2
227,4,0.05,8.02,2
228,4,0.05,8.24,2
229,4,0.05,7.74,2
230,4,0.05,6.46,2
231,4,0.05,6.76,2
232,4,0.05,8.44,2
233,4,0.05,8.0,2
234,4,0.05,7.86,2
235,4,0.05,7.76,2
236,4,0.05,7.64,2
237,4,0.05,7.96,2
238,4,0.05,8.46,2
239,4,0.05,7.92,2
240,4,0.05,7.54,2
241,4,0.05,7.76,2
242,4,0.05,7.74,2
243,4,0.05,7.72,2
244,4,0.05,8.66,2
245,4,0.05,9.12,2
246,4,0.05,8.24,2
247,4,0.05,7.58,2
248,4,0.05,7.66,2
249,4,0.05,8.36,2
250,4,0.05,8.3,2
251,4,0.05,8.78,2
252,4,0.05,8.46,2
253,4,0.05,7.74,2
254,4,0.05,6.98,2
255,4,0.05,8.1,2
256,4,0.05,7.72,2
257,4,0.05,7.98,2
258,4,0.05,7.7,2
259,4,0.05,8.6,2
260,4,0.05,8.58,2
261,4,0.05,8.9,2
262,4,0.05,8.84,2
263,4,0.05,7.56,2
264,4,0.05,8.26,2
265,4,0.05,7.5,2
266,4,0.05,7.72,2
267,4,0.05,8.22,2
268,4,0.05,8.66,2
269,4,0.05,8.26,2
270,4,0.05,8.28,2
271,4,0.05,8.38,2
272,4,0.05,7.86,2
273,4,0.05,8.06,2
274,4,0.05,7.14,2
275,4,0.05,7.76,2
276,4,0.05,8.94,2
277,4,0.05,8.44,2
278,4,0.05,8.36,2
279,4,0.05,7.8,2
280,4,0.05,7.14,2
281,4,0.05,8.18,2
282,4,0.05,7.58,2
283,4,0.05,7.26,2
284,4,0.05,6.72,2
285,4,0.05,7.9,2
286,4,0.05,7.42,2
287,4,0.05,7.4,2
288,4,0.05,7.76,2
289,4,0.05,7.78,2
290,4,0.05,8.26,2
291,4,0.05,7.72,2
292,4,0.05,7.62,2
293,4,0.05,7.6,2
294,4,0.05,7.6,2
295,4,0.05,8.04,2
296,4,0.05,7.62,2
297,4,0.05,7.78,2
298,4,0.05,7.86,2
299,4,0.05,8.56,2
300,4,0.05,7.8,2
301,4,0.05,9.48,2
302,4,0.05,8.44,2
303,4,0.05,7.34,2
304,4,0.05,8.14,2
305,4,0.05,9.12,2
306,4,0.05,8.02,2
307,4,0.05,7.84,2
308,4,0.05,7.34,2
309,4,0.05,7.44,2
310,4,0.05,8.68,2
311,4,0.05,8.42,2
312,4,0.05,7.66,2
313,4,0.05,7.06,2
314,4,0.05,7.52,2
315,4,0.05,7.16,2
316,4,0.05,7.56,2
317,4,0.05,8.62,2
318,4,0.05,9.16,2
319,4,0.05,8.06,2
320,4,0.05,8.62,2
321,4,0.05,8.7,2
322,4,0.05,7.56,2
323,4,0.05,8.58,2
324,4,0.05,8.44,2
325,4,0.05,8.96,2
326,4,0.05,7.74,2
327,4,0.05,7.6,2
328,4,0.05,8.38,2
329,4,0.05,7.6,2
330,4,0.05,8.64,2
331,4,0.05,9.28,2
332,4,0.05,8.64,2
333,4,0.05,7.7,2
334,4,0.05,8.48,2
335,4,0.05,8.6,2
336,4,0.05,7.96,2
337,4,0.05,8.58,1
338,4,0.05,6.54,1
339,4,0.05,7.04,1
340,4,0.05,7.08,1
341,4,0.05,6.88,1
342,4,0.05,7.68,1
343,4,0.05,6.4,1
344,4,0.05,6.92,1
345,4,0.05,7.42,1
346,4,0.05,7.48,1
347,4,0.05,7.7,1
348,4,0.05,7.54,1
349,4,0.05,6.8,1
350,4,0.05,8.38,1
351,4,0.05,7.58,1
352,4,0.05,8.52,1
353,4,0.05,6.92,1
354,4,0.05,6.36,1
355,4,0.05,7.04,1
356,4,0.05,6.82,1
357,4,0.05,6.98,1
358,4,0.05,7.08,1
359,4,0.05,6.78,1
360,4,0.05,7.68,1
361,4,0.05,7.36,1
362,4,0.05,6.94,1
363,4,0.05,7.16,1
364,4,0.05,7.28,1
365,4,0.05,7.92,1
366,4,0.05,6.92,1
367,4,0.05,7.52,1
368,4,0.05,8.46,1
369,4,0.05,8.06,1
370,4,0.05,7.3,1
371,4,0.05,6.42,1
372,4,0.05,6.54,1
373,4,0.05,6.94,1
374,4,0.05,5.96,1
375,4,0.05,6.62,1
376,4,0.05,7.68,1
377,4,0.05,7.14,1
378,4,0.05,6.58,1
379,4,0.05,6.52,1
380,4,0.05,6.6,1
381,4,0.05,6.5,1
382,4,0.05,6.64,1
383,4,0.05,7.06,1
384,4,0.05,6.6,1
385,4,0.05,6.76,1
386,4,0.05,7.4,1
387,4,0.05,7.18,1
388,4,0.05,7.04,1
389,4,0.05,7.22,1
390,4,0.05,6.48,1
391,4,0.05,6.96,1
392,4,0.05,7.28,1
393,4,0.05,6.88,1
394,4,0.05,7.98,1
395,4,0.05,8.22,1
396,4,0.05,7.76,1
397,4,0.05,7.54,1
398,4,0.05,6.92,1
399,4,0.05,7.1,1
400,4,0.05,7.22,1
401,4,0.05,7.06,1
402,4,0.05,6.66,1
403,4,0.05,7.1,1
404,4,0.05,6.98,1
405,4,0.05,7.34,1
406,4,0.05,6.76,1
407,4,0.05,6.94,1
408,4,0.05,7.6,1
409,4,0.05,6.6,1
410,4,0.05,6.2,1
411,4,0.05,7.5,1
412,4,0.05,6.88,1
413,4,0.05,7.86,1
414,4,0.05,7.36,1
415,4,0.05,7.08,1
416,4,0.05,6.3,1
417,4,0.05,5.44,1
418,4,0.05,6.24,1
419,4,0.05,6.34,1
420,4,0.05,7.12,1
421,4,0.05,6.96,1
422,4,0.05,7.42,1
423,4,0.05,7.4,1
424,4,0.05,6.44,1
425,4,0.05,5.58,1
426,4,0.05,7.1,1
427,4,0.05,7.04,1
428,4,0.05,7.32,1
429,4,0.05,6.7,1
430,4,0.05,6.26,1
431,4,0.05,7.12,1
432,4,0.05,7.76,1
433,4,0.05,8.34,1
434,4,0.05,7.4,1
435,4,0.05,7.46,1
436,4,0.05,6.66,1
437,4,0.05,6.54,1
438,4,0.05,6.88,1
439,4,0.05,7.56,1
440,4,0.05,7.86,1
441,4,0.05,7.18,1
442,4,0.05,7.44,1
443,4,0.05,6.94,1
444,4,0.05,7.36,1
445,4,0.05,7.7,1
446,4,0.05,6.1,1
447,4,0.05,6.42,1
448,4,0.05,6.14,1
449,4,0.05,6.74,1
450,4,0.05,7.34,1
451,4,0.05,7.28,1
452,4,0.05,5.52,1
453,4,0.05,5.86,1
454,4,0.05,7.1,1
455,4,0.05,6.88,1
456,4,0.05,7.54,1
457,4,0.05,6.8,1
458,4,0.05,8.06,1
459,4,0.05,7.78,1
460,4,0.05,7.94,1
461,4,0.05,7.3,1
462,4,0.05,7.98,1
463,4,0.05,7.5,1
464,4,0.05,7.0,1
465,4,0.05,7.56,1
466,4,0.05,6.54,1
467,4,0.05,6.96,1
468,4,0.05,7.74,1
469,4,0.05,7.18,1
470,4,0.05,6.54,1
471,4,0.05,7.28,1
472,4,0.05,6.36,1
473,4,0.05,6.58,1
474,4,0.05,7.14,1
475,4,0.05,6.62,1
476,4,0.05,6.78,1
477,4,0.05,7.52,1
478,4,0.05,6.96,1
479,4,0.05,8.46,1
480,4,0.05,7.58,1
481,4,0.05,7.42,1
482,4,0.05,7.0,1
483,4,0.05,7.6,1
484,4,0.05,6.64,1
485,4,0.05,7.4,1
486,4,0.05,7.44,1
487,4,0.05,7.5,1
488,4,0.05,7.22,1
489,4,0.05,6.5,1
490,4,0.05,7.04,1
491,4,0.05,6.9,1
492,4,0.05,7.36,1
493,4,0.05,7.58,1
494,4,0.05,7.04,1
495,4,0.05,6.12,1
496,4,0.05,7.6,1
497,4,0.05,6.76,1
498,4,0.05,7.0,1
499,4,0.05,6.66,1
500,4,0.05,7.0,1
501,4,0.05,6.78,1
502,4,0.05,7.1,1
503,4,0.05,7.78,1
504,4,0.05,6.92,1
505,4,0.05,6.24,1
506,4,0.05,6.42,1
507,4,0.05,5.84,1
508,4,0.05,6.34,1
509,4,0.05,5.86,1
510,4,0.05,6.24,1
511,4,0.05,6.1,1
512,4,0.05,6.66,1
513,4,0.05,7.16,1
514,4,0.05,7.28,1
515,4,0.05,7.5,1
516,4,0.05,6.84,1
517,4,0.05,6.46,1
518,4,0.05,6.6,1
519,4,0.05,5.78,1
520,4,0.05,6.98,1
521,4,0.05,7.4,1
522,4,0.05,7.02,1
523,4,0.05,6.66,1
524,4,0.05,6.54,1
525,4,0.05,7.5,1
526,4,0.05,7.38,1
527,4,0.05,6.74,1
528,4,0.05,7.12,1
529,4,0.05,6.74,1
530,4,0.05,7.38,1
531,4,0.05,7.24,1
532,4,0.05,7.04,1
533,4,0.05,6.5,1
534,4,0.05,7.08,1
535,4,0.05,7.08,1
536,4,0.05,7.42,1
537,4,0.05,7.54,1
538,4,0.05,7.26,1
539,4,0.05,7.42,1
540,4,0.05,7.66,1
541,4,0.05,5.98,1
542,4,0.05,7.22,1
543,4,0.05,6.88,1
544,4,0.05,6.66,1
545,4,0.05,6.16,1
546,4,0.05,6.76,1
547,4,0.05,6.48,1
548,4,0.05,6.92,1
549,4,0.05,7.64,1
550,4,0.05,7.32,1
551,4,0.05,6.66,1
552,4,0.05,6.8,1
553,4,0.05,7.2,1
554,4,0.05,6.84,1
555,4,0.05,7.12,1
556,4,0.05,7.96,1
557,4,0.05,6.46,1
558,4,0.05,6.7,1
559,4,0.05,7.14,1
560,4,0.05,6.46,1
561,4,0.05,7.32,1
562,4,0.05,6.68,1
563,4,0.05,7.48,1
564,4,0.05,6.32,1
565,4,0.05,7.04,1
566,4,0.05,6.12,1
567,4,0.05,6.68,1
568,4,0.05,5.9,1
569,4,0.05,6.82,1
570,4,0.05,7.2,1
571,4,0.05,6.44,1
572,4,0.05,6.3,1
573,4,0.05,6.42,1
574,4,0.05,6.62,1
575,4,0.05,6.9,1
576,4,0.05,6.24,1
577,4,0.05,6.68,1
578,4,0.05,6.74,1
579,4,0.05,6.88,1
580,4,0.05,7.66,1
581,4,0.05,7.72,1
582,4,0.05,6.92,1
583,4,0.05,6.7,1
584,4,0.05,6.44,1
585,4,0.05,7.16,1
586,4,0.05,6.68,1
587,4,0.05,8.06,1
588,4,0.05,7.48,1
589,4,0.05,6.84,1
590,4,0.05,6.54,1
591,4,0.05,7.22,1
592,4,0.05,7.3,1
593,4,0.05,6.88,1
594,4,0.05,7.82,1
595,4,0.05,7.98,1
596,4,0.05,7.18,1
597,4,0.05,6.66,1
598,4,0.05,7.44,1
599,4,0.05,7.16,1
600,4,0.05,7.54,1
601,4,0.05,6.38,1
602,4,0.05,6.42,1
603,4,0.05,7.7,1
604,4,0.05,6.94,1
605,4,0.05,6.98,1
606,4,0.05,7.78,1
607,4,0.05,7.8,1
608,4,0.05,6.56,1
609,4,0.05,7.2,1
610,4,0.05,8.14,1
611,4,0.05,7.78,1
612,4,0.05,7.16,1
613,4,0.05,8.22,1
614,4,0.05,8.54,1
615,4,0.05,7.14,1
616,4,0.05,7.3,1
617,4,0.05,7.06,1
618,4,0.05,6.74,1
619,4,0.05,7.68,1
620,4,0.05,6.98,1
621,4,0.05,6.3,1
622,4,0.05,6.54,1
623,4,0.05,7.3,1
624,4,0.05,7.9,1
625,4,0.05,6.84,1
626,4,0.05,7.32,1
627,4,0.05,6.02,1
628,4,0.05,6.68,1
629,4,0.05,7.5,1
630,4,0.05,7.42,1
631,4,0.05,6.88,1
632,4,0.05,6.28,1
633,4,0.05,6.6,1
634,4,0.05,7.52,1
635,4,0.05,7.32,1
636,4,0.05,7.3,1
637,4,0.05,7.7,1
638,4,0.05,6.88,1
639,4,0.05,6.34,1
640,4,0.05,7.14,1
641,4,0.05,8.64,1
642,4,0.05,7.72,1
643,4,0.05,6.64,1
644,4,0.05,7.0,1
645,4,0.05,7.08,1
646,4,0.05,6.1,1
647,4,0.05,7.14,1
648,4,0.05,6.08,1
649,4,0.05,7.4,1
650,4,0.05,7.2,1
651,4,0.05,7.66,1
652,4,0.05,6.9,1
653,4,0.05,7.38,1
654,4,0.05,7.5,1
655,4,0.05,6.46,1
656,4,0.05,6.42,1
657,4,0.05,7.68,1
658,4,0.05,6.56,1
659,4,0.05,7.28,1
660,4,0.05,7.8,1
661,4,0.05,8.1,1
662,4,0.05,6.94,1
663,4,0.05,7.66,1
664,4,0.05,7.46,1
665,4,0.05,7.52,1
666,4,0.05,7.82,1
667,4,0.05,7.04,1
668,4,0.05,8.18,1
669,4,0.05,7.9,1
670,4,0.05,6.86,1
671,4,0.05,7.5,1
672,4,0.05,7.2,1
673,4,0.05,6.54,1
674,4,0.05,7.98,1
675,4,0.05,7.46,1
676,4,0.05,7.04,1
677,4,0.05,6.28,1
678,4,0.05,6.58,1
679,4,0.05,7.1,1
680,4,0.05,7.32,1
681,4,0.05,8.38,1
682,4,0.05,6.44,1
683,4,0.05,6.8,1
684,4,0.05,6.72,1
685,4,0.05,6.9,1
686,4,0.05,6.28,1
687,4,0.05,6.8,1
688,4,0.05,6.46,1
689,4,0.05,7.16,1
690,4,0.05,6.56,1
691,4,0.05,5.96,1
692,4,0.05,7.0,1
693,4,0.05,6.32,1
694,4,0.05,7.24,1
695,4,0.05,7.58,1
696,4,0.05,6.7,1
697,4,0.05,6.18,1
698,4,0.05,6.98,1
699,4,0.05,7.22,1
700,4,0.05,7.66,1
701,4,0.05,8.3,1
702,4,0.05,6.4,1
703,4,0.05,6.28,1
704,4,0.05,6.48,1
705,4,0.05,8.0,1
706,4,0.05,6.6,1
707,4,0.05,8.94,1
708,4,0.05,7.16,1
709,4,0.05,7.36,1
710,4,0.05,6.72,1
711,4,0.05,7.16,1
712,4,0.05,7.56,1
713,4,0.05,6.78,1
714,4,0.05,6.82,1
715,4,0.05,7.72,1
716,4,0.05,7.48,1
717,4,0.05,7.42,1
718,4,0.05,7.46,1
719,4,0.05,6.32,1
720,4,0.05,6.74,1
721,4,0.05,7.28,1
722,4,0.05,7.4,1
723,4,0.05,6.9,1
724,4,0.05,7.02,1
725,4,0.05,7.02,1
726,4,0.05,7.04,1
727,4,0.05,7.42,1
728,4,0.05,7.26,1
729,4,0.05,7.04,1
730,4,0.05,6.6,1
731,4,0.05,6.74,1
732,4,0.05,6.6,1
733,4,0.05,6.92,1
734,4,0.05,6.28,1
735,4,0.05,6.98,1
736,4,0.05,7.08,1
737,4,0.05,6.82,1
738,4,0.05,6.78,1
739,4,0.05,6.16,1
740,4,0.05,6.76,1
741,4,0.05,6.86,1
742,4,0.05,8.24,1
743,4,0.05,8.66,1
744,4,0.05,6.84,1
745,4,0.05,7.58,1
746,4,0.05,7.24,1
747,4,0.05,7.56,1
748,4,0.05,6.38,1
749,4,0.05,7.14,1
750,4,0.05,7.74,1
751,4,0.05,6.64,1
752,4,0.05,7.5,1
753,4,0.05,6.08,1
754,4,0.05,7.7,1
755,4,0.05,6.7,1
756,4,0.05,7.72,1
757,4,0.05,6.94,1
758,4,0.05,7.82,1
759,4,0.05,7.18,1
760,4,0.05,7.44,1
761,4,0.05,6.5,1
762,4,0.05,7.22,1
763,4,0.05,6.9,1
764,4,0.05,6.46,1
765,4,0.05,7.52,1
766,4,0.05,7.02,1
767,4,0.05,7.0,1
768,4,0.05,6.86,1
769,4,0.05,7.3,1
770,4,0.05,7.22,1
771,4,0.05,7.24,1
772,4,0.05,6.6,1
773,4,0.05,6.86,1
774,4,0.05,6.64,1
775,4,0.05,6.88,1
776,4,0.05,6.82,1
777,4,0.05,6.7,1
778,4,0.05,6.72,1
779,4,0.05,7.22,1
780,4,0.05,6.68,1
781,4,0.05,6.2,1
782,4,0.05,6.98,1
783,4,0.05,8.4,1
784,4,0.05,6.42,1
785,4,0.05,7.22,1
786,4,0.05,6.16,1
787,4,0.05,7.4,1
788,4,0.05,6.22,1
789,4,0.05,6.54,1
790,4,0.05,7.9,1
791,4,0.05,9.0,1
792,4,0.05,7.2,1
793,4,0.05,7.96,1
794,4,0.05,7.16,1
795,4,0.05,7.46,1
796,4,0.05,6.52,1
797,4,0.05,6.84,1
798,4,0.05,6.18,1
799,4,0.05,6.9,1
800,4,0.05,7.16,1
801,4,0.05,8.2,1
802,4,0.05,6.2,1
803,4,0.05,6.22,1
804,4,0.05,6.16,1
805,4,0.05,6.72,1
806,4,0.05,6.6,1
807,4,0.05,6.74,1
808,4,0.05,7.06,1
809,4,0.05,7.22,1
810,4,0.05,7.26,1
811,4,0.05,6.88,1
812,4,0.05,6.86,1
813,4,0.05,6.62,1
814,4,0.05,7.74,1
815,4,0.05,6.98,1
816,4,0.05,6.32,1
817,4,0.05,6.34,1
818,4,0.05,8.0,1
819,4,0.05,6.32,1
820,4,0.05,7.24,1
821,4,0.05,6.3,1
822,4,0.05,7.0,1
823,4,0.05,6.46,1
824,4,0.05,6.36,1
825,4,0.05,7.16,1
826,4,0.05,7.84,1
827,4,0.05,7.08,1
828,4,0.05,6.94,1
829,4,0.05,7.26,1
830,4,0.05,6.68,1
831,4,0.05,6.28,1
832,4,0.05,7.36,1
833,4,0.05,6.22,1
834,4,0.05,7.22,1
835,4,0.05,6.38,1
836,4,0.05,7.22,1
837,4,0.05,7.6,1
838,4,0.05,7.06,1
839,4,0.05,7.4,1
840,4,0.05,7.64,1
841,4,0.05,6.58,1
842,4,0.05,6.56,1
843,4,0.05,7.62,1
844,4,0.05,7.24,1
845,4,0.05,7.38,1
846,4,0.05,6.3,1
847,4,0.05,7.0,1
848,4,0.05,7.14,1
849,4,0.05,7.34,1
850,4,0.05,8.06,1
851,4,0.05,6.74,1
852,4,0.05,6.82,1
853,4,0.05,7.1,1
854,4,0.05,7.98,1
855,4,0.05,7.32,1
856,4,0.05,7.54,1
857,4,0.05,7.54,1
858,4,0.05,6.86,1
859,4,0.05,6.12,1
860,4,0.05,6.76,1
861,4,0.05,6.48,1
862,4,0.05,7.1,1
863,4,0.05,7.66,1
864,4,0.05,7.18,1
865,4,0.05,7.64,1
866,4,0.05,7.44,1
867,4,0.05,7.04,1
868,4,0.05,6.68,1
869,4,0.05,8.02,1
870,4,0.05,7.84,1
871,4,0.05,6.76,1
872,4,0.05,7.2,1
873,4,0.05,7.26,1
874,4,0.05,7.62,1
875,4,0.05,7.9,1
876,4,0.05,6.34,1
877,4,0.05,6.98,1
878,4,0.05,6.92,1
879,4,0.05,6.94,1
880,4,0.05,6.74,1
881,4,0.05,7.1,1
882,4,0.05,7.52,1
883,4,0.05,6.0,1
884,4,0.05,6.4,1
885,4,0.05,6.88,1
886,4,0.05,7.16,1
887,4,0.05,7.18,1
888,4,0.05,6.6,1
889,4,0.05,7.44,1
890,4,0.05,6.78,1
891,4,0.05,6.12,1
892,4,0.05,7.12,1
893,4,0.05,6.84,1
894,4,0.05,5.96,1
895,4,0.05,6.78,1
896,4,0.05,6.74,1
897,4,0.05,6.22,1
898,4,0.05,6.94,1
899,4,0.05,7.08,1
900,4,0.05,6.34,1
901,4,0.05,6.56,1
902,4,0.05,6.52,1
903,4,0.05,6.76,1
904,4,0.05,6.38,1
905,4,0.05,7.48,1
906,4,0.05,7.08,1
907,4,0.05,6.6,1
908,4,0.05,7.74,1
909,4,0.05,7.44,1
910,4,0.05,6.7,1
911,4,0.05,7.2,1
912,4,0.05,6.78,1
913,4,0.05,7.36,1
914,4,0.05,7.48,1
915,4,0.05,7.42,1
916,4,0.05,6.82,1
917,4,0.05,7.8,1
918,4,0.05,7.94,1
919,4,0.05,8.04,1
920,4,0.05,6.74,1
921,4,0.05,6.28,1
922,4,0.05,6.94,1
923,4,0.05,6.54,1
924,4,0.05,6.4,1
925,4,0.05,7.44,1
926,4,0.05,6.2,1
927,4,0.05,6.92,1
928,4,0.05,7.3,1
929,4,0.05,6.96,1
930,4,0.05,6.64,1
931,4,0.05,7.32,1
932,4,0.05,7.26,1
933,4,0.05,7.18,1
934,4,0.05,7.16,1
935,4,0.05,7.52,1
936,4,0.05,6.64,1
937,4,0.05,6.34,1
938,4,0.05,7.54,1
939,4,0.05,8.04,1
940,4,0.05,6.96,1
941,4,0.05,6.42,1
942,4,0.05,7.12,1
943,4,0.05,6.76,1
944,4,0.05,6.94,1
945,4,0.05,5.72,1
946,4,0.05,6.66,1
947,4,0.05,6.98,1
948,4,0.05,7.14,1
949,4,0.05,6.64,1
950,4,0.05,6.72,1
951,4,0.05,7.5,1
952,4,0.05,6.9,1
953,4,0.05,7.3,1
954,4,0.05,7.18,1
955,4,0.05,7.38,1
956,4,0.05,7.02,1
957,4,0.05,5.86,1
958,4,0.05,6.7,1
959,4,0.05,6.4,1
960,4,0.05,6.22,1
961,4,0.05,6.5,1
962,4,0.05,7.42,1
963,4,0.05,7.06,1
964,4,0.05,8.02,1
965,4,0.05,7.06,1
966,4,0.05,6.64,1
967,4,0.05,7.74,1
968,4,0.05,7.38,1
969,4,0.05,7.74,1
970,4,0.05,7.16,1
971,4,0.05,7.1,1
972,4,0.05,7.18,1
973,4,0.05,8.42,1
974,4,0.05,6.26,1
975,4,0.05,6.56,1
976,4,0.05,6.74,1
977,4,0.05,7.84,1
978,4,0.05,7.54,1
979,4,0.05,6.9,1
980,4,0.05,8.38,1
981,4,0.05,7.28,1
982,4,0.05,6.92,1
983,4,0.05,7.3,1
984,4,0.05,6.06,1
985,4,0.05,7.3,1
986,4,0.05,7.56,1
987,4,0.05,5.84,1
988,4,0.05,7.42,1
989,4,0.05,8.66,1
990,4,0.05,7.12,1
991,4,0.05,7.08,1
992,4,0.05,8.22,1
993,4,0.05,7.62,1
994,4,0.05,8.46,1
995,4,0.05,7.68,1
996,4,0.05,7.4,1
997,4,0.05,7.28,1
998,4,0.05,7.96,1
999,4,0.05,6.46,1
1000,4,0.05,7.2,1
1001,4,0.05,6.84,1
1002,4,0.05,7.18,1
1003,4,0.05,6.36,1
1004,4,0.05,6.98,1
1005,4,0.05,6.88,1
1006,4,0.05,6.26,1
1007,4,0.05,6.68,1
1008,4,0.05,6.1,1
1009,4,0.05,6.64,1
1010,4,0.05,7.2,1
1011,4,0.05,6.2,1
1012,4,0.05,6.72,1
1013,4,0.05,7.4,1
1014,4,0.05,7.4,1
1015,4,0.05,6.98,1
1016,4,0.05,7.24,1
1017,4,0.05,8.3,1
1018,4,0.05,7.42,1
1019,4,0.05,6.66,1
1020,4,0.05,7.2,1
1021,4,0.05,7.04,1
1022,4,0.05,7.9,1
1023,4,0.05,7.18,1
1024,4,0.05,6.92,1
1025,4,0.05,6.6,1
1026,4,0.05,6.74,1
1027,4,0.05,7.36,1
1028,4,0.05,8.88,1
1029,4,0.05,8.76,1
1030,4,0.05,7.14,1
1031,4,0.05,7.0,1
1032,4,0.05,5.92,1
1033,4,0.05,7.22,1
1034,4,0.05,6.62,1
1035,4,0.05,7.54,1
1036,4,0.05,7.96,1
1037,4,0.05,7.56,1
1038,4,0.05,7.06,1
1039,4,0.05,7.16,1
1040,4,0.05,6.88,1
1041,4,0.05,7.04,1
1042,4,0.05,6.92,1
1043,4,0.05,6.36,1
1044,4,0.05,7.02,1
1045,4,0.05,7.08,1
1046,4,0.05,7.2,1
1047,4,0.05,7.02,1
1048,4,0.05,6.44,1
1049,4,0.05,6.82,1
1050,4,0.05,6.98,1
1051,4,0.05,7.76,1
1052,4,0.05,6.5,1
1053,4,0.05,6.56,1
1054,4,0.05,7.0,1
1055,4,0.05,6.24,1
1056,4,0.05,7.1,1
1057,4,0.05,6.22,1
1058,4,0.05,6.98,1
1059,4,0.05,6.96,1
1060,4,0.05,7.04,1
1061,4,0.05,7.44,1
1062,4,0.05,7.22,1
1063,4,0.05,7.06,1
1064,4,0.05,7.02,1
1065,4,0.05,6.56,1
1066,4,0.05,7.16,1
1067,4,0.05,6.84,1
1068,4,0.05,6.52,1
1069,4,0.05,7.06,1
1070,4,0.05,6.76,1
1071,4,0.05,6.9,1
1072,4,0.05,7.04,1
1073,4,0.05,7.44,1
1074,4,0.05,6.76,1
1075,4,0.05,6.5,1
1076,4,0.05,7.36,1
1077,4,0.05,6.52,1
1078,4,0.05,7.68,1
1079,4,0.05,6.28,1
1080,4,0.05,5.42,1
1081,4,0.05,6.96,1
1082,4,0.05,6.4,1
1083,4,0.05,6.62,1
1084,4,0.05,6.64,1
1085,4,0.05,6.42,1
1086,4,0.05,6.78,1
1087,4,0.05,7.22,1
1088,4,0.05,6.34,1
1089,4,0.05,6.18,1
1090,4,0.05,5.86,1
1091,4,0.05,5.72,1
1092,4,0.05,6.76,1
1093,4,0.05,8.38,1
1094,4,0.05,7.68,1
1095,4,0.05,7.74,1
1096,4,0.05,6.92,1
1097,4,0.05,6.86,1
1098,4,0.05,6.68,1
1099,4,0.05,7.28,1
1100,4,0.05,6.54,1
1101,4,0.05,6.6,1
1102,4,0.05,6.54,1
1103,4,0.05,5.92,1
1104,4,0.05,6.48,1
1105,4,0.05,6.8,1
1106,4,0.05,6.6,1
1107,4,0.05,7.1,1
1108,4,0.05,7.32,1
1109,4,0.05,7.4,1
1110,4,0.05,7.46,0
0,5,0.05,54.98,40
1,5,0.05,45.9,37
2,5,0.05,39.48,32
3,5,0.05,36.38,30
4,5,0.05,33.78,29
5,5,0.05,32.48,27
6,5,0.05,30.94,27
7,5,0.05,30.24,25
8,5,0.05,28.7,24
9,5,0.05,27.5,22
10,5,0.05,26.32,21
11,5,0.05,24.96,21
12,5,0.05,23.82,19
13,5,0.05,23.86,19
14,5,0.05,23.08,19
15,5,0.05,22.82,18
16,5,0.05,22.58,18
17,5,0.05,21.76,18
18,5,0.05,22.4,17
19,5,0.05,20.76,16
20,5,0.05,20.78,16
21,5,0.05,19.5,16
22,5,0.05,20.62,15
23,5,0.05,19.66,15
24,5,0.05,19.58,15
25,5,0.05,19.5,15
26,5,0.05,19.48,15
27,5,0.05,19.52,15
28,5,0.05,19.56,15
29,5,0.05,19.1,14
30,5,0.05,19.02,13
31,5,0.05,18.18,13
32,5,0.05,17.56,13
33,5,0.05,17.68,12
34,5,0.05,16.88,12
35,5,0.05,16.08,12
36,5,0.05,16.22,10
37,5,0.05,15.48,10
38,5,0.05,14.6,10
39,5,0.05,14.34,10
40,5,0.05,14.94,9
41,5,0.05,13.92,9
42,5,0.05,13.9,9
43,5,0.05,14.24,9
44,5,0.05,13.92,9
45,5,0.05,13.44,8
46,5,0.05,13.64,8
47,5,0.05,12.46,8
48,5,0.05,13.86,8
49,5,0.05,13.98,8
50,5,0.05,13.72,8
51,5,0.05,13.96,8
52,5,0.05,12.88,8
53,5,0.05,13.24,8
54,5,0.05,12.62,8
55,5,0.05,13.16,8
56,5,0.05,13.34,8
57,5,0.05,13.12,8
58,5,0.05,12.68,8
59,5,0.05,12.84,8
60,5,0.05,12.74,8
61,5,0.05,13.12,8
62,5,0.05,13.58,8
63,5,0.05,12.22,8
64,5,0.05,13.12,8
65,5,0.05,12.92,8
66,5,0.05,13.14,8
67,5,0.05,12.28,8
68,5,0.05,12.54,8
69,5,0.05,12.94,8
70,5,0.05,12.84,8
71,5,0.05,13.3,8
72,5,0.05,12.66,8
73,5,0.05,13.4,8
74,5,0.05,13.28,8
75,5,0.05,13.32,8
76,5,0.05,12.32,8
77,5,0.05,12.76,8
78,5,0.05,12.72,8
79,5,0.05,12.36,8
80,5,0.05,12.78,8
81,5,0.05,12.96,8
82,5,0.05,13.44,8
83,5,0.05,12.08,7
84,5,0.05,12.36,7
85,5,0.05,12.34,7
86,5,0.05,12.76,7
87,5,0.05,13.38,7
88,5,0.05,11.92,7
89,5,0.05,13.64,7
90,5,0.05,11.38,7
91,5,0.05,11.58,7
92,5,0.05,12.44,7
93,5,0.05,11.7,6
94,5,0.05,11.52,6
95,5,0.05,12.24,6
96,5,0.05,11.66,6
97,5,0.05,11.78,6
98,5,0.05,10.28,6
99,5,0.05,10.96,6
100,5,0.05,10.8,6
101,5,0.05,10.94,6
102,5,0.05,10.84,6
103,5,0.05,11.38,6
104,5,0.05,10.8,6
105,5,0.05,11.66,6
106,5,0.05,11.24,6
107,5,0.05,11.82,6
108,5,0.05,11.72,6
109,5,0.05,11.22,6
110,5,0.05,12.3,6
111,5,0.05,11.86,6
112,5,0.05,11.76,6
113,5,0.05,11.6,6
114,5,0.05,12.22,6
115,5,0.05,10.66,6
116,5,0.05,11.1,6
117,5,0.05,11.2,6
118,5,0.05,10.98,6
119,5,0.05,11.88,6
120,5,0.05,10.7,6
121,5,0.05,11.66,6
122,5,0.05,11.9,6
123,5,0.05,10.64,6
124,5,0.05,10.34,6
125,5,0.05,10.7,6
126,5,0.05,11.32,6
127,5,0.05,10.24,6
128,5,0.05,11.68,6
129,5,0.05,12.82,6
130,5,0.05,11.18,6
131,5,0.05,11.34,6
132,5,0.05,10.28,6
133,5,0.05,11.7,6
134,5,0.05,12.14,6
135,5,0.05,11.54,6
136,5,0.05,11.48,6
137,5,0.05,11.16,6
138,5,0.05,11.24,6
139,5,0.05,11.5,6
140,5,0.05,11.6,6
141,5,0.05,12.12,6
142,5,0.05,12.18,6
143,5,0.05,11.5,6
144,5,0.05,10.96,6
145,5,0.05,11.38,6
146,5,0.05,11.34,6
147,5,0.05,11.54,6
148,5,0.05,10.28,6
149,5,0.05,11.26,6
150,5,0.05,11.02,6
151,5,0.05,12.22,6
152,5,0.05,11.56,6
153,5,0.05,11.52,6
154,5,0.05,11.92,6
155,5,0.05,11.2,6
156,5,0.05,11.18,6
157,5,0.05,11.68,6
158,5,0.05,12.06,6
159,5,0.05,11.94,6
160,5,0.05,11.56,6
161,5,0.05,12.24,6
162,5,0.05,11.52,6
163,5,0.05,10.7,6
164,5,0.05,11.78,6
165,5,0.05,11.78,6
166,5,0.05,12.3,6
167,5,0.05,11.74,6
168,5,0.05,11.74,6
169,5,0.05,11.54,6
170,5,0.05,10.76,6
171,5,0.05,10.72,6
172,5,0.05,10.6,6
173,5,0.05,11.84,6
174,5,0.05,11.92,6
175,5,0.05,11.18,6
176,5,0.05,11.3,6
177,5,0.05,11.6,6
178,5,0.05,10.88,6
179,5,0.05,11.06,6
180,5,0.05,10.72,6
181,5,0.05,11.48,6
182,5,0.05,10.98,6
183,5,0.05,11.48,6
184,5,0.05,10.52,5
185,5,0.05,11.38,5
186,5,0.05,10.94,5
187,5,0.05,10.56,5
188,5,0.05,10.56,5
189,5,0.05,10.88,5
190,5,0.05,11.06,5
191,5,0.05,10.12,5
192,5,0.05,11.0,5
193,5,0.05,9.76,5
194,5,0.05,9.36,5
195,5,0.05,10.96,5
196,5,0.05,10.5,5
197,5,0.05,10.56,5
198,5,0.05,10.54,5
199,5,0.05,10.5,5
200,5,0.05,10.72,5
201,5,0.05,10.84,5
202,5,0.05,10.58,5
203,5,0.05,10.08,5
204,5,0.05,10.08,5
205,5,0.05,9.64,5
206,5,0.05,10.42,5
207,5,0.05,10.8,5
208,5,0.05,11.38,5
209,5,0.05,10.58,5
210,5,0.05,9.7,5
211,5,0.05,10.64,5
212,5,0.05,9.64,5
213,5,0.05,10.78,5
214,5,0.05,9.86,5
215,5,0.05,10.48,5
216,5,0.05,10.14,5
217,5,0.05,9.66,5
218,5,0.05,9.92,5
219,5,0.05,10.64,5
220,5,0.05,10.6,5
221,5,0.05,10.76,5
222,5,0.05,10.28,5
223,5,0.05,10.58,5
224,5,0.05,10.14,5
225,5,0.05,10.06,5
226,5,0.05,10.88,5
227,5,0.05,11.12,5
228,5,0.05,9.28,5
229,5,0.05,9.74,5
230,5,0.05,10.44,5
231,5,0.05,9.62,5
232,5,0.05,10.66,5
233,5,0.05,10.06,5
234,5,0.05,9.7,5
235,5,0.05,9.78,5
236,5,0.05,10.38,5
237,5,0.05,9.62,5
238,5,0.05,10.12,5
239,5,0.05,11.0,5
240,5,0.05,10.42,5
241,5,0.05,10.06,5
242,5,0.05,11.2,5
243,5,0.05,10.92,5
244,5,0.05,9.98,5
245,5,0.05,10.04,5
246,5,0.05,11.18,5
247,5,0.05,10.16,5
248,5,0.05,10.66,5
249,5,0.05,11.08,5
250,5,0.05,10.42,5
251,5,0.05,11.14,5
252,5,0.05,10.1,5
253,5,0.05,10.0,5
254,5,0.05,9.96,5
255,5,0.05,11.3,5
256,5,0.05,10.5,5
257,5,0.05,10.62,5
258,5,0.05,10.08,5
259,5,0.05,10.08,5
260,5,0.05,9.94,5
261,5,0.05,10.86,5
262,5,0.05,10.48,5
263,5,0.05,10.28,5
264,5,0.05,9.74,5
265,5,0.05,9.82,5
266,5,0.05,10.84,5
267,5,0.05,10.64,5
268,5,0.05,10.38,5
269,5,0.05,11.24,5
270,5,0.05,11.04,5
271,5,0.05,10.2,5
272,5,0.05,10.5,5
273,5,0.05,10.78,5
274,5,0.05,10.1,5
275,5,0.05,10.5,5
276,5,0.05,10.74,5
277,5,0.05,9.18,5
278,5,0.05,10.6,5
279,5,0.05,10.78,5
280,5,0.05,10.5,5
281,5,0.05,10.66,5
282,5,0.05,9.72,5
283,5,0.05,10.32,5
284,5,0.05,10.56,5
285,5,0.05,11.46,5
286,5,0.05,10.38,5
287,5,0.05,10.4,5
288,5,0.05,10.7,5
289,5,0.05,10.24,5
290,5,0.05,10.44,5
291,5,0.05,10.38,5
292,5,0.05,10.5,5
293,5,0.05,10.64,5
294,5,0.05,10.16,5
295,5,0.05,10.62,5
296,5,0.05,10.66,5
297,5,0.05,10.52,5
298,5,0.05,10.64,5
299,5,0.05,10.78,5
300,5,0.05,10.68,5
301,5,0.05,10.94,5
302,5,0.05,10.1,5
303,5,0.05,10.74,5
304,5,0.05,11.04,5
305,5,0.05,11.14,5
306,5,0.05,10.24,5
307,5,0.05,11.38,5
308,5,0.05,10.76,5
309,5,0.05,10.46,5
310,5,0.05,9.52,5
311,5,0.05,11.1,5
312,5,0.05,10.06,5
313,5,0.05,9.98,5
314,5,0.05,10.82,5
315,5,0.05,10.54,5
316,5,0.05,10.0,5
317,5,0.05,10.14,5
318,5,0.05,10.38,5
319,5,0.05,10.06,5
320,5,0.05,10.06,5
321,5,0.05,10.5,5
322,5,0.05,10.1,5
323,5,0.05,9.82,5
324,5,0.05,10.4,5
325,5,0.05,9.82,5
326,5,0.05,11.22,5
327,5,0.05,9.98,5
328,5,0.05,10.06,5
329,5,0.05,11.04,5
330,5,0.05,10.46,5
331,5,0.05,10.76,5
332,5,0.05,10.32,5
333,5,0.05,9.72,5
334,5,0.05,10.42,5
335,5,0.05,10.72,5
336,5,0.05,10.18,5
337,5,0.05,10.82,5
338,5,0.05,9.92,5
339,5,0.05,10.14,5
340,5,0.05,10.44,5
341,5,0.05,11.12,5
342,5,0.05,11.96,5
343,5,0.05,11.34,5
344,5,0.05,9.74,5
345,5,0.05,10.72,4
346,5,0.05,9.0,4
347,5,0.05,10.1,4
348,5,0.05,9.9,4
349,5,0.05,8.66,4
350,5,0.05,9.86,4
351,5,0.05,10.26,4
352,5,0.05,10.24,4
353,5,0.05,9.96,4
354,5,0.05,9.4,4
355,5,0.05,9.5,4
356,5,0.05,10.04,4
357,5,0.05,10.24,4
358,5,0.05,10.08,4
359,5,0.05,10.08,4
360,5,0.05,9.96,4
361,5,0.05,9.36,4
362,5,0.05,9.76,4
363,5,0.05,9.92,4
364,5,0.05,9.9,4
365,5,0.05,9.44,4
366,5,0.05,9.46,4
367,5,0.05,10.22,4
368,5,0.05,9.12,4
369,5,0.05,10.32,4
370,5,0.05,10.22,4
371,5,0.05,9.72,4
372,5,0.05,9.0,4
373,5,0.05,9.04,4
374,5,0.05,9.62,4
375,5,0.05,10.54,4
376,5,0.05,9.38,4
377,5,0.05,9.02,4
378,5,0.05,8.7,4
379,5,0.05,9.42,4
380,5,0.05,9.84,4
381,5,0.05,10.74,4
382,5,0.05,10.04,4
383,5,0.05,9.92,4
384,5,0.05,10.38,4
385,5,0.05,9.7,4
386,5,0.05,8.72,4
387,5,0.05,9.06,4
388,5,0.05,10.08,4
389,5,0.05,10.58,4
390,5,0.05,10.62,3
391,5,0.05,9.02,3
392,5,0.05,8.84,3
393,5,0.05,9.42,3
394,5,0.05,8.14,3
395,5,0.05,8.62,3
396,5,0.05,8.58,3
397,5,0.05,8.56,3
398,5,0.05,8.82,3
399,5,0.05,8.8,3
400,5,0.05,9.36,3
401,5,0.05,9.72,3
402,5,0.05,8.9,3
403,5,0.05,8.08,3
404,5,0.05,8.34,3
405,5,0.05,8.96,3
406,5,0.05,8.5,3
407,5,0.05,8.94,3
408,5,0.05,9.12,3
409,5,0.05,9.62,3
410,5,0.05,8.08,3
411,5,0.05,8.48,3
412,5,0.05,8.2,3
413,5,0.05,8.44,3
414,5,0.05,8.26,3
415,5,0.05,8.74,3
416,5,0.05,7.92,3
417,5,0.05,9.06,3
418,5,0.05,8.88,3
419,5,0.05,8.62,3
420,5,0.05,8.74,3
421,5,0.05,8.26,3
422,5,0.05,8.52,3
423,5,0.05,9.5,3
424,5,0.05,9.06,3
425,5,0.05,8.38,3
426,5,0.05,8.38,3
427,5,0.05,9.08,3
428,5,0.05,9.58,3
429,5,0.05,8.44,3
430,5,0.05,9.2,3
431,5,0.05,9.18,3
432,5,0.05,8.56,3
433,5,0.05,7.74,3
434,5,0.05,8.92,3
435,5,0.05,8.3,3
436,5,0.05,9.0,3
437,5,0.05,8.84,3
438,5,0.05,8.86,3
439,5,0.05,9.08,3
440,5,0.05,8.9,3
441,5,0.05,9.48,3
442,5,0.05,7.78,3
443,5,0.05,7.76,3
444,5,0.05,7.78,3
445,5,0.05,9.9,3
446,5,0.05,9.14,3
447,5,0.05,8.1,3
448,5,0.05,8.3,3
449,5,0.05,9.52,3
450,5,0.05,8.22,3
451,5,0.05,8.42,3
452,5,0.05,8.88,3
453,5,0.05,8.84,3
454,5,0.05,8.32,3
455,5,0.05,8.74,3
456,5,0.05,9.0,3
457,5,0.05,9.38,3
458,5,0.05,8.68,3
459,5,0.05,8.84,3
460,5,0.05,8.38,3
461,5,0.05,8.92,3
462,5,0.05,8.68,3
463,5,0.05,9.76,3
464,5,0.05,8.88,3
465,5,0.05,8.16,3
466,5,0.05,8.46,3
467,5,0.05,9.1,3
468,5,0.05,9.64,3
469,5,0.05,8.24,3
470,5,0.05,8.04,3
471,5,0.05,9.22,3
472,5,0.05,8.88,3
473,5,0.05,8.3,3
474,5,0.05,7.98,3
475,5,0.05,9.38,3
476,5,0.05,7.66,3
477,5,0.05,8.2,3
478,5,0.05,7.98,3
479,5,0.05,8.3,3
480,5,0.05,8.16,3
481,5,0.05,8.5,3
482,5,0.05,8.34,3
483,5,0.05,8.3,3
484,5,0.05,8.1,3
485,5,0.05,8.84,3
486,5,0.05,9.24,3
487,5,0.05,9.3,3
488,5,0.05,9.34,3
489,5,0.05,8.94,3
490,5,0.05,9.02,3
491,5,0.05,8.76,3
492,5,0.05,9.2,3
493,5,0.05,8.86,3
494,5,0.05,7.4,3
495,5,0.05,9.38,3
496,5,0.05,8.0,3
497,5,0.05,8.78,3
498,5,0.05,9.28,3
499,5,0.05,7.88,3
500,5,0.05,9.0,3
501,5,0.05,8.94,3
502,5,0.05,8.96,3
503,5,0.05,8.98,3
504,5,0.05,9.48,3
505,5,0.05,8.9,3
506,5,0.05,9.46,3
507,5,0.05,8.64,3
508,5,0.05,8.1,3
509,5,0.05,8.84,3
510,5,0.05,8.2,3
511,5,0.05,8.88,3
512,5,0.05,8.7,2
513,5,0.05,8.22,2
514,5,0.05,8.18,2
515,5,0.05,8.16,2
516,5,0.05,8.36,2
517,5,0.05,8.34,2
518,5,0.05,7.58,2
519,5,0.05,7.26,2
520,5,0.05,8.72,2
521,5,0.05,8.14,2
522,5,0.05,8.54,2
523,5,0.05,7.28,2
524,5,0.05,7.86,2
525,5,0.05,8.18,2
526,5,0.05,8.02,2
527,5,0.05,7.7,2
528,5,0.05,7.82,2
529,5,0.05,8.08,2
530,5,0.05,8.6,2
531,5,0.05,7.56,2
532,5,0.05,7.4,2
533,5,0.05,7.84,2
534,5,0.05,7.84,2
535,5,0.05,8.46,2
536,5,0.05,8.78,2
537,5,0.05,8.08,2
538,5,0.05,7.08,2
539,5,0.05,8.38,2
540,5,0.05,8.68,2
541,5,0.05,8.54,2
542,5,0.05,8.1,2
543,5,0.05,8.6,2
544,5,0.05,7.4,2
545,5,0.05,7.4,2
546,5,0.05,7.52,2
547,5,0.05,8.6,2
548,5,0.05,7.32,2
549,5,0.05,7.52,2
550,5,0.05,7.74,2
551,5,0.05,9.0,2
552,5,0.05,7.68,2
553,5,0.05,8.08,2
554,5,0.05,8.2,2
555,5,0.05,8.0,2
556,5,0.05,8.22,2
557,5,0.05,8.46,2
558,5,0.05,7.86,2
559,5,0.05,8.52,2
560,5,0.05,7.76,2
561,5,0.05,7.4,2
562,5,0.05,7.28,2
563,5,0.05,8.02,2
564,5,0.05,8.06,2
565,5,0.05,7.84,2
566,5,0.05,7.76,2
567,5,0.05,8.96,2
568,5,0.05,7.34,2
569,5,0.05,7.6,2
570,5,0.05,8.52,2
571,5,0.05,9.46,2
572,5,0.05,9.54,2
573,5,0.05,8.84,2
574,5,0.05,8.66,2
575,5,0.05,8.26,2
576,5,0.05,7.44,2
577,5,0.05,7.4,2
578,5,0.05,7.72,2
579,5,0.05,7.92,2
580,5,0.05,7.98,2
581,5,0.05,7.34,2
582,5,0.05,7.44,2
583,5,0.05,8.54,2
584,5,0.05,9.14,2
585,5,0.05,8.1,2
586,5,0.05,7.98,2
587,5,0.05,7.1,2
588,5,0.05,7.16,2
589,5,0.05,8.24,2
590,5,0.05,8.0,2
591,5,0.05,8.32,2
592,5,0.05,8.22,2
593,5,0.05,7.86,2
594,5,0.05,7.5,2
595,5,0.05,7.2,2
596,5,0.05,8.16,2
597,5,0.05,7.26,2
598,5,0.05,7.04,2
599,5,0.05,7.04,2
600,5,0.05,8.38,2
601,5,0.05,8.14,2
602,5,0.05,8.14,2
603,5,0.05,9.38,2
604,5,0.05,7.64,2
605,5,0.05,7.18,2
606,5,0.05,7.8,2
607,5,0.05,7.8,2
608,5,0.05,6.72,2
609,5,0.05,7.64,2
610,5,0.05,8.28,2
611,5,0.05,8.32,2
612,5,0.05,6.76,2
613,5,0.05,8.0,2
614,5,0.05,8.52,2
615,5,0.05,7.64,2
616,5,0.05,7.68,2
617,5,0.05,8.14,2
618,5,0.05,7.94,2
619,5,0.05,7.82,2
620,5,0.05,8.78,2
621,5,0.05,8.44,2
622,5,0.05,7.48,2
623,5,0.05,8.0,2
624,5,0.05,7.78,2
625,5,0.05,7.92,2
626,5,0.05,8.68,2
627,5,0.05,7.7,2
628,5,0.05,7.56,2
629,5,0.05,8.48,2
630,5,0.05,8.82,2
631,5,0.05,8.08,2
632,5,0.05,7.4,2
633,5,0.05,8.76,2
634,5,0.05,9.58,2
635,5,0.05,7.84,2
636,5,0.05,8.0,2
637,5,0.05,7.72,2
638,5,0.05,7.78,2
639,5,0.05,7.72,2
640,5,0.05,8.04,2
641,5,0.05,7.78,2
642,5,0.05,8.54,2
643,5,0.05,7.8,2
644,5,0.05,7.86,2
645,5,0.05,7.92,2
646,5,0.05,7.22,2
647,5,0.05,7.28,2
648,5,0.05,7.64,2
649,5,0.05,7.12,2
650,5,0.05,8.08,2
651,5,0.05,8.4,2
652,5,0.05,7.26,2
653,5,0.05,7.72,2
654,5,0.05,8.1,2
655,5,0.05,8.06,2
656,5,0.05,8.3,2
657,5,0.05,7.78,2
658,5,0.05,9.12,2
659,5,0.05,7.98,2
660,5,0.05,8.2,2
661,5,0.05,8.2,2
662,5,0.05,7.9,2
663,5,0.05,8.76,2
664,5,0.05,8.56,2
665,5,0.05,7.68,2
666,5,0.05,7.48,2
667,5,0.05,7.52,2
668,5,0.05,7.62,2
669,5,0.05,7.62,2
670,5,0.05,7.2,2
671,5,0.05,8.38,2
672,5,0.05,8.5,2
673,5,0.05,8.54,2
674,5,0.05,7.62,2
675,5,0.05,7.92,2
676,5,0.05,7.54,2
677,5,0.05,7.66,2
678,5,0.05,8.08,2
679,5,0.05,6.82,2
680,5,0.05,7.4,2
681,5,0.05,7.76,2
682,5,0.05,8.7,2
683,5,0.05,8.62,2
684,5,0.05,8.44,2
685,5,0.05,7.44,2
686,5,0.05,7.66,2
687,5,0.05,7.96,2
688,5,0.05,6.78,2
689,5,0.05,7.56,2
690,5,0.05,7.8,2
691,5,0.05,7.84,2
692,5,0.05,7.56,2
693,5,0.05,7.32,2
694,5,0.05,8.2,2
695,5,0.05,7.42,2
696,5,0.05,8.54,2
697,5,0.05,7.92,2
698,5,0.05,8.24,2
699,5,0.05,8.04,2
700,5,0.05,8.16,2
701,5,0.05,8.16,2
702,5,0.05,7.84,2
703,5,0.05,8.04,2
704,5,0.05,8.8,2
705,5,0.05,7.64,2
706,5,0.05,6.6,2
707,5,0.05,7.5,2
708,5,0.05,7.14,2
709,5,0.05,7.6,2
710,5,0.05,8.44,2
711,5,0.05,8.36,2
712,5,0.05,8.12,2
713,5,0.05,8.3,2
714,5,0.05,7.8,2
715,5,0.05,7.64,2
716,5,0.05,8.54,2
717,5,0.05,7.8,2
718,5,0.05,7.98,2
719,5,0.05,6.88,2
720,5,0.05,7.38,2
721,5,0.05,7.66,2
722,5,0.05,7.58,2
723,5,0.05,7.82,2
724,5,0.05,8.46,2
725,5,0.05,7.36,2
726,5,0.05,7.38,2
727,5,0.05,8.52,2
728,5,0.05,7.88,2
729,5,0.05,8.46,2
730,5,0.05,8.02,2
731,5,0.05,8.62,2
732,5,0.05,8.04,2
733,5,0.05,8.42,2
734,5,0.05,8.08,2
735,5,0.05,8.02,2
736,5,0.05,8.58,2
737,5,0.05,7.96,2
738,5,0.05,8.88,2
739,5,0.05,8.62,2
740,5,0.05,8.62,2
741,5,0.05,8.8,2
742,5,0.05,8.06,2
743,5,0.05,7.6,2
744,5,0.05,7.64,2
745,5,0.05,8.32,2
746,5,0.05,8.42,2
747,5,0.05,9.0,2
748,5,0.05,7.38,2
749,5,0.05,7.8,2
750,5,0.05,7.94,2
751,5,0.05,8.2,2
752,5,0.05,7.68,2
753,5,0.05,7.42,2
754,5,0.05,7.56,2
755,5,0.05,6.94,2
756,5,0.05,7.56,2
757,5,0.05,8.28,2
758,5,0.05,7.88,2
759,5,0.05,8.22,2
760,5,0.05,8.02,2
761,5,0.05,7.82,2
762,5,0.05,8.16,2
763,5,0.05,7.64,2
764,5,0.05,8.0,2
765,5,0.05,7.0,2
766,5,0.05,7.26,2
767,5,0.05,7.7,2
768,5,0.05,6.94,2
769,5,0.05,7.48,2
770,5,0.05,7.86,2
771,5,0.05,8.24,2
772,5,0.05,8.54,2
773,5,0.05,7.54,2
774,5,0.05,8.46,2
775,5,0.05,8.0,2
776,5,0.05,7.04,2
777,5,0.05,8.58,2
778,5,0.05,7.84,2
779,5,0.05,9.06,2
780,5,0.05,8.02,2
781,5,0.05,8.26,2
782,5,0.05,8.1,2
783,5,0.05,7.52,2
784,5,0.05,7.16,2
785,5,0.05,6.86,2
786,5,0.05,7.64,2
787,5,0.05,7.96,2
788,5,0.05,7.42,2
789,5,0.05,7.42,2
790,5,0.05,7.32,2
791,5,0.05,7.72,2
792,5,0.05,8.28,2
793,5,0.05,7.94,2
794,5,0.05,8.8,2
795,5,0.05,8.58,2
796,5,0.05,7.48,2
797,5,0.05,7.9,2
798,5,0.05,7.58,2
799,5,0.05,8.66,2
800,5,0.05,8.2,2
801,5,0.05,8.0,2
802,5,0.05,8.16,2
803,5,0.05,6.8,2
804,5,0.05,7.14,2
805,5,0.05,7.88,2
806,5,0.05,8.92,2
807,5,0.05,7.68,2
808,5,0.05,8.4,2
809,5,0.05,8.58,2
810,5,0.05,8.0,2
811,5,0.05,7.92,2
812,5,0.05,8.04,2
813,5,0.05,8.64,2
814,5,0.05,8.64,2
815,5,0.05,8.08,2
816,5,0.05,8.26,2
817,5,0.05,8.04,2
818,5,0.05,8.58,2
819,5,0.05,7.24,2
820,5,0.05,7.76,2
821,5,0.05,7.08,2
822,5,0.05,8.12,2
823,5,0.05,7.78,2
824,5,0.05,7.86,2
825,5,0.05,8.56,2
826,5,0.05,8.48,2
827,5,0.05,8.2,2
828,5,0.05,8.88,2
829,5,0.05,9.04,2
830,5,0.05,9.32,2
831,5,0.05,7.7,2
832,5,0.05,7.6,2
833,5,0.05,8.6,2
834,5,0.05,9.04,2
835,5,0.05,8.14,2
836,5,0.05,8.32,2
837,5,0.05,8.04,2
838,5,0.05,8.68,2
839,5,0.05,7.96,2
840,5,0.05,7.04,2
841,5,0.05,7.4,2
842,5,0.05,7.98,2
843,5,0.05,7.78,2
844,5,0.05,8.22,2
845,5,0.05,7.86,2
846,5,0.05,7.62,2
847,5,0.05,8.08,2
848,5,0.05,8.22,2
849,5,0.05,6.64,2
850,5,0.05,7.9,2
851,5,0.05,8.42,2
852,5,0.05,8.04,2
853,5,0.05,7.56,2
854,5,0.05,8.2,2
855,5,0.05,7.94,2
856,5,0.05,7.72,2
857,5,0.05,7.64,2
858,5,0.05,8.08,2
859,5,0.05,7.24,2
860,5,0.05,7.4,2
861,5,0.05,8.12,2
862,5,0.05,6.74,2
863,5,0.05,7.28,2
864,5,0.05,7.86,2
865,5,0.05,8.08,2
866,5,0.05,8.26,2
867,5,0.05,8.64,2
868,5,0.05,8.24,2
869,5,0.05,8.66,2
870,5,0.05,9.06,2
871,5,0.05,7.74,2
872,5,0.05,7.64,2
873,5,0.05,7.52,2
874,5,0.05,8.02,2
875,5,0.05,8.08,2
876,5,0.05,7.34,2
877,5,0.05,8.18,2
878,5,0.05,7.08,2
879,5,0.05,8.66,2
880,5,0.05,7.5,2
881,5,0.05,8.96,2
882,5,0.05,7.76,2
883,5,0.05,8.5,2
884,5,0.05,8.8,2
885,5,0.05,8.12,2
886,5,0.05,7.92,2
887,5,0.05,6.94,2
888,5,0.05,7.54,2
889,5,0.05,8.16,2
890,5,0.05,7.92,2
891,5,0.05,7.64,2
892,5,0.05,7.56,2
893,5,0.05,8.54,2
894,5,0.05,7.84,2
895,5,0.05,7.72,2
896,5,0.05,8.1,2
897,5,0.05,7.56,2
898,5,0.05,8.78,2
899,5,0.05,7.94,2
900,5,0.05,8.0,2
901,5,0.05,7.36,2
902,5,0.05,8.52,2
903,5,0.05,9.02,2
904,5,0.05,7.96,2
905,5,0.05,7.68,2
906,5,0.05,8.58,2
907,5,0.05,7.88,2
908,5,0.05,7.82,2
909,5,0.05,7.76,2
910,5,0.05,8.06,2
911,5,0.05,8.1,2
912,5,0.05,7.72,2
913,5,0.05,8.5,2
914,5,0.05,8.44,2
915,5,0.05,8.08,2
916,5,0.05,7.86,2
917,5,0.05,7.98,2
918,5,0.05,7.6,2
919,5,0.05,7.34,2
920,5,0.05,7.86,2
921,5,0.05,7.7,2
922,5,0.05,7.84,2
923,5,0.05,7.26,2
924,5,0.05,8.3,2
925,5,0.05,8.24,2
926,5,0.05,7.5,2
927,5,0.05,6.98,2
928,5,0.05,7.82,2
929,5,0.05,7.7,2
930,5,0.05,7.32,2
931,5,0.05,8.4,2
932,5,0.05,8.68,2
933,5,0.05,7.26,2
934,5,0.05,8.9,2
935,5,0.05,7.84,2
936,5,0.05,8.2,2
937,5,0.05,6.78,2
938,5,0.05,7.7,2
939,5,0.05,7.3,2
940,5,0.05,8.82,2
941,5,0.05,8.24,2
942,5,0.05,8.3,2
943,5,0.05,8.32,2
944,5,0.05,8.34,2
945,5,0.05,7.42,2
946,5,0.05,7.74,2
947,5,0.05,7.88,2
948,5,0.05,8.32,2
949,5,0.05,8.44,2
950,5,0.05,8.0,2
951,5,0.05,8.62,2
952,5,0.05,7.86,2
953,5,0.05,7.98,2
954,5,0.05,7.48,2
955,5,0.05,7.58,2
956,5,0.05,8.08,2
957,5,0.05,8.94,2
958,5,0.05,8.36,2
959,5,0.05,7.78,2
960,5,0.05,7.52,2
961,5,0.05,8.82,2
962,5,0.05,9.08,2
963,5,0.05,7.18,2
964,5,0.05,7.08,2
965,5,0.05,7.66,2
966,5,0.05,7.44,2
967,5,0.05,7.2,2
968,5,0.05,8.4,2
969,5,0.05,7.74,2
970,5,0.05,8.88,2
971,5,0.05,8.38,2
972,5,0.05,7.7,2
973,5,0.05,7.74,2
974,5,0.05,8.96,2
975,5,0.05,7.92,2
976,5,0.05,8.4,2
977,5,0.05,8.72,2
978,5,0.05,8.84,2
979,5,0.05,8.18,2
980,5,0.05,7.82,2
981,5,0.05,7.3,2
982,5,0.05,7.52,2
983,5,0.05,7.26,2
984,5,0.05,8.6,2
985,5,0.05,8.12,2
986,5,0.05,7.34,2
987,5,0.05,8.02,2
988,5,0.05,8.18,2
989,5,0.05,7.56,2
990,5,0.05,9.18,2
991,5,0.05,7.68,2
992,5,0.05,7.16,2
993,5,0.05,7.98,2
994,5,0.05,7.32,2
995,5,0.05,8.94,2
996,5,0.05,7.26,2
997,5,0.05,7.28,2
998,5,0.05,8.08,2
999,5,0.05,7.8,2
1000,5,0.05,8.82,2
1001,5,0.05,8.8,2
1002,5,0.05,7.96,2
1003,5,0.05,8.04,2
1004,5,0.05,7.66,2
1005,5,0.05,8.0,2
1006,5,0.05,9.48,2
1007,5,0.05,7.62,2
1008,5,0.05,8.64,2
1009,5,0.05,7.32,2
1010,5,0.05,7.42,2
1011,5,0.05,7.34,2
1012,5,0.05,8.46,2
1013,5,0.05,8.32,2
1014,5,0.05,8.7,2
1015,5,0.05,8.54,2
1016,5,0.05,8.02,2
1017,5,0.05,8.24,2
1018,5,0.05,7.64,2
1019,5,0.05,7.44,2
1020,5,0.05,7.12,2
1021,5,0.05,7.84,2
1022,5,0.05,8.96,2
1023,5,0.05,7.96,2
1024,5,0.05,9.38,2
1025,5,0.05,9.42,2
1026,5,0.05,8.54,2
1027,5,0.05,8.48,2
1028,5,0.05,7.78,2
1029,5,0.05,8.08,2
1030,5,0.05,8.5,2
1031,5,0.05,7.76,2
1032,5,0.05,7.98,2
1033,5,0.05,8.7,2
1034,5,0.05,7.46,2
1035,5,0.05,7.98,2
1036,5,0.05,8.16,2
1037,5,0.05,7.98,2
1038,5,0.05,7.54,2
1039,5,0.05,7.72,2
1040,5,0.05,6.92,2
1041,5,0.05,7.0,2
1042,5,0.05,8.44,2
1043,5,0.05,8.24,2
1044,5,0.05,8.08,2
1045,5,0.05,8.7,2
1046,5,0.05,7.74,2
1047,5,0.05,8.62,2
1048,5,0.05,7.92,2
1049,5,0.05,7.48,2
1050,5,0.05,7.64,2
1051,5,0.05,7.04,2
1052,5,0.05,8.56,2
1053,5,0.05,7.92,2
1054,5,0.05,7.26,2
1055,5,0.05,6.92,2
1056,5,0.05,7.1,2
1057,5,0.05,6.82,2
1058,5,0.05,7.86,2
1059,5,0.05,7.78,2
1060,5,0.05,7.66,2
1061,5,0.05,7.44,2
1062,5,0.05,7.78,2
1063,5,0.05,6.94,2
1064,5,0.05,7.6,2
1065,5,0.05,7.54,2
1066,5,0.05,8.58,2
1067,5,0.05,8.34,2
1068,5,0.05,7.76,2
1069,5,0.05,6.98,2
1070,5,0.05,7.84,2
1071,5,0.05,6.92,2
1072,5,0.05,7.42,2
1073,5,0.05,7.74,2
1074,5,0.05,7.36,2
1075,5,0.05,8.0,2
1076,5,0.05,8.3,2
1077,5,0.05,8.54,2
1078,5,0.05,8.36,2
1079,5,0.05,7.48,2
1080,5,0.05,6.68,2
1081,5,0.05,7.38,2
1082,5,0.05,8.54,2
1083,5,0.05,7.74,2
1084,5,0.05,7.34,2
1085,5,0.05,7.42,2
1086,5,0.05,7.64,2
1087,5,0.05,8.06,2
1088,5,0.05,6.78,2
1089,5,0.05,7.24,2
1090,5,0.05,7.72,2
1091,5,0.05,7.8,2
1092,5,0.05,7.16,2
1093,5,0.05,7.96,2
1094,5,0.05,8.48,2
1095,5,0.05,8.0,2
1096,5,0.05,8.26,2
1097,5,0.05,7.56,2
1098,5,0.05,7.68,2
1099,5,0.05,7.84,2
1100,5,0.05,7.74,2
1101,5,0.05,7.64,2
1102,5,0.05,8.04,2
1103,5,0.05,6.48,2
1104,5,0.05,7.4,2
1105,5,0.05,7.66,2
1106,5,0.05,7.42,2
1107,5,0.05,7.76,2
1108,5,0.05,7.3,2
1109,5,0.05,7.32,2
1110,5,0.05,7.34,2
1111,5,0.05,7.5,2
1112,5,0.05,6.92,2
1113,5,0.05,7.78,2
1114,5,0.05,7.5,2
1115,5,0.05,7.62,2
1116,5,0.05,6.98,2
1117,5,0.05,7.94,2
1118,5,0.05,8.34,2
1119,5,0.05,7.08,2
1120,5,0.05,7.24,2
1121,5,0.05,8.32,2
1122,5,0.05,8.26,2
1123,5,0.05,8.38,2
1124,5,0.05,8.84,2
1125,5,0.05,7.46,2
1126,5,0.05,8.6,2
1127,5,0.05,8.44,2
1128,5,0.05,8.04,2
1129,5,0.05,7.48,2
1130,5,0.05,7.46,2
1131,5,0.05,7.74,2
1132,5,0.05,8.06,2
1133,5,0.05,8.32,2
1134,5,0.05,8.92,2
1135,5,0.05,8.42,2
1136,5,0.05,8.4,2
1137,5,0.05,9.08,2
1138,5,0.05,7.82,2
1139,5,0.05,8.08,2
1140,5,0.05,8.02,2
1141,5,0.05,8.44,2
1142,5,0.05,8.92,2
1143,5,0.05,7.84,2
1144,5,0.05,7.42,2
1145,5,0.05,8.02,2
1146,5,0.05,6.72,2
1147,5,0.05,7.86,2
1148,5,0.05,7.7,2
1149,5,0.05,7.28,2
1150,5,0.05,8.68,2
1151,5,0.05,7.78,2
1152,5,0.05,8.72,2
1153,5,0.05,7.9,2
1154,5,0.05,8.1,2
1155,5,0.05,7.78,2
1156,5,0.05,8.24,2
1157,5,0.05,7.64,2
1158,5,0.05,8.84,2
1159,5,0.05,8.22,2
1160,5,0.05,7.8,2
1161,5,0.05,7.82,2
1162,5,0.05,7.82,2
1163,5,0.05,8.62,2
1164,5,0.05,9.26,2
1165,5,0.05,7.0,2
1166,5,0.05,8.5,2
1167,5,0.05,9.1,2
1168,5,0.05,7.94,2
1169,5,0.05,7.82,2
1170,5,0.05,8.48,2
1171,5,0.05,6.88,2
1172,5,0.05,7.46,2
1173,5,0.05,7.58,2
1174,5,0.05,7.8,2
1175,5,0.05,7.82,2
1176,5,0.05,7.48,2
1177,5,0.05,7.88,2
1178,5,0.05,8.38,2
1179,5,0.05,8.54,2
1180,5,0.05,8.8,2
1181,5,0.05,8.54,2
1182,5,0.05,8.1,2
1183,5,0.05,7.54,2
1184,5,0.05,8.6,2
1185,5,0.05,7.28,2
1186,5,0.05,6.96,2
1187,5,0.05,7.48,2
1188,5,0.05,8.0,2
1189,5,0.05,7.68,2
1190,5,0.05,7.88,2
1191,5,0.05,8.68,2
1192,5,0.05,7.48,2
1193,5,0.05,7.88,2
1194,5,0.05,7.76,2
1195,5,0.05,7.22,2
1196,5,0.05,7.92,2
1197,5,0.05,8.12,2
1198,5,0.05,7.92,2
1199,5,0.05,9.0,2
1200,5,0.05,8.14,2
1201,5,0.05,7.16,2
1202,5,0.05,7.08,2
1203,5,0.05,7.4,2
1204,5,0.05,7.72,2
1205,5,0.05,6.98,2
1206,5,0.05,7.74,2
1207,5,0.05,7.54,2
1208,5,0.05,8.22,2
1209,5,0.05,8.5,2
1210,5,0.05,7.28,2
1211,5,0.05,8.32,2
1212,5,0.05,7.88,2
1213,5,0.05,8.36,2
1214,5,0.05,8.02,2
1215,5,0.05,7.74,2
1216,5,0.05,8.06,2
1217,5,0.05,7.44,2
1218,5,0.05,8.24,2
1219,5,0.05,8.3,2
1220,5,0.05,8.5,2
1221,5,0.05,8.18,2
1222,5,0.05,7.0,2
1223,5,0.05,7.54,2
1224,5,0.05,8.3,2
1225,5,0.05,7.72,2
1226,5,0.05,8.14,2
1227,5,0.05,8.52,2
1228,5,0.05,7.9,2
1229,5,0.05,7.4,2
1230,5,0.05,7.46,2
1231,5,0.05,7.26,2
1232,5,0.05,7.82,2
1233,5,0.05,8.7,2
1234,5,0.05,8.48,2
1235,5,0.05,8.0,2
1236,5,0.05,7.54,2
1237,5,0.05,7.26,2
1238,5,0.05,7.06,2
1239,5,0.05,7.56,2
1240,5,0.05,7.7,2
1241,5,0.05,8.4,2
1242,5,0.05,7.8,2
1243,5,0.05,7.42,2
1244,5,0.05,7.38,2
1245,5,0.05,7.96,2
1246,5,0.05,8.42,2
1247,5,0.05,7.94,2
1248,5,0.05,7.82,2
1249,5,0.05,9.06,2
1250,5,0.05,7.86,2
1251,5,0.05,7.9,2
1252,5,0.05,7.88,2
1253,5,0.05,7.86,2
1254,5,0.05,8.54,2
1255,5,0.05,8.34,2
1256,5,0.05,8.7,2
1257,5,0.05,8.44,2
1258,5,0.05,8.14,2
1259,5,0.05,8.0,2
1260,5,0.05,9.08,2
1261,5,0.05,8.04,2
1262,5,0.05,9.44,2
1263,5,0.05,8.68,2
1264,5,0.05,7.56,2
1265,5,0.05,7.54,2
1266,5,0.05,7.92,2
1267,5,0.05,8.06,2
1268,5,0.05,7.64,2
1269,5,0.05,7.14,2
1270,5,0.05,8.3,2
1271,5,0.05,8.56,2
1272,5,0.05,7.94,2
1273,5,0.05,8.62,2
1274,5,0.05,8.38,2
1275,5,0.05,8.28,2
1276,5,0.05,8.3,2
1277,5,0.05,7.62,2
1278,5,0.05,7.56,2
1279,5,0.05,7.32,2
1280,5,0.05,8.66,2
1281,5,0.05,8.02,2
1282,5,0.05,6.92,2
1283,5,0.05,7.1,2
1284,5,0.05,7.3,2
1285,5,0.05,8.12,2
1286,5,0.05,8.12,2
1287,5,0.05,8.4,2
1288,5,0.05,7.74,2
1289,5,0.05,8.02,2
1290,5,0.05,7.98,2
1291,5,0.05,8.46,2
1292,5,0.05,7.58,2
1293,5,0.05,8.12,2
1294,5,0.05,7.36,2
1295,5,0.05,8.04,2
1296,5,0.05,7.58,2
1297,5,0.05,7.6,2
1298,5,0.05,7.34,2
1299,5,0.05,7.38,2
1300,5,0.05,7.54,2
1301,5,0.05,7.66,2
1302,5,0.05,8.4,2
1303,5,0.05,7.98,2
1304,5,0.05,8.18,2
1305,5,0.05,6.82,2
1306,5,0.05,7.5,2
1307,5,0.05,7.96,2
1308,5,0.05,7.7,2
1309,5,0.05,7.82,2
1310,5,0.05,7.52,2
1311,5,0.05,8.22,2
1312,5,0.05,7.72,2
1313,5,0.05,7.9,2
1314,5,0.05,8.72,2
1315,5,0.05,8.5,2
1316,5,0.05,6.74,2
1317,5,0.05,6.64,2
1318,5,0.05,7.46,2
1319,5,0.05,6.84,2
1320,5,0.05,7.62,2
1321,5,0.05,7.9,2
1322,5,0.05,7.94,2
1323,5,0.05,8.18,2
1324,5,0.05,8.16,2
1325,5,0.05,7.42,2
1326,5,0.05,8.28,2
1327,5,0.05,7.9,2
1328,5,0.05,7.3,1
1329,5,0.05,7.92,1
1330,5,0.05,6.34,1
1331,5,0.05,7.04,1
1332,5,0.05,6.82,1
1333,5,0.05,6.16,1
1334,5,0.05,6.64,1
1335,5,0.05,7.12,1
1336,5,0.05,8.4,1
1337,5,0.05,6.46,1
1338,5,0.05,6.94,1
1339,5,0.05,7.12,1
1340,5,0.05,6.92,1
1341,5,0.05,7.8,1
1342,5,0.05,7.1,1
1343,5,0.05,6.4,1
1344,5,0.05,7.1,1
1345,5,0.05,6.72,1
1346,5,0.05,7.14,1
1347,5,0.05,6.92,1
1348,5,0.05,6.66,1
1349,5,0.05,6.08,1
1350,5,0.05,6.58,1
1351,5,0.05,7.04,1
1352,5,0.05,6.62,1
1353,5,0.05,7.46,1
1354,5,0.05,7.32,1
1355,5,0.05,6.2,1
1356,5,0.05,6.08,1
1357,5,0.05,6.56,1
1358,5,0.05,6.88,1
1359,5,0.05,7.3,1
1360,5,0.05,7.62,1
1361,5,0.05,8.08,1
1362,5,0.05,6.72,1
1363,5,0.05,7.78,1
1364,5,0.05,6.9,1
1365,5,0.05,6.16,1
1366,5,0.05,6.82,1
1367,5,0.05,7.18,1
1368,5,0.05,6.88,1
1369,5,0.05,7.64,1
1370,5,0.05,6.94,1
1371,5,0.05,6.72,1
1372,5,0.05,7.6,1
1373,5,0.05,5.92,1
1374,5,0.05,8.12,1
1375,5,0.05,8.24,1
1376,5,0.05,7.12,1
1377,5,0.05,8.12,1
1378,5,0.05,7.5,1
1379,5,0.05,8.08,1
1380,5,0.05,6.36,1
1381,5,0.05,6.2,1
1382,5,0.05,7.84,1
1383,5,0.05,7.16,1
1384,5,0.05,6.02,1
1385,5,0.05,7.7,1
1386,5,0.05,7.26,1
1387,5,0.05,6.38,1
1388,5,0.05,7.02,1
1389,5,0.05,7.88,1
1390,5,0.05,6.46,1
1391,5,0.05,7.12,1
1392,5,0.05,7.12,1
1393,5,0.05,6.6,1
1394,5,0.05,7.2,1
1395,5,0.05,7.36,1
1396,5,0.05,7.06,1
1397,5,0.05,6.7,1
1398,5,0.05,6.56,1
1399,5,0.05,6.84,1
1400,5,0.05,6.8,1
1401,5,0.05,6.56,1
1402,5,0.05,7.2,1
1403,5,0.05,7.22,1
1404,5,0.05,7.92,1
1405,5,0.05,6.3,1
1406,5,0.05,6.9,1
1407,5,0.05,7.4,1
1408,5,0.05,6.88,1
1409,5,0.05,6.94,1
1410,5,0.05,7.38,1
1411,5,0.05,7.2,1
1412,5,0.05,6.84,1
1413,5,0.05,7.64,1
1414,5,0.05,7.36,1
1415,5,0.05,7.06,1
1416,5,0.05,6.64,1
1417,5,0.05,6.16,1
1418,5,0.05,6.42,1
1419,5,0.05,7.92,1
1420,5,0.05,7.6,1
1421,5,0.05,6.18,1
1422,5,0.05,6.56,1
1423,5,0.05,6.86,1
1424,5,0.05,6.62,1
1425,5,0.05,7.38,1
1426,5,0.05,7.66,1
1427,5,0.05,6.6,1
1428,5,0.05,6.12,1
1429,5,0.05,6.54,1
1430,5,0.05,7.48,1
1431,5,0.05,7.64,1
1432,5,0.05,7.24,1
1433,5,0.05,6.2,1
1434,5,0.05,6.6,1
1435,5,0.05,6.74,1
1436,5,0.05,6.9,1
1437,5,0.05,6.56,1
1438,5,0.05,6.98,1
1439,5,0.05,7.82,1
1440,5,0.05,6.16,1
1441,5,0.05,7.08,1
1442,5,0.05,6.78,1
1443,5,0.05,6.98,1
1444,5,0.05,7.14,1
1445,5,0.05,7.68,1
1446,5,0.05,7.56,1
1447,5,0.05,7.4,1
1448,5,0.05,6.26,1
1449,5,0.05,6.76,1
1450,5,0.05,6.8,1
1451,5,0.05,7.8,1
1452,5,0.05,6.8,1
1453,5,0.05,7.2,1
1454,5,0.05,6.02,1
1455,5,0.05,7.74,1
1456,5,0.05,6.26,1
1457,5,0.05,6.72,1
1458,5,0.05,7.02,1
1459,5,0.05,7.48,1
1460,5,0.05,7.14,1
1461,5,0.05,7.48,1
1462,5,0.05,7.36,1
1463,5,0.05,7.52,1
1464,5,0.05,8.04,1
1465,5,0.05,8.34,1
1466,5,0.05,7.7,1
1467,5,0.05,7.52,1
1468,5,0.05,8.02,1
1469,5,0.05,6.26,1
1470,5,0.05,7.26,1
1471,5,0.05,6.64,1
1472,5,0.05,7.08,1
1473,5,0.05,7.18,1
1474,5,0.05,6.8,1
1475,5,0.05,6.46,1
1476,5,0.05,7.06,1
1477,5,0.05,7.24,1
1478,5,0.05,7.38,1
1479,5,0.05,6.7,1
1480,5,0.05,6.06,1
1481,5,0.05,7.32,1
1482,5,0.05,6.68,1
1483,5,0.05,7.52,1
1484,5,0.05,8.14,1
1485,5,0.05,8.18,1
1486,5,0.05,7.94,1
1487,5,0.05,6.88,1
1488,5,0.05,6.88,1
1489,5,0.05,6.22,1
1490,5,0.05,7.0,1
1491,5,0.05,7.6,1
1492,5,0.05,7.04,1
1493,5,0.05,6.14,1
1494,5,0.05,7.66,1
1495,5,0.05,7.54,1
1496,5,0.05,7.16,1
1497,5,0.05,7.04,1
1498,5,0.05,6.74,1
1499,5,0.05,7.56,1
1500,5,0.05,6.54,1
1501,5,0.05,6.84,1
1502,5,0.05,7.28,1
1503,5,0.05,7.76,1
1504,5,0.05,7.1,1
1505,5,0.05,7.76,1
1506,5,0.05,6.58,1
1507,5,0.05,6.26,1
1508,5,0.05,7.42,1
1509,5,0.05,6.94,1
1510,5,0.05,6.66,1
1511,5,0.05,5.94,1
1512,5,0.05,6.06,1
1513,5,0.05,6.62,1
1514,5,0.05,6.34,1
1515,5,0.05,6.44,1
1516,5,0.05,5.9,1
1517,5,0.05,7.32,1
1518,5,0.05,6.66,1
1519,5,0.05,6.56,1
1520,5,0.05,6.02,1
1521,5,0.05,7.58,1
1522,5,0.05,6.8,1
1523,5,0.05,6.46,1
1524,5,0.05,7.1,1
1525,5,0.05,6.92,1
1526,5,0.05,6.5,1
1527,5,0.05,7.5,1
1528,5,0.05,7.02,1
1529,5,0.05,7.24,1
1530,5,0.05,7.22,1
1531,5,0.05,7.72,1
1532,5,0.05,7.58,1
1533,5,0.05,7.48,1
1534,5,0.05,6.76,1
1535,5,0.05,7.3,1
1536,5,0.05,7.3,1
1537,5,0.05,6.52,1
1538,5,0.05,7.08,1
1539,5,0.05,6.72,1
1540,5,0.05,7.66,1
1541,5,0.05,8.04,1
1542,5,0.05,7.54,1
1543,5,0.05,6.42,1
1544,5,0.05,7.44,1
1545,5,0.05,6.8,1
1546,5,0.05,6.82,1
1547,5,0.05,8.28,1
1548,5,0.05,8.46,1
1549,5,0.05,7.4,1
1550,5,0.05,7.18,1
1551,5,0.05,7.1,1
1552,5,0.05,8.5,1
1553,5,0.05,7.42,1
1554,5,0.05,6.52,1
1555,5,0.05,7.0,1
1556,5,0.05,7.22,1
1557,5,0.05,6.86,1
1558,5,0.05,6.02,1
1559,5,0.05,7.22,1
1560,5,0.05,7.06,1
1561,5,0.05,7.0,1
1562,5,0.05,5.78,1
1563,5,0.05,6.76,1
1564,5,0.05,6.72,1
1565,5,0.05,7.16,1
1566,5,0.05,6.46,1
1567,5,0.05,6.58,1
1568,5,0.05,7.28,1
1569,5,0.05,6.78,1
1570,5,0.05,6.42,1
1571,5,0.05,6.7,1
1572,5,0.05,6.36,1
1573,5,0.05,5.8,1
1574,5,0.05,6.5,1
1575,5,0.05,7.8,1
1576,5,0.05,7.56,1
1577,5,0.05,7.74,1
1578,5,0.05,7.62,1
1579,5,0.05,6.34,1
1580,5,0.05,6.32,1
1581,5,0.05,7.3,1
1582,5,0.05,6.88,1
1583,5,0.05,6.2,1
1584,5,0.05,6.6,1
1585,5,0.05,6.38,1
1586,5,0.05,7.1,1
1587,5,0.05,7.44,1
1588,5,0.05,8.1,1
1589,5,0.05,8.62,1
1590,5,0.05,7.0,1
1591,5,0.05,5.74,1
1592,5,0.05,7.04,1
1593,5,0.05,6.64,1
1594,5,0.05,6.64,1
1595,5,0.05,7.36,1
1596,5,0.05,6.7,1
1597,5,0.05,7.96,1
1598,5,0.05,6.76,1
1599,5,0.05,6.96,1
1600,5,0.05,7.58,1
1601,5,0.05,7.64,1
1602,5,0.05,7.84,1
1603,5,0.05,7.3,1
1604,5,0.05,6.34,1
1605,5,0.05,7.08,1
1606,5,0.05,6.78,1
1607,5,0.05,7.18,1
1608,5,0.05,6.2,1
1609,5,0.05,7.78,1
1610,5,0.05,7.44,1
1611,5,0.05,6.96,1
1612,5,0.05,7.28,1
1613,5,0.05,8.04,1
1614,5,0.05,8.6,1
1615,5,0.05,7.38,1
1616,5,0.05,6.8,1
1617,5,0.05,8.04,1
1618,5,0.05,6.96,1
1619,5,0.05,7.22,1
1620,5,0.05,7.18,1
1621,5,0.05,7.22,1
1622,5,0.05,6.04,1
1623,5,0.05,7.06,1
1624,5,0.05,6.12,1
1625,5,0.05,7.26,1
1626,5,0.05,6.3,1
1627,5,0.05,7.02,1
1628,5,0.05,7.42,1
1629,5,0.05,7.58,1
1630,5,0.05,6.94,1
1631,5,0.05,6.76,1
1632,5,0.05,6.92,1
1633,5,0.05,7.26,1
1634,5,0.05,6.48,1
1635,5,0.05,6.74,1
1636,5,0.05,7.04,1
1637,5,0.05,7.46,1
1638,5,0.05,7.26,1
1639,5,0.05,7.2,1
1640,5,0.05,6.66,1
1641,5,0.05,7.3,1
1642,5,0.05,7.42,1
1643,5,0.05,7.4,1
1644,5,0.05,7.0,1
1645,5,0.05,7.3,1
1646,5,0.05,6.38,1
1647,5,0.05,6.64,1
1648,5,0.05,7.3,1
1649,5,0.05,7.06,1
1650,5,0.05,7.0,1
1651,5,0.05,6.36,1
1652,5,0.05,7.24,1
1653,5,0.05,5.84,1
1654,5,0.05,6.88,1
1655,5,0.05,6.08,1
1656,5,0.05,6.32,1
1657,5,0.05,6.48,1
1658,5,0.05,5.88,1
1659,5,0.05,6.76,1
1660,5,0.05,6.74,1
1661,5,0.05,6.02,1
1662,5,0.05,6.6,1
1663,5,0.05,6.68,1
1664,5,0.05,6.64,1
1665,5,0.05,7.3,1
1666,5,0.05,6.86,1
1667,5,0.05,6.8,1
1668,5,0.05,6.66,1
1669,5,0.05,6.96,1
1670,5,0.05,7.1,1
1671,5,0.05,7.84,1
1672,5,0.05,7.62,1
1673,5,0.05,7.24,1
1674,5,0.05,6.52,1
1675,5,0.05,7.76,1
1676,5,0.05,7.32,1
1677,5,0.05,6.92,1
1678,5,0.05,7.44,1
1679,5,0.05,6.66,1
1680,5,0.05,6.94,1
1681,5,0.05,7.28,1
1682,5,0.05,7.46,1
1683,5,0.05,6.92,1
1684,5,0.05,6.04,1
1685,5,0.05,6.82,1
1686,5,0.05,7.54,1
1687,5,0.05,7.74,1
1688,5,0.05,7.42,1
1689,5,0.05,7.62,1
1690,5,0.05,7.98,1
1691,5,0.05,7.6,1
1692,5,0.05,7.18,1
1693,5,0.05,7.5,1
1694,5,0.05,7.88,1
1695,5,0.05,7.46,1
1696,5,0.05,7.06,1
1697,5,0.05,7.74,1
1698,5,0.05,6.84,1
1699,5,0.05,6.46,1
1700,5,0.05,6.7,1
1701,5,0.05,7.12,1
1702,5,0.05,8.0,1
1703,5,0.05,6.52,1
1704,5,0.05,6.9,1
1705,5,0.05,7.84,1
1706,5,0.05,7.24,1
1707,5,0.05,7.22,1
1708,5,0.05,7.52,1
1709,5,0.05,6.66,1
1710,5,0.05,6.08,1
1711,5,0.05,6.56,1
1712,5,0.05,7.3,1
1713,5,0.05,6.68,1
1714,5,0.05,6.5,1
1715,5,0.05,7.54,1
1716,5,0.05,6.66,1
1717,5,0.05,6.28,1
1718,5,0.05,7.72,1
1719,5,0.05,6.96,1
1720,5,0.05,7.66,1
1721,5,0.05,6.7,1
1722,5,0.05,6.96,1
1723,5,0.05,6.94,1
1724,5,0.05,6.02,1
1725,5,0.05,6.54,1
1726,5,0.05,7.52,1
1727,5,0.05,8.02,1
1728,5,0.05,8.9,1
1729,5,0.05,8.06,1
1730,5,0.05,7.34,1
1731,5,0.05,7.0,1
1732,5,0.05,7.1,1
1733,5,0.05,7.58,1
1734,5,0.05,7.14,1
1735,5,0.05,6.76,1
1736,5,0.05,7.24,1
1737,5,0.05,6.18,1
1738,5,0.05,7.04,1
1739,5,0.05,7.0,1
1740,5,0.05,6.02,1
1741,5,0.05,6.7,1
1742,5,0.05,6.28,1
1743,5,0.05,7.02,1
1744,5,0.05,7.24,1
1745,5,0.05,7.54,1
1746,5,0.05,6.9,1
1747,5,0.05,8.34,1
1748,5,0.05,6.78,1
1749,5,0.05,6.92,1
1750,5,0.05,6.78,1
1751,5,0.05,5.52,1
1752,5,0.05,7.64,1
1753,5,0.05,7.26,1
1754,5,0.05,6.88,1
1755,5,0.05,7.3,1
1756,5,0.05,6.62,1
1757,5,0.05,7.96,1
1758,5,0.05,6.84,1
1759,5,0.05,5.8,1
1760,5,0.05,7.24,1
1761,5,0.05,7.06,1
1762,5,0.05,7.66,1
1763,5,0.05,7.36,1
1764,5,0.05,7.06,1
1765,5,0.05,6.8,1
1766,5,0.05,6.96,1
1767,5,0.05,7.4,1
1768,5,0.05,7.72,1
1769,5,0.05,7.18,1
1770,5,0.05,6.6,1
1771,5,0.05,6.74,1
1772,5,0.05,7.58,1
1773,5,0.05,7.5,1
1774,5,0.05,7.86,1
1775,5,0.05,7.46,1
1776,5,0.05,7.98,1
1777,5,0.05,7.1,1
1778,5,0.05,7.58,1
1779,5,0.05,7.66,1
1780,5,0.05,7.7,1
1781,5,0.05,6.68,1
1782,5,0.05,5.72,1
1783,5,0.05,6.24,1
1784,5,0.05,5.58,1
1785,5,0.05,6.18,1
1786,5,0.05,6.68,1
1787,5,0.05,6.14,1
1788,5,0.05,6.38,1
1789,5,0.05,6.58,1
1790,5,0.05,7.06,1
1791,5,0.05,7.94,1
1792,5,0.05,7.88,1
1793,5,0.05,7.68,1
1794,5,0.05,7.76,1
1795,5,0.05,7.24,1
1796,5,0.05,7.16,1
1797,5,0.05,6.72,1
1798,5,0.05,7.38,1
1799,5,0.05,7.76,1
1800,5,0.05,7.04,1
1801,5,0.05,7.64,1
1802,5,0.05,7.54,1
1803,5,0.05,7.6,1
1804,5,0.05,5.54,1
1805,5,0.05,6.34,1
1806,5,0.05,6.44,1
1807,5,0.05,6.52,1
1808,5,0.05,7.68,1
1809,5,0.05,6.4,1
1810,5,0.05,6.88,1
1811,5,0.05,6.28,1
1812,5,0.05,6.24,1
1813,5,0.05,6.94,1
1814,5,0.05,6.78,1
1815,5,0.05,7.74,1
1816,5,0.05,7.52,1
1817,5,0.05,6.98,1
1818,5,0.05,6.52,1
1819,5,0.05,6.74,1
1820,5,0.05,6.68,1
1821,5,0.05,6.98,1
1822,5,0.05,6.8,1
1823,5,0.05,6.74,1
1824,5,0.05,7.94,1
1825,5,0.05,7.2,1
1826,5,0.05,7.42,1
1827,5,0.05,6.86,1
1828,5,0.05,6.58,1
1829,5,0.05,6.78,1
1830,5,0.05,7.54,1
1831,5,0.05,6.58,1
1832,5,0.05,6.44,1
1833,5,0.05,5.64,1
1834,5,0.05,7.54,1
1835,5,0.05,7.24,1
1836,5,0.05,6.86,1
1837,5,0.05,6.82,1
1838,5,0.05,6.58,1
1839,5,0.05,7.24,1
1840,5,0.05,7.42,1
1841,5,0.05,7.38,1
1842,5,0.05,7.66,1
1843,5,0.05,7.6,1
1844,5,0.05,6.0,1
1845,5,0.05,8.48,1
1846,5,0.05,7.62,1
1847,5,0.05,7.08,1
1848,5,0.05,7.06,1
1849,5,0.05,7.56,1
1850,5,0.05,6.24,1
1851,5,0.05,8.14,1
1852,5,0.05,6.46,1
1853,5,0.05,7.1,1
1854,5,0.05,6.9,1
1855,5,0.05,7.88,1
1856,5,0.05,7.88,1
1857,5,0.05,7.82,1
1858,5,0.05,6.88,1
1859,5,0.05,8.82,1
1860,5,0.05,7.38,1
1861,5,0.05,6.84,1
1862,5,0.05,6.92,1
1863,5,0.05,6.74,1
1864,5,0.05,5.96,1
1865,5,0.05,7.08,1
1866,5,0.05,6.42,1
1867,5,0.05,6.54,1
1868,5,0.05,7.56,1
1869,5,0.05,6.94,1
1870,5,0.05,7.18,1
1871,5,0.05,6.98,1
1872,5,0.05,6.86,1
1873,5,0.05,7.44,1
1874,5,0.05,6.76,1
1875,5,0.05,6.86,1
1876,5,0.05,6.4,1
1877,5,0.05,7.7,1
1878,5,0.05,6.76,1
1879,5,0.05,6.78,1
1880,5,0.05,8.08,1
1881,5,0.05,8.74,1
1882,5,0.05,8.68,1
1883,5,0.05,7.82,1
1884,5,0.05,7.08,1
1885,5,0.05,7.76,1
1886,5,0.05,7.14,1
1887,5,0.05,6.24,1
1888,5,0.05,6.58,1
1889,5,0.05,5.84,1
1890,5,0.05,6.86,1
1891,5,0.05,6.28,1
1892,5,0.05,6.76,1
1893,5,0.05,7.86,1
1894,5,0.05,6.92,1
1895,5,0.05,6.8,1
1896,5,0.05,7.38,1
1897,5,0.05,6.58,1
1898,5,0.05,7.94,1
1899,5,0.05,7.32,1
1900,5,0.05,6.42,1
1901,5,0.05,6.46,1
1902,5,0.05,7.16,1
1903,5,0.05,6.3,1
1904,5,0.05,6.88,1
1905,5,0.05,6.6,1
1906,5,0.05,6.24,1
1907,5,0.05,6.94,1
1908,5,0.05,7.3,1
1909,5,0.05,7.48,1
1910,5,0.05,7.38,1
1911,5,0.05,7.06,1
1912,5,0.05,7.48,1
1913,5,0.05,6.14,1
1914,5,0.05,6.54,1
1915,5,0.05,6.36,1
1916,5,0.05,6.96,1
1917,5,0.05,6.64,1
1918,5,0.05,6.54,1
1919,5,0.05,7.46,1
1920,5,0.05,6.6,1
1921,5,0.05,7.48,1
1922,5,0.05,6.82,1
1923,5,0.05,6.76,1
1924,5,0.05,6.54,1
1925,5,0.05,6.56,1
1926,5,0.05,6.96,1
1927,5,0.05,6.2,1
1928,5,0.05,6.82,1
1929,5,0.05,7.42,1
1930,5,0.05,7.16,1
1931,5,0.05,6.52,1
1932,5,0.05,6.34,1
1933,5,0.05,6.3,1
1934,5,0.05,7.54,1
1935,5,0.05,7.74,1
1936,5,0.05,7.86,1
1937,5,0.05,7.0,1
1938,5,0.05,8.1,1
1939,5,0.05,7.68,1
1940,5,0.05,6.88,1
1941,5,0.05,7.32,1
1942,5,0.05,6.72,1
1943,5,0.05,6.6,1
1944,5,0.05,6.86,1
1945,5,0.05,6.94,1
1946,5,0.05,7.56,1
1947,5,0.05,7.44,1
1948,5,0.05,7.1,1
1949,5,0.05,6.7,1
1950,5,0.05,5.98,1
1951,5,0.05,6.34,1
1952,5,0.05,6.78,1
1953,5,0.05,6.7,1
1954,5,0.05,6.76,1
1955,5,0.05,6.68,1
1956,5,0.05,6.94,1
1957,5,0.05,6.16,1
1958,5,0.05,6.58,1
1959,5,0.05,6.84,1
1960,5,0.05,6.96,1
1961,5,0.05,6.9,1
1962,5,0.05,6.16,1
1963,5,0.05,7.08,1
1964,5,0.05,7.1,1
1965,5,0.05,6.32,1
1966,5,0.05,7.06,1
1967,5,0.05,6.2,1
1968,5,0.05,5.56,1
1969,5,0.05,5.38,1
1970,5,0.05,5.58,1
1971,5,0.05,6.6,1
1972,5,0.05,7.7,1
1973,5,0.05,7.22,1
1974,5,0.05,7.94,1
1975,5,0.05,6.88,1
1976,5,0.05,6.28,1
1977,5,0.05,5.96,1
1978,5,0.05,6.52,1
1979,5,0.05,7.64,1
1980,5,0.05,6.82,1
1981,5,0.05,6.8,1
1982,5,0.05,7.38,1
1983,5,0.05,6.68,1
1984,5,0.05,7.06,1
1985,5,0.05,7.62,1
1986,5,0.05,7.44,1
1987,5,0.05,7.18,1
1988,5,0.05,7.8,1
1989,5,0.05,7.56,1
1990,5,0.05,7.64,1
1991,5,0.05,7.5,1
1992,5,0.05,7.84,1
1993,5,0.05,7.64,1
1994,5,0.05,8.24,1
1995,5,0.05,6.74,1
1996,5,0.05,6.4,1
1997,5,0.05,7.32,1
1998,5,0.05,8.0,1
1999,5,0.05,7.52,1
2000,5,0.05,7.94,1
0,1,0.1,57.84,28
1,1,0.1,41.76,26
2,1,0.1,33.24,26
3,1,0.1,32.28,26
4,1,0.1,32.2,25
5,1,0.1,32.34,25
6,1,0.1,31.64,22
7,1,0.1,30.24,22
8,1,0.1,28.9,22
9,1,0.1,29.5,20
10,1,0.1,28.16,20
11,1,0.1,27.98,19
12,1,0.1,26.42,18
13,1,0.1,25.92,18
14,1,0.1,25.94,18
15,1,0.1,26.98,18
16,1,0.1,27.52,18
17,1,0.1,26.94,18
18,1,0.1,27.06,18
19,1,0.1,26.38,17
20,1,0.1,25.76,17
21,1,0.1,24.98,17
22,1,0.1,25.74,16
23,1,0.1,24.42,16
24,1,0.1,24.2,14
25,1,0.1,23.1,13
26,1,0.1,22.82,13
27,1,0.1,22.62,13
28,1,0.1,22.18,13
29,1,0.1,21.32,13
30,1,0.1,22.74,13
31,1,0.1,22.5,13
32,1,0.1,20.92,12
33,1,0.1,22.52,12
34,1,0.1,22.26,12
35,1,0.1,21.54,12
36,1,0.1,22.0,12
37,1,0.1,21.12,12
38,1,0.1,21.88,12
39,1,0.1,21.2,12
40,1,0.1,21.08,12
41,1,0.1,21.46,12
42,1,0.1,22.36,12
43,1,0.1,22.88,12
44,1,0.1,22.06,12
45,1,0.1,19.92,12
46,1,0.1,22.3,12
47,1,0.1,22.28,12
48,1,0.1,22.44,12
49,1,0.1,21.24,12
50,1,0.1,21.04,12
51,1,0.1,21.26,12
52,1,0.1,22.16,12
53,1,0.1,21.9,12
54,1,0.1,20.92,11
55,1,0.1,21.82,11
56,1,0.1,20.78,11
57,1,0.1,21.5,11
58,1,0.1,21.34,11
59,1,0.1,20.62,11
60,1,0.1,20.8,11
61,1,0.1,21.02,11
62,1,0.1,19.98,11
63,1,0.1,20.48,11
64,1,0.1,21.38,10
65,1,0.1,20.84,10
66,1,0.1,19.7,10
67,1,0.1,20.7,10
68,1,0.1,20.28,10
69,1,0.1,18.74,10
70,1,0.1,20.22,10
71,1,0.1,19.74,10
72,1,0.1,20.7,10
73,1,0.1,19.32,10
74,1,0.1,20.3,10
75,1,0.1,21.52,10
76,1,0.1,19.82,10
77,1,0.1,19.94,10
78,1,0.1,20.82,10
79,1,0.1,19.34,10
80,1,0.1,21.4,10
81,1,0.1,19.26,10
82,1,0.1,18.72,10
83,1,0.1,20.22,10
84,1,0.1,21.18,10
85,1,0.1,20.66,10
86,1,0.1,21.24,10
87,1,0.1,21.02,10
88,1,0.1,20.28,10
89,1,0.1,18.9,10
90,1,0.1,19.68,10
91,1,0.1,20.46,10
92,1,0.1,20.06,10
93,1,0.1,21.22,10
94,1,0.1,19.24,10
95,1,0.1,19.68,10
96,1,0.1,21.48,10
97,1,0.1,20.02,10
98,1,0.1,20.0,10
99,1,0.1,20.34,10
100,1,0.1,18.78,10
101,1,0.1,19.18,10
102,1,0.1,21.42,10
103,1,0.1,20.94,10
104,1,0.1,20.38,10
105,1,0.1,19.82,9
106,1,0.1,19.34,9
107,1,0.1,18.74,9
108,1,0.1,19.46,9
109,1,0.1,20.34,9
110,1,0.1,18.9,9
111,1,0.1,18.58,9
112,1,0.1,19.14,9
113,1,0.1,19.02,9
114,1,0.1,18.12,9
115,1,0.1,19.36,9
116,1,0.1,17.72,9
117,1,0.1,18.54,9
118,1,0.1,18.82,9
119,1,0.1,19.2,9
120,1,0.1,19.22,9
121,1,0.1,19.28,9
122,1,0.1,18.36,9
123,1,0.1,19.48,9
124,1,0.1,20.62,9
125,1,0.1,19.34,9
126,1,0.1,19.12,9
127,1,0.1,19.36,9
128,1,0.1,19.5,9
129,1,0.1,20.18,9
130,1,0.1,19.66,9
131,1,0.1,18.3,9
132,1,0.1,19.88,9
133,1,0.1,20.78,9
134,1,0.1,19.28,9
135,1,0.1,20.18,9
136,1,0.1,19.68,9
137,1,0.1,18.96,9
138,1,0.1,20.3,9
139,1,0.1,20.12,9
140,1,0.1,19.48,9
141,1,0.1,18.72,9
142,1,0.1,19.44,9
143,1,0.1,18.26,9
144,1,0.1,18.3,9
145,1,0.1,19.86,9
146,1,0.1,18.98,9
147,1,0.1,18.52,9
148,1,0.1,19.54,9
149,1,0.1,19.98,9
150,1,0.1,20.3,9
151,1,0.1,19.88,9
152,1,0.1,18.98,9
153,1,0.1,19.22,9
154,1,0.1,19.14,9
155,1,0.1,18.52,9
156,1,0.1,18.96,9
157,1,0.1,18.48,9
158,1,0.1,18.06,9
159,1,0.1,17.72,9
160,1,0.1,19.88,9
161,1,0.1,18.54,9
162,1,0.1,20.92,9
163,1,0.1,20.24,9
164,1,0.1,19.56,9
165,1,0.1,19.88,9
166,1,0.1,21.84,9
167,1,0.1,19.26,9
168,1,0.1,19.44,9
169,1,0.1,18.44,9
170,1,0.1,19.06,9
171,1,0.1,19.02,9
172,1,0.1,19.7,9
173,1,0.1,20.26,9
174,1,0.1,18.92,9
175,1,0.1,18.94,9
176,1,0.1,19.08,9
177,1,0.1,18.34,9
178,1,0.1,18.64,9
179,1,0.1,19.76,9
180,1,0.1,19.52,9
181,1,0.1,18.64,9
182,1,0.1,19.96,9
183,1,0.1,19.3,9
184,1,0.1,17.94,9
185,1,0.1,19.22,9
186,1,0.1,20.0,9
187,1,0.1,20.68,9
188,1,0.1,19.92,9
189,1,0.1,19.8,9
190,1,0.1,20.24,9
191,1,0.1,20.96,9
192,1,0.1,18.9,9
193,1,0.1,18.76,9
194,1,0.1,18.04,9
195,1,0.1,18.56,9
196,1,0.1,18.64,9
197,1,0.1,19.2,9
198,1,0.1,17.6,9
199,1,0.1,18.02,9
200,1,0.1,18.98,9
201,1,0.1,19.24,9
202,1,0.1,19.6,9
203,1,0.1,18.58,9
204,1,0.1,18.9,9
205,1,0.1,19.16,9
206,1,0.1,18.78,9
207,1,0.1,20.04,9
208,1,0.1,18.96,9
209,1,0.1,19.96,9
210,1,0.1,19.28,8
211,1,0.1,18.64,7
212,1,0.1,18.92,7
213,1,0.1,18.64,7
214,1,0.1,18.0,7
215,1,0.1,17.72,7
216,1,0.1,17.56,7
217,1,0.1,17.12,7
218,1,0.1,17.86,7
219,1,0.1,17.74,6
220,1,0.1,17.12,6
221,1,0.1,17.64,6
222,1,0.1,17.14,6
223,1,0.1,17.24,6
224,1,0.1,16.48,6
225,1,0.1,17.06,6
226,1,0.1,16.38,6
227,1,0.1,17.24,6
228,1,0.1,16.94,6
229,1,0.1,16.88,6
230,1,0.1,17.28,6
231,1,0.1,17.46,6
232,1,0.1,17.9,6
233,1,0.1,16.6,6
234,1,0.1,16.84,6
235,1,0.1,16.94,6
236,1,0.1,16.74,6
237,1,0.1,17.08,6
238,1,0.1,16.68,6
239,1,0.1,17.74,6
240,1,0.1,15.92,6
241,1,0.1,16.48,6
242,1,0.1,17.84,6
243,1,0.1,17.1,6
244,1,0.1,17.16,6
245,1,0.1,18.02,6
246,1,0.1,17.72,6
247,1,0.1,16.34,6
248,1,0.1,18.48,6
249,1,0.1,17.76,6
250,1,0.1,16.56,6
251,1,0.1,15.58,6
252,1,0.1,16.68,6
253,1,0.1,16.7,6
254,1,0.1,17.06,6
255,1,0.1,16.58,6
256,1,0.1,15.94,6
257,1,0.1,16.4,6
258,1,0.1,17.54,6
259,1,0.1,18.04,6
260,1,0.1,18.62,6
261,1,0.1,17.5,6
262,1,0.1,15.38,6
263,1,0.1,17.5,6
264,1,0.1,17.78,6
265,1,0.1,17.32,6
266,1,0.1,17.14,6
267,1,0.1,17.52,6
268,1,0.1,16.2,6
269,1,0.1,17.46,6
270,1,0.1,17.24,6
271,1,0.1,18.02,6
272,1,0.1,18.58,6
273,1,0.1,16.6,6
274,1,0.1,16.36,6
275,1,0.1,15.98,6
276,1,0.1,16.16,6
277,1,0.1,16.8,6
278,1,0.1,16.96,6
279,1,0.1,17.68,6
280,1,0.1,15.04,6
281,1,0.1,16.46,6
282,1,0.1,16.82,6
283,1,0.1,16.12,6
284,1,0.1,16.76,6
285,1,0.1,17.88,6
286,1,0.1,18.1,6
287,1,0.1,16.46,6
288,1,0.1,16.46,6
289,1,0.1,18.7,6
290,1,0.1,18.02,6
291,1,0.1,17.48,6
292,1,0.1,17.5,6
293,1,0.1,17.28,6
294,1,0.1,18.22,6
295,1,0.1,17.02,6
296,1,0.1,16.22,6
297,1,0.1,18.34,6
298,1,0.1,18.24,6
299,1,0.1,17.48,6
300,1,0.1,17.16,6
301,1,0.1,16.24,6
302,1,0.1,16.72,6
303,1,0.1,18.24,6
304,1,0.1,17.24,6
305,1,0.1,16.44,6
306,1,0.1,18.2,6
307,1,0.1,16.92,6
308,1,0.1,16.42,6
309,1,0.1,18.36,6
310,1,0.1,15.68,6
311,1,0.1,16.5,6
312,1,0.1,17.06,6
313,1,0.1,16.28,6
314,1,0.1,16.7,6
315,1,0.1,15.92,6
316,1,0.1,15.86,6
317,1,0.1,17.46,6
318,1,0.1,17.84,6
319,1,0.1,17.72,6
320,1,0.1,16.18,6
321,1,0.1,18.5,6
322,1,0.1,17.42,6
323,1,0.1,16.2,6
324,1,0.1,16.34,6
325,1,0.1,16.26,6
326,1,0.1,15.56,6
327,1,0.1,17.62,6
328,1,0.1,17.26,6
329,1,0.1,17.68,6
330,1,0.1,17.62,6
331,1,0.1,16.7,6
332,1,0.1,15.72,6
333,1,0.1,16.26,6
334,1,0.1,17.38,6
335,1,0.1,16.84,6
336,1,0.1,17.66,6
337,1,0.1,16.8,6
338,1,0.1,17.26,6
339,1,0.1,15.24,6
340,1,0.1,16.62,6
341,1,0.1,16.58,6
342,1,0.1,16.98,6
343,1,0.1,16.18,6
344,1,0.1,15.68,6
345,1,0.1,18.32,6
346,1,0.1,17.3,6
347,1,0.1,16.78,6
348,1,0.1,17.2,6
349,1,0.1,17.84,6
350,1,0.1,17.68,6
351,1,0.1,17.28,6
352,1,0.1,16.7,6
353,1,0.1,16.9,6
354,1,0.1,16.54,6
355,1,0.1,15.76,6
356,1,0.1,16.86,6
357,1,0.1,18.56,6
358,1,0.1,16.5,6
359,1,0.1,17.68,6
360,1,0.1,16.48,6
361,1,0.1,16.26,6
362,1,0.1,16.98,6
363,1,0.1,16.86,6
364,1,0.1,16.6,6
365,1,0.1,17.42,6
366,1,0.1,17.1,6
367,1,0.1,17.0,6
368,1,0.1,16.18,6
369,1,0.1,16.4,6
370,1,0.1,16.92,6
371,1,0.1,16.86,6
372,1,0.1,16.38,6
373,1,0.1,18.1,6
374,1,0.1,16.82,6
375,1,0.1,16.12,6
376,1,0.1,16.88,6
377,1,0.1,15.66,6
378,1,0.1,16.5,6
379,1,0.1,16.16,6
380,1,0.1,16.86,6
381,1,0.1,18.04,6
382,1,0.1,17.24,6
383,1,0.1,17.24,6
384,1,0.1,17.08,6
385,1,0.1,17.3,6
386,1,0.1,17.18,6
387,1,0.1,16.86,6
388,1,0.1,15.78,6
389,1,0.1,16.92,6
390,1,0.1,15.68,6
391,1,0.1,16.42,6
392,1,0.1,17.14,6
393,1,0.1,15.88,6
394,1,0.1,15.72,6
395,1,0.1,16.34,6
396,1,0.1,16.56,6
397,1,0.1,16.64,6
398,1,0.1,16.84,6
399,1,0.1,17.64,6
400,1,0.1,17.52,6
401,1,0.1,17.5,6
402,1,0.1,16.3,6
403,1,0.1,16.78,6
404,1,0.1,17.46,6
405,1,0.1,17.78,6
406,1,0.1,17.92,6
407,1,0.1,16.26,6
408,1,0.1,15.8,6
409,1,0.1,17.12,6
410,1,0.1,16.5,6
411,1,0.1,17.4,6
412,1,0.1,17.24,6
413,1,0.1,16.3,6
414,1,0.1,16.58,6
415,1,0.1,16.5,6
416,1,0.1,15.92,6
417,1,0.1,16.86,6
418,1,0.1,15.96,6
419,1,0.1,16.36,6
420,1,0.1,17.9,6
421,1,0.1,18.64,6
422,1,0.1,16.36,6
423,1,0.1,16.62,6
424,1,0.1,17.06,6
425,1,0.1,17.36,6
426,1,0.1,16.2,6
427,1,0.1,16.42,6
428,1,0.1,16.76,6
429,1,0.1,15.96,6
430,1,0.1,17.88,6
431,1,0.1,15.74,6
432,1,0.1,17.42,6
433,1,0.1,17.86,6
434,1,0.1,18.0,6
435,1,0.1,15.7,6
436,1,0.1,17.4,6
437,1,0.1,16.74,6
438,1,0.1,17.92,6
439,1,0.1,17.3,6
440,1,0.1,17.54,6
441,1,0.1,16.08,6
442,1,0.1,17.38,6
443,1,0.1,17.0,6
444,1,0.1,16.42,6
445,1,0.1,18.24,6
446,1,0.1,17.0,6
447,1,0.1,16.16,6
448,1,0.1,16.66,6
449,1,0.1,17.26,6
450,1,0.1,17.04,6
451,1,0.1,17.48,6
452,1,0.1,16.6,6
453,1,0.1,16.58,6
454,1,0.1,17.48,6
455,1,0.1,17.2,6
456,1,0.1,17.12,6
457,1,0.1,17.1,6
458,1,0.1,16.8,6
459,1,0.1,17.72,6
460,1,0.1,17.46,6
461,1,0.1,16.86,6
462,1,0.1,16.52,6
463,1,0.1,16.5,6
464,1,0.1,16.78,6
465,1,0.1,16.8,6
466,1,0.1,16.6,6
467,1,0.1,16.98,6
468,1,0.1,16.76,6
469,1,0.1,16.52,6
470,1,0.1,16.58,6
471,1,0.1,17.04,6
472,1,0.1,16.46,6
473,1,0.1,16.48,6
474,1,0.1,16.72,6
475,1,0.1,16.98,6
476,1,0.1,16.4,6
477,1,0.1,16.8,6
478,1,0.1,18.44,6
479,1,0.1,15.56,6
480,1,0.1,18.12,6
481,1,0.1,16.98,6
482,1,0.1,15.82,6
483,1,0.1,17.74,6
484,1,0.1,16.8,6
485,1,0.1,17.42,6
486,1,0.1,16.86,6
487,1,0.1,17.6,6
488,1,0.1,17.8,6
489,1,0.1,15.36,6
490,1,0.1,16.26,6
491,1,0.1,17.06,6
492,1,0.1,17.62,6
493,1,0.1,17.08,6
494,1,0.1,17.06,6
495,1,0.1,18.54,6
496,1,0.1,17.92,6
497,1,0.1,17.6,6
498,1,0.1,17.28,6
499,1,0.1,16.72,6
500,1,0.1,15.94,6
501,1,0.1,16.52,6
502,1,0.1,18.34,6
503,1,0.1,17.74,6
504,1,0.1,16.86,6
505,1,0.1,17.5,6
506,1,0.1,17.08,6
507,1,0.1,17.02,6
508,1,0.1,18.48,6
509,1,0.1,16.18,6
510,1,0.1,17.42,6
511,1,0.1,16.4,6
512,1,0.1,16.22,6
513,1,0.1,17.56,6
514,1,0.1,16.58,6
515,1,0.1,16.94,6
516,1,0.1,16.82,6
517,1,0.1,15.2,6
518,1,0.1,17.62,6
519,1,0.1,17.32,6
520,1,0.1,17.3,6
521,1,0.1,16.7,6
522,1,0.1,16.72,6
523,1,0.1,17.12,6
524,1,0.1,16.54,6
525,1,0.1,16.88,6
526,1,0.1,16.7,6
527,1,0.1,16.7,6
528,1,0.1,18.14,6
529,1,0.1,17.02,6
530,1,0.1,16.88,6
531,1,0.1,17.02,6
532,1,0.1,16.04,6
533,1,0.1,16.72,6
534,1,0.1,17.62,6
535,1,0.1,16.18,6
536,1,0.1,16.3,6
537,1,0.1,17.46,6
538,1,0.1,19.26,6
539,1,0.1,16.74,6
540,1,0.1,15.98,6
541,1,0.1,16.7,6
542,1,0.1,17.14,6
543,1,0.1,16.14,6
544,1,0.1,15.84,6
545,1,0.1,16.32,6
546,1,0.1,16.62,6
547,1,0.1,16.94,6
548,1,0.1,16.62,6
549,1,0.1,18.38,6
550,1,0.1,16.66,6
551,1,0.1,15.34,6
552,1,0.1,15.24,6
553,1,0.1,15.74,6
554,1,0.1,17.12,6
555,1,0.1,17.78,6
556,1,0.1,17.14,6
557,1,0.1,16.68,6
558,1,0.1,16.16,6
559,1,0.1,17.2,6
560,1,0.1,16.22,6
561,1,0.1,17.2,6
562,1,0.1,17.18,6
563,1,0.1,17.56,6
564,1,0.1,17.34,6
565,1,0.1,16.86,6
566,1,0.1,17.04,6
567,1,0.1,15.82,6
568,1,0.1,17.66,6
569,1,0.1,17.54,6
570,1,0.1,17.88,6
571,1,0.1,16.4,6
572,1,0.1,16.8,6
573,1,0.1,16.7,6
574,1,0.1,16.9,6
575,1,0.1,17.94,6
576,1,0.1,17.04,6
577,1,0.1,16.9,6
578,1,0.1,16.84,6
579,1,0.1,17.08,6
580,1,0.1,15.46,6
581,1,0.1,15.92,6
582,1,0.1,17.32,6
583,1,0.1,16.22,6
584,1,0.1,15.58,6
585,1,0.1,16.56,6
586,1,0.1,17.46,6
587,1,0.1,17.72,6
588,1,0.1,16.92,6
589,1,0.1,17.28,6
590,1,0.1,16.64,6
591,1,0.1,17.04,6
592,1,0.1,17.14,6
593,1,0.1,16.56,6
594,1,0.1,17.0,6
595,1,0.1,18.56,6
596,1,0.1,16.76,6
597,1,0.1,16.4,6
598,1,0.1,16.4,6
599,1,0.1,17.22,6
600,1,0.1,17.02,6
601,1,0.1,16.2,6
602,1,0.1,15.72,6
603,1,0.1,16.9,6
604,1,0.1,16.86,6
605,1,0.1,18.22,6
606,1,0.1,15.64,6
607,1,0.1,15.74,6
608,1,0.1,17.48,6
609,1,0.1,16.46,6
610,1,0.1,16.68,6
611,1,0.1,17.4,6
612,1,0.1,18.0,6
613,1,0.1,16.78,6
614,1,0.1,17.28,6
615,1,0.1,16.96,6
616,1,0.1,17.22,6
617,1,0.1,18.82,6
618,1,0.1,18.44,6
619,1,0.1,17.9,6
620,1,0.1,17.5,6
621,1,0.1,18.4,6
622,1,0.1,17.66,6
623,1,0.1,17.14,6
624,1,0.1,17.88,6
625,1,0.1,16.64,6
626,1,0.1,16.78,6
627,1,0.1,16.82,6
628,1,0.1,16.2,6
629,1,0.1,16.16,6
630,1,0.1,16.16,6
631,1,0.1,16.18,6
632,1,0.1,16.02,6
633,1,0.1,16.02,6
634,1,0.1,17.44,6
635,1,0.1,17.36,6
636,1,0.1,17.6,6
637,1,0.1,16.94,6
638,1,0.1,16.18,6
639,1,0.1,16.68,6
640,1,0.1,15.46,6
641,1,0.1,17.52,6
642,1,0.1,18.42,6
643,1,0.1,18.06,6
644,1,0.1,16.76,6
645,1,0.1,16.36,6
646,1,0.1,15.94,6
647,1,0.1,17.16,6
648,1,0.1,16.2,6
649,1,0.1,16.58,6
650,1,0.1,16.22,6
651,1,0.1,17.88,6
652,1,0.1,17.48,6
653,1,0.1,17.68,6
654,1,0.1,17.12,6
655,1,0.1,17.98,6
656,1,0.1,17.96,6
657,1,0.1,17.52,6
658,1,0.1,16.52,6
659,1,0.1,17.36,6
660,1,0.1,16.32,6
661,1,0.1,17.5,6
662,1,0.1,17.18,6
663,1,0.1,16.24,6
664,1,0.1,16.94,6
665,1,0.1,16.2,6
666,1,0.1,16.62,6
667,1,0.1,17.22,6
668,1,0.1,15.64,6
669,1,0.1,17.16,6
670,1,0.1,16.04,6
671,1,0.1,17.06,6
672,1,0.1,16.42,6
673,1,0.1,16.68,6
674,1,0.1,16.0,6
675,1,0.1,17.52,6
676,1,0.1,18.34,6
677,1,0.1,16.98,6
678,1,0.1,16.8,6
679,1,0.1,18.32,6
680,1,0.1,17.58,6
681,1,0.1,17.52,6
682,1,0.1,16.42,6
683,1,0.1,17.78,6
684,1,0.1,17.82,6
685,1,0.1,17.52,6
686,1,0.1,15.92,5
687,1,0.1,15.68,5
688,1,0.1,15.66,5
689,1,0.1,15.9,5
690,1,0.1,17.3,5
691,1,0.1,15.22,5
692,1,0.1,16.24,5
693,1,0.1,16.22,5
694,1,0.1,16.42,5
695,1,0.1,15.34,5
696,1,0.1,17.38,5
697,1,0.1,15.34,5
698,1,0.1,17.8,5
699,1,0.1,17.4,5
700,1,0.1,17.4,5
701,1,0.1,17.5,5
702,1,0.1,15.92,5
703,1,0.1,16.94,5
704,1,0.1,15.58,5
705,1,0.1,15.7,5
706,1,0.1,16.18,5
707,1,0.1,15.0,5
708,1,0.1,16.2,5
709,1,0.1,15.94,5
710,1,0.1,17.36,5
711,1,0.1,15.82,5
712,1,0.1,15.38,5
713,1,0.1,14.58,5
714,1,0.1,15.7,5
715,1,0.1,16.06,5
716,1,0.1,15.22,5
717,1,0.1,14.88,5
718,1,0.1,15.9,5
719,1,0.1,15.84,5
720,1,0.1,17.08,5
721,1,0.1,15.66,5
722,1,0.1,16.02,5
723,1,0.1,16.12,5
724,1,0.1,16.96,5
725,1,0.1,16.28,5
726,1,0.1,14.96,5
727,1,0.1,15.52,5
728,1,0.1,15.56,5
729,1,0.1,17.18,5
730,1,0.1,16.38,5
731,1,0.1,16.36,5
732,1,0.1,15.74,5
733,1,0.1,17.82,5
734,1,0.1,15.8,5
735,1,0.1,15.58,5
736,1,0.1,15.78,5
737,1,0.1,16.38,5
738,1,0.1,14.68,5
739,1,0.1,17.46,5
740,1,0.1,15.36,5
741,1,0.1,15.98,5
742,1,0.1,16.24,5
743,1,0.1,15.84,5
744,1,0.1,14.72,5
745,1,0.1,13.76,5
746,1,0.1,15.26,5
747,1,0.1,16.38,5
748,1,0.1,16.0,5
749,1,0.1,16.18,5
750,1,0.1,16.82,5
751,1,0.1,16.26,5
752,1,0.1,16.16,5
753,1,0.1,16.58,5
754,1,0.1,16.56,5
755,1,0.1,15.6,5
756,1,0.1,16.44,5
757,1,0.1,15.96,5
758,1,0.1,15.14,5
759,1,0.1,16.44,5
760,1,0.1,16.44,5
761,1,0.1,16.04,5
762,1,0.1,16.28,5
763,1,0.1,15.92,5
764,1,0.1,15.42,5
765,1,0.1,16.4,5
766,1,0.1,16.18,5
767,1,0.1,15.5,5
768,1,0.1,16.12,5
769,1,0.1,14.96,5
770,1,0.1,16.52,5
771,1,0.1,16.12,5
772,1,0.1,16.86,5
773,1,0.1,16.62,5
774,1,0.1,16.74,5
775,1,0.1,16.86,5
776,1,0.1,15.5,5
777,1,0.1,15.34,5
778,1,0.1,16.58,5
779,1,0.1,16.58,5
780,1,0.1,16.58,5
781,1,0.1,16.1,5
782,1,0.1,15.3,5
783,1,0.1,14.44,5
784,1,0.1,14.74,5
785,1,0.1,14.88,5
786,1,0.1,16.96,5
787,1,0.1,16.22,5
788,1,0.1,15.9,5
789,1,0.1,16.02,5
790,1,0.1,16.84,5
791,1,0.1,16.7,5
792,1,0.1,17.56,5
793,1,0.1,16.38,5
794,1,0.1,16.86,5
795,1,0.1,16.68,5
796,1,0.1,15.82,5
797,1,0.1,16.58,5
798,1,0.1,16.54,5
799,1,0.1,16.5,5
800,1,0.1,15.26,5
801,1,0.1,16.72,5
802,1,0.1,14.76,5
803,1,0.1,16.38,5
804,1,0.1,17.12,5
805,1,0.1,15.56,5
806,1,0.1,17.42,5
807,1,0.1,16.86,5
808,1,0.1,15.22,5
809,1,0.1,16.18,5
810,1,0.1,15.62,5
811,1,0.1,15.82,5
812,1,0.1,16.68,5
813,1,0.1,16.06,5
814,1,0.1,18.2,5
815,1,0.1,16.92,5
816,1,0.1,16.42,5
817,1,0.1,15.96,5
818,1,0.1,16.46,5
819,1,0.1,16.24,5
820,1,0.1,15.58,5
821,1,0.1,16.72,5
822,1,0.1,16.32,5
823,1,0.1,17.54,5
824,1,0.1,16.82,5
825,1,0.1,15.48,5
826,1,0.1,15.22,5
827,1,0.1,16.54,5
828,1,0.1,16.32,5
829,1,0.1,16.06,5
830,1,0.1,16.68,5
831,1,0.1,17.1,5
832,1,0.1,16.16,5
833,1,0.1,15.04,5
834,1,0.1,16.88,5
835,1,0.1,15.24,5
836,1,0.1,15.22,5
837,1,0.1,16.86,5
838,1,0.1,16.12,5
839,1,0.1,16.48,5
840,1,0.1,15.6,5
841,1,0.1,16.94,5
842,1,0.1,15.72,5
843,1,0.1,16.48,5
844,1,0.1,15.8,5
845,1,0.1,16.14,5
846,1,0.1,15.52,5
847,1,0.1,15.3,5
848,1,0.1,16.04,5
849,1,0.1,16.36,5
850,1,0.1,16.04,5
851,1,0.1,15.94,5
852,1,0.1,15.44,5
853,1,0.1,16.4,5
854,1,0.1,15.14,5
855,1,0.1,16.14,5
856,1,0.1,17.06,5
857,1,0.1,17.38,5
858,1,0.1,16.96,5
859,1,0.1,16.72,5
860,1,0.1,16.54,5
861,1,0.1,17.32,5
862,1,0.1,16.06,5
863,1,0.1,15.44,5
864,1,0.1,15.24,5
865,1,0.1,16.26,5
866,1,0.1,15.68,5
867,1,0.1,16.74,5
868,1,0.1,16.78,5
869,1,0.1,15.94,5
870,1,0.1,15.92,5
871,1,0.1,16.28,5
872,1,0.1,15.98,5
873,1,0.1,16.64,5
874,1,0.1,15.86,5
875,1,0.1,16.62,5
876,1,0.1,15.3,5
877,1,0.1,14.38,5
878,1,0.1,16.6,5
879,1,0.1,17.42,5
880,1,0.1,15.76,5
881,1,0.1,16.84,5
882,1,0.1,15.44,5
883,1,0.1,16.42,5
884,1,0.1,15.44,5
885,1,0.1,14.84,5
886,1,0.1,16.84,5
887,1,0.1,16.6,5
888,1,0.1,16.86,5
889,1,0.1,16.3,5
890,1,0.1,15.6,5
891,1,0.1,14.96,5
892,1,0.1,15.44,5
893,1,0.1,15.68,5
894,1,0.1,16.46,5
895,1,0.1,16.58,5
896,1,0.1,17.94,5
897,1,0.1,17.84,5
898,1,0.1,15.32,5
899,1,0.1,15.48,5
900,1,0.1,16.14,5
901,1,0.1,15.42,5
902,1,0.1,16.12,5
903,1,0.1,15.5,5
904,1,0.1,14.96,5
905,1,0.1,15.08,5
906,1,0.1,16.02,5
907,1,0.1,15.46,5
908,1,0.1,16.66,5
909,1,0.1,16.36,5
910,1,0.1,16.66,5
911,1,0.1,16.5,5
912,1,0.1,16.66,5
913,1,0.1,15.38,5
914,1,0.1,15.16,5
915,1,0.1,15.6,5
916,1,0.1,16.14,5
917,1,0.1,15.74,5
918,1,0.1,15.78,5
919,1,0.1,15.14,5
920,1,0.1,15.5,5
921,1,0.1,15.94,5
922,1,0.1,16.36,5
923,1,0.1,15.38,5
924,1,0.1,15.6,5
925,1,0.1,16.4,5
926,1,0.1,17.66,5
927,1,0.1,15.3,5
928,1,0.1,15.7,5
929,1,0.1,17.46,5
930,1,0.1,16.72,5
931,1,0.1,16.2,5
932,1,0.1,16.66,5
933,1,0.1,16.92,5
934,1,0.1,15.98,5
935,1,0.1,15.66,5
936,1,0.1,15.36,5
937,1,0.1,15.58,5
938,1,0.1,14.74,5
939,1,0.1,16.4,5
940,1,0.1,15.4,5
941,1,0.1,15.58,5
942,1,0.1,14.9,5
943,1,0.1,15.44,5
944,1,0.1,15.82,5
945,1,0.1,15.36,5
946,1,0.1,14.98,5
947,1,0.1,15.92,5
948,1,0.1,16.02,5
949,1,0.1,15.8,5
950,1,0.1,15.54,5
951,1,0.1,16.12,5
952,1,0.1,16.4,5
953,1,0.1,17.24,5
954,1,0.1,16.48,5
955,1,0.1,15.58,5
956,1,0.1,16.56,5
957,1,0.1,16.26,5
958,1,0.1,16.66,5
959,1,0.1,16.68,5
960,1,0.1,16.44,5
961,1,0.1,16.5,5
962,1,0.1,16.88,5
963,1,0.1,16.46,5
964,1,0.1,15.76,5
965,1,0.1,16.24,5
966,1,0.1,16.18,5
967,1,0.1,16.2,5
968,1,0.1,16.04,5
969,1,0.1,15.22,5
970,1,0.1,15.46,5
971,1,0.1,15.34,5
972,1,0.1,16.32,5
973,1,0.1,16.32,5
974,1,0.1,16.1,5
975,1,0.1,15.66,5
976,1,0.1,15.84,5
977,1,0.1,16.88,5
978,1,0.1,17.32,5
979,1,0.1,15.8,5
980,1,0.1,16.64,5
981,1,0.1,16.72,5
982,1,0.1,15.6,5
983,1,0.1,17.34,5
984,1,0.1,16.48,5
985,1,0.1,16.32,5
986,1,0.1,15.94,5
987,1,0.1,16.58,5
988,1,0.1,16.54,5
989,1,0.1,16.96,5
990,1,0.1,17.42,5
991,1,0.1,15.92,5
992,1,0.1,16.6,5
993,1,0.1,15.82,5
994,1,0.1,16.58,5
995,1,0.1,16.66,5
996,1,0.1,16.66,5
997,1,0.1,16.28,5
998,1,0.1,15.6,5
999,1,0.1,16.24,5
1000,1,0.1,15.7,5
1001,1,0.1,15.16,5
1002,1,0.1,15.72,5
1003,1,0.1,16.44,5
1004,1,0.1,14.4,5
1005,1,0.1,14.94,5
1006,1,0.1,15.92,5
1007,1,0.1,16.44,5
1008,1,0.1,16.24,5
1009,1,0.1,15.82,5
1010,1,0.1,15.1,5
1011,1,0.1,16.44,5
1012,1,0.1,16.2,5
1013,1,0.1,17.44,5
1014,1,0.1,16.52,5
1015,1,0.1,15.16,5
1016,1,0.1,16.44,5
1017,1,0.1,17.14,5
1018,1,0.1,15.28,5
1019,1,0.1,16.1,5
1020,1,0.1,18.18,5
1021,1,0.1,17.28,5
1022,1,0.1,15.34,5
1023,1,0.1,15.82,5
1024,1,0.1,14.6,5
1025,1,0.1,16.18,5
1026,1,0.1,15.98,5
1027,1,0.1,17.44,5
1028,1,0.1,15.84,5
1029,1,0.1,16.36,5
1030,1,0.1,16.34,5
1031,1,0.1,15.52,5
1032,1,0.1,16.18,5
1033,1,0.1,15.74,5
1034,1,0.1,14.86,5
1035,1,0.1,15.6,5
1036,1,0.1,15.52,5
1037,1,0.1,16.92,5
1038,1,0.1,16.18,5
1039,1,0.1,17.2,5
1040,1,0.1,16.64,5
1041,1,0.1,16.48,5
1042,1,0.1,15.02,5
1043,1,0.1,16.06,5
1044,1,0.1,16.84,5
1045,1,0.1,16.94,5
1046,1,0.1,17.08,5
1047,1,0.1,15.22,5
1048,1,0.1,16.2,5
1049,1,0.1,16.26,5
1050,1,0.1,16.1,5
1051,1,0.1,15.52,5
1052,1,0.1,14.5,5
1053,1,0.1,15.44,5
1054,1,0.1,15.88,5
1055,1,0.1,15.9,5
1056,1,0.1,15.64,5
1057,1,0.1,16.78,5
1058,1,0.1,15.52,5
1059,1,0.1,15.58,5
1060,1,0.1,16.2,5
1061,1,0.1,16.5,5
1062,1,0.1,15.82,5
1063,1,0.1,16.56,5
1064,1,0.1,15.78,5
1065,1,0.1,15.82,5
1066,1,0.1,15.08,5
1067,1,0.1,16.2,5
1068,1,0.1,16.68,5
1069,1,0.1,15.18,5
1070,1,0.1,17.18,5
1071,1,0.1,16.74,5
1072,1,0.1,15.88,5
1073,1,0.1,16.94,5
1074,1,0.1,16.18,5
1075,1,0.1,16.68,5
1076,1,0.1,15.84,5
1077,1,0.1,15.9,5
1078,1,0.1,17.06,5
1079,1,0.1,15.94,5
1080,1,0.1,15.32,5
1081,1,0.1,14.48,5
1082,1,0.1,15.8,5
1083,1,0.1,15.8,5
1084,1,0.1,15.54,5
1085,1,0.1,16.66,5
1086,1,0.1,17.78,5
1087,1,0.1,18.68,5
1088,1,0.1,16.18,5
1089,1,0.1,17.06,5
1090,1,0.1,15.74,5
1091,1,0.1,15.9,5
1092,1,0.1,15.82,5
1093,1,0.1,16.68,5
1094,1,0.1,17.34,5
1095,1,0.1,17.04,5
1096,1,0.1,16.46,5
1097,1,0.1,16.46,5
1098,1,0.1,17.86,5
1099,1,0.1,16.2,5
1100,1,0.1,17.72,5
1101,1,0.1,16.7,5
1102,1,0.1,16.02,5
1103,1,0.1,15.72,5
1104,1,0.1,16.16,5
1105,1,0.1,15.9,5
1106,1,0.1,16.14,5
1107,1,0.1,15.38,5
1108,1,0.1,16.08,5
1109,1,0.1,16.42,5
1110,1,0.1,16.26,5
1111,1,0.1,16.1,5
1112,1,0.1,14.94,5
1113,1,0.1,15.88,5
1114,1,0.1,14.84,5
1115,1,0.1,15.68,5
1116,1,0.1,15.42,5
1117,1,0.1,15.96,5
1118,1,0.1,15.22,5
1119,1,0.1,14.94,5
1120,1,0.1,15.66,5
1121,1,0.1,15.8,5
1122,1,0.1,16.44,5
1123,1,0.1,16.84,5
1124,1,0.1,16.64,5
1125,1,0.1,17.42,5
1126,1,0.1,16.62,5
1127,1,0.1,16.18,5
1128,1,0.1,17.28,5
1129,1,0.1,16.78,5
1130,1,0.1,15.4,5
1131,1,0.1,16.2,5
1132,1,0.1,17.32,5
1133,1,0.1,15.72,5
1134,1,0.1,16.1,5
1135,1,0.1,16.04,5
1136,1,0.1,16.42,5
1137,1,0.1,15.6,5
1138,1,0.1,16.22,4
1139,1,0.1,15.06,4
1140,1,0.1,15.82,4
1141,1,0.1,15.54,4
1142,1,0.1,16.12,4
1143,1,0.1,14.2,4
1144,1,0.1,13.94,4
1145,1,0.1,15.22,4
1146,1,0.1,15.58,4
1147,1,0.1,15.94,4
1148,1,0.1,13.7,4
1149,1,0.1,15.88,4
1150,1,0.1,15.24,4
1151,1,0.1,14.52,4
1152,1,0.1,15.86,4
1153,1,0.1,15.42,4
1154,1,0.1,14.62,4
1155,1,0.1,15.92,4
1156,1,0.1,16.42,4
1157,1,0.1,15.14,4
1158,1,0.1,15.3,4
1159,1,0.1,15.34,4
1160,1,0.1,15.68,4
1161,1,0.1,16.24,4
1162,1,0.1,16.08,4
1163,1,0.1,15.4,4
1164,1,0.1,16.02,4
1165,1,0.1,14.42,4
1166,1,0.1,16.32,4
1167,1,0.1,15.8,4
1168,1,0.1,16.8,4
1169,1,0.1,14.64,4
1170,1,0.1,14.3,4
1171,1,0.1,15.24,4
1172,1,0.1,15.52,4
1173,1,0.1,14.7,4
1174,1,0.1,15.16,4
1175,1,0.1,15.82,4
1176,1,0.1,16.5,4
1177,1,0.1,16.48,4
1178,1,0.1,15.84,4
1179,1,0.1,15.42,4
1180,1,0.1,14.94,4
1181,1,0.1,14.9,4
1182,1,0.1,15.02,4
1183,1,0.1,14.94,4
1184,1,0.1,14.46,4
1185,1,0.1,14.56,4
1186,1,0.1,16.04,4
1187,1,0.1,15.54,4
1188,1,0.1,14.22,4
1189,1,0.1,15.36,4
1190,1,0.1,15.78,4
1191,1,0.1,15.3,4
1192,1,0.1,14.18,4
1193,1,0.1,15.46,4
1194,1,0.1,15.94,4
1195,1,0.1,14.98,4
1196,1,0.1,14.96,4
1197,1,0.1,13.8,4
1198,1,0.1,15.62,4
1199,1,0.1,14.78,4
1200,1,0.1,15.88,4
1201,1,0.1,15.94,4
1202,1,0.1,16.26,4
1203,1,0.1,14.92,4
1204,1,0.1,16.0,4
1205,1,0.1,15.3,4
1206,1,0.1,16.24,4
1207,1,0.1,13.62,4
1208,1,0.1,14.42,4
1209,1,0.1,16.36,4
1210,1,0.1,15.2,4
1211,1,0.1,15.22,4
1212,1,0.1,14.56,4
1213,1,0.1,15.22,4
1214,1,0.1,14.9,4
1215,1,0.1,15.94,4
1216,1,0.1,15.84,4
1217,1,0.1,16.34,4
1218,1,0.1,15.3,4
1219,1,0.1,16.26,4
1220,1,0.1,15.52,4
1221,1,0.1,15.86,4
1222,1,0.1,15.04,4
1223,1,0.1,14.4,4
1224,1,0.1,14.9,4
1225,1,0.1,15.7,4
1226,1,0.1,16.1,4
1227,1,0.1,15.62,4
1228,1,0.1,14.12,4
1229,1,0.1,14.68,4
1230,1,0.1,15.72,4
1231,1,0.1,14.36,4
1232,1,0.1,14.26,4
1233,1,0.1,14.86,4
1234,1,0.1,15.2,4
1235,1,0.1,14.94,4
1236,1,0.1,15.26,4
1237,1,0.1,13.74,4
1238,1,0.1,15.26,4
1239,1,0.1,15.02,4
1240,1,0.1,15.04,4
1241,1,0.1,15.76,4
1242,1,0.1,16.22,4
1243,1,0.1,16.12,4
1244,1,0.1,15.86,4
1245,1,0.1,15.82,4
1246,1,0.1,14.82,4
1247,1,0.1,16.18,4
1248,1,0.1,15.06,4
1249,1,0.1,15.48,4
1250,1,0.1,14.2,4
1251,1,0.1,14.94,4
1252,1,0.1,15.66,4
1253,1,0.1,15.84,4
1254,1,0.1,14.2,4
1255,1,0.1,16.38,4
1256,1,0.1,15.8,4
1257,1,0.1,16.2,4
1258,1,0.1,15.34,4
1259,1,0.1,15.32,4
1260,1,0.1,16.32,4
1261,1,0.1,15.52,4
1262,1,0.1,15.24,4
1263,1,0.1,14.16,4
1264,1,0.1,14.68,4
1265,1,0.1,14.1,4
1266,1,0.1,14.24,4
1267,1,0.1,16.24,4
1268,1,0.1,16.76,4
1269,1,0.1,16.42,4
1270,1,0.1,15.96,4
1271,1,0.1,14.8,4
1272,1,0.1,15.02,4
1273,1,0.1,15.44,4
1274,1,0.1,13.98,4
1275,1,0.1,15.4,4
1276,1,0.1,13.72,4
1277,1,0.1,15.3,4
1278,1,0.1,15.58,4
1279,1,0.1,15.58,4
1280,1,0.1,14.84,4
1281,1,0.1,14.76,4
1282,1,0.1,15.18,4
1283,1,0.1,14.42,4
1284,1,0.1,14.44,4
1285,1,0.1,15.26,4
1286,1,0.1,14.28,4
1287,1,0.1,15.24,4
1288,1,0.1,15.58,4
1289,1,0.1,14.6,4
1290,1,0.1,14.94,4
1291,1,0.1,15.62,4
1292,1,0.1,14.84,4
1293,1,0.1,15.48,4
1294,1,0.1,14.78,4
1295,1,0.1,13.86,4
1296,1,0.1,15.78,4
1297,1,0.1,14.52,4
1298,1,0.1,14.32,4
1299,1,0.1,15.2,4
1300,1,0.1,15.88,4
1301,1,0.1,15.62,4
1302,1,0.1,15.1,4
1303,1,0.1,14.84,4
1304,1,0.1,15.2,4
1305,1,0.1,15.82,4
1306,1,0.1,15.16,4
1307,1,0.1,14.58,4
1308,1,0.1,15.92,4
1309,1,0.1,15.16,4
1310,1,0.1,14.76,4
1311,1,0.1,14.92,4
1312,1,0.1,15.94,4
1313,1,0.1,15.78,4
1314,1,0.1,15.88,4
1315,1,0.1,15.38,4
1316,1,0.1,14.46,4
1317,1,0.1,13.34,4
1318,1,0.1,14.92,4
1319,1,0.1,14.74,4
1320,1,0.1,15.16,4
1321,1,0.1,16.22,4
1322,1,0.1,15.52,4
1323,1,0.1,14.98,4
1324,1,0.1,14.88,4
1325,1,0.1,15.8,4
1326,1,0.1,14.88,4
1327,1,0.1,15.3,4
1328,1,0.1,14.26,4
1329,1,0.1,13.96,4
1330,1,0.1,15.16,4
1331,1,0.1,15.16,4
1332,1,0.1,14.42,4
1333,1,0.1,13.48,4
1334,1,0.1,15.5,4
1335,1,0.1,16.18,4
1336,1,0.1,15.14,4
1337,1,0.1,15.9,4
1338,1,0.1,15.12,4
1339,1,0.1,14.56,4
1340,1,0.1,16.96,4
1341,1,0.1,16.2,4
1342,1,0.1,16.16,4
1343,1,0.1,15.82,4
1344,1,0.1,15.38,4
1345,1,0.1,15.4,4
1346,1,0.1,14.6,4
1347,1,0.1,15.46,4
1348,1,0.1,16.44,4
1349,1,0.1,14.84,4
1350,1,0.1,15.46,4
1351,1,0.1,14.8,4
1352,1,0.1,14.46,4
1353,1,0.1,15.78,4
1354,1,0.1,16.34,4
1355,1,0.1,15.66,4
1356,1,0.1,15.04,4
1357,1,0.1,15.58,4
1358,1,0.1,15.24,4
1359,1,0.1,15.58,4
1360,1,0.1,15.18,4
1361,1,0.1,15.52,4
1362,1,0.1,15.66,4
1363,1,0.1,14.32,4
1364,1,0.1,13.7,4
1365,1,0.1,15.48,4
1366,1,0.1,16.3,4
1367,1,0.1,15.32,4
1368,1,0.1,14.7,4
1369,1,0.1,16.3,4
1370,1,0.1,14.12,4
1371,1,0.1,15.02,4
1372,1,0.1,13.8,4
1373,1,0.1,15.24,4
1374,1,0.1,16.82,4
1375,1,0.1,16.0,4
1376,1,0.1,15.22,4
1377,1,0.1,16.48,4
1378,1,0.1,16.98,4
1379,1,0.1,17.28,4
1380,1,0.1,15.92,4
1381,1,0.1,14.94,4
1382,1,0.1,16.32,4
1383,1,0.1,14.4,4
1384,1,0.1,16.06,4
1385,1,0.1,14.9,4
1386,1,0.1,16.22,4
1387,1,0.1,15.84,4
1388,1,0.1,16.18,4
1389,1,0.1,14.92,4
1390,1,0.1,15.5,4
1391,1,0.1,15.68,4
1392,1,0.1,16.04,4
1393,1,0.1,15.66,4
1394,1,0.1,15.6,4
1395,1,0.1,16.1,4
1396,1,0.1,15.22,4
1397,1,0.1,16.32,4
1398,1,0.1,16.96,4
1399,1,0.1,15.78,4
1400,1,0.1,16.28,4
1401,1,0.1,16.14,4
1402,1,0.1,14.5,4
1403,1,0.1,15.2,4
1404,1,0.1,15.08,4
1405,1,0.1,15.74,4
1406,1,0.1,15.98,4
1407,1,0.1,15.12,4
1408,1,0.1,14.92,4
1409,1,0.1,15.04,4
1410,1,0.1,15.22,4
1411,1,0.1,15.9,4
1412,1,0.1,16.0,4
1413,1,0.1,14.2,4
1414,1,0.1,15.8,4
1415,1,0.1,16.2,4
1416,1,0.1,14.46,4
1417,1,0.1,14.32,4
1418,1,0.1,14.74,4
1419,1,0.1,15.02,4
1420,1,0.1,15.38,4
1421,1,0.1,15.98,4
1422,1,0.1,16.28,4
1423,1,0.1,15.58,4
1424,1,0.1,16.68,4
1425,1,0.1,15.6,4
1426,1,0.1,15.94,4
1427,1,0.1,14.8,4
1428,1,0.1,15.28,4
1429,1,0.1,13.48,4
1430,1,0.1,15.34,4
1431,1,0.1,15.72,4
1432,1,0.1,15.02,4
1433,1,0.1,15.24,4
1434,1,0.1,16.8,4
1435,1,0.1,15.86,4
1436,1,0.1,15.46,4
1437,1,0.1,14.1,4
1438,1,0.1,16.74,4
1439,1,0.1,15.92,4
1440,1,0.1,14.78,4
1441,1,0.1,15.48,4
1442,1,0.1,15.46,4
1443,1,0.1,14.3,4
1444,1,0.1,14.92,4
1445,1,0.1,13.76,4
1446,1,0.1,14.84,4
1447,1,0.1,15.54,4
1448,1,0.1,14.6,4
1449,1,0.1,15.22,4
1450,1,0.1,15.72,4
1451,1,0.1,17.34,4
1452,1,0.1,16.94,4
1453,1,0.1,16.34,4
1454,1,0.1,14.74,4
1455,1,0.1,16.26,4
1456,1,0.1,16.34,4
1457,1,0.1,16.56,4
1458,1,0.1,16.16,4
1459,1,0.1,16.68,4
1460,1,0.1,15.42,4
1461,1,0.1,15.64,4
1462,1,0.1,15.12,4
1463,1,0.1,15.28,4
1464,1,0.1,16.36,4
1465,1,0.1,16.0,4
1466,1,0.1,16.1,4
1467,1,0.1,14.78,4
1468,1,0.1,15.56,4
1469,1,0.1,14.96,4
1470,1,0.1,14.26,4
1471,1,0.1,14.24,4
1472,1,0.1,15.62,4
1473,1,0.1,16.66,4
1474,1,0.1,15.72,4
1475,1,0.1,15.92,4
1476,1,0.1,16.48,4
1477,1,0.1,15.6,4
1478,1,0.1,15.48,4
1479,1,0.1,16.78,4
1480,1,0.1,16.62,4
1481,1,0.1,15.82,4
1482,1,0.1,15.96,4
1483,1,0.1,15.2,4
1484,1,0.1,15.38,4
1485,1,0.1,15.38,4
1486,1,0.1,13.68,4
1487,1,0.1,15.42,4
1488,1,0.1,16.1,4
1489,1,0.1,14.06,4
1490,1,0.1,15.24,4
1491,1,0.1,14.86,4
1492,1,0.1,15.2,4
1493,1,0.1,15.04,4
1494,1,0.1,14.4,4
1495,1,0.1,15.16,4
1496,1,0.1,14.4,4
1497,1,0.1,14.42,4
1498,1,0.1,14.94,4
1499,1,0.1,15.22,4
1500,1,0.1,16.34,4
1501,1,0.1,15.94,4
1502,1,0.1,15.62,4
1503,1,0.1,14.88,4
1504,1,0.1,15.28,4
1505,1,0.1,15.44,4
1506,1,0.1,16.12,4
1507,1,0.1,15.88,4
1508,1,0.1,15.22,4
1509,1,0.1,15.36,4
1510,1,0.1,14.32,4
1511,1,0.1,15.12,4
1512,1,0.1,14.68,4
1513,1,0.1,14.9,4
1514,1,0.1,15.6,4
1515,1,0.1,13.84,4
1516,1,0.1,13.86,4
1517,1,0.1,15.48,4
1518,1,0.1,15.08,4
1519,1,0.1,16.14,4
1520,1,0.1,14.7,4
1521,1,0.1,13.36,4
1522,1,0.1,14.02,4
1523,1,0.1,14.34,4
1524,1,0.1,13.98,4
1525,1,0.1,15.1,4
1526,1,0.1,16.92,4
1527,1,0.1,15.52,4
1528,1,0.1,15.34,4
1529,1,0.1,16.1,4
1530,1,0.1,15.02,4
1531,1,0.1,15.22,4
1532,1,0.1,15.5,4
1533,1,0.1,16.0,4
1534,1,0.1,16.02,4
1535,1,0.1,14.34,4
1536,1,0.1,15.1,4
1537,1,0.1,15.8,4
1538,1,0.1,15.84,4
1539,1,0.1,15.22,4
1540,1,0.1,14.06,4
1541,1,0.1,13.7,4
1542,1,0.1,15.48,4
1543,1,0.1,15.32,4
1544,1,0.1,16.14,4
1545,1,0.1,15.08,4
1546,1,0.1,16.34,4
1547,1,0.1,14.16,4
1548,1,0.1,14.6,4
1549,1,0.1,14.46,4
1550,1,0.1,15.64,4
1551,1,0.1,15.28,4
1552,1,0.1,15.84,4
1553,1,0.1,16.52,4
1554,1,0.1,15.94,4
1555,1,0.1,15.36,4
1556,1,0.1,15.72,4
1557,1,0.1,15.6,4
1558,1,0.1,16.78,4
1559,1,0.1,15.86,4
1560,1,0.1,16.84,4
1561,1,0.1,16.64,4
1562,1,0.1,16.16,4
1563,1,0.1,15.52,4
1564,1,0.1,16.24,4
1565,1,0.1,15.52,4
1566,1,0.1,15.38,4
1567,1,0.1,16.32,4
1568,1,0.1,14.88,4
1569,1,0.1,15.76,4
1570,1,0.1,16.4,4
1571,1,0.1,16.06,4
1572,1,0.1,15.8,4
1573,1,0.1,14.66,4
1574,1,0.1,15.2,4
1575,1,0.1,15.3,4
1576,1,0.1,15.92,4
1577,1,0.1,16.54,4
1578,1,0.1,16.64,4
1579,1,0.1,16.64,4
1580,1,0.1,15.36,4
1581,1,0.1,14.76,4
1582,1,0.1,14.58,4
1583,1,0.1,15.0,4
1584,1,0.1,15.24,4
1585,1,0.1,15.84,4
1586,1,0.1,16.08,4
1587,1,0.1,14.92,4
1588,1,0.1,14.94,4
1589,1,0.1,15.22,4
1590,1,0.1,15.16,4
1591,1,0.1,16.48,4
1592,1,0.1,15.6,4
1593,1,0.1,15.18,4
1594,1,0.1,15.94,4
1595,1,0.1,16.12,4
1596,1,0.1,15.78,4
1597,1,0.1,15.66,4
1598,1,0.1,14.86,4
1599,1,0.1,15.86,4
1600,1,0.1,15.46,4
1601,1,0.1,16.5,4
1602,1,0.1,17.2,4
1603,1,0.1,16.18,4
1604,1,0.1,16.34,4
1605,1,0.1,14.26,4
1606,1,0.1,13.54,4
1607,1,0.1,13.82,4
1608,1,0.1,14.34,4
1609,1,0.1,15.94,4
1610,1,0.1,15.74,4
1611,1,0.1,14.74,4
1612,1,0.1,15.2,4
1613,1,0.1,15.22,4
1614,1,0.1,14.32,4
1615,1,0.1,15.24,4
1616,1,0.1,17.18,4
1617,1,0.1,15.62,4
1618,1,0.1,15.96,4
1619,1,0.1,15.2,4
1620,1,0.1,16.6,4
1621,1,0.1,15.12,4
1622,1,0.1,15.84,4
1623,1,0.1,15.88,4
1624,1,0.1,16.86,4
1625,1,0.1,15.84,4
1626,1,0.1,15.92,4
1627,1,0.1,15.06,4
1628,1,0.1,15.76,4
1629,1,0.1,16.62,4
1630,1,0.1,16.12,4
1631,1,0.1,15.24,4
1632,1,0.1,16.34,4
1633,1,0.1,15.76,4
1634,1,0.1,15.42,4
1635,1,0.1,15.48,4
1636,1,0.1,15.4,4
1637,1,0.1,16.84,4
1638,1,0.1,16.0,4
1639,1,0.1,15.56,4
1640,1,0.1,15.72,4
1641,1,0.1,15.22,4
1642,1,0.1,16.32,4
1643,1,0.1,15.94,4
1644,1,0.1,14.7,4
1645,1,0.1,16.42,4
1646,1,0.1,15.66,4
1647,1,0.1,15.84,4
1648,1,0.1,15.52,4
1649,1,0.1,14.18,4
1650,1,0.1,15.9,4
1651,1,0.1,15.74,4
1652,1,0.1,15.44,4
1653,1,0.1,14.58,4
1654,1,0.1,15.28,4
1655,1,0.1,16.4,4
1656,1,0.1,15.82,4
1657,1,0.1,14.44,4
1658,1,0.1,15.12,4
1659,1,0.1,15.32,4
1660,1,0.1,14.04,4
1661,1,0.1,14.3,4
1662,1,0.1,14.7,4
1663,1,0.1,15.68,4
1664,1,0.1,15.14,4
1665,1,0.1,14.74,4
1666,1,0.1,14.44,4
1667,1,0.1,13.98,4
1668,1,0.1,14.68,4
1669,1,0.1,14.86,4
1670,1,0.1,16.0,4
1671,1,0.1,15.62,4
1672,1,0.1,14.7,4
1673,1,0.1,15.32,4
1674,1,0.1,14.9,4
1675,1,0.1,14.8,4
1676,1,0.1,15.4,4
1677,1,0.1,15.76,4
1678,1,0.1,17.86,4
1679,1,0.1,15.22,4
1680,1,0.1,15.08,4
1681,1,0.1,15.46,4
1682,1,0.1,14.8,4
1683,1,0.1,15.78,4
1684,1,0.1,16.32,4
1685,1,0.1,15.36,4
1686,1,0.1,14.16,4
1687,1,0.1,14.68,4
1688,1,0.1,15.58,4
1689,1,0.1,15.66,4
1690,1,0.1,15.76,4
1691,1,0.1,15.62,4
1692,1,0.1,15.88,4
1693,1,0.1,14.42,4
1694,1,0.1,14.54,4
1695,1,0.1,16.5,4
1696,1,0.1,14.62,4
1697,1,0.1,16.26,4
1698,1,0.1,15.08,4
1699,1,0.1,15.24,4
1700,1,0.1,17.02,4
1701,1,0.1,15.86,4
1702,1,0.1,14.84,4
1703,1,0.1,14.82,4
1704,1,0.1,15.46,4
1705,1,0.1,13.64,4
1706,1,0.1,14.16,4
1707,1,0.1,15.3,4
1708,1,0.1,16.42,4
1709,1,0.1,16.46,4
1710,1,0.1,15.64,4
1711,1,0.1,16.48,4
1712,1,0.1,14.64,4
1713,1,0.1,15.04,4
1714,1,0.1,15.0,4
1715,1,0.1,15.64,4
1716,1,0.1,15.08,4
1717,1,0.1,15.14,4
1718,1,0.1,14.66,4
1719,1,0.1,15.8,4
1720,1,0.1,15.52,4
1721,1,0.1,15.42,4
1722,1,0.1,14.74,4
1723,1,0.1,15.28,4
1724,1,0.1,14.06,4
1725,1,0.1,15.82,4
1726,1,0.1,15.64,4
1727,1,0.1,15.52,4
1728,1,0.1,16.0,4
1729,1,0.1,15.48,4
1730,1,0.1,15.62,4
1731,1,0.1,16.28,4
1732,1,0.1,14.96,4
1733,1,0.1,15.3,4
1734,1,0.1,15.02,4
1735,1,0.1,14.52,4
1736,1,0.1,14.84,4
1737,1,0.1,15.1,4
1738,1,0.1,15.24,4
1739,1,0.1,15.94,4
1740,1,0.1,14.14,4
1741,1,0.1,15.86,4
1742,1,0.1,15.42,4
1743,1,0.1,15.26,4
1744,1,0.1,13.64,4
1745,1,0.1,14.34,4
1746,1,0.1,14.9,4
1747,1,0.1,14.3,4
1748,1,0.1,13.82,4
1749,1,0.1,14.92,4
1750,1,0.1,14.36,4
1751,1,0.1,15.46,4
1752,1,0.1,16.16,4
1753,1,0.1,15.8,4
1754,1,0.1,14.14,4
1755,1,0.1,13.88,4
1756,1,0.1,15.1,4
1757,1,0.1,15.82,4
1758,1,0.1,15.52,4
1759,1,0.1,16.62,4
1760,1,0.1,15.62,4
1761,1,0.1,14.46,4
1762,1,0.1,14.74,4
1763,1,0.1,14.98,4
1764,1,0.1,14.06,4
1765,1,0.1,14.98,4
1766,1,0.1,15.28,4
1767,1,0.1,15.6,4
1768,1,0.1,16.6,4
1769,1,0.1,16.82,4
1770,1,0.1,16.0,4
1771,1,0.1,15.36,4
1772,1,0.1,16.18,4
1773,1,0.1,15.68,4
1774,1,0.1,14.58,4
1775,1,0.1,14.96,4
1776,1,0.1,15.2,4
1777,1,0.1,14.3,4
1778,1,0.1,15.98,4
1779,1,0.1,13.82,4
1780,1,0.1,15.84,4
1781,1,0.1,15.54,4
1782,1,0.1,15.56,4
1783,1,0.1,15.84,4
1784,1,0.1,15.12,4
1785,1,0.1,15.28,4
1786,1,0.1,14.48,4
1787,1,0.1,15.8,4
1788,1,0.1,16.12,4
1789,1,0.1,15.2,4
1790,1,0.1,15.28,4
1791,1,0.1,14.88,4
1792,1,0.1,14.62,4
1793,1,0.1,15.36,4
1794,1,0.1,15.06,4
1795,1,0.1,14.04,4
1796,1,0.1,14.26,4
1797,1,0.1,14.46,4
1798,1,0.1,14.88,4
1799,1,0.1,15.28,4
1800,1,0.1,15.54,4
1801,1,0.1,16.04,4
1802,1,0.1,16.26,4
1803,1,0.1,16.46,4
1804,1,0.1,14.08,4
1805,1,0.1,15.16,4
1806,1,0.1,15.2,4
1807,1,0.1,15.42,4
1808,1,0.1,16.5,4
1809,1,0.1,15.12,4
1810,1,0.1,15.2,4
1811,1,0.1,15.6,4
1812,1,0.1,15.32,4
1813,1,0.1,14.34,4
1814,1,0.1,14.18,4
1815,1,0.1,14.76,4
1816,1,0.1,15.24,4
1817,1,0.1,15.08,4
1818,1,0.1,15.44,4
1819,1,0.1,15.74,4
1820,1,0.1,14.86,4
1821,1,0.1,14.98,4
1822,1,0.1,15.24,4
1823,1,0.1,16.04,4
1824,1,0.1,14.3,4
1825,1,0.1,15.28,4
1826,1,0.1,15.84,4
1827,1,0.1,14.44,4
1828,1,0.1,16.08,4
1829,1,0.1,16.04,4
1830,1,0.1,14.92,4
1831,1,0.1,14.6,4
1832,1,0.1,15.22,4
1833,1,0.1,14.94,4
1834,1,0.1,15.2,4
1835,1,0.1,13.4,4
1836,1,0.1,15.06,4
1837,1,0.1,14.86,4
1838,1,0.1,14.88,4
1839,1,0.1,15.22,4
1840,1,0.1,14.14,4
1841,1,0.1,14.46,4
1842,1,0.1,15.36,4
1843,1,0.1,15.7,4
1844,1,0.1,16.26,4
1845,1,0.1,17.08,4
1846,1,0.1,15.82,4
1847,1,0.1,14.4,4
1848,1,0.1,14.98,4
1849,1,0.1,15.9,4
1850,1,0.1,14.88,4
1851,1,0.1,16.22,4
1852,1,0.1,15.86,4
1853,1,0.1,15.42,4
1854,1,0.1,15.6,4
1855,1,0.1,15.2,4
1856,1,0.1,14.7,4
1857,1,0.1,15.62,4
1858,1,0.1,16.7,4
1859,1,0.1,15.64,4
1860,1,0.1,14.78,4
1861,1,0.1,15.66,4
1862,1,0.1,15.52,4
1863,1,0.1,14.66,4
1864,1,0.1,16.2,4
1865,1,0.1,14.76,4
1866,1,0.1,14.22,4
1867,1,0.1,13.78,4
1868,1,0.1,15.32,4
1869,1,0.1,16.0,4
1870,1,0.1,16.52,4
1871,1,0.1,16.76,4
1872,1,0.1,16.34,4
1873,1,0.1,16.6,4
1874,1,0.1,17.32,4
1875,1,0.1,15.44,4
1876,1,0.1,15.58,4
1877,1,0.1,16.52,4
1878,1,0.1,15.34,4
1879,1,0.1,14.82,4
1880,1,0.1,14.44,4
1881,1,0.1,14.88,4
1882,1,0.1,15.56,4
1883,1,0.1,15.14,4
1884,1,0.1,16.08,4
1885,1,0.1,14.02,4
1886,1,0.1,13.34,4
1887,1,0.1,15.38,4
1888,1,0.1,16.02,4
1889,1,0.1,16.34,4
1890,1,0.1,15.44,4
1891,1,0.1,14.22,4
1892,1,0.1,16.16,4
1893,1,0.1,16.12,4
1894,1,0.1,16.94,4
1895,1,0.1,17.2,4
1896,1,0.1,15.42,4
1897,1,0.1,14.72,4
1898,1,0.1,15.84,4
1899,1,0.1,15.2,4
1900,1,0.1,14.9,4
1901,1,0.1,15.02,4
1902,1,0.1,15.68,4
1903,1,0.1,14.94,4
1904,1,0.1,16.12,4
1905,1,0.1,15.72,4
1906,1,0.1,16.28,4
1907,1,0.1,16.2,4
1908,1,0.1,13.32,4
1909,1,0.1,14.46,4
1910,1,0.1,14.72,4
1911,1,0.1,14.88,4
1912,1,0.1,15.5,4
1913,1,0.1,16.7,4
1914,1,0.1,16.24,4
1915,1,0.1,16.26,4
1916,1,0.1,16.42,4
1917,1,0.1,15.44,4
1918,1,0.1,14.68,4
1919,1,0.1,17.5,4
1920,1,0.1,15.98,4
1921,1,0.1,15.84,4
1922,1,0.1,15.86,4
1923,1,0.1,16.14,4
1924,1,0.1,14.5,4
1925,1,0.1,15.68,4
1926,1,0.1,15.12,4
1927,1,0.1,14.44,4
1928,1,0.1,14.7,4
1929,1,0.1,16.04,4
1930,1,0.1,15.36,4
1931,1,0.1,16.58,4
1932,1,0.1,15.48,4
1933,1,0.1,15.3,4
1934,1,0.1,15.72,4
1935,1,0.1,15.74,4
1936,1,0.1,14.98,4
1937,1,0.1,15.76,4
1938,1,0.1,15.74,4
1939,1,0.1,15.82,4
1940,1,0.1,15.08,4
1941,1,0.1,14.12,4
1942,1,0.1,14.78,4
1943,1,0.1,14.56,4
1944,1,0.1,15.8,4
1945,1,0.1,15.76,4
1946,1,0.1,14.54,4
1947,1,0.1,15.16,4
1948,1,0.1,16.28,4
1949,1,0.1,16.32,4
1950,1,0.1,14.84,4
1951,1,0.1,15.78,4
1952,1,0.1,14.82,4
1953,1,0.1,14.78,4
1954,1,0.1,16.48,4
1955,1,0.1,16.4,4
1956,1,0.1,16.0,4
1957,1,0.1,14.92,4
1958,1,0.1,15.2,4
1959,1,0.1,14.9,4
1960,1,0.1,16.04,4
1961,1,0.1,14.86,4
1962,1,0.1,15.52,4
1963,1,0.1,14.96,4
1964,1,0.1,14.46,4
1965,1,0.1,14.84,4
1966,1,0.1,14.44,4
1967,1,0.1,13.84,4
1968,1,0.1,16.14,4
1969,1,0.1,15.88,4
1970,1,0.1,13.7,4
1971,1,0.1,15.82,4
1972,1,0.1,16.3,4
1973,1,0.1,15.94,4
1974,1,0.1,15.8,4
1975,1,0.1,15.08,4
1976,1,0.1,14.96,4
1977,1,0.1,16.04,4
1978,1,0.1,16.56,4
1979,1,0.1,14.22,4
1980,1,0.1,16.04,4
1981,1,0.1,16.12,4
1982,1,0.1,15.82,4
1983,1,0.1,14.98,4
1984,1,0.1,15.48,4
1985,1,0.1,14.62,4
1986,1,0.1,14.98,4
1987,1,0.1,15.22,4
1988,1,0.1,14.62,4
1989,1,0.1,15.4,4
1990,1,0.1,15.16,4
1991,1,0.1,17.14,4
1992,1,0.1,14.24,4
1993,1,0.1,14.72,4
1994,1,0.1,13.94,4
1995,1,0.1,14.66,4
1996,1,0.1,15.2,4
1997,1,0.1,14.98,4
1998,1,0.1,16.08,4
1999,1,0.1,14.54,4
2000,1,0.1,15.16,4
0,2,0.1,57.54,44
1,2,0.1,50.94,42
2,2,0.1,47.06,38
3,2,0.1,43.32,36
4,2,0.1,41.36,33
5,2,0.1,39.78,32
6,2,0.1,38.44,30
7,2,0.1,35.06,26
8,2,0.1,33.78,24
9,2,0.1,29.58,23
10,2,0.1,30.68,23
11,2,0.1,29.84,23
12,2,0.1,30.5,23
13,2,0.1,29.7,23
14,2,0.1,28.98,23
15,2,0.1,30.24,23
16,2,0.1,29.62,23
17,2,0.1,29.26,21
18,2,0.1,28.74,21
19,2,0.1,28.56,18
20,2,0.1,27.46,18
21,2,0.1,26.6,17
22,2,0.1,25.76,17
23,2,0.1,23.66,17
24,2,0.1,25.64,17
25,2,0.1,24.42,17
26,2,0.1,24.82,17
27,2,0.1,25.04,17
28,2,0.1,26.02,17
29,2,0.1,25.14,17
30,2,0.1,25.6,17
31,2,0.1,25.7,17
32,2,0.1,25.74,17
33,2,0.1,25.28,17
34,2,0.1,24.58,16
35,2,0.1,23.36,14
36,2,0.1,23.44,14
37,2,0.1,23.16,14
38,2,0.1,23.7,14
39,2,0.1,22.74,14
40,2,0.1,22.8,14
41,2,0.1,23.88,14
42,2,0.1,22.88,14
43,2,0.1,22.68,14
44,2,0.1,21.26,14
45,2,0.1,23.42,14
46,2,0.1,22.54,14
47,2,0.1,23.74,14
48,2,0.1,22.38,14
49,2,0.1,22.72,14
50,2,0.1,24.36,14
51,2,0.1,23.18,14
52,2,0.1,22.12,14
53,2,0.1,22.74,14
54,2,0.1,23.56,14
55,2,0.1,24.46,14
56,2,0.1,22.94,14
57,2,0.1,24.38,14
58,2,0.1,24.46,14
59,2,0.1,24.3,14
60,2,0.1,23.06,13
61,2,0.1,22.04,13
62,2,0.1,22.34,13
63,2,0.1,21.94,13
64,2,0.1,22.48,13
65,2,0.1,22.18,13
66,2,0.1,21.62,13
67,2,0.1,23.88,13
68,2,0.1,22.5,13
69,2,0.1,22.02,13
70,2,0.1,22.54,13
71,2,0.1,24.34,13
72,2,0.1,21.8,13
73,2,0.1,22.14,13
74,2,0.1,22.38,13
75,2,0.1,21.26,13
76,2,0.1,22.64,13
77,2,0.1,21.44,13
78,2,0.1,22.58,13
79,2,0.1,23.42,13
80,2,0.1,22.46,13
81,2,0.1,21.72,13
82,2,0.1,21.6,13
83,2,0.1,21.4,13
84,2,0.1,22.2,13
85,2,0.1,22.74,12
86,2,0.1,22.46,12
87,2,0.1,22.94,12
88,2,0.1,20.04,12
89,2,0.1,21.0,12
90,2,0.1,23.02,12
91,2,0.1,22.44,12
92,2,0.1,21.6,12
93,2,0.1,22.14,12
94,2,0.1,21.76,12
95,2,0.1,21.6,12
96,2,0.1,20.18,12
97,2,0.1,20.22,11
98,2,0.1,21.2,11
99,2,0.1,20.9,11
100,2,0.1,19.7,9
101,2,0.1,19.22,9
102,2,0.1,20.3,9
103,2,0.1,21.64,9
104,2,0.1,19.98,9
105,2,0.1,21.06,9
106,2,0.1,19.56,9
107,2,0.1,20.28,9
108,2,0.1,20.34,9
109,2,0.1,19.5,9
110,2,0.1,19.6,9
111,2,0.1,19.28,9
112,2,0.1,18.4,9
113,2,0.1,17.82,8
114,2,0.1,19.32,8
115,2,0.1,18.12,8
116,2,0.1,18.24,8
117,2,0.1,17.1,8
118,2,0.1,17.26,8
119,2,0.1,17.28,8
120,2,0.1,18.46,8
121,2,0.1,19.74,8
122,2,0.1,18.7,8
123,2,0.1,17.22,8
124,2,0.1,17.7,8
125,2,0.1,18.98,8
126,2,0.1,17.2,8
127,2,0.1,18.8,8
128,2,0.1,18.12,8
129,2,0.1,20.3,8
130,2,0.1,18.4,8
131,2,0.1,18.58,8
132,2,0.1,17.5,8
133,2,0.1,18.24,8
134,2,0.1,17.64,8
135,2,0.1,17.26,8
136,2,0.1,18.7,8
137,2,0.1,18.74,8
138,2,0.1,18.58,8
139,2,0.1,18.34,8
140,2,0.1,20.12,8
141,2,0.1,18.78,8
142,2,0.1,17.74,8
143,2,0.1,19.06,8
144,2,0.1,19.26,8
145,2,0.1,17.7,8
146,2,0.1,18.2,8
147,2,0.1,18.42,8
148,2,0.1,19.52,8
149,2,0.1,18.52,8
150,2,0.1,18.32,8
151,2,0.1,17.62,8
152,2,0.1,18.62,8
153,2,0.1,19.0,8
154,2,0.1,18.4,8
155,2,0.1,19.66,8
156,2,0.1,19.14,8
157,2,0.1,18.62,8
158,2,0.1,18.2,8
159,2,0.1,17.88,8
160,2,0.1,17.6,8
161,2,0.1,16.54,8
162,2,0.1,17.54,8
163,2,0.1,19.16,8
164,2,0.1,18.64,8
165,2,0.1,18.04,8
166,2,0.1,18.98,8
167,2,0.1,20.02,8
168,2,0.1,18.56,8
169,2,0.1,18.86,8
170,2,0.1,19.06,8
171,2,0.1,16.72,8
172,2,0.1,17.6,8
173,2,0.1,18.2,8
174,2,0.1,17.22,8
175,2,0.1,18.04,8
176,2,0.1,17.54,8
177,2,0.1,18.52,8
178,2,0.1,18.76,8
179,2,0.1,20.54,8
180,2,0.1,17.44,8
181,2,0.1,17.96,8
182,2,0.1,18.44,8
183,2,0.1,17.06,8
184,2,0.1,18.56,8
185,2,0.1,18.7,8
186,2,0.1,17.76,8
187,2,0.1,17.34,8
188,2,0.1,19.08,8
189,2,0.1,18.22,8
190,2,0.1,17.28,8
191,2,0.1,18.32,8
192,2,0.1,19.3,8
193,2,0.1,18.52,8
194,2,0.1,18.86,8
195,2,0.1,18.7,8
196,2,0.1,18.2,8
197,2,0.1,19.02,8
198,2,0.1,18.98,8
199,2,0.1,19.88,8
200,2,0.1,18.94,8
201,2,0.1,19.64,8
202,2,0.1,19.34,8
203,2,0.1,19.94,8
204,2,0.1,18.56,8
205,2,0.1,19.48,8
206,2,0.1,18.66,8
207,2,0.1,16.28,8
208,2,0.1,17.7,8
209,2,0.1,18.34,8
210,2,0.1,17.8,8
211,2,0.1,18.84,8
212,2,0.1,17.38,8
213,2,0.1,18.36,8
214,2,0.1,19.1,8
215,2,0.1,18.82,8
216,2,0.1,18.1,8
217,2,0.1,19.5,8
218,2,0.1,19.04,8
219,2,0.1,19.36,8
220,2,0.1,19.54,8
221,2,0.1,18.22,8
222,2,0.1,18.64,8
223,2,0.1,17.8,8
224,2,0.1,19.3,8
225,2,0.1,19.84,8
226,2,0.1,18.22,8
227,2,0.1,18.64,8
228,2,0.1,17.46,8
229,2,0.1,17.48,8
230,2,0.1,18.0,8
231,2,0.1,18.58,8
232,2,0.1,17.88,8
233,2,0.1,17.04,8
234,2,0.1,17.46,8
235,2,0.1,18.54,8
236,2,0.1,18.56,8
237,2,0.1,17.9,8
238,2,0.1,18.04,8
239,2,0.1,18.0,8
240,2,0.1,17.38,8
241,2,0.1,17.78,8
242,2,0.1,17.74,8
243,2,0.1,18.4,8
244,2,0.1,17.5,8
245,2,0.1,18.38,8
246,2,0.1,17.94,8
247,2,0.1,18.78,8
248,2,0.1,18.34,8
249,2,0.1,18.26,8
250,2,0.1,18.5,8
251,2,0.1,19.96,8
252,2,0.1,18.36,8
253,2,0.1,19.36,8
254,2,0.1,18.26,8
255,2,0.1,18.86,8
256,2,0.1,17.68,8
257,2,0.1,17.82,8
258,2,0.1,18.38,8
259,2,0.1,17.64,8
260,2,0.1,19.12,8
261,2,0.1,17.82,8
262,2,0.1,17.66,8
263,2,0.1,18.62,8
264,2,0.1,18.8,8
265,2,0.1,18.12,8
266,2,0.1,18.92,8
267,2,0.1,17.98,8
268,2,0.1,17.88,8
269,2,0.1,18.06,8
270,2,0.1,17.86,8
271,2,0.1,19.14,8
272,2,0.1,18.66,8
273,2,0.1,18.42,8
274,2,0.1,18.22,8
275,2,0.1,19.12,8
276,2,0.1,19.36,8
277,2,0.1,17.86,8
278,2,0.1,18.54,8
279,2,0.1,18.04,8
280,2,0.1,18.64,8
281,2,0.1,17.82,8
282,2,0.1,17.62,8
283,2,0.1,18.6,8
284,2,0.1,17.66,8
285,2,0.1,19.48,8
286,2,0.1,18.0,8
287,2,0.1,18.38,8
288,2,0.1,17.32,8
289,2,0.1,18.64,8
290,2,0.1,18.34,8
291,2,0.1,17.72,8
292,2,0.1,18.8,8
293,2,0.1,18.42,8
294,2,0.1,17.56,8
295,2,0.1,18.24,8
296,2,0.1,16.66,8
297,2,0.1,18.6,8
298,2,0.1,18.72,8
299,2,0.1,17.98,8
300,2,0.1,17.92,8
301,2,0.1,16.8,8
302,2,0.1,18.6,8
303,2,0.1,19.7,8
304,2,0.1,17.94,8
305,2,0.1,18.78,8
306,2,0.1,18.96,8
307,2,0.1,18.28,8
308,2,0.1,17.7,8
309,2,0.1,17.02,8
310,2,0.1,18.3,8
311,2,0.1,19.04,8
312,2,0.1,17.86,8
313,2,0.1,17.54,8
314,2,0.1,16.94,8
315,2,0.1,18.14,8
316,2,0.1,17.34,8
317,2,0.1,17.62,8
318,2,0.1,17.62,8
319,2,0.1,18.12,8
320,2,0.1,19.04,8
321,2,0.1,18.98,8
322,2,0.1,18.08,8
323,2,0.1,19.34,8
324,2,0.1,19.06,8
325,2,0.1,19.16,8
326,2,0.1,18.06,8
327,2,0.1,19.14,8
328,2,0.1,18.34,8
329,2,0.1,17.64,8
330,2,0.1,18.36,8
331,2,0.1,17.78,8
332,2,0.1,18.88,8
333,2,0.1,18.42,8
334,2,0.1,18.16,8
335,2,0.1,17.28,8
336,2,0.1,17.04,8
337,2,0.1,17.52,8
338,2,0.1,18.6,8
339,2,0.1,17.12,8
340,2,0.1,18.38,8
341,2,0.1,18.24,8
342,2,0.1,18.88,8
343,2,0.1,18.62,8
344,2,0.1,18.04,8
345,2,0.1,17.92,8
346,2,0.1,18.68,8
347,2,0.1,17.72,8
348,2,0.1,18.08,8
349,2,0.1,18.88,8
350,2,0.1,17.78,8
351,2,0.1,18.14,7
352,2,0.1,16.74,7
353,2,0.1,16.16,7
354,2,0.1,18.22,7
355,2,0.1,19.58,7
356,2,0.1,18.22,7
357,2,0.1,17.94,7
358,2,0.1,17.16,7
359,2,0.1,17.52,7
360,2,0.1,18.3,7
361,2,0.1,18.28,7
362,2,0.1,18.06,7
363,2,0.1,17.84,7
364,2,0.1,19.42,7
365,2,0.1,16.3,7
366,2,0.1,16.76,7
367,2,0.1,17.18,7
368,2,0.1,18.18,7
369,2,0.1,18.76,7
370,2,0.1,18.2,7
371,2,0.1,17.92,7
372,2,0.1,18.38,7
373,2,0.1,17.44,7
374,2,0.1,16.98,7
375,2,0.1,19.04,7
376,2,0.1,18.54,7
377,2,0.1,17.08,7
378,2,0.1,17.7,7
379,2,0.1,17.22,7
380,2,0.1,18.28,7
381,2,0.1,17.36,7
382,2,0.1,16.86,7
383,2,0.1,16.22,7
384,2,0.1,17.1,7
385,2,0.1,18.04,7
386,2,0.1,17.26,7
387,2,0.1,16.94,7
388,2,0.1,17.78,7
389,2,0.1,17.64,7
390,2,0.1,18.18,7
391,2,0.1,18.36,7
392,2,0.1,17.16,7
393,2,0.1,17.36,7
394,2,0.1,19.06,7
395,2,0.1,17.9,7
396,2,0.1,17.34,7
397,2,0.1,16.34,7
398,2,0.1,17.14,7
399,2,0.1,17.24,7
400,2,0.1,17.6,7
401,2,0.1,18.44,7
402,2,0.1,17.38,7
403,2,0.1,17.16,7
404,2,0.1,18.94,7
405,2,0.1,17.1,7
406,2,0.1,18.02,7
407,2,0.1,15.54,7
408,2,0.1,16.9,7
409,2,0.1,16.64,7
410,2,0.1,16.46,7
411,2,0.1,17.74,7
412,2,0.1,16.76,7
413,2,0.1,19.32,7
414,2,0.1,17.18,7
415,2,0.1,19.02,7
416,2,0.1,17.76,7
417,2,0.1,17.7,7
418,2,0.1,17.62,7
419,2,0.1,16.46,7
420,2,0.1,18.6,7
421,2,0.1,18.32,7
422,2,0.1,17.74,7
423,2,0.1,16.86,7
424,2,0.1,17.64,7
425,2,0.1,17.0,7
426,2,0.1,18.02,7
427,2,0.1,17.14,7
428,2,0.1,18.76,7
429,2,0.1,17.26,7
430,2,0.1,17.94,7
431,2,0.1,17.72,7
432,2,0.1,17.22,7
433,2,0.1,16.3,7
434,2,0.1,17.94,7
435,2,0.1,16.34,7
436,2,0.1,16.64,7
437,2,0.1,16.7,7
438,2,0.1,17.04,7
439,2,0.1,17.68,7
440,2,0.1,18.12,7
441,2,0.1,17.26,7
442,2,0.1,16.1,7
443,2,0.1,16.74,7
444,2,0.1,17.56,7
445,2,0.1,17.78,7
446,2,0.1,19.26,7
447,2,0.1,17.52,7
448,2,0.1,16.44,7
449,2,0.1,17.22,7
450,2,0.1,16.9,7
451,2,0.1,16.14,7
452,2,0.1,16.52,7
453,2,0.1,17.2,7
454,2,0.1,17.82,7
455,2,0.1,18.8,7
456,2,0.1,17.04,7
457,2,0.1,17.08,7
458,2,0.1,17.6,7
459,2,0.1,16.26,7
460,2,0.1,18.04,7
461,2,0.1,17.26,7
462,2,0.1,18.22,7
463,2,0.1,19.1,7
464,2,0.1,16.56,7
465,2,0.1,16.58,7
466,2,0.1,17.1,7
467,2,0.1,17.76,7
468,2,0.1,17.86,7
469,2,0.1,18.92,7
470,2,0.1,17.96,7
471,2,0.1,17.38,7
472,2,0.1,18.18,7
473,2,0.1,18.42,7
474,2,0.1,16.36,7
475,2,0.1,18.4,7
476,2,0.1,17.34,7
477,2,0.1,16.32,7
478,2,0.1,16.1,7
479,2,0.1,15.86,7
480,2,0.1,17.14,7
481,2,0.1,18.06,7
482,2,0.1,17.78,7
483,2,0.1,17.82,7
484,2,0.1,19.16,7
485,2,0.1,17.3,7
486,2,0.1,17.78,7
487,2,0.1,18.16,7
488,2,0.1,16.7,7
489,2,0.1,18.76,7
490,2,0.1,17.04,7
491,2,0.1,17.72,7
492,2,0.1,16.9,7
493,2,0.1,16.2,7
494,2,0.1,16.62,7
495,2,0.1,16.94,7
496,2,0.1,17.42,7
497,2,0.1,18.86,7
498,2,0.1,17.84,7
499,2,0.1,17.68,7
500,2,0.1,17.54,7
501,2,0.1,16.24,7
502,2,0.1,16.66,7
503,2,0.1,16.9,7
504,2,0.1,17.9,6
505,2,0.1,16.94,6
506,2,0.1,15.62,6
507,2,0.1,16.4,6
508,2,0.1,17.04,6
509,2,0.1,16.36,6
510,2,0.1,17.52,6
511,2,0.1,17.68,6
512,2,0.1,18.7,6
513,2,0.1,17.56,6
514,2,0.1,16.82,6
515,2,0.1,18.18,6
516,2,0.1,17.26,6
517,2,0.1,16.54,6
518,2,0.1,18.02,6
519,2,0.1,17.12,6
520,2,0.1,16.54,6
521,2,0.1,17.68,6
522,2,0.1,17.42,6
523,2,0.1,16.04,6
524,2,0.1,16.9,6
525,2,0.1,16.74,6
526,2,0.1,17.3,6
527,2,0.1,15.76,6
528,2,0.1,15.94,6
529,2,0.1,16.64,6
530,2,0.1,17.34,6
531,2,0.1,17.34,6
532,2,0.1,16.56,6
533,2,0.1,15.48,6
534,2,0.1,17.22,6
535,2,0.1,16.36,6
536,2,0.1,15.52,6
537,2,0.1,16.66,6
538,2,0.1,16.28,6
539,2,0.1,16.72,6
540,2,0.1,17.14,6
541,2,0.1,17.0,6
542,2,0.1,15.1,6
543,2,0.1,16.22,6
544,2,0.1,16.98,6
545,2,0.1,16.92,6
546,2,0.1,17.5,6
547,2,0.1,16.76,6
548,2,0.1,17.06,6
549,2,0.1,16.66,6
550,2,0.1,16.54,6
551,2,0.1,16.72,6
552,2,0.1,17.0,6
553,2,0.1,17.34,6
554,2,0.1,18.7,6
555,2,0.1,17.3,6
556,2,0.1,15.72,6
557,2,0.1,17.66,6
558,2,0.1,18.3,6
559,2,0.1,15.92,6
560,2,0.1,17.74,6
561,2,0.1,17.18,6
562,2,0.1,17.24,6
563,2,0.1,17.1,6
564,2,0.1,16.54,6
565,2,0.1,17.24,6
566,2,0.1,16.28,6
567,2,0.1,16.42,6
568,2,0.1,16.66,6
569,2,0.1,16.92,6
570,2,0.1,16.58,6
571,2,0.1,17.5,6
572,2,0.1,16.78,6
573,2,0.1,17.22,6
574,2,0.1,16.02,6
575,2,0.1,16.28,6
576,2,0.1,17.92,6
577,2,0.1,17.8,6
578,2,0.1,17.48,6
579,2,0.1,18.1,6
580,2,0.1,17.4,6
581,2,0.1,17.16,6
582,2,0.1,16.96,6
583,2,0.1,17.28,6
584,2,0.1,16.86,6
585,2,0.1,16.46,6
586,2,0.1,17.36,6
587,2,0.1,17.86,6
588,2,0.1,17.52,6
589,2,0.1,16.42,6
590,2,0.1,16.7,6
591,2,0.1,16.96,6
592,2,0.1,16.84,6
593,2,0.1,16.04,6
594,2,0.1,15.68,6
595,2,0.1,15.76,6
596,2,0.1,16.68,6
597,2,0.1,16.14,6
598,2,0.1,17.56,6
599,2,0.1,18.72,6
600,2,0.1,16.9,6
601,2,0.1,17.12,6
602,2,0.1,16.68,6
603,2,0.1,17.24,6
604,2,0.1,17.12,6
605,2,0.1,17.04,6
606,2,0.1,16.64,6
607,2,0.1,17.74,6
608,2,0.1,17.08,6
609,2,0.1,17.32,6
610,2,0.1,16.24,6
611,2,0.1,16.42,6
612,2,0.1,15.78,6
613,2,0.1,16.26,6
614,2,0.1,15.84,6
615,2,0.1,16.26,6
616,2,0.1,17.64,6
617,2,0.1,17.66,6
618,2,0.1,16.2,6
619,2,0.1,16.08,6
620,2,0.1,16.7,6
621,2,0.1,16.62,6
622,2,0.1,16.58,6
623,2,0.1,16.78,6
624,2,0.1,18.04,6
625,2,0.1,17.32,6
626,2,0.1,16.32,6
627,2,0.1,16.44,6
628,2,0.1,16.06,6
629,2,0.1,16.48,6
630,2,0.1,17.46,6
631,2,0.1,17.08,6
632,2,0.1,17.82,6
633,2,0.1,15.24,6
634,2,0.1,17.24,6
635,2,0.1,16.3,6
636,2,0.1,16.32,6
637,2,0.1,17.14,6
638,2,0.1,16.26,6
639,2,0.1,17.14,6
640,2,0.1,16.48,6
641,2,0.1,17.02,6
642,2,0.1,17.38,6
643,2,0.1,17.8,6
644,2,0.1,16.34,6
645,2,0.1,16.16,6
646,2,0.1,16.74,6
647,2,0.1,16.38,6
648,2,0.1,16.34,6
649,2,0.1,17.62,6
650,2,0.1,18.04,6
651,2,0.1,16.68,6
652,2,0.1,16.86,6
653,2,0.1,17.06,6
654,2,0.1,16.0,6
655,2,0.1,16.98,6
656,2,0.1,15.44,6
657,2,0.1,17.24,6
658,2,0.1,17.12,6
659,2,0.1,16.38,6
660,2,0.1,16.6,6
661,2,0.1,16.06,6
662,2,0.1,16.66,6
663,2,0.1,16.48,6
664,2,0.1,16.64,6
665,2,0.1,15.16,6
666,2,0.1,17.04,6
667,2,0.1,17.18,6
668,2,0.1,15.86,6
669,2,0.1,17.08,6
670,2,0.1,15.74,6
671,2,0.1,17.16,6
672,2,0.1,18.4,6
673,2,0.1,15.98,6
674,2,0.1,16.22,6
675,2,0.1,15.88,6
676,2,0.1,15.86,6
677,2,0.1,16.16,6
678,2,0.1,16.64,6
679,2,0.1,16.2,6
680,2,0.1,18.0,6
681,2,0.1,17.54,6
682,2,0.1,18.06,6
683,2,0.1,16.66,6
684,2,0.1,18.0,6
685,2,0.1,18.98,6
686,2,0.1,18.64,6
687,2,0.1,17.84,6
688,2,0.1,16.58,6
689,2,0.1,17.9,6
690,2,0.1,16.22,6
691,2,0.1,16.02,6
692,2,0.1,17.42,6
693,2,0.1,16.42,6
694,2,0.1,16.62,6
695,2,0.1,16.72,6
696,2,0.1,16.6,6
697,2,0.1,15.82,6
698,2,0.1,17.28,6
699,2,0.1,16.1,6
700,2,0.1,17.36,6
701,2,0.1,15.52,6
702,2,0.1,16.72,6
703,2,0.1,16.24,6
704,2,0.1,18.64,6
705,2,0.1,18.0,6
706,2,0.1,16.68,6
707,2,0.1,18.64,6
708,2,0.1,17.34,6
709,2,0.1,17.24,6
710,2,0.1,15.84,6
711,2,0.1,16.22,6
712,2,0.1,17.36,6
713,2,0.1,17.52,6
714,2,0.1,17.62,6
715,2,0.1,17.92,6
716,2,0.1,19.52,6
717,2,0.1,17.22,6
718,2,0.1,17.08,6
719,2,0.1,16.8,6
720,2,0.1,17.06,6
721,2,0.1,17.32,6
722,2,0.1,16.92,6
723,2,0.1,15.82,6
724,2,0.1,17.68,6
725,2,0.1,16.36,6
726,2,0.1,16.94,6
727,2,0.1,16.68,6
728,2,0.1,16.42,6
729,2,0.1,16.8,6
730,2,0.1,17.5,6
731,2,0.1,17.18,6
732,2,0.1,16.42,6
733,2,0.1,17.7,6
734,2,0.1,16.36,6
735,2,0.1,17.78,6
736,2,0.1,19.2,6
737,2,0.1,16.74,6
738,2,0.1,15.98,6
739,2,0.1,16.52,6
740,2,0.1,16.62,6
741,2,0.1,17.46,6
742,2,0.1,16.5,6
743,2,0.1,17.04,6
744,2,0.1,16.22,6
745,2,0.1,17.08,6
746,2,0.1,17.32,6
747,2,0.1,15.84,6
748,2,0.1,16.6,6
749,2,0.1,16.04,6
750,2,0.1,17.08,6
751,2,0.1,16.88,6
752,2,0.1,18.22,6
753,2,0.1,16.54,6
754,2,0.1,15.86,6
755,2,0.1,16.56,6
756,2,0.1,16.9,6
757,2,0.1,16.7,6
758,2,0.1,18.1,6
759,2,0.1,17.74,6
760,2,0.1,17.94,6
761,2,0.1,17.8,6
762,2,0.1,17.4,6
763,2,0.1,15.9,6
764,2,0.1,17.14,6
765,2,0.1,16.12,6
766,2,0.1,15.82,6
767,2,0.1,16.72,6
768,2,0.1,17.6,6
769,2,0.1,17.36,6
770,2,0.1,16.48,6
771,2,0.1,17.08,6
772,2,0.1,18.2,6
773,2,0.1,16.56,6
774,2,0.1,15.8,6
775,2,0.1,16.06,6
776,2,0.1,15.58,6
777,2,0.1,16.58,6
778,2,0.1,17.06,6
779,2,0.1,16.14,6
780,2,0.1,15.38,6
781,2,0.1,16.96,6
782,2,0.1,18.0,6
783,2,0.1,17.76,6
784,2,0.1,17.28,6
785,2,0.1,16.26,6
786,2,0.1,16.56,6
787,2,0.1,17.42,6
788,2,0.1,17.26,6
789,2,0.1,16.3,6
790,2,0.1,16.96,6
791,2,0.1,17.56,5
792,2,0.1,17.68,5
793,2,0.1,16.7,5
794,2,0.1,15.56,5
795,2,0.1,16.3,5
796,2,0.1,16.4,5
797,2,0.1,16.92,5
798,2,0.1,17.62,5
799,2,0.1,16.66,5
800,2,0.1,17.04,5
801,2,0.1,15.92,5
802,2,0.1,16.0,5
803,2,0.1,16.24,5
804,2,0.1,14.34,5
805,2,0.1,16.78,5
806,2,0.1,17.08,5
807,2,0.1,17.5,5
808,2,0.1,15.42,5
809,2,0.1,14.58,5
810,2,0.1,16.52,5
811,2,0.1,14.66,5
812,2,0.1,16.38,5
813,2,0.1,15.12,5
814,2,0.1,16.38,5
815,2,0.1,16.82,5
816,2,0.1,16.74,5
817,2,0.1,16.12,5
818,2,0.1,17.66,5
819,2,0.1,17.34,5
820,2,0.1,18.46,5
821,2,0.1,16.24,5
822,2,0.1,16.44,5
823,2,0.1,16.74,5
824,2,0.1,16.48,5
825,2,0.1,16.62,5
826,2,0.1,15.6,5
827,2,0.1,14.7,5
828,2,0.1,15.24,5
829,2,0.1,16.42,5
830,2,0.1,15.42,5
831,2,0.1,17.36,5
832,2,0.1,16.9,5
833,2,0.1,16.4,5
834,2,0.1,15.74,5
835,2,0.1,16.62,5
836,2,0.1,15.88,5
837,2,0.1,15.38,5
838,2,0.1,15.6,5
839,2,0.1,15.18,5
840,2,0.1,16.4,5
841,2,0.1,15.76,5
842,2,0.1,15.28,5
843,2,0.1,15.32,5
844,2,0.1,16.8,5
845,2,0.1,16.94,5
846,2,0.1,15.52,5
847,2,0.1,16.58,5
848,2,0.1,15.72,5
849,2,0.1,17.2,5
850,2,0.1,15.64,5
851,2,0.1,15.7,5
852,2,0.1,17.06,5
853,2,0.1,15.1,5
854,2,0.1,15.48,5
855,2,0.1,15.16,5
856,2,0.1,15.36,5
857,2,0.1,16.16,5
858,2,0.1,16.6,5
859,2,0.1,16.58,5
860,2,0.1,16.2,5
861,2,0.1,15.62,5
862,2,0.1,16.08,5
863,2,0.1,16.8,5
864,2,0.1,17.36,5
865,2,0.1,16.8,5
866,2,0.1,16.5,5
867,2,0.1,15.02,5
868,2,0.1,15.94,5
869,2,0.1,15.62,5
870,2,0.1,15.86,5
871,2,0.1,15.88,5
872,2,0.1,16.06,5
873,2,0.1,15.78,5
874,2,0.1,16.28,5
875,2,0.1,17.72,5
876,2,0.1,16.94,5
877,2,0.1,17.22,5
878,2,0.1,16.0,5
879,2,0.1,15.76,5
880,2,0.1,16.58,5
881,2,0.1,15.82,5
882,2,0.1,15.76,5
883,2,0.1,16.68,5
884,2,0.1,16.5,5
885,2,0.1,17.36,5
886,2,0.1,16.14,5
887,2,0.1,16.66,5
888,2,0.1,17.22,5
889,2,0.1,17.48,5
890,2,0.1,15.8,5
891,2,0.1,14.86,5
892,2,0.1,16.54,5
893,2,0.1,15.06,5
894,2,0.1,16.6,5
895,2,0.1,17.12,5
896,2,0.1,16.14,5
897,2,0.1,16.48,5
898,2,0.1,15.4,5
899,2,0.1,16.72,5
900,2,0.1,17.5,5
901,2,0.1,17.16,5
902,2,0.1,16.3,5
903,2,0.1,17.04,5
904,2,0.1,16.28,5
905,2,0.1,16.94,5
906,2,0.1,15.32,5
907,2,0.1,15.62,5
908,2,0.1,15.46,5
909,2,0.1,16.54,5
910,2,0.1,16.84,5
911,2,0.1,15.34,5
912,2,0.1,16.22,5
913,2,0.1,16.04,5
914,2,0.1,16.36,5
915,2,0.1,16.32,5
916,2,0.1,15.28,5
917,2,0.1,15.02,5
918,2,0.1,16.18,5
919,2,0.1,16.36,5
920,2,0.1,14.98,5
921,2,0.1,15.18,5
922,2,0.1,16.56,5
923,2,0.1,16.1,5
924,2,0.1,14.56,5
925,2,0.1,15.84,5
926,2,0.1,17.84,5
927,2,0.1,16.62,5
928,2,0.1,17.18,5
929,2,0.1,16.4,5
930,2,0.1,14.7,5
931,2,0.1,15.98,5
932,2,0.1,15.42,5
933,2,0.1,15.36,5
934,2,0.1,15.28,5
935,2,0.1,15.72,5
936,2,0.1,15.88,5
937,2,0.1,17.14,5
938,2,0.1,16.04,5
939,2,0.1,15.64,5
940,2,0.1,15.34,5
941,2,0.1,16.42,5
942,2,0.1,17.38,5
943,2,0.1,17.74,5
944,2,0.1,16.14,5
945,2,0.1,16.74,5
946,2,0.1,16.0,5
947,2,0.1,16.48,5
948,2,0.1,16.16,5
949,2,0.1,16.0,5
950,2,0.1,17.34,5
951,2,0.1,16.86,5
952,2,0.1,17.36,5
953,2,0.1,17.42,5
954,2,0.1,16.4,5
955,2,0.1,15.42,5
956,2,0.1,15.94,5
957,2,0.1,16.52,5
958,2,0.1,16.06,5
959,2,0.1,16.44,5
960,2,0.1,14.78,5
961,2,0.1,16.1,5
962,2,0.1,16.36,5
963,2,0.1,15.76,5
964,2,0.1,15.48,5
965,2,0.1,16.38,5
966,2,0.1,16.6,5
967,2,0.1,18.52,5
968,2,0.1,16.7,5
969,2,0.1,16.06,5
970,2,0.1,15.76,5
971,2,0.1,16.36,5
972,2,0.1,15.48,5
973,2,0.1,16.82,5
974,2,0.1,16.08,5
975,2,0.1,16.2,5
976,2,0.1,15.5,5
977,2,0.1,15.82,5
978,2,0.1,15.42,5
979,2,0.1,15.52,5
980,2,0.1,15.32,5
981,2,0.1,16.82,5
982,2,0.1,16.74,5
983,2,0.1,15.36,5
984,2,0.1,15.94,5
985,2,0.1,15.56,5
986,2,0.1,16.04,5
987,2,0.1,16.66,5
988,2,0.1,16.88,5
989,2,0.1,15.38,5
990,2,0.1,16.78,5
991,2,0.1,15.32,5
992,2,0.1,15.44,5
993,2,0.1,15.1,5
994,2,0.1,15.72,5
995,2,0.1,16.2,5
996,2,0.1,16.72,5
997,2,0.1,15.8,5
998,2,0.1,17.1,5
999,2,0.1,16.72,5
1000,2,0.1,17.08,5
1001,2,0.1,17.72,5
1002,2,0.1,15.4,5
1003,2,0.1,16.28,5
1004,2,0.1,15.88,5
1005,2,0.1,15.28,5
1006,2,0.1,15.54,5
1007,2,0.1,15.28,5
1008,2,0.1,16.3,5
1009,2,0.1,16.3,5
1010,2,0.1,15.88,5
1011,2,0.1,14.94,5
1012,2,0.1,15.68,5
1013,2,0.1,16.3,5
1014,2,0.1,15.88,5
1015,2,0.1,17.48,5
1016,2,0.1,16.76,5
1017,2,0.1,16.64,5
1018,2,0.1,16.9,5
1019,2,0.1,15.94,5
1020,2,0.1,15.32,5
1021,2,0.1,15.42,5
1022,2,0.1,15.3,5
1023,2,0.1,15.4,5
1024,2,0.1,15.0,5
1025,2,0.1,16.74,5
1026,2,0.1,17.98,5
1027,2,0.1,15.74,5
1028,2,0.1,15.74,5
1029,2,0.1,15.06,5
1030,2,0.1,16.62,5
1031,2,0.1,17.48,5
1032,2,0.1,15.42,5
1033,2,0.1,17.04,5
1034,2,0.1,15.24,5
1035,2,0.1,15.88,5
1036,2,0.1,15.94,5
1037,2,0.1,15.58,5
1038,2,0.1,16.8,5
1039,2,0.1,16.0,5
1040,2,0.1,15.64,5
1041,2,0.1,15.58,5
1042,2,0.1,16.02,5
1043,2,0.1,17.12,5
1044,2,0.1,17.62,5
1045,2,0.1,17.02,5
1046,2,0.1,15.96,5
1047,2,0.1,14.64,5
1048,2,0.1,16.5,5
1049,2,0.1,14.66,5
1050,2,0.1,16.32,5
1051,2,0.1,16.26,5
1052,2,0.1,15.96,5
1053,2,0.1,15.66,5
1054,2,0.1,16.42,5
1055,2,0.1,16.14,5
1056,2,0.1,17.64,5
1057,2,0.1,15.82,5
1058,2,0.1,15.86,5
1059,2,0.1,17.14,5
1060,2,0.1,16.38,5
1061,2,0.1,16.66,5
1062,2,0.1,16.7,5
1063,2,0.1,15.44,5
1064,2,0.1,16.16,5
1065,2,0.1,15.84,5
1066,2,0.1,15.66,5
1067,2,0.1,16.12,5
1068,2,0.1,16.24,5
1069,2,0.1,15.2,5
1070,2,0.1,15.74,5
1071,2,0.1,15.98,5
1072,2,0.1,16.08,5
1073,2,0.1,16.18,5
1074,2,0.1,16.08,5
1075,2,0.1,16.3,5
1076,2,0.1,16.96,5
1077,2,0.1,16.82,5
1078,2,0.1,14.72,5
1079,2,0.1,15.0,5
1080,2,0.1,14.7,5
1081,2,0.1,16.68,5
1082,2,0.1,15.78,5
1083,2,0.1,16.62,5
1084,2,0.1,15.06,5
1085,2,0.1,16.72,5
1086,2,0.1,16.3,5
1087,2,0.1,17.12,5
1088,2,0.1,16.56,5
1089,2,0.1,17.66,5
1090,2,0.1,16.08,5
1091,2,0.1,16.12,5
1092,2,0.1,17.16,5
1093,2,0.1,16.8,5
1094,2,0.1,16.2,5
1095,2,0.1,14.82,5
1096,2,0.1,15.76,5
1097,2,0.1,16.4,5
1098,2,0.1,15.86,5
1099,2,0.1,16.12,5
1100,2,0.1,17.0,5
1101,2,0.1,16.96,5
1102,2,0.1,16.96,5
1103,2,0.1,17.12,5
1104,2,0.1,14.42,5
1105,2,0.1,16.04,5
1106,2,0.1,15.74,5
1107,2,0.1,15.42,5
1108,2,0.1,16.08,5
1109,2,0.1,14.92,5
1110,2,0.1,15.84,5
1111,2,0.1,16.36,5
1112,2,0.1,17.14,5
1113,2,0.1,16.06,5
1114,2,0.1,15.04,5
1115,2,0.1,16.6,5
1116,2,0.1,15.8,5
1117,2,0.1,15.94,5
1118,2,0.1,17.0,5
1119,2,0.1,15.94,5
1120,2,0.1,16.74,5
1121,2,0.1,16.48,5
1122,2,0.1,16.1,5
1123,2,0.1,15.52,5
1124,2,0.1,15.78,5
1125,2,0.1,15.94,5
1126,2,0.1,15.92,5
1127,2,0.1,15.66,5
1128,2,0.1,15.82,5
1129,2,0.1,15.78,5
1130,2,0.1,17.12,5
1131,2,0.1,16.5,5
1132,2,0.1,16.36,5
1133,2,0.1,14.88,5
1134,2,0.1,15.62,5
1135,2,0.1,16.62,5
1136,2,0.1,15.66,5
1137,2,0.1,17.36,5
1138,2,0.1,16.48,5
1139,2,0.1,14.5,5
1140,2,0.1,15.72,5
1141,2,0.1,15.28,5
1142,2,0.1,15.88,5
1143,2,0.1,17.86,5
1144,2,0.1,15.66,5
1145,2,0.1,15.94,5
1146,2,0.1,16.02,5
1147,2,0.1,16.58,5
1148,2,0.1,16.66,5
1149,2,0.1,16.0,5
1150,2,0.1,15.98,5
1151,2,0.1,14.88,5
1152,2,0.1,14.2,5
1153,2,0.1,15.84,5
1154,2,0.1,16.26,5
1155,2,0.1,15.66,5
1156,2,0.1,16.42,5
1157,2,0.1,16.56,5
1158,2,0.1,16.62,5
1159,2,0.1,16.46,5
1160,2,0.1,17.04,5
1161,2,0.1,15.28,5
1162,2,0.1,15.32,5
1163,2,0.1,15.34,5
1164,2,0.1,16.96,5
1165,2,0.1,14.9,5
1166,2,0.1,15.96,5
1167,2,0.1,15.86,4
1168,2,0.1,14.5,4
1169,2,0.1,15.44,4
1170,2,0.1,16.14,4
1171,2,0.1,16.2,4
1172,2,0.1,15.0,4
1173,2,0.1,14.4,4
1174,2,0.1,14.28,3
1175,2,0.1,14.28,3
1176,2,0.1,14.76,3
1177,2,0.1,15.88,3
1178,2,0.1,14.62,3
1179,2,0.1,15.34,3
1180,2,0.1,15.28,3
1181,2,0.1,15.38,3
1182,2,0.1,14.96,3
1183,2,0.1,14.52,3
1184,2,0.1,13.5,3
1185,2,0.1,15.48,3
1186,2,0.1,14.84,3
1187,2,0.1,15.54,3
1188,2,0.1,14.58,3
1189,2,0.1,14.62,3
1190,2,0.1,15.18,3
1191,2,0.1,14.8,3
1192,2,0.1,14.3,3
1193,2,0.1,14.7,3
1194,2,0.1,14.96,3
1195,2,0.1,14.06,3
1196,2,0.1,14.92,3
1197,2,0.1,16.34,3
1198,2,0.1,16.18,3
1199,2,0.1,14.76,3
1200,2,0.1,14.4,3
1201,2,0.1,14.22,3
1202,2,0.1,15.04,3
1203,2,0.1,14.36,3
1204,2,0.1,14.3,3
1205,2,0.1,15.44,3
1206,2,0.1,15.46,3
1207,2,0.1,15.2,3
1208,2,0.1,15.24,3
1209,2,0.1,15.7,3
1210,2,0.1,15.72,3
1211,2,0.1,15.18,3
1212,2,0.1,13.3,3
1213,2,0.1,14.7,3
1214,2,0.1,16.4,3
1215,2,0.1,15.92,3
1216,2,0.1,16.54,3
1217,2,0.1,14.78,3
1218,2,0.1,15.62,3
1219,2,0.1,14.74,3
1220,2,0.1,13.78,3
1221,2,0.1,13.82,3
1222,2,0.1,14.46,3
1223,2,0.1,14.72,3
1224,2,0.1,13.74,3
1225,2,0.1,13.68,3
1226,2,0.1,13.56,3
1227,2,0.1,13.86,3
1228,2,0.1,13.88,3
1229,2,0.1,15.06,3
1230,2,0.1,14.66,3
1231,2,0.1,14.38,3
1232,2,0.1,14.56,3
1233,2,0.1,13.52,3
1234,2,0.1,13.92,3
1235,2,0.1,14.22,3
1236,2,0.1,15.04,3
1237,2,0.1,15.48,3
1238,2,0.1,13.6,3
1239,2,0.1,14.82,3
1240,2,0.1,14.18,3
1241,2,0.1,14.66,3
1242,2,0.1,13.46,3
1243,2,0.1,14.18,3
1244,2,0.1,14.48,3
1245,2,0.1,14.38,3
1246,2,0.1,14.12,3
1247,2,0.1,13.38,3
1248,2,0.1,14.26,3
1249,2,0.1,14.66,3
1250,2,0.1,13.72,3
1251,2,0.1,15.34,3
1252,2,0.1,14.5,3
1253,2,0.1,14.88,3
1254,2,0.1,14.58,3
1255,2,0.1,13.48,3
1256,2,0.1,13.38,3
1257,2,0.1,13.96,3
1258,2,0.1,14.56,3
1259,2,0.1,14.68,3
1260,2,0.1,14.72,3
1261,2,0.1,14.86,3
1262,2,0.1,13.04,3
1263,2,0.1,13.34,3
1264,2,0.1,16.02,3
1265,2,0.1,14.0,3
1266,2,0.1,15.04,3
1267,2,0.1,15.06,3
1268,2,0.1,15.14,3
1269,2,0.1,13.88,3
1270,2,0.1,13.62,3
1271,2,0.1,13.72,3
1272,2,0.1,14.24,3
1273,2,0.1,13.74,3
1274,2,0.1,13.52,3
1275,2,0.1,14.36,3
1276,2,0.1,15.72,3
1277,2,0.1,14.54,3
1278,2,0.1,14.04,3
1279,2,0.1,13.2,3
1280,2,0.1,14.54,3
1281,2,0.1,14.56,3
1282,2,0.1,14.86,3
1283,2,0.1,15.46,3
1284,2,0.1,14.28,3
1285,2,0.1,15.02,3
1286,2,0.1,15.22,3
1287,2,0.1,15.24,3
1288,2,0.1,14.4,3
1289,2,0.1,14.26,3
1290,2,0.1,15.44,3
1291,2,0.1,15.1,3
1292,2,0.1,13.78,3
1293,2,0.1,14.26,3
1294,2,0.1,14.92,3
1295,2,0.1,14.88,3
1296,2,0.1,14.86,3
1297,2,0.1,15.5,3
1298,2,0.1,15.02,3
1299,2,0.1,14.02,3
1300,2,0.1,15.24,3
1301,2,0.1,14.58,3
1302,2,0.1,14.3,3
1303,2,0.1,15.38,3
1304,2,0.1,15.52,3
1305,2,0.1,14.74,3
1306,2,0.1,15.48,3
1307,2,0.1,14.26,3
1308,2,0.1,15.44,3
1309,2,0.1,15.58,3
1310,2,0.1,15.12,3
1311,2,0.1,15.42,3
1312,2,0.1,15.14,3
1313,2,0.1,16.08,3
1314,2,0.1,15.36,3
1315,2,0.1,14.44,3
1316,2,0.1,14.98,3
1317,2,0.1,14.5,3
1318,2,0.1,14.4,3
1319,2,0.1,14.8,3
1320,2,0.1,13.16,3
1321,2,0.1,15.7,3
1322,2,0.1,15.74,3
1323,2,0.1,13.96,3
1324,2,0.1,15.24,3
1325,2,0.1,15.46,3
1326,2,0.1,14.92,3
1327,2,0.1,14.72,3
1328,2,0.1,15.54,3
1329,2,0.1,15.08,3
1330,2,0.1,15.16,3
1331,2,0.1,16.4,3
1332,2,0.1,17.0,3
1333,2,0.1,14.56,3
1334,2,0.1,13.72,3
1335,2,0.1,14.34,3
1336,2,0.1,15.3,3
1337,2,0.1,15.66,3
1338,2,0.1,14.9,3
1339,2,0.1,14.4,3
1340,2,0.1,13.24,3
1341,2,0.1,13.82,3
1342,2,0.1,15.28,3
1343,2,0.1,15.58,3
1344,2,0.1,16.36,3
1345,2,0.1,15.4,3
1346,2,0.1,14.36,3
1347,2,0.1,15.8,3
1348,2,0.1,14.68,3
1349,2,0.1,13.72,3
1350,2,0.1,14.14,3
1351,2,0.1,14.98,3
1352,2,0.1,13.96,3
1353,2,0.1,15.0,3
1354,2,0.1,16.04,3
1355,2,0.1,15.86,3
1356,2,0.1,15.38,3
1357,2,0.1,14.26,3
1358,2,0.1,16.2,3
1359,2,0.1,16.3,3
1360,2,0.1,15.64,3
1361,2,0.1,13.06,3
1362,2,0.1,13.98,3
1363,2,0.1,14.48,3
1364,2,0.1,14.82,3
1365,2,0.1,14.04,3
1366,2,0.1,15.82,3
1367,2,0.1,15.0,3
1368,2,0.1,16.42,3
1369,2,0.1,16.64,3
1370,2,0.1,16.16,3
1371,2,0.1,15.96,3
1372,2,0.1,14.66,3
1373,2,0.1,15.18,3
1374,2,0.1,14.42,3
1375,2,0.1,14.98,3
1376,2,0.1,15.06,3
1377,2,0.1,15.7,3
1378,2,0.1,14.64,3
1379,2,0.1,14.94,3
1380,2,0.1,15.12,3
1381,2,0.1,13.66,3
1382,2,0.1,13.86,3
1383,2,0.1,14.68,3
1384,2,0.1,12.76,3
1385,2,0.1,15.3,3
1386,2,0.1,14.0,3
1387,2,0.1,14.76,3
1388,2,0.1,13.88,3
1389,2,0.1,16.38,3
1390,2,0.1,15.9,3
1391,2,0.1,13.32,3
1392,2,0.1,15.9,3
1393,2,0.1,16.24,3
1394,2,0.1,14.24,3
1395,2,0.1,15.38,3
1396,2,0.1,14.74,3
1397,2,0.1,13.66,3
1398,2,0.1,14.8,3
1399,2,0.1,14.5,3
1400,2,0.1,14.2,3
1401,2,0.1,13.72,3
1402,2,0.1,14.26,3
1403,2,0.1,14.66,3
1404,2,0.1,14.5,3
1405,2,0.1,14.04,3
1406,2,0.1,14.78,3
1407,2,0.1,13.76,3
1408,2,0.1,14.4,3
1409,2,0.1,14.2,3
1410,2,0.1,15.16,3
1411,2,0.1,13.96,3
1412,2,0.1,14.7,3
1413,2,0.1,15.98,3
1414,2,0.1,15.0,3
1415,2,0.1,15.02,3
1416,2,0.1,16.78,3
1417,2,0.1,16.14,3
1418,2,0.1,15.54,3
1419,2,0.1,15.52,3
1420,2,0.1,14.24,3
1421,2,0.1,15.62,3
1422,2,0.1,14.14,3
1423,2,0.1,13.76,3
1424,2,0.1,15.38,3
1425,2,0.1,15.44,3
1426,2,0.1,16.16,3
1427,2,0.1,15.38,3
1428,2,0.1,14.6,3
1429,2,0.1,13.76,3
1430,2,0.1,13.8,3
1431,2,0.1,14.32,3
1432,2,0.1,15.2,3
1433,2,0.1,13.82,3
1434,2,0.1,14.06,3
1435,2,0.1,13.72,3
1436,2,0.1,13.02,3
1437,2,0.1,14.58,3
1438,2,0.1,14.92,3
1439,2,0.1,13.26,3
1440,2,0.1,13.5,3
1441,2,0.1,14.5,3
1442,2,0.1,15.32,3
1443,2,0.1,14.86,3
1444,2,0.1,15.16,3
1445,2,0.1,16.44,3
1446,2,0.1,15.24,3
1447,2,0.1,14.54,3
1448,2,0.1,14.84,3
1449,2,0.1,14.16,3
1450,2,0.1,14.92,3
1451,2,0.1,16.02,3
1452,2,0.1,14.6,3
1453,2,0.1,14.14,3
1454,2,0.1,14.36,3
1455,2,0.1,14.34,3
1456,2,0.1,14.4,3
1457,2,0.1,15.02,3
1458,2,0.1,15.46,3
1459,2,0.1,14.78,3
1460,2,0.1,15.68,3
1461,2,0.1,15.28,3
1462,2,0.1,14.64,3
1463,2,0.1,15.16,3
1464,2,0.1,14.34,3
1465,2,0.1,14.52,3
1466,2,0.1,13.76,3
1467,2,0.1,14.9,3
1468,2,0.1,15.18,3
1469,2,0.1,12.62,3
1470,2,0.1,13.86,3
1471,2,0.1,15.42,3
1472,2,0.1,14.3,3
1473,2,0.1,14.3,3
1474,2,0.1,14.82,3
1475,2,0.1,15.32,3
1476,2,0.1,13.34,3
1477,2,0.1,13.22,3
1478,2,0.1,14.92,3
1479,2,0.1,16.36,3
1480,2,0.1,14.88,3
1481,2,0.1,14.44,3
1482,2,0.1,14.94,3
1483,2,0.1,15.22,3
1484,2,0.1,15.56,3
1485,2,0.1,15.52,3
1486,2,0.1,14.3,3
1487,2,0.1,13.74,3
1488,2,0.1,15.18,3
1489,2,0.1,16.44,3
1490,2,0.1,15.3,3
1491,2,0.1,14.78,3
1492,2,0.1,13.88,3
1493,2,0.1,14.66,3
1494,2,0.1,13.92,3
1495,2,0.1,14.36,3
1496,2,0.1,15.74,3
1497,2,0.1,14.5,3
1498,2,0.1,15.24,3
1499,2,0.1,14.76,3
1500,2,0.1,14.6,3
1501,2,0.1,14.74,3
1502,2,0.1,14.58,3
1503,2,0.1,14.96,3
1504,2,0.1,13.5,3
1505,2,0.1,13.48,3
1506,2,0.1,14.08,3
1507,2,0.1,14.2,3
1508,2,0.1,13.42,3
1509,2,0.1,15.38,3
1510,2,0.1,14.8,3
1511,2,0.1,14.8,3
1512,2,0.1,14.92,3
1513,2,0.1,14.0,3
1514,2,0.1,13.64,3
1515,2,0.1,14.54,3
1516,2,0.1,13.98,3
1517,2,0.1,14.08,3
1518,2,0.1,14.62,3
1519,2,0.1,13.62,3
1520,2,0.1,13.84,3
1521,2,0.1,15.62,3
1522,2,0.1,14.36,3
1523,2,0.1,13.46,3
1524,2,0.1,16.14,3
1525,2,0.1,14.42,3
1526,2,0.1,14.38,3
1527,2,0.1,15.12,3
1528,2,0.1,15.26,3
1529,2,0.1,14.38,3
1530,2,0.1,14.44,3
1531,2,0.1,12.76,3
1532,2,0.1,15.04,3
1533,2,0.1,16.52,3
1534,2,0.1,14.64,3
1535,2,0.1,15.44,3
1536,2,0.1,14.72,3
1537,2,0.1,15.1,3
1538,2,0.1,13.46,2
1539,2,0.1,13.3,2
1540,2,0.1,13.52,2
1541,2,0.1,13.3,2
1542,2,0.1,14.18,2
1543,2,0.1,14.06,2
1544,2,0.1,14.42,2
1545,2,0.1,14.52,2
1546,2,0.1,14.0,2
1547,2,0.1,14.08,2
1548,2,0.1,14.56,2
1549,2,0.1,13.5,2
1550,2,0.1,14.26,2
1551,2,0.1,14.8,2
1552,2,0.1,14.02,2
1553,2,0.1,12.58,2
1554,2,0.1,11.82,2
1555,2,0.1,12.72,2
1556,2,0.1,14.16,2
1557,2,0.1,14.64,2
1558,2,0.1,13.06,2
1559,2,0.1,13.68,2
1560,2,0.1,14.52,2
1561,2,0.1,13.02,2
1562,2,0.1,14.62,2
1563,2,0.1,14.6,2
1564,2,0.1,13.82,2
1565,2,0.1,13.1,2
1566,2,0.1,13.4,2
1567,2,0.1,13.62,2
1568,2,0.1,13.6,2
1569,2,0.1,14.26,2
1570,2,0.1,13.32,2
1571,2,0.1,13.02,2
1572,2,0.1,14.5,2
1573,2,0.1,14.88,2
1574,2,0.1,13.46,2
1575,2,0.1,12.8,2
1576,2,0.1,12.7,2
1577,2,0.1,13.0,2
1578,2,0.1,13.46,2
1579,2,0.1,12.78,2
1580,2,0.1,13.04,2
1581,2,0.1,13.38,2
1582,2,0.1,13.88,2
1583,2,0.1,12.84,2
1584,2,0.1,13.14,2
1585,2,0.1,14.74,2
1586,2,0.1,15.16,2
1587,2,0.1,14.04,2
1588,2,0.1,13.14,2
1589,2,0.1,12.74,2
1590,2,0.1,13.68,2
1591,2,0.1,14.08,2
1592,2,0.1,14.98,2
1593,2,0.1,14.38,2
1594,2,0.1,15.38,2
1595,2,0.1,15.18,2
1596,2,0.1,14.76,2
1597,2,0.1,12.74,2
1598,2,0.1,12.26,2
1599,2,0.1,14.26,2
1600,2,0.1,15.56,2
1601,2,0.1,13.44,2
1602,2,0.1,13.68,2
1603,2,0.1,13.62,2
1604,2,0.1,14.48,2
1605,2,0.1,15.74,2
1606,2,0.1,13.6,2
1607,2,0.1,13.66,2
1608,2,0.1,13.76,2
1609,2,0.1,14.22,2
1610,2,0.1,14.36,2
1611,2,0.1,13.22,2
1612,2,0.1,14.3,2
1613,2,0.1,12.14,2
1614,2,0.1,13.54,2
1615,2,0.1,13.46,2
1616,2,0.1,14.5,2
1617,2,0.1,14.78,2
1618,2,0.1,14.78,2
1619,2,0.1,13.82,2
1620,2,0.1,15.06,2
1621,2,0.1,15.02,2
1622,2,0.1,14.44,2
1623,2,0.1,13.68,2
1624,2,0.1,14.9,2
1625,2,0.1,14.52,2
1626,2,0.1,14.36,2
1627,2,0.1,14.46,2
1628,2,0.1,15.3,2
1629,2,0.1,15.46,2
1630,2,0.1,13.18,2
1631,2,0.1,13.68,2
1632,2,0.1,13.02,2
1633,2,0.1,14.94,2
1634,2,0.1,13.8,2
1635,2,0.1,15.02,2
1636,2,0.1,13.28,2
1637,2,0.1,14.74,2
1638,2,0.1,13.96,2
1639,2,0.1,14.74,2
1640,2,0.1,15.0,2
1641,2,0.1,14.72,2
1642,2,0.1,13.52,2
1643,2,0.1,13.3,2
1644,2,0.1,13.24,2
1645,2,0.1,14.2,2
1646,2,0.1,14.34,2
1647,2,0.1,13.0,2
1648,2,0.1,13.24,2
1649,2,0.1,12.62,2
1650,2,0.1,13.3,2
1651,2,0.1,14.32,2
1652,2,0.1,14.52,2
1653,2,0.1,13.02,2
1654,2,0.1,13.38,2
1655,2,0.1,14.96,2
1656,2,0.1,13.88,2
1657,2,0.1,14.66,2
1658,2,0.1,13.84,2
1659,2,0.1,13.76,2
1660,2,0.1,13.08,2
1661,2,0.1,13.34,2
1662,2,0.1,13.2,2
1663,2,0.1,13.32,2
1664,2,0.1,14.16,2
1665,2,0.1,14.52,2
1666,2,0.1,14.96,2
1667,2,0.1,13.92,2
1668,2,0.1,12.24,2
1669,2,0.1,14.02,2
1670,2,0.1,13.9,2
1671,2,0.1,12.56,2
1672,2,0.1,12.7,2
1673,2,0.1,13.24,2
1674,2,0.1,13.64,2
1675,2,0.1,15.62,2
1676,2,0.1,13.0,2
1677,2,0.1,13.52,2
1678,2,0.1,14.1,2
1679,2,0.1,13.2,2
1680,2,0.1,14.28,2
1681,2,0.1,15.94,2
1682,2,0.1,15.62,2
1683,2,0.1,14.68,2
1684,2,0.1,14.32,2
1685,2,0.1,14.56,2
1686,2,0.1,14.36,2
1687,2,0.1,13.6,2
1688,2,0.1,13.94,2
1689,2,0.1,14.46,2
1690,2,0.1,12.8,2
1691,2,0.1,14.38,2
1692,2,0.1,13.76,2
1693,2,0.1,14.36,2
1694,2,0.1,14.34,2
1695,2,0.1,15.24,2
1696,2,0.1,13.22,2
1697,2,0.1,13.32,2
1698,2,0.1,11.76,2
1699,2,0.1,13.52,2
1700,2,0.1,14.52,2
1701,2,0.1,13.32,2
1702,2,0.1,15.68,2
1703,2,0.1,13.68,2
1704,2,0.1,15.38,2
1705,2,0.1,14.04,2
1706,2,0.1,14.46,2
1707,2,0.1,14.64,2
1708,2,0.1,16.2,2
1709,2,0.1,13.36,2
1710,2,0.1,14.68,2
1711,2,0.1,13.34,2
1712,2,0.1,13.46,2
1713,2,0.1,12.5,2
1714,2,0.1,13.6,2
1715,2,0.1,13.22,2
1716,2,0.1,14.3,2
1717,2,0.1,14.76,2
1718,2,0.1,13.52,2
1719,2,0.1,14.0,2
1720,2,0.1,14.2,2
1721,2,0.1,14.08,2
1722,2,0.1,13.18,2
1723,2,0.1,12.34,2
1724,2,0.1,13.26,2
1725,2,0.1,12.66,2
1726,2,0.1,13.58,2
1727,2,0.1,14.98,2
1728,2,0.1,12.7,2
1729,2,0.1,12.04,2
1730,2,0.1,13.92,2
1731,2,0.1,14.58,2
1732,2,0.1,14.32,2
1733,2,0.1,14.46,2
1734,2,0.1,13.62,2
1735,2,0.1,13.86,2
1736,2,0.1,13.58,2
1737,2,0.1,13.36,2
1738,2,0.1,13.86,2
1739,2,0.1,12.8,2
1740,2,0.1,13.58,2
1741,2,0.1,14.36,2
1742,2,0.1,15.54,2
1743,2,0.1,13.92,2
1744,2,0.1,14.02,2
1745,2,0.1,14.74,2
1746,2,0.1,13.92,2
1747,2,0.1,15.1,2
1748,2,0.1,15.84,2
1749,2,0.1,14.42,2
1750,2,0.1,14.32,2
1751,2,0.1,13.58,2
1752,2,0.1,14.74,2
1753,2,0.1,14.08,2
1754,2,0.1,13.76,2
1755,2,0.1,14.68,2
1756,2,0.1,14.18,2
1757,2,0.1,13.22,2
1758,2,0.1,14.44,2
1759,2,0.1,14.22,2
1760,2,0.1,14.12,2
1761,2,0.1,12.74,2
1762,2,0.1,13.26,2
1763,2,0.1,12.78,2
1764,2,0.1,14.48,2
1765,2,0.1,12.56,2
1766,2,0.1,13.54,2
1767,2,0.1,13.44,2
1768,2,0.1,14.5,2
1769,2,0.1,13.44,2
1770,2,0.1,13.74,2
1771,2,0.1,14.62,2
1772,2,0.1,15.14,2
1773,2,0.1,14.76,2
1774,2,0.1,13.96,2
1775,2,0.1,13.9,2
1776,2,0.1,13.68,2
1777,2,0.1,13.06,2
1778,2,0.1,14.66,2
1779,2,0.1,14.66,2
1780,2,0.1,13.94,2
1781,2,0.1,15.3,2
1782,2,0.1,14.76,2
1783,2,0.1,13.72,2
1784,2,0.1,14.14,2
1785,2,0.1,13.6,2
1786,2,0.1,12.86,2
1787,2,0.1,13.24,2
1788,2,0.1,13.7,2
1789,2,0.1,14.1,2
1790,2,0.1,13.9,2
1791,2,0.1,13.96,2
1792,2,0.1,13.86,2
1793,2,0.1,14.66,2
1794,2,0.1,13.02,2
1795,2,0.1,13.36,2
1796,2,0.1,13.24,2
1797,2,0.1,12.12,2
1798,2,0.1,13.14,2
1799,2,0.1,13.68,2
1800,2,0.1,13.96,2
1801,2,0.1,13.3,2
1802,2,0.1,13.16,2
1803,2,0.1,12.98,2
1804,2,0.1,13.3,2
1805,2,0.1,13.96,2
1806,2,0.1,14.98,2
1807,2,0.1,13.62,2
1808,2,0.1,15.2,2
1809,2,0.1,14.12,2
1810,2,0.1,14.1,2
1811,2,0.1,14.32,2
1812,2,0.1,14.1,2
1813,2,0.1,13.76,2
1814,2,0.1,13.42,2
1815,2,0.1,13.56,2
1816,2,0.1,14.82,2
1817,2,0.1,13.62,2
1818,2,0.1,14.28,2
1819,2,0.1,13.38,2
1820,2,0.1,13.64,2
1821,2,0.1,13.08,2
1822,2,0.1,13.36,2
1823,2,0.1,12.92,2
1824,2,0.1,13.46,2
1825,2,0.1,14.3,2
1826,2,0.1,14.3,2
1827,2,0.1,15.36,2
1828,2,0.1,14.34,2
1829,2,0.1,14.48,2
1830,2,0.1,15.08,2
1831,2,0.1,14.86,2
1832,2,0.1,14.96,2
1833,2,0.1,14.4,2
1834,2,0.1,15.06,2
1835,2,0.1,13.9,2
1836,2,0.1,14.88,2
1837,2,0.1,14.8,2
1838,2,0.1,14.24,2
1839,2,0.1,13.76,2
1840,2,0.1,12.72,2
1841,2,0.1,12.64,2
1842,2,0.1,14.22,2
1843,2,0.1,14.26,2
1844,2,0.1,13.84,2
1845,2,0.1,15.1,2
1846,2,0.1,13.68,2
1847,2,0.1,13.3,2
1848,2,0.1,14.22,2
1849,2,0.1,14.44,2
1850,2,0.1,13.98,2
1851,2,0.1,13.98,2
1852,2,0.1,14.1,2
1853,2,0.1,13.2,2
1854,2,0.1,14.98,2
1855,2,0.1,15.04,2
1856,2,0.1,13.44,2
1857,2,0.1,13.92,2
1858,2,0.1,14.3,2
1859,2,0.1,14.28,2
1860,2,0.1,13.96,2
1861,2,0.1,15.38,2
1862,2,0.1,14.24,2
1863,2,0.1,15.12,2
1864,2,0.1,13.8,2
1865,2,0.1,12.62,2
1866,2,0.1,13.62,2
1867,2,0.1,13.84,2
1868,2,0.1,14.74,2
1869,2,0.1,14.56,2
1870,2,0.1,14.02,2
1871,2,0.1,13.34,2
1872,2,0.1,13.66,2
1873,2,0.1,14.12,2
1874,2,0.1,15.4,2
1875,2,0.1,12.94,2
1876,2,0.1,13.56,2
1877,2,0.1,13.42,2
1878,2,0.1,12.9,2
1879,2,0.1,13.74,2
1880,2,0.1,14.14,2
1881,2,0.1,14.06,2
1882,2,0.1,14.16,2
1883,2,0.1,14.46,2
1884,2,0.1,13.4,2
1885,2,0.1,16.14,2
1886,2,0.1,14.14,2
1887,2,0.1,14.08,2
1888,2,0.1,14.98,2
1889,2,0.1,13.44,2
1890,2,0.1,14.4,2
1891,2,0.1,14.46,2
1892,2,0.1,15.58,2
1893,2,0.1,14.12,2
1894,2,0.1,14.94,2
1895,2,0.1,13.96,2
1896,2,0.1,12.78,2
1897,2,0.1,12.32,2
1898,2,0.1,13.8,2
1899,2,0.1,14.02,2
1900,2,0.1,15.06,2
1901,2,0.1,15.68,2
1902,2,0.1,15.5,2
1903,2,0.1,12.58,2
1904,2,0.1,15.66,2
1905,2,0.1,14.26,2
1906,2,0.1,13.54,2
1907,2,0.1,14.88,2
1908,2,0.1,14.44,2
1909,2,0.1,12.76,2
1910,2,0.1,13.0,2
1911,2,0.1,13.18,2
1912,2,0.1,12.66,2
1913,2,0.1,14.62,2
1914,2,0.1,14.2,2
1915,2,0.1,15.2,2
1916,2,0.1,14.2,2
1917,2,0.1,13.28,2
1918,2,0.1,12.3,2
1919,2,0.1,14.4,2
1920,2,0.1,14.26,2
1921,2,0.1,14.12,2
1922,2,0.1,13.46,2
1923,2,0.1,14.24,2
1924,2,0.1,14.56,2
1925,2,0.1,14.14,2
1926,2,0.1,14.04,2
1927,2,0.1,13.94,2
1928,2,0.1,13.96,2
1929,2,0.1,13.68,2
1930,2,0.1,14.34,2
1931,2,0.1,14.32,2
1932,2,0.1,13.66,2
1933,2,0.1,12.98,2
1934,2,0.1,13.62,2
1935,2,0.1,14.6,2
1936,2,0.1,14.3,2
1937,2,0.1,14.22,2
1938,2,0.1,14.28,2
1939,2,0.1,13.9,2
1940,2,0.1,13.78,2
1941,2,0.1,11.54,2
1942,2,0.1,13.54,2
1943,2,0.1,14.28,2
1944,2,0.1,13.5,2
1945,2,0.1,13.02,2
1946,2,0.1,13.58,2
1947,2,0.1,13.68,2
1948,2,0.1,13.48,2
1949,2,0.1,13.76,2
1950,2,0.1,12.44,2
1951,2,0.1,14.0,2
1952,2,0.1,14.0,2
1953,2,0.1,14.32,2
1954,2,0.1,15.08,2
1955,2,0.1,13.88,2
1956,2,0.1,14.72,2
1957,2,0.1,14.06,2
1958,2,0.1,14.34,2
1959,2,0.1,13.24,2
1960,2,0.1,14.86,2
1961,2,0.1,14.04,2
1962,2,0.1,14.16,2
1963,2,0.1,13.74,2
1964,2,0.1,13.76,2
1965,2,0.1,14.72,2
1966,2,0.1,13.28,2
1967,2,0.1,13.18,2
1968,2,0.1,13.52,2
1969,2,0.1,13.74,2
1970,2,0.1,13.6,2
1971,2,0.1,13.74,2
1972,2,0.1,14.0,2
1973,2,0.1,14.54,2
1974,2,0.1,13.78,2
1975,2,0.1,13.98,2
1976,2,0.1,14.94,2
1977,2,0.1,14.06,2
1978,2,0.1,12.96,2
1979,2,0.1,12.72,2
1980,2,0.1,13.22,2
1981,2,0.1,13.42,2
1982,2,0.1,13.0,2
1983,2,0.1,13.14,2
1984,2,0.1,15.0,2
1985,2,0.1,15.24,2
1986,2,0.1,14.76,2
1987,2,0.1,14.56,2
1988,2,0.1,13.6,2
1989,2,0.1,14.08,2
1990,2,0.1,13.08,2
1991,2,0.1,14.02,2
1992,2,0.1,12.92,2
1993,2,0.1,13.6,2
1994,2,0.1,13.2,2
1995,2,0.1,14.54,2
1996,2,0.1,14.96,2
1997,2,0.1,13.14,2
1998,2,0.1,14.08,2
1999,2,0.1,13.88,2
2000,2,0.1,12.92,2
0,3,0.1,58.3,45
1,3,0.1,51.06,41
2,3,0.1,46.4,36
3,3,0.1,40.66,33
4,3,0.1,37.64,28
5,3,0.1,34.86,28
6,3,0.1,33.36,26
7,3,0.1,33.26,26
8,3,0.1,33.6,25
9,3,0.1,32.6,25
10,3,0.1,31.5,25
11,3,0.1,30.14,25
12,3,0.1,31.82,23
13,3,0.1,30.58,23
14,3,0.1,31.28,23
15,3,0.1,29.76,22
16,3,0.1,28.86,22
17,3,0.1,30.04,22
18,3,0.1,28.86,20
19,3,0.1,28.84,20
20,3,0.1,27.58,20
21,3,0.1,27.56,20
22,3,0.1,27.68,20
23,3,0.1,27.86,20
24,3,0.1,28.22,20
25,3,0.1,26.9,20
26,3,0.1,27.1,19
27,3,0.1,26.96,19
28,3,0.1,27.48,19
29,3,0.1,26.38,19
30,3,0.1,27.66,19
31,3,0.1,27.34,19
32,3,0.1,27.0,19
33,3,0.1,26.06,19
34,3,0.1,26.96,17
35,3,0.1,24.64,17
36,3,0.1,24.82,17
37,3,0.1,26.0,16
38,3,0.1,23.48,16
39,3,0.1,23.92,16
40,3,0.1,25.56,16
41,3,0.1,25.08,16
42,3,0.1,26.14,16
43,3,0.1,23.62,16
44,3,0.1,22.96,16
45,3,0.1,23.88,16
46,3,0.1,23.72,16
47,3,0.1,23.54,16
48,3,0.1,24.68,16
49,3,0.1,25.54,16
50,3,0.1,24.86,16
51,3,0.1,23.78,16
52,3,0.1,24.02,16
53,3,0.1,25.16,16
54,3,0.1,25.08,16
55,3,0.1,26.32,16
56,3,0.1,25.58,16
57,3,0.1,26.0,16
58,3,0.1,24.52,16
59,3,0.1,25.24,16
60,3,0.1,24.82,16
61,3,0.1,24.44,16
62,3,0.1,24.3,16
63,3,0.1,23.62,16
64,3,0.1,23.92,16
65,3,0.1,24.56,16
66,3,0.1,24.32,16
67,3,0.1,24.02,16
68,3,0.1,25.06,16
69,3,0.1,24.68,16
70,3,0.1,24.22,16
71,3,0.1,25.16,16
72,3,0.1,24.26,16
73,3,0.1,24.44,16
74,3,0.1,25.14,16
75,3,0.1,23.2,16
76,3,0.1,24.5,16
77,3,0.1,24.48,16
78,3,0.1,24.4,16
79,3,0.1,24.76,16
80,3,0.1,25.16,16
81,3,0.1,25.02,16
82,3,0.1,24.74,16
83,3,0.1,24.6,16
84,3,0.1,24.46,16
85,3,0.1,23.76,16
86,3,0.1,24.1,14
87,3,0.1,22.56,14
88,3,0.1,22.8,14
89,3,0.1,24.48,14
90,3,0.1,24.66,14
91,3,0.1,24.28,14
92,3,0.1,22.78,14
93,3,0.1,22.06,14
94,3,0.1,23.2,14
95,3,0.1,23.94,14
96,3,0.1,22.56,14
97,3,0.1,23.32,14
98,3,0.1,23.24,14
99,3,0.1,23.28,12
100,3,0.1,21.62,12
101,3,0.1,21.12,12
102,3,0.1,21.04,12
103,3,0.1,22.72,12
104,3,0.1,22.0,12
105,3,0.1,20.64,12
106,3,0.1,21.82,12
107,3,0.1,21.26,12
108,3,0.1,21.42,12
109,3,0.1,21.42,12
110,3,0.1,21.36,11
111,3,0.1,21.12,11
112,3,0.1,19.48,11
113,3,0.1,21.26,11
114,3,0.1,19.6,11
115,3,0.1,20.4,11
116,3,0.1,21.02,11
117,3,0.1,20.54,11
118,3,0.1,19.54,11
119,3,0.1,20.32,11
120,3,0.1,20.54,11
121,3,0.1,21.84,11
122,3,0.1,21.72,11
123,3,0.1,20.8,11
124,3,0.1,20.14,11
125,3,0.1,20.42,11
126,3,0.1,19.12,10
127,3,0.1,20.04,10
128,3,0.1,18.94,10
129,3,0.1,19.66,10
130,3,0.1,20.34,10
131,3,0.1,19.0,10
132,3,0.1,20.3,10
133,3,0.1,20.4,10
134,3,0.1,18.58,10
135,3,0.1,18.18,10
136,3,0.1,19.18,10
137,3,0.1,19.54,10
138,3,0.1,19.2,10
139,3,0.1,20.04,10
140,3,0.1,20.02,10
141,3,0.1,20.5,10
142,3,0.1,21.0,10
143,3,0.1,20.84,10
144,3,0.1,20.66,10
145,3,0.1,20.66,10
146,3,0.1,19.32,10
147,3,0.1,20.6,10
148,3,0.1,20.4,10
149,3,0.1,19.66,10
150,3,0.1,20.32,10
151,3,0.1,18.34,9
152,3,0.1,18.4,9
153,3,0.1,19.32,9
154,3,0.1,20.18,9
155,3,0.1,20.18,9
156,3,0.1,18.84,9
157,3,0.1,18.94,9
158,3,0.1,18.2,9
159,3,0.1,19.64,9
160,3,0.1,18.48,9
161,3,0.1,18.68,9
162,3,0.1,19.22,9
163,3,0.1,20.16,9
164,3,0.1,19.86,9
165,3,0.1,18.66,9
166,3,0.1,19.32,9
167,3,0.1,19.1,9
168,3,0.1,18.78,9
169,3,0.1,20.18,9
170,3,0.1,20.06,9
171,3,0.1,19.32,9
172,3,0.1,19.86,9
173,3,0.1,19.2,9
174,3,0.1,18.68,9
175,3,0.1,18.64,9
176,3,0.1,19.12,9
177,3,0.1,19.7,9
178,3,0.1,20.58,9
179,3,0.1,18.52,9
180,3,0.1,19.86,9
181,3,0.1,18.48,9
182,3,0.1,20.0,9
183,3,0.1,19.78,9
184,3,0.1,18.94,9
185,3,0.1,19.6,9
186,3,0.1,18.38,9
187,3,0.1,18.82,9
188,3,0.1,18.3,9
189,3,0.1,19.8,9
190,3,0.1,19.82,9
191,3,0.1,18.52,9
192,3,0.1,18.3,9
193,3,0.1,18.8,9
194,3,0.1,19.62,9
195,3,0.1,19.68,9
196,3,0.1,18.9,9
197,3,0.1,17.9,9
198,3,0.1,19.36,9
199,3,0.1,20.42,9
200,3,0.1,20.26,9
201,3,0.1,19.68,9
202,3,0.1,19.02,9
203,3,0.1,20.24,9
204,3,0.1,18.68,9
205,3,0.1,19.28,9
206,3,0.1,17.86,9
207,3,0.1,18.6,9
208,3,0.1,20.02,9
209,3,0.1,18.62,9
210,3,0.1,17.78,9
211,3,0.1,19.48,9
212,3,0.1,18.12,9
213,3,0.1,18.94,9
214,3,0.1,17.58,9
215,3,0.1,18.26,9
216,3,0.1,19.36,9
217,3,0.1,17.46,9
218,3,0.1,18.64,9
219,3,0.1,20.2,9
220,3,0.1,18.56,9
221,3,0.1,18.78,9
222,3,0.1,18.72,9
223,3,0.1,20.22,9
224,3,0.1,18.94,9
225,3,0.1,18.98,9
226,3,0.1,18.56,9
227,3,0.1,19.76,9
228,3,0.1,19.02,9
229,3,0.1,20.26,9
230,3,0.1,20.38,9
231,3,0.1,18.66,9
232,3,0.1,18.94,9
233,3,0.1,19.9,9
234,3,0.1,19.16,9
235,3,0.1,19.36,9
236,3,0.1,19.9,9
237,3,0.1,18.88,9
238,3,0.1,19.46,9
239,3,0.1,19.46,9
240,3,0.1,18.86,9
241,3,0.1,19.58,9
242,3,0.1,18.94,9
243,3,0.1,19.64,9
244,3,0.1,18.72,9
245,3,0.1,19.22,9
246,3,0.1,19.96,9
247,3,0.1,18.74,9
248,3,0.1,19.8,9
249,3,0.1,19.56,9
250,3,0.1,18.34,9
251,3,0.1,20.28,9
252,3,0.1,18.74,9
253,3,0.1,18.96,9
254,3,0.1,19.18,9
255,3,0.1,19.54,9
256,3,0.1,19.1,9
257,3,0.1,20.2,9
258,3,0.1,19.02,9
259,3,0.1,20.34,9
260,3,0.1,18.34,9
261,3,0.1,19.42,9
262,3,0.1,19.74,9
263,3,0.1,19.78,8
264,3,0.1,17.8,8
265,3,0.1,16.94,8
266,3,0.1,17.28,8
267,3,0.1,18.18,8
268,3,0.1,19.0,8
269,3,0.1,18.46,8
270,3,0.1,18.7,8
271,3,0.1,19.0,8
272,3,0.1,18.3,8
273,3,0.1,19.52,8
274,3,0.1,18.58,8
275,3,0.1,18.78,8
276,3,0.1,19.34,8
277,3,0.1,18.44,8
278,3,0.1,17.54,8
279,3,0.1,18.48,8
280,3,0.1,19.54,8
281,3,0.1,18.16,8
282,3,0.1,18.16,8
283,3,0.1,17.4,8
284,3,0.1,18.24,8
285,3,0.1,18.08,8
286,3,0.1,19.4,8
287,3,0.1,18.9,8
288,3,0.1,17.22,8
289,3,0.1,18.38,8
290,3,0.1,18.26,8
291,3,0.1,17.36,8
292,3,0.1,19.14,8
293,3,0.1,17.4,8
294,3,0.1,17.46,8
295,3,0.1,18.7,8
296,3,0.1,16.9,8
297,3,0.1,17.08,8
298,3,0.1,17.48,8
299,3,0.1,18.96,8
300,3,0.1,18.4,8
301,3,0.1,18.48,8
302,3,0.1,18.0,8
303,3,0.1,17.78,8
304,3,0.1,17.54,8
305,3,0.1,18.3,8
306,3,0.1,18.7,8
307,3,0.1,18.02,8
308,3,0.1,18.46,8
309,3,0.1,17.86,8
310,3,0.1,18.0,8
311,3,0.1,19.22,8
312,3,0.1,18.76,8
313,3,0.1,17.98,8
314,3,0.1,17.78,8
315,3,0.1,19.68,8
316,3,0.1,19.68,8
317,3,0.1,18.2,8
318,3,0.1,18.3,8
319,3,0.1,19.0,8
320,3,0.1,19.26,8
321,3,0.1,19.06,8
322,3,0.1,18.8,8
323,3,0.1,17.26,8
324,3,0.1,18.76,8
325,3,0.1,18.3,8
326,3,0.1,18.36,8
327,3,0.1,18.4,8
328,3,0.1,18.02,8
329,3,0.1,17.8,8
330,3,0.1,17.58,8
331,3,0.1,18.18,8
332,3,0.1,17.24,8
333,3,0.1,17.84,8
334,3,0.1,17.96,8
335,3,0.1,18.18,8
336,3,0.1,18.78,8
337,3,0.1,19.92,8
338,3,0.1,18.18,8
339,3,0.1,18.14,8
340,3,0.1,17.78,8
341,3,0.1,17.84,8
342,3,0.1,18.16,8
343,3,0.1,18.12,8
344,3,0.1,18.7,8
345,3,0.1,18.82,8
346,3,0.1,19.18,8
347,3,0.1,18.74,8
348,3,0.1,19.86,8
349,3,0.1,17.56,8
350,3,0.1,17.7,8
351,3,0.1,19.74,8
352,3,0.1,19.32,8
353,3,0.1,19.1,8
354,3,0.1,19.04,8
355,3,0.1,17.76,8
356,3,0.1,18.7,8
357,3,0.1,17.96,8
358,3,0.1,18.24,8
359,3,0.1,17.4,8
360,3,0.1,17.52,8
361,3,0.1,19.28,8
362,3,0.1,17.5,8
363,3,0.1,19.38,8
364,3,0.1,20.66,8
365,3,0.1,19.12,8
366,3,0.1,19.74,8
367,3,0.1,19.0,8
368,3,0.1,19.78,8
369,3,0.1,20.26,8
370,3,0.1,19.04,8
371,3,0.1,17.22,8
372,3,0.1,18.74,8
373,3,0.1,18.42,8
374,3,0.1,19.2,8
375,3,0.1,18.0,8
376,3,0.1,18.42,8
377,3,0.1,18.7,8
378,3,0.1,18.24,8
379,3,0.1,18.42,8
380,3,0.1,19.08,8
381,3,0.1,17.44,8
382,3,0.1,18.78,8
383,3,0.1,18.94,8
384,3,0.1,17.34,8
385,3,0.1,18.56,8
386,3,0.1,18.84,8
387,3,0.1,17.68,8
388,3,0.1,18.36,8
389,3,0.1,18.94,8
390,3,0.1,18.84,8
391,3,0.1,17.98,8
392,3,0.1,20.46,8
393,3,0.1,18.0,8
394,3,0.1,17.88,8
395,3,0.1,18.52,8
396,3,0.1,17.88,8
397,3,0.1,18.64,8
398,3,0.1,18.4,8
399,3,0.1,18.32,8
400,3,0.1,17.5,8
401,3,0.1,17.76,8
402,3,0.1,18.1,8
403,3,0.1,17.28,8
404,3,0.1,19.6,8
405,3,0.1,18.04,8
406,3,0.1,19.88,8
407,3,0.1,20.12,8
408,3,0.1,18.42,8
409,3,0.1,18.86,8
410,3,0.1,19.46,8
411,3,0.1,17.38,8
412,3,0.1,20.18,8
413,3,0.1,20.06,8
414,3,0.1,18.44,8
415,3,0.1,20.18,8
416,3,0.1,19.16,8
417,3,0.1,18.88,8
418,3,0.1,17.92,8
419,3,0.1,17.98,8
420,3,0.1,18.2,8
421,3,0.1,18.9,8
422,3,0.1,18.94,8
423,3,0.1,19.2,8
424,3,0.1,19.04,8
425,3,0.1,16.82,8
426,3,0.1,18.74,8
427,3,0.1,18.36,8
428,3,0.1,17.68,8
429,3,0.1,17.88,8
430,3,0.1,18.66,8
431,3,0.1,17.88,8
432,3,0.1,18.8,8
433,3,0.1,19.16,8
434,3,0.1,18.48,8
435,3,0.1,18.76,8
436,3,0.1,19.16,8
437,3,0.1,18.04,8
438,3,0.1,18.42,8
439,3,0.1,16.9,8
440,3,0.1,18.02,8
441,3,0.1,18.4,8
442,3,0.1,18.46,8
443,3,0.1,18.96,8
444,3,0.1,18.66,8
445,3,0.1,17.82,8
446,3,0.1,16.78,8
447,3,0.1,18.7,8
448,3,0.1,17.9,8
449,3,0.1,18.76,8
450,3,0.1,18.5,8
451,3,0.1,20.48,8
452,3,0.1,19.44,8
453,3,0.1,19.16,8
454,3,0.1,19.02,8
455,3,0.1,19.14,8
456,3,0.1,18.04,8
457,3,0.1,19.42,8
458,3,0.1,18.06,8
459,3,0.1,18.2,8
460,3,0.1,19.78,8
461,3,0.1,19.2,8
462,3,0.1,18.62,8
463,3,0.1,18.78,8
464,3,0.1,18.62,8
465,3,0.1,17.92,8
466,3,0.1,17.88,8
467,3,0.1,18.52,8
468,3,0.1,18.68,8
469,3,0.1,17.84,8
470,3,0.1,17.78,8
471,3,0.1,18.9,8
472,3,0.1,18.04,8
473,3,0.1,18.44,8
474,3,0.1,17.68,8
475,3,0.1,18.18,8
476,3,0.1,18.42,8
477,3,0.1,18.48,8
478,3,0.1,18.42,8
479,3,0.1,18.24,8
480,3,0.1,19.12,8
481,3,0.1,17.4,8
482,3,0.1,18.48,8
483,3,0.1,17.82,8
484,3,0.1,18.0,8
485,3,0.1,17.0,8
486,3,0.1,17.3,8
487,3,0.1,17.84,8
488,3,0.1,17.9,8
489,3,0.1,17.6,8
490,3,0.1,17.48,8
491,3,0.1,17.82,8
492,3,0.1,16.42,8
493,3,0.1,16.92,8
494,3,0.1,18.56,8
495,3,0.1,18.54,8
496,3,0.1,18.54,8
497,3,0.1,18.44,8
498,3,0.1,19.18,8
499,3,0.1,18.62,8
500,3,0.1,16.64,8
501,3,0.1,18.2,8
502,3,0.1,19.26,8
503,3,0.1,19.26,8
504,3,0.1,17.82,8
505,3,0.1,18.18,8
506,3,0.1,18.14,8
507,3,0.1,19.6,8
508,3,0.1,17.26,8
509,3,0.1,18.3,8
510,3,0.1,18.24,8
511,3,0.1,18.22,8
512,3,0.1,18.12,8
513,3,0.1,19.04,8
514,3,0.1,17.46,8
515,3,0.1,17.96,8
516,3,0.1,18.1,8
517,3,0.1,19.24,8
518,3,0.1,18.72,8
519,3,0.1,18.24,8
520,3,0.1,18.62,8
521,3,0.1,18.02,8
522,3,0.1,18.1,8
523,3,0.1,18.24,8
524,3,0.1,18.32,8
525,3,0.1,19.12,8
526,3,0.1,18.7,8
527,3,0.1,18.84,8
528,3,0.1,19.64,8
529,3,0.1,18.08,8
530,3,0.1,18.18,8
531,3,0.1,19.4,8
532,3,0.1,18.04,8
533,3,0.1,18.76,8
534,3,0.1,18.56,8
535,3,0.1,18.02,8
536,3,0.1,18.32,8
537,3,0.1,19.3,8
538,3,0.1,20.12,8
539,3,0.1,18.88,8
540,3,0.1,18.16,8
541,3,0.1,19.2,8
542,3,0.1,19.9,8
543,3,0.1,19.58,8
544,3,0.1,18.86,8
545,3,0.1,18.24,8
546,3,0.1,19.28,8
547,3,0.1,18.66,8
548,3,0.1,17.66,8
549,3,0.1,16.7,8
550,3,0.1,17.08,8
551,3,0.1,17.84,8
552,3,0.1,18.44,8
553,3,0.1,17.68,8
554,3,0.1,18.9,8
555,3,0.1,18.28,8
556,3,0.1,18.18,8
557,3,0.1,17.48,8
558,3,0.1,18.3,8
559,3,0.1,17.44,8
560,3,0.1,18.44,8
561,3,0.1,17.74,8
562,3,0.1,16.64,8
563,3,0.1,19.22,8
564,3,0.1,17.36,8
565,3,0.1,17.82,8
566,3,0.1,17.54,8
567,3,0.1,17.94,8
568,3,0.1,18.28,8
569,3,0.1,18.36,8
570,3,0.1,18.52,8
571,3,0.1,18.16,8
572,3,0.1,18.74,8
573,3,0.1,18.6,8
574,3,0.1,19.12,8
575,3,0.1,18.2,8
576,3,0.1,19.38,8
577,3,0.1,18.64,8
578,3,0.1,17.5,8
579,3,0.1,18.62,8
580,3,0.1,16.7,8
581,3,0.1,17.88,8
582,3,0.1,18.38,8
583,3,0.1,17.78,8
584,3,0.1,18.86,8
585,3,0.1,18.22,8
586,3,0.1,17.66,8
587,3,0.1,17.96,8
588,3,0.1,17.84,8
589,3,0.1,18.98,8
590,3,0.1,19.18,8
591,3,0.1,17.22,8
592,3,0.1,17.48,8
593,3,0.1,17.7,8
594,3,0.1,17.04,8
595,3,0.1,17.7,8
596,3,0.1,18.02,8
597,3,0.1,17.68,8
598,3,0.1,17.5,8
599,3,0.1,17.48,8
600,3,0.1,19.06,8
601,3,0.1,17.64,8
602,3,0.1,17.5,8
603,3,0.1,18.48,8
604,3,0.1,18.3,8
605,3,0.1,19.5,8
606,3,0.1,18.2,8
607,3,0.1,18.52,8
608,3,0.1,18.82,8
609,3,0.1,19.0,8
610,3,0.1,18.58,8
611,3,0.1,19.62,8
612,3,0.1,18.78,8
613,3,0.1,18.76,8
614,3,0.1,18.66,8
615,3,0.1,17.76,8
616,3,0.1,18.28,8
617,3,0.1,18.74,8
618,3,0.1,18.2,8
619,3,0.1,19.12,8
620,3,0.1,18.86,8
621,3,0.1,18.1,8
622,3,0.1,18.54,8
623,3,0.1,17.8,8
624,3,0.1,18.02,8
625,3,0.1,19.22,8
626,3,0.1,18.32,8
627,3,0.1,17.82,8
628,3,0.1,18.28,8
629,3,0.1,18.42,8
630,3,0.1,18.24,8
631,3,0.1,17.84,8
632,3,0.1,17.88,8
633,3,0.1,17.66,8
634,3,0.1,19.7,8
635,3,0.1,19.44,8
636,3,0.1,17.46,8
637,3,0.1,17.12,8
638,3,0.1,17.76,8
639,3,0.1,18.24,8
640,3,0.1,18.9,8
641,3,0.1,18.4,8
642,3,0.1,18.58,8
643,3,0.1,17.36,8
644,3,0.1,18.38,8
645,3,0.1,17.92,8
646,3,0.1,18.66,8
647,3,0.1,18.84,8
648,3,0.1,19.18,8
649,3,0.1,18.74,8
650,3,0.1,18.18,8
651,3,0.1,18.48,8
652,3,0.1,19.36,8
653,3,0.1,18.2,8
654,3,0.1,18.56,8
655,3,0.1,18.66,8
656,3,0.1,19.12,8
657,3,0.1,18.08,8
658,3,0.1,19.14,8
659,3,0.1,17.54,8
660,3,0.1,19.06,8
661,3,0.1,19.16,8
662,3,0.1,17.66,8
663,3,0.1,18.1,8
664,3,0.1,18.22,8
665,3,0.1,17.52,8
666,3,0.1,17.86,8
667,3,0.1,17.72,8
668,3,0.1,17.84,8
669,3,0.1,18.54,8
670,3,0.1,17.52,8
671,3,0.1,18.34,8
672,3,0.1,20.34,8
673,3,0.1,19.04,8
674,3,0.1,17.58,8
675,3,0.1,18.94,8
676,3,0.1,19.48,8
677,3,0.1,18.86,8
678,3,0.1,17.6,8
679,3,0.1,17.74,8
680,3,0.1,17.82,8
681,3,0.1,16.92,8
682,3,0.1,18.08,8
683,3,0.1,18.98,8
684,3,0.1,19.14,8
685,3,0.1,19.4,8
686,3,0.1,18.44,8
687,3,0.1,19.62,8
688,3,0.1,19.5,8
689,3,0.1,18.9,8
690,3,0.1,17.6,8
691,3,0.1,18.68,8
692,3,0.1,19.04,8
693,3,0.1,18.94,8
694,3,0.1,19.84,8
695,3,0.1,19.14,8
696,3,0.1,17.92,8
697,3,0.1,17.9,8
698,3,0.1,18.06,8
699,3,0.1,18.06,8
700,3,0.1,18.1,8
701,3,0.1,18.1,8
702,3,0.1,17.76,8
703,3,0.1,17.64,8
704,3,0.1,17.72,8
705,3,0.1,18.78,8
706,3,0.1,19.86,8
707,3,0.1,19.24,8
708,3,0.1,18.92,8
709,3,0.1,19.06,8
710,3,0.1,19.22,8
711,3,0.1,19.1,8
712,3,0.1,19.22,8
713,3,0.1,18.12,8
714,3,0.1,18.62,8
715,3,0.1,18.7,8
716,3,0.1,18.92,8
717,3,0.1,17.02,8
718,3,0.1,18.12,8
719,3,0.1,18.86,8
720,3,0.1,17.94,8
721,3,0.1,19.8,8
722,3,0.1,18.0,8
723,3,0.1,17.74,8
724,3,0.1,19.08,8
725,3,0.1,16.78,8
726,3,0.1,18.34,8
727,3,0.1,19.18,8
728,3,0.1,20.18,8
729,3,0.1,19.02,8
730,3,0.1,18.4,8
731,3,0.1,19.02,8
732,3,0.1,19.5,8
733,3,0.1,18.6,8
734,3,0.1,17.54,8
735,3,0.1,19.06,8
736,3,0.1,17.56,8
737,3,0.1,17.24,8
738,3,0.1,17.62,8
739,3,0.1,17.78,8
740,3,0.1,18.66,8
741,3,0.1,18.3,8
742,3,0.1,18.56,8
743,3,0.1,18.02,8
744,3,0.1,18.36,8
745,3,0.1,18.72,8
746,3,0.1,18.86,8
747,3,0.1,19.18,8
748,3,0.1,18.54,8
749,3,0.1,17.94,8
750,3,0.1,19.14,8
751,3,0.1,18.68,8
752,3,0.1,18.64,8
753,3,0.1,17.78,8
754,3,0.1,19.8,8
755,3,0.1,18.98,8
756,3,0.1,18.16,8
757,3,0.1,19.2,8
758,3,0.1,18.94,8
759,3,0.1,18.34,8
760,3,0.1,17.9,8
761,3,0.1,16.98,8
762,3,0.1,18.86,8
763,3,0.1,19.26,8
764,3,0.1,18.52,8
765,3,0.1,19.14,8
766,3,0.1,18.96,8
767,3,0.1,19.88,8
768,3,0.1,19.1,8
769,3,0.1,18.96,8
770,3,0.1,18.64,8
771,3,0.1,19.46,8
772,3,0.1,19.42,8
773,3,0.1,18.96,8
774,3,0.1,17.76,8
775,3,0.1,18.56,8
776,3,0.1,19.5,8
777,3,0.1,18.22,8
778,3,0.1,18.42,8
779,3,0.1,19.22,8
780,3,0.1,19.8,8
781,3,0.1,18.3,8
782,3,0.1,17.78,8
783,3,0.1,17.7,8
784,3,0.1,18.78,8
785,3,0.1,18.5,8
786,3,0.1,18.96,8
787,3,0.1,19.26,8
788,3,0.1,17.84,8
789,3,0.1,18.94,8
790,3,0.1,16.58,8
791,3,0.1,18.82,8
792,3,0.1,19.22,8
793,3,0.1,19.0,8
794,3,0.1,18.38,8
795,3,0.1,17.76,8
796,3,0.1,18.94,8
797,3,0.1,19.98,8
798,3,0.1,18.52,8
799,3,0.1,18.86,8
800,3,0.1,19.1,8
801,3,0.1,19.08,8
802,3,0.1,19.16,8
803,3,0.1,18.6,8
804,3,0.1,19.12,8
805,3,0.1,17.64,8
806,3,0.1,19.42,8
807,3,0.1,17.96,8
808,3,0.1,19.28,8
809,3,0.1,17.68,8
810,3,0.1,18.56,8
811,3,0.1,20.44,8
812,3,0.1,18.06,8
813,3,0.1,17.48,8
814,3,0.1,18.28,8
815,3,0.1,18.14,8
816,3,0.1,19.0,8
817,3,0.1,18.82,8
818,3,0.1,18.34,8
819,3,0.1,18.22,7
820,3,0.1,17.16,7
821,3,0.1,17.18,7
822,3,0.1,18.08,7
823,3,0.1,18.74,7
824,3,0.1,17.24,7
825,3,0.1,17.84,7
826,3,0.1,18.22,7
827,3,0.1,17.5,7
828,3,0.1,17.82,7
829,3,0.1,17.7,7
830,3,0.1,17.54,7
831,3,0.1,17.62,7
832,3,0.1,18.2,7
833,3,0.1,18.58,7
834,3,0.1,16.34,7
835,3,0.1,17.92,7
836,3,0.1,18.0,7
837,3,0.1,18.58,7
838,3,0.1,17.44,6
839,3,0.1,17.54,6
840,3,0.1,18.76,6
841,3,0.1,16.82,6
842,3,0.1,16.96,6
843,3,0.1,17.78,6
844,3,0.1,16.58,6
845,3,0.1,16.44,6
846,3,0.1,17.7,6
847,3,0.1,17.24,6
848,3,0.1,16.84,6
849,3,0.1,17.0,6
850,3,0.1,16.54,6
851,3,0.1,17.06,6
852,3,0.1,17.12,6
853,3,0.1,16.98,6
854,3,0.1,17.74,6
855,3,0.1,17.38,6
856,3,0.1,17.24,6
857,3,0.1,18.2,6
858,3,0.1,19.38,6
859,3,0.1,17.3,6
860,3,0.1,17.6,6
861,3,0.1,17.46,6
862,3,0.1,17.92,6
863,3,0.1,16.88,6
864,3,0.1,17.82,6
865,3,0.1,18.28,6
866,3,0.1,17.6,6
867,3,0.1,16.86,6
868,3,0.1,16.7,6
869,3,0.1,17.32,6
870,3,0.1,17.34,6
871,3,0.1,17.3,6
872,3,0.1,17.8,6
873,3,0.1,17.24,6
874,3,0.1,17.28,6
875,3,0.1,16.48,6
876,3,0.1,16.86,6
877,3,0.1,16.54,6
878,3,0.1,16.32,6
879,3,0.1,16.2,6
880,3,0.1,16.38,6
881,3,0.1,17.14,6
882,3,0.1,17.4,6
883,3,0.1,17.7,6
884,3,0.1,18.14,6
885,3,0.1,16.12,6
886,3,0.1,16.46,6
887,3,0.1,16.52,6
888,3,0.1,16.36,6
889,3,0.1,15.78,6
890,3,0.1,15.46,6
891,3,0.1,16.94,6
892,3,0.1,17.1,6
893,3,0.1,17.78,6
894,3,0.1,18.22,6
895,3,0.1,16.08,6
896,3,0.1,17.22,6
897,3,0.1,16.92,6
898,3,0.1,16.36,6
899,3,0.1,17.14,6
900,3,0.1,18.14,6
901,3,0.1,18.48,6
902,3,0.1,16.4,6
903,3,0.1,17.28,6
904,3,0.1,17.44,6
905,3,0.1,15.74,6
906,3,0.1,16.94,6
907,3,0.1,16.86,6
908,3,0.1,16.44,6
909,3,0.1,16.84,6
910,3,0.1,17.4,6
911,3,0.1,16.86,6
912,3,0.1,16.34,6
913,3,0.1,16.68,6
914,3,0.1,16.78,6
915,3,0.1,17.14,6
916,3,0.1,16.52,6
917,3,0.1,16.52,6
918,3,0.1,16.02,6
919,3,0.1,16.34,6
920,3,0.1,17.06,6
921,3,0.1,17.02,6
922,3,0.1,16.38,6
923,3,0.1,17.12,6
924,3,0.1,17.48,6
925,3,0.1,17.0,6
926,3,0.1,16.4,6
927,3,0.1,16.9,6
928,3,0.1,16.92,6
929,3,0.1,17.32,6
930,3,0.1,16.3,6
931,3,0.1,17.38,6
932,3,0.1,16.86,6
933,3,0.1,15.46,6
934,3,0.1,17.48,6
935,3,0.1,16.86,6
936,3,0.1,15.92,6
937,3,0.1,17.98,6
938,3,0.1,16.64,6
939,3,0.1,15.8,6
940,3,0.1,16.06,6
941,3,0.1,17.78,6
942,3,0.1,18.64,6
943,3,0.1,17.88,6
944,3,0.1,17.76,6
945,3,0.1,16.56,6
946,3,0.1,16.44,6
947,3,0.1,17.4,6
948,3,0.1,17.1,6
949,3,0.1,15.66,6
950,3,0.1,16.62,6
951,3,0.1,17.96,6
952,3,0.1,16.5,6
953,3,0.1,16.26,6
954,3,0.1,15.3,6
955,3,0.1,15.9,6
956,3,0.1,16.98,6
957,3,0.1,16.92,6
958,3,0.1,17.16,6
959,3,0.1,17.78,6
960,3,0.1,18.16,6
961,3,0.1,17.14,6
962,3,0.1,16.34,6
963,3,0.1,16.86,6
964,3,0.1,16.86,6
965,3,0.1,16.3,6
966,3,0.1,16.48,6
967,3,0.1,15.34,6
968,3,0.1,16.2,6
969,3,0.1,17.36,6
970,3,0.1,16.98,6
971,3,0.1,17.84,6
972,3,0.1,16.74,6
973,3,0.1,17.02,6
974,3,0.1,17.72,6
975,3,0.1,16.6,6
976,3,0.1,16.44,6
977,3,0.1,18.44,6
978,3,0.1,18.1,6
979,3,0.1,16.58,6
980,3,0.1,16.94,6
981,3,0.1,17.46,6
982,3,0.1,16.48,6
983,3,0.1,16.04,6
984,3,0.1,15.64,6
985,3,0.1,16.78,6
986,3,0.1,16.14,6
987,3,0.1,17.4,6
988,3,0.1,16.88,6
989,3,0.1,16.08,6
990,3,0.1,16.74,6
991,3,0.1,17.54,6
992,3,0.1,17.1,6
993,3,0.1,17.52,6
994,3,0.1,16.96,6
995,3,0.1,18.16,6
996,3,0.1,16.14,6
997,3,0.1,16.92,6
998,3,0.1,16.08,6
999,3,0.1,16.66,6
1000,3,0.1,17.24,6
1001,3,0.1,17.1,6
1002,3,0.1,17.0,6
1003,3,0.1,16.36,6
1004,3,0.1,15.34,6
1005,3,0.1,15.92,6
1006,3,0.1,15.8,6
1007,3,0.1,16.68,6
1008,3,0.1,16.1,6
1009,3,0.1,15.88,6
1010,3,0.1,16.96,6
1011,3,0.1,17.22,6
1012,3,0.1,16.42,6
1013,3,0.1,15.62,6
1014,3,0.1,15.44,6
1015,3,0.1,15.18,6
1016,3,0.1,16.6,6
1017,3,0.1,16.66,6
1018,3,0.1,16.72,6
1019,3,0.1,16.48,6
1020,3,0.1,17.12,6
1021,3,0.1,17.12,6
1022,3,0.1,16.64,6
1023,3,0.1,18.0,6
1024,3,0.1,18.28,6
1025,3,0.1,16.96,6
1026,3,0.1,17.8,6
1027,3,0.1,17.2,6
1028,3,0.1,16.08,6
1029,3,0.1,17.34,6
1030,3,0.1,17.34,6
1031,3,0.1,18.0,6
1032,3,0.1,18.78,6
1033,3,0.1,16.92,6
1034,3,0.1,16.02,6
1035,3,0.1,15.78,6
1036,3,0.1,16.38,6
1037,3,0.1,16.44,6
1038,3,0.1,18.1,6
1039,3,0.1,17.96,6
1040,3,0.1,18.3,6
1041,3,0.1,16.38,6
1042,3,0.1,17.26,6
1043,3,0.1,16.3,6
1044,3,0.1,18.36,6
1045,3,0.1,18.38,6
1046,3,0.1,17.96,6
1047,3,0.1,16.52,6
1048,3,0.1,16.8,6
1049,3,0.1,17.12,6
1050,3,0.1,18.72,6
1051,3,0.1,17.08,6
1052,3,0.1,16.92,6
1053,3,0.1,16.68,6
1054,3,0.1,17.16,6
1055,3,0.1,17.08,6
1056,3,0.1,16.24,6
1057,3,0.1,17.66,6
1058,3,0.1,17.78,6
1059,3,0.1,16.8,6
1060,3,0.1,16.92,6
1061,3,0.1,17.42,6
1062,3,0.1,16.16,6
1063,3,0.1,17.98,6
1064,3,0.1,15.48,6
1065,3,0.1,16.76,6
1066,3,0.1,16.22,6
1067,3,0.1,16.16,6
1068,3,0.1,16.56,6
1069,3,0.1,16.2,6
1070,3,0.1,15.4,6
1071,3,0.1,16.58,6
1072,3,0.1,17.54,6
1073,3,0.1,17.46,6
1074,3,0.1,17.16,6
1075,3,0.1,16.84,6
1076,3,0.1,17.24,6
1077,3,0.1,17.46,6
1078,3,0.1,16.68,6
1079,3,0.1,17.74,6
1080,3,0.1,16.12,6
1081,3,0.1,17.2,6
1082,3,0.1,17.92,6
1083,3,0.1,18.56,6
1084,3,0.1,17.14,6
1085,3,0.1,16.56,6
1086,3,0.1,15.48,6
1087,3,0.1,17.26,6
1088,3,0.1,16.28,6
1089,3,0.1,15.74,6
1090,3,0.1,16.46,6
1091,3,0.1,17.2,6
1092,3,0.1,16.94,6
1093,3,0.1,16.88,6
1094,3,0.1,15.36,6
1095,3,0.1,15.4,6
1096,3,0.1,16.92,6
1097,3,0.1,17.38,6
1098,3,0.1,15.96,6
1099,3,0.1,17.18,6
1100,3,0.1,15.28,6
1101,3,0.1,15.8,6
1102,3,0.1,16.72,6
1103,3,0.1,18.14,6
1104,3,0.1,17.56,6
1105,3,0.1,16.8,6
1106,3,0.1,18.08,6
1107,3,0.1,18.4,6
1108,3,0.1,18.02,6
1109,3,0.1,16.42,6
1110,3,0.1,17.44,6
1111,3,0.1,15.84,6
1112,3,0.1,16.42,6
1113,3,0.1,16.48,6
1114,3,0.1,17.88,6
1115,3,0.1,16.26,6
1116,3,0.1,16.94,6
1117,3,0.1,17.9,6
1118,3,0.1,17.34,6
1119,3,0.1,18.04,6
1120,3,0.1,17.28,6
1121,3,0.1,17.78,6
1122,3,0.1,16.46,6
1123,3,0.1,16.8,6
1124,3,0.1,16.52,6
1125,3,0.1,17.8,6
1126,3,0.1,16.46,6
1127,3,0.1,17.28,6
1128,3,0.1,19.26,6
1129,3,0.1,17.32,6
1130,3,0.1,16.6,6
1131,3,0.1,17.02,6
1132,3,0.1,17.16,6
1133,3,0.1,16.38,6
1134,3,0.1,17.08,6
1135,3,0.1,16.84,6
1136,3,0.1,17.52,6
1137,3,0.1,17.66,6
1138,3,0.1,17.52,6
1139,3,0.1,17.68,6
1140,3,0.1,18.08,6
1141,3,0.1,16.72,6
1142,3,0.1,16.42,6
1143,3,0.1,16.54,6
1144,3,0.1,16.36,6
1145,3,0.1,16.14,6
1146,3,0.1,17.12,6
1147,3,0.1,17.56,6
1148,3,0.1,17.6,6
1149,3,0.1,15.9,6
1150,3,0.1,16.04,6
1151,3,0.1,16.74,6
1152,3,0.1,16.94,6
1153,3,0.1,17.6,6
1154,3,0.1,17.84,6
1155,3,0.1,18.08,6
1156,3,0.1,16.46,6
1157,3,0.1,18.4,6
1158,3,0.1,15.22,6
1159,3,0.1,16.36,6
1160,3,0.1,16.22,6
1161,3,0.1,17.86,6
1162,3,0.1,17.5,6
1163,3,0.1,17.16,6
1164,3,0.1,16.58,6
1165,3,0.1,17.16,6
1166,3,0.1,15.84,6
1167,3,0.1,15.5,6
1168,3,0.1,15.88,6
1169,3,0.1,16.88,6
1170,3,0.1,16.58,6
1171,3,0.1,16.52,6
1172,3,0.1,15.96,6
1173,3,0.1,17.12,6
1174,3,0.1,16.48,6
1175,3,0.1,15.92,6
1176,3,0.1,15.52,6
1177,3,0.1,16.82,6
1178,3,0.1,18.24,6
1179,3,0.1,17.4,6
1180,3,0.1,16.48,6
1181,3,0.1,17.5,6
1182,3,0.1,17.56,6
1183,3,0.1,17.14,6
1184,3,0.1,17.56,6
1185,3,0.1,16.0,6
1186,3,0.1,16.3,6
1187,3,0.1,16.44,6
1188,3,0.1,16.92,6
1189,3,0.1,16.5,6
1190,3,0.1,16.56,6
1191,3,0.1,16.36,6
1192,3,0.1,16.64,6
1193,3,0.1,16.48,6
1194,3,0.1,16.78,6
1195,3,0.1,16.44,6
1196,3,0.1,17.02,6
1197,3,0.1,16.6,6
1198,3,0.1,16.72,6
1199,3,0.1,16.84,6
1200,3,0.1,16.32,6
1201,3,0.1,17.32,6
1202,3,0.1,17.88,6
1203,3,0.1,17.46,6
1204,3,0.1,15.84,6
1205,3,0.1,16.7,6
1206,3,0.1,18.24,6
1207,3,0.1,18.56,6
1208,3,0.1,16.8,6
1209,3,0.1,18.6,6
1210,3,0.1,16.68,6
1211,3,0.1,16.06,6
1212,3,0.1,16.22,6
1213,3,0.1,16.22,6
1214,3,0.1,17.28,6
1215,3,0.1,17.6,6
1216,3,0.1,16.94,6
1217,3,0.1,15.5,6
1218,3,0.1,16.82,6
1219,3,0.1,17.84,6
1220,3,0.1,16.42,6
1221,3,0.1,16.44,6
1222,3,0.1,16.62,6
1223,3,0.1,17.04,6
1224,3,0.1,16.84,6
1225,3,0.1,17.14,6
1226,3,0.1,17.46,6
1227,3,0.1,17.7,6
1228,3,0.1,17.86,6
1229,3,0.1,16.86,6
1230,3,0.1,17.0,6
1231,3,0.1,17.86,6
1232,3,0.1,17.6,6
1233,3,0.1,16.48,6
1234,3,0.1,17.04,6
1235,3,0.1,17.3,6
1236,3,0.1,16.36,6
1237,3,0.1,16.08,6
1238,3,0.1,17.14,6
1239,3,0.1,16.02,6
1240,3,0.1,15.48,6
1241,3,0.1,15.88,6
1242,3,0.1,17.86,6
1243,3,0.1,17.88,6
1244,3,0.1,16.92,6
1245,3,0.1,18.02,6
1246,3,0.1,17.5,6
1247,3,0.1,17.8,6
1248,3,0.1,15.78,6
1249,3,0.1,18.56,6
1250,3,0.1,15.5,6
1251,3,0.1,16.8,6
1252,3,0.1,16.4,6
1253,3,0.1,15.94,6
1254,3,0.1,16.76,6
1255,3,0.1,17.02,6
1256,3,0.1,16.36,6
1257,3,0.1,17.14,6
1258,3,0.1,17.78,6
1259,3,0.1,16.66,6
1260,3,0.1,15.96,6
1261,3,0.1,18.08,6
1262,3,0.1,16.38,6
1263,3,0.1,16.72,6
1264,3,0.1,16.06,6
1265,3,0.1,16.9,6
1266,3,0.1,18.32,6
1267,3,0.1,17.08,6
1268,3,0.1,17.34,6
1269,3,0.1,16.72,6
1270,3,0.1,16.16,6
1271,3,0.1,18.3,6
1272,3,0.1,17.32,6
1273,3,0.1,17.38,6
1274,3,0.1,19.16,6
1275,3,0.1,17.58,6
1276,3,0.1,17.42,6
1277,3,0.1,17.48,6
1278,3,0.1,16.96,6
1279,3,0.1,15.76,6
1280,3,0.1,17.94,6
1281,3,0.1,17.36,6
1282,3,0.1,16.64,6
1283,3,0.1,16.92,6
1284,3,0.1,17.4,6
1285,3,0.1,16.6,6
1286,3,0.1,18.9,6
1287,3,0.1,17.94,6
1288,3,0.1,18.64,6
1289,3,0.1,17.16,6
1290,3,0.1,16.18,6
1291,3,0.1,15.06,6
1292,3,0.1,17.58,6
1293,3,0.1,17.16,6
1294,3,0.1,16.46,6
1295,3,0.1,17.42,6
1296,3,0.1,15.32,6
1297,3,0.1,17.26,6
1298,3,0.1,17.5,6
1299,3,0.1,15.8,6
1300,3,0.1,16.96,6
1301,3,0.1,15.62,6
1302,3,0.1,16.96,6
1303,3,0.1,16.22,6
1304,3,0.1,16.48,6
1305,3,0.1,15.4,6
1306,3,0.1,16.8,6
1307,3,0.1,18.22,6
1308,3,0.1,15.26,6
1309,3,0.1,15.86,6
1310,3,0.1,16.14,6
1311,3,0.1,15.64,6
1312,3,0.1,18.06,6
1313,3,0.1,16.22,6
1314,3,0.1,16.88,6
1315,3,0.1,16.7,6
1316,3,0.1,17.44,6
1317,3,0.1,17.88,6
1318,3,0.1,17.76,6
1319,3,0.1,17.74,6
1320,3,0.1,17.12,6
1321,3,0.1,15.92,6
1322,3,0.1,17.26,6
1323,3,0.1,16.3,6
1324,3,0.1,16.58,6
1325,3,0.1,15.82,6
1326,3,0.1,17.08,6
1327,3,0.1,17.34,6
1328,3,0.1,16.32,6
1329,3,0.1,17.04,6
1330,3,0.1,16.06,6
1331,3,0.1,16.68,6
1332,3,0.1,15.82,6
1333,3,0.1,15.6,6
1334,3,0.1,17.06,6
1335,3,0.1,17.9,6
1336,3,0.1,16.72,6
1337,3,0.1,17.12,6
1338,3,0.1,17.0,6
1339,3,0.1,16.68,6
1340,3,0.1,17.26,6
1341,3,0.1,17.06,6
1342,3,0.1,16.76,6
1343,3,0.1,16.84,6
1344,3,0.1,17.38,6
1345,3,0.1,17.68,6
1346,3,0.1,17.68,6
1347,3,0.1,16.56,6
1348,3,0.1,17.04,6
1349,3,0.1,17.34,6
1350,3,0.1,16.88,6
1351,3,0.1,16.62,6
1352,3,0.1,16.22,6
1353,3,0.1,17.82,6
1354,3,0.1,16.88,6
1355,3,0.1,16.84,6
1356,3,0.1,18.24,6
1357,3,0.1,18.6,6
1358,3,0.1,17.68,6
1359,3,0.1,18.6,6
1360,3,0.1,16.78,6
1361,3,0.1,18.22,6
1362,3,0.1,17.42,6
1363,3,0.1,17.74,6
1364,3,0.1,17.12,6
1365,3,0.1,18.22,6
1366,3,0.1,16.48,6
1367,3,0.1,18.26,6
1368,3,0.1,17.26,6
1369,3,0.1,17.02,6
1370,3,0.1,16.96,6
1371,3,0.1,18.64,6
1372,3,0.1,16.7,6
1373,3,0.1,17.56,6
1374,3,0.1,17.48,6
1375,3,0.1,16.54,6
1376,3,0.1,17.26,6
1377,3,0.1,16.62,6
1378,3,0.1,17.02,6
1379,3,0.1,15.74,6
1380,3,0.1,16.94,6
1381,3,0.1,17.86,6
1382,3,0.1,16.92,6
1383,3,0.1,17.12,6
1384,3,0.1,18.18,6
1385,3,0.1,16.68,6
1386,3,0.1,16.18,6
1387,3,0.1,17.02,6
1388,3,0.1,18.34,6
1389,3,0.1,17.56,6
1390,3,0.1,16.24,6
1391,3,0.1,16.7,6
1392,3,0.1,16.9,5
1393,3,0.1,16.02,5
1394,3,0.1,16.84,5
1395,3,0.1,16.38,5
1396,3,0.1,16.22,5
1397,3,0.1,16.42,5
1398,3,0.1,14.7,5
1399,3,0.1,16.62,5
1400,3,0.1,16.64,5
1401,3,0.1,15.46,5
1402,3,0.1,15.52,5
1403,3,0.1,16.84,5
1404,3,0.1,16.58,5
1405,3,0.1,16.2,5
1406,3,0.1,15.76,5
1407,3,0.1,16.34,5
1408,3,0.1,18.04,5
1409,3,0.1,15.58,5
1410,3,0.1,15.26,5
1411,3,0.1,15.24,5
1412,3,0.1,15.92,5
1413,3,0.1,17.94,5
1414,3,0.1,16.24,5
1415,3,0.1,15.02,5
1416,3,0.1,16.42,5
1417,3,0.1,15.58,5
1418,3,0.1,15.54,5
1419,3,0.1,16.8,5
1420,3,0.1,18.14,5
1421,3,0.1,16.4,5
1422,3,0.1,17.08,5
1423,3,0.1,15.52,5
1424,3,0.1,16.82,5
1425,3,0.1,16.06,5
1426,3,0.1,16.44,5
1427,3,0.1,16.08,5
1428,3,0.1,15.4,5
1429,3,0.1,16.84,5
1430,3,0.1,16.48,5
1431,3,0.1,16.14,5
1432,3,0.1,15.96,5
1433,3,0.1,15.6,5
1434,3,0.1,15.94,5
1435,3,0.1,16.66,5
1436,3,0.1,15.84,5
1437,3,0.1,16.76,5
1438,3,0.1,15.34,5
1439,3,0.1,15.68,5
1440,3,0.1,17.68,5
1441,3,0.1,15.36,5
1442,3,0.1,16.4,5
1443,3,0.1,16.46,5
1444,3,0.1,15.74,5
1445,3,0.1,15.54,5
1446,3,0.1,15.42,5
1447,3,0.1,16.54,5
1448,3,0.1,16.44,5
1449,3,0.1,15.4,5
1450,3,0.1,15.64,5
1451,3,0.1,16.04,5
1452,3,0.1,16.76,5
1453,3,0.1,16.68,5
1454,3,0.1,16.18,5
1455,3,0.1,15.98,5
1456,3,0.1,16.86,5
1457,3,0.1,17.3,5
1458,3,0.1,16.9,5
1459,3,0.1,15.2,5
1460,3,0.1,14.62,5
1461,3,0.1,15.9,5
1462,3,0.1,14.98,5
1463,3,0.1,16.9,5
1464,3,0.1,15.96,5
1465,3,0.1,15.34,5
1466,3,0.1,16.72,5
1467,3,0.1,15.58,5
1468,3,0.1,15.34,5
1469,3,0.1,15.66,5
1470,3,0.1,15.46,5
1471,3,0.1,16.3,5
1472,3,0.1,17.2,5
1473,3,0.1,16.24,5
1474,3,0.1,16.54,5
1475,3,0.1,16.42,5
1476,3,0.1,15.98,5
1477,3,0.1,16.28,5
1478,3,0.1,16.36,5
1479,3,0.1,16.68,5
1480,3,0.1,16.88,5
1481,3,0.1,18.46,5
1482,3,0.1,17.74,5
1483,3,0.1,17.94,5
1484,3,0.1,16.46,5
1485,3,0.1,16.1,5
1486,3,0.1,18.28,5
1487,3,0.1,15.38,5
1488,3,0.1,16.14,5
1489,3,0.1,15.96,5
1490,3,0.1,14.7,5
1491,3,0.1,16.82,5
1492,3,0.1,15.26,5
1493,3,0.1,16.36,5
1494,3,0.1,15.46,5
1495,3,0.1,14.52,5
1496,3,0.1,15.14,5
1497,3,0.1,14.9,5
1498,3,0.1,16.22,5
1499,3,0.1,16.44,5
1500,3,0.1,17.04,5
1501,3,0.1,15.4,5
1502,3,0.1,15.48,5
1503,3,0.1,16.48,5
1504,3,0.1,15.84,5
1505,3,0.1,16.44,5
1506,3,0.1,16.06,5
1507,3,0.1,15.26,5
1508,3,0.1,16.28,5
1509,3,0.1,16.1,5
1510,3,0.1,15.36,5
1511,3,0.1,16.4,5
1512,3,0.1,17.54,5
1513,3,0.1,17.58,5
1514,3,0.1,16.64,5
1515,3,0.1,16.64,5
1516,3,0.1,16.22,5
1517,3,0.1,16.96,5
1518,3,0.1,16.82,5
1519,3,0.1,14.6,5
1520,3,0.1,15.2,5
1521,3,0.1,15.68,5
1522,3,0.1,15.26,5
1523,3,0.1,16.02,5
1524,3,0.1,15.6,5
1525,3,0.1,15.48,5
1526,3,0.1,15.9,5
1527,3,0.1,15.78,5
1528,3,0.1,16.16,5
1529,3,0.1,15.58,5
1530,3,0.1,14.56,5
1531,3,0.1,15.44,5
1532,3,0.1,16.52,5
1533,3,0.1,14.56,5
1534,3,0.1,16.3,5
1535,3,0.1,17.56,5
1536,3,0.1,15.94,5
1537,3,0.1,17.44,5
1538,3,0.1,16.36,5
1539,3,0.1,15.58,5
1540,3,0.1,15.96,5
1541,3,0.1,17.12,5
1542,3,0.1,16.9,5
1543,3,0.1,15.34,5
1544,3,0.1,16.52,5
1545,3,0.1,15.68,5
1546,3,0.1,15.12,5
1547,3,0.1,15.56,5
1548,3,0.1,16.04,5
1549,3,0.1,16.62,5
1550,3,0.1,15.72,5
1551,3,0.1,15.52,5
1552,3,0.1,16.92,5
1553,3,0.1,16.04,5
1554,3,0.1,15.76,5
1555,3,0.1,16.38,5
1556,3,0.1,16.26,5
1557,3,0.1,17.12,5
1558,3,0.1,16.5,5
1559,3,0.1,15.28,5
1560,3,0.1,15.86,5
1561,3,0.1,17.16,5
1562,3,0.1,17.04,5
1563,3,0.1,16.12,5
1564,3,0.1,17.2,5
1565,3,0.1,15.42,5
1566,3,0.1,16.3,5
1567,3,0.1,16.62,5
1568,3,0.1,15.04,5
1569,3,0.1,16.2,5
1570,3,0.1,16.58,5
1571,3,0.1,16.1,5
1572,3,0.1,16.64,5
1573,3,0.1,16.3,5
1574,3,0.1,15.88,5
1575,3,0.1,15.68,5
1576,3,0.1,16.26,5
1577,3,0.1,16.98,5
1578,3,0.1,15.16,5
1579,3,0.1,14.7,5
1580,3,0.1,16.02,5
1581,3,0.1,15.38,5
1582,3,0.1,16.28,5
1583,3,0.1,17.28,5
1584,3,0.1,15.68,5
1585,3,0.1,15.36,5
1586,3,0.1,14.92,5
1587,3,0.1,15.54,5
1588,3,0.1,16.08,5
1589,3,0.1,17.4,5
1590,3,0.1,17.4,5
1591,3,0.1,15.86,5
1592,3,0.1,15.66,5
1593,3,0.1,15.44,5
1594,3,0.1,17.44,5
1595,3,0.1,16.22,5
1596,3,0.1,16.36,5
1597,3,0.1,16.5,5
1598,3,0.1,16.54,5
1599,3,0.1,16.22,5
1600,3,0.1,16.9,5
1601,3,0.1,16.5,5
1602,3,0.1,16.7,5
1603,3,0.1,14.9,5
1604,3,0.1,17.22,5
1605,3,0.1,15.78,5
1606,3,0.1,15.2,5
1607,3,0.1,15.26,5
1608,3,0.1,14.78,5
1609,3,0.1,15.44,5
1610,3,0.1,16.38,5
1611,3,0.1,17.2,5
1612,3,0.1,16.78,5
1613,3,0.1,16.02,5
1614,3,0.1,17.16,5
1615,3,0.1,16.04,5
1616,3,0.1,16.14,5
1617,3,0.1,16.2,5
1618,3,0.1,15.96,5
1619,3,0.1,16.46,5
1620,3,0.1,16.96,5
1621,3,0.1,17.22,5
1622,3,0.1,16.86,5
1623,3,0.1,16.42,5
1624,3,0.1,15.84,5
1625,3,0.1,16.5,5
1626,3,0.1,14.84,5
1627,3,0.1,16.2,5
1628,3,0.1,15.76,5
1629,3,0.1,17.4,5
1630,3,0.1,16.26,5
1631,3,0.1,16.2,5
1632,3,0.1,15.46,5
1633,3,0.1,16.18,5
1634,3,0.1,15.84,5
1635,3,0.1,17.4,5
1636,3,0.1,14.48,5
1637,3,0.1,15.38,5
1638,3,0.1,16.26,5
1639,3,0.1,16.14,5
1640,3,0.1,15.48,5
1641,3,0.1,16.24,5
1642,3,0.1,15.56,5
1643,3,0.1,17.42,5
1644,3,0.1,18.28,5
1645,3,0.1,16.02,5
1646,3,0.1,15.6,5
1647,3,0.1,15.6,5
1648,3,0.1,17.64,5
1649,3,0.1,15.94,5
1650,3,0.1,15.86,5
1651,3,0.1,16.22,5
1652,3,0.1,16.32,5
1653,3,0.1,16.94,5
1654,3,0.1,15.38,5
1655,3,0.1,16.44,5
1656,3,0.1,16.38,5
1657,3,0.1,16.74,5
1658,3,0.1,16.3,5
1659,3,0.1,16.66,5
1660,3,0.1,16.16,5
1661,3,0.1,15.26,5
1662,3,0.1,16.72,5
1663,3,0.1,16.72,5
1664,3,0.1,15.5,5
1665,3,0.1,16.06,5
1666,3,0.1,17.42,5
1667,3,0.1,18.44,5
1668,3,0.1,15.32,5
1669,3,0.1,15.98,5
1670,3,0.1,14.72,5
1671,3,0.1,16.32,5
1672,3,0.1,16.32,5
1673,3,0.1,16.08,5
1674,3,0.1,16.22,5
1675,3,0.1,16.52,5
1676,3,0.1,15.74,5
1677,3,0.1,15.9,5
1678,3,0.1,16.3,5
1679,3,0.1,15.52,5
1680,3,0.1,16.46,5
1681,3,0.1,15.58,5
1682,3,0.1,16.6,5
1683,3,0.1,16.28,5
1684,3,0.1,16.06,5
1685,3,0.1,15.64,5
1686,3,0.1,15.82,5
1687,3,0.1,15.1,5
1688,3,0.1,15.08,5
1689,3,0.1,15.8,5
1690,3,0.1,16.64,5
1691,3,0.1,15.68,5
1692,3,0.1,17.66,5
1693,3,0.1,15.72,5
1694,3,0.1,14.76,5
1695,3,0.1,15.56,5
1696,3,0.1,16.5,5
1697,3,0.1,18.54,5
1698,3,0.1,16.74,5
1699,3,0.1,17.0,5
1700,3,0.1,16.3,5
1701,3,0.1,15.36,5
1702,3,0.1,16.02,5
1703,3,0.1,16.9,5
1704,3,0.1,16.9,5
1705,3,0.1,15.26,5
1706,3,0.1,16.38,5
1707,3,0.1,16.48,5
1708,3,0.1,16.32,5
1709,3,0.1,16.26,5
1710,3,0.1,16.72,5
1711,3,0.1,15.14,5
1712,3,0.1,16.02,5
1713,3,0.1,15.6,5
1714,3,0.1,14.8,5
1715,3,0.1,15.46,5
1716,3,0.1,15.62,5
1717,3,0.1,16.08,5
1718,3,0.1,16.9,5
1719,3,0.1,15.94,5
1720,3,0.1,16.14,5
1721,3,0.1,16.32,5
1722,3,0.1,16.78,5
1723,3,0.1,16.96,5
1724,3,0.1,15.54,5
1725,3,0.1,16.18,5
1726,3,0.1,15.92,4
1727,3,0.1,15.64,4
1728,3,0.1,15.8,4
1729,3,0.1,15.5,4
1730,3,0.1,16.4,4
1731,3,0.1,14.82,4
1732,3,0.1,15.98,4
1733,3,0.1,16.06,4
1734,3,0.1,15.36,4
1735,3,0.1,13.82,4
1736,3,0.1,14.62,4
1737,3,0.1,15.32,4
1738,3,0.1,15.54,4
1739,3,0.1,16.46,4
1740,3,0.1,14.32,4
1741,3,0.1,14.92,4
1742,3,0.1,15.58,4
1743,3,0.1,16.58,4
1744,3,0.1,15.2,4
1745,3,0.1,16.4,4
1746,3,0.1,15.3,4
1747,3,0.1,15.28,4
1748,3,0.1,14.92,4
1749,3,0.1,14.52,4
1750,3,0.1,15.8,4
1751,3,0.1,14.92,4
1752,3,0.1,15.16,4
1753,3,0.1,14.3,4
1754,3,0.1,16.24,4
1755,3,0.1,15.66,4
1756,3,0.1,16.4,4
1757,3,0.1,14.94,4
1758,3,0.1,14.9,4
1759,3,0.1,14.42,4
1760,3,0.1,15.9,4
1761,3,0.1,15.04,4
1762,3,0.1,15.08,4
1763,3,0.1,15.52,4
1764,3,0.1,15.42,4
1765,3,0.1,15.3,4
1766,3,0.1,14.42,4
1767,3,0.1,15.2,4
1768,3,0.1,15.14,4
1769,3,0.1,13.98,4
1770,3,0.1,15.82,4
1771,3,0.1,14.92,4
1772,3,0.1,15.5,4
1773,3,0.1,15.58,4
1774,3,0.1,15.04,4
1775,3,0.1,14.62,4
1776,3,0.1,15.18,4
1777,3,0.1,14.98,4
1778,3,0.1,15.22,4
1779,3,0.1,15.32,4
1780,3,0.1,15.1,4
1781,3,0.1,15.2,4
1782,3,0.1,15.28,4
1783,3,0.1,15.9,4
1784,3,0.1,16.44,4
1785,3,0.1,15.52,4
1786,3,0.1,15.58,4
1787,3,0.1,16.14,4
1788,3,0.1,15.16,4
1789,3,0.1,14.96,4
1790,3,0.1,15.56,4
1791,3,0.1,17.02,4
1792,3,0.1,15.68,4
1793,3,0.1,14.48,4
1794,3,0.1,15.52,4
1795,3,0.1,15.06,4
1796,3,0.1,16.68,4
1797,3,0.1,16.06,4
1798,3,0.1,16.28,4
1799,3,0.1,15.22,4
1800,3,0.1,15.28,4
1801,3,0.1,16.12,4
1802,3,0.1,15.92,4
1803,3,0.1,15.6,4
1804,3,0.1,15.02,4
1805,3,0.1,15.14,4
1806,3,0.1,16.24,4
1807,3,0.1,14.78,4
1808,3,0.1,14.48,4
1809,3,0.1,15.78,4
1810,3,0.1,14.9,4
1811,3,0.1,14.86,4
1812,3,0.1,15.34,4
1813,3,0.1,15.28,4
1814,3,0.1,15.66,4
1815,3,0.1,14.12,4
1816,3,0.1,15.12,4
1817,3,0.1,15.08,4
1818,3,0.1,15.12,4
1819,3,0.1,14.52,4
1820,3,0.1,16.08,4
1821,3,0.1,15.76,4
1822,3,0.1,15.6,4
1823,3,0.1,14.98,4
1824,3,0.1,15.44,4
1825,3,0.1,15.7,4
1826,3,0.1,16.18,4
1827,3,0.1,16.74,4
1828,3,0.1,16.82,4
1829,3,0.1,16.5,4
1830,3,0.1,16.54,4
1831,3,0.1,16.38,4
1832,3,0.1,16.24,4
1833,3,0.1,16.0,4
1834,3,0.1,14.58,4
1835,3,0.1,16.98,4
1836,3,0.1,15.38,4
1837,3,0.1,15.42,4
1838,3,0.1,15.66,4
1839,3,0.1,14.46,4
1840,3,0.1,14.58,4
1841,3,0.1,16.38,4
1842,3,0.1,16.16,4
1843,3,0.1,16.46,4
1844,3,0.1,15.02,4
1845,3,0.1,16.6,4
1846,3,0.1,16.04,4
1847,3,0.1,15.64,4
1848,3,0.1,16.0,4
1849,3,0.1,15.38,4
1850,3,0.1,16.3,4
1851,3,0.1,14.64,4
1852,3,0.1,15.92,4
1853,3,0.1,14.64,4
1854,3,0.1,15.46,4
1855,3,0.1,15.6,4
1856,3,0.1,15.34,4
1857,3,0.1,15.54,4
1858,3,0.1,16.28,4
1859,3,0.1,16.02,4
1860,3,0.1,15.46,4
1861,3,0.1,15.72,4
1862,3,0.1,16.24,4
1863,3,0.1,15.52,4
1864,3,0.1,14.04,4
1865,3,0.1,15.36,4
1866,3,0.1,15.08,4
1867,3,0.1,14.02,4
1868,3,0.1,13.24,4
1869,3,0.1,15.08,4
1870,3,0.1,14.24,4
1871,3,0.1,15.02,4
1872,3,0.1,15.44,4
1873,3,0.1,15.3,4
1874,3,0.1,14.46,4
1875,3,0.1,16.16,4
1876,3,0.1,16.06,4
1877,3,0.1,16.22,4
1878,3,0.1,15.78,4
1879,3,0.1,15.86,4
1880,3,0.1,15.5,4
1881,3,0.1,15.0,4
1882,3,0.1,16.48,4
1883,3,0.1,15.56,4
1884,3,0.1,14.84,4
1885,3,0.1,15.44,4
1886,3,0.1,14.56,4
1887,3,0.1,15.24,4
1888,3,0.1,14.02,4
1889,3,0.1,15.18,4
1890,3,0.1,15.36,4
1891,3,0.1,16.36,4
1892,3,0.1,16.36,4
1893,3,0.1,15.7,4
1894,3,0.1,13.96,4
1895,3,0.1,15.84,4
1896,3,0.1,15.8,4
1897,3,0.1,16.46,4
1898,3,0.1,15.9,4
1899,3,0.1,15.28,4
1900,3,0.1,15.62,4
1901,3,0.1,15.7,4
1902,3,0.1,15.04,4
1903,3,0.1,14.92,4
1904,3,0.1,15.72,4
1905,3,0.1,16.96,4
1906,3,0.1,16.34,4
1907,3,0.1,15.02,4
1908,3,0.1,14.28,4
1909,3,0.1,14.92,4
1910,3,0.1,15.6,4
1911,3,0.1,15.3,4
1912,3,0.1,15.34,4
1913,3,0.1,16.38,4
1914,3,0.1,15.54,4
1915,3,0.1,14.84,4
1916,3,0.1,15.26,4
1917,3,0.1,14.6,4
1918,3,0.1,15.24,4
1919,3,0.1,16.46,4
1920,3,0.1,15.68,4
1921,3,0.1,16.72,4
1922,3,0.1,16.02,4
1923,3,0.1,16.08,4
1924,3,0.1,15.9,4
1925,3,0.1,15.72,4
1926,3,0.1,14.76,4
1927,3,0.1,15.4,4
1928,3,0.1,15.38,4
1929,3,0.1,15.52,4
1930,3,0.1,15.72,4
1931,3,0.1,16.94,4
1932,3,0.1,15.26,4
1933,3,0.1,14.94,4
1934,3,0.1,14.46,4
1935,3,0.1,16.5,4
1936,3,0.1,14.26,4
1937,3,0.1,14.98,4
1938,3,0.1,15.94,4
1939,3,0.1,14.5,4
1940,3,0.1,13.82,4
1941,3,0.1,14.84,4
1942,3,0.1,13.46,4
1943,3,0.1,14.52,4
1944,3,0.1,16.54,4
1945,3,0.1,15.96,4
1946,3,0.1,16.76,4
1947,3,0.1,15.48,4
1948,3,0.1,14.34,4
1949,3,0.1,15.08,4
1950,3,0.1,15.72,4
1951,3,0.1,14.32,4
1952,3,0.1,14.74,4
1953,3,0.1,15.82,4
1954,3,0.1,14.96,4
1955,3,0.1,15.12,4
1956,3,0.1,15.0,4
1957,3,0.1,14.44,4
1958,3,0.1,14.74,4
1959,3,0.1,14.92,4
1960,3,0.1,14.58,4
1961,3,0.1,14.32,4
1962,3,0.1,14.14,4
1963,3,0.1,14.62,4
1964,3,0.1,15.04,4
1965,3,0.1,15.34,4
1966,3,0.1,16.28,4
1967,3,0.1,15.58,4
1968,3,0.1,14.42,4
1969,3,0.1,16.1,4
1970,3,0.1,14.4,4
1971,3,0.1,15.42,4
1972,3,0.1,15.18,4
1973,3,0.1,15.06,4
1974,3,0.1,14.76,4
1975,3,0.1,15.58,4
1976,3,0.1,16.02,4
1977,3,0.1,16.44,4
1978,3,0.1,15.04,4
1979,3,0.1,14.52,4
1980,3,0.1,16.12,4
1981,3,0.1,17.16,4
1982,3,0.1,14.86,4
1983,3,0.1,15.08,4
1984,3,0.1,14.8,4
1985,3,0.1,15.38,4
1986,3,0.1,16.2,4
1987,3,0.1,15.46,4
1988,3,0.1,15.24,4
1989,3,0.1,16.26,4
1990,3,0.1,15.04,4
1991,3,0.1,16.38,4
1992,3,0.1,15.36,4
1993,3,0.1,14.9,4
1994,3,0.1,14.02,4
1995,3,0.1,14.8,4
1996,3,0.1,14.92,4
1997,3,0.1,15.26,4
1998,3,0.1,15.68,4
1999,3,0.1,14.34,4
2000,3,0.1,16.32,4
0,4,0.1,57.86,40
1,4,0.1,47.0,37
2,4,0.1,42.56,35
3,4,0.1,40.84,33
4,4,0.1,39.1,33
5,4,0.1,36.2,30
6,4,0.1,35.84,30
7,4,0.1,35.48,28
8,4,0.1,33.98,25
9,4,0.1,32.62,25
10,4,0.1,32.0,23
11,4,0.1,29.84,23
12,4,0.1,29.98,23
13,4,0.1,29.56,23
14,4,0.1,28.76,22
15,4,0.1,29.14,22
16,4,0.1,29.88,22
17,4,0.1,29.5,22
18,4,0.1,29.1,22
19,4,0.1,29.26,22
20,4,0.1,29.38,22
21,4,0.1,30.14,22
22,4,0.1,30.04,22
23,4,0.1,30.22,20
24,4,0.1,27.42,19
25,4,0.1,26.72,19
26,4,0.1,27.26,19
27,4,0.1,27.34,19
28,4,0.1,25.74,19
29,4,0.1,27.08,19
30,4,0.1,28.12,19
31,4,0.1,27.46,19
32,4,0.1,27.78,19
33,4,0.1,27.42,19
34,4,0.1,27.7,19
35,4,0.1,25.58,19
36,4,0.1,26.56,19
37,4,0.1,27.38,19
38,4,0.1,26.4,19
39,4,0.1,26.98,19
40,4,0.1,27.14,19
41,4,0.1,26.4,18
42,4,0.1,26.1,18
43,4,0.1,24.74,18
44,4,0.1,25.5,18
45,4,0.1,26.36,18
46,4,0.1,25.96,17
47,4,0.1,24.32,17
48,4,0.1,25.0,17
49,4,0.1,25.6,17
50,4,0.1,25.96,17
51,4,0.1,26.12,17
52,4,0.1,25.0,17
53,4,0.1,25.86,16
54,4,0.1,24.3,16
55,4,0.1,25.32,16
56,4,0.1,23.82,16
57,4,0.1,23.72,16
58,4,0.1,24.84,16
59,4,0.1,23.68,16
60,4,0.1,24.5,16
61,4,0.1,24.44,16
62,4,0.1,23.38,16
63,4,0.1,23.88,16
64,4,0.1,23.82,15
65,4,0.1,23.66,15
66,4,0.1,24.14,15
67,4,0.1,22.8,15
68,4,0.1,23.78,14
69,4,0.1,23.08,14
70,4,0.1,21.78,14
71,4,0.1,21.92,14
72,4,0.1,23.26,14
73,4,0.1,21.14,14
74,4,0.1,22.36,14
75,4,0.1,24.02,14
76,4,0.1,22.98,14
77,4,0.1,23.78,14
78,4,0.1,24.56,14
79,4,0.1,23.22,14
80,4,0.1,23.44,14
81,4,0.1,23.5,14
82,4,0.1,23.6,14
83,4,0.1,24.26,14
84,4,0.1,22.64,14
85,4,0.1,23.5,14
86,4,0.1,22.7,14
87,4,0.1,23.36,14
88,4,0.1,22.5,14
89,4,0.1,22.74,14
90,4,0.1,23.12,14
91,4,0.1,23.56,14
92,4,0.1,23.04,14
93,4,0.1,23.68,14
94,4,0.1,23.16,14
95,4,0.1,23.52,14
96,4,0.1,24.98,14
97,4,0.1,24.22,14
98,4,0.1,21.78,14
99,4,0.1,23.38,14
100,4,0.1,23.6,14
101,4,0.1,22.82,14
102,4,0.1,22.44,14
103,4,0.1,22.54,14
104,4,0.1,22.78,14
105,4,0.1,22.12,14
106,4,0.1,22.04,14
107,4,0.1,22.64,14
108,4,0.1,23.2,14
109,4,0.1,22.64,14
110,4,0.1,22.08,14
111,4,0.1,22.66,14
112,4,0.1,23.68,14
113,4,0.1,21.92,14
114,4,0.1,22.86,14
115,4,0.1,21.92,14
116,4,0.1,22.4,14
117,4,0.1,22.64,14
118,4,0.1,22.88,13
119,4,0.1,21.06,13
120,4,0.1,22.2,13
121,4,0.1,22.18,13
122,4,0.1,21.12,13
123,4,0.1,20.66,13
124,4,0.1,21.54,13
125,4,0.1,21.22,13
126,4,0.1,22.02,13
127,4,0.1,21.2,13
128,4,0.1,22.24,13
129,4,0.1,21.8,13
130,4,0.1,22.16,13
131,4,0.1,22.44,13
132,4,0.1,22.06,13
133,4,0.1,21.9,13
134,4,0.1,22.22,13
135,4,0.1,22.52,13
136,4,0.1,22.28,13
137,4,0.1,21.94,13
138,4,0.1,23.2,13
139,4,0.1,22.1,13
140,4,0.1,22.64,13
141,4,0.1,21.36,13
142,4,0.1,21.74,13
143,4,0.1,22.66,13
144,4,0.1,22.34,13
145,4,0.1,22.14,13
146,4,0.1,21.46,13
147,4,0.1,22.84,13
148,4,0.1,22.26,13
149,4,0.1,22.44,13
150,4,0.1,20.8,13
151,4,0.1,21.72,13
152,4,0.1,22.1,13
153,4,0.1,20.64,13
154,4,0.1,22.0,13
155,4,0.1,23.36,13
156,4,0.1,23.18,13
157,4,0.1,22.04,13
158,4,0.1,21.84,13
159,4,0.1,21.48,13
160,4,0.1,22.54,13
161,4,0.1,22.54,13
162,4,0.1,23.96,13
163,4,0.1,21.64,13
164,4,0.1,22.7,13
165,4,0.1,23.3,13
166,4,0.1,21.5,13
167,4,0.1,22.22,13
168,4,0.1,21.44,13
169,4,0.1,21.66,13
170,4,0.1,21.7,13
171,4,0.1,22.1,13
172,4,0.1,21.38,13
173,4,0.1,22.7,13
174,4,0.1,22.4,13
175,4,0.1,21.24,13
176,4,0.1,22.38,13
177,4,0.1,21.56,13
178,4,0.1,21.46,13
179,4,0.1,22.96,13
180,4,0.1,23.3,13
181,4,0.1,21.82,13
182,4,0.1,21.24,13
183,4,0.1,21.52,13
184,4,0.1,22.42,13
185,4,0.1,20.8,13
186,4,0.1,21.44,13
187,4,0.1,22.82,13
188,4,0.1,22.98,13
189,4,0.1,22.42,13
190,4,0.1,22.54,13
191,4,0.1,23.6,13
192,4,0.1,22.76,13
193,4,0.1,22.66,13
194,4,0.1,21.94,13
195,4,0.1,22.32,13
196,4,0.1,21.24,13
197,4,0.1,22.08,13
198,4,0.1,21.86,13
199,4,0.1,22.0,13
200,4,0.1,22.38,13
201,4,0.1,22.6,13
202,4,0.1,21.52,13
203,4,0.1,21.58,13
204,4,0.1,21.96,13
205,4,0.1,22.1,13
206,4,0.1,21.26,13
207,4,0.1,22.4,13
208,4,0.1,22.14,13
209,4,0.1,21.98,13
210,4,0.1,21.84,13
211,4,0.1,20.98,13
212,4,0.1,21.32,13
213,4,0.1,21.44,13
214,4,0.1,21.42,13
215,4,0.1,21.34,13
216,4,0.1,21.52,13
217,4,0.1,22.34,13
218,4,0.1,21.8,13
219,4,0.1,22.34,13
220,4,0.1,22.1,13
221,4,0.1,23.0,13
222,4,0.1,21.64,13
223,4,0.1,21.22,13
224,4,0.1,23.02,13
225,4,0.1,21.6,13
226,4,0.1,22.24,13
227,4,0.1,22.96,13
228,4,0.1,23.38,13
229,4,0.1,22.78,13
230,4,0.1,21.5,13
231,4,0.1,22.92,13
232,4,0.1,21.9,13
233,4,0.1,23.0,13
234,4,0.1,21.84,13
235,4,0.1,22.42,13
236,4,0.1,23.4,13
237,4,0.1,21.68,13
238,4,0.1,22.4,13
239,4,0.1,22.66,13
240,4,0.1,21.46,13
241,4,0.1,21.18,11
242,4,0.1,20.58,11
243,4,0.1,20.02,11
244,4,0.1,20.32,11
245,4,0.1,21.14,11
246,4,0.1,20.26,11
247,4,0.1,20.18,11
248,4,0.1,21.0,11
249,4,0.1,20.46,11
250,4,0.1,19.84,11
251,4,0.1,19.78,11
252,4,0.1,21.78,11
253,4,0.1,19.84,11
254,4,0.1,19.86,11
255,4,0.1,19.64,11
256,4,0.1,21.06,11
257,4,0.1,20.78,11
258,4,0.1,19.64,11
259,4,0.1,21.16,11
260,4,0.1,21.26,11
261,4,0.1,20.02,11
262,4,0.1,20.66,11
263,4,0.1,20.72,11
264,4,0.1,20.68,11
265,4,0.1,21.04,11
266,4,0.1,20.84,11
267,4,0.1,20.36,11
268,4,0.1,19.92,11
269,4,0.1,21.78,11
270,4,0.1,19.36,11
271,4,0.1,20.02,11
272,4,0.1,19.94,11
273,4,0.1,21.2,11
274,4,0.1,20.22,11
275,4,0.1,21.68,11
276,4,0.1,21.32,11
277,4,0.1,20.74,11
278,4,0.1,18.74,11
279,4,0.1,19.8,11
280,4,0.1,22.32,11
281,4,0.1,20.08,11
282,4,0.1,20.42,11
283,4,0.1,20.2,11
284,4,0.1,20.02,11
285,4,0.1,20.66,11
286,4,0.1,19.94,11
287,4,0.1,20.56,11
288,4,0.1,20.08,11
289,4,0.1,20.78,11
290,4,0.1,20.7,11
291,4,0.1,20.6,11
292,4,0.1,20.28,11
293,4,0.1,19.5,11
294,4,0.1,21.04,11
295,4,0.1,21.3,11
296,4,0.1,21.08,11
297,4,0.1,20.86,11
298,4,0.1,20.6,11
299,4,0.1,20.08,11
300,4,0.1,19.6,11
301,4,0.1,19.16,11
302,4,0.1,20.84,11
303,4,0.1,20.12,11
304,4,0.1,18.82,11
305,4,0.1,20.82,11
306,4,0.1,20.24,11
307,4,0.1,20.22,11
308,4,0.1,20.7,11
309,4,0.1,20.94,11
310,4,0.1,20.56,11
311,4,0.1,20.22,11
312,4,0.1,20.36,11
313,4,0.1,19.9,11
314,4,0.1,21.12,11
315,4,0.1,19.78,11
316,4,0.1,19.96,11
317,4,0.1,20.62,11
318,4,0.1,21.98,11
319,4,0.1,21.96,11
320,4,0.1,20.22,11
321,4,0.1,20.12,11
322,4,0.1,21.0,11
323,4,0.1,21.3,11
324,4,0.1,21.56,11
325,4,0.1,22.18,11
326,4,0.1,21.78,11
327,4,0.1,21.46,11
328,4,0.1,20.64,11
329,4,0.1,21.04,11
330,4,0.1,20.86,11
331,4,0.1,20.56,11
332,4,0.1,20.46,11
333,4,0.1,21.16,11
334,4,0.1,21.3,11
335,4,0.1,22.34,11
336,4,0.1,21.74,11
337,4,0.1,20.26,11
338,4,0.1,20.5,11
339,4,0.1,20.54,11
340,4,0.1,20.58,11
341,4,0.1,22.34,11
342,4,0.1,21.52,11
343,4,0.1,20.48,11
344,4,0.1,21.12,11
345,4,0.1,22.64,11
346,4,0.1,21.0,11
347,4,0.1,20.2,11
348,4,0.1,19.68,11
349,4,0.1,21.3,11
350,4,0.1,22.36,11
351,4,0.1,21.8,11
352,4,0.1,20.92,11
353,4,0.1,20.74,11
354,4,0.1,20.42,11
355,4,0.1,21.4,11
356,4,0.1,20.68,11
357,4,0.1,22.5,11
358,4,0.1,20.38,11
359,4,0.1,22.04,11
360,4,0.1,21.28,11
361,4,0.1,20.96,11
362,4,0.1,20.8,11
363,4,0.1,20.64,11
364,4,0.1,22.98,11
365,4,0.1,20.72,11
366,4,0.1,21.34,11
367,4,0.1,21.88,11
368,4,0.1,21.06,11
369,4,0.1,20.34,11
370,4,0.1,20.32,11
371,4,0.1,21.8,11
372,4,0.1,19.96,11
373,4,0.1,19.82,11
374,4,0.1,19.18,11
375,4,0.1,20.32,11
376,4,0.1,20.54,11
377,4,0.1,20.1,11
378,4,0.1,21.44,11
379,4,0.1,22.16,11
380,4,0.1,21.42,11
381,4,0.1,19.8,11
382,4,0.1,19.76,11
383,4,0.1,20.18,11
384,4,0.1,20.98,11
385,4,0.1,19.62,11
386,4,0.1,20.34,11
387,4,0.1,20.96,11
388,4,0.1,21.8,11
389,4,0.1,21.22,11
390,4,0.1,19.5,11
391,4,0.1,21.22,11
392,4,0.1,20.64,11
393,4,0.1,19.78,11
394,4,0.1,20.38,11
395,4,0.1,20.26,11
396,4,0.1,19.82,11
397,4,0.1,20.34,11
398,4,0.1,21.96,11
399,4,0.1,20.22,11
400,4,0.1,21.36,11
401,4,0.1,20.18,11
402,4,0.1,19.6,11
403,4,0.1,21.24,11
404,4,0.1,20.56,11
405,4,0.1,19.76,10
406,4,0.1,19.96,10
407,4,0.1,20.72,10
408,4,0.1,19.6,10
409,4,0.1,19.92,10
410,4,0.1,19.18,10
411,4,0.1,19.76,10
412,4,0.1,20.48,10
413,4,0.1,21.04,10
414,4,0.1,20.46,10
415,4,0.1,19.76,10
416,4,0.1,19.82,10
417,4,0.1,19.14,10
418,4,0.1,19.02,10
419,4,0.1,19.7,10
420,4,0.1,20.14,10
421,4,0.1,21.54,10
422,4,0.1,20.16,10
423,4,0.1,21.0,10
424,4,0.1,20.46,10
425,4,0.1,21.54,10
426,4,0.1,19.98,10
427,4,0.1,19.2,10
428,4,0.1,19.44,10
429,4,0.1,19.26,10
430,4,0.1,19.58,10
431,4,0.1,20.56,10
432,4,0.1,20.36,10
433,4,0.1,20.5,10
434,4,0.1,19.24,10
435,4,0.1,19.5,10
436,4,0.1,20.46,10
437,4,0.1,20.38,10
438,4,0.1,19.74,10
439,4,0.1,19.62,10
440,4,0.1,19.76,10
441,4,0.1,19.18,10
442,4,0.1,21.6,10
443,4,0.1,20.38,10
444,4,0.1,19.66,10
445,4,0.1,19.34,10
446,4,0.1,19.54,10
447,4,0.1,20.76,10
448,4,0.1,20.0,10
449,4,0.1,19.38,10
450,4,0.1,19.78,10
451,4,0.1,19.74,10
452,4,0.1,19.36,10
453,4,0.1,19.96,10
454,4,0.1,20.18,10
455,4,0.1,21.34,10
456,4,0.1,20.76,10
457,4,0.1,20.56,10
458,4,0.1,21.3,10
459,4,0.1,21.62,10
460,4,0.1,20.74,10
461,4,0.1,20.08,10
462,4,0.1,19.68,10
463,4,0.1,19.86,10
464,4,0.1,19.54,10
465,4,0.1,19.66,10
466,4,0.1,18.62,10
467,4,0.1,19.5,10
468,4,0.1,19.52,9
469,4,0.1,18.32,9
470,4,0.1,19.9,9
471,4,0.1,20.06,9
472,4,0.1,19.24,9
473,4,0.1,19.02,9
474,4,0.1,19.96,9
475,4,0.1,18.88,9
476,4,0.1,19.48,9
477,4,0.1,19.64,9
478,4,0.1,19.76,9
479,4,0.1,19.46,9
480,4,0.1,18.82,9
481,4,0.1,18.7,9
482,4,0.1,17.92,9
483,4,0.1,17.82,9
484,4,0.1,20.04,9
485,4,0.1,18.38,9
486,4,0.1,19.36,9
487,4,0.1,17.16,9
488,4,0.1,18.36,9
489,4,0.1,19.2,9
490,4,0.1,19.52,9
491,4,0.1,18.36,9
492,4,0.1,18.34,9
493,4,0.1,20.02,9
494,4,0.1,20.1,9
495,4,0.1,19.66,9
496,4,0.1,18.94,9
497,4,0.1,18.5,9
498,4,0.1,19.26,9
499,4,0.1,18.36,9
500,4,0.1,19.3,9
501,4,0.1,19.02,9
502,4,0.1,20.24,9
503,4,0.1,19.08,9
504,4,0.1,19.8,9
505,4,0.1,18.5,9
506,4,0.1,20.14,9
507,4,0.1,20.08,9
508,4,0.1,18.78,9
509,4,0.1,17.92,9
510,4,0.1,19.08,9
511,4,0.1,18.66,9
512,4,0.1,19.08,9
513,4,0.1,19.32,9
514,4,0.1,19.32,9
515,4,0.1,19.26,9
516,4,0.1,19.4,9
517,4,0.1,19.58,9
518,4,0.1,19.4,9
519,4,0.1,19.04,9
520,4,0.1,18.62,9
521,4,0.1,18.56,9
522,4,0.1,19.7,9
523,4,0.1,19.3,9
524,4,0.1,18.96,9
525,4,0.1,18.1,9
526,4,0.1,19.46,9
527,4,0.1,19.72,9
528,4,0.1,20.9,9
529,4,0.1,18.98,9
530,4,0.1,19.7,9
531,4,0.1,19.76,9
532,4,0.1,20.06,9
533,4,0.1,19.04,9
534,4,0.1,20.7,9
535,4,0.1,19.54,9
536,4,0.1,19.36,9
537,4,0.1,19.14,9
538,4,0.1,19.22,9
539,4,0.1,19.0,9
540,4,0.1,19.06,9
541,4,0.1,19.82,9
542,4,0.1,19.24,9
543,4,0.1,20.1,9
544,4,0.1,20.0,9
545,4,0.1,17.76,9
546,4,0.1,18.78,9
547,4,0.1,18.04,9
548,4,0.1,18.84,9
549,4,0.1,18.32,9
550,4,0.1,19.12,9
551,4,0.1,18.56,9
552,4,0.1,18.88,9
553,4,0.1,18.7,9
554,4,0.1,19.48,9
555,4,0.1,18.22,9
556,4,0.1,19.6,9
557,4,0.1,19.62,9
558,4,0.1,19.08,9
559,4,0.1,19.24,9
560,4,0.1,18.06,9
561,4,0.1,17.98,9
562,4,0.1,18.66,9
563,4,0.1,19.58,9
564,4,0.1,17.78,9
565,4,0.1,18.82,9
566,4,0.1,18.56,9
567,4,0.1,18.24,9
568,4,0.1,18.68,9
569,4,0.1,20.42,9
570,4,0.1,20.46,9
571,4,0.1,20.06,9
572,4,0.1,19.94,9
573,4,0.1,21.3,9
574,4,0.1,19.74,9
575,4,0.1,20.22,9
576,4,0.1,17.98,9
577,4,0.1,18.54,9
578,4,0.1,19.26,9
579,4,0.1,19.44,9
580,4,0.1,18.78,9
581,4,0.1,18.96,9
582,4,0.1,19.76,9
583,4,0.1,20.74,9
584,4,0.1,20.48,9
585,4,0.1,18.88,9
586,4,0.1,19.46,9
587,4,0.1,19.22,9
588,4,0.1,18.8,9
589,4,0.1,20.08,9
590,4,0.1,18.68,9
591,4,0.1,18.8,9
592,4,0.1,18.14,9
593,4,0.1,19.24,9
594,4,0.1,20.52,9
595,4,0.1,19.7,9
596,4,0.1,18.24,9
597,4,0.1,18.72,9
598,4,0.1,18.66,9
599,4,0.1,19.6,9
600,4,0.1,18.98,9
601,4,0.1,19.5,9
602,4,0.1,20.3,9
603,4,0.1,19.22,9
604,4,0.1,19.64,9
605,4,0.1,19.82,9
606,4,0.1,20.02,9
607,4,0.1,20.5,9
608,4,0.1,20.12,9
609,4,0.1,18.76,9
610,4,0.1,17.68,9
611,4,0.1,18.16,9
612,4,0.1,19.56,9
613,4,0.1,18.72,9
614,4,0.1,18.54,9
615,4,0.1,18.44,9
616,4,0.1,18.92,9
617,4,0.1,18.54,9
618,4,0.1,18.24,9
619,4,0.1,17.96,9
620,4,0.1,19.54,9
621,4,0.1,18.82,8
622,4,0.1,16.66,8
623,4,0.1,18.38,8
624,4,0.1,17.66,8
625,4,0.1,18.24,8
626,4,0.1,18.06,8
627,4,0.1,19.74,8
628,4,0.1,19.2,8
629,4,0.1,17.14,8
630,4,0.1,18.54,8
631,4,0.1,18.02,8
632,4,0.1,19.2,8
633,4,0.1,17.62,8
634,4,0.1,18.28,8
635,4,0.1,18.06,8
636,4,0.1,17.48,8
637,4,0.1,18.5,8
638,4,0.1,18.38,8
639,4,0.1,18.66,8
640,4,0.1,18.58,8
641,4,0.1,18.2,8
642,4,0.1,18.46,8
643,4,0.1,18.5,8
644,4,0.1,19.0,8
645,4,0.1,18.24,8
646,4,0.1,18.02,8
647,4,0.1,17.92,7
648,4,0.1,17.76,7
649,4,0.1,17.88,7
650,4,0.1,18.0,7
651,4,0.1,18.94,7
652,4,0.1,18.86,7
653,4,0.1,19.2,7
654,4,0.1,18.04,7
655,4,0.1,18.94,7
656,4,0.1,17.8,7
657,4,0.1,17.72,7
658,4,0.1,17.52,7
659,4,0.1,18.22,7
660,4,0.1,17.62,7
661,4,0.1,17.76,5
662,4,0.1,15.56,5
663,4,0.1,16.64,5
664,4,0.1,17.28,5
665,4,0.1,16.6,5
666,4,0.1,17.04,5
667,4,0.1,16.46,5
668,4,0.1,15.92,5
669,4,0.1,17.0,5
670,4,0.1,17.0,5
671,4,0.1,15.48,5
672,4,0.1,16.76,5
673,4,0.1,15.78,5
674,4,0.1,16.04,5
675,4,0.1,16.08,5
676,4,0.1,15.48,5
677,4,0.1,15.54,5
678,4,0.1,16.24,5
679,4,0.1,17.74,5
680,4,0.1,17.44,5
681,4,0.1,18.3,5
682,4,0.1,18.42,5
683,4,0.1,17.42,5
684,4,0.1,16.6,5
685,4,0.1,16.7,5
686,4,0.1,16.52,5
687,4,0.1,16.74,5
688,4,0.1,15.82,5
689,4,0.1,16.98,5
690,4,0.1,16.56,5
691,4,0.1,14.78,5
692,4,0.1,15.08,5
693,4,0.1,16.84,5
694,4,0.1,15.48,5
695,4,0.1,16.5,5
696,4,0.1,17.3,5
697,4,0.1,18.1,5
698,4,0.1,15.12,5
699,4,0.1,15.98,5
700,4,0.1,16.24,5
701,4,0.1,16.38,5
702,4,0.1,15.64,5
703,4,0.1,15.88,5
704,4,0.1,15.9,5
705,4,0.1,17.16,5
706,4,0.1,15.56,5
707,4,0.1,15.6,5
708,4,0.1,15.48,5
709,4,0.1,16.3,5
710,4,0.1,16.22,5
711,4,0.1,16.22,5
712,4,0.1,16.2,5
713,4,0.1,16.36,5
714,4,0.1,15.44,5
715,4,0.1,17.0,5
716,4,0.1,16.56,5
717,4,0.1,15.98,5
718,4,0.1,16.46,5
719,4,0.1,15.4,5
720,4,0.1,16.3,5
721,4,0.1,15.02,5
722,4,0.1,15.6,5
723,4,0.1,15.6,5
724,4,0.1,15.44,5
725,4,0.1,15.64,5
726,4,0.1,17.66,5
727,4,0.1,16.32,5
728,4,0.1,15.4,5
729,4,0.1,16.38,5
730,4,0.1,16.32,4
731,4,0.1,15.7,4
732,4,0.1,15.94,4
733,4,0.1,15.16,4
734,4,0.1,14.98,4
735,4,0.1,15.52,4
736,4,0.1,14.58,4
737,4,0.1,13.9,4
738,4,0.1,16.06,4
739,4,0.1,17.34,4
740,4,0.1,14.82,4
741,4,0.1,14.52,4
742,4,0.1,15.04,4
743,4,0.1,15.48,4
744,4,0.1,15.3,4
745,4,0.1,17.14,4
746,4,0.1,15.1,4
747,4,0.1,16.28,4
748,4,0.1,15.6,4
749,4,0.1,15.68,4
750,4,0.1,15.24,4
751,4,0.1,15.04,4
752,4,0.1,14.64,4
753,4,0.1,15.48,4
754,4,0.1,16.24,4
755,4,0.1,15.34,4
756,4,0.1,15.96,4
757,4,0.1,15.7,4
758,4,0.1,15.76,4
759,4,0.1,15.64,4
760,4,0.1,15.92,4
761,4,0.1,13.0,4
762,4,0.1,15.24,4
763,4,0.1,16.66,4
764,4,0.1,15.76,4
765,4,0.1,16.26,4
766,4,0.1,15.36,4
767,4,0.1,14.82,4
768,4,0.1,15.62,4
769,4,0.1,15.98,4
770,4,0.1,16.62,4
771,4,0.1,15.42,4
772,4,0.1,16.42,4
773,4,0.1,14.86,4
774,4,0.1,15.18,4
775,4,0.1,14.68,4
776,4,0.1,15.38,4
777,4,0.1,16.26,4
778,4,0.1,15.04,4
779,4,0.1,14.0,4
780,4,0.1,16.3,4
781,4,0.1,14.86,4
782,4,0.1,15.46,4
783,4,0.1,15.98,4
784,4,0.1,17.46,4
785,4,0.1,15.04,4
786,4,0.1,14.88,4
787,4,0.1,16.38,4
788,4,0.1,16.22,4
789,4,0.1,14.92,4
790,4,0.1,16.5,4
791,4,0.1,16.56,4
792,4,0.1,15.46,4
793,4,0.1,15.72,4
794,4,0.1,15.1,4
795,4,0.1,15.34,4
796,4,0.1,14.22,4
797,4,0.1,14.5,4
798,4,0.1,15.42,4
799,4,0.1,15.96,4
800,4,0.1,15.14,4
801,4,0.1,14.36,4
802,4,0.1,15.64,4
803,4,0.1,15.84,4
804,4,0.1,15.54,4
805,4,0.1,14.7,4
806,4,0.1,15.08,4
807,4,0.1,15.04,4
808,4,0.1,16.78,4
809,4,0.1,16.94,4
810,4,0.1,15.72,4
811,4,0.1,15.04,4
812,4,0.1,15.02,4
813,4,0.1,14.56,4
814,4,0.1,16.16,4
815,4,0.1,14.96,4
816,4,0.1,15.82,4
817,4,0.1,14.28,4
818,4,0.1,14.86,4
819,4,0.1,14.34,4
820,4,0.1,15.68,4
821,4,0.1,14.32,4
822,4,0.1,15.0,4
823,4,0.1,16.24,4
824,4,0.1,17.12,4
825,4,0.1,16.1,4
826,4,0.1,15.5,4
827,4,0.1,15.5,4
828,4,0.1,15.82,4
829,4,0.1,15.72,4
830,4,0.1,15.62,4
831,4,0.1,15.3,4
832,4,0.1,16.32,4
833,4,0.1,15.2,4
834,4,0.1,14.38,4
835,4,0.1,15.68,4
836,4,0.1,14.2,4
837,4,0.1,15.52,4
838,4,0.1,16.72,4
839,4,0.1,14.78,4
840,4,0.1,15.64,4
841,4,0.1,14.42,4
842,4,0.1,15.96,4
843,4,0.1,14.34,4
844,4,0.1,15.76,4
845,4,0.1,16.02,4
846,4,0.1,15.5,4
847,4,0.1,15.04,4
848,4,0.1,14.48,4
849,4,0.1,14.68,4
850,4,0.1,14.92,4
851,4,0.1,15.28,4
852,4,0.1,15.62,4
853,4,0.1,15.04,4
854,4,0.1,15.52,4
855,4,0.1,16.06,4
856,4,0.1,15.14,4
857,4,0.1,15.54,4
858,4,0.1,14.54,4
859,4,0.1,14.02,4
860,4,0.1,13.5,4
861,4,0.1,13.88,4
862,4,0.1,13.96,4
863,4,0.1,15.28,4
864,4,0.1,14.64,4
865,4,0.1,14.34,4
866,4,0.1,15.42,4
867,4,0.1,13.98,4
868,4,0.1,15.08,4
869,4,0.1,15.76,4
870,4,0.1,15.6,4
871,4,0.1,15.74,4
872,4,0.1,14.5,4
873,4,0.1,16.58,4
874,4,0.1,16.54,4
875,4,0.1,17.7,4
876,4,0.1,16.4,4
877,4,0.1,14.3,4
878,4,0.1,15.52,4
879,4,0.1,17.46,4
880,4,0.1,14.9,4
881,4,0.1,14.14,4
882,4,0.1,14.92,4
883,4,0.1,15.72,4
884,4,0.1,14.24,4
885,4,0.1,15.44,4
886,4,0.1,16.9,4
887,4,0.1,16.38,4
888,4,0.1,15.12,4
889,4,0.1,14.74,4
890,4,0.1,14.42,4
891,4,0.1,15.6,4
892,4,0.1,15.98,4
893,4,0.1,16.1,4
894,4,0.1,16.12,4
895,4,0.1,15.56,4
896,4,0.1,14.84,4
897,4,0.1,14.8,4
898,4,0.1,14.86,4
899,4,0.1,15.62,4
900,4,0.1,15.34,4
901,4,0.1,15.56,4
902,4,0.1,15.18,4
903,4,0.1,14.92,4
904,4,0.1,14.88,4
905,4,0.1,14.54,4
906,4,0.1,15.16,4
907,4,0.1,15.38,4
908,4,0.1,15.3,4
909,4,0.1,13.94,4
910,4,0.1,14.92,4
911,4,0.1,15.26,4
912,4,0.1,14.78,4
913,4,0.1,15.88,4
914,4,0.1,14.48,4
915,4,0.1,16.06,4
916,4,0.1,14.34,4
917,4,0.1,15.82,4
918,4,0.1,15.46,4
919,4,0.1,13.82,4
920,4,0.1,15.76,4
921,4,0.1,15.26,4
922,4,0.1,14.8,4
923,4,0.1,15.36,4
924,4,0.1,15.32,4
925,4,0.1,14.94,4
926,4,0.1,15.06,4
927,4,0.1,14.74,4
928,4,0.1,15.52,4
929,4,0.1,15.06,4
930,4,0.1,16.28,4
931,4,0.1,14.64,4
932,4,0.1,15.12,4
933,4,0.1,15.78,4
934,4,0.1,16.68,4
935,4,0.1,15.94,4
936,4,0.1,15.24,4
937,4,0.1,15.18,4
938,4,0.1,14.5,4
939,4,0.1,16.02,4
940,4,0.1,15.22,4
941,4,0.1,14.9,4
942,4,0.1,14.68,4
943,4,0.1,14.06,4
944,4,0.1,14.82,4
945,4,0.1,15.44,4
946,4,0.1,14.98,4
947,4,0.1,14.02,4
948,4,0.1,15.96,4
949,4,0.1,15.32,4
950,4,0.1,16.64,4
951,4,0.1,15.98,4
952,4,0.1,15.7,4
953,4,0.1,16.76,4
954,4,0.1,16.36,4
955,4,0.1,14.2,4
956,4,0.1,15.9,4
957,4,0.1,14.78,4
958,4,0.1,16.1,4
959,4,0.1,17.42,4
960,4,0.1,15.52,4
961,4,0.1,14.44,4
962,4,0.1,15.7,4
963,4,0.1,16.4,4
964,4,0.1,15.76,4
965,4,0.1,16.48,4
966,4,0.1,16.66,4
967,4,0.1,15.68,4
968,4,0.1,15.42,4
969,4,0.1,14.66,4
970,4,0.1,14.42,4
971,4,0.1,14.94,4
972,4,0.1,14.38,4
973,4,0.1,14.74,4
974,4,0.1,15.18,4
975,4,0.1,14.86,4
976,4,0.1,14.88,4
977,4,0.1,15.38,4
978,4,0.1,16.78,4
979,4,0.1,14.0,4
980,4,0.1,14.5,4
981,4,0.1,16.38,4
982,4,0.1,15.88,4
983,4,0.1,17.1,4
984,4,0.1,15.06,4
985,4,0.1,15.62,4
986,4,0.1,14.56,4
987,4,0.1,14.08,4
988,4,0.1,15.84,4
989,4,0.1,15.58,4
990,4,0.1,14.96,4
991,4,0.1,16.24,4
992,4,0.1,14.64,4
993,4,0.1,14.68,4
994,4,0.1,15.94,4
995,4,0.1,14.72,4
996,4,0.1,15.22,4
997,4,0.1,16.44,4
998,4,0.1,15.56,4
999,4,0.1,13.84,4
1000,4,0.1,15.28,4
1001,4,0.1,16.5,4
1002,4,0.1,16.06,4
1003,4,0.1,14.14,4
1004,4,0.1,15.28,4
1005,4,0.1,16.56,4
1006,4,0.1,15.94,4
1007,4,0.1,15.98,4
1008,4,0.1,15.62,4
1009,4,0.1,14.72,4
1010,4,0.1,15.7,4
1011,4,0.1,15.86,4
1012,4,0.1,15.56,4
1013,4,0.1,14.72,4
1014,4,0.1,15.08,4
1015,4,0.1,16.48,4
1016,4,0.1,16.08,4
1017,4,0.1,15.1,4
1018,4,0.1,14.16,4
1019,4,0.1,14.64,4
1020,4,0.1,15.08,4
1021,4,0.1,14.12,4
1022,4,0.1,15.16,4
1023,4,0.1,14.9,4
1024,4,0.1,14.48,4
1025,4,0.1,14.9,4
1026,4,0.1,17.0,4
1027,4,0.1,15.46,4
1028,4,0.1,15.0,4
1029,4,0.1,15.44,4
1030,4,0.1,15.72,4
1031,4,0.1,15.4,4
1032,4,0.1,16.02,4
1033,4,0.1,13.98,4
1034,4,0.1,15.92,4
1035,4,0.1,15.34,4
1036,4,0.1,14.46,4
1037,4,0.1,15.84,4
1038,4,0.1,14.16,4
1039,4,0.1,15.2,4
1040,4,0.1,14.6,4
1041,4,0.1,14.0,4
1042,4,0.1,16.28,4
1043,4,0.1,15.64,4
1044,4,0.1,14.74,4
1045,4,0.1,15.86,4
1046,4,0.1,15.84,4
1047,4,0.1,16.0,4
1048,4,0.1,14.96,4
1049,4,0.1,15.92,4
1050,4,0.1,15.44,4
1051,4,0.1,15.52,4
1052,4,0.1,14.62,4
1053,4,0.1,14.68,4
1054,4,0.1,15.4,4
1055,4,0.1,16.36,4
1056,4,0.1,15.46,4
1057,4,0.1,15.72,4
1058,4,0.1,13.96,4
1059,4,0.1,14.56,4
1060,4,0.1,15.3,4
1061,4,0.1,15.68,4
1062,4,0.1,15.78,4
1063,4,0.1,16.02,4
1064,4,0.1,16.18,4
1065,4,0.1,14.76,4
1066,4,0.1,15.02,4
1067,4,0.1,14.96,4
1068,4,0.1,15.32,4
1069,4,0.1,15.68,4
1070,4,0.1,14.92,4
1071,4,0.1,15.54,4
1072,4,0.1,16.4,4
1073,4,0.1,15.5,4
1074,4,0.1,14.52,4
1075,4,0.1,15.46,4
1076,4,0.1,15.64,4
1077,4,0.1,14.38,4
1078,4,0.1,14.7,4
1079,4,0.1,15.38,4
1080,4,0.1,15.42,4
1081,4,0.1,14.6,4
1082,4,0.1,13.82,4
1083,4,0.1,15.4,4
1084,4,0.1,16.14,4
1085,4,0.1,16.38,4
1086,4,0.1,13.04,4
1087,4,0.1,14.84,4
1088,4,0.1,16.36,4
1089,4,0.1,15.62,4
1090,4,0.1,15.18,4
1091,4,0.1,14.64,4
1092,4,0.1,15.16,4
1093,4,0.1,16.54,4
1094,4,0.1,15.98,4
1095,4,0.1,15.14,4
1096,4,0.1,15.66,4
1097,4,0.1,16.52,4
1098,4,0.1,15.44,4
1099,4,0.1,14.36,4
1100,4,0.1,16.14,4
1101,4,0.1,15.22,4
1102,4,0.1,16.2,4
1103,4,0.1,16.44,4
1104,4,0.1,14.76,4
1105,4,0.1,16.94,4
1106,4,0.1,15.04,4
1107,4,0.1,14.58,4
1108,4,0.1,15.76,4
1109,4,0.1,15.96,4
1110,4,0.1,15.3,4
1111,4,0.1,15.78,4
1112,4,0.1,15.64,4
1113,4,0.1,14.04,4
1114,4,0.1,15.52,4
1115,4,0.1,14.98,4
1116,4,0.1,15.36,4
1117,4,0.1,15.54,4
1118,4,0.1,15.68,4
1119,4,0.1,13.62,4
1120,4,0.1,14.36,4
1121,4,0.1,14.98,4
1122,4,0.1,15.3,4
1123,4,0.1,15.74,4
1124,4,0.1,17.1,4
1125,4,0.1,16.82,4
1126,4,0.1,16.22,4
1127,4,0.1,15.86,4
1128,4,0.1,15.44,4
1129,4,0.1,14.48,4
1130,4,0.1,14.86,4
1131,4,0.1,16.28,4
1132,4,0.1,14.6,4
1133,4,0.1,14.78,4
1134,4,0.1,16.16,4
1135,4,0.1,15.62,4
1136,4,0.1,16.0,4
1137,4,0.1,15.92,4
1138,4,0.1,15.2,4
1139,4,0.1,14.82,4
1140,4,0.1,14.1,4
1141,4,0.1,15.2,4
1142,4,0.1,15.28,4
1143,4,0.1,17.02,4
1144,4,0.1,15.34,4
1145,4,0.1,14.84,4
1146,4,0.1,15.42,4
1147,4,0.1,15.12,4
1148,4,0.1,15.32,4
1149,4,0.1,15.5,4
1150,4,0.1,15.48,4
1151,4,0.1,15.18,4
1152,4,0.1,15.26,4
1153,4,0.1,14.56,4
1154,4,0.1,15.12,4
1155,4,0.1,15.26,4
1156,4,0.1,15.0,4
1157,4,0.1,14.8,4
1158,4,0.1,14.52,4
1159,4,0.1,15.46,4
1160,4,0.1,13.84,4
1161,4,0.1,14.88,4
1162,4,0.1,15.32,4
1163,4,0.1,15.58,4
1164,4,0.1,15.78,4
1165,4,0.1,17.04,4
1166,4,0.1,14.56,4
1167,4,0.1,15.16,4
1168,4,0.1,15.82,4
1169,4,0.1,15.0,4
1170,4,0.1,14.94,4
1171,4,0.1,16.06,4
1172,4,0.1,14.86,4
1173,4,0.1,14.9,4
1174,4,0.1,16.96,4
1175,4,0.1,15.28,4
1176,4,0.1,15.52,4
1177,4,0.1,16.6,4
1178,4,0.1,15.52,4
1179,4,0.1,15.72,4
1180,4,0.1,14.82,4
1181,4,0.1,14.96,4
1182,4,0.1,15.44,4
1183,4,0.1,14.6,4
1184,4,0.1,15.04,4
1185,4,0.1,15.26,4
1186,4,0.1,16.44,4
1187,4,0.1,15.52,4
1188,4,0.1,15.82,4
1189,4,0.1,14.76,4
1190,4,0.1,16.16,4
1191,4,0.1,15.62,4
1192,4,0.1,14.24,4
1193,4,0.1,15.18,4
1194,4,0.1,15.3,4
1195,4,0.1,16.76,4
1196,4,0.1,14.06,4
1197,4,0.1,15.12,4
1198,4,0.1,15.62,4
1199,4,0.1,17.06,4
1200,4,0.1,16.62,4
1201,4,0.1,15.16,4
1202,4,0.1,16.46,4
1203,4,0.1,16.1,4
1204,4,0.1,14.26,4
1205,4,0.1,15.96,4
1206,4,0.1,16.04,4
1207,4,0.1,15.4,4
1208,4,0.1,14.58,4
1209,4,0.1,14.96,4
1210,4,0.1,15.38,4
1211,4,0.1,13.84,4
1212,4,0.1,16.08,4
1213,4,0.1,15.52,4
1214,4,0.1,15.8,4
1215,4,0.1,15.54,4
1216,4,0.1,15.9,4
1217,4,0.1,16.22,4
1218,4,0.1,15.38,4
1219,4,0.1,15.54,4
1220,4,0.1,15.92,4
1221,4,0.1,16.18,4
1222,4,0.1,16.42,4
1223,4,0.1,16.32,4
1224,4,0.1,16.9,4
1225,4,0.1,16.02,4
1226,4,0.1,15.32,4
1227,4,0.1,16.48,4
1228,4,0.1,16.36,4
1229,4,0.1,15.7,4
1230,4,0.1,16.16,4
1231,4,0.1,16.62,4
1232,4,0.1,16.68,4
1233,4,0.1,15.36,4
1234,4,0.1,14.56,4
1235,4,0.1,15.1,4
1236,4,0.1,14.84,4
1237,4,0.1,15.72,4
1238,4,0.1,16.12,4
1239,4,0.1,16.0,4
1240,4,0.1,16.56,4
1241,4,0.1,15.84,4
1242,4,0.1,15.86,4
1243,4,0.1,16.6,4
1244,4,0.1,15.02,4
1245,4,0.1,16.08,4
1246,4,0.1,15.02,4
1247,4,0.1,13.68,4
1248,4,0.1,15.12,4
1249,4,0.1,14.8,4
1250,4,0.1,14.66,4
1251,4,0.1,16.16,4
1252,4,0.1,16.5,4
1253,4,0.1,15.34,4
1254,4,0.1,15.26,4
1255,4,0.1,15.36,4
1256,4,0.1,14.88,4
1257,4,0.1,14.46,4
1258,4,0.1,15.82,4
1259,4,0.1,14.4,4
1260,4,0.1,15.66,4
1261,4,0.1,14.26,4
1262,4,0.1,15.98,4
1263,4,0.1,15.26,4
1264,4,0.1,16.2,4
1265,4,0.1,15.66,4
1266,4,0.1,14.46,4
1267,4,0.1,14.78,4
1268,4,0.1,13.48,4
1269,4,0.1,14.3,4
1270,4,0.1,14.24,4
1271,4,0.1,15.18,4
1272,4,0.1,13.86,4
1273,4,0.1,15.62,4
1274,4,0.1,15.54,4
1275,4,0.1,14.58,4
1276,4,0.1,15.42,4
1277,4,0.1,14.86,4
1278,4,0.1,14.76,4
1279,4,0.1,15.66,4
1280,4,0.1,15.42,4
1281,4,0.1,15.46,4
1282,4,0.1,14.38,4
1283,4,0.1,15.02,4
1284,4,0.1,14.84,4
1285,4,0.1,16.08,4
1286,4,0.1,17.36,4
1287,4,0.1,16.42,4
1288,4,0.1,16.94,4
1289,4,0.1,16.08,4
1290,4,0.1,16.46,4
1291,4,0.1,14.36,4
1292,4,0.1,15.2,4
1293,4,0.1,15.04,4
1294,4,0.1,15.72,4
1295,4,0.1,15.68,4
1296,4,0.1,15.98,4
1297,4,0.1,15.14,4
1298,4,0.1,16.6,4
1299,4,0.1,14.82,4
1300,4,0.1,15.88,4
1301,4,0.1,16.88,4
1302,4,0.1,16.46,4
1303,4,0.1,15.74,4
1304,4,0.1,16.26,4
1305,4,0.1,16.4,4
1306,4,0.1,17.18,4
1307,4,0.1,15.64,4
1308,4,0.1,14.92,4
1309,4,0.1,16.06,4
1310,4,0.1,16.12,4
1311,4,0.1,14.68,4
1312,4,0.1,16.32,4
1313,4,0.1,16.2,4
1314,4,0.1,14.7,4
1315,4,0.1,14.4,4
1316,4,0.1,16.06,4
1317,4,0.1,16.66,4
1318,4,0.1,15.52,4
1319,4,0.1,16.06,4
1320,4,0.1,14.74,4
1321,4,0.1,15.98,4
1322,4,0.1,15.64,4
1323,4,0.1,14.38,4
1324,4,0.1,15.5,4
1325,4,0.1,16.16,4
1326,4,0.1,15.68,4
1327,4,0.1,15.0,4
1328,4,0.1,15.68,4
1329,4,0.1,14.4,4
1330,4,0.1,15.96,4
1331,4,0.1,16.38,4
1332,4,0.1,14.92,4
1333,4,0.1,16.3,4
1334,4,0.1,15.44,4
1335,4,0.1,15.18,4
1336,4,0.1,14.48,4
1337,4,0.1,14.92,4
1338,4,0.1,15.02,4
1339,4,0.1,14.98,4
1340,4,0.1,16.0,4
1341,4,0.1,15.06,4
1342,4,0.1,15.8,4
1343,4,0.1,14.8,4
1344,4,0.1,14.36,4
1345,4,0.1,17.34,4
1346,4,0.1,15.56,4
1347,4,0.1,15.42,4
1348,4,0.1,15.98,4
1349,4,0.1,15.96,4
1350,4,0.1,15.92,4
1351,4,0.1,16.64,4
1352,4,0.1,15.24,4
1353,4,0.1,14.82,4
1354,4,0.1,15.72,4
1355,4,0.1,14.78,4
1356,4,0.1,17.04,4
1357,4,0.1,16.02,4
1358,4,0.1,15.44,4
1359,4,0.1,14.4,4
1360,4,0.1,16.22,4
1361,4,0.1,15.56,4
1362,4,0.1,16.24,4
1363,4,0.1,15.68,4
1364,4,0.1,14.74,4
1365,4,0.1,15.14,4
1366,4,0.1,14.84,4
1367,4,0.1,14.78,4
1368,4,0.1,14.06,4
1369,4,0.1,16.04,4
1370,4,0.1,16.66,4
1371,4,0.1,17.22,4
1372,4,0.1,15.48,4
1373,4,0.1,15.1,4
1374,4,0.1,15.14,4
1375,4,0.1,14.3,4
1376,4,0.1,14.8,4
1377,4,0.1,16.12,4
1378,4,0.1,16.54,4
1379,4,0.1,16.42,4
1380,4,0.1,16.72,4
1381,4,0.1,14.44,4
1382,4,0.1,15.68,4
1383,4,0.1,16.34,4
1384,4,0.1,15.2,4
1385,4,0.1,14.76,4
1386,4,0.1,15.9,4
1387,4,0.1,14.34,4
1388,4,0.1,15.42,4
1389,4,0.1,15.14,4
1390,4,0.1,15.68,4
1391,4,0.1,16.72,4
1392,4,0.1,16.24,4
1393,4,0.1,15.56,4
1394,4,0.1,15.46,4
1395,4,0.1,14.96,4
1396,4,0.1,14.18,4
1397,4,0.1,16.46,4
1398,4,0.1,16.44,4
1399,4,0.1,15.72,4
1400,4,0.1,15.8,4
1401,4,0.1,16.68,4
1402,4,0.1,15.18,4
1403,4,0.1,15.84,4
1404,4,0.1,14.9,4
1405,4,0.1,15.86,4
1406,4,0.1,16.7,4
1407,4,0.1,15.2,4
1408,4,0.1,15.78,4
1409,4,0.1,15.94,4
1410,4,0.1,14.94,4
1411,4,0.1,14.42,4
1412,4,0.1,14.56,4
1413,4,0.1,15.42,4
1414,4,0.1,15.48,4
1415,4,0.1,15.46,4
1416,4,0.1,15.62,4
1417,4,0.1,16.12,4
1418,4,0.1,15.1,4
1419,4,0.1,16.2,4
1420,4,0.1,15.42,4
1421,4,0.1,14.0,4
1422,4,0.1,16.92,4
1423,4,0.1,15.88,4
1424,4,0.1,14.96,4
1425,4,0.1,15.72,4
1426,4,0.1,17.44,4
1427,4,0.1,15.04,4
1428,4,0.1,14.7,4
1429,4,0.1,14.0,4
1430,4,0.1,14.3,4
1431,4,0.1,15.12,4
1432,4,0.1,14.6,4
1433,4,0.1,14.34,4
1434,4,0.1,15.84,4
1435,4,0.1,15.4,4
1436,4,0.1,15.38,4
1437,4,0.1,15.18,4
1438,4,0.1,15.1,4
1439,4,0.1,15.46,4
1440,4,0.1,13.8,4
1441,4,0.1,14.78,4
1442,4,0.1,16.02,4
1443,4,0.1,14.7,4
1444,4,0.1,15.12,4
1445,4,0.1,16.06,4
1446,4,0.1,15.24,4
1447,4,0.1,15.82,4
1448,4,0.1,15.2,4
1449,4,0.1,14.4,4
1450,4,0.1,14.6,4
1451,4,0.1,15.76,4
1452,4,0.1,15.52,4
1453,4,0.1,15.06,4
1454,4,0.1,15.84,4
1455,4,0.1,15.36,4
1456,4,0.1,14.3,4
1457,4,0.1,14.76,4
1458,4,0.1,15.4,4
1459,4,0.1,17.26,4
1460,4,0.1,14.7,4
1461,4,0.1,15.48,4
1462,4,0.1,15.9,4
1463,4,0.1,16.92,4
1464,4,0.1,16.08,4
1465,4,0.1,14.5,4
1466,4,0.1,13.98,4
1467,4,0.1,15.02,4
1468,4,0.1,15.1,4
1469,4,0.1,14.64,4
1470,4,0.1,15.56,4
1471,4,0.1,14.8,4
1472,4,0.1,16.0,4
1473,4,0.1,14.42,4
1474,4,0.1,14.5,4
1475,4,0.1,14.4,4
1476,4,0.1,15.76,4
1477,4,0.1,16.14,4
1478,4,0.1,16.68,4
1479,4,0.1,14.92,4
1480,4,0.1,15.46,3
1481,4,0.1,14.88,3
1482,4,0.1,14.36,3
1483,4,0.1,14.2,3
1484,4,0.1,15.52,3
1485,4,0.1,15.16,3
1486,4,0.1,14.16,3
1487,4,0.1,14.22,3
1488,4,0.1,13.94,3
1489,4,0.1,14.22,3
1490,4,0.1,13.48,3
1491,4,0.1,14.5,3
1492,4,0.1,15.48,3
1493,4,0.1,13.64,3
1494,4,0.1,12.92,3
1495,4,0.1,12.44,3
1496,4,0.1,14.74,3
1497,4,0.1,15.3,3
1498,4,0.1,15.0,3
1499,4,0.1,14.18,3
1500,4,0.1,15.48,3
1501,4,0.1,15.64,3
1502,4,0.1,14.54,3
1503,4,0.1,14.64,3
1504,4,0.1,15.06,3
1505,4,0.1,15.08,3
1506,4,0.1,13.52,3
1507,4,0.1,14.62,3
1508,4,0.1,13.06,3
1509,4,0.1,14.92,3
1510,4,0.1,15.46,3
1511,4,0.1,15.08,3
1512,4,0.1,13.86,3
1513,4,0.1,13.62,3
1514,4,0.1,15.32,3
1515,4,0.1,13.96,3
1516,4,0.1,13.32,3
1517,4,0.1,15.14,3
1518,4,0.1,15.06,3
1519,4,0.1,14.3,3
1520,4,0.1,14.18,3
1521,4,0.1,14.76,3
1522,4,0.1,14.76,3
1523,4,0.1,15.3,3
1524,4,0.1,14.78,3
1525,4,0.1,14.28,3
1526,4,0.1,15.46,3
1527,4,0.1,13.76,3
1528,4,0.1,14.86,3
1529,4,0.1,16.14,3
1530,4,0.1,15.84,3
1531,4,0.1,14.66,3
1532,4,0.1,14.34,3
1533,4,0.1,12.86,3
1534,4,0.1,15.4,3
1535,4,0.1,14.1,3
1536,4,0.1,16.22,3
1537,4,0.1,15.46,3
1538,4,0.1,14.84,3
1539,4,0.1,15.0,3
1540,4,0.1,13.86,3
1541,4,0.1,14.18,3
1542,4,0.1,14.06,3
1543,4,0.1,14.42,3
1544,4,0.1,14.54,3
1545,4,0.1,15.72,3
1546,4,0.1,15.76,3
1547,4,0.1,13.72,3
1548,4,0.1,13.54,3
1549,4,0.1,14.56,3
1550,4,0.1,14.4,3
1551,4,0.1,14.84,3
1552,4,0.1,15.7,3
1553,4,0.1,14.82,3
1554,4,0.1,14.5,3
1555,4,0.1,14.86,3
1556,4,0.1,13.96,3
1557,4,0.1,14.44,3
1558,4,0.1,14.2,3
1559,4,0.1,14.38,3
1560,4,0.1,14.4,3
1561,4,0.1,15.6,3
1562,4,0.1,13.86,3
1563,4,0.1,14.94,3
1564,4,0.1,15.62,3
1565,4,0.1,15.54,3
1566,4,0.1,14.84,3
1567,4,0.1,15.16,3
1568,4,0.1,15.44,3
1569,4,0.1,15.74,3
1570,4,0.1,17.02,3
1571,4,0.1,15.74,3
1572,4,0.1,14.36,3
1573,4,0.1,14.48,3
1574,4,0.1,15.72,3
1575,4,0.1,13.8,3
1576,4,0.1,14.4,3
1577,4,0.1,14.32,3
1578,4,0.1,14.62,3
1579,4,0.1,15.82,3
1580,4,0.1,14.62,3
1581,4,0.1,14.92,3
1582,4,0.1,15.88,3
1583,4,0.1,14.72,3
1584,4,0.1,14.76,3
1585,4,0.1,15.36,3
1586,4,0.1,14.92,3
1587,4,0.1,14.52,3
1588,4,0.1,14.22,3
1589,4,0.1,14.48,3
1590,4,0.1,14.2,3
1591,4,0.1,13.12,3
1592,4,0.1,14.14,3
1593,4,0.1,13.64,3
1594,4,0.1,13.94,3
1595,4,0.1,14.34,3
1596,4,0.1,13.46,3
1597,4,0.1,13.78,3
1598,4,0.1,14.42,3
1599,4,0.1,14.7,3
1600,4,0.1,14.54,3
1601,4,0.1,15.64,3
1602,4,0.1,14.46,3
1603,4,0.1,13.96,3
1604,4,0.1,12.76,3
1605,4,0.1,14.3,3
1606,4,0.1,13.82,3
1607,4,0.1,14.48,3
1608,4,0.1,14.94,3
1609,4,0.1,16.5,3
1610,4,0.1,15.0,3
1611,4,0.1,14.2,3
1612,4,0.1,13.92,3
1613,4,0.1,15.32,3
1614,4,0.1,14.36,3
1615,4,0.1,14.96,3
1616,4,0.1,14.68,3
1617,4,0.1,14.72,3
1618,4,0.1,14.04,3
1619,4,0.1,14.76,3
1620,4,0.1,14.82,3
1621,4,0.1,14.02,3
1622,4,0.1,14.16,3
1623,4,0.1,15.68,3
1624,4,0.1,14.78,3
1625,4,0.1,16.12,3
1626,4,0.1,15.46,3
1627,4,0.1,13.96,3
1628,4,0.1,16.3,3
1629,4,0.1,15.26,3
1630,4,0.1,14.6,3
1631,4,0.1,14.4,3
1632,4,0.1,14.2,3
1633,4,0.1,15.18,3
1634,4,0.1,14.68,3
1635,4,0.1,14.6,3
1636,4,0.1,14.86,3
1637,4,0.1,14.98,3
1638,4,0.1,14.58,3
1639,4,0.1,13.74,3
1640,4,0.1,15.04,3
1641,4,0.1,14.5,3
1642,4,0.1,15.86,3
1643,4,0.1,14.24,3
1644,4,0.1,15.04,3
1645,4,0.1,16.36,3
1646,4,0.1,14.84,3
1647,4,0.1,14.62,3
1648,4,0.1,14.82,3
1649,4,0.1,14.02,3
1650,4,0.1,14.98,3
1651,4,0.1,14.2,3
1652,4,0.1,14.28,3
1653,4,0.1,15.12,3
1654,4,0.1,14.92,3
1655,4,0.1,14.42,3
1656,4,0.1,15.42,3
1657,4,0.1,15.4,3
1658,4,0.1,15.36,3
1659,4,0.1,14.86,3
1660,4,0.1,15.24,3
1661,4,0.1,14.7,3
1662,4,0.1,14.08,3
1663,4,0.1,15.1,3
1664,4,0.1,15.14,3
1665,4,0.1,14.3,3
1666,4,0.1,14.66,3
1667,4,0.1,15.56,3
1668,4,0.1,14.82,3
1669,4,0.1,14.32,3
1670,4,0.1,13.9,3
1671,4,0.1,15.8,3
1672,4,0.1,15.14,3
1673,4,0.1,14.12,3
1674,4,0.1,14.1,3
1675,4,0.1,14.3,3
1676,4,0.1,14.6,3
1677,4,0.1,12.8,3
1678,4,0.1,14.02,3
1679,4,0.1,12.84,3
1680,4,0.1,14.26,3
1681,4,0.1,15.64,3
1682,4,0.1,15.18,3
1683,4,0.1,13.92,3
1684,4,0.1,14.24,3
1685,4,0.1,14.3,3
1686,4,0.1,14.58,3
1687,4,0.1,16.26,3
1688,4,0.1,14.74,3
1689,4,0.1,14.28,3
1690,4,0.1,14.76,3
1691,4,0.1,15.08,3
1692,4,0.1,13.34,3
1693,4,0.1,13.74,3
1694,4,0.1,16.74,3
1695,4,0.1,15.22,3
1696,4,0.1,15.44,3
1697,4,0.1,14.66,3
1698,4,0.1,14.96,3
1699,4,0.1,14.32,3
1700,4,0.1,14.86,3
1701,4,0.1,15.2,3
1702,4,0.1,14.4,3
1703,4,0.1,15.8,3
1704,4,0.1,14.24,3
1705,4,0.1,15.24,3
1706,4,0.1,14.76,3
1707,4,0.1,15.24,3
1708,4,0.1,15.56,3
1709,4,0.1,13.96,3
1710,4,0.1,14.7,3
1711,4,0.1,13.96,3
1712,4,0.1,13.86,3
1713,4,0.1,14.52,3
1714,4,0.1,14.4,3
1715,4,0.1,15.36,3
1716,4,0.1,15.8,3
1717,4,0.1,14.5,3
1718,4,0.1,14.28,3
1719,4,0.1,15.1,3
1720,4,0.1,13.66,3
1721,4,0.1,13.98,3
1722,4,0.1,13.14,3
1723,4,0.1,14.9,3
1724,4,0.1,13.46,3
1725,4,0.1,14.42,3
1726,4,0.1,13.88,3
1727,4,0.1,14.72,3
1728,4,0.1,15.84,3
1729,4,0.1,15.54,3
1730,4,0.1,15.32,3
1731,4,0.1,14.28,3
1732,4,0.1,15.78,3
1733,4,0.1,14.64,3
1734,4,0.1,14.94,3
1735,4,0.1,14.52,3
1736,4,0.1,14.92,3
1737,4,0.1,13.66,3
1738,4,0.1,14.64,3
1739,4,0.1,13.86,3
1740,4,0.1,14.94,3
1741,4,0.1,15.92,3
1742,4,0.1,16.14,3
1743,4,0.1,14.22,3
1744,4,0.1,13.34,3
1745,4,0.1,12.96,3
1746,4,0.1,12.8,3
1747,4,0.1,13.64,3
1748,4,0.1,14.8,3
1749,4,0.1,16.12,3
1750,4,0.1,14.3,3
1751,4,0.1,13.84,3
1752,4,0.1,15.1,3
1753,4,0.1,13.46,3
1754,4,0.1,14.66,3
1755,4,0.1,15.9,3
1756,4,0.1,14.56,3
1757,4,0.1,15.1,3
1758,4,0.1,15.2,3
1759,4,0.1,14.6,3
1760,4,0.1,15.16,3
1761,4,0.1,15.56,3
1762,4,0.1,14.74,3
1763,4,0.1,14.86,3
1764,4,0.1,14.44,3
1765,4,0.1,14.08,3
1766,4,0.1,14.24,3
1767,4,0.1,13.14,3
1768,4,0.1,14.8,3
1769,4,0.1,16.0,3
1770,4,0.1,15.18,3
1771,4,0.1,14.04,3
1772,4,0.1,15.18,3
1773,4,0.1,14.54,3
1774,4,0.1,13.6,3
1775,4,0.1,14.42,3
1776,4,0.1,13.84,3
1777,4,0.1,16.94,3
1778,4,0.1,14.94,3
1779,4,0.1,14.78,3
1780,4,0.1,14.36,3
1781,4,0.1,14.9,3
1782,4,0.1,15.76,3
1783,4,0.1,15.1,3
1784,4,0.1,14.72,3
1785,4,0.1,15.22,3
1786,4,0.1,13.94,3
1787,4,0.1,15.22,3
1788,4,0.1,16.0,3
1789,4,0.1,14.86,3
1790,4,0.1,13.78,3
1791,4,0.1,15.06,3
1792,4,0.1,14.12,3
1793,4,0.1,13.46,3
1794,4,0.1,14.42,3
1795,4,0.1,13.58,3
1796,4,0.1,15.48,3
1797,4,0.1,15.8,3
1798,4,0.1,16.54,3
1799,4,0.1,13.9,3
1800,4,0.1,12.42,3
1801,4,0.1,14.9,3
1802,4,0.1,15.68,3
1803,4,0.1,15.08,3
1804,4,0.1,14.58,3
1805,4,0.1,14.0,3
1806,4,0.1,14.06,3
1807,4,0.1,14.02,3
1808,4,0.1,15.2,3
1809,4,0.1,15.84,3
1810,4,0.1,16.12,3
1811,4,0.1,14.26,3
1812,4,0.1,13.6,3
1813,4,0.1,15.04,3
1814,4,0.1,15.32,3
1815,4,0.1,15.18,3
1816,4,0.1,14.74,3
1817,4,0.1,14.46,3
1818,4,0.1,14.14,3
1819,4,0.1,14.4,3
1820,4,0.1,14.24,3
1821,4,0.1,15.16,3
1822,4,0.1,15.76,3
1823,4,0.1,14.64,3
1824,4,0.1,13.86,3
1825,4,0.1,15.54,3
1826,4,0.1,15.64,3
1827,4,0.1,15.86,3
1828,4,0.1,16.06,3
1829,4,0.1,14.96,3
1830,4,0.1,13.38,3
1831,4,0.1,14.8,3
1832,4,0.1,14.82,3
1833,4,0.1,13.82,3
1834,4,0.1,13.52,3
1835,4,0.1,14.56,3
1836,4,0.1,15.8,3
1837,4,0.1,14.46,3
1838,4,0.1,14.42,3
1839,4,0.1,13.34,3
1840,4,0.1,14.48,3
1841,4,0.1,13.88,3
1842,4,0.1,15.48,3
1843,4,0.1,15.94,3
1844,4,0.1,15.14,3
1845,4,0.1,15.18,3
1846,4,0.1,14.22,3
1847,4,0.1,14.64,3
1848,4,0.1,14.94,3
1849,4,0.1,15.92,3
1850,4,0.1,13.36,3
1851,4,0.1,14.9,3
1852,4,0.1,16.04,3
1853,4,0.1,16.14,3
1854,4,0.1,13.86,3
1855,4,0.1,14.68,3
1856,4,0.1,15.38,3
1857,4,0.1,15.2,3
1858,4,0.1,14.64,3
1859,4,0.1,14.68,3
1860,4,0.1,14.5,3
1861,4,0.1,14.12,3
1862,4,0.1,12.2,3
1863,4,0.1,13.82,3
1864,4,0.1,14.72,3
1865,4,0.1,13.38,3
1866,4,0.1,14.86,3
1867,4,0.1,14.02,3
1868,4,0.1,14.64,3
1869,4,0.1,15.82,3
1870,4,0.1,14.12,3
1871,4,0.1,14.08,3
1872,4,0.1,14.74,3
1873,4,0.1,15.2,3
1874,4,0.1,13.6,3
1875,4,0.1,14.16,3
1876,4,0.1,14.68,3
1877,4,0.1,15.44,3
1878,4,0.1,13.98,3
1879,4,0.1,15.74,3
1880,4,0.1,14.5,3
1881,4,0.1,14.86,3
1882,4,0.1,16.72,3
1883,4,0.1,14.66,3
1884,4,0.1,15.38,3
1885,4,0.1,14.96,3
1886,4,0.1,14.98,3
1887,4,0.1,14.82,3
1888,4,0.1,14.56,3
1889,4,0.1,15.98,3
1890,4,0.1,15.68,3
1891,4,0.1,12.74,3
1892,4,0.1,14.54,3
1893,4,0.1,14.34,3
1894,4,0.1,13.94,3
1895,4,0.1,15.72,3
1896,4,0.1,14.1,3
1897,4,0.1,15.0,3
1898,4,0.1,13.92,3
1899,4,0.1,14.74,3
1900,4,0.1,14.96,3
1901,4,0.1,14.98,3
1902,4,0.1,13.78,3
1903,4,0.1,14.22,3
1904,4,0.1,15.88,3
1905,4,0.1,14.5,3
1906,4,0.1,15.28,3
1907,4,0.1,13.58,3
1908,4,0.1,14.5,3
1909,4,0.1,13.44,3
1910,4,0.1,13.92,3
1911,4,0.1,13.9,3
1912,4,0.1,12.48,3
1913,4,0.1,14.8,3
1914,4,0.1,15.04,3
1915,4,0.1,14.64,3
1916,4,0.1,14.38,3
1917,4,0.1,13.9,3
1918,4,0.1,15.1,3
1919,4,0.1,14.28,3
1920,4,0.1,14.3,3
1921,4,0.1,13.46,3
1922,4,0.1,13.7,3
1923,4,0.1,14.72,3
1924,4,0.1,16.62,3
1925,4,0.1,14.2,3
1926,4,0.1,15.68,3
1927,4,0.1,15.32,3
1928,4,0.1,14.42,3
1929,4,0.1,15.28,3
1930,4,0.1,13.42,3
1931,4,0.1,15.2,3
1932,4,0.1,16.56,3
1933,4,0.1,16.1,3
1934,4,0.1,13.92,3
1935,4,0.1,14.74,3
1936,4,0.1,14.02,3
1937,4,0.1,13.96,3
1938,4,0.1,14.16,3
1939,4,0.1,14.48,3
1940,4,0.1,15.52,3
1941,4,0.1,12.44,3
1942,4,0.1,14.06,3
1943,4,0.1,15.24,3
1944,4,0.1,14.08,3
1945,4,0.1,14.66,3
1946,4,0.1,14.46,3
1947,4,0.1,14.28,3
1948,4,0.1,14.98,3
1949,4,0.1,15.5,3
1950,4,0.1,15.52,3
1951,4,0.1,14.38,3
1952,4,0.1,14.32,3
1953,4,0.1,15.94,3
1954,4,0.1,15.22,3
1955,4,0.1,15.26,3
1956,4,0.1,14.3,3
1957,4,0.1,15.66,3
1958,4,0.1,13.3,3
1959,4,0.1,14.82,3
1960,4,0.1,15.1,3
1961,4,0.1,14.18,3
1962,4,0.1,13.68,3
1963,4,0.1,13.34,3
1964,4,0.1,13.02,3
1965,4,0.1,14.44,3
1966,4,0.1,14.96,3
1967,4,0.1,15.96,3
1968,4,0.1,15.04,3
1969,4,0.1,14.02,3
1970,4,0.1,14.58,3
1971,4,0.1,14.98,3
1972,4,0.1,15.1,3
1973,4,0.1,16.64,3
1974,4,0.1,16.86,3
1975,4,0.1,14.42,3
1976,4,0.1,13.74,3
1977,4,0.1,13.32,3
1978,4,0.1,14.3,3
1979,4,0.1,13.84,3
1980,4,0.1,14.08,3
1981,4,0.1,13.68,3
1982,4,0.1,15.06,3
1983,4,0.1,15.76,3
1984,4,0.1,13.44,3
1985,4,0.1,14.26,3
1986,4,0.1,13.92,3
1987,4,0.1,14.26,3
1988,4,0.1,15.18,3
1989,4,0.1,14.92,3
1990,4,0.1,13.9,3
1991,4,0.1,14.42,3
1992,4,0.1,13.32,3
1993,4,0.1,15.36,3
1994,4,0.1,17.16,3
1995,4,0.1,14.94,3
1996,4,0.1,14.06,3
1997,4,0.1,13.0,3
1998,4,0.1,13.84,3
1999,4,0.1,13.94,3
2000,4,0.1,14.72,3
0,5,0.1,54.98,40
1,5,0.1,48.3,38
2,5,0.1,43.26,34
3,5,0.1,38.7,28
4,5,0.1,34.46,27
5,5,0.1,32.94,24
6,5,0.1,31.54,24
7,5,0.1,31.3,21
8,5,0.1,29.96,20
9,5,0.1,27.86,20
10,5,0.1,28.66,20
11,5,0.1,27.2,20
12,5,0.1,26.54,20
13,5,0.1,27.06,20
14,5,0.1,27.92,19
15,5,0.1,26.28,19
16,5,0.1,26.84,19
17,5,0.1,26.32,19
18,5,0.1,26.56,19
19,5,0.1,26.44,19
20,5,0.1,27.96,19
21,5,0.1,26.6,19
22,5,0.1,25.9,19
23,5,0.1,25.86,19
24,5,0.1,27.22,19
25,5,0.1,26.92,19
26,5,0.1,26.32,18
27,5,0.1,26.06,18
28,5,0.1,25.7,17
29,5,0.1,25.22,17
30,5,0.1,24.64,16
31,5,0.1,23.54,16
32,5,0.1,24.56,16
33,5,0.1,24.82,16
34,5,0.1,23.46,16
35,5,0.1,24.38,16
36,5,0.1,24.88,16
37,5,0.1,24.92,16
38,5,0.1,24.34,16
39,5,0.1,24.62,15
40,5,0.1,24.62,14
41,5,0.1,22.58,14
42,5,0.1,22.82,14
43,5,0.1,23.36,14
44,5,0.1,23.56,14
45,5,0.1,21.52,14
46,5,0.1,21.94,14
47,5,0.1,22.42,14
48,5,0.1,22.36,14
49,5,0.1,22.58,14
50,5,0.1,23.32,14
51,5,0.1,23.04,14
52,5,0.1,22.36,14
53,5,0.1,21.6,14
54,5,0.1,21.92,14
55,5,0.1,23.2,14
56,5,0.1,23.7,14
57,5,0.1,22.24,14
58,5,0.1,21.48,14
59,5,0.1,22.6,14
60,5,0.1,21.9,14
61,5,0.1,22.78,14
62,5,0.1,23.0,14
63,5,0.1,22.8,14
64,5,0.1,23.4,14
65,5,0.1,22.64,14
66,5,0.1,22.88,14
67,5,0.1,22.16,14
68,5,0.1,22.64,14
69,5,0.1,23.84,14
70,5,0.1,22.84,14
71,5,0.1,22.56,14
72,5,0.1,22.76,14
73,5,0.1,22.88,14
74,5,0.1,23.3,14
75,5,0.1,22.72,13
76,5,0.1,21.72,13
77,5,0.1,22.48,13
78,5,0.1,21.9,12
79,5,0.1,22.48,12
80,5,0.1,22.0,11
81,5,0.1,21.18,11
82,5,0.1,20.38,11
83,5,0.1,20.72,11
84,5,0.1,19.88,11
85,5,0.1,21.56,11
86,5,0.1,21.14,11
87,5,0.1,20.12,11
88,5,0.1,20.82,11
89,5,0.1,21.16,11
90,5,0.1,20.72,11
91,5,0.1,20.94,11
92,5,0.1,20.86,11
93,5,0.1,20.62,11
94,5,0.1,20.12,11
95,5,0.1,20.08,11
96,5,0.1,20.08,11
97,5,0.1,20.14,11
98,5,0.1,19.76,11
99,5,0.1,19.96,11
100,5,0.1,20.12,11
101,5,0.1,20.14,11
102,5,0.1,18.96,11
103,5,0.1,20.38,11
104,5,0.1,20.66,11
105,5,0.1,20.24,11
106,5,0.1,21.02,11
107,5,0.1,20.34,11
108,5,0.1,20.12,11
109,5,0.1,20.92,11
110,5,0.1,20.74,11
111,5,0.1,21.0,11
112,5,0.1,21.72,11
113,5,0.1,21.16,11
114,5,0.1,20.98,11
115,5,0.1,22.72,11
116,5,0.1,22.1,11
117,5,0.1,20.66,11
118,5,0.1,20.5,11
119,5,0.1,20.86,11
120,5,0.1,21.62,11
121,5,0.1,21.36,11
122,5,0.1,21.32,11
123,5,0.1,20.46,11
124,5,0.1,20.44,11
125,5,0.1,20.44,11
126,5,0.1,21.12,11
127,5,0.1,20.98,11
128,5,0.1,21.12,11
129,5,0.1,21.58,11
130,5,0.1,20.82,11
131,5,0.1,20.68,11
132,5,0.1,19.86,11
133,5,0.1,19.12,11
134,5,0.1,19.9,11
135,5,0.1,20.48,11
136,5,0.1,20.98,11
137,5,0.1,20.86,11
138,5,0.1,21.68,11
139,5,0.1,20.14,11
140,5,0.1,20.8,11
141,5,0.1,21.42,11
142,5,0.1,20.8,11
143,5,0.1,21.0,11
144,5,0.1,20.12,11
145,5,0.1,20.98,11
146,5,0.1,22.22,11
147,5,0.1,20.38,11
148,5,0.1,21.56,11
149,5,0.1,21.76,11
150,5,0.1,19.78,10
151,5,0.1,19.26,10
152,5,0.1,19.88,10
153,5,0.1,19.18,10
154,5,0.1,20.82,10
155,5,0.1,21.38,10
156,5,0.1,22.3,10
157,5,0.1,22.64,10
158,5,0.1,19.44,10
159,5,0.1,20.22,10
160,5,0.1,19.26,10
161,5,0.1,20.2,10
162,5,0.1,19.98,10
163,5,0.1,20.42,10
164,5,0.1,19.62,10
165,5,0.1,20.14,10
166,5,0.1,20.84,10
167,5,0.1,20.66,10
168,5,0.1,21.1,10
169,5,0.1,21.04,10
170,5,0.1,20.18,10
171,5,0.1,19.62,10
172,5,0.1,19.82,10
173,5,0.1,20.28,10
174,5,0.1,19.96,10
175,5,0.1,20.02,10
176,5,0.1,21.26,10
177,5,0.1,20.6,10
178,5,0.1,20.3,10
179,5,0.1,19.12,10
180,5,0.1,19.32,10
181,5,0.1,20.74,10
182,5,0.1,20.06,10
183,5,0.1,21.24,10
184,5,0.1,21.28,10
185,5,0.1,19.68,10
186,5,0.1,20.32,10
187,5,0.1,19.38,10
188,5,0.1,18.3,10
189,5,0.1,18.88,10
190,5,0.1,19.84,10
191,5,0.1,20.38,10
192,5,0.1,20.16,10
193,5,0.1,20.88,10
194,5,0.1,20.04,10
195,5,0.1,19.9,10
196,5,0.1,20.3,10
197,5,0.1,20.6,10
198,5,0.1,19.66,10
199,5,0.1,19.48,10
200,5,0.1,19.76,10
201,5,0.1,19.62,10
202,5,0.1,18.66,10
203,5,0.1,19.44,10
204,5,0.1,19.7,10
205,5,0.1,19.3,10
206,5,0.1,19.2,10
207,5,0.1,20.16,10
208,5,0.1,19.94,10
209,5,0.1,18.14,10
210,5,0.1,19.18,10
211,5,0.1,19.66,10
212,5,0.1,19.96,10
213,5,0.1,20.98,10
214,5,0.1,19.54,10
215,5,0.1,18.9,10
216,5,0.1,19.94,10
217,5,0.1,20.78,10
218,5,0.1,22.4,10
219,5,0.1,20.88,10
220,5,0.1,19.88,10
221,5,0.1,20.18,10
222,5,0.1,18.92,10
223,5,0.1,19.8,10
224,5,0.1,21.5,10
225,5,0.1,20.28,10
226,5,0.1,18.78,10
227,5,0.1,19.82,10
228,5,0.1,19.32,10
229,5,0.1,19.52,10
230,5,0.1,19.78,10
231,5,0.1,20.48,10
232,5,0.1,20.8,10
233,5,0.1,19.48,10
234,5,0.1,18.82,10
235,5,0.1,20.38,10
236,5,0.1,20.16,10
237,5,0.1,19.64,10
238,5,0.1,20.08,10
239,5,0.1,19.62,10
240,5,0.1,20.72,10
241,5,0.1,19.26,10
242,5,0.1,22.02,10
243,5,0.1,21.32,10
244,5,0.1,20.34,10
245,5,0.1,19.78,10
246,5,0.1,20.4,10
247,5,0.1,21.02,10
248,5,0.1,20.24,10
249,5,0.1,20.46,10
250,5,0.1,20.24,10
251,5,0.1,19.52,10
252,5,0.1,19.22,10
253,5,0.1,19.74,10
254,5,0.1,20.72,10
255,5,0.1,19.54,10
256,5,0.1,19.98,10
257,5,0.1,19.68,10
258,5,0.1,17.1,10
259,5,0.1,19.44,10
260,5,0.1,20.56,10
261,5,0.1,18.38,10
262,5,0.1,19.78,10
263,5,0.1,20.32,10
264,5,0.1,19.26,10
265,5,0.1,20.56,10
266,5,0.1,19.7,10
267,5,0.1,18.7,10
268,5,0.1,18.56,10
269,5,0.1,19.96,10
270,5,0.1,19.06,10
271,5,0.1,19.56,10
272,5,0.1,19.28,10
273,5,0.1,18.4,10
274,5,0.1,18.98,10
275,5,0.1,19.94,10
276,5,0.1,19.78,10
277,5,0.1,18.24,10
278,5,0.1,18.96,10
279,5,0.1,18.76,10
280,5,0.1,20.22,10
281,5,0.1,19.14,10
282,5,0.1,19.34,10
283,5,0.1,20.08,10
284,5,0.1,19.88,10
285,5,0.1,20.34,10
286,5,0.1,18.66,10
287,5,0.1,18.6,10
288,5,0.1,19.12,10
289,5,0.1,20.32,10
290,5,0.1,19.54,10
291,5,0.1,20.44,9
292,5,0.1,17.7,9
293,5,0.1,19.98,9
294,5,0.1,19.92,9
295,5,0.1,19.06,9
296,5,0.1,18.56,9
297,5,0.1,18.42,9
298,5,0.1,18.98,9
299,5,0.1,18.86,9
300,5,0.1,18.9,9
301,5,0.1,18.84,9
302,5,0.1,20.36,9
303,5,0.1,19.72,9
304,5,0.1,19.42,9
305,5,0.1,19.72,9
306,5,0.1,19.0,9
307,5,0.1,18.16,9
308,5,0.1,18.48,9
309,5,0.1,19.2,9
310,5,0.1,18.82,9
311,5,0.1,18.46,9
312,5,0.1,18.7,9
313,5,0.1,18.14,9
314,5,0.1,18.82,9
315,5,0.1,18.42,9
316,5,0.1,19.34,9
317,5,0.1,18.94,9
318,5,0.1,19.12,9
319,5,0.1,18.82,9
320,5,0.1,19.24,9
321,5,0.1,19.64,9
322,5,0.1,19.12,9
323,5,0.1,20.42,9
324,5,0.1,19.46,9
325,5,0.1,18.04,9
326,5,0.1,18.58,9
327,5,0.1,19.78,9
328,5,0.1,19.54,9
329,5,0.1,18.92,9
330,5,0.1,20.16,9
331,5,0.1,19.92,9
332,5,0.1,18.42,9
333,5,0.1,18.96,9
334,5,0.1,19.52,9
335,5,0.1,18.82,9
336,5,0.1,20.16,9
337,5,0.1,19.32,9
338,5,0.1,17.7,9
339,5,0.1,19.18,9
340,5,0.1,20.0,9
341,5,0.1,18.66,9
342,5,0.1,17.84,8
343,5,0.1,17.86,8
344,5,0.1,17.6,8
345,5,0.1,18.4,8
346,5,0.1,18.86,8
347,5,0.1,18.12,8
348,5,0.1,19.14,8
349,5,0.1,20.2,8
350,5,0.1,20.26,8
351,5,0.1,18.14,8
352,5,0.1,18.76,8
353,5,0.1,19.4,8
354,5,0.1,17.24,8
355,5,0.1,17.92,8
356,5,0.1,19.48,8
357,5,0.1,19.52,8
358,5,0.1,17.88,8
359,5,0.1,17.88,8
360,5,0.1,18.78,8
361,5,0.1,18.36,8
362,5,0.1,17.54,8
363,5,0.1,17.32,8
364,5,0.1,17.76,8
365,5,0.1,18.54,8
366,5,0.1,19.04,8
367,5,0.1,18.52,8
368,5,0.1,17.22,8
369,5,0.1,17.52,8
370,5,0.1,18.64,8
371,5,0.1,17.6,8
372,5,0.1,16.88,8
373,5,0.1,18.34,8
374,5,0.1,17.94,8
375,5,0.1,15.96,8
376,5,0.1,18.16,8
377,5,0.1,18.98,8
378,5,0.1,19.0,8
379,5,0.1,18.42,8
380,5,0.1,17.74,8
381,5,0.1,18.42,8
382,5,0.1,17.78,8
383,5,0.1,17.92,8
384,5,0.1,18.24,8
385,5,0.1,18.42,8
386,5,0.1,19.14,8
387,5,0.1,19.76,8
388,5,0.1,18.02,8
389,5,0.1,18.74,8
390,5,0.1,19.5,8
391,5,0.1,18.88,8
392,5,0.1,18.5,8
393,5,0.1,20.22,8
394,5,0.1,19.22,8
395,5,0.1,16.78,8
396,5,0.1,19.9,8
397,5,0.1,19.46,8
398,5,0.1,18.96,8
399,5,0.1,18.66,8
400,5,0.1,18.18,8
401,5,0.1,19.52,8
402,5,0.1,18.58,8
403,5,0.1,17.9,8
404,5,0.1,18.44,8
405,5,0.1,18.5,8
406,5,0.1,18.06,8
407,5,0.1,18.3,8
408,5,0.1,17.88,8
409,5,0.1,18.42,8
410,5,0.1,19.16,8
411,5,0.1,19.2,8
412,5,0.1,18.66,8
413,5,0.1,18.68,8
414,5,0.1,17.78,8
415,5,0.1,18.8,7
416,5,0.1,18.74,7
417,5,0.1,17.72,7
418,5,0.1,16.88,7
419,5,0.1,18.14,7
420,5,0.1,18.04,7
421,5,0.1,18.58,7
422,5,0.1,18.9,7
423,5,0.1,17.88,7
424,5,0.1,18.48,7
425,5,0.1,17.78,7
426,5,0.1,17.78,7
427,5,0.1,17.1,7
428,5,0.1,18.38,7
429,5,0.1,19.12,7
430,5,0.1,18.28,7
431,5,0.1,18.86,7
432,5,0.1,17.9,7
433,5,0.1,15.48,7
434,5,0.1,16.56,7
435,5,0.1,17.24,7
436,5,0.1,17.28,7
437,5,0.1,17.98,7
438,5,0.1,18.08,7
439,5,0.1,18.56,7
440,5,0.1,17.08,7
441,5,0.1,16.82,7
442,5,0.1,18.28,7
443,5,0.1,17.3,7
444,5,0.1,18.0,7
445,5,0.1,17.94,7
446,5,0.1,17.2,7
447,5,0.1,17.82,7
448,5,0.1,17.54,7
449,5,0.1,17.78,7
450,5,0.1,19.54,7
451,5,0.1,18.3,7
452,5,0.1,17.76,7
453,5,0.1,17.44,7
454,5,0.1,17.2,7
455,5,0.1,17.86,7
456,5,0.1,15.52,7
457,5,0.1,17.54,7
458,5,0.1,18.1,7
459,5,0.1,17.64,7
460,5,0.1,17.22,7
461,5,0.1,17.72,7
462,5,0.1,18.24,7
463,5,0.1,18.18,7
464,5,0.1,17.96,7
465,5,0.1,18.38,7
466,5,0.1,18.24,7
467,5,0.1,18.2,7
468,5,0.1,18.18,7
469,5,0.1,15.6,7
470,5,0.1,16.86,7
471,5,0.1,17.6,7
472,5,0.1,16.74,7
473,5,0.1,17.74,7
474,5,0.1,17.66,7
475,5,0.1,16.6,7
476,5,0.1,18.06,7
477,5,0.1,18.6,7
478,5,0.1,16.58,7
479,5,0.1,17.18,7
480,5,0.1,17.82,7
481,5,0.1,18.46,7
482,5,0.1,17.84,7
483,5,0.1,16.44,7
484,5,0.1,17.76,7
485,5,0.1,17.3,7
486,5,0.1,17.88,7
487,5,0.1,17.58,7
488,5,0.1,17.5,7
489,5,0.1,16.64,7
490,5,0.1,17.26,7
491,5,0.1,17.5,7
492,5,0.1,17.76,7
493,5,0.1,18.14,7
494,5,0.1,18.82,7
495,5,0.1,16.46,7
496,5,0.1,17.88,7
497,5,0.1,16.72,7
498,5,0.1,16.96,7
499,5,0.1,16.62,7
500,5,0.1,17.72,7
501,5,0.1,17.32,7
502,5,0.1,18.16,7
503,5,0.1,18.82,7
504,5,0.1,16.58,7
505,5,0.1,17.08,7
506,5,0.1,17.54,7
507,5,0.1,17.88,7
508,5,0.1,17.36,7
509,5,0.1,16.4,7
510,5,0.1,17.32,7
511,5,0.1,17.06,7
512,5,0.1,16.8,7
513,5,0.1,17.8,7
514,5,0.1,16.86,7
515,5,0.1,17.9,7
516,5,0.1,17.24,7
517,5,0.1,17.1,7
518,5,0.1,18.26,7
519,5,0.1,16.7,7
520,5,0.1,17.24,7
521,5,0.1,17.86,7
522,5,0.1,18.54,7
523,5,0.1,17.74,7
524,5,0.1,17.94,7
525,5,0.1,17.58,7
526,5,0.1,17.44,7
527,5,0.1,17.6,7
528,5,0.1,17.64,7
529,5,0.1,17.18,7
530,5,0.1,17.52,7
531,5,0.1,18.26,7
532,5,0.1,16.94,7
533,5,0.1,16.9,7
534,5,0.1,16.74,7
535,5,0.1,17.3,7
536,5,0.1,16.38,7
537,5,0.1,17.82,7
538,5,0.1,17.9,7
539,5,0.1,15.96,7
540,5,0.1,17.34,7
541,5,0.1,19.88,7
542,5,0.1,17.86,7
543,5,0.1,17.62,7
544,5,0.1,17.28,7
545,5,0.1,17.56,7
546,5,0.1,18.02,7
547,5,0.1,17.38,7
548,5,0.1,17.3,7
549,5,0.1,17.34,7
550,5,0.1,17.8,7
551,5,0.1,18.4,7
552,5,0.1,18.54,7
553,5,0.1,17.22,7
554,5,0.1,16.84,7
555,5,0.1,16.34,7
556,5,0.1,17.06,7
557,5,0.1,18.48,7
558,5,0.1,17.62,7
559,5,0.1,17.9,7
560,5,0.1,16.8,7
561,5,0.1,16.8,7
562,5,0.1,17.92,7
563,5,0.1,17.14,7
564,5,0.1,17.54,7
565,5,0.1,17.3,7
566,5,0.1,18.18,7
567,5,0.1,17.3,7
568,5,0.1,18.36,7
569,5,0.1,18.2,6
570,5,0.1,17.12,6
571,5,0.1,16.94,6
572,5,0.1,16.6,6
573,5,0.1,16.36,6
574,5,0.1,17.16,6
575,5,0.1,16.32,6
576,5,0.1,15.86,6
577,5,0.1,16.54,6
578,5,0.1,17.68,6
579,5,0.1,17.84,6
580,5,0.1,18.02,6
581,5,0.1,17.74,6
582,5,0.1,17.6,6
583,5,0.1,15.2,6
584,5,0.1,16.54,6
585,5,0.1,17.22,6
586,5,0.1,16.18,6
587,5,0.1,15.78,6
588,5,0.1,15.48,6
589,5,0.1,17.44,6
590,5,0.1,16.78,6
591,5,0.1,16.72,6
592,5,0.1,17.18,6
593,5,0.1,16.78,6
594,5,0.1,17.74,6
595,5,0.1,18.24,6
596,5,0.1,16.94,6
597,5,0.1,16.16,6
598,5,0.1,16.7,6
599,5,0.1,17.24,6
600,5,0.1,17.52,6
601,5,0.1,16.96,6
602,5,0.1,17.22,6
603,5,0.1,17.94,6
604,5,0.1,18.0,6
605,5,0.1,17.84,6
606,5,0.1,16.68,6
607,5,0.1,16.36,6
608,5,0.1,15.3,6
609,5,0.1,16.7,6
610,5,0.1,17.98,6
611,5,0.1,16.22,6
612,5,0.1,16.3,6
613,5,0.1,17.04,6
614,5,0.1,17.8,6
615,5,0.1,16.86,6
616,5,0.1,17.12,6
617,5,0.1,17.06,6
618,5,0.1,17.72,6
619,5,0.1,18.18,6
620,5,0.1,17.04,6
621,5,0.1,16.38,6
622,5,0.1,16.72,6
623,5,0.1,17.94,6
624,5,0.1,16.28,6
625,5,0.1,16.76,6
626,5,0.1,17.0,6
627,5,0.1,16.58,6
628,5,0.1,15.86,6
629,5,0.1,17.12,6
630,5,0.1,16.4,6
631,5,0.1,16.2,6
632,5,0.1,17.02,6
633,5,0.1,16.66,6
634,5,0.1,17.02,6
635,5,0.1,16.8,6
636,5,0.1,17.4,6
637,5,0.1,16.6,6
638,5,0.1,17.64,6
639,5,0.1,17.46,6
640,5,0.1,18.42,6
641,5,0.1,17.9,6
642,5,0.1,17.74,6
643,5,0.1,17.24,6
644,5,0.1,16.52,6
645,5,0.1,17.1,6
646,5,0.1,17.7,6
647,5,0.1,17.68,6
648,5,0.1,16.88,6
649,5,0.1,16.28,6
650,5,0.1,16.42,6
651,5,0.1,17.28,6
652,5,0.1,16.54,6
653,5,0.1,18.12,6
654,5,0.1,16.8,6
655,5,0.1,17.26,6
656,5,0.1,16.28,6
657,5,0.1,16.4,6
658,5,0.1,17.16,6
659,5,0.1,17.46,6
660,5,0.1,16.84,6
661,5,0.1,16.12,6
662,5,0.1,16.54,6
663,5,0.1,17.38,6
664,5,0.1,16.94,6
665,5,0.1,15.72,6
666,5,0.1,16.92,6
667,5,0.1,17.3,6
668,5,0.1,16.02,6
669,5,0.1,16.54,6
670,5,0.1,17.14,6
671,5,0.1,17.38,6
672,5,0.1,16.18,6
673,5,0.1,15.88,6
674,5,0.1,17.86,6
675,5,0.1,16.9,6
676,5,0.1,18.32,6
677,5,0.1,17.9,6
678,5,0.1,16.52,6
679,5,0.1,15.44,6
680,5,0.1,16.82,6
681,5,0.1,17.38,6
682,5,0.1,15.58,6
683,5,0.1,15.98,6
684,5,0.1,17.52,6
685,5,0.1,17.48,6
686,5,0.1,16.54,6
687,5,0.1,15.68,6
688,5,0.1,16.96,6
689,5,0.1,17.72,6
690,5,0.1,17.16,6
691,5,0.1,16.74,6
692,5,0.1,16.3,6
693,5,0.1,14.96,6
694,5,0.1,16.66,6
695,5,0.1,16.5,6
696,5,0.1,16.58,5
697,5,0.1,16.54,5
698,5,0.1,15.58,5
699,5,0.1,16.28,5
700,5,0.1,16.06,5
701,5,0.1,14.16,5
702,5,0.1,15.68,5
703,5,0.1,15.82,5
704,5,0.1,15.7,5
705,5,0.1,16.24,5
706,5,0.1,16.84,5
707,5,0.1,16.18,5
708,5,0.1,16.14,5
709,5,0.1,17.06,5
710,5,0.1,16.34,5
711,5,0.1,15.9,5
712,5,0.1,15.88,5
713,5,0.1,17.06,5
714,5,0.1,18.28,5
715,5,0.1,16.28,5
716,5,0.1,17.34,5
717,5,0.1,15.78,5
718,5,0.1,15.72,5
719,5,0.1,15.9,5
720,5,0.1,14.96,5
721,5,0.1,15.3,5
722,5,0.1,17.02,5
723,5,0.1,14.98,5
724,5,0.1,16.46,5
725,5,0.1,16.84,5
726,5,0.1,14.66,5
727,5,0.1,16.34,5
728,5,0.1,15.88,5
729,5,0.1,17.36,5
730,5,0.1,17.04,5
731,5,0.1,17.26,5
732,5,0.1,17.96,5
733,5,0.1,16.5,5
734,5,0.1,17.86,5
735,5,0.1,15.94,5
736,5,0.1,15.16,5
737,5,0.1,15.96,5
738,5,0.1,16.98,5
739,5,0.1,15.64,5
740,5,0.1,14.22,5
741,5,0.1,15.44,5
742,5,0.1,14.8,5
743,5,0.1,15.6,5
744,5,0.1,16.18,5
745,5,0.1,17.08,5
746,5,0.1,15.52,5
747,5,0.1,16.18,5
748,5,0.1,15.04,5
749,5,0.1,16.16,5
750,5,0.1,15.58,5
751,5,0.1,14.82,5
752,5,0.1,15.36,5
753,5,0.1,16.58,5
754,5,0.1,16.72,5
755,5,0.1,15.6,5
756,5,0.1,16.86,5
757,5,0.1,17.64,5
758,5,0.1,16.26,5
759,5,0.1,15.28,5
760,5,0.1,15.6,5
761,5,0.1,16.96,5
762,5,0.1,15.8,5
763,5,0.1,14.98,5
764,5,0.1,17.04,5
765,5,0.1,15.92,5
766,5,0.1,17.22,5
767,5,0.1,17.06,5
768,5,0.1,17.1,5
769,5,0.1,16.34,5
770,5,0.1,16.62,5
771,5,0.1,16.26,5
772,5,0.1,15.06,5
773,5,0.1,15.98,5
774,5,0.1,15.06,5
775,5,0.1,15.82,5
776,5,0.1,16.82,5
777,5,0.1,16.7,5
778,5,0.1,15.68,5
779,5,0.1,16.14,5
780,5,0.1,14.68,5
781,5,0.1,16.46,5
782,5,0.1,16.76,5
783,5,0.1,15.68,5
784,5,0.1,13.98,5
785,5,0.1,16.46,5
786,5,0.1,16.18,5
787,5,0.1,15.82,5
788,5,0.1,16.4,5
789,5,0.1,16.16,5
790,5,0.1,15.58,5
791,5,0.1,18.4,5
792,5,0.1,19.12,5
793,5,0.1,15.5,5
794,5,0.1,16.36,5
795,5,0.1,16.04,5
796,5,0.1,15.72,5
797,5,0.1,15.28,5
798,5,0.1,16.24,5
799,5,0.1,16.48,5
800,5,0.1,17.12,5
801,5,0.1,14.92,5
802,5,0.1,15.42,5
803,5,0.1,16.36,5
804,5,0.1,16.08,5
805,5,0.1,17.52,5
806,5,0.1,16.78,5
807,5,0.1,15.86,5
808,5,0.1,16.16,5
809,5,0.1,15.58,5
810,5,0.1,17.2,5
811,5,0.1,16.74,5
812,5,0.1,16.12,5
813,5,0.1,15.68,5
814,5,0.1,15.68,5
815,5,0.1,16.98,5
816,5,0.1,15.52,5
817,5,0.1,15.68,5
818,5,0.1,16.6,5
819,5,0.1,15.68,5
820,5,0.1,17.2,5
821,5,0.1,18.42,5
822,5,0.1,18.78,5
823,5,0.1,16.06,5
824,5,0.1,16.3,5
825,5,0.1,15.78,5
826,5,0.1,17.6,5
827,5,0.1,18.74,5
828,5,0.1,16.74,5
829,5,0.1,17.26,5
830,5,0.1,16.24,5
831,5,0.1,15.82,5
832,5,0.1,16.9,5
833,5,0.1,17.18,5
834,5,0.1,16.3,5
835,5,0.1,16.84,5
836,5,0.1,16.56,5
837,5,0.1,17.52,5
838,5,0.1,16.54,5
839,5,0.1,16.2,5
840,5,0.1,16.08,5
841,5,0.1,16.42,5
842,5,0.1,15.38,5
843,5,0.1,15.9,5
844,5,0.1,15.32,5
845,5,0.1,15.62,5
846,5,0.1,15.6,5
847,5,0.1,15.66,5
848,5,0.1,15.24,5
849,5,0.1,15.8,5
850,5,0.1,17.04,5
851,5,0.1,16.28,5
852,5,0.1,16.42,5
853,5,0.1,15.64,5
854,5,0.1,15.68,5
855,5,0.1,15.3,5
856,5,0.1,15.22,5
857,5,0.1,14.66,5
858,5,0.1,16.42,5
859,5,0.1,15.6,5
860,5,0.1,14.94,5
861,5,0.1,14.5,5
862,5,0.1,16.58,5
863,5,0.1,15.26,5
864,5,0.1,16.54,5
865,5,0.1,16.66,5
866,5,0.1,15.16,5
867,5,0.1,15.52,5
868,5,0.1,15.62,5
869,5,0.1,17.04,5
870,5,0.1,16.74,5
871,5,0.1,16.68,5
872,5,0.1,16.08,5
873,5,0.1,17.68,5
874,5,0.1,16.22,5
875,5,0.1,16.86,5
876,5,0.1,16.1,5
877,5,0.1,16.38,5
878,5,0.1,17.48,5
879,5,0.1,17.9,5
880,5,0.1,16.34,5
881,5,0.1,16.42,5
882,5,0.1,14.62,5
883,5,0.1,15.3,5
884,5,0.1,15.96,5
885,5,0.1,16.36,5
886,5,0.1,16.14,5
887,5,0.1,17.72,5
888,5,0.1,16.04,5
889,5,0.1,15.26,5
890,5,0.1,16.26,5
891,5,0.1,15.66,5
892,5,0.1,16.22,5
893,5,0.1,16.26,5
894,5,0.1,16.26,5
895,5,0.1,16.02,5
896,5,0.1,16.16,5
897,5,0.1,15.72,5
898,5,0.1,15.66,5
899,5,0.1,15.96,5
900,5,0.1,16.26,5
901,5,0.1,16.42,5
902,5,0.1,16.62,5
903,5,0.1,16.4,5
904,5,0.1,15.98,5
905,5,0.1,16.7,5
906,5,0.1,15.76,5
907,5,0.1,15.14,5
908,5,0.1,16.0,5
909,5,0.1,17.48,5
910,5,0.1,16.16,5
911,5,0.1,17.2,5
912,5,0.1,15.64,5
913,5,0.1,16.48,5
914,5,0.1,16.08,5
915,5,0.1,15.94,5
916,5,0.1,15.68,5
917,5,0.1,17.18,5
918,5,0.1,15.14,5
919,5,0.1,15.78,5
920,5,0.1,15.76,5
921,5,0.1,15.0,5
922,5,0.1,15.86,5
923,5,0.1,15.7,5
924,5,0.1,16.14,5
925,5,0.1,15.04,5
926,5,0.1,14.9,5
927,5,0.1,16.14,5
928,5,0.1,16.06,5
929,5,0.1,17.5,5
930,5,0.1,15.78,5
931,5,0.1,15.38,5
932,5,0.1,15.62,5
933,5,0.1,16.34,5
934,5,0.1,15.48,5
935,5,0.1,15.6,5
936,5,0.1,15.66,5
937,5,0.1,15.92,5
938,5,0.1,15.84,5
939,5,0.1,15.5,5
940,5,0.1,15.0,5
941,5,0.1,15.96,5
942,5,0.1,16.14,5
943,5,0.1,17.54,5
944,5,0.1,16.56,5
945,5,0.1,16.9,5
946,5,0.1,17.24,5
947,5,0.1,18.18,5
948,5,0.1,16.46,5
949,5,0.1,15.5,5
950,5,0.1,17.24,5
951,5,0.1,16.4,5
952,5,0.1,16.1,5
953,5,0.1,16.52,5
954,5,0.1,16.44,5
955,5,0.1,16.34,5
956,5,0.1,16.22,5
957,5,0.1,17.32,5
958,5,0.1,15.38,5
959,5,0.1,16.86,5
960,5,0.1,15.28,5
961,5,0.1,15.3,5
962,5,0.1,17.02,5
963,5,0.1,16.2,5
964,5,0.1,16.34,5
965,5,0.1,16.24,5
966,5,0.1,15.48,5
967,5,0.1,16.72,5
968,5,0.1,15.42,5
969,5,0.1,15.86,5
970,5,0.1,15.28,5
971,5,0.1,15.82,5
972,5,0.1,15.88,5
973,5,0.1,15.94,5
974,5,0.1,15.74,5
975,5,0.1,15.64,5
976,5,0.1,15.46,5
977,5,0.1,14.96,5
978,5,0.1,15.64,5
979,5,0.1,16.54,5
980,5,0.1,17.24,5
981,5,0.1,15.72,5
982,5,0.1,14.66,5
983,5,0.1,15.52,5
984,5,0.1,15.68,4
985,5,0.1,14.82,4
986,5,0.1,17.26,4
987,5,0.1,16.5,4
988,5,0.1,16.46,4
989,5,0.1,15.98,4
990,5,0.1,16.24,4
991,5,0.1,15.44,4
992,5,0.1,15.22,4
993,5,0.1,15.26,4
994,5,0.1,14.12,4
995,5,0.1,15.48,4
996,5,0.1,15.92,4
997,5,0.1,16.04,4
998,5,0.1,15.2,4
999,5,0.1,14.72,4
1000,5,0.1,16.3,4
1001,5,0.1,15.36,4
1002,5,0.1,16.2,4
1003,5,0.1,14.92,4
1004,5,0.1,15.4,4
1005,5,0.1,14.78,4
1006,5,0.1,15.24,4
1007,5,0.1,15.2,4
1008,5,0.1,16.96,4
1009,5,0.1,16.26,4
1010,5,0.1,16.06,4
1011,5,0.1,14.72,4
1012,5,0.1,15.66,4
1013,5,0.1,15.44,4
1014,5,0.1,15.28,4
1015,5,0.1,15.2,4
1016,5,0.1,16.04,4
1017,5,0.1,15.72,4
1018,5,0.1,16.24,4
1019,5,0.1,14.72,4
1020,5,0.1,15.1,4
1021,5,0.1,15.72,4
1022,5,0.1,15.28,4
1023,5,0.1,15.46,4
1024,5,0.1,15.16,4
1025,5,0.1,15.32,4
1026,5,0.1,16.36,4
1027,5,0.1,16.76,4
1028,5,0.1,16.0,4
1029,5,0.1,15.36,4
1030,5,0.1,15.24,4
1031,5,0.1,16.04,4
1032,5,0.1,16.32,4
1033,5,0.1,15.32,4
1034,5,0.1,16.76,4
1035,5,0.1,15.32,4
1036,5,0.1,15.42,4
1037,5,0.1,15.12,4
1038,5,0.1,14.56,4
1039,5,0.1,14.76,4
1040,5,0.1,14.66,4
1041,5,0.1,15.5,4
1042,5,0.1,15.54,4
1043,5,0.1,14.8,4
1044,5,0.1,14.78,4
1045,5,0.1,15.86,4
1046,5,0.1,16.12,4
1047,5,0.1,16.32,4
1048,5,0.1,16.52,4
1049,5,0.1,15.4,4
1050,5,0.1,15.42,4
1051,5,0.1,16.18,4
1052,5,0.1,16.48,4
1053,5,0.1,16.38,4
1054,5,0.1,15.36,4
1055,5,0.1,17.72,4
1056,5,0.1,16.78,4
1057,5,0.1,16.24,4
1058,5,0.1,16.54,4
1059,5,0.1,16.58,4
1060,5,0.1,16.18,4
1061,5,0.1,15.84,4
1062,5,0.1,16.46,4
1063,5,0.1,15.72,4
1064,5,0.1,15.54,4
1065,5,0.1,14.96,4
1066,5,0.1,14.56,4
1067,5,0.1,15.32,4
1068,5,0.1,16.12,4
1069,5,0.1,13.92,4
1070,5,0.1,15.56,4
1071,5,0.1,15.98,4
1072,5,0.1,15.0,4
1073,5,0.1,14.78,4
1074,5,0.1,15.9,4
1075,5,0.1,15.44,4
1076,5,0.1,15.76,4
1077,5,0.1,15.04,4
1078,5,0.1,15.32,4
1079,5,0.1,16.02,4
1080,5,0.1,15.88,4
1081,5,0.1,15.96,4
1082,5,0.1,15.48,4
1083,5,0.1,16.5,4
1084,5,0.1,16.1,4
1085,5,0.1,15.34,4
1086,5,0.1,14.08,4
1087,5,0.1,16.58,4
1088,5,0.1,15.68,4
1089,5,0.1,15.44,4
1090,5,0.1,15.78,4
1091,5,0.1,15.64,4
1092,5,0.1,16.48,4
1093,5,0.1,15.14,4
1094,5,0.1,16.46,4
1095,5,0.1,13.7,4
1096,5,0.1,14.92,4
1097,5,0.1,15.76,4
1098,5,0.1,15.58,4
1099,5,0.1,14.7,4
1100,5,0.1,16.46,4
1101,5,0.1,16.68,4
1102,5,0.1,13.94,4
1103,5,0.1,16.68,4
1104,5,0.1,16.12,4
1105,5,0.1,16.22,4
1106,5,0.1,15.64,4
1107,5,0.1,15.56,4
1108,5,0.1,14.78,4
1109,5,0.1,15.2,4
1110,5,0.1,14.98,4
1111,5,0.1,15.92,4
1112,5,0.1,14.94,4
1113,5,0.1,14.72,4
1114,5,0.1,15.06,4
1115,5,0.1,14.82,4
1116,5,0.1,14.4,4
1117,5,0.1,16.08,4
1118,5,0.1,16.1,4
1119,5,0.1,15.84,4
1120,5,0.1,15.66,4
1121,5,0.1,15.9,4
1122,5,0.1,15.04,4
1123,5,0.1,15.08,4
1124,5,0.1,15.98,4
1125,5,0.1,16.08,4
1126,5,0.1,15.62,4
1127,5,0.1,15.26,4
1128,5,0.1,14.72,4
1129,5,0.1,14.76,4
1130,5,0.1,15.26,4
1131,5,0.1,15.66,4
1132,5,0.1,16.32,4
1133,5,0.1,16.4,4
1134,5,0.1,16.0,4
1135,5,0.1,15.76,4
1136,5,0.1,15.14,4
1137,5,0.1,14.82,4
1138,5,0.1,14.32,4
1139,5,0.1,14.4,4
1140,5,0.1,15.06,4
1141,5,0.1,15.84,4
1142,5,0.1,14.92,4
1143,5,0.1,15.9,4
1144,5,0.1,16.18,4
1145,5,0.1,15.94,4
1146,5,0.1,15.06,4
1147,5,0.1,15.18,4
1148,5,0.1,14.84,4
1149,5,0.1,14.92,4
1150,5,0.1,14.96,4
1151,5,0.1,15.62,4
1152,5,0.1,16.34,4
1153,5,0.1,16.22,4
1154,5,0.1,14.98,4
1155,5,0.1,13.32,4
1156,5,0.1,15.7,4
1157,5,0.1,15.88,4
1158,5,0.1,14.68,4
1159,5,0.1,15.58,4
1160,5,0.1,15.34,4
1161,5,0.1,17.3,4
1162,5,0.1,15.34,4
1163,5,0.1,15.52,4
1164,5,0.1,16.5,4
1165,5,0.1,17.52,4
1166,5,0.1,16.08,4
1167,5,0.1,15.44,4
1168,5,0.1,15.52,4
1169,5,0.1,13.84,4
1170,5,0.1,14.7,4
1171,5,0.1,15.58,4
1172,5,0.1,14.32,4
1173,5,0.1,14.2,4
1174,5,0.1,15.92,4
1175,5,0.1,15.36,4
1176,5,0.1,15.64,4
1177,5,0.1,15.18,4
1178,5,0.1,14.3,4
1179,5,0.1,15.74,4
1180,5,0.1,15.86,4
1181,5,0.1,15.36,4
1182,5,0.1,14.96,4
1183,5,0.1,14.86,4
1184,5,0.1,15.24,4
1185,5,0.1,14.6,4
1186,5,0.1,17.02,4
1187,5,0.1,15.46,4
1188,5,0.1,15.42,4
1189,5,0.1,15.98,4
1190,5,0.1,15.08,4
1191,5,0.1,13.96,4
1192,5,0.1,15.0,4
1193,5,0.1,14.84,4
1194,5,0.1,14.48,4
1195,5,0.1,15.96,4
1196,5,0.1,14.24,4
1197,5,0.1,15.34,4
1198,5,0.1,16.1,4
1199,5,0.1,14.58,4
1200,5,0.1,15.42,4
1201,5,0.1,16.36,4
1202,5,0.1,16.54,4
1203,5,0.1,15.84,4
1204,5,0.1,14.9,4
1205,5,0.1,15.58,4
1206,5,0.1,15.66,4
1207,5,0.1,15.0,4
1208,5,0.1,16.2,4
1209,5,0.1,14.96,4
1210,5,0.1,15.54,4
1211,5,0.1,16.42,4
1212,5,0.1,15.46,4
1213,5,0.1,15.18,4
1214,5,0.1,15.38,4
1215,5,0.1,15.8,4
1216,5,0.1,15.78,4
1217,5,0.1,16.02,4
1218,5,0.1,15.2,4
1219,5,0.1,15.42,4
1220,5,0.1,15.78,4
1221,5,0.1,15.24,4
1222,5,0.1,14.14,4
1223,5,0.1,15.0,4
1224,5,0.1,14.62,4
1225,5,0.1,14.84,4
1226,5,0.1,14.44,4
1227,5,0.1,16.48,4
1228,5,0.1,15.24,4
1229,5,0.1,14.78,4
1230,5,0.1,16.12,4
1231,5,0.1,15.52,4
1232,5,0.1,15.92,4
1233,5,0.1,14.26,4
1234,5,0.1,16.62,4
1235,5,0.1,15.52,4
1236,5,0.1,16.08,4
1237,5,0.1,16.48,4
1238,5,0.1,16.56,4
1239,5,0.1,16.02,4
1240,5,0.1,16.4,4
1241,5,0.1,16.0,4
1242,5,0.1,15.72,4
1243,5,0.1,15.32,4
1244,5,0.1,15.56,4
1245,5,0.1,15.02,4
1246,5,0.1,14.64,4
1247,5,0.1,15.48,4
1248,5,0.1,16.4,4
1249,5,0.1,16.14,4
1250,5,0.1,15.34,4
1251,5,0.1,15.92,4
1252,5,0.1,15.02,4
1253,5,0.1,13.62,4
1254,5,0.1,14.7,4
1255,5,0.1,15.76,4
1256,5,0.1,15.1,4
1257,5,0.1,14.24,4
1258,5,0.1,13.52,4
1259,5,0.1,16.02,4
1260,5,0.1,14.64,4
1261,5,0.1,15.6,4
1262,5,0.1,14.66,4
1263,5,0.1,15.08,4
1264,5,0.1,14.94,4
1265,5,0.1,15.34,4
1266,5,0.1,15.78,4
1267,5,0.1,15.64,4
1268,5,0.1,15.46,4
1269,5,0.1,15.64,4
1270,5,0.1,15.22,4
1271,5,0.1,14.2,4
1272,5,0.1,14.34,4
1273,5,0.1,15.0,4
1274,5,0.1,15.86,4
1275,5,0.1,14.5,4
1276,5,0.1,15.38,4
1277,5,0.1,15.36,4
1278,5,0.1,14.64,4
1279,5,0.1,15.76,4
1280,5,0.1,15.3,4
1281,5,0.1,14.88,4
1282,5,0.1,14.52,4
1283,5,0.1,15.6,4
1284,5,0.1,16.5,4
1285,5,0.1,15.26,4
1286,5,0.1,15.4,4
1287,5,0.1,14.7,4
1288,5,0.1,15.12,4
1289,5,0.1,16.04,4
1290,5,0.1,15.18,4
1291,5,0.1,14.94,4
1292,5,0.1,15.28,4
1293,5,0.1,14.6,4
1294,5,0.1,16.1,4
1295,5,0.1,16.0,4
1296,5,0.1,16.76,4
1297,5,0.1,15.76,4
1298,5,0.1,15.68,4
1299,5,0.1,14.4,4
1300,5,0.1,14.6,4
1301,5,0.1,15.14,4
1302,5,0.1,14.68,4
1303,5,0.1,15.84,4
1304,5,0.1,14.8,4
1305,5,0.1,15.42,4
1306,5,0.1,14.64,4
1307,5,0.1,16.04,4
1308,5,0.1,15.66,4
1309,5,0.1,15.76,4
1310,5,0.1,14.88,4
1311,5,0.1,15.26,4
1312,5,0.1,15.42,4
1313,5,0.1,14.98,4
1314,5,0.1,14.88,4
1315,5,0.1,14.68,4
1316,5,0.1,16.2,4
1317,5,0.1,15.62,4
1318,5,0.1,15.16,4
1319,5,0.1,14.82,4
1320,5,0.1,13.64,4
1321,5,0.1,15.28,4
1322,5,0.1,14.32,4
1323,5,0.1,15.32,4
1324,5,0.1,15.82,4
1325,5,0.1,14.92,4
1326,5,0.1,14.62,4
1327,5,0.1,16.2,4
1328,5,0.1,16.16,4
1329,5,0.1,13.66,4
1330,5,0.1,15.52,4
1331,5,0.1,15.52,4
1332,5,0.1,15.68,4
1333,5,0.1,16.54,4
1334,5,0.1,16.82,4
1335,5,0.1,14.7,4
1336,5,0.1,15.26,4
1337,5,0.1,15.2,4
1338,5,0.1,14.04,4
1339,5,0.1,15.04,4
1340,5,0.1,15.06,4
1341,5,0.1,16.26,4
1342,5,0.1,15.98,4
1343,5,0.1,15.34,4
1344,5,0.1,15.34,4
1345,5,0.1,15.78,4
1346,5,0.1,14.56,4
1347,5,0.1,15.26,4
1348,5,0.1,15.94,4
1349,5,0.1,15.46,4
1350,5,0.1,15.46,4
1351,5,0.1,15.52,4
1352,5,0.1,14.24,4
1353,5,0.1,15.68,4
1354,5,0.1,15.18,4
1355,5,0.1,15.76,4
1356,5,0.1,14.96,4
1357,5,0.1,14.14,4
1358,5,0.1,15.06,4
1359,5,0.1,14.56,4
1360,5,0.1,14.58,4
1361,5,0.1,14.7,4
1362,5,0.1,16.4,4
1363,5,0.1,15.78,4
1364,5,0.1,15.98,4
1365,5,0.1,15.74,4
1366,5,0.1,15.3,4
1367,5,0.1,15.04,4
1368,5,0.1,16.18,4
1369,5,0.1,16.48,4
1370,5,0.1,16.0,4
1371,5,0.1,15.56,4
1372,5,0.1,15.36,4
1373,5,0.1,17.06,4
1374,5,0.1,16.3,4
1375,5,0.1,16.38,4
1376,5,0.1,15.64,4
1377,5,0.1,16.36,4
1378,5,0.1,15.2,4
1379,5,0.1,15.68,4
1380,5,0.1,15.46,4
1381,5,0.1,16.18,4
1382,5,0.1,15.58,4
1383,5,0.1,15.96,4
1384,5,0.1,14.78,4
1385,5,0.1,15.58,4
1386,5,0.1,16.22,4
1387,5,0.1,15.66,4
1388,5,0.1,14.22,4
1389,5,0.1,14.4,4
1390,5,0.1,14.22,4
1391,5,0.1,14.76,4
1392,5,0.1,15.5,4
1393,5,0.1,16.28,4
1394,5,0.1,15.94,4
1395,5,0.1,15.54,4
1396,5,0.1,15.1,4
1397,5,0.1,14.12,4
1398,5,0.1,14.8,4
1399,5,0.1,15.54,4
1400,5,0.1,16.14,4
1401,5,0.1,14.86,4
1402,5,0.1,15.72,4
1403,5,0.1,14.48,4
1404,5,0.1,15.0,4
1405,5,0.1,14.94,4
1406,5,0.1,14.78,4
1407,5,0.1,14.3,4
1408,5,0.1,15.4,4
1409,5,0.1,15.8,4
1410,5,0.1,16.3,4
1411,5,0.1,14.62,4
1412,5,0.1,16.12,4
1413,5,0.1,16.22,4
1414,5,0.1,15.28,4
1415,5,0.1,16.14,4
1416,5,0.1,14.56,4
1417,5,0.1,15.8,4
1418,5,0.1,16.98,4
1419,5,0.1,16.16,4
1420,5,0.1,14.4,4
1421,5,0.1,15.9,4
1422,5,0.1,16.02,4
1423,5,0.1,16.0,4
1424,5,0.1,15.24,4
1425,5,0.1,14.44,4
1426,5,0.1,15.7,4
1427,5,0.1,15.9,4
1428,5,0.1,14.36,4
1429,5,0.1,14.9,4
1430,5,0.1,16.3,4
1431,5,0.1,15.2,4
1432,5,0.1,15.74,4
1433,5,0.1,16.44,4
1434,5,0.1,16.82,4
1435,5,0.1,15.14,4
1436,5,0.1,14.56,4
1437,5,0.1,14.5,4
1438,5,0.1,15.94,4
1439,5,0.1,15.38,4
1440,5,0.1,15.94,4
1441,5,0.1,14.38,4
1442,5,0.1,14.88,4
1443,5,0.1,15.44,4
1444,5,0.1,15.58,4
1445,5,0.1,15.98,4
1446,5,0.1,15.76,4
1447,5,0.1,16.0,4
1448,5,0.1,15.08,4
1449,5,0.1,16.26,4
1450,5,0.1,14.9,4
1451,5,0.1,14.62,4
1452,5,0.1,15.32,4
1453,5,0.1,15.4,4
1454,5,0.1,14.42,4
1455,5,0.1,14.84,4
1456,5,0.1,15.74,4
1457,5,0.1,15.32,4
1458,5,0.1,14.82,4
1459,5,0.1,14.1,4
1460,5,0.1,16.42,4
1461,5,0.1,16.12,4
1462,5,0.1,16.04,4
1463,5,0.1,16.52,4
1464,5,0.1,14.62,4
1465,5,0.1,16.12,4
1466,5,0.1,16.54,4
1467,5,0.1,14.58,4
1468,5,0.1,15.38,4
1469,5,0.1,14.56,4
1470,5,0.1,15.32,4
1471,5,0.1,15.06,4
1472,5,0.1,14.76,4
1473,5,0.1,15.3,4
1474,5,0.1,15.3,4
1475,5,0.1,15.92,4
1476,5,0.1,16.18,4
1477,5,0.1,15.82,4
1478,5,0.1,13.58,4
1479,5,0.1,15.28,4
1480,5,0.1,16.16,4
1481,5,0.1,16.38,4
1482,5,0.1,14.76,4
1483,5,0.1,14.76,4
1484,5,0.1,15.68,4
1485,5,0.1,15.16,4
1486,5,0.1,14.38,4
1487,5,0.1,15.48,4
1488,5,0.1,16.3,4
1489,5,0.1,16.1,4
1490,5,0.1,15.42,4
1491,5,0.1,14.44,4
1492,5,0.1,15.14,4
1493,5,0.1,15.84,4
1494,5,0.1,15.68,4
1495,5,0.1,16.94,4
1496,5,0.1,15.7,4
1497,5,0.1,15.44,4
1498,5,0.1,15.68,4
1499,5,0.1,16.02,4
1500,5,0.1,16.66,4
1501,5,0.1,15.3,4
1502,5,0.1,15.52,4
1503,5,0.1,15.68,4
1504,5,0.1,15.52,4
1505,5,0.1,15.86,4
1506,5,0.1,15.78,4
1507,5,0.1,15.98,4
1508,5,0.1,14.12,4
1509,5,0.1,15.56,4
1510,5,0.1,15.84,4
1511,5,0.1,15.48,4
1512,5,0.1,15.34,4
1513,5,0.1,15.24,4
1514,5,0.1,15.14,4
1515,5,0.1,14.76,4
1516,5,0.1,13.5,4
1517,5,0.1,13.9,4
1518,5,0.1,15.42,4
1519,5,0.1,14.84,4
1520,5,0.1,16.26,4
1521,5,0.1,16.28,4
1522,5,0.1,15.1,4
1523,5,0.1,14.74,4
1524,5,0.1,16.22,4
1525,5,0.1,16.4,4
1526,5,0.1,16.54,4
1527,5,0.1,16.24,4
1528,5,0.1,15.76,4
1529,5,0.1,15.38,4
1530,5,0.1,15.56,4
1531,5,0.1,15.68,4
1532,5,0.1,15.46,4
1533,5,0.1,14.28,4
1534,5,0.1,14.12,4
1535,5,0.1,16.26,4
1536,5,0.1,14.68,4
1537,5,0.1,15.3,4
1538,5,0.1,15.48,4
1539,5,0.1,16.42,4
1540,5,0.1,16.68,4
1541,5,0.1,14.36,4
1542,5,0.1,15.56,4
1543,5,0.1,15.64,4
1544,5,0.1,14.98,4
1545,5,0.1,13.68,4
1546,5,0.1,15.04,4
1547,5,0.1,15.8,4
1548,5,0.1,16.54,4
1549,5,0.1,15.96,4
1550,5,0.1,15.6,4
1551,5,0.1,14.98,4
1552,5,0.1,15.28,4
1553,5,0.1,14.28,4
1554,5,0.1,14.96,4
1555,5,0.1,15.38,4
1556,5,0.1,15.66,4
1557,5,0.1,16.32,4
1558,5,0.1,16.2,4
1559,5,0.1,16.28,4
1560,5,0.1,15.66,4
1561,5,0.1,13.92,4
1562,5,0.1,15.88,4
1563,5,0.1,15.7,4
1564,5,0.1,14.2,4
1565,5,0.1,15.72,4
1566,5,0.1,14.78,4
1567,5,0.1,15.78,4
1568,5,0.1,16.08,4
1569,5,0.1,16.08,4
1570,5,0.1,14.92,4
1571,5,0.1,15.22,4
1572,5,0.1,15.6,4
1573,5,0.1,15.44,4
1574,5,0.1,14.46,4
1575,5,0.1,15.14,4
1576,5,0.1,14.4,4
1577,5,0.1,14.38,4
1578,5,0.1,14.44,4
1579,5,0.1,16.94,4
1580,5,0.1,16.6,4
1581,5,0.1,15.78,4
1582,5,0.1,15.46,4
1583,5,0.1,16.2,4
1584,5,0.1,16.52,4
1585,5,0.1,15.9,4
1586,5,0.1,14.96,4
1587,5,0.1,14.54,4
1588,5,0.1,15.62,4
1589,5,0.1,17.2,4
1590,5,0.1,15.56,4
1591,5,0.1,16.02,4
1592,5,0.1,15.64,4
1593,5,0.1,15.02,4
1594,5,0.1,16.04,4
1595,5,0.1,17.3,4
1596,5,0.1,15.5,4
1597,5,0.1,15.76,4
1598,5,0.1,16.04,4
1599,5,0.1,16.4,4
1600,5,0.1,13.9,4
1601,5,0.1,14.34,4
1602,5,0.1,14.56,4
1603,5,0.1,15.24,4
1604,5,0.1,16.6,4
1605,5,0.1,15.98,4
1606,5,0.1,14.34,4
1607,5,0.1,15.44,4
1608,5,0.1,15.6,4
1609,5,0.1,14.52,4
1610,5,0.1,15.26,4
1611,5,0.1,15.38,4
1612,5,0.1,15.86,4
1613,5,0.1,15.1,4
1614,5,0.1,16.02,4
1615,5,0.1,16.18,4
1616,5,0.1,16.34,4
1617,5,0.1,15.92,4
1618,5,0.1,13.98,4
1619,5,0.1,13.9,4
1620,5,0.1,14.6,4
1621,5,0.1,14.62,4
1622,5,0.1,15.6,4
1623,5,0.1,15.54,4
1624,5,0.1,15.26,4
1625,5,0.1,15.56,4
1626,5,0.1,15.56,4
1627,5,0.1,16.34,4
1628,5,0.1,16.78,4
1629,5,0.1,16.34,4
1630,5,0.1,14.48,4
1631,5,0.1,15.8,4
1632,5,0.1,15.68,4
1633,5,0.1,14.32,4
1634,5,0.1,15.6,4
1635,5,0.1,15.14,4
1636,5,0.1,16.36,4
1637,5,0.1,15.28,4
1638,5,0.1,14.64,4
1639,5,0.1,15.86,4
1640,5,0.1,16.92,4
1641,5,0.1,17.2,4
1642,5,0.1,16.88,4
1643,5,0.1,16.52,4
1644,5,0.1,16.06,4
1645,5,0.1,15.48,4
1646,5,0.1,16.26,4
1647,5,0.1,14.56,4
1648,5,0.1,15.5,4
1649,5,0.1,15.52,4
1650,5,0.1,16.88,4
1651,5,0.1,16.84,4
1652,5,0.1,16.24,4
1653,5,0.1,14.2,4
1654,5,0.1,14.62,4
1655,5,0.1,16.0,4
1656,5,0.1,15.34,4
1657,5,0.1,15.8,4
1658,5,0.1,15.42,4
1659,5,0.1,16.08,4
1660,5,0.1,17.12,4
1661,5,0.1,16.84,4
1662,5,0.1,16.08,4
1663,5,0.1,15.98,4
1664,5,0.1,15.38,4
1665,5,0.1,15.26,4
1666,5,0.1,16.24,4
1667,5,0.1,14.74,4
1668,5,0.1,15.76,4
1669,5,0.1,15.94,4
1670,5,0.1,14.86,4
1671,5,0.1,16.08,4
1672,5,0.1,14.32,4
1673,5,0.1,15.78,4
1674,5,0.1,14.9,4
1675,5,0.1,15.72,4
1676,5,0.1,15.4,4
1677,5,0.1,14.3,4
1678,5,0.1,16.08,4
1679,5,0.1,15.38,4
1680,5,0.1,15.36,4
1681,5,0.1,14.98,4
1682,5,0.1,14.76,4
1683,5,0.1,16.5,4
1684,5,0.1,15.96,4
1685,5,0.1,14.4,4
1686,5,0.1,14.8,4
1687,5,0.1,15.16,4
1688,5,0.1,14.24,4
1689,5,0.1,15.1,4
1690,5,0.1,16.16,4
1691,5,0.1,15.44,4
1692,5,0.1,15.22,4
1693,5,0.1,14.3,4
1694,5,0.1,14.58,4
1695,5,0.1,16.56,4
1696,5,0.1,16.72,4
1697,5,0.1,15.92,4
1698,5,0.1,14.96,4
1699,5,0.1,15.24,4
1700,5,0.1,16.5,4
1701,5,0.1,14.44,4
1702,5,0.1,15.04,4
1703,5,0.1,15.6,4
1704,5,0.1,15.28,4
1705,5,0.1,16.9,4
1706,5,0.1,17.72,4
1707,5,0.1,15.06,4
1708,5,0.1,16.26,4
1709,5,0.1,15.88,4
1710,5,0.1,16.2,4
1711,5,0.1,15.76,4
1712,5,0.1,16.04,4
1713,5,0.1,16.6,4
1714,5,0.1,15.8,4
1715,5,0.1,15.36,4
1716,5,0.1,14.74,4
1717,5,0.1,17.06,4
1718,5,0.1,16.7,4
1719,5,0.1,16.3,4
1720,5,0.1,15.26,4
1721,5,0.1,15.64,4
1722,5,0.1,16.08,4
1723,5,0.1,15.16,4
1724,5,0.1,16.22,4
1725,5,0.1,14.56,4
1726,5,0.1,15.52,4
1727,5,0.1,16.1,4
1728,5,0.1,15.64,4
1729,5,0.1,15.78,4
1730,5,0.1,15.76,4
1731,5,0.1,15.54,4
1732,5,0.1,14.2,4
1733,5,0.1,14.44,4
1734,5,0.1,16.58,4
1735,5,0.1,14.98,4
1736,5,0.1,16.12,4
1737,5,0.1,16.32,4
1738,5,0.1,14.2,4
1739,5,0.1,15.0,4
1740,5,0.1,14.58,4
1741,5,0.1,15.76,4
1742,5,0.1,16.1,4
1743,5,0.1,16.42,4
1744,5,0.1,14.96,4
1745,5,0.1,15.66,4
1746,5,0.1,15.98,4
1747,5,0.1,14.26,4
1748,5,0.1,13.82,4
1749,5,0.1,14.9,4
1750,5,0.1,14.34,4
1751,5,0.1,15.94,4
1752,5,0.1,15.24,4
1753,5,0.1,15.0,4
1754,5,0.1,14.24,4
1755,5,0.1,15.5,4
1756,5,0.1,15.2,4
1757,5,0.1,15.5,4
1758,5,0.1,14.56,4
1759,5,0.1,14.9,4
1760,5,0.1,15.92,4
1761,5,0.1,13.9,4
1762,5,0.1,15.88,4
1763,5,0.1,15.78,4
1764,5,0.1,13.6,4
1765,5,0.1,15.98,4
1766,5,0.1,16.54,4
1767,5,0.1,15.2,4
1768,5,0.1,15.16,4
1769,5,0.1,16.68,4
1770,5,0.1,16.14,4
1771,5,0.1,16.5,4
1772,5,0.1,14.1,4
1773,5,0.1,14.88,4
1774,5,0.1,12.58,4
1775,5,0.1,15.22,4
1776,5,0.1,14.56,4
1777,5,0.1,13.78,4
1778,5,0.1,14.18,4
1779,5,0.1,12.72,4
1780,5,0.1,15.92,4
1781,5,0.1,16.26,4
1782,5,0.1,17.1,4
1783,5,0.1,16.24,4
1784,5,0.1,15.34,4
1785,5,0.1,16.28,4
1786,5,0.1,15.9,4
1787,5,0.1,16.32,4
1788,5,0.1,16.76,4
1789,5,0.1,15.7,4
1790,5,0.1,15.1,4
1791,5,0.1,16.52,4
1792,5,0.1,16.18,4
1793,5,0.1,16.76,4
1794,5,0.1,15.38,4
1795,5,0.1,15.98,4
1796,5,0.1,15.04,4
1797,5,0.1,15.34,4
1798,5,0.1,14.56,4
1799,5,0.1,15.06,4
1800,5,0.1,14.32,4
1801,5,0.1,15.86,4
1802,5,0.1,15.86,4
1803,5,0.1,14.64,4
1804,5,0.1,13.8,4
1805,5,0.1,13.7,4
1806,5,0.1,14.48,4
1807,5,0.1,14.3,4
1808,5,0.1,14.64,4
1809,5,0.1,14.8,4
1810,5,0.1,14.44,4
1811,5,0.1,15.92,4
1812,5,0.1,15.5,4
1813,5,0.1,14.9,4
1814,5,0.1,15.84,4
1815,5,0.1,14.94,4
1816,5,0.1,14.06,4
1817,5,0.1,16.08,4
1818,5,0.1,13.84,4
1819,5,0.1,15.66,4
1820,5,0.1,14.66,4
1821,5,0.1,16.54,4
1822,5,0.1,17.04,4
1823,5,0.1,14.2,4
1824,5,0.1,14.96,4
1825,5,0.1,14.76,4
1826,5,0.1,16.44,4
1827,5,0.1,15.22,4
1828,5,0.1,16.16,4
1829,5,0.1,16.92,4
1830,5,0.1,15.6,4
1831,5,0.1,16.28,4
1832,5,0.1,15.6,4
1833,5,0.1,15.16,4
1834,5,0.1,15.44,4
1835,5,0.1,15.28,4
1836,5,0.1,15.64,4
1837,5,0.1,15.5,4
1838,5,0.1,15.28,4
1839,5,0.1,15.46,4
1840,5,0.1,15.46,4
1841,5,0.1,17.08,4
1842,5,0.1,15.82,4
1843,5,0.1,15.14,4
1844,5,0.1,15.1,4
1845,5,0.1,15.68,4
1846,5,0.1,15.78,4
1847,5,0.1,15.42,4
1848,5,0.1,15.74,4
1849,5,0.1,16.24,4
1850,5,0.1,13.92,4
1851,5,0.1,15.04,4
1852,5,0.1,14.78,4
1853,5,0.1,15.82,4
1854,5,0.1,15.0,4
1855,5,0.1,15.88,4
1856,5,0.1,16.0,4
1857,5,0.1,15.28,4
1858,5,0.1,15.38,4
1859,5,0.1,15.42,4
1860,5,0.1,14.54,4
1861,5,0.1,15.44,4
1862,5,0.1,15.78,4
1863,5,0.1,15.6,4
1864,5,0.1,14.96,4
1865,5,0.1,15.3,4
1866,5,0.1,14.26,4
1867,5,0.1,16.8,4
1868,5,0.1,14.48,4
1869,5,0.1,15.9,4
1870,5,0.1,15.36,4
1871,5,0.1,15.32,4
1872,5,0.1,16.16,4
1873,5,0.1,16.34,4
1874,5,0.1,14.52,4
1875,5,0.1,16.0,4
1876,5,0.1,15.96,4
1877,5,0.1,16.14,4
1878,5,0.1,15.08,4
1879,5,0.1,14.66,4
1880,5,0.1,14.54,4
1881,5,0.1,16.2,4
1882,5,0.1,16.02,4
1883,5,0.1,14.88,4
1884,5,0.1,15.68,4
1885,5,0.1,16.4,4
1886,5,0.1,15.94,4
1887,5,0.1,15.48,4
1888,5,0.1,15.72,4
1889,5,0.1,16.26,4
1890,5,0.1,15.94,4
1891,5,0.1,16.42,4
1892,5,0.1,15.56,4
1893,5,0.1,17.12,4
1894,5,0.1,15.38,4
1895,5,0.1,14.54,4
1896,5,0.1,15.44,4
1897,5,0.1,13.72,4
1898,5,0.1,15.02,4
1899,5,0.1,13.94,4
1900,5,0.1,16.52,4
1901,5,0.1,16.58,4
1902,5,0.1,16.0,4
1903,5,0.1,16.34,4
1904,5,0.1,16.76,4
1905,5,0.1,14.56,4
1906,5,0.1,15.18,4
1907,5,0.1,15.98,4
1908,5,0.1,15.22,4
1909,5,0.1,17.04,4
1910,5,0.1,16.06,4
1911,5,0.1,14.92,4
1912,5,0.1,13.88,4
1913,5,0.1,14.14,4
1914,5,0.1,15.24,4
1915,5,0.1,14.4,4
1916,5,0.1,15.6,4
1917,5,0.1,14.54,4
1918,5,0.1,15.76,4
1919,5,0.1,14.32,4
1920,5,0.1,15.04,4
1921,5,0.1,15.26,4
1922,5,0.1,14.84,4
1923,5,0.1,14.22,4
1924,5,0.1,15.58,4
1925,5,0.1,16.0,4
1926,5,0.1,15.04,4
1927,5,0.1,15.32,4
1928,5,0.1,15.74,4
1929,5,0.1,15.92,4
1930,5,0.1,15.52,4
1931,5,0.1,15.78,4
1932,5,0.1,15.46,4
1933,5,0.1,14.92,4
1934,5,0.1,14.06,4
1935,5,0.1,15.88,4
1936,5,0.1,15.04,4
1937,5,0.1,14.92,4
1938,5,0.1,14.22,4
1939,5,0.1,15.22,4
1940,5,0.1,14.94,4
1941,5,0.1,15.2,4
1942,5,0.1,14.72,4
1943,5,0.1,13.76,4
1944,5,0.1,15.18,4
1945,5,0.1,16.18,4
1946,5,0.1,15.66,4
1947,5,0.1,15.18,4
1948,5,0.1,15.34,4
1949,5,0.1,16.08,4
1950,5,0.1,15.76,4
1951,5,0.1,15.74,4
1952,5,0.1,16.92,4
1953,5,0.1,17.02,4
1954,5,0.1,17.02,4
1955,5,0.1,17.3,4
1956,5,0.1,18.24,4
1957,5,0.1,15.04,4
1958,5,0.1,14.7,4
1959,5,0.1,14.56,4
1960,5,0.1,14.12,4
1961,5,0.1,15.78,4
1962,5,0.1,13.98,4
1963,5,0.1,15.36,4
1964,5,0.1,14.8,4
1965,5,0.1,17.06,4
1966,5,0.1,16.64,4
1967,5,0.1,15.58,4
1968,5,0.1,15.34,4
1969,5,0.1,16.44,4
1970,5,0.1,15.8,4
1971,5,0.1,14.56,4
1972,5,0.1,15.48,4
1973,5,0.1,15.88,4
1974,5,0.1,13.76,4
1975,5,0.1,14.88,4
1976,5,0.1,14.38,4
1977,5,0.1,13.44,4
1978,5,0.1,15.88,4
1979,5,0.1,14.94,4
1980,5,0.1,14.26,4
1981,5,0.1,14.34,4
1982,5,0.1,14.74,4
1983,5,0.1,15.24,4
1984,5,0.1,16.04,4
1985,5,0.1,14.68,4
1986,5,0.1,15.52,4
1987,5,0.1,15.52,4
1988,5,0.1,16.28,4
1989,5,0.1,16.7,4
1990,5,0.1,16.64,4
1991,5,0.1,15.68,4
1992,5,0.1,16.1,4
1993,5,0.1,14.3,4
1994,5,0.1,15.82,4
1995,5,0.1,16.06,4
1996,5,0.1,16.32,4
1997,5,0.1,17.18,4
1998,5,0.1,16.74,4
1999,5,0.1,14.66,4
2000,5,0.1,14.4,4
