generation,run,parameter,mean_fitness,best_fitness
0,1,20,57.5,48
1,1,20,49.0,44
2,1,20,46.1,38
3,1,20,42.25,38
4,1,20,40.6,37
5,1,20,39.3,34
6,1,20,37.85,30
7,1,20,34.05,28
8,1,20,32.1,26
9,1,20,31.1,25
10,1,20,29.4,24
11,1,20,27.0,22
12,1,20,25.55,20
13,1,20,24.75,20
14,1,20,23.35,20
15,1,20,24.1,20
16,1,20,24.65,20
17,1,20,25.3,20
18,1,20,24.2,20
19,1,20,23.6,20
20,1,20,22.9,18
21,1,20,23.05,18
22,1,20,22.75,18
23,1,20,22.5,18
24,1,20,23.2,18
25,1,20,22.0,18
26,1,20,22.05,18
27,1,20,22.85,18
28,1,20,23.3,18
29,1,20,23.55,18
30,1,20,21.05,18
31,1,20,21.95,18
32,1,20,22.3,18
33,1,20,22.85,18
34,1,20,22.0,17
35,1,20,20.85,17
36,1,20,20.8,16
37,1,20,20.25,16
38,1,20,20.95,15
39,1,20,20.85,15
40,1,20,20.3,15
41,1,20,19.55,15
42,1,20,18.45,15
43,1,20,18.7,15
44,1,20,19.3,15
45,1,20,21.35,15
46,1,20,21.4,15
47,1,20,19.8,14
48,1,20,17.85,14
49,1,20,17.95,14
50,1,20,18.5,14
51,1,20,18.0,14
52,1,20,15.9,13
53,1,20,16.95,13
54,1,20,16.35,13
55,1,20,18.2,13
56,1,20,18.15,13
57,1,20,16.8,13
58,1,20,18.4,13
59,1,20,19.0,13
60,1,20,19.35,13
61,1,20,17.7,13
62,1,20,17.95,13
63,1,20,18.15,13
64,1,20,17.5,13
65,1,20,17.3,13
66,1,20,17.6,12
67,1,20,18.5,12
68,1,20,17.15,12
69,1,20,16.65,12
70,1,20,17.35,12
71,1,20,16.6,12
72,1,20,16.6,12
73,1,20,17.45,12
74,1,20,16.75,11
75,1,20,15.7,11
76,1,20,16.8,11
77,1,20,15.75,11
78,1,20,14.85,11
79,1,20,14.95,11
80,1,20,15.2,11
81,1,20,16.6,11
82,1,20,16.4,11
83,1,20,16.5,11
84,1,20,17.15,11
85,1,20,18.6,11
86,1,20,15.4,11
87,1,20,15.1,11
88,1,20,14.35,11
89,1,20,15.25,11
90,1,20,16.7,11
91,1,20,15.8,11
92,1,20,13.9,11
93,1,20,15.6,11
94,1,20,16.5,11
95,1,20,15.3,11
96,1,20,14.65,11
97,1,20,15.45,11
98,1,20,15.3,11
99,1,20,13.9,11
100,1,20,14.4,11
101,1,20,15.25,11
102,1,20,17.15,11
103,1,20,16.45,11
104,1,20,15.05,11
105,1,20,14.75,11
106,1,20,16.1,11
107,1,20,16.85,10
108,1,20,15.7,10
109,1,20,13.75,10
110,1,20,14.7,10
111,1,20,14.75,10
112,1,20,14.35,10
113,1,20,15.35,10
114,1,20,14.35,10
115,1,20,15.5,10
116,1,20,16.75,10
117,1,20,15.05,10
118,1,20,17.0,10
119,1,20,15.95,10
120,1,20,15.8,10
121,1,20,15.05,10
122,1,20,14.8,10
123,1,20,15.5,10
124,1,20,15.6,10
125,1,20,15.35,10
126,1,20,16.15,10
127,1,20,17.05,10
128,1,20,15.85,10
129,1,20,14.45,10
130,1,20,15.15,10
131,1,20,15.0,10
132,1,20,15.5,10
133,1,20,14.3,10
134,1,20,16.65,10
135,1,20,15.4,10
136,1,20,14.65,10
137,1,20,14.45,10
138,1,20,16.05,10
139,1,20,15.85,10
140,1,20,15.0,10
141,1,20,13.65,10
142,1,20,15.45,10
143,1,20,14.2,10
144,1,20,15.2,10
145,1,20,13.85,10
146,1,20,14.55,10
147,1,20,15.7,10
148,1,20,16.4,10
149,1,20,13.6,10
150,1,20,15.25,10
151,1,20,13.55,10
152,1,20,13.85,10
153,1,20,16.15,10
154,1,20,15.45,10
155,1,20,14.45,10
156,1,20,15.8,10
157,1,20,15.55,10
158,1,20,14.45,10
159,1,20,14.3,10
160,1,20,15.2,10
161,1,20,14.7,10
162,1,20,16.15,10
163,1,20,16.55,10
164,1,20,16.6,10
165,1,20,17.25,10
166,1,20,16.75,10
167,1,20,15.45,10
168,1,20,16.9,10
169,1,20,17.2,10
170,1,20,14.95,10
171,1,20,15.5,10
172,1,20,15.25,10
173,1,20,15.0,10
174,1,20,14.05,10
175,1,20,14.65,9
176,1,20,15.8,9
177,1,20,16.2,9
178,1,20,16.6,9
179,1,20,15.35,9
180,1,20,14.6,9
181,1,20,14.75,9
182,1,20,15.8,9
183,1,20,13.7,9
184,1,20,14.05,9
185,1,20,15.8,9
186,1,20,14.4,9
187,1,20,14.0,9
188,1,20,13.95,9
189,1,20,15.25,9
190,1,20,13.75,9
191,1,20,12.15,9
192,1,20,14.8,9
193,1,20,14.65,9
194,1,20,14.75,8
195,1,20,13.5,8
196,1,20,12.5,8
197,1,20,13.35,8
198,1,20,14.9,8
199,1,20,13.3,8
200,1,20,13.35,8
201,1,20,13.95,8
202,1,20,13.7,8
203,1,20,13.35,8
204,1,20,14.05,8
205,1,20,15.15,8
206,1,20,12.8,8
207,1,20,13.3,8
208,1,20,13.65,8
209,1,20,14.15,8
210,1,20,14.35,8
211,1,20,13.75,8
212,1,20,12.75,8
213,1,20,13.15,8
214,1,20,12.25,8
215,1,20,13.45,8
216,1,20,13.6,8
217,1,20,14.75,8
218,1,20,13.2,8
219,1,20,14.5,8
220,1,20,12.8,8
221,1,20,13.0,8
222,1,20,13.05,7
223,1,20,12.35,7
224,1,20,13.45,7
225,1,20,13.45,6
226,1,20,11.1,6
227,1,20,12.1,6
228,1,20,12.55,6
229,1,20,11.0,6
230,1,20,11.55,6
231,1,20,10.45,6
232,1,20,10.8,6
233,1,20,12.75,6
234,1,20,11.75,6
235,1,20,10.1,6
236,1,20,11.3,6
237,1,20,12.3,6
238,1,20,11.3,6
239,1,20,12.3,6
240,1,20,11.35,6
241,1,20,12.0,6
242,1,20,12.15,6
243,1,20,11.65,6
244,1,20,12.15,6
245,1,20,10.55,5
246,1,20,10.15,5
247,1,20,10.65,5
248,1,20,11.0,5
249,1,20,12.2,5
250,1,20,11.3,5
251,1,20,10.6,5
252,1,20,11.15,5
253,1,20,10.45,5
254,1,20,11.5,5
255,1,20,10.85,5
256,1,20,11.15,5
257,1,20,10.55,5
258,1,20,12.0,5
259,1,20,11.05,5
260,1,20,11.2,5
261,1,20,9.9,5
262,1,20,10.55,5
263,1,20,10.25,5
264,1,20,9.55,5
265,1,20,9.2,5
266,1,20,10.7,5
267,1,20,12.05,5
268,1,20,11.7,5
269,1,20,11.25,5
270,1,20,10.8,5
271,1,20,11.1,5
272,1,20,10.25,5
273,1,20,11.05,5
274,1,20,10.3,5
275,1,20,9.8,5
276,1,20,9.45,5
277,1,20,10.4,5
278,1,20,11.3,5
279,1,20,9.95,5
280,1,20,10.6,5
281,1,20,10.5,5
282,1,20,9.6,5
283,1,20,9.15,5
284,1,20,10.65,5
285,1,20,10.3,5
286,1,20,10.3,5
287,1,20,11.3,5
288,1,20,10.15,5
289,1,20,10.55,5
290,1,20,10.6,5
291,1,20,10.2,5
292,1,20,10.3,5
293,1,20,10.4,5
294,1,20,10.0,5
295,1,20,11.3,5
296,1,20,10.9,5
297,1,20,10.5,5
298,1,20,11.4,5
299,1,20,10.3,5
300,1,20,10.95,5
301,1,20,9.3,5
302,1,20,9.45,5
303,1,20,10.45,5
304,1,20,11.9,5
305,1,20,11.8,5
306,1,20,11.85,5
307,1,20,11.8,5
308,1,20,10.5,5
309,1,20,10.6,5
310,1,20,11.55,5
311,1,20,11.45,5
312,1,20,10.25,5
313,1,20,10.45,5
314,1,20,10.1,5
315,1,20,9.95,5
316,1,20,11.25,5
317,1,20,9.45,5
318,1,20,11.0,5
319,1,20,12.3,5
320,1,20,11.15,5
321,1,20,10.45,5
322,1,20,10.75,5
323,1,20,10.85,5
324,1,20,9.95,5
325,1,20,11.65,5
326,1,20,10.8,5
327,1,20,12.2,5
328,1,20,12.6,5
329,1,20,12.1,5
330,1,20,11.75,5
331,1,20,9.95,5
332,1,20,10.95,5
333,1,20,9.25,5
334,1,20,11.55,5
335,1,20,12.2,5
336,1,20,11.0,5
337,1,20,10.5,5
338,1,20,12.05,5
339,1,20,11.9,5
340,1,20,12.15,5
341,1,20,11.65,5
342,1,20,11.25,5
343,1,20,9.75,5
344,1,20,11.3,5
345,1,20,10.45,5
346,1,20,9.05,5
347,1,20,10.05,5
348,1,20,10.15,5
349,1,20,9.9,5
350,1,20,10.2,5
351,1,20,9.7,5
352,1,20,10.4,5
353,1,20,11.65,5
354,1,20,11.65,5
355,1,20,10.6,5
356,1,20,9.55,5
357,1,20,10.4,5
358,1,20,11.6,5
359,1,20,11.45,5
360,1,20,10.0,5
361,1,20,10.1,5
362,1,20,8.8,5
363,1,20,10.5,5
364,1,20,10.25,5
365,1,20,12.15,5
366,1,20,10.65,5
367,1,20,10.8,5
368,1,20,11.15,5
369,1,20,11.25,5
370,1,20,12.45,5
371,1,20,10.85,5
372,1,20,10.75,5
373,1,20,10.75,5
374,1,20,10.55,5
375,1,20,11.2,5
376,1,20,10.0,5
377,1,20,10.75,5
378,1,20,9.4,5
379,1,20,9.8,5
380,1,20,12.9,5
381,1,20,10.5,5
382,1,20,11.0,5
383,1,20,10.8,5
384,1,20,10.15,5
385,1,20,11.75,5
386,1,20,11.2,5
387,1,20,11.5,5
388,1,20,13.1,5
389,1,20,9.8,4
390,1,20,8.65,4
391,1,20,9.65,4
392,1,20,11.3,4
393,1,20,11.15,4
394,1,20,10.8,4
395,1,20,10.15,4
396,1,20,9.4,4
397,1,20,9.85,4
398,1,20,9.5,4
399,1,20,11.55,4
400,1,20,9.15,4
401,1,20,10.35,4
402,1,20,9.55,4
403,1,20,10.6,4
404,1,20,11.15,4
405,1,20,9.9,4
406,1,20,10.95,4
407,1,20,9.9,4
408,1,20,9.05,4
409,1,20,9.75,4
410,1,20,9.4,4
411,1,20,9.4,4
412,1,20,9.8,4
413,1,20,10.95,4
414,1,20,10.8,4
415,1,20,9.85,4
416,1,20,9.8,4
417,1,20,9.85,4
418,1,20,9.65,4
419,1,20,7.9,4
420,1,20,9.95,4
421,1,20,10.65,4
422,1,20,10.15,4
423,1,20,10.25,4
424,1,20,8.9,4
425,1,20,11.0,4
426,1,20,11.8,4
427,1,20,11.7,4
428,1,20,11.25,4
429,1,20,11.2,4
430,1,20,10.05,4
431,1,20,10.8,4
432,1,20,9.95,4
433,1,20,10.5,4
434,1,20,8.95,4
435,1,20,10.65,4
436,1,20,11.1,4
437,1,20,9.85,4
438,1,20,10.8,4
439,1,20,11.9,4
440,1,20,10.0,4
441,1,20,9.8,4
442,1,20,11.4,4
443,1,20,10.7,4
444,1,20,11.05,4
445,1,20,9.75,4
446,1,20,10.5,4
447,1,20,11.65,4
448,1,20,11.1,4
449,1,20,10.9,4
450,1,20,10.65,4
451,1,20,9.65,4
452,1,20,9.65,4
453,1,20,9.9,4
454,1,20,9.45,4
455,1,20,9.3,4
456,1,20,9.4,4
457,1,20,10.4,4
458,1,20,9.2,4
459,1,20,8.65,4
460,1,20,9.95,4
461,1,20,9.95,4
462,1,20,11.75,4
463,1,20,10.45,4
464,1,20,10.55,4
465,1,20,11.25,4
466,1,20,11.7,4
467,1,20,9.4,4
468,1,20,9.35,4
469,1,20,9.6,4
470,1,20,9.8,4
471,1,20,10.5,4
472,1,20,9.0,4
473,1,20,9.6,4
474,1,20,11.5,4
475,1,20,9.3,4
476,1,20,10.2,4
477,1,20,9.5,4
478,1,20,10.6,4
479,1,20,9.65,4
480,1,20,9.1,4
481,1,20,9.95,4
482,1,20,10.4,4
483,1,20,10.5,4
484,1,20,8.9,4
485,1,20,9.35,4
486,1,20,9.4,4
487,1,20,11.7,4
488,1,20,11.55,4
489,1,20,10.5,4
490,1,20,9.7,4
491,1,20,10.55,4
492,1,20,9.75,4
493,1,20,11.0,4
494,1,20,10.3,4
495,1,20,9.95,4
496,1,20,9.5,4
497,1,20,9.5,4
498,1,20,8.65,4
499,1,20,10.3,4
500,1,20,10.7,4
501,1,20,9.2,4
502,1,20,10.3,4
503,1,20,10.15,4
504,1,20,10.0,4
505,1,20,10.45,4
506,1,20,12.8,4
507,1,20,10.7,4
508,1,20,10.2,4
509,1,20,7.9,4
510,1,20,10.05,4
511,1,20,8.05,4
512,1,20,10.6,4
513,1,20,10.45,4
514,1,20,9.65,4
515,1,20,9.85,4
516,1,20,10.85,4
517,1,20,9.55,4
518,1,20,9.9,4
519,1,20,9.9,4
520,1,20,11.1,4
521,1,20,9.85,4
522,1,20,11.85,4
523,1,20,10.05,4
524,1,20,9.95,4
525,1,20,9.6,4
526,1,20,10.15,4
527,1,20,10.3,4
528,1,20,10.2,4
529,1,20,9.75,4
530,1,20,11.25,4
531,1,20,10.8,4
532,1,20,10.8,4
533,1,20,8.25,4
534,1,20,9.5,4
535,1,20,8.5,4
536,1,20,10.2,4
537,1,20,10.95,4
538,1,20,8.95,4
539,1,20,11.65,4
540,1,20,9.15,4
541,1,20,10.7,4
542,1,20,8.95,4
543,1,20,10.2,4
544,1,20,10.2,4
545,1,20,10.4,4
546,1,20,10.55,4
547,1,20,10.7,4
548,1,20,12.05,4
549,1,20,10.2,4
550,1,20,11.7,4
551,1,20,11.1,4
552,1,20,9.3,4
553,1,20,9.05,4
554,1,20,8.9,4
555,1,20,10.35,4
556,1,20,11.55,4
557,1,20,10.2,4
558,1,20,11.45,4
559,1,20,11.1,4
560,1,20,9.9,4
561,1,20,9.45,4
562,1,20,10.9,4
563,1,20,11.05,4
564,1,20,10.95,4
565,1,20,9.95,4
566,1,20,8.95,4
567,1,20,10.0,4
568,1,20,9.75,4
569,1,20,10.05,4
570,1,20,10.15,4
571,1,20,9.3,4
572,1,20,10.4,4
573,1,20,9.15,4
574,1,20,10.65,4
575,1,20,8.8,4
576,1,20,10.85,4
577,1,20,8.6,4
578,1,20,11.4,4
579,1,20,9.75,4
580,1,20,9.25,4
581,1,20,10.7,4
582,1,20,11.9,4
583,1,20,10.35,4
584,1,20,8.3,4
585,1,20,9.65,4
586,1,20,10.55,4
587,1,20,9.05,4
588,1,20,9.5,4
589,1,20,10.15,4
590,1,20,10.3,4
591,1,20,10.25,4
592,1,20,9.55,4
593,1,20,9.15,4
594,1,20,10.55,4
595,1,20,11.2,4
596,1,20,10.0,4
597,1,20,9.9,4
598,1,20,9.8,4
599,1,20,9.35,4
600,1,20,9.65,4
601,1,20,8.7,4
602,1,20,9.5,4
603,1,20,10.0,4
604,1,20,9.7,4
605,1,20,9.4,4
606,1,20,11.1,4
607,1,20,10.3,4
608,1,20,8.95,4
609,1,20,9.4,4
610,1,20,9.45,4
611,1,20,9.8,4
612,1,20,10.65,4
613,1,20,9.9,4
614,1,20,9.5,4
615,1,20,9.1,4
616,1,20,8.65,4
617,1,20,9.85,4
618,1,20,10.45,4
619,1,20,9.6,4
620,1,20,9.15,4
621,1,20,8.95,4
622,1,20,8.8,4
623,1,20,9.45,4
624,1,20,10.05,4
625,1,20,11.0,4
626,1,20,10.3,4
627,1,20,9.25,4
628,1,20,9.35,4
629,1,20,8.95,4
630,1,20,8.95,4
631,1,20,9.4,4
632,1,20,9.3,4
633,1,20,8.85,4
634,1,20,11.25,4
635,1,20,11.7,4
636,1,20,8.55,4
637,1,20,10.1,4
638,1,20,9.65,4
639,1,20,9.75,4
640,1,20,11.3,4
641,1,20,9.8,4
642,1,20,11.8,4
643,1,20,9.9,4
644,1,20,11.3,4
645,1,20,11.0,4
646,1,20,10.25,4
647,1,20,10.15,4
648,1,20,10.1,4
649,1,20,9.3,3
650,1,20,9.15,3
651,1,20,9.55,3
652,1,20,10.7,3
653,1,20,10.05,3
654,1,20,9.0,3
655,1,20,8.8,3
656,1,20,10.2,3
657,1,20,9.0,3
658,1,20,10.1,3
659,1,20,8.9,3
660,1,20,9.1,3
661,1,20,10.0,3
662,1,20,8.85,3
663,1,20,8.9,3
664,1,20,8.4,3
665,1,20,9.7,3
666,1,20,10.25,3
667,1,20,8.3,3
668,1,20,9.4,3
669,1,20,9.65,3
670,1,20,8.15,3
671,1,20,9.25,3
672,1,20,10.0,3
673,1,20,9.7,3
674,1,20,9.75,3
675,1,20,8.35,3
676,1,20,9.3,3
677,1,20,9.15,3
678,1,20,9.9,3
679,1,20,9.9,3
680,1,20,9.3,3
681,1,20,9.35,3
682,1,20,9.35,3
683,1,20,9.5,3
684,1,20,10.95,3
685,1,20,9.9,3
686,1,20,9.0,3
687,1,20,9.65,3
688,1,20,9.55,3
689,1,20,8.0,3
690,1,20,9.2,3
691,1,20,10.5,3
692,1,20,8.95,3
693,1,20,8.7,3
694,1,20,9.05,3
695,1,20,8.05,3
696,1,20,8.95,3
697,1,20,9.5,3
698,1,20,8.15,3
699,1,20,9.05,3
700,1,20,8.45,3
701,1,20,8.15,3
702,1,20,8.75,3
703,1,20,9.15,3
704,1,20,8.6,3
705,1,20,10.45,3
706,1,20,9.05,3
707,1,20,9.75,3
708,1,20,9.65,3
709,1,20,10.3,3
710,1,20,8.8,3
711,1,20,10.0,3
712,1,20,8.7,3
713,1,20,8.2,3
714,1,20,9.5,3
715,1,20,8.6,3
716,1,20,8.45,3
717,1,20,9.25,3
718,1,20,9.6,3
719,1,20,9.3,3
720,1,20,9.45,3
721,1,20,11.6,3
722,1,20,11.0,3
723,1,20,9.25,3
724,1,20,8.9,3
725,1,20,9.15,3
726,1,20,9.25,3
727,1,20,8.2,3
728,1,20,7.7,3
729,1,20,8.75,3
730,1,20,9.3,3
731,1,20,10.6,3
732,1,20,11.2,3
733,1,20,9.15,3
734,1,20,7.85,3
735,1,20,8.6,3
736,1,20,9.05,3
737,1,20,9.45,3
738,1,20,9.25,3
739,1,20,8.8,3
740,1,20,9.5,3
741,1,20,8.55,3
742,1,20,9.3,3
743,1,20,9.65,3
744,1,20,8.9,3
745,1,20,9.7,3
746,1,20,10.15,3
747,1,20,10.55,3
748,1,20,10.4,3
749,1,20,9.45,3
750,1,20,9.3,3
751,1,20,8.25,3
752,1,20,8.45,3
753,1,20,7.75,3
754,1,20,8.6,3
755,1,20,10.3,3
756,1,20,8.65,3
757,1,20,10.8,3
758,1,20,10.1,3
759,1,20,9.4,3
760,1,20,9.05,3
761,1,20,8.95,3
762,1,20,10.65,3
763,1,20,8.6,3
764,1,20,9.5,3
765,1,20,8.9,3
766,1,20,7.75,3
767,1,20,8.75,3
768,1,20,9.15,3
769,1,20,8.85,3
770,1,20,9.1,3
771,1,20,8.65,3
772,1,20,8.65,3
773,1,20,9.45,3
774,1,20,10.65,3
775,1,20,8.15,3
776,1,20,7.35,3
777,1,20,7.7,3
778,1,20,8.65,3
779,1,20,8.75,3
780,1,20,9.1,3
781,1,20,9.15,3
782,1,20,9.1,3
783,1,20,9.6,3
784,1,20,8.8,3
785,1,20,9.45,3
786,1,20,9.45,3
787,1,20,8.6,3
788,1,20,9.15,3
789,1,20,7.7,3
790,1,20,8.8,3
791,1,20,9.95,3
792,1,20,11.2,3
793,1,20,8.25,3
794,1,20,8.85,3
795,1,20,7.8,3
796,1,20,7.75,3
797,1,20,10.2,3
798,1,20,8.6,3
799,1,20,8.45,3
800,1,20,10.2,3
801,1,20,10.1,3
802,1,20,10.1,3
803,1,20,9.55,3
804,1,20,8.5,3
805,1,20,8.55,3
806,1,20,11.9,3
807,1,20,11.15,3
808,1,20,11.95,3
809,1,20,11.2,3
810,1,20,8.95,3
811,1,20,9.65,3
812,1,20,11.1,3
813,1,20,10.15,3
814,1,20,8.6,3
815,1,20,8.9,3
816,1,20,9.05,3
817,1,20,9.25,3
818,1,20,8.35,3
819,1,20,9.35,3
820,1,20,11.45,3
821,1,20,9.1,3
822,1,20,11.05,3
823,1,20,11.3,3
824,1,20,9.05,3
825,1,20,8.2,3
826,1,20,9.15,3
827,1,20,10.8,3
828,1,20,9.5,3
829,1,20,9.85,3
830,1,20,8.5,3
831,1,20,10.05,3
832,1,20,9.35,3
833,1,20,8.75,3
834,1,20,8.85,3
835,1,20,9.5,3
836,1,20,10.1,3
837,1,20,8.85,3
838,1,20,10.0,3
839,1,20,8.4,3
840,1,20,8.15,3
841,1,20,8.45,3
842,1,20,8.15,3
843,1,20,9.55,3
844,1,20,8.25,3
845,1,20,8.2,3
846,1,20,9.15,3
847,1,20,7.85,3
848,1,20,8.0,3
849,1,20,9.2,3
850,1,20,9.8,3
851,1,20,11.15,3
852,1,20,9.7,3
853,1,20,9.85,3
854,1,20,7.8,3
855,1,20,9.15,3
856,1,20,9.7,3
857,1,20,9.35,3
858,1,20,9.1,3
859,1,20,9.45,3
860,1,20,8.45,3
861,1,20,8.35,3
862,1,20,9.5,3
863,1,20,8.9,3
864,1,20,8.4,3
865,1,20,10.0,3
866,1,20,9.4,3
867,1,20,8.85,3
868,1,20,8.35,3
869,1,20,8.75,3
870,1,20,9.1,3
871,1,20,7.95,3
872,1,20,8.15,3
873,1,20,9.25,3
874,1,20,10.55,3
875,1,20,9.7,3
876,1,20,9.25,3
877,1,20,9.0,3
878,1,20,10.05,3
879,1,20,10.25,3
880,1,20,8.75,3
881,1,20,9.0,3
882,1,20,9.75,3
883,1,20,9.45,3
884,1,20,8.15,3
885,1,20,9.25,3
886,1,20,9.4,3
887,1,20,7.85,3
888,1,20,9.45,3
889,1,20,10.45,3
890,1,20,7.95,3
891,1,20,8.6,3
892,1,20,9.85,3
893,1,20,9.1,3
894,1,20,7.5,3
895,1,20,7.5,3
896,1,20,8.95,3
897,1,20,9.05,3
898,1,20,10.0,3
899,1,20,9.65,3
900,1,20,8.8,3
901,1,20,8.65,3
902,1,20,9.5,3
903,1,20,9.35,3
904,1,20,9.55,3
905,1,20,10.15,3
906,1,20,9.1,3
907,1,20,8.5,3
908,1,20,9.95,3
909,1,20,10.35,3
910,1,20,8.95,3
911,1,20,8.25,3
912,1,20,9.25,3
913,1,20,8.7,3
914,1,20,8.45,3
915,1,20,8.35,3
916,1,20,7.95,3
917,1,20,8.6,3
918,1,20,8.9,3
919,1,20,7.05,3
920,1,20,7.05,3
921,1,20,8.1,3
922,1,20,8.65,3
923,1,20,10.65,3
924,1,20,11.15,3
925,1,20,10.85,3
926,1,20,10.35,3
927,1,20,9.8,3
928,1,20,10.95,3
929,1,20,9.75,3
930,1,20,8.35,3
931,1,20,8.7,3
932,1,20,8.85,3
933,1,20,8.45,3
934,1,20,8.45,3
935,1,20,9.85,3
936,1,20,9.15,3
937,1,20,7.9,3
938,1,20,7.3,3
939,1,20,9.4,3
940,1,20,9.8,3
941,1,20,8.45,3
942,1,20,9.15,3
943,1,20,9.35,3
944,1,20,9.8,3
945,1,20,8.55,3
946,1,20,9.0,3
947,1,20,9.2,3
948,1,20,8.6,3
949,1,20,10.3,3
950,1,20,10.0,3
951,1,20,9.2,3
952,1,20,7.95,3
953,1,20,9.5,3
954,1,20,9.8,3
955,1,20,9.2,3
956,1,20,8.95,3
957,1,20,8.1,3
958,1,20,9.65,3
959,1,20,10.95,3
960,1,20,10.2,3
961,1,20,8.2,3
962,1,20,9.35,3
963,1,20,10.8,3
964,1,20,11.1,3
965,1,20,8.5,3
966,1,20,8.5,3
967,1,20,9.6,3
968,1,20,10.6,3
969,1,20,9.45,3
970,1,20,9.75,3
971,1,20,9.1,3
972,1,20,9.25,3
973,1,20,8.9,3
974,1,20,9.15,3
975,1,20,9.55,3
976,1,20,10.4,3
977,1,20,10.1,3
978,1,20,8.25,3
979,1,20,10.1,3
980,1,20,8.8,3
981,1,20,9.45,3
982,1,20,10.3,3
983,1,20,9.35,3
984,1,20,9.25,3
985,1,20,9.1,3
986,1,20,11.15,3
987,1,20,9.7,3
988,1,20,9.8,3
989,1,20,9.85,3
990,1,20,10.35,3
991,1,20,9.35,3
992,1,20,9.95,3
993,1,20,8.4,3
994,1,20,7.65,3
995,1,20,7.95,3
996,1,20,7.5,3
997,1,20,7.8,3
998,1,20,10.05,3
999,1,20,10.45,3
1000,1,20,9.65,3
1001,1,20,8.35,3
1002,1,20,9.15,3
1003,1,20,8.65,3
1004,1,20,8.9,3
1005,1,20,10.95,3
1006,1,20,10.3,3
1007,1,20,9.9,3
1008,1,20,9.5,3
1009,1,20,8.9,3
1010,1,20,9.45,3
1011,1,20,8.05,3
1012,1,20,9.4,3
1013,1,20,10.35,3
1014,1,20,9.25,3
1015,1,20,8.95,3
1016,1,20,8.5,3
1017,1,20,9.25,3
1018,1,20,9.1,3
1019,1,20,9.1,3
1020,1,20,10.15,3
1021,1,20,9.9,3
1022,1,20,11.65,3
1023,1,20,10.4,3
1024,1,20,8.5,3
1025,1,20,8.1,3
1026,1,20,8.9,3
1027,1,20,7.9,3
1028,1,20,8.0,3
1029,1,20,9.75,3
1030,1,20,8.45,3
1031,1,20,8.95,3
1032,1,20,9.25,3
1033,1,20,7.1,3
1034,1,20,7.95,3
1035,1,20,8.95,3
1036,1,20,10.0,3
1037,1,20,9.05,3
1038,1,20,8.25,3
1039,1,20,9.7,3
1040,1,20,10.7,3
1041,1,20,8.2,3
1042,1,20,8.45,3
1043,1,20,9.25,3
1044,1,20,8.25,3
1045,1,20,9.35,3
1046,1,20,10.65,3
1047,1,20,10.1,3
1048,1,20,8.65,3
1049,1,20,8.7,3
1050,1,20,8.95,3
1051,1,20,8.3,3
1052,1,20,9.0,3
1053,1,20,8.4,3
1054,1,20,8.1,3
1055,1,20,8.3,3
1056,1,20,8.9,3
1057,1,20,8.25,3
1058,1,20,8.35,3
1059,1,20,10.7,3
1060,1,20,9.7,3
1061,1,20,7.95,3
1062,1,20,9.35,3
1063,1,20,10.15,3
1064,1,20,9.55,3
1065,1,20,9.1,3
1066,1,20,9.7,3
1067,1,20,9.75,3
1068,1,20,8.8,3
1069,1,20,8.7,3
1070,1,20,9.6,3
1071,1,20,8.55,3
1072,1,20,9.1,3
1073,1,20,9.95,3
1074,1,20,10.3,3
1075,1,20,8.9,3
1076,1,20,8.8,3
1077,1,20,9.25,3
1078,1,20,10.95,3
1079,1,20,9.0,3
1080,1,20,9.8,3
1081,1,20,8.85,3
1082,1,20,10.1,3
1083,1,20,8.3,3
1084,1,20,8.75,3
1085,1,20,9.5,3
1086,1,20,8.05,3
1087,1,20,8.95,3
1088,1,20,8.9,3
1089,1,20,7.9,3
1090,1,20,8.65,3
1091,1,20,9.25,3
1092,1,20,7.95,3
1093,1,20,8.3,3
1094,1,20,9.75,3
1095,1,20,9.4,3
1096,1,20,9.55,3
1097,1,20,9.7,3
1098,1,20,7.95,3
1099,1,20,9.7,3
1100,1,20,9.05,3
1101,1,20,9.3,3
1102,1,20,8.5,3
1103,1,20,10.1,3
1104,1,20,10.1,3
1105,1,20,10.0,3
1106,1,20,8.45,3
1107,1,20,9.25,3
1108,1,20,9.1,2
1109,1,20,6.7,2
1110,1,20,8.6,2
1111,1,20,8.65,2
1112,1,20,6.65,2
1113,1,20,8.1,2
1114,1,20,8.8,2
1115,1,20,7.75,2
1116,1,20,6.35,2
1117,1,20,7.25,2
1118,1,20,10.1,2
1119,1,20,9.75,2
1120,1,20,8.4,2
1121,1,20,8.6,2
1122,1,20,8.8,2
1123,1,20,7.25,2
1124,1,20,7.35,2
1125,1,20,7.55,2
1126,1,20,7.65,2
1127,1,20,6.45,2
1128,1,20,9.0,2
1129,1,20,8.65,2
1130,1,20,7.65,2
1131,1,20,8.1,2
1132,1,20,9.25,2
1133,1,20,8.65,2
1134,1,20,8.55,2
1135,1,20,8.6,2
1136,1,20,8.9,2
1137,1,20,7.7,2
1138,1,20,8.25,2
1139,1,20,11.65,2
1140,1,20,9.1,2
1141,1,20,8.45,2
1142,1,20,10.2,2
1143,1,20,10.7,2
1144,1,20,7.5,2
1145,1,20,8.2,2
1146,1,20,9.15,2
1147,1,20,8.2,2
1148,1,20,8.95,2
1149,1,20,7.6,2
1150,1,20,8.05,2
1151,1,20,8.75,2
1152,1,20,8.05,2
1153,1,20,7.95,2
1154,1,20,9.7,2
1155,1,20,7.85,2
1156,1,20,9.65,2
1157,1,20,8.15,2
1158,1,20,8.2,2
1159,1,20,8.85,2
1160,1,20,8.2,2
1161,1,20,7.1,2
1162,1,20,6.65,2
1163,1,20,8.95,2
1164,1,20,8.6,2
1165,1,20,10.3,2
1166,1,20,9.1,2
1167,1,20,9.35,2
1168,1,20,7.25,2
1169,1,20,7.3,2
1170,1,20,7.1,2
1171,1,20,7.5,2
1172,1,20,8.75,2
1173,1,20,10.75,2
1174,1,20,8.25,2
1175,1,20,7.05,2
1176,1,20,7.65,2
1177,1,20,8.25,2
1178,1,20,9.3,2
1179,1,20,8.95,2
1180,1,20,8.4,2
1181,1,20,7.6,2
1182,1,20,7.65,2
1183,1,20,8.35,2
1184,1,20,8.65,2
1185,1,20,8.8,2
1186,1,20,8.55,2
1187,1,20,9.85,2
1188,1,20,8.75,2
1189,1,20,8.4,2
1190,1,20,8.55,2
1191,1,20,7.9,2
1192,1,20,9.05,2
1193,1,20,8.7,2
1194,1,20,10.5,2
1195,1,20,8.6,2
1196,1,20,9.1,2
1197,1,20,6.85,2
1198,1,20,8.9,2
1199,1,20,7.9,2
1200,1,20,8.15,2
1201,1,20,9.05,2
1202,1,20,8.05,2
1203,1,20,8.05,2
1204,1,20,9.2,2
1205,1,20,7.8,2
1206,1,20,7.55,2
1207,1,20,8.45,2
1208,1,20,7.9,2
1209,1,20,7.15,2
1210,1,20,8.45,2
1211,1,20,9.4,2
1212,1,20,7.35,2
1213,1,20,7.75,2
1214,1,20,9.65,2
1215,1,20,8.25,2
1216,1,20,8.25,2
1217,1,20,7.55,2
1218,1,20,6.0,2
1219,1,20,7.55,2
1220,1,20,7.8,2
1221,1,20,8.05,2
1222,1,20,6.75,2
1223,1,20,8.0,2
1224,1,20,8.4,2
1225,1,20,9.25,2
1226,1,20,8.05,2
1227,1,20,8.4,2
1228,1,20,8.65,2
1229,1,20,9.0,2
1230,1,20,8.55,2
1231,1,20,7.5,2
1232,1,20,5.9,2
1233,1,20,8.15,2
1234,1,20,7.05,2
1235,1,20,8.4,2
1236,1,20,8.45,2
1237,1,20,10.9,2
1238,1,20,11.2,2
1239,1,20,9.6,2
1240,1,20,9.0,2
1241,1,20,7.1,2
1242,1,20,9.7,2
1243,1,20,9.4,2
1244,1,20,8.95,2
1245,1,20,9.2,2
1246,1,20,8.45,2
1247,1,20,8.1,2
1248,1,20,7.05,2
1249,1,20,6.85,2
1250,1,20,7.9,2
1251,1,20,8.65,2
1252,1,20,7.6,2
1253,1,20,8.3,2
1254,1,20,9.05,2
1255,1,20,7.0,2
1256,1,20,7.6,2
1257,1,20,8.6,2
1258,1,20,7.8,2
1259,1,20,8.25,2
1260,1,20,8.1,2
1261,1,20,8.75,2
1262,1,20,8.7,2
1263,1,20,7.95,2
1264,1,20,7.5,2
1265,1,20,9.5,2
1266,1,20,9.65,2
1267,1,20,7.9,2
1268,1,20,8.5,2
1269,1,20,7.45,2
1270,1,20,7.7,2
1271,1,20,8.2,2
1272,1,20,8.45,2
1273,1,20,9.85,2
1274,1,20,7.2,2
1275,1,20,7.0,2
1276,1,20,7.25,2
1277,1,20,8.7,2
1278,1,20,7.2,2
1279,1,20,7.7,2
1280,1,20,7.55,2
1281,1,20,8.7,2
1282,1,20,7.6,2
1283,1,20,7.8,2
1284,1,20,6.8,2
1285,1,20,8.5,2
1286,1,20,9.0,2
1287,1,20,8.6,2
1288,1,20,9.15,2
1289,1,20,6.7,2
1290,1,20,8.0,2
1291,1,20,8.5,2
1292,1,20,9.75,2
1293,1,20,7.85,2
1294,1,20,8.8,2
1295,1,20,7.3,2
1296,1,20,9.5,2
1297,1,20,8.85,2
1298,1,20,8.05,2
1299,1,20,10.15,2
1300,1,20,8.9,2
1301,1,20,8.45,2
1302,1,20,7.4,2
1303,1,20,9.15,2
1304,1,20,9.6,2
1305,1,20,8.65,2
1306,1,20,6.55,2
1307,1,20,7.35,2
1308,1,20,8.05,2
1309,1,20,8.5,2
1310,1,20,8.0,2
1311,1,20,8.1,2
1312,1,20,9.15,2
1313,1,20,8.95,2
1314,1,20,10.6,2
1315,1,20,9.0,2
1316,1,20,9.4,2
1317,1,20,8.9,2
1318,1,20,6.7,2
1319,1,20,8.1,2
1320,1,20,8.6,2
1321,1,20,10.05,2
1322,1,20,8.3,2
1323,1,20,7.05,2
1324,1,20,7.4,2
1325,1,20,9.85,2
1326,1,20,7.85,2
1327,1,20,9.05,2
1328,1,20,7.8,2
1329,1,20,7.35,2
1330,1,20,8.3,2
1331,1,20,7.5,2
1332,1,20,6.9,2
1333,1,20,8.8,2
1334,1,20,7.45,2
1335,1,20,9.45,2
1336,1,20,7.35,2
1337,1,20,8.4,2
1338,1,20,7.65,2
1339,1,20,7.45,2
1340,1,20,7.15,2
1341,1,20,8.65,2
1342,1,20,9.05,2
1343,1,20,9.5,2
1344,1,20,8.85,2
1345,1,20,7.5,2
1346,1,20,7.95,2
1347,1,20,8.35,2
1348,1,20,7.5,2
1349,1,20,8.7,2
1350,1,20,8.75,2
1351,1,20,7.9,2
1352,1,20,8.15,2
1353,1,20,7.15,2
1354,1,20,6.7,2
1355,1,20,8.85,2
1356,1,20,6.75,2
1357,1,20,7.55,2
1358,1,20,9.2,2
1359,1,20,7.05,2
1360,1,20,8.4,2
1361,1,20,8.7,2
1362,1,20,7.9,2
1363,1,20,7.0,2
1364,1,20,8.2,2
1365,1,20,8.45,2
1366,1,20,8.9,2
1367,1,20,8.95,2
1368,1,20,7.3,2
1369,1,20,8.55,2
1370,1,20,8.65,2
1371,1,20,8.05,2
1372,1,20,9.05,2
1373,1,20,8.1,2
1374,1,20,8.85,2
1375,1,20,9.0,2
1376,1,20,8.15,2
1377,1,20,7.15,2
1378,1,20,6.75,2
1379,1,20,8.25,2
1380,1,20,9.55,2
1381,1,20,8.2,2
1382,1,20,8.65,2
1383,1,20,7.5,2
1384,1,20,8.45,2
1385,1,20,7.25,2
1386,1,20,7.55,2
1387,1,20,7.8,2
1388,1,20,8.3,2
1389,1,20,7.95,2
1390,1,20,7.05,2
1391,1,20,8.2,2
1392,1,20,8.7,2
1393,1,20,9.15,2
1394,1,20,7.3,2
1395,1,20,7.25,2
1396,1,20,8.2,2
1397,1,20,8.25,2
1398,1,20,5.7,2
1399,1,20,7.45,2
1400,1,20,7.95,2
1401,1,20,8.15,2
1402,1,20,9.1,2
1403,1,20,6.85,2
1404,1,20,6.5,2
1405,1,20,7.0,2
1406,1,20,10.2,2
1407,1,20,7.4,2
1408,1,20,7.55,2
1409,1,20,7.7,2
1410,1,20,9.0,2
1411,1,20,8.55,2
1412,1,20,7.25,2
1413,1,20,6.8,2
1414,1,20,8.8,2
1415,1,20,9.6,2
1416,1,20,7.35,2
1417,1,20,8.15,2
1418,1,20,8.85,2
1419,1,20,9.4,2
1420,1,20,8.65,2
1421,1,20,6.75,2
1422,1,20,8.45,2
1423,1,20,7.35,2
1424,1,20,7.75,2
1425,1,20,7.3,2
1426,1,20,8.4,2
1427,1,20,8.1,2
1428,1,20,8.15,2
1429,1,20,6.95,2
1430,1,20,7.55,2
1431,1,20,9.2,2
1432,1,20,8.05,2
1433,1,20,7.75,2
1434,1,20,8.8,2
1435,1,20,9.55,2
1436,1,20,9.05,2
1437,1,20,9.9,2
1438,1,20,8.65,2
1439,1,20,8.85,2
1440,1,20,9.15,2
1441,1,20,7.2,2
1442,1,20,8.2,2
1443,1,20,8.1,2
1444,1,20,9.4,2
1445,1,20,7.65,2
1446,1,20,9.25,2
1447,1,20,8.0,2
1448,1,20,8.4,2
1449,1,20,8.2,2
1450,1,20,9.5,2
1451,1,20,5.8,2
1452,1,20,7.05,2
1453,1,20,8.55,2
1454,1,20,8.4,2
1455,1,20,8.15,2
1456,1,20,7.35,2
1457,1,20,8.1,2
1458,1,20,10.35,2
1459,1,20,8.5,2
1460,1,20,8.05,2
1461,1,20,8.85,2
1462,1,20,7.4,2
1463,1,20,8.65,2
1464,1,20,7.45,2
1465,1,20,8.25,2
1466,1,20,8.5,2
1467,1,20,8.85,2
1468,1,20,7.85,2
1469,1,20,7.9,2
1470,1,20,7.3,2
1471,1,20,7.95,2
1472,1,20,8.15,2
1473,1,20,10.45,2
1474,1,20,7.95,2
1475,1,20,8.8,2
1476,1,20,8.75,2
1477,1,20,10.05,2
1478,1,20,7.45,2
1479,1,20,8.45,2
1480,1,20,7.9,2
1481,1,20,8.4,2
1482,1,20,7.6,2
1483,1,20,9.45,2
1484,1,20,7.4,2
1485,1,20,8.7,2
1486,1,20,8.15,2
1487,1,20,8.2,2
1488,1,20,8.75,2
1489,1,20,7.2,2
1490,1,20,7.65,2
1491,1,20,8.25,2
1492,1,20,8.05,2
1493,1,20,8.6,2
1494,1,20,8.5,2
1495,1,20,9.45,2
1496,1,20,8.25,2
1497,1,20,9.05,2
1498,1,20,8.05,2
1499,1,20,6.35,2
1500,1,20,8.25,2
1501,1,20,8.35,2
1502,1,20,7.4,2
1503,1,20,7.7,2
1504,1,20,9.9,2
1505,1,20,9.55,2
1506,1,20,8.15,2
1507,1,20,9.55,2
1508,1,20,9.4,2
1509,1,20,7.8,2
1510,1,20,8.35,2
1511,1,20,8.45,2
1512,1,20,7.25,2
1513,1,20,8.1,2
1514,1,20,6.55,2
1515,1,20,8.4,2
1516,1,20,7.95,2
1517,1,20,7.15,2
1518,1,20,9.05,2
1519,1,20,6.7,2
1520,1,20,8.55,2
1521,1,20,7.15,2
1522,1,20,9.55,2
1523,1,20,8.35,2
1524,1,20,10.2,2
1525,1,20,8.35,2
1526,1,20,8.1,2
1527,1,20,8.15,2
1528,1,20,7.45,2
1529,1,20,7.55,2
1530,1,20,8.45,2
1531,1,20,7.35,2
1532,1,20,9.4,2
1533,1,20,10.05,2
1534,1,20,8.55,2
1535,1,20,9.8,2
1536,1,20,9.2,2
1537,1,20,7.25,2
1538,1,20,7.8,2
1539,1,20,7.65,2
1540,1,20,8.9,2
1541,1,20,8.0,2
1542,1,20,8.05,2
1543,1,20,8.55,2
1544,1,20,7.85,2
1545,1,20,7.55,2
1546,1,20,7.85,2
1547,1,20,8.0,2
1548,1,20,7.75,2
1549,1,20,7.6,2
1550,1,20,6.6,2
1551,1,20,8.0,2
1552,1,20,9.8,2
1553,1,20,9.35,2
1554,1,20,8.75,2
1555,1,20,8.0,2
1556,1,20,8.45,2
1557,1,20,7.4,2
1558,1,20,8.5,2
1559,1,20,8.8,2
1560,1,20,7.0,2
1561,1,20,8.4,2
1562,1,20,6.9,2
1563,1,20,7.35,2
1564,1,20,7.65,2
1565,1,20,8.2,2
1566,1,20,7.9,2
1567,1,20,7.4,2
1568,1,20,8.0,2
1569,1,20,9.2,2
1570,1,20,10.65,2
1571,1,20,9.6,2
1572,1,20,8.4,2
1573,1,20,7.7,2
1574,1,20,8.4,2
1575,1,20,7.6,2
1576,1,20,7.55,2
1577,1,20,8.1,2
1578,1,20,10.0,2
1579,1,20,9.45,2
1580,1,20,8.6,2
1581,1,20,9.85,2
1582,1,20,8.8,2
1583,1,20,7.95,2
1584,1,20,10.1,2
1585,1,20,8.75,2
1586,1,20,8.1,2
1587,1,20,8.9,2
1588,1,20,9.45,2
1589,1,20,7.85,2
1590,1,20,9.75,2
1591,1,20,9.6,2
1592,1,20,8.5,2
1593,1,20,6.45,2
1594,1,20,6.35,2
1595,1,20,7.9,2
1596,1,20,9.2,2
1597,1,20,8.9,2
1598,1,20,11.45,2
1599,1,20,8.3,2
1600,1,20,6.65,2
1601,1,20,7.55,2
1602,1,20,7.35,2
1603,1,20,8.0,2
1604,1,20,8.25,2
1605,1,20,8.9,2
1606,1,20,8.75,2
1607,1,20,9.95,2
1608,1,20,7.15,2
1609,1,20,7.0,2
1610,1,20,9.3,2
1611,1,20,8.3,2
1612,1,20,7.95,2
1613,1,20,7.6,2
1614,1,20,7.45,2
1615,1,20,8.45,2
1616,1,20,8.1,2
1617,1,20,8.8,2
1618,1,20,8.05,2
1619,1,20,9.45,2
1620,1,20,9.25,2
1621,1,20,9.1,2
1622,1,20,9.65,2
1623,1,20,7.65,2
1624,1,20,9.25,2
1625,1,20,9.15,2
1626,1,20,9.65,2
1627,1,20,9.3,2
1628,1,20,8.95,2
1629,1,20,9.9,2
1630,1,20,8.8,2
1631,1,20,8.7,2
1632,1,20,8.65,2
1633,1,20,7.55,2
1634,1,20,7.4,2
1635,1,20,8.8,2
1636,1,20,8.75,2
1637,1,20,7.55,2
1638,1,20,10.3,2
1639,1,20,8.65,2
1640,1,20,8.5,2
1641,1,20,9.2,2
1642,1,20,8.25,2
1643,1,20,8.9,2
1644,1,20,9.4,2
1645,1,20,7.1,2
1646,1,20,9.3,2
1647,1,20,8.15,2
1648,1,20,8.15,2
1649,1,20,8.05,2
1650,1,20,8.7,2
1651,1,20,9.65,2
1652,1,20,10.25,2
1653,1,20,7.95,2
1654,1,20,6.85,2
1655,1,20,7.9,2
1656,1,20,8.75,2
1657,1,20,7.95,2
1658,1,20,8.95,2
1659,1,20,7.65,2
1660,1,20,7.55,2
1661,1,20,7.7,2
1662,1,20,9.0,2
1663,1,20,8.15,2
1664,1,20,7.45,2
1665,1,20,8.3,2
1666,1,20,8.95,2
1667,1,20,9.15,2
1668,1,20,8.0,2
1669,1,20,7.85,2
1670,1,20,7.6,2
1671,1,20,8.1,2
1672,1,20,7.85,2
1673,1,20,9.55,2
1674,1,20,7.95,2
1675,1,20,6.9,2
1676,1,20,7.15,2
1677,1,20,7.1,2
1678,1,20,8.2,2
1679,1,20,8.3,2
1680,1,20,7.15,2
1681,1,20,9.25,2
1682,1,20,9.15,2
1683,1,20,9.7,2
1684,1,20,8.5,2
1685,1,20,8.15,2
1686,1,20,7.15,2
1687,1,20,7.4,2
1688,1,20,7.45,2
1689,1,20,7.8,2
1690,1,20,7.7,2
1691,1,20,8.8,2
1692,1,20,8.35,2
1693,1,20,8.3,2
1694,1,20,8.65,2
1695,1,20,8.25,2
1696,1,20,7.65,2
1697,1,20,7.0,2
1698,1,20,8.85,2
1699,1,20,8.45,2
1700,1,20,7.45,2
1701,1,20,7.25,2
1702,1,20,6.9,2
1703,1,20,6.05,2
1704,1,20,6.75,2
1705,1,20,6.8,2
1706,1,20,8.5,2
1707,1,20,7.95,2
1708,1,20,8.7,2
1709,1,20,8.9,2
1710,1,20,8.5,2
1711,1,20,8.55,2
1712,1,20,9.45,2
1713,1,20,9.15,2
1714,1,20,8.15,2
1715,1,20,9.8,2
1716,1,20,7.05,2
1717,1,20,7.65,2
1718,1,20,8.15,2
1719,1,20,10.25,2
1720,1,20,7.3,2
1721,1,20,8.2,2
1722,1,20,8.0,2
1723,1,20,6.9,2
1724,1,20,8.45,2
1725,1,20,8.1,2
1726,1,20,7.6,2
1727,1,20,8.4,2
1728,1,20,7.65,2
1729,1,20,6.7,2
1730,1,20,6.65,2
1731,1,20,8.7,2
1732,1,20,8.7,2
1733,1,20,7.6,2
1734,1,20,7.85,2
1735,1,20,8.55,2
1736,1,20,8.15,2
1737,1,20,8.75,2
1738,1,20,7.3,2
1739,1,20,9.0,2
1740,1,20,7.0,2
1741,1,20,6.55,2
1742,1,20,8.65,2
1743,1,20,9.0,2
1744,1,20,8.65,2
1745,1,20,10.9,2
1746,1,20,9.6,2
1747,1,20,8.8,2
1748,1,20,9.2,2
1749,1,20,8.5,2
1750,1,20,8.55,2
1751,1,20,8.65,2
1752,1,20,8.5,2
1753,1,20,9.2,2
1754,1,20,10.05,2
1755,1,20,10.85,2
1756,1,20,8.35,2
1757,1,20,8.55,2
1758,1,20,8.9,2
1759,1,20,8.25,2
1760,1,20,6.1,2
1761,1,20,7.4,2
1762,1,20,8.55,2
1763,1,20,8.95,2
1764,1,20,9.8,2
1765,1,20,9.45,2
1766,1,20,7.85,2
1767,1,20,8.25,2
1768,1,20,10.1,2
1769,1,20,7.25,2
1770,1,20,9.05,2
1771,1,20,9.3,2
1772,1,20,8.4,2
1773,1,20,6.95,2
1774,1,20,8.1,2
1775,1,20,9.95,2
1776,1,20,9.05,2
1777,1,20,8.85,2
1778,1,20,9.55,2
1779,1,20,7.6,2
1780,1,20,6.9,2
1781,1,20,7.3,2
1782,1,20,6.95,2
1783,1,20,7.05,2
1784,1,20,8.25,2
1785,1,20,7.9,2
1786,1,20,8.6,2
1787,1,20,7.45,2
1788,1,20,8.95,2
1789,1,20,7.75,2
1790,1,20,8.1,2
1791,1,20,7.85,2
1792,1,20,8.6,2
1793,1,20,10.7,2
1794,1,20,9.35,2
1795,1,20,8.7,2
1796,1,20,8.75,2
1797,1,20,7.25,2
1798,1,20,6.9,2
1799,1,20,7.25,2
1800,1,20,8.25,2
1801,1,20,7.5,2
1802,1,20,7.85,2
1803,1,20,8.25,2
1804,1,20,7.4,2
1805,1,20,8.15,2
1806,1,20,7.45,2
1807,1,20,5.85,2
1808,1,20,7.4,2
1809,1,20,9.45,2
1810,1,20,8.95,2
1811,1,20,9.15,2
1812,1,20,8.85,2
1813,1,20,8.75,2
1814,1,20,8.7,2
1815,1,20,6.7,2
1816,1,20,6.85,2
1817,1,20,9.0,2
1818,1,20,8.95,2
1819,1,20,8.2,2
1820,1,20,7.6,2
1821,1,20,9.5,2
1822,1,20,8.85,2
1823,1,20,8.4,2
1824,1,20,8.8,2
1825,1,20,8.5,2
1826,1,20,8.75,2
1827,1,20,9.0,2
1828,1,20,8.75,2
1829,1,20,10.05,2
1830,1,20,8.8,2
1831,1,20,7.45,2
1832,1,20,8.1,2
1833,1,20,6.75,2
1834,1,20,9.1,2
1835,1,20,7.3,2
1836,1,20,8.1,2
1837,1,20,8.05,2
1838,1,20,10.25,2
1839,1,20,8.85,2
1840,1,20,7.75,2
1841,1,20,7.0,2
1842,1,20,8.3,2
1843,1,20,7.35,2
1844,1,20,8.35,2
1845,1,20,9.45,2
1846,1,20,7.85,2
1847,1,20,9.0,2
1848,1,20,9.1,2
1849,1,20,8.85,2
1850,1,20,8.9,2
1851,1,20,9.15,2
1852,1,20,7.25,2
1853,1,20,6.1,2
1854,1,20,8.05,2
1855,1,20,6.15,2
1856,1,20,9.0,2
1857,1,20,7.85,2
1858,1,20,7.65,2
1859,1,20,7.9,2
1860,1,20,7.5,2
1861,1,20,7.3,2
1862,1,20,8.2,2
1863,1,20,9.05,2
1864,1,20,9.7,2
1865,1,20,8.15,2
1866,1,20,7.35,2
1867,1,20,8.35,2
1868,1,20,8.7,2
1869,1,20,9.7,2
1870,1,20,10.25,2
1871,1,20,8.85,2
1872,1,20,8.5,2
1873,1,20,7.5,2
1874,1,20,7.6,2
1875,1,20,9.3,2
1876,1,20,9.4,2
1877,1,20,9.05,2
1878,1,20,7.9,2
1879,1,20,8.1,2
1880,1,20,8.7,2
1881,1,20,8.95,2
1882,1,20,8.1,2
1883,1,20,8.2,2
1884,1,20,7.95,2
1885,1,20,7.0,2
1886,1,20,6.3,2
1887,1,20,6.1,2
1888,1,20,7.75,2
1889,1,20,7.1,2
1890,1,20,8.85,2
1891,1,20,8.4,2
1892,1,20,9.85,2
1893,1,20,9.45,2
1894,1,20,7.65,2
1895,1,20,10.2,2
1896,1,20,7.1,2
1897,1,20,7.75,2
1898,1,20,7.95,2
1899,1,20,7.5,2
1900,1,20,8.45,2
1901,1,20,9.95,2
1902,1,20,8.7,2
1903,1,20,8.95,2
1904,1,20,9.0,2
1905,1,20,7.85,2
1906,1,20,9.35,2
1907,1,20,8.0,2
1908,1,20,8.5,2
1909,1,20,7.4,2
1910,1,20,8.85,2
1911,1,20,8.75,2
1912,1,20,8.75,2
1913,1,20,8.7,2
1914,1,20,8.75,2
1915,1,20,7.6,2
1916,1,20,7.1,2
1917,1,20,6.95,2
1918,1,20,8.95,2
1919,1,20,7.8,2
1920,1,20,7.75,2
1921,1,20,6.85,2
1922,1,20,7.9,2
1923,1,20,9.85,2
1924,1,20,8.4,2
1925,1,20,7.45,2
1926,1,20,7.35,2
1927,1,20,7.95,2
1928,1,20,9.4,2
1929,1,20,9.5,2
1930,1,20,8.4,2
1931,1,20,7.85,2
1932,1,20,8.75,2
1933,1,20,8.65,2
1934,1,20,8.6,2
1935,1,20,9.6,2
1936,1,20,7.6,2
1937,1,20,8.15,2
1938,1,20,8.8,2
1939,1,20,9.8,2
1940,1,20,8.4,2
1941,1,20,8.7,2
1942,1,20,8.05,2
1943,1,20,8.2,2
1944,1,20,8.1,2
1945,1,20,8.3,2
1946,1,20,8.95,2
1947,1,20,7.65,2
1948,1,20,7.65,2
1949,1,20,8.0,2
1950,1,20,7.3,2
1951,1,20,10.0,2
1952,1,20,8.35,2
1953,1,20,9.3,2
1954,1,20,9.5,2
1955,1,20,7.1,2
1956,1,20,8.1,2
1957,1,20,8.15,2
1958,1,20,9.75,2
1959,1,20,9.1,2
1960,1,20,9.65,2
1961,1,20,7.0,2
1962,1,20,7.1,2
1963,1,20,7.95,2
1964,1,20,10.0,2
1965,1,20,7.0,2
1966,1,20,9.0,2
1967,1,20,7.65,2
1968,1,20,7.8,2
1969,1,20,8.95,2
1970,1,20,9.2,2
1971,1,20,7.15,2
1972,1,20,8.9,2
1973,1,20,6.8,2
1974,1,20,7.9,2
1975,1,20,6.0,2
1976,1,20,7.9,2
1977,1,20,7.3,2
1978,1,20,9.1,2
1979,1,20,10.05,2
1980,1,20,9.35,2
1981,1,20,8.5,2
1982,1,20,7.95,2
1983,1,20,7.55,2
1984,1,20,6.9,2
1985,1,20,8.95,2
1986,1,20,8.0,2
1987,1,20,9.65,2
1988,1,20,7.85,2
1989,1,20,7.35,2
1990,1,20,8.2,2
1991,1,20,7.25,2
1992,1,20,9.1,2
1993,1,20,9.2,2
1994,1,20,8.2,2
1995,1,20,7.9,2
1996,1,20,7.7,2
1997,1,20,8.5,2
1998,1,20,8.7,2
1999,1,20,7.1,2
2000,1,20,8.65,2
0,2,20,58.75,44
1,2,20,52.2,42
2,2,20,47.75,40
3,2,20,46.15,38
4,2,20,42.15,38
5,2,20,40.55,36
6,2,20,39.15,35
7,2,20,38.3,34
8,2,20,36.05,31
9,2,20,34.75,28
10,2,20,33.15,28
11,2,20,32.65,28
12,2,20,32.05,28
13,2,20,30.3,27
14,2,20,30.65,27
15,2,20,29.55,24
16,2,20,28.15,24
17,2,20,26.95,23
18,2,20,26.45,23
19,2,20,26.85,23
20,2,20,25.95,21
21,2,20,24.6,21
22,2,20,24.6,21
23,2,20,24.5,21
24,2,20,26.0,21
25,2,20,25.8,21
26,2,20,24.7,21
27,2,20,24.8,20
28,2,20,24.2,19
29,2,20,23.7,19
30,2,20,24.15,19
31,2,20,24.55,19
32,2,20,22.45,18
33,2,20,22.3,18
34,2,20,22.9,18
35,2,20,22.05,18
36,2,20,21.35,17
37,2,20,20.75,16
38,2,20,21.35,16
39,2,20,20.7,16
40,2,20,21.25,16
41,2,20,20.9,16
42,2,20,19.9,16
43,2,20,19.9,16
44,2,20,20.2,16
45,2,20,20.85,16
46,2,20,20.35,16
47,2,20,20.3,16
48,2,20,21.85,16
49,2,20,20.6,16
50,2,20,19.4,16
51,2,20,20.3,16
52,2,20,20.55,16
53,2,20,20.95,16
54,2,20,21.45,16
55,2,20,20.75,15
56,2,20,18.9,14
57,2,20,18.9,13
58,2,20,17.9,13
59,2,20,18.9,13
60,2,20,16.75,13
61,2,20,17.0,13
62,2,20,16.8,13
63,2,20,18.0,13
64,2,20,18.7,13
65,2,20,18.0,13
66,2,20,17.1,13
67,2,20,17.05,13
68,2,20,17.65,13
69,2,20,17.05,11
70,2,20,15.9,11
71,2,20,15.05,11
72,2,20,16.0,11
73,2,20,16.05,11
74,2,20,14.75,11
75,2,20,16.4,11
76,2,20,14.5,11
77,2,20,14.4,11
78,2,20,14.7,11
79,2,20,14.95,11
80,2,20,15.0,11
81,2,20,15.4,11
82,2,20,15.9,11
83,2,20,15.45,11
84,2,20,15.05,11
85,2,20,15.9,11
86,2,20,16.9,11
87,2,20,14.95,11
88,2,20,16.35,11
89,2,20,16.6,11
90,2,20,16.15,11
91,2,20,15.25,11
92,2,20,14.7,11
93,2,20,16.1,11
94,2,20,15.9,11
95,2,20,16.1,11
96,2,20,17.95,11
97,2,20,15.95,11
98,2,20,15.35,11
99,2,20,15.2,11
100,2,20,15.85,11
101,2,20,16.2,11
102,2,20,17.3,11
103,2,20,15.95,11
104,2,20,16.4,11
105,2,20,16.25,11
106,2,20,16.85,11
107,2,20,15.9,11
108,2,20,16.4,11
109,2,20,15.6,11
110,2,20,16.1,11
111,2,20,16.7,11
112,2,20,15.6,11
113,2,20,15.25,11
114,2,20,14.65,11
115,2,20,16.65,11
116,2,20,16.05,11
117,2,20,15.65,10
118,2,20,14.65,10
119,2,20,13.8,10
120,2,20,15.35,10
121,2,20,14.9,10
122,2,20,15.8,10
123,2,20,14.45,10
124,2,20,14.45,10
125,2,20,14.4,9
126,2,20,14.35,9
127,2,20,14.0,9
128,2,20,14.6,9
129,2,20,14.65,9
130,2,20,14.35,9
131,2,20,14.5,9
132,2,20,14.55,9
133,2,20,15.4,9
134,2,20,14.9,9
135,2,20,13.75,9
136,2,20,14.8,9
137,2,20,15.6,9
138,2,20,13.95,9
139,2,20,13.2,9
140,2,20,13.85,9
141,2,20,13.75,9
142,2,20,14.45,9
143,2,20,16.25,9
144,2,20,14.95,9
145,2,20,14.15,9
146,2,20,15.6,9
147,2,20,13.5,9
148,2,20,13.65,9
149,2,20,14.75,9
150,2,20,13.55,9
151,2,20,12.3,9
152,2,20,13.8,9
153,2,20,14.25,9
154,2,20,14.3,8
155,2,20,13.8,8
156,2,20,13.85,8
157,2,20,13.05,8
158,2,20,13.9,8
159,2,20,11.45,8
160,2,20,12.45,8
161,2,20,13.3,8
162,2,20,13.0,8
163,2,20,12.7,8
164,2,20,13.75,8
165,2,20,14.2,8
166,2,20,13.3,8
167,2,20,12.65,8
168,2,20,12.6,8
169,2,20,11.5,8
170,2,20,12.35,8
171,2,20,11.65,8
172,2,20,12.55,8
173,2,20,12.8,8
174,2,20,12.35,8
175,2,20,14.2,8
176,2,20,13.8,8
177,2,20,12.9,8
178,2,20,13.6,8
179,2,20,13.1,8
180,2,20,12.7,8
181,2,20,12.85,8
182,2,20,13.45,8
183,2,20,14.75,8
184,2,20,14.1,8
185,2,20,13.85,8
186,2,20,12.85,8
187,2,20,13.9,8
188,2,20,12.75,8
189,2,20,12.75,8
190,2,20,13.5,8
191,2,20,12.95,8
192,2,20,12.45,8
193,2,20,13.15,8
194,2,20,14.05,8
195,2,20,13.9,8
196,2,20,14.4,8
197,2,20,15.25,8
198,2,20,13.7,8
199,2,20,14.9,8
200,2,20,14.1,8
201,2,20,13.3,8
202,2,20,14.25,8
203,2,20,12.9,8
204,2,20,13.15,8
205,2,20,14.7,8
206,2,20,12.25,8
207,2,20,14.05,8
208,2,20,13.65,8
209,2,20,14.35,8
210,2,20,12.55,8
211,2,20,13.35,8
212,2,20,14.3,8
213,2,20,13.05,8
214,2,20,13.9,8
215,2,20,13.1,8
216,2,20,13.45,8
217,2,20,13.6,8
218,2,20,14.95,8
219,2,20,14.4,8
220,2,20,14.05,8
221,2,20,12.6,8
222,2,20,13.0,8
223,2,20,13.6,8
224,2,20,12.2,8
225,2,20,12.85,8
226,2,20,12.95,8
227,2,20,12.25,8
228,2,20,14.1,8
229,2,20,13.6,8
230,2,20,13.3,7
231,2,20,12.65,7
232,2,20,12.5,7
233,2,20,12.7,7
234,2,20,12.65,7
235,2,20,12.7,7
236,2,20,11.75,7
237,2,20,13.1,7
238,2,20,12.05,7
239,2,20,13.2,7
240,2,20,12.45,7
241,2,20,11.05,7
242,2,20,11.4,7
243,2,20,13.1,7
244,2,20,12.35,7
245,2,20,11.8,7
246,2,20,12.25,7
247,2,20,12.95,7
248,2,20,13.2,7
249,2,20,10.7,7
250,2,20,12.3,7
251,2,20,11.25,7
252,2,20,13.1,7
253,2,20,12.85,7
254,2,20,11.65,7
255,2,20,11.3,7
256,2,20,11.1,7
257,2,20,13.15,7
258,2,20,14.35,7
259,2,20,11.85,7
260,2,20,12.05,7
261,2,20,12.2,7
262,2,20,14.65,7
263,2,20,11.95,7
264,2,20,11.7,7
265,2,20,11.85,7
266,2,20,12.7,7
267,2,20,12.1,7
268,2,20,13.3,7
269,2,20,11.95,7
270,2,20,10.95,7
271,2,20,11.6,7
272,2,20,12.6,7
273,2,20,14.0,7
274,2,20,13.85,7
275,2,20,11.7,7
276,2,20,13.4,7
277,2,20,11.2,7
278,2,20,11.5,7
279,2,20,12.75,7
280,2,20,13.8,7
281,2,20,13.85,7
282,2,20,12.95,7
283,2,20,12.3,7
284,2,20,14.15,7
285,2,20,12.85,7
286,2,20,12.65,7
287,2,20,12.0,7
288,2,20,12.55,7
289,2,20,13.7,7
290,2,20,13.65,7
291,2,20,12.9,7
292,2,20,13.75,7
293,2,20,13.3,7
294,2,20,13.65,7
295,2,20,12.25,7
296,2,20,12.65,7
297,2,20,13.85,7
298,2,20,11.75,7
299,2,20,13.95,7
300,2,20,14.65,7
301,2,20,12.9,7
302,2,20,12.55,7
303,2,20,11.5,7
304,2,20,12.5,7
305,2,20,13.05,7
306,2,20,14.4,7
307,2,20,14.1,7
308,2,20,12.9,7
309,2,20,11.95,7
310,2,20,13.75,7
311,2,20,14.1,7
312,2,20,12.9,7
313,2,20,11.5,7
314,2,20,12.95,7
315,2,20,11.7,7
316,2,20,12.5,7
317,2,20,13.15,6
318,2,20,12.55,6
319,2,20,11.75,6
320,2,20,11.15,6
321,2,20,12.25,6
322,2,20,12.0,6
323,2,20,10.8,6
324,2,20,11.75,6
325,2,20,12.6,6
326,2,20,11.8,6
327,2,20,12.75,6
328,2,20,14.05,6
329,2,20,14.15,6
330,2,20,11.45,6
331,2,20,12.6,6
332,2,20,13.85,6
333,2,20,14.6,6
334,2,20,12.9,6
335,2,20,10.75,6
336,2,20,10.9,6
337,2,20,12.0,6
338,2,20,10.7,6
339,2,20,11.0,6
340,2,20,10.65,6
341,2,20,11.3,6
342,2,20,11.5,6
343,2,20,11.0,6
344,2,20,11.55,6
345,2,20,12.15,6
346,2,20,13.9,6
347,2,20,14.0,6
348,2,20,12.25,6
349,2,20,12.6,6
350,2,20,12.8,6
351,2,20,12.0,6
352,2,20,10.75,6
353,2,20,11.05,6
354,2,20,9.9,6
355,2,20,13.1,6
356,2,20,13.7,6
357,2,20,11.6,6
358,2,20,11.3,6
359,2,20,11.25,6
360,2,20,11.8,6
361,2,20,11.9,6
362,2,20,10.7,6
363,2,20,11.1,6
364,2,20,11.35,6
365,2,20,11.15,6
366,2,20,11.35,6
367,2,20,12.2,6
368,2,20,12.0,6
369,2,20,11.85,6
370,2,20,13.05,6
371,2,20,10.95,6
372,2,20,12.1,6
373,2,20,12.3,6
374,2,20,11.9,6
375,2,20,10.1,6
376,2,20,11.95,6
377,2,20,10.7,6
378,2,20,11.15,6
379,2,20,12.45,6
380,2,20,11.45,6
381,2,20,10.7,6
382,2,20,10.95,6
383,2,20,10.45,6
384,2,20,11.45,6
385,2,20,12.85,6
386,2,20,12.95,6
387,2,20,12.0,6
388,2,20,12.45,6
389,2,20,10.9,6
390,2,20,11.85,6
391,2,20,11.8,6
392,2,20,11.8,6
393,2,20,11.2,6
394,2,20,11.4,6
395,2,20,12.45,6
396,2,20,12.3,6
397,2,20,11.55,6
398,2,20,12.2,6
399,2,20,12.6,6
400,2,20,11.25,6
401,2,20,11.45,6
402,2,20,12.15,6
403,2,20,11.9,6
404,2,20,11.2,6
405,2,20,11.1,6
406,2,20,11.9,6
407,2,20,11.45,6
408,2,20,11.9,6
409,2,20,11.75,6
410,2,20,12.5,6
411,2,20,12.15,6
412,2,20,11.05,6
413,2,20,11.7,6
414,2,20,12.3,6
415,2,20,9.7,6
416,2,20,11.45,6
417,2,20,13.0,6
418,2,20,13.55,6
419,2,20,11.4,6
420,2,20,10.35,6
421,2,20,11.2,6
422,2,20,11.05,6
423,2,20,11.3,6
424,2,20,11.2,6
425,2,20,11.7,6
426,2,20,11.85,6
427,2,20,10.75,6
428,2,20,11.85,6
429,2,20,10.05,6
430,2,20,12.45,6
431,2,20,12.1,6
432,2,20,11.05,6
433,2,20,11.7,6
434,2,20,11.6,6
435,2,20,12.5,6
436,2,20,11.9,6
437,2,20,11.1,6
438,2,20,11.0,6
439,2,20,12.05,6
440,2,20,13.1,6
441,2,20,10.85,6
442,2,20,11.7,6
443,2,20,12.15,6
444,2,20,13.65,6
445,2,20,11.5,6
446,2,20,10.4,6
447,2,20,11.45,6
448,2,20,11.4,6
449,2,20,11.75,6
450,2,20,12.0,6
451,2,20,13.3,6
452,2,20,11.85,6
453,2,20,11.75,6
454,2,20,13.45,6
455,2,20,11.6,6
456,2,20,11.9,6
457,2,20,11.45,6
458,2,20,10.9,6
459,2,20,12.6,6
460,2,20,11.7,6
461,2,20,11.15,6
462,2,20,13.35,6
463,2,20,13.5,6
464,2,20,12.25,6
465,2,20,13.85,6
466,2,20,12.15,6
467,2,20,11.5,6
468,2,20,10.95,6
469,2,20,10.3,6
470,2,20,10.8,6
471,2,20,12.0,6
472,2,20,10.1,6
473,2,20,10.85,6
474,2,20,11.95,6
475,2,20,10.8,6
476,2,20,11.45,6
477,2,20,13.25,6
478,2,20,11.65,6
479,2,20,11.75,6
480,2,20,10.3,6
481,2,20,12.4,6
482,2,20,10.5,6
483,2,20,11.4,6
484,2,20,11.25,6
485,2,20,11.35,6
486,2,20,12.2,6
487,2,20,11.6,6
488,2,20,11.3,6
489,2,20,11.0,6
490,2,20,11.75,6
491,2,20,11.35,6
492,2,20,11.25,6
493,2,20,11.95,6
494,2,20,12.15,6
495,2,20,11.95,6
496,2,20,10.85,6
497,2,20,12.4,6
498,2,20,11.55,6
499,2,20,12.4,6
500,2,20,10.95,6
501,2,20,11.0,6
502,2,20,12.25,6
503,2,20,11.05,6
504,2,20,13.15,6
505,2,20,12.25,6
506,2,20,12.05,6
507,2,20,11.2,6
508,2,20,11.4,6
509,2,20,11.9,6
510,2,20,12.45,6
511,2,20,12.4,6
512,2,20,12.25,6
513,2,20,12.15,6
514,2,20,11.95,6
515,2,20,12.9,6
516,2,20,13.0,6
517,2,20,12.0,6
518,2,20,11.7,6
519,2,20,12.25,6
520,2,20,11.05,6
521,2,20,13.3,6
522,2,20,12.5,6
523,2,20,9.7,6
524,2,20,11.6,6
525,2,20,11.55,6
526,2,20,11.75,6
527,2,20,11.05,6
528,2,20,12.1,6
529,2,20,10.75,6
530,2,20,10.75,6
531,2,20,12.05,6
532,2,20,12.75,6
533,2,20,12.3,6
534,2,20,12.2,6
535,2,20,12.2,6
536,2,20,13.0,6
537,2,20,12.55,6
538,2,20,10.9,6
539,2,20,11.3,6
540,2,20,9.95,6
541,2,20,11.2,6
542,2,20,11.3,6
543,2,20,11.5,6
544,2,20,10.9,6
545,2,20,12.0,6
546,2,20,12.3,6
547,2,20,11.85,6
548,2,20,10.5,6
549,2,20,12.45,6
550,2,20,11.9,6
551,2,20,11.75,6
552,2,20,11.3,6
553,2,20,11.6,6
554,2,20,11.85,6
555,2,20,12.15,6
556,2,20,11.15,6
557,2,20,12.2,6
558,2,20,13.15,6
559,2,20,11.6,6
560,2,20,11.25,6
561,2,20,10.7,6
562,2,20,11.15,6
563,2,20,11.6,6
564,2,20,10.05,6
565,2,20,13.45,6
566,2,20,11.25,6
567,2,20,11.0,6
568,2,20,11.0,6
569,2,20,10.15,6
570,2,20,10.5,6
571,2,20,10.45,6
572,2,20,9.95,6
573,2,20,11.2,6
574,2,20,13.75,6
575,2,20,10.85,6
576,2,20,11.45,6
577,2,20,12.0,6
578,2,20,11.4,6
579,2,20,12.45,6
580,2,20,11.6,6
581,2,20,12.3,6
582,2,20,11.35,6
583,2,20,11.4,6
584,2,20,11.4,6
585,2,20,11.1,6
586,2,20,11.2,6
587,2,20,11.35,6
588,2,20,11.05,6
589,2,20,12.1,6
590,2,20,10.8,6
591,2,20,12.1,6
592,2,20,12.55,6
593,2,20,12.05,6
594,2,20,10.6,6
595,2,20,13.1,6
596,2,20,12.3,6
597,2,20,12.1,5
598,2,20,9.85,5
599,2,20,10.75,5
600,2,20,11.05,5
601,2,20,10.3,5
602,2,20,10.8,5
603,2,20,10.3,5
604,2,20,11.5,5
605,2,20,11.1,5
606,2,20,10.7,5
607,2,20,10.75,5
608,2,20,10.6,5
609,2,20,12.2,5
610,2,20,9.65,5
611,2,20,11.05,5
612,2,20,10.45,5
613,2,20,10.1,5
614,2,20,10.5,5
615,2,20,9.85,5
616,2,20,11.4,5
617,2,20,10.35,5
618,2,20,10.65,5
619,2,20,11.05,5
620,2,20,11.25,5
621,2,20,11.45,5
622,2,20,10.8,5
623,2,20,10.85,5
624,2,20,9.1,5
625,2,20,9.35,5
626,2,20,9.15,5
627,2,20,10.35,5
628,2,20,12.45,5
629,2,20,9.75,5
630,2,20,10.9,5
631,2,20,12.05,5
632,2,20,12.35,5
633,2,20,11.5,5
634,2,20,12.3,5
635,2,20,12.4,5
636,2,20,11.1,5
637,2,20,10.2,5
638,2,20,9.95,5
639,2,20,11.0,5
640,2,20,11.75,5
641,2,20,10.55,5
642,2,20,11.85,5
643,2,20,12.6,5
644,2,20,10.15,5
645,2,20,10.7,5
646,2,20,10.95,5
647,2,20,11.85,5
648,2,20,10.5,5
649,2,20,11.05,5
650,2,20,11.0,5
651,2,20,11.05,5
652,2,20,11.55,5
653,2,20,11.0,5
654,2,20,9.55,5
655,2,20,10.85,5
656,2,20,10.7,5
657,2,20,10.9,5
658,2,20,11.0,5
659,2,20,11.15,5
660,2,20,12.65,5
661,2,20,12.8,5
662,2,20,9.3,5
663,2,20,10.05,5
664,2,20,9.65,5
665,2,20,9.45,5
666,2,20,10.3,5
667,2,20,10.4,5
668,2,20,9.8,5
669,2,20,12.05,5
670,2,20,10.65,5
671,2,20,11.4,5
672,2,20,9.85,5
673,2,20,10.5,5
674,2,20,10.9,5
675,2,20,10.45,5
676,2,20,11.3,5
677,2,20,11.25,5
678,2,20,10.45,5
679,2,20,9.8,5
680,2,20,9.25,5
681,2,20,8.45,5
682,2,20,10.25,5
683,2,20,10.8,5
684,2,20,11.1,5
685,2,20,10.7,5
686,2,20,10.45,5
687,2,20,11.4,5
688,2,20,11.3,5
689,2,20,11.5,5
690,2,20,11.3,5
691,2,20,11.0,5
692,2,20,9.85,5
693,2,20,9.55,5
694,2,20,10.0,5
695,2,20,11.0,5
696,2,20,10.55,5
697,2,20,10.6,5
698,2,20,11.4,5
699,2,20,11.15,5
700,2,20,13.25,5
701,2,20,10.5,5
702,2,20,9.85,5
703,2,20,9.3,5
704,2,20,11.4,5
705,2,20,9.5,5
706,2,20,11.6,5
707,2,20,10.95,5
708,2,20,11.25,5
709,2,20,10.65,5
710,2,20,13.0,5
711,2,20,11.6,5
712,2,20,10.25,5
713,2,20,12.1,5
714,2,20,12.2,5
715,2,20,12.05,5
716,2,20,11.25,5
717,2,20,11.05,5
718,2,20,11.4,5
719,2,20,13.35,5
720,2,20,11.9,5
721,2,20,11.45,5
722,2,20,11.25,5
723,2,20,9.45,5
724,2,20,9.6,5
725,2,20,9.6,5
726,2,20,8.6,5
727,2,20,11.65,5
728,2,20,10.5,5
729,2,20,11.1,5
730,2,20,10.95,5
731,2,20,12.85,5
732,2,20,10.45,5
733,2,20,11.0,5
734,2,20,10.5,5
735,2,20,10.2,5
736,2,20,12.15,5
737,2,20,10.9,5
738,2,20,10.25,5
739,2,20,11.5,5
740,2,20,11.3,5
741,2,20,10.75,5
742,2,20,11.25,5
743,2,20,10.9,5
744,2,20,11.7,5
745,2,20,11.1,5
746,2,20,10.5,5
747,2,20,11.8,5
748,2,20,10.1,5
749,2,20,10.6,5
750,2,20,10.95,5
751,2,20,11.4,5
752,2,20,12.0,5
753,2,20,12.1,5
754,2,20,11.2,5
755,2,20,11.1,5
756,2,20,11.7,4
757,2,20,9.3,4
758,2,20,9.65,4
759,2,20,9.95,3
760,2,20,8.35,3
761,2,20,9.5,3
762,2,20,9.45,3
763,2,20,8.3,3
764,2,20,9.1,3
765,2,20,8.4,3
766,2,20,7.2,3
767,2,20,8.15,2
768,2,20,7.85,2
769,2,20,6.55,2
770,2,20,7.5,2
771,2,20,8.3,2
772,2,20,8.05,2
773,2,20,7.15,2
774,2,20,7.65,2
775,2,20,9.55,2
776,2,20,10.4,2
777,2,20,10.2,2
778,2,20,9.15,2
779,2,20,6.75,2
780,2,20,7.95,2
781,2,20,9.15,2
782,2,20,8.8,2
783,2,20,9.45,2
784,2,20,10.0,2
785,2,20,7.5,2
786,2,20,9.3,2
787,2,20,9.5,2
788,2,20,9.0,2
789,2,20,9.1,2
790,2,20,10.7,2
791,2,20,8.2,2
792,2,20,8.15,2
793,2,20,9.05,2
794,2,20,8.4,2
795,2,20,8.3,2
796,2,20,8.4,2
797,2,20,7.9,2
798,2,20,7.4,2
799,2,20,7.25,2
800,2,20,8.7,2
801,2,20,7.15,2
802,2,20,8.15,2
803,2,20,8.35,2
804,2,20,7.1,2
805,2,20,10.8,2
806,2,20,10.4,2
807,2,20,8.7,2
808,2,20,8.35,2
809,2,20,8.3,2
810,2,20,10.35,2
811,2,20,9.15,2
812,2,20,9.35,2
813,2,20,8.95,2
814,2,20,8.6,2
815,2,20,8.05,2
816,2,20,10.1,2
817,2,20,9.75,2
818,2,20,8.15,2
819,2,20,7.55,2
820,2,20,7.25,2
821,2,20,7.9,2
822,2,20,9.4,2
823,2,20,8.55,2
824,2,20,8.45,2
825,2,20,9.0,2
826,2,20,7.6,2
827,2,20,7.85,2
828,2,20,7.6,2
829,2,20,9.5,2
830,2,20,8.75,2
831,2,20,8.1,2
832,2,20,8.8,2
833,2,20,8.05,2
834,2,20,9.0,2
835,2,20,8.5,2
836,2,20,7.6,2
837,2,20,8.6,2
838,2,20,8.8,2
839,2,20,8.35,2
840,2,20,7.9,2
841,2,20,7.95,2
842,2,20,7.85,2
843,2,20,8.15,2
844,2,20,7.85,2
845,2,20,6.85,2
846,2,20,7.8,2
847,2,20,8.55,2
848,2,20,9.55,2
849,2,20,8.75,2
850,2,20,6.8,2
851,2,20,6.9,2
852,2,20,7.7,2
853,2,20,7.1,2
854,2,20,7.8,2
855,2,20,7.45,2
856,2,20,7.15,2
857,2,20,8.9,2
858,2,20,8.8,2
859,2,20,9.3,2
860,2,20,7.0,2
861,2,20,8.8,2
862,2,20,9.6,2
863,2,20,8.15,2
864,2,20,9.0,2
865,2,20,7.0,2
866,2,20,10.1,2
867,2,20,9.05,2
868,2,20,7.7,2
869,2,20,7.4,2
870,2,20,8.2,2
871,2,20,8.75,2
872,2,20,9.9,2
873,2,20,10.45,2
874,2,20,10.0,2
875,2,20,9.05,2
876,2,20,6.7,2
877,2,20,6.9,2
878,2,20,6.95,2
879,2,20,7.95,2
880,2,20,8.75,2
881,2,20,9.45,2
882,2,20,8.3,2
883,2,20,8.6,2
884,2,20,7.4,2
885,2,20,7.65,2
886,2,20,7.35,2
887,2,20,7.6,2
888,2,20,7.45,2
889,2,20,6.95,2
890,2,20,7.6,2
891,2,20,7.7,2
892,2,20,7.45,2
893,2,20,8.65,2
894,2,20,9.1,2
895,2,20,9.2,2
896,2,20,10.0,2
897,2,20,9.3,2
898,2,20,8.15,2
899,2,20,7.65,2
900,2,20,8.05,2
901,2,20,8.4,2
902,2,20,8.4,2
903,2,20,9.4,2
904,2,20,8.6,2
905,2,20,7.75,2
906,2,20,8.8,2
907,2,20,8.35,2
908,2,20,7.7,2
909,2,20,6.25,2
910,2,20,8.1,2
911,2,20,8.15,2
912,2,20,8.4,2
913,2,20,7.4,2
914,2,20,7.6,2
915,2,20,8.9,2
916,2,20,9.05,2
917,2,20,8.2,2
918,2,20,9.35,2
919,2,20,7.65,2
920,2,20,8.75,2
921,2,20,7.5,2
922,2,20,8.45,2
923,2,20,9.85,2
924,2,20,8.8,2
925,2,20,7.75,2
926,2,20,7.55,2
927,2,20,8.4,2
928,2,20,7.55,2
929,2,20,8.1,2
930,2,20,8.05,2
931,2,20,7.4,2
932,2,20,7.25,2
933,2,20,7.1,2
934,2,20,7.45,2
935,2,20,9.65,2
936,2,20,8.05,2
937,2,20,7.7,2
938,2,20,7.2,2
939,2,20,8.5,2
940,2,20,8.5,2
941,2,20,8.55,2
942,2,20,7.4,2
943,2,20,9.6,2
944,2,20,11.0,2
945,2,20,9.25,2
946,2,20,9.3,2
947,2,20,8.15,2
948,2,20,5.85,2
949,2,20,6.65,2
950,2,20,7.15,2
951,2,20,7.75,2
952,2,20,7.7,2
953,2,20,8.0,2
954,2,20,9.1,2
955,2,20,9.25,2
956,2,20,7.6,2
957,2,20,10.2,2
958,2,20,9.3,2
959,2,20,7.25,2
960,2,20,8.0,2
961,2,20,7.45,2
962,2,20,9.05,2
963,2,20,8.55,2
964,2,20,8.85,2
965,2,20,7.65,2
966,2,20,7.1,2
967,2,20,9.45,2
968,2,20,8.15,2
969,2,20,8.0,2
970,2,20,7.5,2
971,2,20,8.4,2
972,2,20,9.25,2
973,2,20,6.95,2
974,2,20,6.9,2
975,2,20,6.7,2
976,2,20,7.75,2
977,2,20,8.2,2
978,2,20,8.0,2
979,2,20,9.0,2
980,2,20,9.95,2
981,2,20,7.6,2
982,2,20,9.75,2
983,2,20,7.5,2
984,2,20,8.05,2
985,2,20,7.35,2
986,2,20,8.05,2
987,2,20,7.35,2
988,2,20,7.3,2
989,2,20,7.55,2
990,2,20,7.95,2
991,2,20,7.65,2
992,2,20,8.25,2
993,2,20,8.55,2
994,2,20,7.75,2
995,2,20,8.7,2
996,2,20,8.6,2
997,2,20,8.8,2
998,2,20,9.2,2
999,2,20,8.25,2
1000,2,20,7.45,2
1001,2,20,8.25,2
1002,2,20,8.4,2
1003,2,20,8.15,2
1004,2,20,9.5,2
1005,2,20,7.85,2
1006,2,20,7.8,2
1007,2,20,9.0,2
1008,2,20,7.85,2
1009,2,20,7.8,2
1010,2,20,9.0,2
1011,2,20,9.05,2
1012,2,20,9.8,2
1013,2,20,8.55,2
1014,2,20,7.95,2
1015,2,20,8.3,2
1016,2,20,8.75,2
1017,2,20,8.3,2
1018,2,20,8.7,2
1019,2,20,8.85,2
1020,2,20,9.2,2
1021,2,20,8.25,2
1022,2,20,7.65,2
1023,2,20,7.0,2
1024,2,20,7.0,2
1025,2,20,8.65,2
1026,2,20,8.8,2
1027,2,20,7.45,2
1028,2,20,7.8,2
1029,2,20,10.2,2
1030,2,20,8.2,2
1031,2,20,8.7,2
1032,2,20,8.75,2
1033,2,20,7.85,2
1034,2,20,8.3,2
1035,2,20,9.25,2
1036,2,20,8.7,2
1037,2,20,9.45,2
1038,2,20,8.55,2
1039,2,20,8.15,2
1040,2,20,8.65,2
1041,2,20,7.3,2
1042,2,20,8.75,2
1043,2,20,9.6,2
1044,2,20,8.05,2
1045,2,20,8.25,2
1046,2,20,8.7,2
1047,2,20,8.7,2
1048,2,20,8.55,2
1049,2,20,7.65,2
1050,2,20,6.8,2
1051,2,20,6.85,2
1052,2,20,8.55,2
1053,2,20,9.3,2
1054,2,20,9.15,2
1055,2,20,8.2,2
1056,2,20,8.2,2
1057,2,20,8.1,2
1058,2,20,9.9,2
1059,2,20,8.9,2
1060,2,20,8.25,2
1061,2,20,7.25,2
1062,2,20,7.35,2
1063,2,20,8.5,2
1064,2,20,7.45,2
1065,2,20,8.3,2
1066,2,20,8.85,2
1067,2,20,7.75,2
1068,2,20,7.8,2
1069,2,20,8.5,2
1070,2,20,7.45,2
1071,2,20,7.8,2
1072,2,20,7.35,2
1073,2,20,8.2,2
1074,2,20,8.3,2
1075,2,20,8.45,2
1076,2,20,10.75,2
1077,2,20,9.75,2
1078,2,20,8.1,2
1079,2,20,7.85,2
1080,2,20,7.6,2
1081,2,20,9.55,2
1082,2,20,8.5,2
1083,2,20,7.45,2
1084,2,20,7.2,2
1085,2,20,7.75,2
1086,2,20,8.1,2
1087,2,20,9.55,2
1088,2,20,9.6,2
1089,2,20,7.95,2
1090,2,20,8.45,2
1091,2,20,7.4,2
1092,2,20,8.15,2
1093,2,20,7.6,2
1094,2,20,8.6,2
1095,2,20,8.35,2
1096,2,20,8.0,2
1097,2,20,8.2,2
1098,2,20,8.9,2
1099,2,20,9.3,2
1100,2,20,8.15,2
1101,2,20,8.3,2
1102,2,20,9.1,2
1103,2,20,7.15,2
1104,2,20,7.55,2
1105,2,20,8.75,2
1106,2,20,8.4,2
1107,2,20,7.95,2
1108,2,20,8.25,2
1109,2,20,8.75,2
1110,2,20,7.45,2
1111,2,20,9.2,2
1112,2,20,9.05,2
1113,2,20,9.15,2
1114,2,20,8.25,2
1115,2,20,8.4,2
1116,2,20,8.35,2
1117,2,20,7.65,2
1118,2,20,9.95,2
1119,2,20,8.65,2
1120,2,20,7.35,2
1121,2,20,6.2,2
1122,2,20,9.75,2
1123,2,20,8.75,2
1124,2,20,8.65,2
1125,2,20,7.25,2
1126,2,20,8.6,2
1127,2,20,8.95,2
1128,2,20,9.65,2
1129,2,20,7.4,2
1130,2,20,8.1,2
1131,2,20,8.65,2
1132,2,20,8.55,2
1133,2,20,8.9,2
1134,2,20,8.25,2
1135,2,20,8.85,2
1136,2,20,8.45,2
1137,2,20,7.25,2
1138,2,20,7.25,2
1139,2,20,9.0,2
1140,2,20,8.7,2
1141,2,20,8.6,2
1142,2,20,8.55,2
1143,2,20,10.15,2
1144,2,20,7.6,2
1145,2,20,8.4,2
1146,2,20,8.45,2
1147,2,20,7.6,2
1148,2,20,7.85,2
1149,2,20,7.85,2
1150,2,20,8.55,2
1151,2,20,9.55,2
1152,2,20,10.0,2
1153,2,20,8.7,2
1154,2,20,7.85,2
1155,2,20,8.35,2
1156,2,20,7.4,2
1157,2,20,6.45,2
1158,2,20,7.9,2
1159,2,20,7.55,2
1160,2,20,9.05,2
1161,2,20,8.55,2
1162,2,20,8.05,2
1163,2,20,8.5,2
1164,2,20,8.0,2
1165,2,20,7.5,2
1166,2,20,6.4,2
1167,2,20,8.95,2
1168,2,20,7.3,2
1169,2,20,8.85,2
1170,2,20,8.0,2
1171,2,20,6.95,2
1172,2,20,8.65,2
1173,2,20,7.3,2
1174,2,20,8.85,2
1175,2,20,7.55,2
1176,2,20,9.4,2
1177,2,20,8.7,2
1178,2,20,8.0,2
1179,2,20,8.2,2
1180,2,20,8.3,2
1181,2,20,6.9,2
1182,2,20,8.85,2
1183,2,20,7.6,2
1184,2,20,7.25,2
1185,2,20,8.7,2
1186,2,20,7.35,2
1187,2,20,7.9,2
1188,2,20,8.4,2
1189,2,20,8.4,2
1190,2,20,8.95,2
1191,2,20,7.0,2
1192,2,20,6.9,2
1193,2,20,7.9,2
1194,2,20,6.75,1
1195,2,20,7.25,1
1196,2,20,7.55,1
1197,2,20,6.5,1
1198,2,20,5.95,1
1199,2,20,5.8,1
1200,2,20,6.75,1
1201,2,20,6.65,1
1202,2,20,7.8,1
1203,2,20,8.95,1
1204,2,20,8.2,1
1205,2,20,6.1,1
1206,2,20,6.2,1
1207,2,20,7.7,1
1208,2,20,6.3,1
1209,2,20,6.75,1
1210,2,20,8.0,1
1211,2,20,8.9,1
1212,2,20,8.5,1
1213,2,20,10.1,1
1214,2,20,9.65,1
1215,2,20,9.2,1
1216,2,20,7.6,1
1217,2,20,9.0,1
1218,2,20,7.55,1
1219,2,20,7.55,1
1220,2,20,8.4,1
1221,2,20,7.05,1
1222,2,20,9.2,1
1223,2,20,8.2,1
1224,2,20,7.05,1
1225,2,20,8.3,1
1226,2,20,8.7,1
1227,2,20,8.7,1
1228,2,20,8.0,1
1229,2,20,7.35,1
1230,2,20,6.7,1
1231,2,20,6.55,1
1232,2,20,7.45,1
1233,2,20,7.85,1
1234,2,20,7.65,1
1235,2,20,6.95,1
1236,2,20,7.65,1
1237,2,20,7.05,1
1238,2,20,6.3,1
1239,2,20,7.6,1
1240,2,20,8.7,1
1241,2,20,8.55,1
1242,2,20,7.1,1
1243,2,20,7.35,1
1244,2,20,8.65,1
1245,2,20,7.65,1
1246,2,20,5.7,1
1247,2,20,7.4,1
1248,2,20,7.4,1
1249,2,20,8.8,1
1250,2,20,8.65,1
1251,2,20,7.75,1
1252,2,20,7.6,1
1253,2,20,8.8,1
1254,2,20,6.85,1
1255,2,20,6.85,1
1256,2,20,6.7,1
1257,2,20,6.35,1
1258,2,20,6.4,1
1259,2,20,6.6,1
1260,2,20,6.7,1
1261,2,20,7.05,1
1262,2,20,8.4,1
1263,2,20,6.3,1
1264,2,20,6.35,1
1265,2,20,8.15,1
1266,2,20,8.6,1
1267,2,20,7.4,1
1268,2,20,5.75,1
1269,2,20,7.3,1
1270,2,20,8.45,1
1271,2,20,7.9,1
1272,2,20,8.2,1
1273,2,20,7.5,1
1274,2,20,7.05,1
1275,2,20,8.5,1
1276,2,20,7.25,1
1277,2,20,8.7,1
1278,2,20,8.0,1
1279,2,20,7.3,1
1280,2,20,6.25,1
1281,2,20,6.3,1
1282,2,20,6.6,1
1283,2,20,7.55,1
1284,2,20,7.0,1
1285,2,20,7.6,1
1286,2,20,7.35,1
1287,2,20,7.35,1
1288,2,20,7.65,1
1289,2,20,9.15,1
1290,2,20,8.1,1
1291,2,20,6.7,1
1292,2,20,6.25,1
1293,2,20,8.35,1
1294,2,20,7.0,1
1295,2,20,7.35,1
1296,2,20,6.75,1
1297,2,20,7.95,1
1298,2,20,7.55,1
1299,2,20,6.05,1
1300,2,20,6.85,1
1301,2,20,6.8,1
1302,2,20,7.05,1
1303,2,20,6.25,1
1304,2,20,8.2,1
1305,2,20,7.55,1
1306,2,20,7.4,1
1307,2,20,7.2,1
1308,2,20,7.5,1
1309,2,20,7.75,1
1310,2,20,7.0,1
1311,2,20,7.3,1
1312,2,20,8.85,1
1313,2,20,9.6,1
1314,2,20,8.1,1
1315,2,20,9.95,1
1316,2,20,8.55,1
1317,2,20,7.7,1
1318,2,20,6.65,1
1319,2,20,6.45,1
1320,2,20,6.45,1
1321,2,20,7.3,1
1322,2,20,7.35,1
1323,2,20,6.15,1
1324,2,20,6.1,1
1325,2,20,8.35,1
1326,2,20,7.4,1
1327,2,20,7.7,1
1328,2,20,6.65,1
1329,2,20,6.15,1
1330,2,20,5.75,1
1331,2,20,7.6,1
1332,2,20,8.2,1
1333,2,20,8.9,1
1334,2,20,6.5,1
1335,2,20,7.6,1
1336,2,20,7.1,1
1337,2,20,7.2,1
1338,2,20,8.05,1
1339,2,20,9.1,1
1340,2,20,9.15,1
1341,2,20,7.0,1
1342,2,20,8.0,1
1343,2,20,9.65,1
1344,2,20,7.65,1
1345,2,20,6.45,1
1346,2,20,7.1,1
1347,2,20,6.95,1
1348,2,20,7.3,1
1349,2,20,5.6,1
1350,2,20,5.8,1
1351,2,20,7.6,1
1352,2,20,7.1,1
1353,2,20,9.45,1
1354,2,20,7.45,1
1355,2,20,7.1,1
1356,2,20,7.95,1
1357,2,20,8.75,1
1358,2,20,8.35,1
1359,2,20,8.4,1
1360,2,20,6.9,1
1361,2,20,7.1,1
1362,2,20,6.35,1
1363,2,20,7.65,1
1364,2,20,7.85,1
1365,2,20,6.6,1
1366,2,20,6.35,1
1367,2,20,6.8,1
1368,2,20,7.0,1
1369,2,20,7.3,1
1370,2,20,7.15,1
1371,2,20,7.6,1
1372,2,20,7.6,1
1373,2,20,5.95,1
1374,2,20,6.6,1
1375,2,20,5.85,1
1376,2,20,6.4,1
1377,2,20,8.75,1
1378,2,20,7.25,1
1379,2,20,7.55,1
1380,2,20,7.45,1
1381,2,20,7.45,1
1382,2,20,8.4,1
1383,2,20,8.15,1
1384,2,20,7.0,1
1385,2,20,7.9,1
1386,2,20,8.1,1
1387,2,20,7.5,1
1388,2,20,9.65,1
1389,2,20,7.4,1
1390,2,20,7.15,1
1391,2,20,8.0,1
1392,2,20,6.9,1
1393,2,20,7.75,1
1394,2,20,6.5,1
1395,2,20,7.85,1
1396,2,20,7.25,1
1397,2,20,10.0,1
1398,2,20,9.95,1
1399,2,20,6.0,1
1400,2,20,6.75,1
1401,2,20,7.55,1
1402,2,20,7.7,1
1403,2,20,8.1,1
1404,2,20,6.2,1
1405,2,20,6.65,1
1406,2,20,6.95,1
1407,2,20,7.65,1
1408,2,20,5.55,1
1409,2,20,6.3,1
1410,2,20,7.4,1
1411,2,20,7.0,1
1412,2,20,6.1,1
1413,2,20,7.65,1
1414,2,20,8.2,1
1415,2,20,7.0,1
1416,2,20,7.6,1
1417,2,20,7.1,1
1418,2,20,6.7,1
1419,2,20,7.5,1
1420,2,20,8.3,1
1421,2,20,6.9,1
1422,2,20,8.6,1
1423,2,20,7.85,1
1424,2,20,9.45,1
1425,2,20,8.45,1
1426,2,20,7.45,1
1427,2,20,8.1,1
1428,2,20,8.0,1
1429,2,20,6.3,1
1430,2,20,8.5,1
1431,2,20,8.5,1
1432,2,20,8.2,1
1433,2,20,7.05,1
1434,2,20,7.2,1
1435,2,20,7.95,1
1436,2,20,6.35,1
1437,2,20,6.7,1
1438,2,20,7.05,1
1439,2,20,6.45,1
1440,2,20,7.2,1
1441,2,20,7.95,1
1442,2,20,9.75,1
1443,2,20,8.7,1
1444,2,20,7.75,1
1445,2,20,7.5,1
1446,2,20,7.7,1
1447,2,20,7.45,1
1448,2,20,5.3,1
1449,2,20,6.5,1
1450,2,20,7.6,1
1451,2,20,7.85,1
1452,2,20,6.9,1
1453,2,20,7.6,1
1454,2,20,7.2,1
1455,2,20,7.1,1
1456,2,20,7.45,1
1457,2,20,6.4,1
1458,2,20,7.0,1
1459,2,20,6.25,1
1460,2,20,8.9,1
1461,2,20,7.3,1
1462,2,20,5.6,1
1463,2,20,6.05,1
1464,2,20,7.05,1
1465,2,20,5.95,1
1466,2,20,7.7,1
1467,2,20,7.75,1
1468,2,20,7.0,1
1469,2,20,7.65,1
1470,2,20,6.9,1
1471,2,20,7.8,1
1472,2,20,9.0,1
1473,2,20,9.0,1
1474,2,20,9.1,1
1475,2,20,8.05,1
1476,2,20,6.85,1
1477,2,20,8.05,1
1478,2,20,9.25,1
1479,2,20,7.7,1
1480,2,20,7.55,1
1481,2,20,6.75,1
1482,2,20,5.45,1
1483,2,20,6.95,1
1484,2,20,7.05,1
1485,2,20,7.35,1
1486,2,20,6.3,1
1487,2,20,7.1,1
1488,2,20,5.4,1
1489,2,20,7.6,1
1490,2,20,8.55,1
1491,2,20,8.05,1
1492,2,20,7.2,1
1493,2,20,7.45,1
1494,2,20,5.9,1
1495,2,20,6.8,1
1496,2,20,6.05,1
1497,2,20,6.4,1
1498,2,20,7.35,1
1499,2,20,5.55,1
1500,2,20,7.05,1
1501,2,20,7.35,1
1502,2,20,7.9,1
1503,2,20,6.95,1
1504,2,20,7.65,1
1505,2,20,5.95,1
1506,2,20,8.15,1
1507,2,20,7.75,1
1508,2,20,8.95,1
1509,2,20,8.7,1
1510,2,20,8.35,1
1511,2,20,6.8,1
1512,2,20,8.05,1
1513,2,20,6.95,1
1514,2,20,7.05,1
1515,2,20,7.6,1
1516,2,20,7.25,1
1517,2,20,7.4,1
1518,2,20,6.65,1
1519,2,20,6.15,1
1520,2,20,7.5,1
1521,2,20,6.7,1
1522,2,20,6.85,1
1523,2,20,7.0,1
1524,2,20,5.6,1
1525,2,20,7.7,1
1526,2,20,7.0,1
1527,2,20,7.3,1
1528,2,20,7.4,1
1529,2,20,7.0,1
1530,2,20,9.6,1
1531,2,20,9.9,1
1532,2,20,9.1,1
1533,2,20,7.2,1
1534,2,20,8.3,1
1535,2,20,7.4,1
1536,2,20,7.9,1
1537,2,20,8.6,1
1538,2,20,7.55,1
1539,2,20,7.95,1
1540,2,20,8.2,1
1541,2,20,6.7,1
1542,2,20,6.8,1
1543,2,20,7.8,1
1544,2,20,8.65,1
1545,2,20,6.95,1
1546,2,20,6.5,1
1547,2,20,6.6,1
1548,2,20,7.1,1
1549,2,20,5.95,1
1550,2,20,6.9,1
1551,2,20,8.25,1
1552,2,20,7.5,1
1553,2,20,8.65,1
1554,2,20,7.0,1
1555,2,20,7.4,1
1556,2,20,6.95,1
1557,2,20,5.95,1
1558,2,20,6.05,1
1559,2,20,7.45,1
1560,2,20,7.0,1
1561,2,20,6.35,1
1562,2,20,8.15,1
1563,2,20,6.65,1
1564,2,20,7.75,1
1565,2,20,7.3,1
1566,2,20,6.9,1
1567,2,20,8.25,1
1568,2,20,7.5,1
1569,2,20,8.05,1
1570,2,20,7.15,1
1571,2,20,7.95,1
1572,2,20,7.4,1
1573,2,20,7.0,1
1574,2,20,7.55,1
1575,2,20,8.25,1
1576,2,20,6.7,1
1577,2,20,7.95,1
1578,2,20,7.55,1
1579,2,20,6.9,1
1580,2,20,7.05,1
1581,2,20,7.3,1
1582,2,20,7.6,1
1583,2,20,5.6,1
1584,2,20,6.9,1
1585,2,20,6.75,1
1586,2,20,7.3,1
1587,2,20,7.4,1
1588,2,20,5.85,1
1589,2,20,8.95,1
1590,2,20,7.55,1
1591,2,20,6.7,1
1592,2,20,8.0,1
1593,2,20,6.65,1
1594,2,20,9.05,1
1595,2,20,8.15,1
1596,2,20,6.75,1
1597,2,20,6.05,1
1598,2,20,5.75,1
1599,2,20,7.1,1
1600,2,20,7.65,1
1601,2,20,6.7,1
1602,2,20,6.65,1
1603,2,20,6.95,1
1604,2,20,7.0,1
1605,2,20,6.8,1
1606,2,20,7.0,1
1607,2,20,5.5,1
1608,2,20,7.55,1
1609,2,20,8.4,1
1610,2,20,7.6,1
1611,2,20,5.45,1
1612,2,20,6.05,1
1613,2,20,7.05,1
1614,2,20,7.25,1
1615,2,20,7.05,1
1616,2,20,8.95,1
1617,2,20,7.45,1
1618,2,20,8.45,1
1619,2,20,8.95,1
1620,2,20,7.7,1
1621,2,20,8.8,1
1622,2,20,7.3,1
1623,2,20,5.7,1
1624,2,20,7.6,1
1625,2,20,6.65,1
1626,2,20,6.95,1
1627,2,20,6.7,1
1628,2,20,7.0,1
1629,2,20,7.95,1
1630,2,20,8.8,1
1631,2,20,7.75,1
1632,2,20,7.25,1
1633,2,20,6.65,1
1634,2,20,7.65,1
1635,2,20,8.05,1
1636,2,20,6.75,1
1637,2,20,6.7,1
1638,2,20,7.45,1
1639,2,20,8.0,1
1640,2,20,6.9,1
1641,2,20,7.65,1
1642,2,20,7.35,1
1643,2,20,8.95,1
1644,2,20,7.1,1
1645,2,20,7.5,1
1646,2,20,9.15,1
1647,2,20,8.95,1
1648,2,20,7.3,1
1649,2,20,8.05,1
1650,2,20,7.35,1
1651,2,20,7.1,1
1652,2,20,6.9,1
1653,2,20,6.55,1
1654,2,20,5.75,1
1655,2,20,7.05,1
1656,2,20,7.9,1
1657,2,20,7.0,1
1658,2,20,6.7,1
1659,2,20,8.55,1
1660,2,20,5.65,1
1661,2,20,6.45,1
1662,2,20,6.65,1
1663,2,20,5.45,1
1664,2,20,6.35,1
1665,2,20,7.2,1
1666,2,20,5.8,1
1667,2,20,5.2,1
1668,2,20,5.85,1
1669,2,20,5.7,1
1670,2,20,7.25,1
1671,2,20,7.75,1
1672,2,20,7.9,1
1673,2,20,8.15,1
1674,2,20,7.3,1
1675,2,20,6.55,1
1676,2,20,6.4,1
1677,2,20,7.2,1
1678,2,20,7.0,1
1679,2,20,8.75,1
1680,2,20,8.25,1
1681,2,20,9.35,1
1682,2,20,7.9,1
1683,2,20,6.9,1
1684,2,20,8.2,1
1685,2,20,7.35,1
1686,2,20,7.75,1
1687,2,20,7.35,1
1688,2,20,8.15,1
1689,2,20,7.0,1
1690,2,20,6.85,1
1691,2,20,7.1,1
1692,2,20,5.9,1
1693,2,20,7.5,1
1694,2,20,7.25,1
1695,2,20,6.15,1
1696,2,20,6.2,1
1697,2,20,5.85,1
1698,2,20,7.75,1
1699,2,20,7.15,1
1700,2,20,7.4,1
1701,2,20,8.0,1
1702,2,20,8.15,1
1703,2,20,7.95,1
1704,2,20,7.4,1
1705,2,20,7.55,1
1706,2,20,7.4,1
1707,2,20,7.85,1
1708,2,20,6.95,1
1709,2,20,7.65,1
1710,2,20,7.95,1
1711,2,20,8.25,1
1712,2,20,6.05,1
1713,2,20,8.15,1
1714,2,20,9.45,1
1715,2,20,7.2,1
1716,2,20,7.45,1
1717,2,20,7.4,1
1718,2,20,7.7,1
1719,2,20,6.45,1
1720,2,20,7.65,1
1721,2,20,7.8,1
1722,2,20,7.25,1
1723,2,20,7.1,1
1724,2,20,7.2,1
1725,2,20,7.05,1
1726,2,20,7.7,1
1727,2,20,7.25,1
1728,2,20,6.0,1
1729,2,20,6.1,1
1730,2,20,6.25,1
1731,2,20,7.15,1
1732,2,20,6.45,1
1733,2,20,8.2,1
1734,2,20,7.8,1
1735,2,20,7.7,1
1736,2,20,7.0,1
1737,2,20,6.8,1
1738,2,20,7.45,1
1739,2,20,8.9,1
1740,2,20,6.3,1
1741,2,20,9.95,1
1742,2,20,9.5,1
1743,2,20,7.95,1
1744,2,20,7.25,1
1745,2,20,7.15,1
1746,2,20,7.6,1
1747,2,20,6.35,1
1748,2,20,6.8,1
1749,2,20,6.85,1
1750,2,20,6.2,1
1751,2,20,6.25,1
1752,2,20,7.55,1
1753,2,20,7.45,1
1754,2,20,7.3,1
1755,2,20,6.75,1
1756,2,20,6.7,1
1757,2,20,8.3,1
1758,2,20,7.1,1
1759,2,20,4.9,0
0,3,20,58.35,45
1,3,20,50.25,43
2,3,20,46.2,43
3,3,20,43.75,39
4,3,20,42.8,35
5,3,20,38.65,35
6,3,20,37.05,34
7,3,20,36.15,33
8,3,20,36.15,31
9,3,20,33.75,30
10,3,20,31.9,28
11,3,20,31.7,28
12,3,20,31.05,27
13,3,20,30.2,26
14,3,20,28.95,25
15,3,20,28.35,24
16,3,20,27.15,21
17,3,20,25.4,19
18,3,20,22.95,19
19,3,20,23.25,19
20,3,20,24.4,19
21,3,20,24.3,19
22,3,20,23.2,19
23,3,20,23.2,18
24,3,20,21.2,16
25,3,20,22.05,16
26,3,20,20.2,16
27,3,20,21.05,16
28,3,20,20.55,15
29,3,20,20.3,15
30,3,20,18.55,15
31,3,20,19.0,15
32,3,20,18.95,15
33,3,20,19.1,15
34,3,20,19.95,14
35,3,20,18.55,13
36,3,20,17.4,13
37,3,20,18.25,13
38,3,20,19.15,13
39,3,20,17.55,13
40,3,20,18.2,13
41,3,20,17.35,13
42,3,20,17.6,13
43,3,20,18.55,13
44,3,20,17.95,13
45,3,20,17.55,13
46,3,20,18.05,13
47,3,20,16.4,13
48,3,20,18.05,12
49,3,20,17.7,12
50,3,20,17.65,12
51,3,20,15.7,12
52,3,20,17.0,12
53,3,20,17.25,12
54,3,20,16.9,12
55,3,20,16.75,12
56,3,20,17.25,12
57,3,20,18.05,12
58,3,20,18.3,12
59,3,20,17.25,12
60,3,20,18.1,12
61,3,20,16.85,12
62,3,20,17.95,12
63,3,20,16.6,11
64,3,20,15.05,10
65,3,20,14.55,10
66,3,20,16.4,10
67,3,20,16.05,10
68,3,20,16.35,10
69,3,20,15.5,10
70,3,20,15.85,10
71,3,20,15.45,10
72,3,20,16.2,10
73,3,20,14.2,10
74,3,20,15.2,10
75,3,20,16.5,10
76,3,20,15.15,10
77,3,20,15.45,10
78,3,20,13.65,10
79,3,20,15.05,10
80,3,20,15.4,10
81,3,20,16.1,10
82,3,20,14.45,10
83,3,20,14.45,10
84,3,20,14.45,10
85,3,20,14.7,10
86,3,20,15.05,10
87,3,20,15.9,10
88,3,20,15.8,10
89,3,20,14.0,9
90,3,20,15.15,9
91,3,20,14.05,9
92,3,20,13.45,9
93,3,20,14.4,9
94,3,20,13.65,9
95,3,20,13.2,9
96,3,20,13.75,9
97,3,20,15.45,9
98,3,20,14.1,9
99,3,20,12.6,9
100,3,20,14.85,9
101,3,20,13.3,9
102,3,20,13.3,9
103,3,20,14.75,9
104,3,20,14.3,9
105,3,20,14.55,9
106,3,20,13.85,9
107,3,20,13.25,9
108,3,20,12.9,9
109,3,20,13.5,8
110,3,20,12.95,8
111,3,20,13.0,8
112,3,20,12.4,8
113,3,20,13.05,8
114,3,20,13.4,8
115,3,20,13.35,8
116,3,20,12.05,8
117,3,20,13.1,8
118,3,20,13.55,8
119,3,20,14.2,8
120,3,20,13.1,8
121,3,20,13.25,8
122,3,20,13.35,8
123,3,20,12.2,8
124,3,20,13.5,8
125,3,20,13.15,8
126,3,20,13.65,8
127,3,20,13.95,8
128,3,20,13.6,8
129,3,20,13.7,8
130,3,20,13.45,8
131,3,20,13.3,8
132,3,20,13.1,8
133,3,20,13.85,8
134,3,20,12.45,8
135,3,20,13.45,8
136,3,20,13.95,8
137,3,20,14.7,8
138,3,20,13.9,8
139,3,20,12.95,8
140,3,20,12.85,8
141,3,20,14.2,8
142,3,20,15.0,8
143,3,20,14.15,8
144,3,20,13.45,8
145,3,20,13.7,8
146,3,20,14.3,8
147,3,20,14.25,8
148,3,20,13.1,8
149,3,20,13.3,8
150,3,20,15.3,8
151,3,20,13.85,8
152,3,20,14.15,8
153,3,20,12.45,7
154,3,20,12.25,7
155,3,20,14.1,7
156,3,20,14.1,7
157,3,20,12.65,7
158,3,20,12.65,7
159,3,20,14.25,7
160,3,20,13.7,7
161,3,20,11.95,7
162,3,20,13.1,7
163,3,20,11.95,7
164,3,20,13.0,7
165,3,20,11.8,7
166,3,20,12.0,7
167,3,20,12.9,7
168,3,20,12.5,7
169,3,20,12.4,7
170,3,20,11.3,7
171,3,20,11.75,7
172,3,20,13.5,7
173,3,20,13.45,7
174,3,20,12.3,7
175,3,20,12.2,7
176,3,20,11.95,7
177,3,20,12.85,7
178,3,20,11.75,7
179,3,20,13.2,7
180,3,20,12.25,7
181,3,20,13.2,7
182,3,20,13.1,7
183,3,20,13.75,7
184,3,20,13.4,7
185,3,20,12.75,7
186,3,20,13.3,7
187,3,20,12.5,7
188,3,20,13.65,7
189,3,20,12.8,7
190,3,20,12.05,7
191,3,20,11.95,7
192,3,20,12.55,7
193,3,20,12.1,7
194,3,20,11.9,7
195,3,20,11.8,7
196,3,20,12.05,7
197,3,20,12.1,7
198,3,20,12.85,7
199,3,20,12.95,7
200,3,20,13.0,7
201,3,20,13.55,7
202,3,20,12.15,7
203,3,20,12.35,7
204,3,20,13.55,7
205,3,20,12.1,7
206,3,20,13.1,7
207,3,20,13.05,7
208,3,20,11.85,7
209,3,20,12.9,7
210,3,20,12.0,7
211,3,20,11.55,7
212,3,20,11.9,7
213,3,20,13.4,7
214,3,20,13.1,7
215,3,20,11.7,7
216,3,20,12.7,7
217,3,20,13.4,7
218,3,20,15.05,7
219,3,20,12.9,7
220,3,20,13.65,7
221,3,20,12.4,7
222,3,20,12.4,7
223,3,20,12.35,7
224,3,20,12.85,7
225,3,20,12.55,7
226,3,20,12.3,7
227,3,20,11.4,7
228,3,20,13.6,7
229,3,20,12.9,7
230,3,20,12.2,7
231,3,20,13.65,5
232,3,20,12.35,5
233,3,20,11.45,5
234,3,20,11.45,5
235,3,20,10.45,4
236,3,20,10.15,4
237,3,20,11.25,4
238,3,20,10.6,4
239,3,20,9.6,4
240,3,20,10.6,4
241,3,20,9.95,4
242,3,20,9.85,4
243,3,20,9.75,4
244,3,20,8.9,4
245,3,20,9.05,4
246,3,20,11.2,4
247,3,20,10.1,4
248,3,20,9.2,4
249,3,20,9.8,4
250,3,20,10.65,4
251,3,20,11.0,4
252,3,20,11.0,4
253,3,20,9.75,4
254,3,20,11.5,4
255,3,20,9.3,4
256,3,20,10.5,4
257,3,20,9.35,4
258,3,20,10.8,4
259,3,20,10.0,4
260,3,20,10.35,4
261,3,20,10.2,4
262,3,20,12.3,4
263,3,20,9.55,4
264,3,20,10.5,4
265,3,20,11.05,4
266,3,20,10.6,4
267,3,20,9.5,4
268,3,20,8.35,4
269,3,20,10.9,4
270,3,20,9.85,4
271,3,20,10.15,4
272,3,20,10.45,4
273,3,20,9.5,4
274,3,20,8.5,4
275,3,20,10.5,4
276,3,20,11.25,4
277,3,20,10.3,4
278,3,20,9.65,4
279,3,20,9.8,4
280,3,20,9.9,4
281,3,20,10.05,4
282,3,20,10.15,4
283,3,20,9.7,4
284,3,20,9.35,4
285,3,20,10.9,4
286,3,20,9.65,4
287,3,20,11.55,4
288,3,20,9.05,4
289,3,20,9.6,4
290,3,20,10.55,4
291,3,20,11.15,4
292,3,20,9.0,4
293,3,20,9.2,4
294,3,20,9.45,4
295,3,20,9.65,4
296,3,20,9.85,4
297,3,20,10.85,4
298,3,20,9.8,4
299,3,20,8.55,4
300,3,20,8.9,4
301,3,20,11.1,4
302,3,20,11.3,4
303,3,20,10.85,4
304,3,20,10.05,4
305,3,20,10.8,4
306,3,20,10.5,4
307,3,20,9.5,4
308,3,20,10.15,4
309,3,20,9.2,4
310,3,20,9.1,4
311,3,20,10.9,4
312,3,20,10.8,4
313,3,20,10.05,4
314,3,20,10.3,4
315,3,20,10.0,4
316,3,20,9.95,4
317,3,20,9.35,4
318,3,20,9.75,4
319,3,20,10.45,4
320,3,20,10.35,4
321,3,20,10.05,4
322,3,20,9.8,4
323,3,20,9.25,4
324,3,20,10.25,4
325,3,20,9.1,4
326,3,20,10.65,4
327,3,20,10.3,4
328,3,20,10.15,4
329,3,20,8.95,4
330,3,20,7.8,4
331,3,20,9.9,4
332,3,20,9.7,4
333,3,20,10.35,4
334,3,20,10.35,4
335,3,20,8.9,4
336,3,20,9.45,4
337,3,20,8.75,4
338,3,20,9.05,4
339,3,20,9.6,4
340,3,20,10.0,4
341,3,20,9.85,4
342,3,20,9.8,4
343,3,20,9.75,4
344,3,20,10.35,4
345,3,20,9.8,4
346,3,20,9.75,4
347,3,20,8.65,4
348,3,20,10.35,4
349,3,20,11.25,4
350,3,20,11.35,4
351,3,20,7.65,4
352,3,20,9.45,4
353,3,20,9.3,4
354,3,20,9.35,4
355,3,20,11.0,4
356,3,20,9.65,4
357,3,20,10.5,4
358,3,20,10.3,4
359,3,20,9.4,4
360,3,20,9.45,4
361,3,20,9.95,4
362,3,20,9.1,4
363,3,20,8.8,4
364,3,20,7.8,4
365,3,20,10.8,4
366,3,20,8.75,4
367,3,20,9.6,4
368,3,20,10.25,4
369,3,20,10.1,4
370,3,20,10.9,4
371,3,20,11.8,4
372,3,20,9.3,4
373,3,20,10.35,4
374,3,20,11.65,4
375,3,20,10.45,4
376,3,20,10.65,4
377,3,20,7.95,4
378,3,20,10.15,4
379,3,20,11.25,4
380,3,20,10.35,4
381,3,20,11.75,4
382,3,20,10.7,4
383,3,20,9.9,4
384,3,20,11.0,4
385,3,20,11.0,4
386,3,20,10.75,4
387,3,20,9.85,4
388,3,20,10.4,4
389,3,20,10.8,4
390,3,20,9.5,4
391,3,20,10.25,4
392,3,20,9.5,4
393,3,20,10.85,4
394,3,20,9.25,4
395,3,20,10.55,4
396,3,20,10.0,4
397,3,20,9.25,4
398,3,20,9.35,4
399,3,20,9.0,4
400,3,20,9.35,4
401,3,20,10.3,4
402,3,20,10.35,4
403,3,20,9.2,4
404,3,20,9.95,4
405,3,20,10.3,4
406,3,20,11.05,4
407,3,20,9.5,4
408,3,20,9.35,4
409,3,20,10.75,4
410,3,20,10.85,4
411,3,20,11.2,4
412,3,20,10.1,4
413,3,20,9.3,4
414,3,20,8.8,4
415,3,20,9.1,4
416,3,20,11.0,4
417,3,20,11.15,4
418,3,20,10.8,4
419,3,20,10.2,4
420,3,20,8.95,4
421,3,20,9.15,4
422,3,20,9.75,4
423,3,20,10.05,4
424,3,20,9.3,4
425,3,20,8.95,4
426,3,20,9.75,4
427,3,20,9.75,4
428,3,20,9.1,4
429,3,20,9.45,4
430,3,20,8.7,4
431,3,20,9.85,4
432,3,20,9.4,4
433,3,20,10.5,4
434,3,20,9.35,4
435,3,20,9.0,4
436,3,20,10.0,4
437,3,20,10.75,4
438,3,20,9.65,4
439,3,20,10.45,3
440,3,20,9.65,3
441,3,20,10.5,3
442,3,20,9.3,3
443,3,20,10.8,3
444,3,20,9.85,3
445,3,20,9.55,3
446,3,20,9.45,3
447,3,20,13.0,3
448,3,20,10.1,3
449,3,20,10.3,3
450,3,20,9.35,3
451,3,20,8.0,3
452,3,20,8.0,3
453,3,20,9.1,3
454,3,20,8.05,3
455,3,20,8.85,3
456,3,20,7.95,3
457,3,20,8.0,3
458,3,20,9.45,3
459,3,20,10.2,3
460,3,20,9.8,3
461,3,20,8.65,3
462,3,20,8.95,3
463,3,20,10.0,3
464,3,20,10.9,3
465,3,20,10.35,3
466,3,20,9.1,3
467,3,20,9.8,3
468,3,20,9.95,3
469,3,20,7.95,3
470,3,20,9.75,3
471,3,20,7.95,3
472,3,20,8.05,3
473,3,20,7.15,3
474,3,20,8.1,3
475,3,20,9.5,3
476,3,20,9.55,3
477,3,20,6.85,3
478,3,20,8.0,3
479,3,20,8.0,3
480,3,20,8.3,3
481,3,20,9.0,3
482,3,20,7.8,3
483,3,20,9.9,3
484,3,20,9.3,3
485,3,20,9.5,3
486,3,20,7.4,3
487,3,20,9.15,3
488,3,20,9.4,3
489,3,20,8.25,3
490,3,20,9.05,3
491,3,20,10.3,3
492,3,20,8.85,3
493,3,20,9.55,3
494,3,20,8.25,3
495,3,20,10.0,3
496,3,20,9.8,3
497,3,20,9.05,3
498,3,20,9.85,3
499,3,20,8.35,3
500,3,20,7.75,3
501,3,20,9.2,3
502,3,20,10.55,3
503,3,20,8.45,3
504,3,20,9.6,3
505,3,20,9.1,3
506,3,20,8.95,3
507,3,20,9.1,3
508,3,20,9.85,3
509,3,20,9.9,3
510,3,20,9.85,3
511,3,20,7.8,3
512,3,20,8.45,3
513,3,20,9.95,3
514,3,20,9.9,3
515,3,20,9.0,3
516,3,20,8.4,3
517,3,20,10.05,3
518,3,20,10.4,3
519,3,20,10.3,3
520,3,20,8.6,3
521,3,20,8.6,3
522,3,20,7.75,3
523,3,20,7.6,3
524,3,20,9.05,3
525,3,20,9.8,3
526,3,20,8.8,3
527,3,20,8.05,3
528,3,20,7.65,3
529,3,20,8.85,3
530,3,20,8.2,3
531,3,20,9.65,3
532,3,20,9.0,3
533,3,20,8.8,3
534,3,20,8.4,3
535,3,20,7.45,3
536,3,20,9.7,3
537,3,20,8.25,3
538,3,20,9.45,3
539,3,20,9.75,3
540,3,20,9.8,3
541,3,20,10.1,3
542,3,20,9.15,3
543,3,20,9.65,3
544,3,20,8.75,3
545,3,20,9.1,3
546,3,20,8.85,3
547,3,20,9.1,3
548,3,20,7.65,3
549,3,20,9.35,3
550,3,20,9.95,3
551,3,20,9.15,3
552,3,20,8.75,3
553,3,20,7.15,3
554,3,20,9.6,3
555,3,20,11.4,3
556,3,20,9.75,3
557,3,20,8.95,3
558,3,20,9.5,3
559,3,20,8.65,3
560,3,20,9.45,3
561,3,20,10.5,3
562,3,20,9.9,3
563,3,20,8.4,3
564,3,20,8.1,3
565,3,20,9.4,3
566,3,20,9.0,3
567,3,20,10.3,3
568,3,20,12.05,3
569,3,20,9.1,3
570,3,20,9.95,3
571,3,20,9.75,3
572,3,20,7.6,3
573,3,20,10.0,3
574,3,20,8.1,3
575,3,20,8.05,3
576,3,20,8.4,3
577,3,20,8.0,3
578,3,20,8.0,3
579,3,20,8.7,3
580,3,20,8.9,3
581,3,20,8.75,3
582,3,20,9.25,3
583,3,20,9.2,3
584,3,20,8.45,3
585,3,20,7.6,3
586,3,20,10.0,3
587,3,20,8.05,3
588,3,20,9.4,3
589,3,20,10.5,3
590,3,20,9.15,3
591,3,20,8.55,3
592,3,20,7.7,3
593,3,20,9.35,3
594,3,20,8.65,3
595,3,20,9.15,3
596,3,20,8.75,3
597,3,20,9.1,3
598,3,20,9.8,3
599,3,20,9.45,3
600,3,20,9.1,3
601,3,20,9.65,3
602,3,20,7.8,3
603,3,20,7.7,3
604,3,20,8.3,3
605,3,20,7.85,3
606,3,20,9.1,3
607,3,20,10.2,3
608,3,20,10.1,3
609,3,20,8.6,3
610,3,20,8.75,3
611,3,20,9.8,3
612,3,20,9.15,3
613,3,20,10.8,3
614,3,20,9.65,3
615,3,20,8.95,3
616,3,20,9.85,3
617,3,20,8.7,3
618,3,20,9.0,3
619,3,20,9.95,3
620,3,20,9.0,3
621,3,20,9.15,3
622,3,20,9.45,3
623,3,20,7.9,3
624,3,20,9.05,3
625,3,20,9.8,3
626,3,20,8.85,3
627,3,20,9.15,3
628,3,20,8.45,3
629,3,20,10.6,3
630,3,20,10.6,3
631,3,20,9.4,3
632,3,20,9.45,3
633,3,20,10.45,3
634,3,20,11.25,3
635,3,20,9.35,3
636,3,20,8.4,3
637,3,20,8.45,3
638,3,20,10.4,3
639,3,20,8.65,3
640,3,20,8.75,3
641,3,20,9.0,3
642,3,20,9.05,3
643,3,20,8.25,3
644,3,20,8.5,3
645,3,20,10.75,3
646,3,20,8.85,3
647,3,20,9.05,3
648,3,20,9.8,3
649,3,20,8.65,3
650,3,20,9.0,3
651,3,20,8.95,3
652,3,20,7.9,3
653,3,20,8.55,3
654,3,20,8.85,3
655,3,20,8.15,3
656,3,20,10.4,3
657,3,20,11.05,3
658,3,20,9.5,3
659,3,20,10.75,3
660,3,20,8.0,3
661,3,20,7.1,3
662,3,20,8.5,3
663,3,20,8.0,3
664,3,20,8.65,3
665,3,20,7.75,3
666,3,20,9.3,3
667,3,20,8.35,3
668,3,20,9.75,3
669,3,20,8.9,3
670,3,20,9.35,3
671,3,20,9.4,3
672,3,20,7.45,3
673,3,20,8.35,3
674,3,20,9.5,3
675,3,20,9.25,3
676,3,20,7.65,3
677,3,20,7.7,3
678,3,20,8.15,3
679,3,20,9.15,3
680,3,20,10.4,3
681,3,20,7.95,3
682,3,20,8.3,3
683,3,20,8.95,3
684,3,20,8.55,3
685,3,20,8.75,3
686,3,20,9.8,3
687,3,20,7.55,3
688,3,20,8.25,3
689,3,20,8.85,3
690,3,20,8.9,3
691,3,20,7.65,3
692,3,20,8.25,3
693,3,20,8.5,3
694,3,20,9.35,3
695,3,20,8.3,3
696,3,20,8.45,3
697,3,20,7.9,2
698,3,20,7.75,2
699,3,20,7.75,2
700,3,20,9.6,2
701,3,20,7.25,2
702,3,20,8.55,2
703,3,20,7.3,2
704,3,20,7.85,2
705,3,20,6.9,2
706,3,20,7.15,2
707,3,20,8.35,2
708,3,20,9.15,2
709,3,20,8.3,2
710,3,20,9.1,2
711,3,20,9.0,2
712,3,20,8.35,2
713,3,20,8.9,2
714,3,20,7.75,2
715,3,20,7.5,2
716,3,20,9.05,2
717,3,20,10.2,2
718,3,20,8.2,2
719,3,20,9.5,2
720,3,20,9.35,2
721,3,20,9.8,2
722,3,20,9.15,2
723,3,20,8.1,2
724,3,20,8.8,2
725,3,20,8.55,2
726,3,20,8.3,2
727,3,20,8.1,2
728,3,20,8.05,2
729,3,20,6.3,2
730,3,20,7.95,2
731,3,20,8.35,2
732,3,20,8.65,2
733,3,20,9.1,2
734,3,20,8.65,2
735,3,20,7.8,2
736,3,20,7.85,2
737,3,20,9.8,2
738,3,20,8.7,2
739,3,20,7.35,2
740,3,20,9.35,2
741,3,20,8.7,2
742,3,20,7.6,2
743,3,20,7.7,2
744,3,20,9.15,2
745,3,20,7.8,2
746,3,20,7.9,2
747,3,20,10.1,2
748,3,20,9.95,2
749,3,20,10.05,2
750,3,20,8.95,2
751,3,20,7.65,2
752,3,20,9.3,2
753,3,20,7.4,2
754,3,20,5.85,2
755,3,20,8.45,2
756,3,20,7.55,2
757,3,20,7.85,2
758,3,20,8.3,2
759,3,20,10.55,2
760,3,20,9.7,2
761,3,20,7.95,2
762,3,20,8.55,2
763,3,20,7.95,2
764,3,20,7.3,2
765,3,20,7.3,2
766,3,20,7.45,2
767,3,20,7.15,2
768,3,20,9.15,2
769,3,20,8.9,2
770,3,20,9.2,2
771,3,20,8.25,2
772,3,20,8.35,2
773,3,20,7.65,2
774,3,20,9.6,2
775,3,20,7.4,2
776,3,20,8.05,2
777,3,20,7.9,2
778,3,20,7.55,2
779,3,20,8.45,2
780,3,20,7.85,2
781,3,20,8.55,2
782,3,20,9.9,2
783,3,20,8.15,2
784,3,20,8.2,2
785,3,20,7.5,2
786,3,20,8.55,2
787,3,20,7.7,2
788,3,20,9.1,2
789,3,20,10.4,2
790,3,20,8.15,2
791,3,20,8.9,2
792,3,20,7.35,2
793,3,20,6.45,2
794,3,20,7.75,2
795,3,20,7.7,2
796,3,20,8.05,2
797,3,20,8.15,2
798,3,20,8.5,2
799,3,20,8.5,2
800,3,20,8.5,2
801,3,20,7.65,2
802,3,20,9.5,2
803,3,20,9.8,2
804,3,20,10.15,2
805,3,20,9.35,2
806,3,20,7.2,2
807,3,20,7.4,2
808,3,20,6.7,2
809,3,20,8.15,2
810,3,20,8.45,2
811,3,20,6.3,2
812,3,20,7.9,2
813,3,20,8.0,2
814,3,20,7.8,2
815,3,20,7.15,2
816,3,20,7.3,2
817,3,20,7.75,2
818,3,20,7.95,2
819,3,20,7.55,2
820,3,20,8.55,2
821,3,20,8.35,2
822,3,20,8.6,2
823,3,20,7.5,2
824,3,20,8.15,2
825,3,20,8.4,2
826,3,20,7.0,2
827,3,20,5.8,2
828,3,20,7.6,2
829,3,20,7.05,2
830,3,20,7.35,2
831,3,20,7.6,2
832,3,20,9.4,2
833,3,20,9.05,2
834,3,20,8.05,2
835,3,20,7.85,2
836,3,20,7.6,2
837,3,20,8.45,2
838,3,20,8.25,2
839,3,20,10.45,2
840,3,20,10.3,2
841,3,20,8.1,2
842,3,20,7.65,2
843,3,20,7.4,2
844,3,20,7.5,2
845,3,20,7.75,2
846,3,20,7.95,2
847,3,20,7.3,2
848,3,20,8.45,2
849,3,20,7.5,2
850,3,20,8.6,2
851,3,20,8.7,2
852,3,20,7.2,2
853,3,20,7.05,2
854,3,20,8.35,2
855,3,20,8.15,2
856,3,20,8.05,2
857,3,20,9.4,2
858,3,20,6.85,2
859,3,20,7.05,2
860,3,20,9.15,2
861,3,20,9.25,2
862,3,20,9.25,2
863,3,20,9.4,2
864,3,20,8.2,2
865,3,20,8.1,2
866,3,20,7.95,2
867,3,20,7.85,2
868,3,20,7.2,2
869,3,20,7.55,2
870,3,20,7.85,2
871,3,20,7.8,2
872,3,20,7.9,2
873,3,20,8.4,2
874,3,20,9.45,2
875,3,20,7.65,2
876,3,20,8.4,2
877,3,20,6.5,2
878,3,20,8.1,2
879,3,20,9.6,2
880,3,20,7.95,2
881,3,20,8.5,2
882,3,20,8.9,2
883,3,20,8.35,2
884,3,20,9.55,2
885,3,20,9.2,2
886,3,20,8.85,2
887,3,20,9.3,2
888,3,20,6.5,2
889,3,20,7.9,2
890,3,20,7.95,2
891,3,20,7.75,2
892,3,20,8.25,2
893,3,20,8.05,2
894,3,20,7.4,2
895,3,20,7.55,2
896,3,20,8.55,2
897,3,20,7.65,2
898,3,20,8.45,2
899,3,20,8.35,2
900,3,20,9.3,2
901,3,20,7.25,2
902,3,20,8.05,2
903,3,20,7.6,2
904,3,20,6.55,2
905,3,20,5.55,2
906,3,20,5.9,2
907,3,20,9.45,2
908,3,20,7.55,2
909,3,20,7.35,2
910,3,20,7.8,2
911,3,20,9.9,2
912,3,20,8.85,2
913,3,20,8.4,2
914,3,20,8.25,2
915,3,20,9.05,2
916,3,20,8.95,2
917,3,20,8.7,2
918,3,20,7.05,2
919,3,20,7.85,2
920,3,20,7.0,2
921,3,20,9.0,2
922,3,20,7.3,2
923,3,20,7.8,2
924,3,20,10.1,2
925,3,20,10.0,2
926,3,20,9.05,2
927,3,20,9.9,2
928,3,20,8.05,2
929,3,20,8.25,2
930,3,20,7.4,2
931,3,20,8.2,2
932,3,20,7.65,2
933,3,20,8.5,2
934,3,20,8.1,2
935,3,20,7.9,2
936,3,20,7.15,2
937,3,20,7.35,2
938,3,20,8.25,2
939,3,20,8.9,2
940,3,20,8.15,2
941,3,20,7.65,2
942,3,20,8.3,2
943,3,20,8.15,2
944,3,20,7.9,2
945,3,20,7.7,2
946,3,20,6.3,2
947,3,20,7.3,2
948,3,20,10.45,2
949,3,20,9.75,2
950,3,20,7.6,2
951,3,20,7.6,2
952,3,20,7.4,2
953,3,20,8.0,2
954,3,20,7.55,2
955,3,20,8.35,2
956,3,20,7.2,2
957,3,20,8.65,2
958,3,20,6.75,2
959,3,20,8.25,2
960,3,20,8.85,2
961,3,20,8.05,2
962,3,20,7.8,2
963,3,20,9.75,2
964,3,20,8.35,2
965,3,20,8.05,2
966,3,20,9.25,2
967,3,20,8.2,2
968,3,20,7.75,2
969,3,20,9.5,2
970,3,20,8.6,2
971,3,20,8.25,2
972,3,20,9.65,2
973,3,20,7.4,2
974,3,20,7.25,2
975,3,20,8.25,2
976,3,20,7.65,2
977,3,20,7.9,2
978,3,20,10.05,2
979,3,20,7.6,2
980,3,20,10.0,2
981,3,20,8.6,2
982,3,20,10.65,2
983,3,20,9.5,2
984,3,20,8.55,2
985,3,20,9.2,2
986,3,20,8.65,2
987,3,20,8.0,2
988,3,20,9.85,2
989,3,20,9.4,2
990,3,20,8.2,2
991,3,20,6.95,2
992,3,20,7.45,2
993,3,20,8.7,2
994,3,20,8.15,2
995,3,20,8.2,2
996,3,20,7.75,2
997,3,20,8.25,2
998,3,20,7.45,2
999,3,20,9.15,2
1000,3,20,7.45,2
1001,3,20,8.7,2
1002,3,20,8.85,2
1003,3,20,7.8,2
1004,3,20,9.55,2
1005,3,20,9.9,2
1006,3,20,7.9,2
1007,3,20,7.6,2
1008,3,20,8.0,2
1009,3,20,7.65,2
1010,3,20,7.65,2
1011,3,20,6.85,2
1012,3,20,7.15,2
1013,3,20,9.7,2
1014,3,20,10.2,2
1015,3,20,7.9,2
1016,3,20,8.4,2
1017,3,20,7.85,2
1018,3,20,7.95,2
1019,3,20,8.45,2
1020,3,20,6.95,2
1021,3,20,7.15,2
1022,3,20,7.65,2
1023,3,20,9.3,2
1024,3,20,7.6,2
1025,3,20,7.55,2
1026,3,20,9.15,2
1027,3,20,7.5,2
1028,3,20,6.4,2
1029,3,20,9.55,2
1030,3,20,8.0,2
1031,3,20,9.25,2
1032,3,20,8.85,2
1033,3,20,7.65,2
1034,3,20,8.65,2
1035,3,20,6.95,2
1036,3,20,8.95,2
1037,3,20,9.05,2
1038,3,20,9.0,2
1039,3,20,7.65,2
1040,3,20,8.35,2
1041,3,20,9.0,2
1042,3,20,8.5,2
1043,3,20,7.4,2
1044,3,20,7.35,2
1045,3,20,8.35,2
1046,3,20,9.05,2
1047,3,20,8.05,2
1048,3,20,8.25,2
1049,3,20,8.25,2
1050,3,20,7.45,2
1051,3,20,8.15,2
1052,3,20,7.6,2
1053,3,20,7.8,2
1054,3,20,7.9,2
1055,3,20,9.1,2
1056,3,20,9.25,2
1057,3,20,7.35,2
1058,3,20,9.15,2
1059,3,20,7.55,2
1060,3,20,7.4,2
1061,3,20,8.3,2
1062,3,20,9.4,2
1063,3,20,7.9,2
1064,3,20,6.75,2
1065,3,20,8.45,2
1066,3,20,9.45,2
1067,3,20,7.25,2
1068,3,20,7.65,2
1069,3,20,8.95,2
1070,3,20,6.65,2
1071,3,20,7.45,2
1072,3,20,6.75,2
1073,3,20,6.55,2
1074,3,20,7.65,2
1075,3,20,7.5,2
1076,3,20,9.05,2
1077,3,20,8.5,2
1078,3,20,9.65,2
1079,3,20,8.6,2
1080,3,20,8.1,2
1081,3,20,7.9,2
1082,3,20,9.0,2
1083,3,20,9.1,2
1084,3,20,8.0,2
1085,3,20,7.9,2
1086,3,20,9.1,2
1087,3,20,8.45,2
1088,3,20,7.45,2
1089,3,20,7.3,2
1090,3,20,7.9,2
1091,3,20,9.25,2
1092,3,20,7.15,2
1093,3,20,7.75,2
1094,3,20,7.35,2
1095,3,20,6.65,2
1096,3,20,5.65,2
1097,3,20,8.05,2
1098,3,20,8.35,2
1099,3,20,8.05,2
1100,3,20,7.85,2
1101,3,20,8.95,2
1102,3,20,10.7,2
1103,3,20,10.35,2
1104,3,20,10.6,2
1105,3,20,9.8,2
1106,3,20,9.05,2
1107,3,20,8.1,2
1108,3,20,9.75,2
1109,3,20,10.0,2
1110,3,20,7.7,2
1111,3,20,8.65,2
1112,3,20,9.5,2
1113,3,20,10.15,2
1114,3,20,8.0,2
1115,3,20,5.9,2
1116,3,20,8.4,2
1117,3,20,8.05,2
1118,3,20,8.7,2
1119,3,20,9.15,2
1120,3,20,9.15,2
1121,3,20,8.05,2
1122,3,20,7.95,2
1123,3,20,8.4,2
1124,3,20,6.95,2
1125,3,20,6.75,2
1126,3,20,6.95,2
1127,3,20,6.5,2
1128,3,20,8.0,2
1129,3,20,7.05,2
1130,3,20,7.55,2
1131,3,20,7.45,2
1132,3,20,8.4,2
1133,3,20,8.95,2
1134,3,20,8.5,2
1135,3,20,8.95,2
1136,3,20,8.7,2
1137,3,20,8.05,2
1138,3,20,7.95,2
1139,3,20,9.4,2
1140,3,20,8.3,2
1141,3,20,9.7,2
1142,3,20,8.9,2
1143,3,20,8.95,2
1144,3,20,11.05,2
1145,3,20,8.35,2
1146,3,20,7.6,2
1147,3,20,8.7,2
1148,3,20,8.3,2
1149,3,20,8.1,2
1150,3,20,8.75,2
1151,3,20,7.15,2
1152,3,20,6.85,2
1153,3,20,7.15,2
1154,3,20,7.65,2
1155,3,20,8.05,2
1156,3,20,9.0,2
1157,3,20,8.1,2
1158,3,20,9.1,2
1159,3,20,8.15,2
1160,3,20,8.4,2
1161,3,20,8.1,2
1162,3,20,8.9,2
1163,3,20,7.65,2
1164,3,20,8.35,2
1165,3,20,7.6,2
1166,3,20,7.9,2
1167,3,20,8.3,2
1168,3,20,8.35,2
1169,3,20,8.75,2
1170,3,20,8.15,2
1171,3,20,9.35,2
1172,3,20,9.6,2
1173,3,20,9.45,2
1174,3,20,10.05,2
1175,3,20,8.2,2
1176,3,20,8.1,2
1177,3,20,8.35,2
1178,3,20,7.5,2
1179,3,20,8.05,2
1180,3,20,7.75,2
1181,3,20,10.0,2
1182,3,20,9.3,2
1183,3,20,9.0,2
1184,3,20,8.9,2
1185,3,20,8.35,2
1186,3,20,8.45,2
1187,3,20,8.35,2
1188,3,20,9.2,2
1189,3,20,7.15,2
1190,3,20,8.05,2
1191,3,20,7.2,2
1192,3,20,7.05,2
1193,3,20,8.95,2
1194,3,20,9.25,2
1195,3,20,7.45,2
1196,3,20,8.8,2
1197,3,20,9.8,2
1198,3,20,8.55,2
1199,3,20,8.6,2
1200,3,20,7.25,2
1201,3,20,8.4,2
1202,3,20,9.25,2
1203,3,20,8.25,2
1204,3,20,8.55,2
1205,3,20,7.55,2
1206,3,20,7.85,2
1207,3,20,9.05,2
1208,3,20,8.95,2
1209,3,20,8.4,2
1210,3,20,8.65,2
1211,3,20,6.95,2
1212,3,20,7.65,2
1213,3,20,7.7,2
1214,3,20,7.1,2
1215,3,20,7.15,2
1216,3,20,8.1,2
1217,3,20,8.9,2
1218,3,20,7.45,2
1219,3,20,8.75,2
1220,3,20,8.7,2
1221,3,20,9.25,2
1222,3,20,8.8,2
1223,3,20,9.55,2
1224,3,20,8.9,2
1225,3,20,8.65,2
1226,3,20,8.75,2
1227,3,20,9.5,2
1228,3,20,9.75,2
1229,3,20,10.35,2
1230,3,20,9.55,2
1231,3,20,6.9,2
1232,3,20,8.4,2
1233,3,20,8.5,2
1234,3,20,7.95,2
1235,3,20,8.55,2
1236,3,20,8.85,2
1237,3,20,8.95,2
1238,3,20,9.35,2
1239,3,20,8.2,2
1240,3,20,7.25,2
1241,3,20,8.55,2
1242,3,20,8.35,2
1243,3,20,8.6,2
1244,3,20,8.95,2
1245,3,20,6.9,2
1246,3,20,9.05,2
1247,3,20,8.55,2
1248,3,20,9.15,2
1249,3,20,10.2,2
1250,3,20,9.05,2
1251,3,20,8.65,2
1252,3,20,7.85,2
1253,3,20,8.1,2
1254,3,20,7.7,2
1255,3,20,7.4,2
1256,3,20,6.55,2
1257,3,20,6.85,2
1258,3,20,9.15,2
1259,3,20,6.7,2
1260,3,20,7.0,2
1261,3,20,7.8,2
1262,3,20,8.55,2
1263,3,20,8.0,2
1264,3,20,7.95,2
1265,3,20,8.8,2
1266,3,20,8.05,2
1267,3,20,9.65,2
1268,3,20,9.05,2
1269,3,20,9.7,2
1270,3,20,10.1,2
1271,3,20,9.2,2
1272,3,20,8.5,2
1273,3,20,10.2,2
1274,3,20,10.05,2
1275,3,20,9.35,2
1276,3,20,8.15,2
1277,3,20,8.45,2
1278,3,20,7.0,2
1279,3,20,6.85,2
1280,3,20,7.5,2
1281,3,20,8.7,2
1282,3,20,8.05,2
1283,3,20,7.85,2
1284,3,20,7.4,2
1285,3,20,8.95,2
1286,3,20,10.05,2
1287,3,20,8.8,2
1288,3,20,10.8,2
1289,3,20,8.5,2
1290,3,20,7.95,2
1291,3,20,8.25,2
1292,3,20,7.4,2
1293,3,20,9.3,2
1294,3,20,8.2,2
1295,3,20,10.2,2
1296,3,20,8.9,2
1297,3,20,9.0,2
1298,3,20,6.6,2
1299,3,20,8.4,2
1300,3,20,7.65,2
1301,3,20,6.55,2
1302,3,20,7.85,2
1303,3,20,8.1,2
1304,3,20,7.6,2
1305,3,20,9.1,2
1306,3,20,7.7,2
1307,3,20,8.45,2
1308,3,20,8.05,2
1309,3,20,10.25,2
1310,3,20,8.55,2
1311,3,20,7.1,2
1312,3,20,8.95,2
1313,3,20,7.7,2
1314,3,20,7.5,2
1315,3,20,7.85,2
1316,3,20,7.45,2
1317,3,20,7.35,2
1318,3,20,8.25,2
1319,3,20,7.3,2
1320,3,20,7.05,2
1321,3,20,9.1,2
1322,3,20,8.65,2
1323,3,20,8.55,2
1324,3,20,8.2,2
1325,3,20,8.95,2
1326,3,20,8.9,2
1327,3,20,9.15,2
1328,3,20,8.2,2
1329,3,20,8.55,2
1330,3,20,8.7,2
1331,3,20,7.95,2
1332,3,20,6.5,2
1333,3,20,7.6,2
1334,3,20,8.15,2
1335,3,20,8.7,2
1336,3,20,7.45,2
1337,3,20,7.8,2
1338,3,20,8.65,2
1339,3,20,8.75,2
1340,3,20,9.9,2
1341,3,20,9.05,2
1342,3,20,9.1,2
1343,3,20,7.1,2
1344,3,20,6.45,2
1345,3,20,8.05,2
1346,3,20,8.35,2
1347,3,20,8.5,2
1348,3,20,7.3,2
1349,3,20,7.25,2
1350,3,20,6.9,2
1351,3,20,8.65,2
1352,3,20,7.55,2
1353,3,20,8.45,2
1354,3,20,7.95,2
1355,3,20,9.1,2
1356,3,20,10.0,2
1357,3,20,8.1,2
1358,3,20,10.3,2
1359,3,20,8.5,2
1360,3,20,9.9,2
1361,3,20,10.15,2
1362,3,20,9.5,2
1363,3,20,9.0,2
1364,3,20,8.2,2
1365,3,20,8.6,2
1366,3,20,9.65,2
1367,3,20,7.95,2
1368,3,20,8.8,2
1369,3,20,8.75,2
1370,3,20,8.25,2
1371,3,20,8.8,2
1372,3,20,8.45,2
1373,3,20,8.65,2
1374,3,20,7.9,2
1375,3,20,9.9,2
1376,3,20,7.45,2
1377,3,20,6.6,2
1378,3,20,9.1,2
1379,3,20,7.0,2
1380,3,20,7.8,2
1381,3,20,8.45,2
1382,3,20,6.35,2
1383,3,20,7.1,2
1384,3,20,8.3,2
1385,3,20,8.85,2
1386,3,20,8.75,2
1387,3,20,9.05,2
1388,3,20,6.8,2
1389,3,20,7.4,2
1390,3,20,9.1,2
1391,3,20,9.0,2
1392,3,20,7.5,2
1393,3,20,7.65,2
1394,3,20,7.1,2
1395,3,20,9.75,2
1396,3,20,9.1,2
1397,3,20,7.2,2
1398,3,20,9.4,2
1399,3,20,8.6,2
1400,3,20,9.6,2
1401,3,20,9.65,2
1402,3,20,9.0,2
1403,3,20,10.35,2
1404,3,20,8.75,2
1405,3,20,10.1,2
1406,3,20,11.0,2
1407,3,20,9.75,2
1408,3,20,8.6,2
1409,3,20,7.8,2
1410,3,20,7.8,2
1411,3,20,9.05,2
1412,3,20,9.6,2
1413,3,20,7.35,2
1414,3,20,8.8,2
1415,3,20,9.1,2
1416,3,20,8.25,2
1417,3,20,7.95,2
1418,3,20,6.75,2
1419,3,20,6.55,2
1420,3,20,8.1,2
1421,3,20,7.15,2
1422,3,20,7.4,2
1423,3,20,9.2,2
1424,3,20,8.85,2
1425,3,20,8.55,2
1426,3,20,7.25,2
1427,3,20,7.6,2
1428,3,20,6.8,2
1429,3,20,6.2,2
1430,3,20,7.4,2
1431,3,20,5.9,2
1432,3,20,7.4,2
1433,3,20,7.35,2
1434,3,20,7.65,2
1435,3,20,8.05,2
1436,3,20,9.65,2
1437,3,20,8.35,2
1438,3,20,7.9,2
1439,3,20,7.35,2
1440,3,20,7.0,2
1441,3,20,7.25,2
1442,3,20,8.05,2
1443,3,20,8.15,2
1444,3,20,8.75,2
1445,3,20,9.05,2
1446,3,20,8.75,2
1447,3,20,7.9,2
1448,3,20,8.0,2
1449,3,20,7.05,2
1450,3,20,8.2,2
1451,3,20,7.95,2
1452,3,20,7.35,2
1453,3,20,9.6,2
1454,3,20,10.2,2
1455,3,20,8.3,2
1456,3,20,7.6,2
1457,3,20,8.55,2
1458,3,20,8.1,2
1459,3,20,8.5,2
1460,3,20,9.5,2
1461,3,20,9.55,2
1462,3,20,8.45,2
1463,3,20,8.4,2
1464,3,20,8.8,2
1465,3,20,8.4,2
1466,3,20,8.15,2
1467,3,20,8.5,2
1468,3,20,7.65,2
1469,3,20,8.65,2
1470,3,20,8.0,2
1471,3,20,8.3,2
1472,3,20,9.5,2
1473,3,20,8.7,2
1474,3,20,9.15,2
1475,3,20,8.55,2
1476,3,20,7.8,2
1477,3,20,8.6,2
1478,3,20,9.15,2
1479,3,20,7.5,2
1480,3,20,9.35,2
1481,3,20,8.9,2
1482,3,20,6.85,2
1483,3,20,7.5,2
1484,3,20,8.3,2
1485,3,20,7.25,2
1486,3,20,8.55,2
1487,3,20,9.25,2
1488,3,20,8.45,2
1489,3,20,7.9,2
1490,3,20,8.5,2
1491,3,20,7.95,2
1492,3,20,8.45,2
1493,3,20,7.65,2
1494,3,20,7.35,2
1495,3,20,8.45,2
1496,3,20,8.2,2
1497,3,20,6.4,2
1498,3,20,6.6,2
1499,3,20,8.6,2
1500,3,20,8.05,2
1501,3,20,8.0,2
1502,3,20,8.75,2
1503,3,20,8.1,2
1504,3,20,7.35,2
1505,3,20,6.6,2
1506,3,20,8.0,2
1507,3,20,6.75,2
1508,3,20,7.75,2
1509,3,20,8.3,2
1510,3,20,8.75,2
1511,3,20,8.15,2
1512,3,20,8.65,2
1513,3,20,7.7,2
1514,3,20,10.5,2
1515,3,20,8.7,2
1516,3,20,8.4,2
1517,3,20,8.1,2
1518,3,20,6.1,2
1519,3,20,7.65,2
1520,3,20,8.9,2
1521,3,20,8.9,2
1522,3,20,7.1,2
1523,3,20,8.1,2
1524,3,20,7.5,2
1525,3,20,7.75,2
1526,3,20,9.4,2
1527,3,20,7.95,2
1528,3,20,7.9,2
1529,3,20,7.45,2
1530,3,20,7.5,2
1531,3,20,6.6,2
1532,3,20,7.45,2
1533,3,20,7.9,2
1534,3,20,7.35,2
1535,3,20,7.65,2
1536,3,20,8.0,2
1537,3,20,7.35,2
1538,3,20,7.5,2
1539,3,20,6.75,2
1540,3,20,8.6,2
1541,3,20,7.45,2
1542,3,20,8.75,2
1543,3,20,9.55,2
1544,3,20,8.45,2
1545,3,20,8.0,2
1546,3,20,6.75,2
1547,3,20,8.45,2
1548,3,20,8.2,2
1549,3,20,6.75,2
1550,3,20,8.05,2
1551,3,20,9.25,2
1552,3,20,7.0,2
1553,3,20,7.25,2
1554,3,20,8.75,2
1555,3,20,10.45,2
1556,3,20,7.15,2
1557,3,20,8.15,2
1558,3,20,10.4,2
1559,3,20,8.3,2
1560,3,20,8.5,2
1561,3,20,8.3,2
1562,3,20,7.35,2
1563,3,20,7.2,2
1564,3,20,8.5,2
1565,3,20,6.8,2
1566,3,20,6.85,2
1567,3,20,8.2,2
1568,3,20,7.1,2
1569,3,20,8.35,2
1570,3,20,7.85,2
1571,3,20,7.05,2
1572,3,20,7.1,2
1573,3,20,6.95,2
1574,3,20,7.85,2
1575,3,20,9.05,2
1576,3,20,7.15,2
1577,3,20,8.3,2
1578,3,20,7.9,2
1579,3,20,6.5,2
1580,3,20,7.7,2
1581,3,20,8.55,2
1582,3,20,8.7,2
1583,3,20,8.75,2
1584,3,20,7.35,2
1585,3,20,7.6,2
1586,3,20,7.5,2
1587,3,20,7.15,2
1588,3,20,8.2,2
1589,3,20,8.45,2
1590,3,20,9.35,2
1591,3,20,8.9,2
1592,3,20,7.8,2
1593,3,20,8.85,2
1594,3,20,8.3,2
1595,3,20,8.7,2
1596,3,20,8.15,2
1597,3,20,7.05,2
1598,3,20,6.8,2
1599,3,20,9.05,2
1600,3,20,8.85,2
1601,3,20,9.35,2
1602,3,20,7.9,2
1603,3,20,8.4,2
1604,3,20,8.75,2
1605,3,20,8.2,2
1606,3,20,8.1,2
1607,3,20,9.2,2
1608,3,20,8.55,2
1609,3,20,9.7,2
1610,3,20,9.1,2
1611,3,20,9.45,2
1612,3,20,8.4,2
1613,3,20,7.6,2
1614,3,20,8.35,2
1615,3,20,6.95,2
1616,3,20,7.75,2
1617,3,20,8.1,2
1618,3,20,8.55,2
1619,3,20,9.65,2
1620,3,20,9.25,2
1621,3,20,8.05,2
1622,3,20,8.7,2
1623,3,20,8.2,2
1624,3,20,8.9,2
1625,3,20,9.15,2
1626,3,20,8.75,2
1627,3,20,6.65,2
1628,3,20,9.75,2
1629,3,20,9.4,2
1630,3,20,8.9,2
1631,3,20,7.75,2
1632,3,20,8.25,2
1633,3,20,9.05,2
1634,3,20,10.35,2
1635,3,20,8.7,2
1636,3,20,8.8,2
1637,3,20,9.1,2
1638,3,20,9.2,2
1639,3,20,9.2,2
1640,3,20,8.1,2
1641,3,20,7.25,2
1642,3,20,8.15,2
1643,3,20,7.55,2
1644,3,20,7.85,2
1645,3,20,8.05,2
1646,3,20,9.2,2
1647,3,20,6.7,2
1648,3,20,7.15,2
1649,3,20,9.0,2
1650,3,20,9.6,2
1651,3,20,10.1,2
1652,3,20,9.2,2
1653,3,20,9.7,2
1654,3,20,8.1,2
1655,3,20,8.8,2
1656,3,20,9.4,2
1657,3,20,9.3,2
1658,3,20,8.35,2
1659,3,20,8.05,2
1660,3,20,8.1,2
1661,3,20,8.4,2
1662,3,20,7.45,2
1663,3,20,8.8,2
1664,3,20,9.1,2
1665,3,20,7.9,2
1666,3,20,8.9,2
1667,3,20,8.4,2
1668,3,20,8.75,2
1669,3,20,8.85,2
1670,3,20,7.3,2
1671,3,20,7.95,2
1672,3,20,7.35,2
1673,3,20,7.45,2
1674,3,20,7.95,2
1675,3,20,7.8,2
1676,3,20,8.65,2
1677,3,20,7.75,2
1678,3,20,7.0,2
1679,3,20,7.3,2
1680,3,20,7.0,2
1681,3,20,7.9,2
1682,3,20,6.65,2
1683,3,20,7.7,2
1684,3,20,8.85,2
1685,3,20,8.6,2
1686,3,20,8.3,2
1687,3,20,7.25,2
1688,3,20,7.6,2
1689,3,20,10.3,2
1690,3,20,7.6,2
1691,3,20,7.1,2
1692,3,20,8.35,2
1693,3,20,10.55,2
1694,3,20,10.05,2
1695,3,20,7.65,2
1696,3,20,9.3,2
1697,3,20,9.1,2
1698,3,20,7.55,2
1699,3,20,6.65,2
1700,3,20,8.65,2
1701,3,20,8.7,2
1702,3,20,6.9,2
1703,3,20,10.5,2
1704,3,20,8.55,2
1705,3,20,7.9,2
1706,3,20,7.2,2
1707,3,20,9.1,2
1708,3,20,5.4,2
1709,3,20,7.15,2
1710,3,20,8.35,2
1711,3,20,7.05,2
1712,3,20,7.8,2
1713,3,20,8.2,2
1714,3,20,8.8,2
1715,3,20,9.05,2
1716,3,20,10.35,2
1717,3,20,9.35,2
1718,3,20,8.65,2
1719,3,20,7.6,2
1720,3,20,7.45,2
1721,3,20,8.3,2
1722,3,20,8.2,2
1723,3,20,8.3,2
1724,3,20,7.1,2
1725,3,20,8.05,2
1726,3,20,9.55,2
1727,3,20,7.2,2
1728,3,20,7.8,2
1729,3,20,7.0,2
1730,3,20,7.2,2
1731,3,20,6.45,2
1732,3,20,7.15,2
1733,3,20,7.4,2
1734,3,20,8.05,2
1735,3,20,8.35,2
1736,3,20,8.35,2
1737,3,20,8.3,2
1738,3,20,8.1,2
1739,3,20,7.05,2
1740,3,20,8.7,2
1741,3,20,8.8,2
1742,3,20,8.75,2
1743,3,20,7.8,2
1744,3,20,8.1,2
1745,3,20,8.85,2
1746,3,20,7.65,2
1747,3,20,7.2,2
1748,3,20,7.1,2
1749,3,20,9.9,2
1750,3,20,8.65,2
1751,3,20,8.4,2
1752,3,20,9.8,2
1753,3,20,8.35,2
1754,3,20,9.0,2
1755,3,20,7.0,2
1756,3,20,7.4,2
1757,3,20,9.2,2
1758,3,20,7.9,2
1759,3,20,7.95,2
1760,3,20,8.05,2
1761,3,20,7.1,2
1762,3,20,8.75,2
1763,3,20,6.85,2
1764,3,20,8.8,2
1765,3,20,7.5,2
1766,3,20,7.6,2
1767,3,20,8.15,2
1768,3,20,8.35,2
1769,3,20,7.55,2
1770,3,20,7.45,2
1771,3,20,8.25,2
1772,3,20,9.15,2
1773,3,20,8.0,2
1774,3,20,8.3,2
1775,3,20,8.25,2
1776,3,20,6.0,2
1777,3,20,8.5,2
1778,3,20,8.75,2
1779,3,20,9.2,2
1780,3,20,8.8,2
1781,3,20,9.0,2
1782,3,20,8.4,2
1783,3,20,8.65,2
1784,3,20,7.3,2
1785,3,20,6.75,2
1786,3,20,7.55,2
1787,3,20,8.7,2
1788,3,20,8.35,2
1789,3,20,8.85,2
1790,3,20,6.55,2
1791,3,20,8.5,2
1792,3,20,7.3,2
1793,3,20,9.85,2
1794,3,20,9.35,2
1795,3,20,7.7,2
1796,3,20,8.75,2
1797,3,20,8.9,2
1798,3,20,7.65,2
1799,3,20,8.55,2
1800,3,20,9.35,2
1801,3,20,9.95,2
1802,3,20,9.85,2
1803,3,20,8.4,2
1804,3,20,8.6,2
1805,3,20,8.25,2
1806,3,20,8.0,2
1807,3,20,7.55,2
1808,3,20,7.25,2
1809,3,20,8.3,2
1810,3,20,8.4,2
1811,3,20,8.3,2
1812,3,20,9.25,2
1813,3,20,7.7,2
1814,3,20,8.7,2
1815,3,20,9.45,2
1816,3,20,8.45,2
1817,3,20,7.4,2
1818,3,20,8.5,2
1819,3,20,8.9,2
1820,3,20,8.75,2
1821,3,20,8.1,2
1822,3,20,6.8,2
1823,3,20,7.4,2
1824,3,20,8.7,2
1825,3,20,8.8,2
1826,3,20,8.7,2
1827,3,20,8.85,2
1828,3,20,8.35,2
1829,3,20,7.55,2
1830,3,20,7.2,2
1831,3,20,8.15,2
1832,3,20,6.9,2
1833,3,20,8.0,2
1834,3,20,6.6,2
1835,3,20,8.9,2
1836,3,20,8.45,2
1837,3,20,8.4,2
1838,3,20,10.75,2
1839,3,20,9.9,2
1840,3,20,9.15,2
1841,3,20,9.75,2
1842,3,20,7.9,2
1843,3,20,8.45,2
1844,3,20,8.0,2
1845,3,20,9.45,2
1846,3,20,10.0,2
1847,3,20,8.25,2
1848,3,20,9.3,2
1849,3,20,8.45,2
1850,3,20,7.95,2
1851,3,20,9.05,2
1852,3,20,7.85,2
1853,3,20,8.5,2
1854,3,20,9.15,2
1855,3,20,8.75,2
1856,3,20,7.9,2
1857,3,20,6.6,2
1858,3,20,7.0,2
1859,3,20,6.6,2
1860,3,20,5.65,2
1861,3,20,7.3,2
1862,3,20,7.3,2
1863,3,20,7.6,2
1864,3,20,8.35,2
1865,3,20,8.85,2
1866,3,20,8.1,2
1867,3,20,7.5,2
1868,3,20,7.9,2
1869,3,20,7.7,2
1870,3,20,8.55,2
1871,3,20,6.95,2
1872,3,20,7.35,2
1873,3,20,7.7,2
1874,3,20,8.35,2
1875,3,20,7.75,2
1876,3,20,7.3,2
1877,3,20,7.7,2
1878,3,20,7.45,2
1879,3,20,7.55,2
1880,3,20,7.6,2
1881,3,20,8.8,2
1882,3,20,8.4,2
1883,3,20,8.85,2
1884,3,20,6.35,2
1885,3,20,9.25,2
1886,3,20,9.65,2
1887,3,20,9.75,2
1888,3,20,8.0,2
1889,3,20,8.15,2
1890,3,20,7.05,2
1891,3,20,8.05,2
1892,3,20,8.45,2
1893,3,20,9.45,2
1894,3,20,8.1,2
1895,3,20,8.4,2
1896,3,20,7.7,2
1897,3,20,8.25,2
1898,3,20,8.55,2
1899,3,20,8.55,2
1900,3,20,8.55,2
1901,3,20,8.95,2
1902,3,20,8.25,2
1903,3,20,7.05,2
1904,3,20,8.05,2
1905,3,20,8.15,2
1906,3,20,8.9,2
1907,3,20,7.95,2
1908,3,20,7.9,2
1909,3,20,7.8,2
1910,3,20,8.3,2
1911,3,20,8.75,2
1912,3,20,9.5,2
1913,3,20,9.85,2
1914,3,20,8.3,2
1915,3,20,7.8,2
1916,3,20,9.8,2
1917,3,20,9.55,2
1918,3,20,9.1,2
1919,3,20,6.7,2
1920,3,20,8.75,2
1921,3,20,7.6,2
1922,3,20,8.2,2
1923,3,20,8.4,2
1924,3,20,8.15,2
1925,3,20,7.3,2
1926,3,20,8.0,2
1927,3,20,6.8,2
1928,3,20,7.25,2
1929,3,20,8.3,2
1930,3,20,8.45,2
1931,3,20,9.05,2
1932,3,20,8.8,2
1933,3,20,8.5,2
1934,3,20,7.85,2
1935,3,20,8.6,2
1936,3,20,8.8,2
1937,3,20,8.15,2
1938,3,20,9.45,2
1939,3,20,7.6,2
1940,3,20,7.7,2
1941,3,20,7.2,2
1942,3,20,7.35,2
1943,3,20,7.05,2
1944,3,20,8.95,2
1945,3,20,9.2,2
1946,3,20,9.15,2
1947,3,20,8.35,2
1948,3,20,7.7,2
1949,3,20,8.7,2
1950,3,20,8.8,2
1951,3,20,9.75,2
1952,3,20,9.45,2
1953,3,20,8.4,2
1954,3,20,9.2,2
1955,3,20,8.45,2
1956,3,20,8.75,2
1957,3,20,7.75,2
1958,3,20,8.15,2
1959,3,20,9.15,2
1960,3,20,8.9,2
1961,3,20,7.45,2
1962,3,20,8.45,2
1963,3,20,8.95,2
1964,3,20,8.7,2
1965,3,20,8.3,2
1966,3,20,8.8,2
1967,3,20,7.8,2
1968,3,20,7.95,2
1969,3,20,7.75,2
1970,3,20,7.4,2
1971,3,20,8.8,2
1972,3,20,8.1,2
1973,3,20,6.95,2
1974,3,20,7.85,2
1975,3,20,8.4,2
1976,3,20,9.45,2
1977,3,20,9.4,2
1978,3,20,9.9,2
1979,3,20,8.0,2
1980,3,20,8.1,2
1981,3,20,8.2,2
1982,3,20,8.9,2
1983,3,20,8.55,2
1984,3,20,8.45,2
1985,3,20,8.15,2
1986,3,20,7.55,2
1987,3,20,9.35,2
1988,3,20,7.2,2
1989,3,20,7.25,2
1990,3,20,7.75,2
1991,3,20,7.3,2
1992,3,20,6.95,2
1993,3,20,6.25,2
1994,3,20,7.6,2
1995,3,20,10.25,2
1996,3,20,10.15,2
1997,3,20,8.6,2
1998,3,20,7.7,2
1999,3,20,6.3,2
2000,3,20,8.95,2
0,4,20,57.55,40
1,4,20,46.55,38
2,4,20,38.55,33
3,4,20,36.45,31
4,4,20,35.1,30
5,4,20,34.25,30
6,4,20,31.9,28
7,4,20,32.95,28
8,4,20,30.75,27
9,4,20,31.65,27
10,4,20,30.5,26
11,4,20,30.25,23
12,4,20,25.55,22
13,4,20,25.25,22
14,4,20,24.85,21
15,4,20,25.45,21
16,4,20,25.4,21
17,4,20,25.6,20
18,4,20,24.0,20
19,4,20,25.9,20
20,4,20,24.05,20
21,4,20,23.2,18
22,4,20,22.9,18
23,4,20,22.6,18
24,4,20,21.45,18
25,4,20,21.1,18
26,4,20,21.2,18
27,4,20,23.2,18
28,4,20,23.2,18
29,4,20,24.65,18
30,4,20,23.95,18
31,4,20,21.35,17
32,4,20,21.6,17
33,4,20,21.8,17
34,4,20,21.75,17
35,4,20,20.4,17
36,4,20,21.1,16
37,4,20,19.95,16
38,4,20,19.5,16
39,4,20,19.6,15
40,4,20,19.6,15
41,4,20,19.6,14
42,4,20,19.65,14
43,4,20,18.65,14
44,4,20,18.5,14
45,4,20,18.55,14
46,4,20,18.55,14
47,4,20,18.55,14
48,4,20,18.65,14
49,4,20,18.45,14
50,4,20,18.25,14
51,4,20,18.2,14
52,4,20,19.25,14
53,4,20,18.35,14
54,4,20,18.9,14
55,4,20,17.65,14
56,4,20,18.95,14
57,4,20,19.0,14
58,4,20,19.35,14
59,4,20,18.9,14
60,4,20,18.75,14
61,4,20,18.3,14
62,4,20,18.1,14
63,4,20,19.15,14
64,4,20,18.65,14
65,4,20,18.4,14
66,4,20,17.45,13
67,4,20,18.0,13
68,4,20,18.1,13
69,4,20,17.6,13
70,4,20,17.2,13
71,4,20,18.6,13
72,4,20,16.5,13
73,4,20,16.65,13
74,4,20,18.15,12
75,4,20,17.3,12
76,4,20,16.5,12
77,4,20,17.45,12
78,4,20,17.2,12
79,4,20,16.8,12
80,4,20,18.75,12
81,4,20,17.45,12
82,4,20,17.75,12
83,4,20,18.05,12
84,4,20,18.25,12
85,4,20,18.7,12
86,4,20,16.9,12
87,4,20,14.95,12
88,4,20,17.15,12
89,4,20,16.75,12
90,4,20,17.25,12
91,4,20,16.95,12
92,4,20,17.15,12
93,4,20,17.85,12
94,4,20,17.85,12
95,4,20,18.15,12
96,4,20,16.4,11
97,4,20,16.65,11
98,4,20,14.65,11
99,4,20,15.7,11
100,4,20,17.65,11
101,4,20,16.85,11
102,4,20,16.35,11
103,4,20,15.6,11
104,4,20,16.2,11
105,4,20,15.85,11
106,4,20,16.15,11
107,4,20,15.6,11
108,4,20,17.5,11
109,4,20,16.8,11
110,4,20,16.6,11
111,4,20,14.7,11
112,4,20,15.45,11
113,4,20,15.05,11
114,4,20,16.75,11
115,4,20,17.05,11
116,4,20,17.75,11
117,4,20,16.25,11
118,4,20,16.45,11
119,4,20,17.2,11
120,4,20,16.05,11
121,4,20,16.05,11
122,4,20,15.45,11
123,4,20,14.4,11
124,4,20,16.5,11
125,4,20,16.85,11
126,4,20,16.8,11
127,4,20,15.7,11
128,4,20,14.95,11
129,4,20,16.8,11
130,4,20,17.55,11
131,4,20,15.75,11
132,4,20,14.85,11
133,4,20,15.95,11
134,4,20,15.3,11
135,4,20,15.65,11
136,4,20,15.7,11
137,4,20,16.7,11
138,4,20,16.85,11
139,4,20,16.4,11
140,4,20,15.95,11
141,4,20,15.25,11
142,4,20,16.0,11
143,4,20,16.45,10
144,4,20,15.75,10
145,4,20,15.25,10
146,4,20,15.05,10
147,4,20,14.3,10
148,4,20,15.05,9
149,4,20,15.35,9
150,4,20,14.1,9
151,4,20,14.05,9
152,4,20,14.5,9
153,4,20,13.8,9
154,4,20,14.6,9
155,4,20,13.65,9
156,4,20,15.45,9
157,4,20,15.45,9
158,4,20,13.85,9
159,4,20,13.55,9
160,4,20,13.45,9
161,4,20,13.75,9
162,4,20,15.05,9
163,4,20,15.45,9
164,4,20,15.65,9
165,4,20,16.15,9
166,4,20,16.15,9
167,4,20,14.6,9
168,4,20,13.8,9
169,4,20,14.85,9
170,4,20,14.3,9
171,4,20,14.45,9
172,4,20,15.55,9
173,4,20,15.45,9
174,4,20,14.45,9
175,4,20,13.8,9
176,4,20,14.2,9
177,4,20,13.5,9
178,4,20,14.4,9
179,4,20,14.45,9
180,4,20,15.75,9
181,4,20,14.85,9
182,4,20,14.85,9
183,4,20,13.8,8
184,4,20,12.6,8
185,4,20,13.35,8
186,4,20,13.4,8
187,4,20,12.6,8
188,4,20,13.1,8
189,4,20,12.35,8
190,4,20,12.4,8
191,4,20,12.5,8
192,4,20,12.25,8
193,4,20,13.05,8
194,4,20,13.4,8
195,4,20,13.65,8
196,4,20,13.15,8
197,4,20,15.0,8
198,4,20,13.55,8
199,4,20,15.5,8
200,4,20,13.05,8
201,4,20,15.4,8
202,4,20,14.3,8
203,4,20,14.95,8
204,4,20,13.85,8
205,4,20,12.6,8
206,4,20,13.05,8
207,4,20,14.25,8
208,4,20,14.45,8
209,4,20,13.05,8
210,4,20,13.8,8
211,4,20,14.85,8
212,4,20,14.1,8
213,4,20,13.3,8
214,4,20,13.5,8
215,4,20,14.15,8
216,4,20,13.3,8
217,4,20,12.95,8
218,4,20,13.65,8
219,4,20,14.4,8
220,4,20,14.3,8
221,4,20,13.3,8
222,4,20,13.9,8
223,4,20,14.2,8
224,4,20,13.65,8
225,4,20,13.25,8
226,4,20,14.2,8
227,4,20,14.95,8
228,4,20,13.85,8
229,4,20,13.15,8
230,4,20,12.65,8
231,4,20,11.65,8
232,4,20,12.25,8
233,4,20,13.35,8
234,4,20,14.1,8
235,4,20,12.95,8
236,4,20,14.25,8
237,4,20,15.95,8
238,4,20,13.3,8
239,4,20,13.55,8
240,4,20,13.75,8
241,4,20,13.2,8
242,4,20,14.15,8
243,4,20,14.45,8
244,4,20,15.4,8
245,4,20,12.25,8
246,4,20,13.55,8
247,4,20,15.25,8
248,4,20,12.8,8
249,4,20,12.95,8
250,4,20,12.25,8
251,4,20,12.15,8
252,4,20,12.05,8
253,4,20,12.2,8
254,4,20,12.45,8
255,4,20,12.6,8
256,4,20,12.25,8
257,4,20,14.05,8
258,4,20,13.1,8
259,4,20,14.75,7
260,4,20,11.95,7
261,4,20,11.35,7
262,4,20,11.5,7
263,4,20,11.95,7
264,4,20,11.75,7
265,4,20,12.75,7
266,4,20,14.15,7
267,4,20,14.05,7
268,4,20,12.2,7
269,4,20,12.5,7
270,4,20,13.1,7
271,4,20,11.25,7
272,4,20,12.6,7
273,4,20,12.35,7
274,4,20,11.9,7
275,4,20,12.25,7
276,4,20,14.0,7
277,4,20,14.75,7
278,4,20,11.35,7
279,4,20,12.75,7
280,4,20,13.1,7
281,4,20,12.45,7
282,4,20,12.1,7
283,4,20,11.9,7
284,4,20,11.25,7
285,4,20,13.5,7
286,4,20,14.25,7
287,4,20,12.7,7
288,4,20,13.5,7
289,4,20,12.4,7
290,4,20,12.45,7
291,4,20,12.15,7
292,4,20,13.35,7
293,4,20,11.9,7
294,4,20,12.95,7
295,4,20,13.25,7
296,4,20,12.4,7
297,4,20,12.6,7
298,4,20,13.0,7
299,4,20,14.25,7
300,4,20,12.6,7
301,4,20,12.5,7
302,4,20,13.25,7
303,4,20,11.45,7
304,4,20,12.1,7
305,4,20,11.7,7
306,4,20,12.1,7
307,4,20,11.15,7
308,4,20,11.4,7
309,4,20,11.55,7
310,4,20,12.8,7
311,4,20,11.55,7
312,4,20,14.4,7
313,4,20,12.15,7
314,4,20,12.3,6
315,4,20,11.65,6
316,4,20,12.95,6
317,4,20,12.0,6
318,4,20,10.9,6
319,4,20,11.35,6
320,4,20,10.9,6
321,4,20,12.0,6
322,4,20,10.45,6
323,4,20,10.9,6
324,4,20,11.3,6
325,4,20,11.85,6
326,4,20,11.7,6
327,4,20,9.35,6
328,4,20,10.3,6
329,4,20,11.85,6
330,4,20,11.0,6
331,4,20,12.65,6
332,4,20,11.5,6
333,4,20,12.3,6
334,4,20,11.2,6
335,4,20,13.2,6
336,4,20,12.95,6
337,4,20,10.6,6
338,4,20,11.35,6
339,4,20,12.25,6
340,4,20,11.0,6
341,4,20,10.35,6
342,4,20,10.45,6
343,4,20,10.8,6
344,4,20,10.85,6
345,4,20,11.3,6
346,4,20,11.95,6
347,4,20,11.5,6
348,4,20,11.9,6
349,4,20,12.1,6
350,4,20,11.5,6
351,4,20,11.8,6
352,4,20,11.95,6
353,4,20,11.0,6
354,4,20,12.6,6
355,4,20,10.85,6
356,4,20,12.3,6
357,4,20,11.0,6
358,4,20,11.1,6
359,4,20,11.4,6
360,4,20,13.0,6
361,4,20,10.65,6
362,4,20,11.65,6
363,4,20,11.6,6
364,4,20,11.45,6
365,4,20,11.15,6
366,4,20,11.4,6
367,4,20,12.15,6
368,4,20,12.35,6
369,4,20,13.2,6
370,4,20,12.35,6
371,4,20,11.0,6
372,4,20,10.9,6
373,4,20,12.95,6
374,4,20,12.45,6
375,4,20,10.95,6
376,4,20,10.5,6
377,4,20,10.55,6
378,4,20,10.75,6
379,4,20,10.85,6
380,4,20,11.95,6
381,4,20,12.55,6
382,4,20,12.05,6
383,4,20,10.45,6
384,4,20,10.6,6
385,4,20,11.1,6
386,4,20,11.5,6
387,4,20,11.9,6
388,4,20,11.95,6
389,4,20,12.2,6
390,4,20,10.2,6
391,4,20,10.9,6
392,4,20,12.05,6
393,4,20,12.95,6
394,4,20,13.2,6
395,4,20,13.9,6
396,4,20,12.85,6
397,4,20,9.65,6
398,4,20,10.6,6
399,4,20,12.0,6
400,4,20,13.15,6
401,4,20,13.1,6
402,4,20,12.4,6
403,4,20,11.65,6
404,4,20,11.35,6
405,4,20,11.45,6
406,4,20,12.0,6
407,4,20,12.45,6
408,4,20,11.5,6
409,4,20,12.7,6
410,4,20,10.9,6
411,4,20,10.2,6
412,4,20,11.75,6
413,4,20,10.7,6
414,4,20,12.75,6
415,4,20,11.6,6
416,4,20,13.35,6
417,4,20,11.5,6
418,4,20,10.75,6
419,4,20,11.35,6
420,4,20,13.05,6
421,4,20,12.35,6
422,4,20,11.65,6
423,4,20,12.2,6
424,4,20,11.8,6
425,4,20,11.4,6
426,4,20,12.4,6
427,4,20,11.6,6
428,4,20,9.85,6
429,4,20,10.85,6
430,4,20,10.85,6
431,4,20,12.5,6
432,4,20,11.1,6
433,4,20,10.45,6
434,4,20,13.1,6
435,4,20,11.9,6
436,4,20,11.1,6
437,4,20,11.45,6
438,4,20,11.2,6
439,4,20,12.5,6
440,4,20,12.25,6
441,4,20,11.25,6
442,4,20,11.85,6
443,4,20,10.8,6
444,4,20,11.95,6
445,4,20,11.45,6
446,4,20,12.25,6
447,4,20,11.5,6
448,4,20,10.75,6
449,4,20,10.6,6
450,4,20,12.15,6
451,4,20,11.5,6
452,4,20,12.55,6
453,4,20,13.1,6
454,4,20,11.75,6
455,4,20,11.5,6
456,4,20,11.95,6
457,4,20,12.1,6
458,4,20,11.05,6
459,4,20,12.8,6
460,4,20,11.1,6
461,4,20,12.0,6
462,4,20,11.5,6
463,4,20,12.3,6
464,4,20,10.7,6
465,4,20,10.15,6
466,4,20,10.65,5
467,4,20,11.95,5
468,4,20,8.8,5
469,4,20,9.6,5
470,4,20,11.5,5
471,4,20,10.65,5
472,4,20,11.0,5
473,4,20,10.35,5
474,4,20,10.5,5
475,4,20,10.65,5
476,4,20,10.95,5
477,4,20,10.6,5
478,4,20,9.6,5
479,4,20,10.2,5
480,4,20,10.25,5
481,4,20,10.8,5
482,4,20,10.35,5
483,4,20,10.65,5
484,4,20,10.45,5
485,4,20,11.25,5
486,4,20,10.85,5
487,4,20,10.3,5
488,4,20,9.3,5
489,4,20,11.1,5
490,4,20,13.55,5
491,4,20,12.25,5
492,4,20,12.15,5
493,4,20,10.85,5
494,4,20,10.65,5
495,4,20,11.75,5
496,4,20,11.75,5
497,4,20,11.6,5
498,4,20,11.25,5
499,4,20,10.7,5
500,4,20,10.85,5
501,4,20,11.25,5
502,4,20,12.85,5
503,4,20,12.65,5
504,4,20,9.95,5
505,4,20,11.9,5
506,4,20,11.5,5
507,4,20,11.85,5
508,4,20,11.2,5
509,4,20,11.65,5
510,4,20,12.3,5
511,4,20,11.0,5
512,4,20,10.9,5
513,4,20,11.1,5
514,4,20,11.15,5
515,4,20,10.25,5
516,4,20,12.2,5
517,4,20,11.85,5
518,4,20,11.35,5
519,4,20,11.05,5
520,4,20,10.4,5
521,4,20,12.0,5
522,4,20,10.8,5
523,4,20,9.85,5
524,4,20,10.95,5
525,4,20,10.1,5
526,4,20,10.3,5
527,4,20,10.6,5
528,4,20,9.4,5
529,4,20,11.5,5
530,4,20,9.65,5
531,4,20,10.7,5
532,4,20,9.0,5
533,4,20,11.05,5
534,4,20,10.9,5
535,4,20,10.95,5
536,4,20,10.75,5
537,4,20,11.35,5
538,4,20,10.55,5
539,4,20,10.7,5
540,4,20,11.75,5
541,4,20,11.0,5
542,4,20,11.7,5
543,4,20,11.55,5
544,4,20,11.1,5
545,4,20,11.0,5
546,4,20,9.55,5
547,4,20,9.75,5
548,4,20,9.35,5
549,4,20,11.4,5
550,4,20,9.85,5
551,4,20,11.05,5
552,4,20,11.2,5
553,4,20,11.1,5
554,4,20,11.4,5
555,4,20,9.0,5
556,4,20,10.7,5
557,4,20,10.9,5
558,4,20,12.05,5
559,4,20,10.8,5
560,4,20,12.15,5
561,4,20,12.0,5
562,4,20,12.15,5
563,4,20,11.75,5
564,4,20,11.25,5
565,4,20,10.7,5
566,4,20,10.05,5
567,4,20,10.7,5
568,4,20,11.3,5
569,4,20,9.8,5
570,4,20,10.85,5
571,4,20,11.2,5
572,4,20,11.15,5
573,4,20,10.85,5
574,4,20,10.1,5
575,4,20,10.7,5
576,4,20,11.25,5
577,4,20,10.15,5
578,4,20,10.65,4
579,4,20,8.8,4
580,4,20,10.3,4
581,4,20,10.2,4
582,4,20,10.65,4
583,4,20,8.75,4
584,4,20,9.4,4
585,4,20,9.85,4
586,4,20,10.55,4
587,4,20,12.25,4
588,4,20,11.35,4
589,4,20,9.6,4
590,4,20,10.0,4
591,4,20,9.3,4
592,4,20,9.85,4
593,4,20,8.35,4
594,4,20,10.8,4
595,4,20,8.5,4
596,4,20,10.2,4
597,4,20,12.4,4
598,4,20,11.15,4
599,4,20,10.6,4
600,4,20,10.5,4
601,4,20,10.9,4
602,4,20,11.0,4
603,4,20,11.2,4
604,4,20,11.15,4
605,4,20,10.85,4
606,4,20,10.25,4
607,4,20,10.15,4
608,4,20,10.0,4
609,4,20,9.9,4
610,4,20,9.9,4
611,4,20,8.55,4
612,4,20,9.35,4
613,4,20,9.0,4
614,4,20,10.15,4
615,4,20,8.45,4
616,4,20,9.6,4
617,4,20,9.1,4
618,4,20,9.05,4
619,4,20,8.75,4
620,4,20,9.6,4
621,4,20,9.95,4
622,4,20,10.55,4
623,4,20,10.05,4
624,4,20,9.55,4
625,4,20,9.95,4
626,4,20,10.5,4
627,4,20,9.7,4
628,4,20,10.8,4
629,4,20,9.8,4
630,4,20,10.95,4
631,4,20,10.95,4
632,4,20,9.6,4
633,4,20,9.95,4
634,4,20,8.8,4
635,4,20,11.15,4
636,4,20,10.0,4
637,4,20,10.95,4
638,4,20,10.7,4
639,4,20,11.75,4
640,4,20,9.7,4
641,4,20,9.85,4
642,4,20,10.7,4
643,4,20,9.9,4
644,4,20,10.1,4
645,4,20,10.05,4
646,4,20,10.9,4
647,4,20,9.7,4
648,4,20,10.6,4
649,4,20,11.5,4
650,4,20,10.6,4
651,4,20,10.7,4
652,4,20,9.25,4
653,4,20,8.6,4
654,4,20,9.65,4
655,4,20,11.9,4
656,4,20,10.1,4
657,4,20,8.95,4
658,4,20,10.35,4
659,4,20,11.8,4
660,4,20,10.5,4
661,4,20,10.1,4
662,4,20,10.0,4
663,4,20,8.3,4
664,4,20,10.05,4
665,4,20,9.35,4
666,4,20,9.7,4
667,4,20,9.25,4
668,4,20,10.55,4
669,4,20,11.6,4
670,4,20,10.1,4
671,4,20,8.5,4
672,4,20,10.5,4
673,4,20,10.7,4
674,4,20,9.95,4
675,4,20,10.75,4
676,4,20,10.0,4
677,4,20,9.4,4
678,4,20,10.05,4
679,4,20,10.7,4
680,4,20,10.2,4
681,4,20,9.8,4
682,4,20,8.9,4
683,4,20,10.1,4
684,4,20,9.8,4
685,4,20,9.4,4
686,4,20,9.7,4
687,4,20,10.15,4
688,4,20,9.8,4
689,4,20,9.6,4
690,4,20,9.9,4
691,4,20,9.65,4
692,4,20,10.15,4
693,4,20,9.25,4
694,4,20,9.45,4
695,4,20,8.2,4
696,4,20,9.1,4
697,4,20,11.5,4
698,4,20,9.3,4
699,4,20,9.6,4
700,4,20,9.95,4
701,4,20,9.2,4
702,4,20,11.0,4
703,4,20,9.55,4
704,4,20,12.45,4
705,4,20,9.75,4
706,4,20,8.7,4
707,4,20,8.5,4
708,4,20,9.9,4
709,4,20,9.65,4
710,4,20,10.5,4
711,4,20,10.25,4
712,4,20,9.3,4
713,4,20,8.05,4
714,4,20,9.55,4
715,4,20,10.55,4
716,4,20,10.05,4
717,4,20,10.8,4
718,4,20,10.4,4
719,4,20,10.95,4
720,4,20,10.4,4
721,4,20,11.15,4
722,4,20,10.4,4
723,4,20,9.8,4
724,4,20,11.05,4
725,4,20,9.95,4
726,4,20,10.15,4
727,4,20,9.0,4
728,4,20,10.05,4
729,4,20,10.55,4
730,4,20,9.45,4
731,4,20,9.5,4
732,4,20,9.5,4
733,4,20,11.6,4
734,4,20,11.75,4
735,4,20,9.55,4
736,4,20,9.85,4
737,4,20,9.45,4
738,4,20,9.15,4
739,4,20,10.4,4
740,4,20,9.95,4
741,4,20,9.65,4
742,4,20,10.5,4
743,4,20,9.6,4
744,4,20,9.0,4
745,4,20,10.45,4
746,4,20,9.75,4
747,4,20,9.8,4
748,4,20,10.95,4
749,4,20,11.5,4
750,4,20,9.25,4
751,4,20,9.4,4
752,4,20,10.3,4
753,4,20,10.4,4
754,4,20,9.1,4
755,4,20,10.9,4
756,4,20,10.8,4
757,4,20,10.15,4
758,4,20,10.4,4
759,4,20,9.95,4
760,4,20,8.85,4
761,4,20,10.2,4
762,4,20,8.6,4
763,4,20,9.5,4
764,4,20,9.7,4
765,4,20,8.6,4
766,4,20,9.75,4
767,4,20,11.1,4
768,4,20,10.35,4
769,4,20,10.25,4
770,4,20,9.7,4
771,4,20,10.0,4
772,4,20,9.45,4
773,4,20,7.55,4
774,4,20,7.8,4
775,4,20,9.55,4
776,4,20,8.7,4
777,4,20,9.45,4
778,4,20,8.55,4
779,4,20,10.7,4
780,4,20,11.45,4
781,4,20,10.4,4
782,4,20,9.45,4
783,4,20,9.25,4
784,4,20,9.15,4
785,4,20,9.15,4
786,4,20,8.4,4
787,4,20,9.85,4
788,4,20,10.3,4
789,4,20,10.4,4
790,4,20,9.5,4
791,4,20,9.1,4
792,4,20,9.45,4
793,4,20,8.5,4
794,4,20,9.65,4
795,4,20,9.6,4
796,4,20,9.55,4
797,4,20,10.3,4
798,4,20,9.1,4
799,4,20,10.25,4
800,4,20,9.45,4
801,4,20,10.05,4
802,4,20,11.4,4
803,4,20,12.9,4
804,4,20,11.8,4
805,4,20,10.8,4
806,4,20,10.3,4
807,4,20,11.9,4
808,4,20,10.3,4
809,4,20,9.65,4
810,4,20,9.4,4
811,4,20,11.4,4
812,4,20,10.7,4
813,4,20,10.15,4
814,4,20,10.9,4
815,4,20,9.65,4
816,4,20,10.65,4
817,4,20,10.25,4
818,4,20,7.85,4
819,4,20,8.75,4
820,4,20,8.9,4
821,4,20,9.45,4
822,4,20,8.85,4
823,4,20,10.55,4
824,4,20,10.55,4
825,4,20,10.7,4
826,4,20,11.3,4
827,4,20,11.95,4
828,4,20,9.5,4
829,4,20,10.5,4
830,4,20,9.9,4
831,4,20,10.15,4
832,4,20,10.3,4
833,4,20,10.1,4
834,4,20,10.1,4
835,4,20,10.9,4
836,4,20,10.15,4
837,4,20,8.25,4
838,4,20,9.9,4
839,4,20,9.85,4
840,4,20,10.85,4
841,4,20,11.15,4
842,4,20,9.6,4
843,4,20,9.95,4
844,4,20,10.6,4
845,4,20,10.5,4
846,4,20,9.1,4
847,4,20,8.05,4
848,4,20,8.9,4
849,4,20,9.05,4
850,4,20,9.35,4
851,4,20,9.15,4
852,4,20,13.0,4
853,4,20,12.55,4
854,4,20,9.55,4
855,4,20,8.75,4
856,4,20,11.55,4
857,4,20,10.35,4
858,4,20,9.45,4
859,4,20,11.15,4
860,4,20,10.8,4
861,4,20,9.05,4
862,4,20,9.6,4
863,4,20,9.3,4
864,4,20,8.55,4
865,4,20,9.05,4
866,4,20,11.2,4
867,4,20,11.3,4
868,4,20,11.1,4
869,4,20,10.6,4
870,4,20,9.9,4
871,4,20,9.55,4
872,4,20,9.5,4
873,4,20,8.7,4
874,4,20,8.65,4
875,4,20,10.0,4
876,4,20,9.3,4
877,4,20,8.9,4
878,4,20,10.65,4
879,4,20,10.25,4
880,4,20,9.35,4
881,4,20,8.95,4
882,4,20,9.25,4
883,4,20,9.55,4
884,4,20,9.8,4
885,4,20,9.35,4
886,4,20,9.95,4
887,4,20,9.7,4
888,4,20,9.9,4
889,4,20,8.0,4
890,4,20,9.4,4
891,4,20,9.05,4
892,4,20,10.55,4
893,4,20,9.35,4
894,4,20,9.85,4
895,4,20,8.55,4
896,4,20,9.7,4
897,4,20,7.6,4
898,4,20,8.65,4
899,4,20,11.7,4
900,4,20,10.6,4
901,4,20,10.8,4
902,4,20,8.95,4
903,4,20,9.05,3
904,4,20,9.3,3
905,4,20,8.85,3
906,4,20,8.75,3
907,4,20,9.85,3
908,4,20,9.45,3
909,4,20,9.4,3
910,4,20,11.1,3
911,4,20,10.4,3
912,4,20,9.95,3
913,4,20,9.2,3
914,4,20,8.05,3
915,4,20,12.35,3
916,4,20,11.7,3
917,4,20,8.9,3
918,4,20,8.75,3
919,4,20,8.9,3
920,4,20,8.15,3
921,4,20,8.9,3
922,4,20,8.0,3
923,4,20,9.7,3
924,4,20,11.0,3
925,4,20,9.2,3
926,4,20,8.65,3
927,4,20,10.8,3
928,4,20,10.4,3
929,4,20,10.65,3
930,4,20,10.75,3
931,4,20,8.35,3
932,4,20,8.9,3
933,4,20,9.15,3
934,4,20,8.8,3
935,4,20,10.15,3
936,4,20,8.65,3
937,4,20,9.4,3
938,4,20,9.6,3
939,4,20,10.7,3
940,4,20,10.45,3
941,4,20,10.75,3
942,4,20,10.25,3
943,4,20,8.45,3
944,4,20,8.65,3
945,4,20,9.75,3
946,4,20,9.75,3
947,4,20,9.35,3
948,4,20,8.1,3
949,4,20,7.85,3
950,4,20,8.15,3
951,4,20,8.4,3
952,4,20,9.25,3
953,4,20,9.15,3
954,4,20,8.55,3
955,4,20,10.0,3
956,4,20,9.6,3
957,4,20,9.95,3
958,4,20,9.85,3
959,4,20,9.45,3
960,4,20,8.5,3
961,4,20,7.15,3
962,4,20,9.1,3
963,4,20,8.95,3
964,4,20,8.45,3
965,4,20,8.05,3
966,4,20,8.3,3
967,4,20,8.2,3
968,4,20,7.95,3
969,4,20,8.2,3
970,4,20,8.65,3
971,4,20,9.35,3
972,4,20,9.75,3
973,4,20,7.4,3
974,4,20,7.7,3
975,4,20,8.6,3
976,4,20,8.65,3
977,4,20,9.0,3
978,4,20,8.75,3
979,4,20,9.25,3
980,4,20,10.1,3
981,4,20,9.0,3
982,4,20,9.75,3
983,4,20,9.85,3
984,4,20,6.75,3
985,4,20,8.3,3
986,4,20,9.3,3
987,4,20,9.35,3
988,4,20,7.95,3
989,4,20,9.45,3
990,4,20,9.95,3
991,4,20,8.1,3
992,4,20,9.7,3
993,4,20,7.5,3
994,4,20,9.35,3
995,4,20,9.4,3
996,4,20,9.65,3
997,4,20,8.8,3
998,4,20,8.7,3
999,4,20,10.5,3
1000,4,20,8.75,3
1001,4,20,10.35,3
1002,4,20,9.8,3
1003,4,20,9.8,3
1004,4,20,9.25,3
1005,4,20,7.8,3
1006,4,20,8.0,3
1007,4,20,9.05,3
1008,4,20,8.0,3
1009,4,20,9.6,3
1010,4,20,8.9,3
1011,4,20,8.8,3
1012,4,20,10.2,3
1013,4,20,10.1,3
1014,4,20,8.4,3
1015,4,20,10.0,3
1016,4,20,8.45,3
1017,4,20,8.6,3
1018,4,20,11.0,3
1019,4,20,10.1,3
1020,4,20,9.85,3
1021,4,20,8.8,3
1022,4,20,9.4,3
1023,4,20,9.45,3
1024,4,20,8.4,3
1025,4,20,7.7,3
1026,4,20,9.25,3
1027,4,20,9.4,3
1028,4,20,10.0,3
1029,4,20,8.7,3
1030,4,20,9.05,3
1031,4,20,10.4,3
1032,4,20,9.85,3
1033,4,20,8.9,3
1034,4,20,8.95,3
1035,4,20,11.0,3
1036,4,20,7.75,3
1037,4,20,8.35,3
1038,4,20,8.65,3
1039,4,20,8.6,3
1040,4,20,9.4,3
1041,4,20,7.85,3
1042,4,20,8.9,3
1043,4,20,8.9,3
1044,4,20,8.5,3
1045,4,20,9.1,3
1046,4,20,7.85,3
1047,4,20,9.6,3
1048,4,20,9.35,3
1049,4,20,9.85,3
1050,4,20,10.25,3
1051,4,20,8.2,3
1052,4,20,9.55,3
1053,4,20,7.55,3
1054,4,20,10.25,3
1055,4,20,9.5,3
1056,4,20,9.4,3
1057,4,20,8.7,3
1058,4,20,9.45,3
1059,4,20,9.2,3
1060,4,20,9.55,3
1061,4,20,9.2,3
1062,4,20,8.75,3
1063,4,20,10.75,3
1064,4,20,10.05,3
1065,4,20,8.9,3
1066,4,20,9.35,3
1067,4,20,8.55,3
1068,4,20,8.8,3
1069,4,20,9.85,3
1070,4,20,9.55,3
1071,4,20,8.5,3
1072,4,20,9.45,3
1073,4,20,8.6,3
1074,4,20,9.4,3
1075,4,20,10.55,3
1076,4,20,7.95,3
1077,4,20,9.45,3
1078,4,20,8.75,3
1079,4,20,10.45,3
1080,4,20,11.95,3
1081,4,20,9.95,3
1082,4,20,10.0,3
1083,4,20,9.95,3
1084,4,20,10.0,3
1085,4,20,11.0,3
1086,4,20,8.6,3
1087,4,20,10.25,3
1088,4,20,8.95,3
1089,4,20,9.55,3
1090,4,20,7.45,3
1091,4,20,7.95,3
1092,4,20,8.5,3
1093,4,20,8.6,3
1094,4,20,9.3,3
1095,4,20,9.8,3
1096,4,20,10.2,3
1097,4,20,8.15,3
1098,4,20,8.7,3
1099,4,20,8.85,3
1100,4,20,10.2,3
1101,4,20,8.6,3
1102,4,20,7.9,3
1103,4,20,8.35,3
1104,4,20,7.65,3
1105,4,20,9.3,3
1106,4,20,9.0,3
1107,4,20,9.1,3
1108,4,20,8.35,3
1109,4,20,9.4,3
1110,4,20,10.95,3
1111,4,20,8.95,3
1112,4,20,8.25,3
1113,4,20,9.85,3
1114,4,20,10.75,3
1115,4,20,9.6,3
1116,4,20,8.2,3
1117,4,20,11.0,3
1118,4,20,11.4,3
1119,4,20,10.0,3
1120,4,20,8.6,3
1121,4,20,9.35,3
1122,4,20,10.05,3
1123,4,20,9.2,3
1124,4,20,8.0,3
1125,4,20,8.8,3
1126,4,20,10.3,3
1127,4,20,9.9,3
1128,4,20,8.9,3
1129,4,20,8.95,3
1130,4,20,10.5,3
1131,4,20,8.9,3
1132,4,20,9.9,3
1133,4,20,12.1,3
1134,4,20,11.8,3
1135,4,20,9.35,3
1136,4,20,7.9,3
1137,4,20,9.55,3
1138,4,20,9.4,3
1139,4,20,10.1,3
1140,4,20,8.5,3
1141,4,20,8.95,3
1142,4,20,9.95,3
1143,4,20,9.45,3
1144,4,20,8.5,3
1145,4,20,8.0,3
1146,4,20,9.05,3
1147,4,20,9.65,3
1148,4,20,8.4,3
1149,4,20,9.15,3
1150,4,20,8.7,3
1151,4,20,9.85,3
1152,4,20,10.5,3
1153,4,20,9.85,3
1154,4,20,9.45,3
1155,4,20,8.95,3
1156,4,20,8.5,2
1157,4,20,8.05,2
1158,4,20,7.6,2
1159,4,20,7.7,2
1160,4,20,8.8,2
1161,4,20,8.65,2
1162,4,20,9.3,2
1163,4,20,8.05,2
1164,4,20,9.75,2
1165,4,20,8.6,2
1166,4,20,8.15,2
1167,4,20,8.1,2
1168,4,20,6.85,2
1169,4,20,8.0,2
1170,4,20,8.1,2
1171,4,20,7.7,2
1172,4,20,7.8,2
1173,4,20,8.35,2
1174,4,20,8.1,2
1175,4,20,8.6,2
1176,4,20,7.6,2
1177,4,20,7.25,2
1178,4,20,7.7,2
1179,4,20,7.65,2
1180,4,20,8.5,2
1181,4,20,10.15,2
1182,4,20,8.35,2
1183,4,20,8.1,2
1184,4,20,8.4,2
1185,4,20,8.7,2
1186,4,20,7.8,2
1187,4,20,7.2,2
1188,4,20,7.85,2
1189,4,20,10.0,2
1190,4,20,10.25,2
1191,4,20,8.95,2
1192,4,20,7.0,2
1193,4,20,7.85,2
1194,4,20,7.45,2
1195,4,20,8.6,2
1196,4,20,7.8,2
1197,4,20,8.7,2
1198,4,20,7.85,2
1199,4,20,7.2,2
1200,4,20,8.55,2
1201,4,20,8.05,2
1202,4,20,7.9,2
1203,4,20,10.0,2
1204,4,20,8.65,2
1205,4,20,9.2,2
1206,4,20,8.7,2
1207,4,20,8.3,2
1208,4,20,8.95,2
1209,4,20,8.75,2
1210,4,20,7.9,2
1211,4,20,8.05,2
1212,4,20,7.15,2
1213,4,20,7.55,2
1214,4,20,8.85,2
1215,4,20,8.05,2
1216,4,20,7.45,2
1217,4,20,7.9,2
1218,4,20,9.1,2
1219,4,20,9.8,2
1220,4,20,9.1,2
1221,4,20,9.05,2
1222,4,20,8.95,2
1223,4,20,9.15,2
1224,4,20,9.5,2
1225,4,20,8.55,2
1226,4,20,6.4,2
1227,4,20,7.2,2
1228,4,20,8.45,2
1229,4,20,7.55,2
1230,4,20,7.45,2
1231,4,20,8.5,2
1232,4,20,7.95,2
1233,4,20,8.0,2
1234,4,20,8.75,2
1235,4,20,8.7,2
1236,4,20,8.45,2
1237,4,20,8.8,2
1238,4,20,7.9,2
1239,4,20,9.15,2
1240,4,20,8.4,2
1241,4,20,8.3,2
1242,4,20,8.25,2
1243,4,20,8.35,2
1244,4,20,7.5,2
1245,4,20,8.8,2
1246,4,20,7.7,2
1247,4,20,8.65,2
1248,4,20,8.95,2
1249,4,20,6.45,2
1250,4,20,8.75,2
1251,4,20,7.9,2
1252,4,20,7.6,2
1253,4,20,8.4,2
1254,4,20,5.6,2
1255,4,20,8.0,2
1256,4,20,8.4,2
1257,4,20,7.85,2
1258,4,20,7.95,2
1259,4,20,7.65,2
1260,4,20,7.15,2
1261,4,20,7.2,2
1262,4,20,7.65,2
1263,4,20,8.35,2
1264,4,20,6.8,2
1265,4,20,6.75,2
1266,4,20,8.0,2
1267,4,20,7.25,2
1268,4,20,9.6,2
1269,4,20,8.9,2
1270,4,20,8.9,2
1271,4,20,7.95,2
1272,4,20,8.1,2
1273,4,20,7.9,2
1274,4,20,8.85,2
1275,4,20,8.25,2
1276,4,20,9.0,2
1277,4,20,8.35,2
1278,4,20,7.75,2
1279,4,20,7.15,2
1280,4,20,7.35,2
1281,4,20,8.35,2
1282,4,20,7.2,2
1283,4,20,8.2,2
1284,4,20,8.95,2
1285,4,20,7.15,2
1286,4,20,7.3,2
1287,4,20,7.25,2
1288,4,20,8.2,2
1289,4,20,6.8,2
1290,4,20,8.15,2
1291,4,20,7.95,2
1292,4,20,9.1,2
1293,4,20,8.35,2
1294,4,20,8.75,2
1295,4,20,7.25,2
1296,4,20,6.95,2
1297,4,20,7.5,2
1298,4,20,9.3,2
1299,4,20,6.6,2
1300,4,20,7.7,2
1301,4,20,8.35,2
1302,4,20,8.3,2
1303,4,20,7.95,2
1304,4,20,8.65,2
1305,4,20,9.0,2
1306,4,20,9.0,2
1307,4,20,7.7,2
1308,4,20,7.4,2
1309,4,20,6.2,2
1310,4,20,6.5,2
1311,4,20,9.15,2
1312,4,20,8.25,2
1313,4,20,9.2,2
1314,4,20,7.6,2
1315,4,20,7.75,2
1316,4,20,8.8,2
1317,4,20,7.4,2
1318,4,20,8.75,2
1319,4,20,8.9,2
1320,4,20,8.3,2
1321,4,20,8.0,2
1322,4,20,7.35,2
1323,4,20,7.95,2
1324,4,20,8.05,2
1325,4,20,8.05,2
1326,4,20,7.95,2
1327,4,20,8.1,2
1328,4,20,7.75,2
1329,4,20,7.35,2
1330,4,20,9.0,2
1331,4,20,10.45,2
1332,4,20,8.05,2
1333,4,20,8.25,2
1334,4,20,9.85,2
1335,4,20,8.1,2
1336,4,20,6.85,2
1337,4,20,8.45,2
1338,4,20,7.75,2
1339,4,20,8.05,2
1340,4,20,8.3,2
1341,4,20,7.3,2
1342,4,20,8.2,2
1343,4,20,6.0,2
1344,4,20,8.35,2
1345,4,20,7.95,2
1346,4,20,8.95,2
1347,4,20,7.6,2
1348,4,20,9.65,2
1349,4,20,8.1,2
1350,4,20,7.8,2
1351,4,20,9.1,2
1352,4,20,9.2,2
1353,4,20,8.8,2
1354,4,20,8.45,2
1355,4,20,8.1,2
1356,4,20,9.85,2
1357,4,20,7.8,2
1358,4,20,7.8,2
1359,4,20,7.5,2
1360,4,20,6.8,2
1361,4,20,7.6,2
1362,4,20,7.85,2
1363,4,20,9.25,2
1364,4,20,9.0,2
1365,4,20,8.2,2
1366,4,20,7.3,2
1367,4,20,7.5,2
1368,4,20,8.6,2
1369,4,20,8.35,2
1370,4,20,8.05,2
1371,4,20,8.85,2
1372,4,20,8.6,2
1373,4,20,8.25,2
1374,4,20,6.75,2
1375,4,20,8.75,2
1376,4,20,9.1,2
1377,4,20,6.4,2
1378,4,20,8.65,2
1379,4,20,9.25,2
1380,4,20,7.8,2
1381,4,20,6.4,2
1382,4,20,6.6,2
1383,4,20,8.45,2
1384,4,20,6.85,2
1385,4,20,6.6,2
1386,4,20,7.4,2
1387,4,20,8.1,2
1388,4,20,7.8,2
1389,4,20,6.9,2
1390,4,20,10.6,2
1391,4,20,8.85,2
1392,4,20,7.8,2
1393,4,20,8.55,2
1394,4,20,6.65,2
1395,4,20,10.4,2
1396,4,20,8.1,2
1397,4,20,7.4,2
1398,4,20,7.35,2
1399,4,20,7.8,2
1400,4,20,8.05,2
1401,4,20,7.15,2
1402,4,20,7.15,2
1403,4,20,8.5,2
1404,4,20,7.5,2
1405,4,20,8.4,2
1406,4,20,9.15,2
1407,4,20,8.75,2
1408,4,20,8.45,2
1409,4,20,7.95,2
1410,4,20,7.45,2
1411,4,20,8.4,2
1412,4,20,8.55,2
1413,4,20,8.85,2
1414,4,20,8.25,2
1415,4,20,8.55,2
1416,4,20,7.85,2
1417,4,20,7.9,2
1418,4,20,8.9,2
1419,4,20,9.15,2
1420,4,20,8.65,2
1421,4,20,7.55,2
1422,4,20,7.0,2
1423,4,20,6.6,2
1424,4,20,8.3,2
1425,4,20,9.3,2
1426,4,20,9.85,2
1427,4,20,9.8,2
1428,4,20,9.8,2
1429,4,20,8.95,2
1430,4,20,8.45,2
1431,4,20,7.9,2
1432,4,20,9.75,2
1433,4,20,10.35,2
1434,4,20,8.85,2
1435,4,20,7.1,2
1436,4,20,7.15,2
1437,4,20,8.95,2
1438,4,20,9.8,2
1439,4,20,7.8,2
1440,4,20,10.65,2
1441,4,20,10.15,2
1442,4,20,10.2,2
1443,4,20,9.0,2
1444,4,20,8.15,2
1445,4,20,9.25,2
1446,4,20,8.25,2
1447,4,20,7.2,2
1448,4,20,7.4,2
1449,4,20,8.35,2
1450,4,20,8.4,2
1451,4,20,7.55,2
1452,4,20,10.2,2
1453,4,20,7.8,2
1454,4,20,9.0,2
1455,4,20,7.75,2
1456,4,20,9.2,2
1457,4,20,7.0,2
1458,4,20,8.05,2
1459,4,20,7.55,2
1460,4,20,7.3,2
1461,4,20,7.75,2
1462,4,20,8.7,2
1463,4,20,9.35,2
1464,4,20,8.95,2
1465,4,20,6.75,2
1466,4,20,8.25,2
1467,4,20,9.3,2
1468,4,20,8.45,2
1469,4,20,9.55,2
1470,4,20,9.35,2
1471,4,20,9.15,2
1472,4,20,10.0,2
1473,4,20,7.0,2
1474,4,20,7.85,2
1475,4,20,9.0,2
1476,4,20,9.7,2
1477,4,20,9.05,2
1478,4,20,10.1,2
1479,4,20,9.7,2
1480,4,20,9.5,2
1481,4,20,7.5,2
1482,4,20,8.0,2
1483,4,20,8.5,2
1484,4,20,8.05,2
1485,4,20,7.9,2
1486,4,20,8.55,2
1487,4,20,8.3,2
1488,4,20,8.15,2
1489,4,20,7.85,2
1490,4,20,7.8,2
1491,4,20,6.5,2
1492,4,20,7.5,2
1493,4,20,7.25,2
1494,4,20,7.0,2
1495,4,20,8.45,2
1496,4,20,7.75,2
1497,4,20,9.1,2
1498,4,20,9.6,2
1499,4,20,8.6,2
1500,4,20,8.1,2
1501,4,20,9.15,2
1502,4,20,7.25,2
1503,4,20,8.2,2
1504,4,20,8.75,2
1505,4,20,7.65,2
1506,4,20,7.35,2
1507,4,20,8.0,2
1508,4,20,7.95,2
1509,4,20,7.85,2
1510,4,20,7.6,2
1511,4,20,8.45,2
1512,4,20,8.2,2
1513,4,20,8.2,2
1514,4,20,8.1,2
1515,4,20,7.4,2
1516,4,20,7.9,2
1517,4,20,8.55,2
1518,4,20,7.6,2
1519,4,20,10.0,2
1520,4,20,7.95,2
1521,4,20,8.75,2
1522,4,20,9.55,2
1523,4,20,7.55,2
1524,4,20,7.75,2
1525,4,20,7.4,2
1526,4,20,8.5,2
1527,4,20,6.6,2
1528,4,20,7.8,2
1529,4,20,7.4,2
1530,4,20,9.25,2
1531,4,20,8.95,2
1532,4,20,8.1,2
1533,4,20,9.6,2
1534,4,20,7.75,2
1535,4,20,9.4,2
1536,4,20,8.3,2
1537,4,20,8.75,2
1538,4,20,9.3,2
1539,4,20,7.75,2
1540,4,20,8.5,2
1541,4,20,7.7,2
1542,4,20,10.2,2
1543,4,20,8.45,2
1544,4,20,8.45,2
1545,4,20,7.95,2
1546,4,20,8.85,2
1547,4,20,8.45,2
1548,4,20,8.2,2
1549,4,20,8.45,2
1550,4,20,8.5,2
1551,4,20,7.8,2
1552,4,20,8.45,2
1553,4,20,8.15,2
1554,4,20,9.05,2
1555,4,20,7.6,2
1556,4,20,6.9,2
1557,4,20,7.3,2
1558,4,20,7.65,2
1559,4,20,9.65,2
1560,4,20,6.95,2
1561,4,20,7.55,2
1562,4,20,8.4,2
1563,4,20,5.85,2
1564,4,20,9.55,2
1565,4,20,9.45,2
1566,4,20,10.2,2
1567,4,20,8.05,2
1568,4,20,7.1,2
1569,4,20,7.05,2
1570,4,20,6.8,2
1571,4,20,8.7,2
1572,4,20,7.75,2
1573,4,20,7.8,2
1574,4,20,7.65,2
1575,4,20,8.55,2
1576,4,20,7.85,2
1577,4,20,8.0,2
1578,4,20,8.3,2
1579,4,20,8.55,2
1580,4,20,7.45,2
1581,4,20,8.6,2
1582,4,20,9.35,2
1583,4,20,7.7,2
1584,4,20,8.75,2
1585,4,20,8.9,2
1586,4,20,9.25,2
1587,4,20,8.05,2
1588,4,20,9.2,2
1589,4,20,9.6,2
1590,4,20,7.0,2
1591,4,20,7.05,2
1592,4,20,9.6,2
1593,4,20,6.8,2
1594,4,20,7.75,2
1595,4,20,8.0,2
1596,4,20,8.85,2
1597,4,20,9.4,2
1598,4,20,8.6,2
1599,4,20,8.15,2
1600,4,20,7.45,2
1601,4,20,8.15,2
1602,4,20,8.0,2
1603,4,20,8.8,2
1604,4,20,9.6,2
1605,4,20,9.8,2
1606,4,20,7.85,2
1607,4,20,7.75,2
1608,4,20,7.7,2
1609,4,20,9.15,2
1610,4,20,8.95,2
1611,4,20,6.6,2
1612,4,20,7.7,2
1613,4,20,8.85,2
1614,4,20,6.35,2
1615,4,20,8.4,2
1616,4,20,7.4,2
1617,4,20,8.3,2
1618,4,20,8.25,2
1619,4,20,7.6,2
1620,4,20,8.7,2
1621,4,20,9.05,2
1622,4,20,8.4,2
1623,4,20,8.55,2
1624,4,20,9.0,2
1625,4,20,8.9,2
1626,4,20,9.15,2
1627,4,20,8.5,2
1628,4,20,9.15,2
1629,4,20,8.0,2
1630,4,20,8.45,2
1631,4,20,9.05,2
1632,4,20,7.15,2
1633,4,20,8.15,2
1634,4,20,7.6,2
1635,4,20,8.4,2
1636,4,20,8.4,2
1637,4,20,8.6,2
1638,4,20,7.5,2
1639,4,20,6.45,2
1640,4,20,7.25,2
1641,4,20,7.25,2
1642,4,20,8.5,2
1643,4,20,8.9,2
1644,4,20,7.65,2
1645,4,20,7.1,2
1646,4,20,8.4,2
1647,4,20,8.1,2
1648,4,20,8.5,2
1649,4,20,7.7,2
1650,4,20,7.65,2
1651,4,20,9.45,2
1652,4,20,9.05,2
1653,4,20,7.95,2
1654,4,20,8.65,2
1655,4,20,9.55,2
1656,4,20,7.85,2
1657,4,20,11.25,2
1658,4,20,9.45,2
1659,4,20,8.4,2
1660,4,20,9.0,2
1661,4,20,9.25,2
1662,4,20,8.9,2
1663,4,20,8.8,2
1664,4,20,9.3,2
1665,4,20,8.9,2
1666,4,20,7.95,2
1667,4,20,6.55,2
1668,4,20,7.1,2
1669,4,20,6.4,2
1670,4,20,7.3,2
1671,4,20,10.05,2
1672,4,20,9.75,2
1673,4,20,7.55,2
1674,4,20,9.05,2
1675,4,20,7.5,2
1676,4,20,8.9,2
1677,4,20,8.8,2
1678,4,20,5.95,2
1679,4,20,8.1,2
1680,4,20,10.6,2
1681,4,20,9.55,2
1682,4,20,8.4,2
1683,4,20,10.1,2
1684,4,20,8.7,2
1685,4,20,8.0,2
1686,4,20,7.3,2
1687,4,20,7.4,2
1688,4,20,7.95,2
1689,4,20,8.0,2
1690,4,20,7.6,2
1691,4,20,7.85,2
1692,4,20,8.0,2
1693,4,20,8.0,2
1694,4,20,9.75,2
1695,4,20,7.65,2
1696,4,20,8.3,2
1697,4,20,8.5,2
1698,4,20,9.3,2
1699,4,20,9.4,2
1700,4,20,7.7,2
1701,4,20,8.4,2
1702,4,20,8.45,2
1703,4,20,7.75,2
1704,4,20,8.25,2
1705,4,20,9.2,2
1706,4,20,7.6,2
1707,4,20,8.05,2
1708,4,20,6.15,2
1709,4,20,7.45,2
1710,4,20,8.4,2
1711,4,20,8.4,2
1712,4,20,7.45,2
1713,4,20,8.85,2
1714,4,20,9.1,2
1715,4,20,7.5,2
1716,4,20,8.4,2
1717,4,20,9.0,2
1718,4,20,8.15,2
1719,4,20,9.9,2
1720,4,20,7.45,2
1721,4,20,8.95,2
1722,4,20,9.7,2
1723,4,20,9.5,2
1724,4,20,9.05,2
1725,4,20,9.65,2
1726,4,20,8.4,2
1727,4,20,8.15,2
1728,4,20,9.55,2
1729,4,20,9.8,2
1730,4,20,8.05,2
1731,4,20,8.85,2
1732,4,20,8.8,2
1733,4,20,6.95,2
1734,4,20,7.95,2
1735,4,20,9.25,2
1736,4,20,10.1,2
1737,4,20,6.75,2
1738,4,20,6.9,2
1739,4,20,7.85,2
1740,4,20,7.6,2
1741,4,20,8.1,2
1742,4,20,8.6,2
1743,4,20,7.65,2
1744,4,20,7.75,2
1745,4,20,8.7,2
1746,4,20,6.95,2
1747,4,20,7.9,2
1748,4,20,8.7,2
1749,4,20,8.8,2
1750,4,20,7.35,2
1751,4,20,8.2,2
1752,4,20,9.1,2
1753,4,20,9.95,2
1754,4,20,8.75,2
1755,4,20,8.0,2
1756,4,20,8.95,2
1757,4,20,8.4,2
1758,4,20,8.0,2
1759,4,20,7.2,2
1760,4,20,8.05,2
1761,4,20,8.4,2
1762,4,20,7.65,2
1763,4,20,8.2,2
1764,4,20,8.1,2
1765,4,20,9.95,2
1766,4,20,9.45,2
1767,4,20,6.9,2
1768,4,20,9.0,2
1769,4,20,7.65,2
1770,4,20,7.75,2
1771,4,20,8.75,2
1772,4,20,7.05,2
1773,4,20,7.05,2
1774,4,20,8.35,2
1775,4,20,9.0,2
1776,4,20,8.3,2
1777,4,20,8.25,2
1778,4,20,8.25,2
1779,4,20,8.65,2
1780,4,20,8.35,2
1781,4,20,8.15,2
1782,4,20,8.35,2
1783,4,20,8.3,2
1784,4,20,7.55,2
1785,4,20,9.2,2
1786,4,20,8.1,2
1787,4,20,9.7,2
1788,4,20,9.6,2
1789,4,20,7.7,2
1790,4,20,8.3,2
1791,4,20,8.4,2
1792,4,20,7.4,2
1793,4,20,8.35,2
1794,4,20,7.95,2
1795,4,20,8.65,2
1796,4,20,9.1,2
1797,4,20,8.95,2
1798,4,20,8.2,2
1799,4,20,9.9,2
1800,4,20,8.55,2
1801,4,20,7.05,2
1802,4,20,9.55,2
1803,4,20,9.2,2
1804,4,20,8.05,2
1805,4,20,7.7,2
1806,4,20,7.55,2
1807,4,20,7.5,2
1808,4,20,8.6,2
1809,4,20,8.7,2
1810,4,20,9.65,2
1811,4,20,8.15,2
1812,4,20,8.2,2
1813,4,20,8.2,2
1814,4,20,7.75,2
1815,4,20,9.55,2
1816,4,20,6.7,2
1817,4,20,8.35,2
1818,4,20,7.2,2
1819,4,20,7.15,2
1820,4,20,8.25,2
1821,4,20,6.9,2
1822,4,20,8.6,2
1823,4,20,7.75,2
1824,4,20,7.85,2
1825,4,20,7.4,2
1826,4,20,7.95,2
1827,4,20,9.35,2
1828,4,20,9.2,2
1829,4,20,9.15,2
1830,4,20,7.3,2
1831,4,20,8.55,2
1832,4,20,9.05,2
1833,4,20,8.7,2
1834,4,20,9.0,2
1835,4,20,9.6,2
1836,4,20,9.75,2
1837,4,20,6.85,2
1838,4,20,7.6,2
1839,4,20,7.0,2
1840,4,20,7.25,2
1841,4,20,8.05,2
1842,4,20,7.95,2
1843,4,20,8.95,2
1844,4,20,9.35,2
1845,4,20,7.5,2
1846,4,20,7.65,2
1847,4,20,7.6,2
1848,4,20,8.55,2
1849,4,20,8.7,2
1850,4,20,9.4,2
1851,4,20,7.85,2
1852,4,20,8.25,2
1853,4,20,7.25,2
1854,4,20,6.9,2
1855,4,20,6.85,2
1856,4,20,7.4,2
1857,4,20,7.85,2
1858,4,20,6.65,2
1859,4,20,8.85,2
1860,4,20,7.45,2
1861,4,20,9.2,2
1862,4,20,7.9,2
1863,4,20,9.45,2
1864,4,20,7.5,2
1865,4,20,8.6,2
1866,4,20,8.3,2
1867,4,20,7.85,2
1868,4,20,7.65,2
1869,4,20,8.45,2
1870,4,20,7.95,2
1871,4,20,8.05,2
1872,4,20,9.3,2
1873,4,20,9.05,2
1874,4,20,8.5,2
1875,4,20,8.65,2
1876,4,20,9.15,2
1877,4,20,6.95,2
1878,4,20,9.55,2
1879,4,20,6.7,2
1880,4,20,9.55,2
1881,4,20,8.95,2
1882,4,20,9.0,2
1883,4,20,9.85,2
1884,4,20,9.6,2
1885,4,20,9.35,2
1886,4,20,9.0,2
1887,4,20,7.2,2
1888,4,20,7.85,2
1889,4,20,7.85,2
1890,4,20,8.35,2
1891,4,20,8.75,2
1892,4,20,10.0,2
1893,4,20,9.05,2
1894,4,20,8.65,2
1895,4,20,7.7,2
1896,4,20,7.9,2
1897,4,20,8.55,2
1898,4,20,9.5,2
1899,4,20,8.85,2
1900,4,20,7.95,2
1901,4,20,8.45,2
1902,4,20,9.4,2
1903,4,20,8.35,2
1904,4,20,7.45,2
1905,4,20,8.75,2
1906,4,20,8.15,2
1907,4,20,8.7,2
1908,4,20,8.75,2
1909,4,20,9.35,2
1910,4,20,8.05,2
1911,4,20,7.05,2
1912,4,20,8.9,2
1913,4,20,8.0,2
1914,4,20,8.0,2
1915,4,20,8.2,2
1916,4,20,9.0,2
1917,4,20,7.8,2
1918,4,20,7.9,2
1919,4,20,8.6,2
1920,4,20,8.25,2
1921,4,20,8.85,2
1922,4,20,8.0,2
1923,4,20,9.6,2
1924,4,20,8.65,2
1925,4,20,7.45,2
1926,4,20,7.1,2
1927,4,20,8.05,2
1928,4,20,8.4,2
1929,4,20,9.35,2
1930,4,20,8.15,2
1931,4,20,7.8,2
1932,4,20,6.15,2
1933,4,20,7.7,2
1934,4,20,7.25,2
1935,4,20,7.0,2
1936,4,20,8.4,2
1937,4,20,9.0,2
1938,4,20,7.6,2
1939,4,20,7.5,2
1940,4,20,8.55,2
1941,4,20,9.7,2
1942,4,20,8.2,2
1943,4,20,8.7,2
1944,4,20,7.2,2
1945,4,20,9.0,2
1946,4,20,9.95,2
1947,4,20,8.25,2
1948,4,20,7.7,2
1949,4,20,8.5,2
1950,4,20,8.3,2
1951,4,20,7.9,2
1952,4,20,7.25,2
1953,4,20,8.25,2
1954,4,20,8.0,2
1955,4,20,8.55,2
1956,4,20,7.25,2
1957,4,20,7.15,2
1958,4,20,7.8,2
1959,4,20,7.3,2
1960,4,20,7.9,2
1961,4,20,8.7,2
1962,4,20,8.05,2
1963,4,20,8.5,2
1964,4,20,9.25,2
1965,4,20,8.3,2
1966,4,20,8.9,2
1967,4,20,7.95,2
1968,4,20,8.6,2
1969,4,20,7.95,2
1970,4,20,7.8,2
1971,4,20,7.9,2
1972,4,20,6.8,2
1973,4,20,8.15,2
1974,4,20,8.95,2
1975,4,20,9.25,2
1976,4,20,9.4,2
1977,4,20,8.7,2
1978,4,20,8.95,2
1979,4,20,8.25,2
1980,4,20,8.2,2
1981,4,20,8.2,2
1982,4,20,6.9,2
1983,4,20,8.1,2
1984,4,20,9.65,2
1985,4,20,8.75,2
1986,4,20,7.5,2
1987,4,20,8.7,2
1988,4,20,8.7,2
1989,4,20,7.9,2
1990,4,20,7.65,2
1991,4,20,6.35,2
1992,4,20,6.6,2
1993,4,20,9.0,2
1994,4,20,9.35,2
1995,4,20,7.55,2
1996,4,20,8.15,2
1997,4,20,5.65,2
1998,4,20,8.0,2
1999,4,20,7.9,2
2000,4,20,10.1,2
0,5,20,56.5,43
1,5,20,48.75,39
2,5,20,44.1,39
3,5,20,42.85,37
4,5,20,40.9,36
5,5,20,38.6,34
6,5,20,36.65,33
7,5,20,35.6,32
8,5,20,34.1,32
9,5,20,35.25,31
10,5,20,34.65,31
11,5,20,33.7,30
12,5,20,33.15,27
13,5,20,30.35,26
14,5,20,28.85,25
15,5,20,28.4,25
16,5,20,29.0,25
17,5,20,29.85,25
18,5,20,28.0,24
19,5,20,29.15,24
20,5,20,27.7,22
21,5,20,26.1,20
22,5,20,25.1,20
23,5,20,23.6,20
24,5,20,24.35,19
25,5,20,22.7,19
26,5,20,22.6,18
27,5,20,23.0,18
28,5,20,22.1,17
29,5,20,22.15,17
30,5,20,21.45,17
31,5,20,22.35,17
32,5,20,20.9,17
33,5,20,20.3,17
34,5,20,20.9,17
35,5,20,20.75,17
36,5,20,20.05,17
37,5,20,20.95,17
38,5,20,21.05,16
39,5,20,20.55,16
40,5,20,21.55,16
41,5,20,20.05,16
42,5,20,19.15,16
43,5,20,19.3,16
44,5,20,20.2,16
45,5,20,20.55,16
46,5,20,19.85,16
47,5,20,20.9,16
48,5,20,20.5,16
49,5,20,21.35,15
50,5,20,19.95,15
51,5,20,18.05,14
52,5,20,17.35,14
53,5,20,19.1,14
54,5,20,18.3,14
55,5,20,18.4,14
56,5,20,20.0,14
57,5,20,18.6,14
58,5,20,18.5,14
59,5,20,18.45,14
60,5,20,18.8,14
61,5,20,18.05,14
62,5,20,20.55,14
63,5,20,18.95,14
64,5,20,17.85,14
65,5,20,18.3,14
66,5,20,19.25,14
67,5,20,20.05,13
68,5,20,17.5,13
69,5,20,17.6,12
70,5,20,17.2,12
71,5,20,17.75,12
72,5,20,17.25,12
73,5,20,16.1,11
74,5,20,16.15,11
75,5,20,16.55,11
76,5,20,17.95,11
77,5,20,16.9,11
78,5,20,16.95,11
79,5,20,16.25,11
80,5,20,17.3,11
81,5,20,17.35,11
82,5,20,17.0,11
83,5,20,17.3,11
84,5,20,15.5,11
85,5,20,16.15,11
86,5,20,15.65,11
87,5,20,15.1,11
88,5,20,15.9,11
89,5,20,14.75,11
90,5,20,15.85,11
91,5,20,16.3,11
92,5,20,13.95,11
93,5,20,14.4,11
94,5,20,15.9,11
95,5,20,14.7,11
96,5,20,14.1,11
97,5,20,14.6,11
98,5,20,15.55,11
99,5,20,16.6,11
100,5,20,15.8,11
101,5,20,18.3,11
102,5,20,16.2,11
103,5,20,14.85,11
104,5,20,15.9,11
105,5,20,15.15,10
106,5,20,14.95,10
107,5,20,16.5,10
108,5,20,13.9,10
109,5,20,15.1,10
110,5,20,15.05,10
111,5,20,13.55,10
112,5,20,14.35,10
113,5,20,14.45,10
114,5,20,14.35,10
115,5,20,15.25,10
116,5,20,14.35,10
117,5,20,16.4,10
118,5,20,16.05,10
119,5,20,15.0,10
120,5,20,14.75,10
121,5,20,13.95,10
122,5,20,14.9,10
123,5,20,12.95,10
124,5,20,13.95,10
125,5,20,14.3,10
126,5,20,13.4,10
127,5,20,15.0,10
128,5,20,15.7,10
129,5,20,15.1,10
130,5,20,14.5,10
131,5,20,14.6,10
132,5,20,15.4,10
133,5,20,15.95,10
134,5,20,14.9,9
135,5,20,14.3,9
136,5,20,14.5,9
137,5,20,12.95,9
138,5,20,14.0,9
139,5,20,15.3,9
140,5,20,13.35,9
141,5,20,14.35,9
142,5,20,16.0,9
143,5,20,14.05,9
144,5,20,13.8,9
145,5,20,15.2,9
146,5,20,14.05,9
147,5,20,15.3,9
148,5,20,15.6,9
149,5,20,15.4,9
150,5,20,14.8,9
151,5,20,16.9,9
152,5,20,14.35,9
153,5,20,14.65,9
154,5,20,13.8,9
155,5,20,14.5,9
156,5,20,14.6,9
157,5,20,13.65,9
158,5,20,13.15,9
159,5,20,14.65,9
160,5,20,14.0,9
161,5,20,14.3,9
162,5,20,13.15,9
163,5,20,14.55,9
164,5,20,13.4,9
165,5,20,14.95,9
166,5,20,13.35,9
167,5,20,14.9,9
168,5,20,15.2,9
169,5,20,15.65,9
170,5,20,15.75,9
171,5,20,14.2,9
172,5,20,14.05,9
173,5,20,13.5,9
174,5,20,13.75,9
175,5,20,15.25,9
176,5,20,14.6,9
177,5,20,14.35,9
178,5,20,14.2,9
179,5,20,14.95,9
180,5,20,15.15,9
181,5,20,14.75,9
182,5,20,15.5,9
183,5,20,15.0,9
184,5,20,14.75,9
185,5,20,15.5,9
186,5,20,13.85,9
187,5,20,15.05,9
188,5,20,13.7,9
189,5,20,13.15,9
190,5,20,14.35,9
191,5,20,13.7,9
192,5,20,13.2,9
193,5,20,13.15,9
194,5,20,13.95,9
195,5,20,13.15,9
196,5,20,14.0,9
197,5,20,13.5,9
198,5,20,12.45,9
199,5,20,13.8,9
200,5,20,14.85,8
201,5,20,13.35,8
202,5,20,13.0,8
203,5,20,13.5,8
204,5,20,12.8,8
205,5,20,14.3,8
206,5,20,13.75,8
207,5,20,14.1,8
208,5,20,13.5,8
209,5,20,12.7,8
210,5,20,13.05,8
211,5,20,12.5,8
212,5,20,12.05,8
213,5,20,12.15,8
214,5,20,13.9,8
215,5,20,12.75,8
216,5,20,13.55,8
217,5,20,15.5,8
218,5,20,13.7,8
219,5,20,12.95,8
220,5,20,13.5,8
221,5,20,13.25,8
222,5,20,14.65,8
223,5,20,14.15,8
224,5,20,13.1,8
225,5,20,13.3,8
226,5,20,14.4,8
227,5,20,14.95,8
228,5,20,14.05,8
229,5,20,14.2,8
230,5,20,13.7,8
231,5,20,12.05,8
232,5,20,11.85,8
233,5,20,12.9,8
234,5,20,13.0,8
235,5,20,12.3,8
236,5,20,12.9,8
237,5,20,12.55,8
238,5,20,13.2,8
239,5,20,13.3,8
240,5,20,12.85,8
241,5,20,11.75,8
242,5,20,12.55,8
243,5,20,14.1,8
244,5,20,14.25,8
245,5,20,13.05,8
246,5,20,13.6,8
247,5,20,14.35,8
248,5,20,14.6,8
249,5,20,15.5,8
250,5,20,12.75,8
251,5,20,13.3,8
252,5,20,13.35,8
253,5,20,13.1,8
254,5,20,12.85,7
255,5,20,12.7,7
256,5,20,12.45,7
257,5,20,13.75,7
258,5,20,11.95,7
259,5,20,11.7,7
260,5,20,13.95,7
261,5,20,13.65,7
262,5,20,12.55,7
263,5,20,12.8,7
264,5,20,13.05,7
265,5,20,12.2,7
266,5,20,11.75,7
267,5,20,11.85,7
268,5,20,12.95,7
269,5,20,12.55,7
270,5,20,11.5,7
271,5,20,11.9,7
272,5,20,13.35,7
273,5,20,11.95,7
274,5,20,12.8,7
275,5,20,11.4,7
276,5,20,12.85,7
277,5,20,13.15,7
278,5,20,12.8,7
279,5,20,13.15,7
280,5,20,13.25,7
281,5,20,12.7,7
282,5,20,12.45,7
283,5,20,13.35,7
284,5,20,13.45,7
285,5,20,12.65,7
286,5,20,11.6,7
287,5,20,11.5,7
288,5,20,11.8,7
289,5,20,13.4,7
290,5,20,13.5,7
291,5,20,12.8,7
292,5,20,13.55,7
293,5,20,13.05,7
294,5,20,12.8,7
295,5,20,12.5,7
296,5,20,12.1,7
297,5,20,12.1,7
298,5,20,14.35,7
299,5,20,11.4,7
300,5,20,11.8,7
301,5,20,12.75,7
302,5,20,12.35,7
303,5,20,12.6,7
304,5,20,13.85,7
305,5,20,12.4,7
306,5,20,12.05,7
307,5,20,13.0,7
308,5,20,13.1,7
309,5,20,13.75,7
310,5,20,12.15,7
311,5,20,13.1,7
312,5,20,12.45,7
313,5,20,12.45,7
314,5,20,13.5,7
315,5,20,12.35,7
316,5,20,11.75,7
317,5,20,11.25,7
318,5,20,12.95,7
319,5,20,12.6,7
320,5,20,12.45,7
321,5,20,13.35,7
322,5,20,13.95,7
323,5,20,12.4,7
324,5,20,12.15,7
325,5,20,11.1,7
326,5,20,12.3,7
327,5,20,12.6,7
328,5,20,12.65,7
329,5,20,11.9,7
330,5,20,13.65,7
331,5,20,14.0,7
332,5,20,13.8,7
333,5,20,12.85,7
334,5,20,12.65,7
335,5,20,11.15,7
336,5,20,12.5,7
337,5,20,13.45,7
338,5,20,13.75,7
339,5,20,14.6,7
340,5,20,11.9,7
341,5,20,13.7,7
342,5,20,12.1,7
343,5,20,14.1,7
344,5,20,13.75,7
345,5,20,11.7,7
346,5,20,12.45,7
347,5,20,12.3,7
348,5,20,12.5,7
349,5,20,13.05,7
350,5,20,13.1,7
351,5,20,11.65,7
352,5,20,11.35,7
353,5,20,11.55,7
354,5,20,11.35,7
355,5,20,12.55,7
356,5,20,13.2,6
357,5,20,10.85,6
358,5,20,10.75,6
359,5,20,11.85,6
360,5,20,12.05,6
361,5,20,11.8,6
362,5,20,11.35,6
363,5,20,10.0,6
364,5,20,11.4,6
365,5,20,11.75,6
366,5,20,10.85,6
367,5,20,12.2,6
368,5,20,10.7,6
369,5,20,9.9,6
370,5,20,10.85,6
371,5,20,13.35,6
372,5,20,11.5,6
373,5,20,12.0,6
374,5,20,11.65,6
375,5,20,12.8,6
376,5,20,11.15,6
377,5,20,11.45,6
378,5,20,10.3,6
379,5,20,12.1,6
380,5,20,10.6,6
381,5,20,10.25,6
382,5,20,11.5,6
383,5,20,11.2,6
384,5,20,11.5,6
385,5,20,11.65,6
386,5,20,10.7,6
387,5,20,11.9,6
388,5,20,11.8,6
389,5,20,12.65,6
390,5,20,11.7,6
391,5,20,11.55,6
392,5,20,11.8,6
393,5,20,11.35,6
394,5,20,12.35,6
395,5,20,11.7,5
396,5,20,12.85,5
397,5,20,12.95,5
398,5,20,11.6,5
399,5,20,10.65,5
400,5,20,8.9,5
401,5,20,12.05,5
402,5,20,11.9,5
403,5,20,11.65,5
404,5,20,10.25,5
405,5,20,9.8,5
406,5,20,9.9,5
407,5,20,9.7,5
408,5,20,10.75,5
409,5,20,10.7,5
410,5,20,11.0,5
411,5,20,10.2,5
412,5,20,10.9,5
413,5,20,11.25,5
414,5,20,10.8,5
415,5,20,10.75,5
416,5,20,12.05,5
417,5,20,11.15,5
418,5,20,10.85,5
419,5,20,9.65,5
420,5,20,10.35,5
421,5,20,9.85,5
422,5,20,9.2,5
423,5,20,10.15,5
424,5,20,10.65,5
425,5,20,12.65,5
426,5,20,12.8,5
427,5,20,11.5,5
428,5,20,11.25,5
429,5,20,11.65,5
430,5,20,9.2,5
431,5,20,11.85,5
432,5,20,10.35,5
433,5,20,12.75,5
434,5,20,11.15,5
435,5,20,10.95,5
436,5,20,10.6,5
437,5,20,11.4,5
438,5,20,12.25,5
439,5,20,11.75,5
440,5,20,10.4,5
441,5,20,11.8,5
442,5,20,9.8,5
443,5,20,10.9,5
444,5,20,10.3,5
445,5,20,9.85,5
446,5,20,10.35,5
447,5,20,11.1,5
448,5,20,11.75,5
449,5,20,10.3,5
450,5,20,10.75,5
451,5,20,11.1,5
452,5,20,10.5,5
453,5,20,11.15,5
454,5,20,9.95,5
455,5,20,10.9,5
456,5,20,11.35,5
457,5,20,11.8,5
458,5,20,10.5,5
459,5,20,11.4,5
460,5,20,9.95,5
461,5,20,9.4,5
462,5,20,10.55,5
463,5,20,9.65,5
464,5,20,10.05,5
465,5,20,10.4,5
466,5,20,9.8,5
467,5,20,11.0,5
468,5,20,10.8,5
469,5,20,10.65,5
470,5,20,11.05,5
471,5,20,10.9,5
472,5,20,10.6,5
473,5,20,10.55,5
474,5,20,11.8,5
475,5,20,10.65,5
476,5,20,10.35,5
477,5,20,9.3,5
478,5,20,10.35,5
479,5,20,10.5,5
480,5,20,10.65,5
481,5,20,9.55,5
482,5,20,9.4,5
483,5,20,10.15,5
484,5,20,9.65,5
485,5,20,10.7,5
486,5,20,11.9,5
487,5,20,11.85,5
488,5,20,12.5,5
489,5,20,9.7,5
490,5,20,10.85,5
491,5,20,10.25,4
492,5,20,11.4,4
493,5,20,10.25,4
494,5,20,9.75,4
495,5,20,10.25,4
496,5,20,10.15,4
497,5,20,9.6,4
498,5,20,9.8,4
499,5,20,10.15,4
500,5,20,9.75,4
501,5,20,9.35,4
502,5,20,9.05,4
503,5,20,9.85,4
504,5,20,10.35,4
505,5,20,11.05,4
506,5,20,10.0,4
507,5,20,10.15,4
508,5,20,10.9,4
509,5,20,10.3,4
510,5,20,10.45,4
511,5,20,10.7,4
512,5,20,11.85,4
513,5,20,12.05,4
514,5,20,10.55,4
515,5,20,9.65,4
516,5,20,10.65,4
517,5,20,9.25,4
518,5,20,10.6,4
519,5,20,8.65,4
520,5,20,9.15,4
521,5,20,8.75,4
522,5,20,7.75,4
523,5,20,8.75,4
524,5,20,8.85,4
525,5,20,9.95,4
526,5,20,10.7,4
527,5,20,9.5,4
528,5,20,9.0,4
529,5,20,10.75,4
530,5,20,10.4,4
531,5,20,11.5,4
532,5,20,10.8,4
533,5,20,10.2,4
534,5,20,10.3,4
535,5,20,8.7,4
536,5,20,8.2,4
537,5,20,8.7,4
538,5,20,11.3,4
539,5,20,9.8,4
540,5,20,9.25,4
541,5,20,8.3,4
542,5,20,9.6,4
543,5,20,9.55,4
544,5,20,10.6,4
545,5,20,11.0,4
546,5,20,10.6,4
547,5,20,10.55,4
548,5,20,10.75,4
549,5,20,9.85,4
550,5,20,9.4,4
551,5,20,10.65,4
552,5,20,8.65,4
553,5,20,10.0,4
554,5,20,8.95,4
555,5,20,10.0,4
556,5,20,11.4,4
557,5,20,10.75,4
558,5,20,10.55,4
559,5,20,9.75,4
560,5,20,9.4,4
561,5,20,9.55,4
562,5,20,9.95,4
563,5,20,10.05,4
564,5,20,8.45,4
565,5,20,9.95,4
566,5,20,10.75,4
567,5,20,10.95,4
568,5,20,10.95,4
569,5,20,10.75,4
570,5,20,10.7,4
571,5,20,10.15,4
572,5,20,10.65,4
573,5,20,12.1,4
574,5,20,10.95,4
575,5,20,10.5,4
576,5,20,8.75,4
577,5,20,9.5,4
578,5,20,11.25,4
579,5,20,11.45,4
580,5,20,9.8,4
581,5,20,10.45,4
582,5,20,9.15,4
583,5,20,9.55,4
584,5,20,10.3,4
585,5,20,9.3,4
586,5,20,8.75,4
587,5,20,9.45,4
588,5,20,8.55,4
589,5,20,10.15,4
590,5,20,9.3,4
591,5,20,9.5,4
592,5,20,10.15,3
593,5,20,9.45,3
594,5,20,9.25,3
595,5,20,9.1,3
596,5,20,7.95,3
597,5,20,7.65,3
598,5,20,7.55,3
599,5,20,8.5,3
600,5,20,9.05,3
601,5,20,8.7,3
602,5,20,9.75,3
603,5,20,8.95,3
604,5,20,8.55,3
605,5,20,10.65,3
606,5,20,9.9,3
607,5,20,9.15,3
608,5,20,9.3,3
609,5,20,9.0,3
610,5,20,10.0,3
611,5,20,10.25,3
612,5,20,10.1,3
613,5,20,10.65,3
614,5,20,10.05,3
615,5,20,10.6,3
616,5,20,8.65,3
617,5,20,8.75,3
618,5,20,9.6,3
619,5,20,8.55,3
620,5,20,9.65,3
621,5,20,7.7,3
622,5,20,9.1,3
623,5,20,8.9,3
624,5,20,8.3,3
625,5,20,8.95,3
626,5,20,8.35,3
627,5,20,8.8,3
628,5,20,8.35,3
629,5,20,10.05,3
630,5,20,8.85,3
631,5,20,8.3,3
632,5,20,9.75,3
633,5,20,9.15,3
634,5,20,8.85,3
635,5,20,8.65,3
636,5,20,8.8,3
637,5,20,10.2,3
638,5,20,8.15,3
639,5,20,9.55,3
640,5,20,8.55,3
641,5,20,9.75,3
642,5,20,9.5,3
643,5,20,8.1,3
644,5,20,7.8,3
645,5,20,8.6,3
646,5,20,9.75,3
647,5,20,8.25,3
648,5,20,8.85,3
649,5,20,8.95,3
650,5,20,9.1,3
651,5,20,10.05,3
652,5,20,9.4,3
653,5,20,9.3,3
654,5,20,9.2,3
655,5,20,9.2,3
656,5,20,8.55,3
657,5,20,9.6,3
658,5,20,9.85,3
659,5,20,7.8,3
660,5,20,7.15,3
661,5,20,7.85,3
662,5,20,8.6,3
663,5,20,7.9,3
664,5,20,8.5,3
665,5,20,9.65,3
666,5,20,9.45,3
667,5,20,11.15,3
668,5,20,9.35,3
669,5,20,8.15,3
670,5,20,10.0,3
671,5,20,9.4,3
672,5,20,7.8,3
673,5,20,8.95,3
674,5,20,9.2,3
675,5,20,10.35,3
676,5,20,8.5,3
677,5,20,9.3,3
678,5,20,9.1,3
679,5,20,8.3,3
680,5,20,8.95,3
681,5,20,10.2,3
682,5,20,8.5,3
683,5,20,9.15,3
684,5,20,9.6,3
685,5,20,10.1,3
686,5,20,10.65,2
687,5,20,10.25,2
688,5,20,9.75,2
689,5,20,7.35,2
690,5,20,8.1,2
691,5,20,9.05,2
692,5,20,7.95,2
693,5,20,8.6,2
694,5,20,7.5,2
695,5,20,7.4,2
696,5,20,8.3,2
697,5,20,9.4,2
698,5,20,8.7,2
699,5,20,9.95,2
700,5,20,7.5,2
701,5,20,7.15,2
702,5,20,7.25,2
703,5,20,7.2,2
704,5,20,6.1,2
705,5,20,7.85,2
706,5,20,8.15,2
707,5,20,8.4,2
708,5,20,8.65,2
709,5,20,8.45,2
710,5,20,7.0,2
711,5,20,6.5,2
712,5,20,6.65,2
713,5,20,7.25,2
714,5,20,8.0,2
715,5,20,8.8,2
716,5,20,9.05,2
717,5,20,6.85,2
718,5,20,7.9,2
719,5,20,8.0,2
720,5,20,6.8,2
721,5,20,6.9,2
722,5,20,7.35,2
723,5,20,7.75,2
724,5,20,8.25,2
725,5,20,7.05,2
726,5,20,7.7,2
727,5,20,8.4,2
728,5,20,10.1,2
729,5,20,8.45,2
730,5,20,8.45,2
731,5,20,7.35,2
732,5,20,7.0,2
733,5,20,6.9,2
734,5,20,8.1,2
735,5,20,8.95,2
736,5,20,10.55,2
737,5,20,8.45,2
738,5,20,8.05,2
739,5,20,9.55,2
740,5,20,7.3,2
741,5,20,7.75,2
742,5,20,7.8,2
743,5,20,8.25,2
744,5,20,7.1,2
745,5,20,9.15,2
746,5,20,8.95,2
747,5,20,7.3,2
748,5,20,7.55,2
749,5,20,7.3,2
750,5,20,7.95,2
751,5,20,8.25,2
752,5,20,8.45,2
753,5,20,9.0,2
754,5,20,7.9,2
755,5,20,8.05,2
756,5,20,8.1,2
757,5,20,8.0,2
758,5,20,9.05,2
759,5,20,7.65,2
760,5,20,7.65,2
761,5,20,6.4,2
762,5,20,7.85,2
763,5,20,7.8,2
764,5,20,8.35,2
765,5,20,7.4,2
766,5,20,9.25,2
767,5,20,9.15,2
768,5,20,8.25,2
769,5,20,6.8,2
770,5,20,7.75,2
771,5,20,7.15,2
772,5,20,8.5,2
773,5,20,8.15,2
774,5,20,8.7,2
775,5,20,8.15,2
776,5,20,8.45,2
777,5,20,8.5,2
778,5,20,8.4,2
779,5,20,8.2,2
780,5,20,7.4,2
781,5,20,7.75,2
782,5,20,7.9,2
783,5,20,9.35,2
784,5,20,9.8,2
785,5,20,8.05,2
786,5,20,7.55,2
787,5,20,8.45,2
788,5,20,7.75,2
789,5,20,7.85,2
790,5,20,7.85,2
791,5,20,9.15,2
792,5,20,9.25,2
793,5,20,10.1,2
794,5,20,8.35,2
795,5,20,7.9,2
796,5,20,8.75,2
797,5,20,7.35,2
798,5,20,8.2,2
799,5,20,8.55,2
800,5,20,8.5,2
801,5,20,10.05,2
802,5,20,7.85,2
803,5,20,8.35,2
804,5,20,9.2,2
805,5,20,7.95,2
806,5,20,8.8,2
807,5,20,8.85,2
808,5,20,8.4,2
809,5,20,9.7,2
810,5,20,7.4,2
811,5,20,8.0,2
812,5,20,7.75,2
813,5,20,7.4,2
814,5,20,8.6,2
815,5,20,8.35,2
816,5,20,9.45,2
817,5,20,8.3,2
818,5,20,7.4,2
819,5,20,8.7,2
820,5,20,9.45,2
821,5,20,7.9,2
822,5,20,7.05,2
823,5,20,8.05,2
824,5,20,9.4,2
825,5,20,7.45,2
826,5,20,7.45,2
827,5,20,8.8,2
828,5,20,8.75,2
829,5,20,8.85,2
830,5,20,7.9,2
831,5,20,8.4,2
832,5,20,8.4,2
833,5,20,8.05,2
834,5,20,7.7,2
835,5,20,7.95,2
836,5,20,9.7,2
837,5,20,9.5,2
838,5,20,8.8,2
839,5,20,9.1,2
840,5,20,9.0,2
841,5,20,8.25,2
842,5,20,8.3,2
843,5,20,8.45,2
844,5,20,7.95,2
845,5,20,6.1,2
846,5,20,7.85,2
847,5,20,7.75,2
848,5,20,7.9,2
849,5,20,8.3,2
850,5,20,7.9,2
851,5,20,7.7,2
852,5,20,8.2,2
853,5,20,7.4,2
854,5,20,7.4,2
855,5,20,8.15,2
856,5,20,7.9,2
857,5,20,8.7,2
858,5,20,9.2,2
859,5,20,9.95,2
860,5,20,8.95,2
861,5,20,8.6,2
862,5,20,8.45,2
863,5,20,7.4,2
864,5,20,7.55,2
865,5,20,7.5,2
866,5,20,7.0,2
867,5,20,9.15,2
868,5,20,7.25,2
869,5,20,7.95,2
870,5,20,9.6,2
871,5,20,8.6,2
872,5,20,8.05,2
873,5,20,8.9,2
874,5,20,7.8,2
875,5,20,10.05,2
876,5,20,7.85,2
877,5,20,8.85,2
878,5,20,7.6,2
879,5,20,8.05,2
880,5,20,8.15,2
881,5,20,7.65,2
882,5,20,7.45,2
883,5,20,8.9,2
884,5,20,7.65,2
885,5,20,6.95,2
886,5,20,8.2,2
887,5,20,7.9,2
888,5,20,10.1,2
889,5,20,8.6,2
890,5,20,8.95,2
891,5,20,8.2,2
892,5,20,9.1,2
893,5,20,9.35,2
894,5,20,8.05,2
895,5,20,8.0,2
896,5,20,6.45,2
897,5,20,7.05,2
898,5,20,8.65,2
899,5,20,7.95,2
900,5,20,8.35,2
901,5,20,8.05,2
902,5,20,8.15,2
903,5,20,7.75,2
904,5,20,8.75,2
905,5,20,9.1,2
906,5,20,8.6,2
907,5,20,9.95,2
908,5,20,9.05,2
909,5,20,7.25,2
910,5,20,7.95,2
911,5,20,8.15,2
912,5,20,8.45,2
913,5,20,7.35,2
914,5,20,7.0,2
915,5,20,7.7,2
916,5,20,8.2,2
917,5,20,8.85,2
918,5,20,8.65,2
919,5,20,10.15,2
920,5,20,9.8,2
921,5,20,8.8,2
922,5,20,8.35,2
923,5,20,8.8,2
924,5,20,9.25,2
925,5,20,8.1,2
926,5,20,7.6,2
927,5,20,8.25,2
928,5,20,8.35,2
929,5,20,7.85,2
930,5,20,6.95,2
931,5,20,8.2,2
932,5,20,8.05,2
933,5,20,9.7,2
934,5,20,8.55,2
935,5,20,7.95,2
936,5,20,8.85,2
937,5,20,8.95,2
938,5,20,9.4,2
939,5,20,7.6,2
940,5,20,8.6,2
941,5,20,7.8,2
942,5,20,9.3,2
943,5,20,7.0,2
944,5,20,7.8,2
945,5,20,10.1,2
946,5,20,10.2,2
947,5,20,9.0,2
948,5,20,7.45,2
949,5,20,7.9,2
950,5,20,8.9,2
951,5,20,8.2,2
952,5,20,6.75,2
953,5,20,8.05,2
954,5,20,8.7,2
955,5,20,8.1,2
956,5,20,7.6,2
957,5,20,8.5,2
958,5,20,9.85,2
959,5,20,9.7,2
960,5,20,9.15,2
961,5,20,8.1,2
962,5,20,7.5,2
963,5,20,9.05,2
964,5,20,7.55,2
965,5,20,7.6,2
966,5,20,8.0,2
967,5,20,9.7,2
968,5,20,8.65,2
969,5,20,7.2,2
970,5,20,7.25,2
971,5,20,8.4,2
972,5,20,8.55,2
973,5,20,7.8,2
974,5,20,8.8,2
975,5,20,8.4,2
976,5,20,6.85,2
977,5,20,7.85,2
978,5,20,6.9,2
979,5,20,7.3,2
980,5,20,7.3,2
981,5,20,7.75,2
982,5,20,7.1,2
983,5,20,8.05,2
984,5,20,8.05,2
985,5,20,7.4,2
986,5,20,8.25,2
987,5,20,8.1,2
988,5,20,7.3,2
989,5,20,9.15,2
990,5,20,9.3,2
991,5,20,8.75,2
992,5,20,7.45,2
993,5,20,8.6,2
994,5,20,7.8,2
995,5,20,7.9,2
996,5,20,8.35,2
997,5,20,6.8,2
998,5,20,8.35,2
999,5,20,9.05,2
1000,5,20,7.85,2
1001,5,20,7.35,2
1002,5,20,8.05,2
1003,5,20,8.55,2
1004,5,20,9.05,2
1005,5,20,9.35,2
1006,5,20,9.9,2
1007,5,20,10.05,2
1008,5,20,9.1,2
1009,5,20,8.0,2
1010,5,20,8.4,2
1011,5,20,8.15,2
1012,5,20,8.65,2
1013,5,20,9.25,2
1014,5,20,8.7,2
1015,5,20,7.6,2
1016,5,20,7.45,2
1017,5,20,8.15,2
1018,5,20,7.95,2
1019,5,20,9.45,2
1020,5,20,8.7,2
1021,5,20,8.45,2
1022,5,20,9.3,2
1023,5,20,9.5,2
1024,5,20,8.25,2
1025,5,20,8.1,2
1026,5,20,8.6,2
1027,5,20,7.45,2
1028,5,20,7.25,2
1029,5,20,8.45,2
1030,5,20,10.9,2
1031,5,20,8.95,2
1032,5,20,8.95,2
1033,5,20,6.65,2
1034,5,20,7.45,2
1035,5,20,8.5,2
1036,5,20,7.85,2
1037,5,20,7.5,2
1038,5,20,7.05,2
1039,5,20,7.45,2
1040,5,20,8.05,2
1041,5,20,6.35,2
1042,5,20,9.95,2
1043,5,20,8.55,2
1044,5,20,6.75,2
1045,5,20,8.1,2
1046,5,20,9.5,2
1047,5,20,7.65,2
1048,5,20,8.1,2
1049,5,20,9.15,2
1050,5,20,9.45,2
1051,5,20,7.8,2
1052,5,20,8.3,2
1053,5,20,8.85,2
1054,5,20,8.9,2
1055,5,20,8.45,2
1056,5,20,10.65,2
1057,5,20,10.05,2
1058,5,20,8.55,2
1059,5,20,7.6,2
1060,5,20,8.15,2
1061,5,20,7.4,2
1062,5,20,9.2,2
1063,5,20,8.65,2
1064,5,20,8.7,2
1065,5,20,8.35,2
1066,5,20,9.65,2
1067,5,20,8.8,2
1068,5,20,8.95,2
1069,5,20,8.65,2
1070,5,20,7.5,2
1071,5,20,8.95,2
1072,5,20,8.0,2
1073,5,20,8.75,2
1074,5,20,8.15,2
1075,5,20,9.3,2
1076,5,20,9.55,2
1077,5,20,6.9,2
1078,5,20,8.4,2
1079,5,20,8.8,2
1080,5,20,8.2,2
1081,5,20,7.75,2
1082,5,20,7.55,2
1083,5,20,8.3,2
1084,5,20,9.4,2
1085,5,20,8.55,2
1086,5,20,8.65,2
1087,5,20,7.5,2
1088,5,20,8.3,2
1089,5,20,7.8,2
1090,5,20,10.05,2
1091,5,20,10.45,2
1092,5,20,8.25,2
1093,5,20,8.95,2
1094,5,20,7.9,2
1095,5,20,9.25,2
1096,5,20,11.0,2
1097,5,20,8.35,2
1098,5,20,8.95,2
1099,5,20,8.3,2
1100,5,20,8.5,2
1101,5,20,9.5,2
1102,5,20,9.55,2
1103,5,20,7.7,2
1104,5,20,8.0,2
1105,5,20,8.25,2
1106,5,20,8.9,2
1107,5,20,8.7,2
1108,5,20,7.6,1
1109,5,20,5.85,1
1110,5,20,6.2,1
1111,5,20,8.8,1
1112,5,20,7.55,1
1113,5,20,9.0,1
1114,5,20,7.4,1
1115,5,20,7.8,1
1116,5,20,9.1,1
1117,5,20,8.1,1
1118,5,20,7.25,1
1119,5,20,7.3,1
1120,5,20,7.4,1
1121,5,20,6.45,1
1122,5,20,6.9,1
1123,5,20,6.05,1
1124,5,20,7.6,1
1125,5,20,7.35,1
1126,5,20,8.0,1
1127,5,20,8.8,1
1128,5,20,6.9,1
1129,5,20,5.7,1
1130,5,20,7.3,1
1131,5,20,7.15,1
1132,5,20,7.0,1
1133,5,20,8.35,1
1134,5,20,7.15,1
1135,5,20,6.8,1
1136,5,20,7.4,1
1137,5,20,7.2,1
1138,5,20,7.7,1
1139,5,20,8.25,1
1140,5,20,7.35,1
1141,5,20,7.45,1
1142,5,20,8.3,1
1143,5,20,8.35,1
1144,5,20,8.0,1
1145,5,20,7.55,1
1146,5,20,6.7,1
1147,5,20,7.55,1
1148,5,20,6.4,1
1149,5,20,6.05,1
1150,5,20,5.9,1
1151,5,20,7.1,1
1152,5,20,7.55,1
1153,5,20,6.8,1
1154,5,20,7.5,1
1155,5,20,6.35,1
1156,5,20,7.8,1
1157,5,20,6.85,1
1158,5,20,6.9,1
1159,5,20,6.2,1
1160,5,20,6.55,1
1161,5,20,7.0,1
1162,5,20,6.95,1
1163,5,20,7.2,1
1164,5,20,6.9,1
1165,5,20,6.75,1
1166,5,20,7.4,1
1167,5,20,6.9,1
1168,5,20,7.25,1
1169,5,20,6.4,1
1170,5,20,6.6,1
1171,5,20,7.3,1
1172,5,20,7.5,1
1173,5,20,7.5,1
1174,5,20,8.05,1
1175,5,20,6.8,1
1176,5,20,6.0,1
1177,5,20,7.4,1
1178,5,20,7.45,1
1179,5,20,6.8,1
1180,5,20,7.35,1
1181,5,20,7.25,1
1182,5,20,7.55,1
1183,5,20,7.45,1
1184,5,20,6.65,1
1185,5,20,6.3,1
1186,5,20,8.7,1
1187,5,20,8.0,1
1188,5,20,8.95,1
1189,5,20,8.9,1
1190,5,20,7.85,1
1191,5,20,7.45,1
1192,5,20,6.9,1
1193,5,20,8.35,1
1194,5,20,7.9,1
1195,5,20,8.15,1
1196,5,20,7.15,1
1197,5,20,7.1,1
1198,5,20,8.7,1
1199,5,20,8.5,1
1200,5,20,7.85,1
1201,5,20,8.2,1
1202,5,20,7.7,1
1203,5,20,6.4,1
1204,5,20,7.35,1
1205,5,20,7.25,1
1206,5,20,5.8,1
1207,5,20,6.95,1
1208,5,20,7.9,1
1209,5,20,7.2,1
1210,5,20,7.3,1
1211,5,20,6.25,1
1212,5,20,6.6,1
1213,5,20,6.9,1
1214,5,20,7.5,1
1215,5,20,8.1,1
1216,5,20,8.5,1
1217,5,20,6.7,1
1218,5,20,8.15,1
1219,5,20,6.4,1
1220,5,20,7.35,1
1221,5,20,7.9,1
1222,5,20,7.25,1
1223,5,20,7.35,1
1224,5,20,8.7,1
1225,5,20,9.35,1
1226,5,20,8.05,1
1227,5,20,8.4,1
1228,5,20,8.2,1
1229,5,20,8.25,1
1230,5,20,6.0,1
1231,5,20,6.9,1
1232,5,20,8.15,1
1233,5,20,8.3,1
1234,5,20,7.85,1
1235,5,20,7.0,1
1236,5,20,8.5,1
1237,5,20,7.3,1
1238,5,20,9.1,1
1239,5,20,8.3,1
1240,5,20,6.95,1
1241,5,20,6.75,1
1242,5,20,6.75,1
1243,5,20,7.1,1
1244,5,20,8.25,1
1245,5,20,7.4,1
1246,5,20,7.4,1
1247,5,20,7.6,1
1248,5,20,8.25,1
1249,5,20,7.4,1
1250,5,20,8.5,1
1251,5,20,7.7,1
1252,5,20,8.05,1
1253,5,20,6.5,1
1254,5,20,6.95,1
1255,5,20,6.45,1
1256,5,20,7.15,1
1257,5,20,7.4,1
1258,5,20,6.95,1
1259,5,20,8.0,1
1260,5,20,7.85,1
1261,5,20,7.25,1
1262,5,20,5.8,1
1263,5,20,7.1,1
1264,5,20,5.35,1
1265,5,20,7.9,1
1266,5,20,7.75,1
1267,5,20,8.5,1
1268,5,20,7.7,1
1269,5,20,6.45,1
1270,5,20,5.2,1
1271,5,20,7.05,1
1272,5,20,5.85,1
1273,5,20,6.15,1
1274,5,20,6.75,1
1275,5,20,8.0,1
1276,5,20,7.1,1
1277,5,20,6.8,1
1278,5,20,7.8,1
1279,5,20,7.15,1
1280,5,20,7.05,1
1281,5,20,6.4,1
1282,5,20,7.0,1
1283,5,20,7.65,1
1284,5,20,7.3,1
1285,5,20,7.8,1
1286,5,20,8.95,1
1287,5,20,8.3,1
1288,5,20,7.6,1
1289,5,20,5.3,1
1290,5,20,6.85,1
1291,5,20,7.4,1
1292,5,20,8.65,1
1293,5,20,6.9,1
1294,5,20,6.8,1
1295,5,20,7.3,1
1296,5,20,8.1,1
1297,5,20,6.7,1
1298,5,20,6.2,1
1299,5,20,8.15,1
1300,5,20,7.95,1
1301,5,20,7.6,1
1302,5,20,7.0,1
1303,5,20,7.5,1
1304,5,20,7.25,1
1305,5,20,6.1,1
1306,5,20,6.1,1
1307,5,20,6.15,1
1308,5,20,7.6,1
1309,5,20,7.75,1
1310,5,20,7.0,1
1311,5,20,6.35,1
1312,5,20,8.7,1
1313,5,20,7.35,1
1314,5,20,6.3,1
1315,5,20,7.1,1
1316,5,20,7.55,1
1317,5,20,7.15,1
1318,5,20,8.25,1
1319,5,20,6.25,1
1320,5,20,7.6,1
1321,5,20,8.3,1
1322,5,20,6.95,1
1323,5,20,7.45,1
1324,5,20,6.9,1
1325,5,20,7.0,1
1326,5,20,6.85,1
1327,5,20,8.2,1
1328,5,20,5.8,1
1329,5,20,6.15,1
1330,5,20,7.55,1
1331,5,20,6.75,1
1332,5,20,7.95,1
1333,5,20,6.6,1
1334,5,20,6.25,1
1335,5,20,5.95,1
1336,5,20,6.85,1
1337,5,20,6.4,1
1338,5,20,7.45,1
1339,5,20,6.75,1
1340,5,20,8.75,1
1341,5,20,8.0,1
1342,5,20,7.7,1
1343,5,20,8.55,1
1344,5,20,7.5,1
1345,5,20,7.7,1
1346,5,20,7.55,1
1347,5,20,7.35,1
1348,5,20,7.3,1
1349,5,20,8.85,1
1350,5,20,8.9,1
1351,5,20,7.5,1
1352,5,20,6.45,1
1353,5,20,8.4,1
1354,5,20,7.95,1
1355,5,20,8.0,1
1356,5,20,7.4,1
1357,5,20,6.95,1
1358,5,20,7.15,1
1359,5,20,6.15,1
1360,5,20,7.6,1
1361,5,20,6.6,1
1362,5,20,5.2,1
1363,5,20,6.35,1
1364,5,20,6.2,1
1365,5,20,6.45,1
1366,5,20,8.05,1
1367,5,20,9.1,1
1368,5,20,9.35,1
1369,5,20,6.95,1
1370,5,20,9.25,1
1371,5,20,9.5,1
1372,5,20,7.9,1
1373,5,20,6.8,1
1374,5,20,7.65,1
1375,5,20,8.25,1
1376,5,20,6.85,1
1377,5,20,7.15,1
1378,5,20,8.1,1
1379,5,20,10.85,1
1380,5,20,7.3,1
1381,5,20,8.95,1
1382,5,20,8.0,1
1383,5,20,7.2,1
1384,5,20,8.1,1
1385,5,20,8.95,1
1386,5,20,8.6,1
1387,5,20,6.9,1
1388,5,20,6.55,1
1389,5,20,6.35,1
1390,5,20,7.25,1
1391,5,20,7.3,1
1392,5,20,6.65,1
1393,5,20,8.4,1
1394,5,20,7.65,1
1395,5,20,7.5,1
1396,5,20,6.85,1
1397,5,20,7.1,1
1398,5,20,6.55,1
1399,5,20,7.9,1
1400,5,20,6.2,1
1401,5,20,7.1,1
1402,5,20,7.95,1
1403,5,20,8.15,1
1404,5,20,7.8,1
1405,5,20,7.1,1
1406,5,20,7.15,1
1407,5,20,8.0,1
1408,5,20,7.7,1
1409,5,20,7.55,1
1410,5,20,8.0,1
1411,5,20,8.4,1
1412,5,20,8.35,1
1413,5,20,7.25,1
1414,5,20,6.7,1
1415,5,20,6.95,1
1416,5,20,7.65,1
1417,5,20,6.1,1
1418,5,20,5.85,1
1419,5,20,6.5,1
1420,5,20,6.05,1
1421,5,20,6.5,1
1422,5,20,7.45,1
1423,5,20,6.85,1
1424,5,20,7.35,1
1425,5,20,7.05,1
1426,5,20,6.5,1
1427,5,20,6.15,1
1428,5,20,6.2,1
1429,5,20,7.0,1
1430,5,20,7.2,1
1431,5,20,9.15,1
1432,5,20,8.35,1
1433,5,20,7.6,1
1434,5,20,7.65,1
1435,5,20,8.35,1
1436,5,20,8.35,1
1437,5,20,6.85,1
1438,5,20,8.25,1
1439,5,20,7.0,1
1440,5,20,6.25,1
1441,5,20,6.75,1
1442,5,20,6.75,1
1443,5,20,7.25,1
1444,5,20,6.6,1
1445,5,20,9.2,1
1446,5,20,10.0,1
1447,5,20,7.05,1
1448,5,20,7.95,1
1449,5,20,7.4,1
1450,5,20,7.7,1
1451,5,20,7.9,1
1452,5,20,7.55,1
1453,5,20,7.85,1
1454,5,20,7.15,1
1455,5,20,7.35,1
1456,5,20,6.15,1
1457,5,20,8.1,1
1458,5,20,7.95,1
1459,5,20,8.9,1
1460,5,20,6.6,1
1461,5,20,5.6,1
1462,5,20,7.95,1
1463,5,20,7.5,1
1464,5,20,8.35,1
1465,5,20,7.45,1
1466,5,20,5.7,1
1467,5,20,6.6,1
1468,5,20,6.15,1
1469,5,20,6.5,1
1470,5,20,6.5,1
1471,5,20,5.6,1
1472,5,20,6.05,1
1473,5,20,6.9,1
1474,5,20,8.05,1
1475,5,20,7.25,1
1476,5,20,7.2,1
1477,5,20,6.3,1
1478,5,20,8.2,1
1479,5,20,6.05,1
1480,5,20,7.35,1
1481,5,20,6.75,1
1482,5,20,8.25,1
1483,5,20,7.95,1
1484,5,20,8.0,1
1485,5,20,7.85,1
1486,5,20,7.15,1
1487,5,20,5.75,1
1488,5,20,6.85,1
1489,5,20,7.05,1
1490,5,20,7.55,1
1491,5,20,6.6,1
1492,5,20,8.7,1
1493,5,20,8.5,1
1494,5,20,6.6,1
1495,5,20,7.8,1
1496,5,20,7.55,1
1497,5,20,7.25,1
1498,5,20,7.6,1
1499,5,20,6.8,1
1500,5,20,7.7,1
1501,5,20,6.5,1
1502,5,20,7.9,1
1503,5,20,7.5,1
1504,5,20,6.85,1
1505,5,20,7.75,1
1506,5,20,6.85,1
1507,5,20,7.15,1
1508,5,20,6.4,1
1509,5,20,6.75,1
1510,5,20,7.65,1
1511,5,20,7.95,1
1512,5,20,8.25,1
1513,5,20,7.4,1
1514,5,20,7.15,1
1515,5,20,7.1,1
1516,5,20,6.95,1
1517,5,20,6.1,1
1518,5,20,6.1,1
1519,5,20,6.05,1
1520,5,20,6.7,1
1521,5,20,8.15,1
1522,5,20,7.35,1
1523,5,20,6.85,1
1524,5,20,5.9,1
1525,5,20,6.4,1
1526,5,20,6.35,1
1527,5,20,8.3,1
1528,5,20,7.2,1
1529,5,20,6.65,1
1530,5,20,7.6,1
1531,5,20,6.9,1
1532,5,20,5.35,1
1533,5,20,7.4,1
1534,5,20,7.7,1
1535,5,20,7.0,1
1536,5,20,6.5,1
1537,5,20,8.95,1
1538,5,20,8.2,1
1539,5,20,7.45,1
1540,5,20,7.8,1
1541,5,20,7.6,1
1542,5,20,8.35,1
1543,5,20,8.95,1
1544,5,20,9.15,1
1545,5,20,8.15,1
1546,5,20,7.45,1
1547,5,20,7.2,1
1548,5,20,8.05,1
1549,5,20,6.65,1
1550,5,20,7.75,1
1551,5,20,7.55,1
1552,5,20,7.95,1
1553,5,20,6.35,1
1554,5,20,6.55,0
0,1,50,57.84,28
1,1,50,40.82,28
2,1,50,31.2,26
3,1,50,29.66,22
4,1,50,27.16,22
5,1,50,25.64,21
6,1,50,25.56,20
7,1,50,24.64,19
8,1,50,24.1,19
9,1,50,23.0,19
10,1,50,22.66,18
11,1,50,21.88,18
12,1,50,21.38,16
13,1,50,21.06,16
14,1,50,20.8,16
15,1,50,20.86,16
16,1,50,20.44,16
17,1,50,19.84,16
18,1,50,19.1,16
19,1,50,19.98,16
20,1,50,19.96,15
21,1,50,20.02,15
22,1,50,20.14,15
23,1,50,18.6,14
24,1,50,18.82,14
25,1,50,17.46,14
26,1,50,18.26,13
27,1,50,18.06,11
28,1,50,15.86,11
29,1,50,15.88,11
30,1,50,15.66,11
31,1,50,15.24,11
32,1,50,15.0,10
33,1,50,15.98,10
34,1,50,14.8,10
35,1,50,15.3,10
36,1,50,14.88,10
37,1,50,14.96,10
38,1,50,14.9,10
39,1,50,14.66,10
40,1,50,14.64,10
41,1,50,14.98,10
42,1,50,14.62,10
43,1,50,14.38,10
44,1,50,15.3,10
45,1,50,14.52,10
46,1,50,14.62,9
47,1,50,13.86,9
48,1,50,13.92,9
49,1,50,13.86,9
50,1,50,14.74,9
51,1,50,15.4,9
52,1,50,14.72,9
53,1,50,14.54,9
54,1,50,15.0,9
55,1,50,14.62,9
56,1,50,13.16,9
57,1,50,13.94,9
58,1,50,14.24,9
59,1,50,14.1,9
60,1,50,14.38,9
61,1,50,13.62,9
62,1,50,13.28,9
63,1,50,13.58,9
64,1,50,13.4,9
65,1,50,14.3,9
66,1,50,14.38,8
67,1,50,13.7,8
68,1,50,14.16,8
69,1,50,13.4,8
70,1,50,13.7,8
71,1,50,13.52,8
72,1,50,13.66,8
73,1,50,13.5,8
74,1,50,13.24,8
75,1,50,12.52,8
76,1,50,12.52,8
77,1,50,13.12,8
78,1,50,13.7,8
79,1,50,12.62,8
80,1,50,12.62,8
81,1,50,12.18,8
82,1,50,12.94,8
83,1,50,12.66,8
84,1,50,13.0,8
85,1,50,13.96,8
86,1,50,12.52,8
87,1,50,13.42,8
88,1,50,13.46,8
89,1,50,12.4,8
90,1,50,12.66,8
91,1,50,12.5,8
92,1,50,13.36,8
93,1,50,12.56,8
94,1,50,12.58,8
95,1,50,13.14,8
96,1,50,12.94,8
97,1,50,14.16,8
98,1,50,13.14,8
99,1,50,12.98,8
100,1,50,12.92,8
101,1,50,12.8,8
102,1,50,12.54,7
103,1,50,12.58,7
104,1,50,12.04,7
105,1,50,11.72,7
106,1,50,11.92,7
107,1,50,11.9,6
108,1,50,12.34,6
109,1,50,11.06,6
110,1,50,11.24,6
111,1,50,10.22,6
112,1,50,11.1,6
113,1,50,10.64,6
114,1,50,10.58,6
115,1,50,10.96,6
116,1,50,11.6,6
117,1,50,10.66,6
118,1,50,11.22,6
119,1,50,10.88,6
120,1,50,11.18,6
121,1,50,10.78,6
122,1,50,11.44,6
123,1,50,11.3,6
124,1,50,11.52,6
125,1,50,11.22,6
126,1,50,10.72,6
127,1,50,11.54,6
128,1,50,11.14,6
129,1,50,11.38,6
130,1,50,10.7,6
131,1,50,11.52,6
132,1,50,11.32,6
133,1,50,11.42,6
134,1,50,12.36,6
135,1,50,12.26,6
136,1,50,11.02,6
137,1,50,11.38,6
138,1,50,12.4,6
139,1,50,12.4,6
140,1,50,11.7,6
141,1,50,11.98,6
142,1,50,11.18,6
143,1,50,11.14,6
144,1,50,10.66,6
145,1,50,11.48,6
146,1,50,11.88,6
147,1,50,11.84,6
148,1,50,10.6,6
149,1,50,10.72,6
150,1,50,12.18,6
151,1,50,11.76,6
152,1,50,11.1,6
153,1,50,11.0,6
154,1,50,11.18,6
155,1,50,11.42,5
156,1,50,10.86,5
157,1,50,9.64,5
158,1,50,10.74,5
159,1,50,10.84,5
160,1,50,10.26,5
161,1,50,10.1,5
162,1,50,11.04,5
163,1,50,11.64,5
164,1,50,10.72,5
165,1,50,9.54,5
166,1,50,10.64,5
167,1,50,10.84,5
168,1,50,11.24,5
169,1,50,11.5,5
170,1,50,10.34,5
171,1,50,11.38,5
172,1,50,10.76,5
173,1,50,9.9,5
174,1,50,10.44,5
175,1,50,10.86,5
176,1,50,9.88,5
177,1,50,10.2,5
178,1,50,10.94,5
179,1,50,9.76,5
180,1,50,11.3,5
181,1,50,10.24,5
182,1,50,10.38,5
183,1,50,9.7,5
184,1,50,10.84,5
185,1,50,8.98,5
186,1,50,10.34,5
187,1,50,10.28,5
188,1,50,10.32,5
189,1,50,10.2,5
190,1,50,11.08,5
191,1,50,10.52,5
192,1,50,10.58,5
193,1,50,9.5,5
194,1,50,11.3,5
195,1,50,10.28,5
196,1,50,9.82,5
197,1,50,9.96,5
198,1,50,10.36,5
199,1,50,10.56,5
200,1,50,10.66,5
201,1,50,10.2,5
202,1,50,9.78,5
203,1,50,11.14,5
204,1,50,10.34,5
205,1,50,10.14,5
206,1,50,10.04,5
207,1,50,9.56,5
208,1,50,10.56,5
209,1,50,10.58,5
210,1,50,10.46,5
211,1,50,10.42,4
212,1,50,10.38,4
213,1,50,9.66,4
214,1,50,10.38,4
215,1,50,9.92,4
216,1,50,9.28,4
217,1,50,8.94,4
218,1,50,9.26,4
219,1,50,9.42,4
220,1,50,9.16,4
221,1,50,9.78,4
222,1,50,9.6,4
223,1,50,10.02,4
224,1,50,9.8,4
225,1,50,9.68,4
226,1,50,9.22,4
227,1,50,9.46,4
228,1,50,10.06,4
229,1,50,9.64,4
230,1,50,9.86,4
231,1,50,9.98,4
232,1,50,9.58,4
233,1,50,9.9,4
234,1,50,10.54,4
235,1,50,9.7,4
236,1,50,9.32,4
237,1,50,10.46,4
238,1,50,9.64,4
239,1,50,9.66,4
240,1,50,9.78,4
241,1,50,9.84,4
242,1,50,9.68,4
243,1,50,9.96,4
244,1,50,9.94,4
245,1,50,10.16,4
246,1,50,9.68,4
247,1,50,9.92,4
248,1,50,9.72,4
249,1,50,9.58,3
250,1,50,8.7,3
251,1,50,9.12,3
252,1,50,8.54,3
253,1,50,9.16,3
254,1,50,8.56,3
255,1,50,8.92,3
256,1,50,9.32,3
257,1,50,9.14,3
258,1,50,8.22,3
259,1,50,8.82,3
260,1,50,9.74,3
261,1,50,8.22,3
262,1,50,8.64,3
263,1,50,8.46,3
264,1,50,9.24,3
265,1,50,8.9,3
266,1,50,8.7,3
267,1,50,8.74,3
268,1,50,8.24,3
269,1,50,9.12,3
270,1,50,9.32,3
271,1,50,8.92,3
272,1,50,8.54,3
273,1,50,8.96,3
274,1,50,8.82,3
275,1,50,8.06,3
276,1,50,9.3,3
277,1,50,9.4,3
278,1,50,7.56,3
279,1,50,8.24,3
280,1,50,9.28,3
281,1,50,9.74,3
282,1,50,8.34,3
283,1,50,7.96,3
284,1,50,9.1,3
285,1,50,8.94,3
286,1,50,8.5,3
287,1,50,9.04,3
288,1,50,8.86,3
289,1,50,9.6,3
290,1,50,9.38,3
291,1,50,8.88,3
292,1,50,8.54,3
293,1,50,8.72,3
294,1,50,9.52,3
295,1,50,9.66,3
296,1,50,9.6,3
297,1,50,8.78,3
298,1,50,8.78,3
299,1,50,8.0,3
300,1,50,9.12,3
301,1,50,9.04,3
302,1,50,8.76,3
303,1,50,8.08,3
304,1,50,9.12,3
305,1,50,8.04,3
306,1,50,8.72,3
307,1,50,9.16,3
308,1,50,8.74,3
309,1,50,8.94,3
310,1,50,8.42,3
311,1,50,8.24,3
312,1,50,8.84,3
313,1,50,9.54,3
314,1,50,8.68,3
315,1,50,9.7,3
316,1,50,9.54,3
317,1,50,10.56,3
318,1,50,9.5,2
319,1,50,7.72,2
320,1,50,8.18,2
321,1,50,8.32,2
322,1,50,8.26,2
323,1,50,7.04,2
324,1,50,7.72,2
325,1,50,8.32,2
326,1,50,7.3,2
327,1,50,7.24,2
328,1,50,7.84,2
329,1,50,7.62,2
330,1,50,7.78,2
331,1,50,8.3,2
332,1,50,8.0,2
333,1,50,8.38,2
334,1,50,8.52,2
335,1,50,8.42,2
336,1,50,8.26,2
337,1,50,8.2,2
338,1,50,8.16,2
339,1,50,8.28,2
340,1,50,8.06,2
341,1,50,7.36,2
342,1,50,7.62,2
343,1,50,7.74,2
344,1,50,8.64,2
345,1,50,8.7,2
346,1,50,7.76,2
347,1,50,7.68,2
348,1,50,7.56,2
349,1,50,8.1,2
350,1,50,9.0,2
351,1,50,7.98,2
352,1,50,7.68,2
353,1,50,8.34,2
354,1,50,6.94,2
355,1,50,6.94,2
356,1,50,7.88,2
357,1,50,8.36,2
358,1,50,8.0,2
359,1,50,7.2,2
360,1,50,6.92,2
361,1,50,8.5,2
362,1,50,8.26,2
363,1,50,8.28,2
364,1,50,8.96,2
365,1,50,8.0,2
366,1,50,6.92,2
367,1,50,7.88,2
368,1,50,8.0,2
369,1,50,8.02,2
370,1,50,8.42,2
371,1,50,8.08,2
372,1,50,7.32,2
373,1,50,7.68,2
374,1,50,8.96,2
375,1,50,8.28,2
376,1,50,8.2,2
377,1,50,6.98,2
378,1,50,7.54,2
379,1,50,7.66,2
380,1,50,7.32,2
381,1,50,8.32,2
382,1,50,7.92,2
383,1,50,8.04,2
384,1,50,7.26,2
385,1,50,8.0,2
386,1,50,6.88,2
387,1,50,7.74,2
388,1,50,8.12,2
389,1,50,7.96,2
390,1,50,7.32,2
391,1,50,8.64,2
392,1,50,7.78,2
393,1,50,8.12,2
394,1,50,8.54,2
395,1,50,9.28,2
396,1,50,7.92,2
397,1,50,7.48,2
398,1,50,7.94,2
399,1,50,7.38,2
400,1,50,7.28,2
401,1,50,7.26,2
402,1,50,8.56,2
403,1,50,7.62,2
404,1,50,7.82,2
405,1,50,7.9,2
406,1,50,7.36,2
407,1,50,7.9,2
408,1,50,7.82,2
409,1,50,7.58,2
410,1,50,8.0,2
411,1,50,8.42,2
412,1,50,6.9,2
413,1,50,8.9,2
414,1,50,7.68,2
415,1,50,8.12,2
416,1,50,7.86,2
417,1,50,7.82,2
418,1,50,9.02,2
419,1,50,8.52,2
420,1,50,8.08,2
421,1,50,8.06,2
422,1,50,7.72,2
423,1,50,7.88,2
424,1,50,7.52,2
425,1,50,7.0,2
426,1,50,7.34,2
427,1,50,8.34,2
428,1,50,7.04,2
429,1,50,7.4,2
430,1,50,8.18,2
431,1,50,8.22,2
432,1,50,8.06,2
433,1,50,8.18,2
434,1,50,7.62,2
435,1,50,8.26,2
436,1,50,8.06,2
437,1,50,7.72,2
438,1,50,8.14,2
439,1,50,7.56,2
440,1,50,6.78,2
441,1,50,7.98,2
442,1,50,7.66,2
443,1,50,7.04,2
444,1,50,7.34,2
445,1,50,7.8,2
446,1,50,7.38,2
447,1,50,7.46,2
448,1,50,9.26,2
449,1,50,8.2,2
450,1,50,7.46,2
451,1,50,7.04,2
452,1,50,7.72,2
453,1,50,7.66,2
454,1,50,7.3,2
455,1,50,7.14,2
456,1,50,8.2,2
457,1,50,7.42,2
458,1,50,7.74,2
459,1,50,7.34,2
460,1,50,7.78,2
461,1,50,6.7,2
462,1,50,8.14,2
463,1,50,8.36,2
464,1,50,8.42,2
465,1,50,7.78,2
466,1,50,9.24,2
467,1,50,9.62,2
468,1,50,7.88,2
469,1,50,7.56,2
470,1,50,8.26,2
471,1,50,7.14,2
472,1,50,7.68,2
473,1,50,8.14,2
474,1,50,7.76,2
475,1,50,7.2,2
476,1,50,7.88,2
477,1,50,7.82,2
478,1,50,8.56,2
479,1,50,8.2,2
480,1,50,7.8,2
481,1,50,7.56,2
482,1,50,7.8,2
483,1,50,7.86,2
484,1,50,7.26,2
485,1,50,8.04,2
486,1,50,8.7,2
487,1,50,7.42,2
488,1,50,7.28,2
489,1,50,8.22,2
490,1,50,7.56,2
491,1,50,8.52,2
492,1,50,8.48,2
493,1,50,7.42,2
494,1,50,7.7,2
495,1,50,8.1,2
496,1,50,7.88,2
497,1,50,8.24,2
498,1,50,8.4,2
499,1,50,8.28,2
500,1,50,8.12,2
501,1,50,7.86,2
502,1,50,7.32,2
503,1,50,6.96,2
504,1,50,8.28,2
505,1,50,7.82,2
506,1,50,8.36,2
507,1,50,7.7,2
508,1,50,7.18,2
509,1,50,7.28,2
510,1,50,8.44,2
511,1,50,8.06,2
512,1,50,7.08,2
513,1,50,8.62,2
514,1,50,8.76,2
515,1,50,8.22,2
516,1,50,8.5,2
517,1,50,8.18,2
518,1,50,7.82,2
519,1,50,8.2,2
520,1,50,7.52,2
521,1,50,7.42,2
522,1,50,8.76,2
523,1,50,9.28,2
524,1,50,9.6,2
525,1,50,8.62,2
526,1,50,9.0,2
527,1,50,8.68,2
528,1,50,7.94,2
529,1,50,7.98,2
530,1,50,8.22,2
531,1,50,7.66,2
532,1,50,8.38,2
533,1,50,8.32,2
534,1,50,8.28,2
535,1,50,7.68,2
536,1,50,8.88,2
537,1,50,7.9,2
538,1,50,8.52,2
539,1,50,8.42,2
540,1,50,8.82,2
541,1,50,8.66,2
542,1,50,8.26,2
543,1,50,9.14,2
544,1,50,8.6,2
545,1,50,7.4,2
546,1,50,8.52,2
547,1,50,8.18,2
548,1,50,7.8,2
549,1,50,8.2,2
550,1,50,7.38,2
551,1,50,7.1,2
552,1,50,7.64,2
553,1,50,6.4,2
554,1,50,7.6,2
555,1,50,7.12,2
556,1,50,7.54,2
557,1,50,8.18,2
558,1,50,7.94,2
559,1,50,7.74,2
560,1,50,8.06,2
561,1,50,7.12,2
562,1,50,7.48,2
563,1,50,7.5,2
564,1,50,7.88,2
565,1,50,7.98,2
566,1,50,8.16,2
567,1,50,7.94,2
568,1,50,8.22,2
569,1,50,7.8,2
570,1,50,7.68,2
571,1,50,8.44,2
572,1,50,8.5,2
573,1,50,8.36,2
574,1,50,8.54,2
575,1,50,7.84,2
576,1,50,7.6,2
577,1,50,7.9,2
578,1,50,7.18,2
579,1,50,7.54,2
580,1,50,7.56,2
581,1,50,7.54,2
582,1,50,7.76,2
583,1,50,8.46,2
584,1,50,7.28,2
585,1,50,8.54,2
586,1,50,7.58,2
587,1,50,7.36,2
588,1,50,7.64,2
589,1,50,7.04,2
590,1,50,6.34,2
591,1,50,7.16,2
592,1,50,8.5,2
593,1,50,7.06,2
594,1,50,7.32,2
595,1,50,7.36,2
596,1,50,7.86,2
597,1,50,7.0,2
598,1,50,7.38,2
599,1,50,6.82,2
600,1,50,7.3,2
601,1,50,7.84,2
602,1,50,6.52,2
603,1,50,7.44,2
604,1,50,7.78,2
605,1,50,8.34,2
606,1,50,7.96,2
607,1,50,8.86,2
608,1,50,8.12,2
609,1,50,8.7,2
610,1,50,8.12,2
611,1,50,8.36,2
612,1,50,8.08,2
613,1,50,6.6,2
614,1,50,7.46,2
615,1,50,8.12,2
616,1,50,7.22,2
617,1,50,7.66,2
618,1,50,8.18,2
619,1,50,7.5,2
620,1,50,7.6,2
621,1,50,7.92,2
622,1,50,8.16,2
623,1,50,7.92,2
624,1,50,8.04,2
625,1,50,8.74,2
626,1,50,7.44,2
627,1,50,7.98,2
628,1,50,7.8,2
629,1,50,7.2,2
630,1,50,7.74,2
631,1,50,8.6,2
632,1,50,7.4,2
633,1,50,8.06,2
634,1,50,8.38,2
635,1,50,8.04,2
636,1,50,7.82,2
637,1,50,6.96,2
638,1,50,8.68,2
639,1,50,7.72,2
640,1,50,7.58,2
641,1,50,7.08,2
642,1,50,6.8,2
643,1,50,8.12,2
644,1,50,8.58,2
645,1,50,8.2,2
646,1,50,7.4,2
647,1,50,7.9,2
648,1,50,7.66,2
649,1,50,8.32,2
650,1,50,8.4,2
651,1,50,8.06,2
652,1,50,7.22,2
653,1,50,7.2,2
654,1,50,8.28,2
655,1,50,7.66,2
656,1,50,8.26,2
657,1,50,7.08,2
658,1,50,7.58,2
659,1,50,9.14,2
660,1,50,7.78,2
661,1,50,7.5,2
662,1,50,8.08,2
663,1,50,8.04,2
664,1,50,8.08,2
665,1,50,8.1,2
666,1,50,8.98,2
667,1,50,7.08,2
668,1,50,7.52,2
669,1,50,8.6,2
670,1,50,8.06,2
671,1,50,8.2,2
672,1,50,8.48,2
673,1,50,8.28,2
674,1,50,8.44,2
675,1,50,8.36,2
676,1,50,7.18,2
677,1,50,7.2,2
678,1,50,7.76,2
679,1,50,7.04,2
680,1,50,8.56,2
681,1,50,8.38,2
682,1,50,7.7,2
683,1,50,7.7,2
684,1,50,7.44,2
685,1,50,7.58,2
686,1,50,8.38,2
687,1,50,7.78,2
688,1,50,7.8,2
689,1,50,6.98,2
690,1,50,8.38,2
691,1,50,8.4,2
692,1,50,7.64,2
693,1,50,7.22,2
694,1,50,8.38,2
695,1,50,7.74,2
696,1,50,6.98,2
697,1,50,6.72,2
698,1,50,7.58,2
699,1,50,7.06,2
700,1,50,7.24,2
701,1,50,8.58,2
702,1,50,7.66,2
703,1,50,8.42,2
704,1,50,7.62,2
705,1,50,8.48,2
706,1,50,7.58,2
707,1,50,8.08,2
708,1,50,8.68,2
709,1,50,9.06,2
710,1,50,8.92,2
711,1,50,7.9,2
712,1,50,7.9,2
713,1,50,8.7,2
714,1,50,6.74,2
715,1,50,8.08,2
716,1,50,8.7,2
717,1,50,8.04,2
718,1,50,7.64,2
719,1,50,7.16,2
720,1,50,7.78,2
721,1,50,7.96,2
722,1,50,8.64,2
723,1,50,8.54,2
724,1,50,7.86,2
725,1,50,7.7,2
726,1,50,6.92,1
727,1,50,7.52,1
728,1,50,7.64,1
729,1,50,6.9,1
730,1,50,7.12,1
731,1,50,7.2,1
732,1,50,7.08,1
733,1,50,6.88,1
734,1,50,7.36,1
735,1,50,6.88,1
736,1,50,8.38,1
737,1,50,6.42,1
738,1,50,6.44,1
739,1,50,6.2,1
740,1,50,7.16,1
741,1,50,7.44,1
742,1,50,6.6,1
743,1,50,8.74,1
744,1,50,7.32,1
745,1,50,6.94,1
746,1,50,6.88,1
747,1,50,7.3,1
748,1,50,6.74,1
749,1,50,6.58,1
750,1,50,6.18,1
751,1,50,7.46,1
752,1,50,6.66,1
753,1,50,7.24,1
754,1,50,7.28,1
755,1,50,6.58,1
756,1,50,5.74,1
757,1,50,6.62,1
758,1,50,6.64,1
759,1,50,6.9,1
760,1,50,6.54,1
761,1,50,6.06,1
762,1,50,7.56,1
763,1,50,6.88,1
764,1,50,7.62,1
765,1,50,6.98,1
766,1,50,7.32,1
767,1,50,6.7,1
768,1,50,6.6,1
769,1,50,7.16,1
770,1,50,6.46,1
771,1,50,7.14,1
772,1,50,7.5,1
773,1,50,6.96,1
774,1,50,6.92,1
775,1,50,7.1,1
776,1,50,6.76,1
777,1,50,6.88,1
778,1,50,6.04,1
779,1,50,7.4,1
780,1,50,7.92,1
781,1,50,7.2,1
782,1,50,7.06,1
783,1,50,6.22,1
784,1,50,6.6,1
785,1,50,6.34,1
786,1,50,6.96,1
787,1,50,7.8,1
788,1,50,7.34,1
789,1,50,6.54,1
790,1,50,6.44,1
791,1,50,7.38,1
792,1,50,7.38,1
793,1,50,6.78,1
794,1,50,7.34,1
795,1,50,7.72,1
796,1,50,6.38,1
797,1,50,6.72,1
798,1,50,6.0,1
799,1,50,7.5,1
800,1,50,7.02,1
801,1,50,6.78,1
802,1,50,7.28,1
803,1,50,7.48,1
804,1,50,6.74,1
805,1,50,7.16,1
806,1,50,7.68,1
807,1,50,7.7,1
808,1,50,7.34,1
809,1,50,7.78,1
810,1,50,7.3,1
811,1,50,7.18,1
812,1,50,6.98,1
813,1,50,7.66,1
814,1,50,6.72,1
815,1,50,7.34,1
816,1,50,6.82,1
817,1,50,6.92,1
818,1,50,6.44,1
819,1,50,6.46,1
820,1,50,5.86,1
821,1,50,6.5,1
822,1,50,7.0,1
823,1,50,6.36,1
824,1,50,7.02,1
825,1,50,7.28,1
826,1,50,7.14,1
827,1,50,8.08,1
828,1,50,7.2,1
829,1,50,6.7,1
830,1,50,6.74,1
831,1,50,6.34,1
832,1,50,7.04,1
833,1,50,6.94,1
834,1,50,7.0,1
835,1,50,6.6,1
836,1,50,6.46,1
837,1,50,5.98,1
838,1,50,7.48,1
839,1,50,6.7,1
840,1,50,6.48,1
841,1,50,6.9,1
842,1,50,7.34,1
843,1,50,6.28,1
844,1,50,6.9,1
845,1,50,7.14,1
846,1,50,6.98,1
847,1,50,6.78,1
848,1,50,6.84,1
849,1,50,7.16,1
850,1,50,7.96,1
851,1,50,6.78,1
852,1,50,6.68,1
853,1,50,7.32,1
854,1,50,7.22,1
855,1,50,7.14,1
856,1,50,7.22,1
857,1,50,7.12,1
858,1,50,6.36,1
859,1,50,6.08,1
860,1,50,6.92,1
861,1,50,6.82,1
862,1,50,5.66,1
863,1,50,6.04,1
864,1,50,6.7,1
865,1,50,6.64,1
866,1,50,6.5,1
867,1,50,7.18,1
868,1,50,7.76,1
869,1,50,8.38,1
870,1,50,7.76,1
871,1,50,7.78,1
872,1,50,7.7,1
873,1,50,7.94,1
874,1,50,6.94,1
875,1,50,7.08,1
876,1,50,8.04,1
877,1,50,7.06,1
878,1,50,6.66,1
879,1,50,6.76,1
880,1,50,6.62,1
881,1,50,6.86,1
882,1,50,8.14,1
883,1,50,6.82,1
884,1,50,7.5,1
885,1,50,6.76,1
886,1,50,6.84,1
887,1,50,6.28,1
888,1,50,8.04,1
889,1,50,7.2,1
890,1,50,7.48,1
891,1,50,6.42,1
892,1,50,6.98,1
893,1,50,5.78,1
894,1,50,7.24,1
895,1,50,6.72,1
896,1,50,6.72,1
897,1,50,6.98,1
898,1,50,6.7,1
899,1,50,7.32,1
900,1,50,6.48,1
901,1,50,7.14,1
902,1,50,6.2,1
903,1,50,7.14,1
904,1,50,6.6,1
905,1,50,7.46,1
906,1,50,6.58,1
907,1,50,7.36,1
908,1,50,7.46,1
909,1,50,7.54,1
910,1,50,6.6,1
911,1,50,6.92,1
912,1,50,6.92,1
913,1,50,6.78,1
914,1,50,6.84,1
915,1,50,6.58,1
916,1,50,6.64,1
917,1,50,6.1,1
918,1,50,6.8,1
919,1,50,6.66,1
920,1,50,6.68,1
921,1,50,6.54,1
922,1,50,6.8,1
923,1,50,7.36,1
924,1,50,6.96,1
925,1,50,6.74,1
926,1,50,6.84,1
927,1,50,7.34,1
928,1,50,7.64,1
929,1,50,6.64,1
930,1,50,6.1,1
931,1,50,7.58,1
932,1,50,6.68,1
933,1,50,6.36,1
934,1,50,7.32,1
935,1,50,7.22,1
936,1,50,6.4,1
937,1,50,7.68,1
938,1,50,8.04,1
939,1,50,6.06,1
940,1,50,5.68,1
941,1,50,6.3,1
942,1,50,6.8,1
943,1,50,7.44,1
944,1,50,7.24,1
945,1,50,6.74,1
946,1,50,6.74,1
947,1,50,6.12,1
948,1,50,7.12,1
949,1,50,7.24,1
950,1,50,6.46,1
951,1,50,5.6,1
952,1,50,5.8,1
953,1,50,6.2,1
954,1,50,6.36,1
955,1,50,6.38,1
956,1,50,6.74,1
957,1,50,7.86,1
958,1,50,6.48,1
959,1,50,7.12,1
960,1,50,5.98,1
961,1,50,6.7,1
962,1,50,6.8,1
963,1,50,6.3,1
964,1,50,7.06,1
965,1,50,6.68,1
966,1,50,6.66,1
967,1,50,6.74,1
968,1,50,7.22,1
969,1,50,6.84,1
970,1,50,7.34,1
971,1,50,8.06,1
972,1,50,7.54,1
973,1,50,7.42,1
974,1,50,5.98,1
975,1,50,6.72,1
976,1,50,7.42,1
977,1,50,6.74,1
978,1,50,7.36,1
979,1,50,6.44,1
980,1,50,5.68,1
981,1,50,6.48,1
982,1,50,7.3,1
983,1,50,7.16,1
984,1,50,6.74,1
985,1,50,5.88,1
986,1,50,5.8,1
987,1,50,6.94,1
988,1,50,7.12,1
989,1,50,6.0,1
990,1,50,6.14,1
991,1,50,7.16,1
992,1,50,6.46,1
993,1,50,6.84,1
994,1,50,6.88,1
995,1,50,8.86,1
996,1,50,7.24,1
997,1,50,7.7,1
998,1,50,7.74,1
999,1,50,7.06,1
1000,1,50,8.12,1
1001,1,50,7.9,1
1002,1,50,7.5,1
1003,1,50,7.1,1
1004,1,50,7.84,1
1005,1,50,6.82,1
1006,1,50,7.18,1
1007,1,50,5.72,1
1008,1,50,6.62,1
1009,1,50,6.78,1
1010,1,50,6.92,1
1011,1,50,6.66,1
1012,1,50,6.98,1
1013,1,50,7.58,1
1014,1,50,7.06,1
1015,1,50,7.04,1
1016,1,50,6.14,1
1017,1,50,6.82,1
1018,1,50,7.02,1
1019,1,50,6.38,1
1020,1,50,6.14,1
1021,1,50,6.92,1
1022,1,50,6.7,1
1023,1,50,7.46,1
1024,1,50,5.68,1
1025,1,50,7.18,1
1026,1,50,6.36,1
1027,1,50,6.12,1
1028,1,50,7.0,1
1029,1,50,7.66,1
1030,1,50,7.32,1
1031,1,50,7.18,1
1032,1,50,6.4,1
1033,1,50,7.16,1
1034,1,50,7.28,1
1035,1,50,6.9,1
1036,1,50,6.14,1
1037,1,50,7.12,1
1038,1,50,7.48,1
1039,1,50,7.6,1
1040,1,50,6.88,1
1041,1,50,7.66,1
1042,1,50,7.2,1
1043,1,50,7.32,1
1044,1,50,6.56,1
1045,1,50,7.06,1
1046,1,50,6.34,1
1047,1,50,6.74,1
1048,1,50,6.92,1
1049,1,50,7.04,1
1050,1,50,6.58,1
1051,1,50,6.58,1
1052,1,50,6.06,1
1053,1,50,7.68,1
1054,1,50,7.32,1
1055,1,50,6.94,1
1056,1,50,6.48,1
1057,1,50,6.24,1
1058,1,50,7.34,1
1059,1,50,7.42,1
1060,1,50,7.12,1
1061,1,50,7.4,1
1062,1,50,7.22,1
1063,1,50,7.12,1
1064,1,50,7.04,1
1065,1,50,6.74,1
1066,1,50,6.24,1
1067,1,50,6.86,1
1068,1,50,7.16,1
1069,1,50,6.52,1
1070,1,50,6.86,1
1071,1,50,6.02,1
1072,1,50,6.58,1
1073,1,50,6.3,1
1074,1,50,7.16,1
1075,1,50,7.2,1
1076,1,50,7.9,1
1077,1,50,7.12,1
1078,1,50,7.52,1
1079,1,50,8.02,1
1080,1,50,7.54,1
1081,1,50,6.54,1
1082,1,50,7.2,1
1083,1,50,7.7,1
1084,1,50,6.7,1
1085,1,50,6.12,1
1086,1,50,7.28,1
1087,1,50,7.26,1
1088,1,50,7.6,1
1089,1,50,7.84,1
1090,1,50,7.4,1
1091,1,50,6.66,1
1092,1,50,7.28,1
1093,1,50,6.28,1
1094,1,50,6.74,1
1095,1,50,6.38,1
1096,1,50,6.5,1
1097,1,50,6.16,1
1098,1,50,6.24,1
1099,1,50,6.16,1
1100,1,50,5.78,1
1101,1,50,6.3,1
1102,1,50,6.62,1
1103,1,50,7.42,1
1104,1,50,6.82,1
1105,1,50,7.42,1
1106,1,50,7.74,1
1107,1,50,7.6,1
1108,1,50,7.3,1
1109,1,50,7.78,1
1110,1,50,7.06,1
1111,1,50,7.12,1
1112,1,50,7.88,1
1113,1,50,7.38,1
1114,1,50,6.3,1
1115,1,50,7.24,1
1116,1,50,7.56,1
1117,1,50,7.28,1
1118,1,50,7.12,1
1119,1,50,7.22,1
1120,1,50,7.04,1
1121,1,50,7.98,1
1122,1,50,8.1,1
1123,1,50,8.04,1
1124,1,50,8.48,1
1125,1,50,6.8,1
1126,1,50,6.32,1
1127,1,50,7.94,1
1128,1,50,7.82,1
1129,1,50,7.4,1
1130,1,50,7.32,1
1131,1,50,6.18,1
1132,1,50,6.1,1
1133,1,50,6.64,1
1134,1,50,5.94,1
1135,1,50,7.0,1
1136,1,50,6.78,1
1137,1,50,8.02,1
1138,1,50,6.62,1
1139,1,50,6.68,1
1140,1,50,6.84,1
1141,1,50,7.14,1
1142,1,50,7.76,1
1143,1,50,7.2,1
1144,1,50,6.84,1
1145,1,50,8.16,1
1146,1,50,8.8,1
1147,1,50,7.22,1
1148,1,50,8.16,1
1149,1,50,7.1,1
1150,1,50,6.96,1
1151,1,50,7.32,1
1152,1,50,7.2,1
1153,1,50,7.18,1
1154,1,50,6.2,1
1155,1,50,6.94,1
1156,1,50,6.62,1
1157,1,50,5.76,1
1158,1,50,6.78,1
1159,1,50,6.7,1
1160,1,50,6.94,1
1161,1,50,6.92,1
1162,1,50,7.02,1
1163,1,50,6.76,1
1164,1,50,6.44,1
1165,1,50,6.46,1
1166,1,50,6.68,1
1167,1,50,7.3,1
1168,1,50,7.46,1
1169,1,50,5.64,1
1170,1,50,6.96,1
1171,1,50,6.94,1
1172,1,50,6.68,1
1173,1,50,6.42,1
1174,1,50,6.28,1
1175,1,50,7.36,1
1176,1,50,6.68,1
1177,1,50,7.5,1
1178,1,50,6.74,1
1179,1,50,6.76,1
1180,1,50,7.32,1
1181,1,50,5.7,1
1182,1,50,6.12,1
1183,1,50,6.12,1
1184,1,50,5.76,1
1185,1,50,6.78,1
1186,1,50,7.06,1
1187,1,50,7.26,1
1188,1,50,6.94,1
1189,1,50,8.0,1
1190,1,50,7.28,1
1191,1,50,6.36,1
1192,1,50,6.32,1
1193,1,50,7.46,1
1194,1,50,7.12,1
1195,1,50,7.6,1
1196,1,50,6.7,1
1197,1,50,8.56,1
1198,1,50,7.42,1
1199,1,50,7.12,1
1200,1,50,7.46,1
1201,1,50,6.16,1
1202,1,50,6.36,1
1203,1,50,6.86,1
1204,1,50,7.0,1
1205,1,50,7.58,1
1206,1,50,8.12,1
1207,1,50,7.2,1
1208,1,50,6.34,1
1209,1,50,6.46,1
1210,1,50,6.82,1
1211,1,50,7.16,1
1212,1,50,7.48,1
1213,1,50,7.1,1
1214,1,50,6.86,1
1215,1,50,7.1,1
1216,1,50,7.38,1
1217,1,50,7.54,1
1218,1,50,7.26,1
1219,1,50,6.62,1
1220,1,50,7.28,1
1221,1,50,6.42,1
1222,1,50,6.44,1
1223,1,50,7.0,1
1224,1,50,7.82,1
1225,1,50,6.54,1
1226,1,50,6.2,1
1227,1,50,6.72,1
1228,1,50,7.22,1
1229,1,50,6.1,1
1230,1,50,6.16,1
1231,1,50,7.02,1
1232,1,50,7.62,1
1233,1,50,7.24,1
1234,1,50,6.5,1
1235,1,50,6.8,1
1236,1,50,6.76,1
1237,1,50,7.14,1
1238,1,50,6.02,1
1239,1,50,6.66,1
1240,1,50,6.8,1
1241,1,50,7.1,1
1242,1,50,7.1,1
1243,1,50,6.8,1
1244,1,50,7.0,1
1245,1,50,7.36,1
1246,1,50,6.86,1
1247,1,50,7.84,1
1248,1,50,7.3,1
1249,1,50,6.68,1
1250,1,50,7.42,1
1251,1,50,7.2,1
1252,1,50,7.18,1
1253,1,50,6.32,1
1254,1,50,6.4,1
1255,1,50,7.72,1
1256,1,50,7.34,1
1257,1,50,6.54,1
1258,1,50,6.26,1
1259,1,50,6.56,1
1260,1,50,6.24,1
1261,1,50,6.6,1
1262,1,50,6.54,1
1263,1,50,7.14,1
1264,1,50,7.66,1
1265,1,50,6.52,1
1266,1,50,7.04,1
1267,1,50,7.68,1
1268,1,50,8.16,1
1269,1,50,7.22,1
1270,1,50,7.58,1
1271,1,50,7.36,1
1272,1,50,7.8,1
1273,1,50,6.68,1
1274,1,50,6.62,1
1275,1,50,6.48,1
1276,1,50,8.2,1
1277,1,50,6.78,1
1278,1,50,6.94,1
1279,1,50,6.74,1
1280,1,50,7.34,1
1281,1,50,7.42,1
1282,1,50,7.34,1
1283,1,50,7.32,1
1284,1,50,6.22,1
1285,1,50,6.78,1
1286,1,50,6.86,1
1287,1,50,5.9,1
1288,1,50,6.22,1
1289,1,50,6.86,1
1290,1,50,7.62,1
1291,1,50,6.88,1
1292,1,50,8.1,1
1293,1,50,7.64,1
1294,1,50,6.7,1
1295,1,50,6.96,1
1296,1,50,7.26,1
1297,1,50,7.24,1
1298,1,50,7.52,1
1299,1,50,6.3,1
1300,1,50,7.54,1
1301,1,50,6.38,1
1302,1,50,7.3,1
1303,1,50,7.8,1
1304,1,50,7.28,1
1305,1,50,6.9,1
1306,1,50,5.86,1
1307,1,50,6.64,1
1308,1,50,7.92,1
1309,1,50,7.7,1
1310,1,50,7.48,1
1311,1,50,7.9,1
1312,1,50,7.66,1
1313,1,50,7.48,1
1314,1,50,5.8,1
1315,1,50,7.34,1
1316,1,50,6.42,1
1317,1,50,5.76,1
1318,1,50,5.64,1
1319,1,50,6.9,1
1320,1,50,7.36,1
1321,1,50,5.96,1
1322,1,50,6.5,1
1323,1,50,6.84,1
1324,1,50,6.68,1
1325,1,50,6.32,1
1326,1,50,7.04,1
1327,1,50,7.7,1
1328,1,50,6.48,1
1329,1,50,7.02,1
1330,1,50,6.86,1
1331,1,50,6.76,1
1332,1,50,7.7,1
1333,1,50,7.52,1
1334,1,50,7.3,1
1335,1,50,7.0,1
1336,1,50,7.86,1
1337,1,50,8.12,1
1338,1,50,6.66,1
1339,1,50,6.2,1
1340,1,50,6.62,1
1341,1,50,6.98,1
1342,1,50,7.2,1
1343,1,50,7.82,1
1344,1,50,6.58,1
1345,1,50,7.3,1
1346,1,50,6.8,1
1347,1,50,7.4,1
1348,1,50,6.76,1
1349,1,50,6.84,1
1350,1,50,6.92,1
1351,1,50,8.0,1
1352,1,50,6.9,1
1353,1,50,5.64,1
1354,1,50,7.32,1
1355,1,50,7.92,1
1356,1,50,7.5,1
1357,1,50,7.06,1
1358,1,50,6.8,1
1359,1,50,5.62,1
1360,1,50,6.04,1
1361,1,50,6.3,1
1362,1,50,7.58,1
1363,1,50,6.94,1
1364,1,50,6.26,1
1365,1,50,6.96,1
1366,1,50,8.16,1
1367,1,50,6.54,1
1368,1,50,6.6,1
1369,1,50,6.3,1
1370,1,50,7.34,1
1371,1,50,7.66,1
1372,1,50,7.4,1
1373,1,50,6.24,1
1374,1,50,7.06,1
1375,1,50,6.74,1
1376,1,50,7.04,1
1377,1,50,7.88,1
1378,1,50,6.64,1
1379,1,50,6.88,1
1380,1,50,6.46,1
1381,1,50,6.64,1
1382,1,50,7.24,1
1383,1,50,7.38,1
1384,1,50,6.72,1
1385,1,50,7.06,1
1386,1,50,7.46,1
1387,1,50,6.88,1
1388,1,50,7.38,1
1389,1,50,6.54,1
1390,1,50,6.9,1
1391,1,50,7.38,1
1392,1,50,7.8,1
1393,1,50,7.16,1
1394,1,50,6.52,1
1395,1,50,7.06,1
1396,1,50,7.56,1
1397,1,50,7.68,1
1398,1,50,8.08,1
1399,1,50,6.44,1
1400,1,50,6.74,1
1401,1,50,7.58,1
1402,1,50,7.7,1
1403,1,50,7.66,1
1404,1,50,7.24,1
1405,1,50,7.16,1
1406,1,50,7.44,1
1407,1,50,7.2,1
1408,1,50,7.9,1
1409,1,50,6.94,1
1410,1,50,7.64,1
1411,1,50,7.5,1
1412,1,50,6.68,1
1413,1,50,8.1,1
1414,1,50,7.94,1
1415,1,50,8.0,1
1416,1,50,6.42,1
1417,1,50,6.62,1
1418,1,50,6.86,1
1419,1,50,6.84,1
1420,1,50,7.54,1
1421,1,50,6.58,1
1422,1,50,6.36,1
1423,1,50,6.0,1
1424,1,50,6.86,1
1425,1,50,6.34,1
1426,1,50,7.66,1
1427,1,50,6.0,1
1428,1,50,7.02,1
1429,1,50,7.74,1
1430,1,50,7.14,1
1431,1,50,7.7,1
1432,1,50,7.12,1
1433,1,50,5.76,1
1434,1,50,6.72,1
1435,1,50,7.32,1
1436,1,50,7.72,1
1437,1,50,7.24,1
1438,1,50,7.64,1
1439,1,50,7.28,1
1440,1,50,7.38,1
1441,1,50,7.18,1
1442,1,50,6.9,1
1443,1,50,6.12,1
1444,1,50,7.32,1
1445,1,50,8.1,1
1446,1,50,6.54,1
1447,1,50,5.98,1
1448,1,50,7.28,1
1449,1,50,6.94,1
1450,1,50,6.6,1
1451,1,50,7.44,1
1452,1,50,7.68,1
1453,1,50,7.16,1
1454,1,50,6.68,1
1455,1,50,6.92,1
1456,1,50,6.9,1
1457,1,50,7.16,1
1458,1,50,7.14,1
1459,1,50,7.64,1
1460,1,50,7.8,1
1461,1,50,6.44,1
1462,1,50,7.46,1
1463,1,50,8.64,1
1464,1,50,7.28,1
1465,1,50,7.14,1
1466,1,50,7.22,1
1467,1,50,6.3,1
1468,1,50,7.44,1
1469,1,50,6.82,1
1470,1,50,6.56,1
1471,1,50,6.42,1
1472,1,50,7.0,1
1473,1,50,6.68,1
1474,1,50,6.22,1
1475,1,50,6.34,1
1476,1,50,7.12,1
1477,1,50,7.98,1
1478,1,50,7.52,1
1479,1,50,6.62,1
1480,1,50,7.0,1
1481,1,50,6.28,1
1482,1,50,7.86,1
1483,1,50,8.02,1
1484,1,50,7.32,1
1485,1,50,5.94,1
1486,1,50,6.52,1
1487,1,50,7.74,1
1488,1,50,7.14,1
1489,1,50,6.78,1
1490,1,50,7.02,1
1491,1,50,6.48,1
1492,1,50,7.12,1
1493,1,50,7.16,1
1494,1,50,7.44,1
1495,1,50,6.82,1
1496,1,50,6.1,1
1497,1,50,6.08,1
1498,1,50,6.88,1
1499,1,50,7.58,1
1500,1,50,6.76,1
1501,1,50,7.4,1
1502,1,50,6.44,1
1503,1,50,6.58,1
1504,1,50,6.68,1
1505,1,50,6.28,1
1506,1,50,7.96,1
1507,1,50,6.72,1
1508,1,50,6.3,1
1509,1,50,7.26,1
1510,1,50,6.4,1
1511,1,50,6.46,1
1512,1,50,6.92,1
1513,1,50,6.88,1
1514,1,50,7.04,1
1515,1,50,6.94,1
1516,1,50,7.24,1
1517,1,50,6.94,1
1518,1,50,6.96,1
1519,1,50,7.5,1
1520,1,50,6.76,1
1521,1,50,6.72,1
1522,1,50,5.22,1
1523,1,50,6.94,1
1524,1,50,6.88,1
1525,1,50,7.24,1
1526,1,50,6.74,1
1527,1,50,6.8,1
1528,1,50,6.78,1
1529,1,50,7.28,1
1530,1,50,6.08,1
1531,1,50,7.44,1
1532,1,50,7.2,1
1533,1,50,6.7,1
1534,1,50,7.22,1
1535,1,50,7.66,1
1536,1,50,7.64,1
1537,1,50,8.12,1
1538,1,50,7.62,1
1539,1,50,6.68,1
1540,1,50,6.84,1
1541,1,50,6.38,1
1542,1,50,7.02,1
1543,1,50,7.54,1
1544,1,50,6.72,1
1545,1,50,6.48,1
1546,1,50,7.12,1
1547,1,50,7.32,1
1548,1,50,6.98,1
1549,1,50,6.72,1
1550,1,50,6.2,1
1551,1,50,6.64,1
1552,1,50,7.7,1
1553,1,50,7.46,1
1554,1,50,7.22,1
1555,1,50,6.16,1
1556,1,50,6.5,1
1557,1,50,7.66,1
1558,1,50,7.24,1
1559,1,50,7.06,1
1560,1,50,7.4,1
1561,1,50,6.64,1
1562,1,50,6.16,1
1563,1,50,6.24,1
1564,1,50,7.48,1
1565,1,50,7.84,1
1566,1,50,6.5,1
1567,1,50,5.98,1
1568,1,50,5.76,1
1569,1,50,7.64,1
1570,1,50,7.52,1
1571,1,50,7.08,1
1572,1,50,7.28,1
1573,1,50,7.58,1
1574,1,50,7.64,1
1575,1,50,7.94,1
1576,1,50,6.96,1
1577,1,50,7.28,1
1578,1,50,7.54,1
1579,1,50,8.24,1
1580,1,50,7.26,1
1581,1,50,7.16,1
1582,1,50,7.82,1
1583,1,50,7.5,1
1584,1,50,6.8,1
1585,1,50,7.22,1
1586,1,50,7.78,1
1587,1,50,7.52,1
1588,1,50,6.72,1
1589,1,50,7.96,1
1590,1,50,7.68,1
1591,1,50,6.94,1
1592,1,50,6.66,1
1593,1,50,8.22,1
1594,1,50,7.12,1
1595,1,50,6.56,1
1596,1,50,5.72,1
1597,1,50,6.68,1
1598,1,50,7.6,1
1599,1,50,7.52,1
1600,1,50,7.64,1
1601,1,50,6.86,1
1602,1,50,6.5,1
1603,1,50,7.1,1
1604,1,50,7.28,1
1605,1,50,7.5,1
1606,1,50,7.58,1
1607,1,50,7.02,1
1608,1,50,8.0,1
1609,1,50,6.8,1
1610,1,50,6.1,1
1611,1,50,6.58,1
1612,1,50,7.76,1
1613,1,50,7.16,1
1614,1,50,6.66,1
1615,1,50,7.42,1
1616,1,50,7.04,1
1617,1,50,6.82,1
1618,1,50,7.14,1
1619,1,50,7.08,1
1620,1,50,7.4,1
1621,1,50,7.5,1
1622,1,50,7.72,1
1623,1,50,7.32,1
1624,1,50,7.28,1
1625,1,50,6.24,1
1626,1,50,6.56,1
1627,1,50,6.02,1
1628,1,50,7.36,1
1629,1,50,6.2,1
1630,1,50,6.56,1
1631,1,50,7.08,1
1632,1,50,6.56,1
1633,1,50,6.02,1
1634,1,50,6.04,1
1635,1,50,7.44,1
1636,1,50,6.9,1
1637,1,50,6.9,1
1638,1,50,6.36,1
1639,1,50,6.8,1
1640,1,50,7.58,1
1641,1,50,7.0,1
1642,1,50,6.7,1
1643,1,50,5.5,1
1644,1,50,6.08,1
1645,1,50,5.94,1
1646,1,50,7.3,1
1647,1,50,6.64,1
1648,1,50,6.86,1
1649,1,50,7.2,1
1650,1,50,6.7,1
1651,1,50,7.8,1
1652,1,50,7.72,1
1653,1,50,7.86,1
1654,1,50,7.0,1
1655,1,50,6.74,1
1656,1,50,6.68,1
1657,1,50,8.14,1
1658,1,50,7.48,1
1659,1,50,6.92,1
1660,1,50,6.18,1
1661,1,50,8.0,1
1662,1,50,7.2,1
1663,1,50,8.2,1
1664,1,50,8.24,1
1665,1,50,7.94,1
1666,1,50,7.56,1
1667,1,50,7.52,1
1668,1,50,6.46,1
1669,1,50,7.44,1
1670,1,50,7.38,1
1671,1,50,7.3,1
1672,1,50,7.8,1
1673,1,50,7.46,1
1674,1,50,7.08,1
1675,1,50,6.88,1
1676,1,50,6.66,1
1677,1,50,6.92,1
1678,1,50,6.7,1
1679,1,50,7.78,1
1680,1,50,8.08,1
1681,1,50,7.06,1
1682,1,50,6.06,1
1683,1,50,6.7,1
1684,1,50,7.16,1
1685,1,50,7.26,1
1686,1,50,6.5,1
1687,1,50,6.08,1
1688,1,50,6.46,1
1689,1,50,6.8,1
1690,1,50,6.52,1
1691,1,50,6.92,1
1692,1,50,6.72,1
1693,1,50,6.96,1
1694,1,50,7.42,1
1695,1,50,7.4,1
1696,1,50,7.06,1
1697,1,50,6.92,1
1698,1,50,7.24,1
1699,1,50,6.92,1
1700,1,50,7.84,1
1701,1,50,7.04,1
1702,1,50,7.14,1
1703,1,50,7.96,1
1704,1,50,8.44,1
1705,1,50,8.0,1
1706,1,50,7.52,1
1707,1,50,6.88,1
1708,1,50,7.8,1
1709,1,50,7.22,1
1710,1,50,7.14,1
1711,1,50,6.88,1
1712,1,50,8.08,1
1713,1,50,6.84,1
1714,1,50,7.26,1
1715,1,50,7.6,1
1716,1,50,7.28,1
1717,1,50,6.52,1
1718,1,50,7.3,1
1719,1,50,6.76,1
1720,1,50,7.26,1
1721,1,50,7.5,1
1722,1,50,6.8,1
1723,1,50,6.1,1
1724,1,50,6.66,1
1725,1,50,7.04,1
1726,1,50,6.86,1
1727,1,50,6.82,1
1728,1,50,6.06,1
1729,1,50,6.88,1
1730,1,50,6.92,1
1731,1,50,7.24,1
1732,1,50,7.06,1
1733,1,50,7.06,1
1734,1,50,6.56,1
1735,1,50,6.38,1
1736,1,50,7.08,1
1737,1,50,7.04,1
1738,1,50,7.12,1
1739,1,50,7.3,1
1740,1,50,7.66,1
1741,1,50,8.14,1
1742,1,50,7.8,1
1743,1,50,7.5,1
1744,1,50,5.42,1
1745,1,50,7.1,1
1746,1,50,6.54,1
1747,1,50,6.48,1
1748,1,50,7.28,1
1749,1,50,7.3,1
1750,1,50,7.12,1
1751,1,50,6.74,1
1752,1,50,7.38,1
1753,1,50,6.98,1
1754,1,50,6.68,1
1755,1,50,7.24,1
1756,1,50,6.7,1
1757,1,50,7.76,1
1758,1,50,7.74,1
1759,1,50,7.14,1
1760,1,50,7.46,1
1761,1,50,6.44,1
1762,1,50,7.62,1
1763,1,50,6.76,1
1764,1,50,7.14,1
1765,1,50,6.7,1
1766,1,50,7.5,1
1767,1,50,6.9,1
1768,1,50,6.52,1
1769,1,50,5.78,1
1770,1,50,6.4,1
1771,1,50,6.64,1
1772,1,50,6.06,1
1773,1,50,6.08,1
1774,1,50,6.56,1
1775,1,50,7.12,1
1776,1,50,5.82,1
1777,1,50,5.82,1
1778,1,50,7.58,1
1779,1,50,6.96,1
1780,1,50,7.04,1
1781,1,50,7.04,1
1782,1,50,6.74,1
1783,1,50,8.8,1
1784,1,50,7.54,1
1785,1,50,7.5,1
1786,1,50,7.5,1
1787,1,50,6.32,1
1788,1,50,6.58,1
1789,1,50,7.02,1
1790,1,50,6.68,1
1791,1,50,6.2,1
1792,1,50,6.64,1
1793,1,50,6.9,1
1794,1,50,6.62,1
1795,1,50,7.12,1
1796,1,50,6.48,1
1797,1,50,6.02,1
1798,1,50,6.98,1
1799,1,50,6.72,1
1800,1,50,6.52,1
1801,1,50,6.36,1
1802,1,50,7.28,1
1803,1,50,6.4,1
1804,1,50,7.54,1
1805,1,50,7.82,1
1806,1,50,7.18,1
1807,1,50,6.34,1
1808,1,50,7.16,1
1809,1,50,6.3,1
1810,1,50,6.5,1
1811,1,50,6.76,1
1812,1,50,6.66,1
1813,1,50,7.24,1
1814,1,50,7.12,1
1815,1,50,6.74,1
1816,1,50,6.88,1
1817,1,50,6.02,1
1818,1,50,7.22,1
1819,1,50,7.24,1
1820,1,50,6.6,1
1821,1,50,7.32,1
1822,1,50,6.82,1
1823,1,50,6.9,1
1824,1,50,6.22,1
1825,1,50,6.14,1
1826,1,50,5.76,1
1827,1,50,6.3,1
1828,1,50,7.12,1
1829,1,50,7.26,1
1830,1,50,6.02,1
1831,1,50,6.56,1
1832,1,50,6.76,1
1833,1,50,6.88,1
1834,1,50,7.94,1
1835,1,50,7.24,1
1836,1,50,7.04,1
1837,1,50,6.42,1
1838,1,50,6.56,1
1839,1,50,6.96,1
1840,1,50,7.22,1
1841,1,50,6.16,1
1842,1,50,5.68,1
1843,1,50,6.14,1
1844,1,50,7.02,1
1845,1,50,7.44,1
1846,1,50,6.82,1
1847,1,50,7.12,1
1848,1,50,6.18,1
1849,1,50,7.24,1
1850,1,50,7.58,1
1851,1,50,7.84,1
1852,1,50,7.36,1
1853,1,50,6.9,1
1854,1,50,6.48,1
1855,1,50,7.0,1
1856,1,50,7.34,1
1857,1,50,6.6,1
1858,1,50,6.52,1
1859,1,50,7.02,1
1860,1,50,7.1,1
1861,1,50,7.32,1
1862,1,50,7.16,1
1863,1,50,6.78,1
1864,1,50,6.62,1
1865,1,50,7.1,1
1866,1,50,8.0,1
1867,1,50,8.18,1
1868,1,50,6.66,1
1869,1,50,6.9,1
1870,1,50,6.42,1
1871,1,50,6.96,1
1872,1,50,7.82,1
1873,1,50,7.66,1
1874,1,50,6.66,1
1875,1,50,7.04,1
1876,1,50,6.42,1
1877,1,50,7.12,1
1878,1,50,7.1,1
1879,1,50,7.48,1
1880,1,50,7.88,1
1881,1,50,6.6,1
1882,1,50,7.96,1
1883,1,50,7.84,1
1884,1,50,7.44,1
1885,1,50,8.1,1
1886,1,50,6.96,1
1887,1,50,6.82,1
1888,1,50,6.86,1
1889,1,50,7.68,1
1890,1,50,7.8,1
1891,1,50,5.84,1
1892,1,50,6.88,1
1893,1,50,6.88,1
1894,1,50,7.08,1
1895,1,50,7.02,1
1896,1,50,7.66,1
1897,1,50,7.12,1
1898,1,50,7.4,1
1899,1,50,7.1,1
1900,1,50,6.72,1
1901,1,50,6.78,1
1902,1,50,7.54,1
1903,1,50,7.46,1
1904,1,50,7.78,1
1905,1,50,7.44,1
1906,1,50,6.76,1
1907,1,50,6.82,1
1908,1,50,7.2,1
1909,1,50,7.9,1
1910,1,50,7.7,1
1911,1,50,7.86,1
1912,1,50,7.5,1
1913,1,50,6.58,1
1914,1,50,6.5,1
1915,1,50,6.88,1
1916,1,50,6.54,1
1917,1,50,7.36,1
1918,1,50,7.08,1
1919,1,50,7.22,1
1920,1,50,6.56,1
1921,1,50,7.48,1
1922,1,50,7.5,1
1923,1,50,7.14,1
1924,1,50,6.8,1
1925,1,50,6.64,1
1926,1,50,7.02,1
1927,1,50,6.38,1
1928,1,50,7.76,1
1929,1,50,6.74,1
1930,1,50,7.16,1
1931,1,50,7.02,1
1932,1,50,6.78,1
1933,1,50,6.4,1
1934,1,50,7.1,1
1935,1,50,7.34,1
1936,1,50,6.2,1
1937,1,50,7.48,1
1938,1,50,7.44,1
1939,1,50,8.02,1
1940,1,50,7.0,1
1941,1,50,6.8,1
1942,1,50,6.92,1
1943,1,50,6.32,1
1944,1,50,6.62,1
1945,1,50,6.74,1
1946,1,50,7.28,1
1947,1,50,7.0,1
1948,1,50,7.66,1
1949,1,50,6.88,1
1950,1,50,6.44,1
1951,1,50,7.68,1
1952,1,50,6.64,1
1953,1,50,7.54,1
1954,1,50,6.66,1
1955,1,50,6.7,1
1956,1,50,7.18,1
1957,1,50,7.06,1
1958,1,50,6.98,1
1959,1,50,6.44,1
1960,1,50,6.52,1
1961,1,50,6.98,1
1962,1,50,7.26,1
1963,1,50,7.34,1
1964,1,50,6.06,1
1965,1,50,6.66,1
1966,1,50,6.62,1
1967,1,50,7.08,1
1968,1,50,7.88,1
1969,1,50,7.64,1
1970,1,50,7.58,1
1971,1,50,6.16,1
1972,1,50,7.62,1
1973,1,50,6.4,1
1974,1,50,7.02,1
1975,1,50,7.38,1
1976,1,50,6.6,1
1977,1,50,6.28,1
1978,1,50,6.72,1
1979,1,50,7.7,1
1980,1,50,7.7,1
1981,1,50,6.98,1
1982,1,50,7.26,1
1983,1,50,8.3,1
1984,1,50,8.48,1
1985,1,50,6.8,1
1986,1,50,7.2,1
1987,1,50,8.0,1
1988,1,50,7.58,1
1989,1,50,7.5,1
1990,1,50,7.28,1
1991,1,50,7.12,1
1992,1,50,7.0,1
1993,1,50,6.8,1
1994,1,50,7.5,1
1995,1,50,7.62,1
1996,1,50,7.22,1
1997,1,50,7.84,1
1998,1,50,6.64,1
1999,1,50,6.64,1
2000,1,50,7.26,1
0,2,50,57.54,44
1,2,50,50.28,40
2,2,50,44.08,35
3,2,50,40.0,34
4,2,50,36.62,30
5,2,50,33.16,28
6,2,50,31.38,26
7,2,50,29.52,26
8,2,50,28.94,25
9,2,50,28.18,22
10,2,50,27.4,21
11,2,50,24.9,21
12,2,50,24.88,21
13,2,50,24.36,20
14,2,50,23.4,20
15,2,50,23.58,16
16,2,50,22.36,16
17,2,50,19.9,15
18,2,50,19.0,15
19,2,50,19.54,15
20,2,50,19.5,15
21,2,50,19.26,15
22,2,50,19.22,15
23,2,50,19.32,15
24,2,50,19.34,15
25,2,50,18.3,15
26,2,50,18.62,15
27,2,50,18.9,15
28,2,50,19.26,14
29,2,50,19.38,14
30,2,50,18.76,14
31,2,50,17.82,14
32,2,50,18.92,14
33,2,50,18.38,14
34,2,50,19.58,13
35,2,50,17.88,13
36,2,50,17.9,13
37,2,50,17.74,13
38,2,50,17.76,13
39,2,50,16.78,13
40,2,50,16.9,12
41,2,50,17.08,12
42,2,50,17.68,12
43,2,50,16.3,12
44,2,50,16.38,12
45,2,50,16.78,12
46,2,50,16.28,12
47,2,50,16.62,11
48,2,50,16.84,11
49,2,50,16.12,11
50,2,50,14.92,11
51,2,50,15.66,11
52,2,50,15.22,10
53,2,50,15.78,10
54,2,50,15.1,9
55,2,50,14.06,9
56,2,50,13.58,9
57,2,50,14.34,9
58,2,50,13.2,9
59,2,50,12.96,9
60,2,50,13.12,9
61,2,50,13.22,9
62,2,50,13.1,9
63,2,50,14.46,9
64,2,50,14.94,9
65,2,50,13.94,9
66,2,50,13.06,8
67,2,50,13.48,8
68,2,50,13.68,7
69,2,50,12.92,7
70,2,50,12.24,7
71,2,50,12.56,7
72,2,50,12.38,7
73,2,50,12.56,7
74,2,50,13.4,7
75,2,50,13.38,7
76,2,50,11.66,7
77,2,50,12.38,7
78,2,50,11.94,7
79,2,50,11.58,7
80,2,50,12.04,7
81,2,50,12.66,7
82,2,50,11.34,7
83,2,50,11.82,7
84,2,50,12.64,7
85,2,50,12.2,7
86,2,50,12.24,7
87,2,50,11.82,7
88,2,50,11.54,7
89,2,50,13.06,7
90,2,50,12.86,7
91,2,50,11.96,7
92,2,50,13.02,7
93,2,50,11.96,7
94,2,50,11.42,7
95,2,50,11.26,7
96,2,50,12.98,7
97,2,50,12.34,7
98,2,50,13.04,7
99,2,50,12.02,7
100,2,50,13.12,7
101,2,50,12.86,7
102,2,50,13.08,7
103,2,50,12.74,7
104,2,50,12.26,6
105,2,50,12.26,6
106,2,50,12.12,6
107,2,50,11.78,6
108,2,50,11.42,6
109,2,50,12.28,6
110,2,50,11.48,6
111,2,50,11.6,6
112,2,50,11.14,6
113,2,50,11.72,6
114,2,50,12.5,6
115,2,50,11.06,6
116,2,50,12.16,6
117,2,50,11.16,6
118,2,50,10.88,6
119,2,50,10.48,6
120,2,50,10.76,6
121,2,50,11.18,6
122,2,50,10.86,6
123,2,50,10.7,6
124,2,50,10.64,5
125,2,50,11.08,5
126,2,50,11.32,5
127,2,50,10.66,5
128,2,50,10.66,5
129,2,50,12.4,5
130,2,50,11.7,5
131,2,50,12.02,5
132,2,50,10.68,5
133,2,50,10.76,5
134,2,50,11.44,5
135,2,50,11.94,5
136,2,50,11.24,5
137,2,50,11.32,5
138,2,50,10.68,5
139,2,50,10.62,5
140,2,50,10.62,5
141,2,50,9.46,5
142,2,50,10.64,5
143,2,50,11.16,5
144,2,50,10.98,5
145,2,50,9.48,4
146,2,50,8.82,4
147,2,50,9.58,4
148,2,50,10.08,4
149,2,50,9.96,4
150,2,50,9.62,4
151,2,50,8.9,4
152,2,50,9.5,4
153,2,50,8.04,4
154,2,50,9.52,4
155,2,50,10.26,4
156,2,50,9.92,4
157,2,50,10.1,4
158,2,50,10.46,4
159,2,50,10.48,3
160,2,50,8.68,3
161,2,50,9.0,3
162,2,50,8.98,3
163,2,50,8.9,3
164,2,50,8.86,3
165,2,50,8.86,3
166,2,50,9.84,3
167,2,50,8.98,3
168,2,50,8.9,3
169,2,50,8.56,3
170,2,50,10.98,3
171,2,50,9.16,3
172,2,50,9.66,3
173,2,50,9.36,3
174,2,50,9.2,3
175,2,50,8.9,3
176,2,50,8.26,3
177,2,50,8.1,3
178,2,50,8.36,3
179,2,50,9.02,3
180,2,50,7.9,3
181,2,50,8.54,3
182,2,50,8.68,3
183,2,50,9.56,3
184,2,50,7.92,3
185,2,50,9.0,3
186,2,50,8.72,3
187,2,50,7.72,3
188,2,50,8.52,3
189,2,50,8.8,3
190,2,50,8.84,3
191,2,50,9.2,3
192,2,50,8.42,3
193,2,50,8.68,3
194,2,50,9.12,3
195,2,50,9.82,3
196,2,50,8.42,3
197,2,50,9.4,3
198,2,50,9.44,3
199,2,50,8.22,3
200,2,50,8.6,3
201,2,50,8.32,3
202,2,50,8.54,3
203,2,50,8.54,3
204,2,50,7.86,3
205,2,50,7.44,3
206,2,50,9.1,3
207,2,50,9.5,3
208,2,50,9.16,3
209,2,50,7.92,3
210,2,50,8.9,3
211,2,50,8.46,3
212,2,50,8.52,3
213,2,50,8.5,3
214,2,50,8.54,3
215,2,50,7.98,3
216,2,50,9.06,3
217,2,50,7.74,3
218,2,50,7.84,3
219,2,50,8.38,3
220,2,50,9.34,3
221,2,50,9.44,3
222,2,50,8.64,3
223,2,50,7.98,3
224,2,50,9.7,3
225,2,50,9.18,3
226,2,50,9.42,3
227,2,50,8.38,3
228,2,50,8.18,3
229,2,50,8.9,3
230,2,50,9.26,3
231,2,50,9.14,3
232,2,50,7.96,3
233,2,50,7.98,3
234,2,50,9.28,3
235,2,50,8.04,3
236,2,50,8.48,3
237,2,50,8.84,3
238,2,50,8.36,3
239,2,50,8.54,3
240,2,50,9.46,3
241,2,50,8.96,3
242,2,50,9.58,3
243,2,50,9.42,3
244,2,50,9.0,3
245,2,50,8.28,3
246,2,50,8.82,3
247,2,50,9.32,3
248,2,50,8.56,3
249,2,50,8.02,3
250,2,50,8.3,3
251,2,50,7.68,3
252,2,50,8.44,3
253,2,50,8.42,3
254,2,50,9.18,3
255,2,50,8.34,3
256,2,50,8.34,3
257,2,50,9.04,3
258,2,50,9.12,3
259,2,50,8.8,3
260,2,50,9.1,3
261,2,50,8.26,3
262,2,50,9.42,3
263,2,50,9.88,3
264,2,50,8.84,3
265,2,50,9.82,3
266,2,50,9.02,3
267,2,50,9.06,3
268,2,50,8.7,3
269,2,50,8.36,3
270,2,50,8.2,3
271,2,50,9.0,3
272,2,50,8.78,3
273,2,50,8.26,3
274,2,50,8.78,3
275,2,50,8.48,3
276,2,50,8.74,3
277,2,50,8.88,3
278,2,50,8.3,3
279,2,50,8.38,3
280,2,50,7.8,3
281,2,50,9.42,3
282,2,50,10.4,3
283,2,50,8.68,3
284,2,50,8.56,3
285,2,50,8.58,3
286,2,50,9.4,3
287,2,50,9.36,3
288,2,50,8.06,3
289,2,50,9.04,3
290,2,50,7.98,3
291,2,50,8.28,3
292,2,50,8.98,3
293,2,50,9.06,3
294,2,50,8.24,3
295,2,50,9.26,3
296,2,50,8.76,3
297,2,50,8.02,3
298,2,50,8.86,3
299,2,50,8.8,3
300,2,50,8.46,3
301,2,50,8.4,3
302,2,50,8.06,3
303,2,50,8.7,3
304,2,50,8.46,3
305,2,50,8.3,3
306,2,50,7.82,3
307,2,50,8.54,3
308,2,50,9.66,3
309,2,50,9.54,3
310,2,50,9.08,3
311,2,50,7.76,3
312,2,50,8.4,3
313,2,50,8.96,3
314,2,50,8.58,3
315,2,50,8.18,3
316,2,50,8.9,3
317,2,50,8.14,3
318,2,50,7.8,3
319,2,50,8.1,3
320,2,50,9.06,3
321,2,50,8.94,3
322,2,50,7.96,3
323,2,50,8.24,3
324,2,50,8.38,3
325,2,50,9.2,3
326,2,50,9.24,3
327,2,50,8.68,3
328,2,50,9.38,3
329,2,50,8.64,3
330,2,50,8.94,3
331,2,50,8.88,3
332,2,50,8.66,3
333,2,50,7.5,3
334,2,50,7.98,3
335,2,50,8.38,3
336,2,50,8.34,3
337,2,50,8.68,3
338,2,50,9.0,3
339,2,50,8.36,3
340,2,50,9.12,3
341,2,50,8.3,3
342,2,50,8.58,3
343,2,50,7.94,3
344,2,50,8.74,3
345,2,50,8.48,3
346,2,50,8.3,3
347,2,50,9.96,3
348,2,50,8.92,3
349,2,50,9.34,3
350,2,50,9.04,3
351,2,50,9.3,3
352,2,50,9.38,3
353,2,50,7.14,3
354,2,50,8.0,3
355,2,50,8.54,3
356,2,50,7.7,3
357,2,50,8.56,3
358,2,50,9.26,3
359,2,50,8.66,3
360,2,50,8.6,3
361,2,50,8.62,3
362,2,50,8.7,3
363,2,50,8.84,3
364,2,50,7.76,3
365,2,50,8.74,3
366,2,50,9.48,3
367,2,50,8.86,3
368,2,50,8.44,3
369,2,50,8.64,3
370,2,50,9.68,3
371,2,50,8.2,3
372,2,50,8.82,3
373,2,50,8.1,3
374,2,50,7.9,3
375,2,50,8.18,3
376,2,50,8.82,3
377,2,50,8.2,3
378,2,50,8.6,3
379,2,50,8.94,3
380,2,50,8.54,3
381,2,50,9.46,3
382,2,50,8.86,3
383,2,50,9.4,3
384,2,50,8.96,3
385,2,50,9.2,3
386,2,50,9.34,3
387,2,50,8.68,3
388,2,50,8.02,3
389,2,50,8.16,3
390,2,50,8.44,3
391,2,50,8.32,3
392,2,50,9.42,3
393,2,50,8.58,3
394,2,50,8.82,3
395,2,50,8.74,3
396,2,50,10.22,3
397,2,50,9.68,3
398,2,50,8.28,3
399,2,50,8.06,3
400,2,50,8.88,3
401,2,50,8.1,3
402,2,50,8.5,3
403,2,50,8.16,3
404,2,50,8.76,3
405,2,50,9.06,3
406,2,50,8.9,3
407,2,50,9.54,3
408,2,50,9.12,3
409,2,50,8.38,3
410,2,50,8.36,3
411,2,50,9.2,3
412,2,50,8.66,3
413,2,50,8.74,3
414,2,50,9.02,3
415,2,50,7.78,3
416,2,50,9.38,3
417,2,50,8.48,3
418,2,50,8.16,3
419,2,50,9.04,3
420,2,50,8.96,3
421,2,50,8.7,3
422,2,50,8.64,3
423,2,50,7.96,3
424,2,50,8.54,3
425,2,50,9.52,3
426,2,50,8.64,3
427,2,50,9.0,3
428,2,50,10.06,3
429,2,50,8.64,3
430,2,50,8.94,3
431,2,50,8.62,3
432,2,50,9.4,3
433,2,50,8.88,3
434,2,50,9.0,3
435,2,50,8.74,3
436,2,50,9.4,3
437,2,50,9.84,3
438,2,50,8.78,3
439,2,50,8.42,3
440,2,50,8.44,3
441,2,50,8.4,3
442,2,50,8.74,3
443,2,50,8.28,3
444,2,50,8.54,3
445,2,50,7.98,3
446,2,50,8.72,3
447,2,50,8.64,3
448,2,50,8.26,3
449,2,50,8.24,3
450,2,50,8.6,3
451,2,50,9.5,3
452,2,50,9.92,3
453,2,50,8.32,3
454,2,50,8.58,3
455,2,50,9.32,3
456,2,50,8.38,3
457,2,50,9.18,3
458,2,50,9.38,3
459,2,50,9.86,3
460,2,50,9.3,3
461,2,50,7.98,3
462,2,50,9.26,3
463,2,50,9.04,3
464,2,50,8.6,3
465,2,50,8.62,3
466,2,50,8.76,3
467,2,50,8.94,3
468,2,50,8.02,3
469,2,50,8.74,3
470,2,50,9.78,3
471,2,50,9.38,3
472,2,50,8.48,3
473,2,50,8.66,3
474,2,50,8.38,3
475,2,50,9.5,3
476,2,50,8.42,3
477,2,50,9.64,3
478,2,50,8.52,3
479,2,50,9.36,3
480,2,50,9.28,3
481,2,50,8.66,3
482,2,50,7.62,3
483,2,50,7.78,3
484,2,50,8.34,3
485,2,50,8.82,3
486,2,50,8.1,3
487,2,50,8.3,3
488,2,50,8.22,3
489,2,50,8.14,3
490,2,50,8.76,3
491,2,50,8.88,3
492,2,50,8.7,3
493,2,50,8.34,3
494,2,50,8.26,3
495,2,50,8.5,3
496,2,50,8.72,3
497,2,50,8.42,3
498,2,50,9.8,3
499,2,50,9.0,3
500,2,50,9.18,3
501,2,50,8.78,3
502,2,50,8.04,3
503,2,50,8.38,3
504,2,50,8.92,3
505,2,50,9.18,3
506,2,50,8.1,3
507,2,50,9.0,3
508,2,50,8.76,3
509,2,50,7.94,3
510,2,50,8.7,3
511,2,50,8.56,3
512,2,50,8.0,3
513,2,50,8.68,3
514,2,50,8.38,3
515,2,50,7.92,3
516,2,50,8.26,3
517,2,50,8.86,3
518,2,50,8.9,3
519,2,50,9.86,3
520,2,50,8.5,3
521,2,50,7.72,3
522,2,50,8.46,3
523,2,50,8.86,3
524,2,50,8.6,3
525,2,50,8.34,3
526,2,50,8.72,3
527,2,50,8.6,3
528,2,50,8.78,3
529,2,50,8.18,3
530,2,50,10.0,3
531,2,50,9.12,3
532,2,50,8.7,3
533,2,50,9.1,3
534,2,50,9.42,3
535,2,50,9.8,3
536,2,50,10.18,3
537,2,50,10.18,3
538,2,50,8.36,3
539,2,50,8.62,3
540,2,50,8.04,3
541,2,50,8.26,3
542,2,50,8.02,3
543,2,50,8.18,3
544,2,50,8.26,3
545,2,50,8.16,3
546,2,50,8.26,3
547,2,50,9.16,3
548,2,50,8.82,3
549,2,50,8.58,3
550,2,50,8.46,3
551,2,50,8.84,3
552,2,50,8.62,3
553,2,50,8.74,3
554,2,50,8.98,3
555,2,50,8.34,3
556,2,50,9.44,3
557,2,50,9.04,3
558,2,50,8.38,3
559,2,50,9.2,3
560,2,50,9.12,3
561,2,50,9.0,3
562,2,50,8.62,3
563,2,50,8.64,3
564,2,50,8.98,3
565,2,50,8.68,3
566,2,50,8.26,3
567,2,50,9.1,3
568,2,50,9.2,3
569,2,50,8.8,3
570,2,50,8.58,3
571,2,50,8.26,3
572,2,50,9.14,3
573,2,50,9.06,3
574,2,50,9.06,3
575,2,50,9.5,3
576,2,50,9.24,3
577,2,50,8.62,3
578,2,50,9.24,3
579,2,50,8.14,3
580,2,50,8.36,3
581,2,50,8.7,3
582,2,50,8.92,3
583,2,50,8.6,3
584,2,50,8.66,3
585,2,50,7.94,3
586,2,50,7.52,3
587,2,50,8.04,3
588,2,50,8.08,3
589,2,50,9.12,3
590,2,50,9.7,3
591,2,50,9.14,3
592,2,50,9.18,3
593,2,50,8.24,3
594,2,50,8.8,3
595,2,50,8.48,3
596,2,50,8.6,3
597,2,50,8.74,3
598,2,50,9.02,3
599,2,50,8.6,3
600,2,50,8.68,3
601,2,50,8.12,3
602,2,50,8.64,3
603,2,50,8.92,3
604,2,50,8.1,3
605,2,50,8.22,3
606,2,50,8.12,3
607,2,50,8.78,3
608,2,50,8.9,3
609,2,50,8.2,3
610,2,50,8.54,3
611,2,50,7.96,3
612,2,50,9.14,3
613,2,50,8.84,3
614,2,50,9.46,3
615,2,50,8.8,3
616,2,50,8.6,3
617,2,50,9.0,3
618,2,50,8.58,3
619,2,50,8.96,3
620,2,50,9.02,3
621,2,50,9.46,3
622,2,50,9.46,3
623,2,50,8.86,3
624,2,50,8.34,3
625,2,50,8.48,3
626,2,50,7.5,3
627,2,50,8.96,3
628,2,50,8.7,3
629,2,50,8.82,3
630,2,50,8.48,3
631,2,50,9.26,3
632,2,50,8.52,3
633,2,50,7.98,3
634,2,50,8.64,3
635,2,50,7.78,3
636,2,50,8.38,3
637,2,50,7.94,3
638,2,50,8.72,3
639,2,50,8.54,3
640,2,50,8.3,3
641,2,50,7.78,3
642,2,50,9.36,3
643,2,50,9.08,3
644,2,50,9.46,3
645,2,50,9.9,3
646,2,50,8.94,3
647,2,50,8.8,3
648,2,50,9.48,3
649,2,50,9.44,3
650,2,50,8.44,3
651,2,50,8.16,3
652,2,50,8.94,3
653,2,50,9.0,3
654,2,50,9.36,3
655,2,50,8.4,3
656,2,50,8.86,3
657,2,50,9.6,3
658,2,50,9.84,3
659,2,50,8.24,3
660,2,50,8.54,3
661,2,50,8.66,3
662,2,50,8.54,3
663,2,50,9.0,3
664,2,50,7.5,3
665,2,50,9.32,3
666,2,50,9.18,3
667,2,50,9.7,3
668,2,50,9.1,3
669,2,50,8.66,3
670,2,50,8.02,3
671,2,50,8.66,3
672,2,50,8.88,3
673,2,50,8.42,3
674,2,50,8.34,3
675,2,50,7.64,3
676,2,50,7.8,3
677,2,50,8.86,3
678,2,50,8.98,3
679,2,50,7.86,3
680,2,50,8.22,3
681,2,50,8.86,3
682,2,50,8.64,3
683,2,50,8.48,3
684,2,50,8.76,3
685,2,50,9.14,3
686,2,50,8.62,3
687,2,50,8.28,3
688,2,50,8.26,3
689,2,50,8.48,3
690,2,50,9.44,3
691,2,50,8.9,3
692,2,50,8.7,3
693,2,50,8.48,3
694,2,50,7.9,3
695,2,50,9.2,3
696,2,50,8.1,3
697,2,50,8.52,3
698,2,50,8.62,3
699,2,50,8.24,3
700,2,50,8.5,3
701,2,50,9.32,3
702,2,50,8.7,3
703,2,50,8.86,3
704,2,50,9.02,3
705,2,50,8.64,3
706,2,50,10.18,3
707,2,50,8.84,3
708,2,50,10.64,3
709,2,50,9.28,3
710,2,50,8.32,3
711,2,50,8.88,3
712,2,50,8.36,3
713,2,50,8.14,3
714,2,50,9.02,3
715,2,50,8.14,3
716,2,50,9.52,3
717,2,50,8.72,3
718,2,50,8.64,3
719,2,50,9.12,3
720,2,50,9.18,3
721,2,50,9.24,3
722,2,50,9.48,3
723,2,50,8.68,3
724,2,50,8.96,3
725,2,50,9.96,3
726,2,50,8.14,3
727,2,50,9.34,3
728,2,50,9.28,3
729,2,50,8.86,3
730,2,50,9.1,3
731,2,50,9.08,3
732,2,50,8.4,3
733,2,50,9.24,3
734,2,50,9.26,3
735,2,50,8.92,3
736,2,50,8.86,3
737,2,50,8.28,3
738,2,50,8.16,3
739,2,50,9.34,3
740,2,50,9.12,3
741,2,50,9.12,3
742,2,50,9.1,3
743,2,50,8.62,3
744,2,50,9.14,3
745,2,50,9.04,3
746,2,50,7.64,3
747,2,50,8.48,3
748,2,50,8.5,2
749,2,50,8.9,2
750,2,50,8.74,2
751,2,50,7.9,2
752,2,50,7.92,2
753,2,50,8.3,2
754,2,50,9.12,2
755,2,50,8.18,2
756,2,50,7.78,2
757,2,50,8.24,2
758,2,50,7.56,2
759,2,50,7.86,2
760,2,50,8.38,2
761,2,50,7.74,2
762,2,50,8.44,2
763,2,50,8.14,2
764,2,50,6.56,2
765,2,50,7.98,2
766,2,50,7.7,2
767,2,50,7.16,2
768,2,50,7.48,2
769,2,50,7.72,2
770,2,50,7.46,2
771,2,50,7.44,2
772,2,50,7.42,2
773,2,50,7.74,2
774,2,50,7.62,2
775,2,50,7.52,2
776,2,50,8.12,2
777,2,50,7.74,2
778,2,50,7.6,2
779,2,50,7.2,2
780,2,50,7.7,2
781,2,50,6.78,2
782,2,50,7.22,2
783,2,50,7.46,2
784,2,50,8.22,2
785,2,50,7.86,2
786,2,50,7.52,2
787,2,50,7.56,2
788,2,50,6.94,2
789,2,50,7.64,2
790,2,50,7.44,2
791,2,50,7.98,2
792,2,50,7.54,2
793,2,50,7.22,2
794,2,50,7.46,2
795,2,50,7.92,2
796,2,50,7.1,2
797,2,50,7.62,2
798,2,50,8.24,2
799,2,50,8.68,2
800,2,50,8.46,2
801,2,50,7.06,2
802,2,50,6.96,2
803,2,50,7.2,2
804,2,50,7.84,2
805,2,50,8.14,2
806,2,50,8.5,2
807,2,50,7.98,2
808,2,50,7.0,2
809,2,50,7.18,2
810,2,50,6.82,2
811,2,50,7.36,2
812,2,50,7.92,2
813,2,50,8.38,2
814,2,50,8.36,2
815,2,50,7.38,2
816,2,50,7.76,2
817,2,50,7.58,2
818,2,50,7.48,2
819,2,50,7.6,2
820,2,50,9.08,2
821,2,50,7.6,2
822,2,50,7.62,2
823,2,50,8.32,2
824,2,50,7.46,2
825,2,50,8.14,2
826,2,50,8.54,2
827,2,50,8.18,2
828,2,50,8.2,2
829,2,50,8.66,2
830,2,50,8.2,2
831,2,50,7.84,2
832,2,50,8.58,2
833,2,50,8.24,2
834,2,50,7.44,2
835,2,50,8.32,2
836,2,50,8.06,2
837,2,50,7.62,2
838,2,50,8.54,2
839,2,50,8.88,2
840,2,50,8.14,2
841,2,50,7.72,2
842,2,50,8.42,2
843,2,50,8.24,2
844,2,50,7.66,2
845,2,50,7.78,2
846,2,50,7.62,2
847,2,50,6.66,2
848,2,50,8.08,2
849,2,50,8.36,2
850,2,50,8.38,2
851,2,50,8.58,2
852,2,50,8.16,2
853,2,50,7.82,2
854,2,50,7.46,2
855,2,50,6.36,2
856,2,50,6.98,2
857,2,50,7.4,2
858,2,50,8.72,2
859,2,50,8.84,2
860,2,50,8.04,2
861,2,50,8.4,2
862,2,50,8.56,2
863,2,50,7.92,2
864,2,50,7.38,2
865,2,50,7.32,2
866,2,50,8.76,2
867,2,50,8.68,2
868,2,50,7.66,2
869,2,50,8.9,2
870,2,50,8.92,2
871,2,50,8.8,2
872,2,50,9.0,2
873,2,50,8.8,2
874,2,50,7.98,2
875,2,50,7.5,2
876,2,50,7.46,2
877,2,50,7.92,2
878,2,50,7.84,2
879,2,50,7.0,2
880,2,50,7.86,2
881,2,50,8.22,2
882,2,50,7.62,2
883,2,50,7.88,2
884,2,50,7.36,2
885,2,50,7.78,2
886,2,50,7.78,2
887,2,50,7.86,2
888,2,50,8.16,2
889,2,50,8.54,2
890,2,50,8.72,2
891,2,50,8.6,2
892,2,50,7.54,2
893,2,50,7.16,2
894,2,50,8.14,2
895,2,50,7.2,2
896,2,50,7.26,2
897,2,50,7.54,2
898,2,50,7.68,2
899,2,50,8.0,2
900,2,50,7.92,2
901,2,50,7.08,2
902,2,50,8.94,2
903,2,50,7.7,2
904,2,50,7.52,2
905,2,50,7.72,2
906,2,50,7.76,2
907,2,50,7.88,2
908,2,50,7.12,2
909,2,50,7.62,2
910,2,50,8.5,2
911,2,50,8.1,2
912,2,50,8.04,2
913,2,50,7.98,2
914,2,50,8.46,2
915,2,50,9.54,2
916,2,50,7.82,2
917,2,50,7.92,2
918,2,50,8.18,2
919,2,50,7.86,2
920,2,50,8.36,2
921,2,50,7.56,2
922,2,50,8.3,2
923,2,50,7.64,2
924,2,50,7.88,2
925,2,50,7.82,2
926,2,50,7.68,2
927,2,50,7.38,2
928,2,50,7.72,2
929,2,50,9.32,2
930,2,50,7.92,2
931,2,50,7.68,2
932,2,50,7.6,2
933,2,50,8.12,2
934,2,50,8.5,2
935,2,50,7.64,2
936,2,50,8.3,2
937,2,50,7.38,2
938,2,50,8.34,2
939,2,50,7.7,2
940,2,50,7.82,2
941,2,50,7.82,2
942,2,50,8.1,2
943,2,50,7.76,2
944,2,50,7.9,2
945,2,50,7.46,2
946,2,50,7.88,2
947,2,50,7.3,2
948,2,50,7.48,2
949,2,50,7.18,2
950,2,50,6.46,2
951,2,50,8.06,2
952,2,50,7.9,2
953,2,50,7.96,2
954,2,50,7.18,2
955,2,50,7.58,2
956,2,50,8.0,2
957,2,50,8.42,2
958,2,50,8.16,2
959,2,50,7.88,2
960,2,50,8.14,2
961,2,50,7.92,2
962,2,50,7.4,2
963,2,50,7.9,2
964,2,50,7.46,2
965,2,50,8.48,2
966,2,50,8.72,2
967,2,50,8.02,2
968,2,50,7.94,2
969,2,50,8.08,2
970,2,50,8.3,2
971,2,50,9.06,2
972,2,50,7.14,2
973,2,50,7.8,2
974,2,50,8.44,2
975,2,50,9.42,2
976,2,50,8.12,2
977,2,50,8.36,2
978,2,50,7.8,2
979,2,50,9.24,2
980,2,50,7.5,2
981,2,50,7.98,2
982,2,50,7.74,2
983,2,50,7.62,2
984,2,50,7.96,2
985,2,50,7.76,2
986,2,50,8.36,2
987,2,50,8.26,2
988,2,50,7.3,2
989,2,50,7.5,2
990,2,50,7.66,2
991,2,50,7.32,2
992,2,50,7.4,2
993,2,50,7.62,2
994,2,50,7.98,2
995,2,50,7.02,2
996,2,50,7.42,2
997,2,50,8.18,2
998,2,50,7.92,2
999,2,50,7.82,2
1000,2,50,8.04,2
1001,2,50,7.78,2
1002,2,50,7.56,2
1003,2,50,6.5,2
1004,2,50,7.38,2
1005,2,50,7.58,2
1006,2,50,8.0,2
1007,2,50,7.38,2
1008,2,50,8.22,2
1009,2,50,8.18,2
1010,2,50,8.52,2
1011,2,50,7.88,2
1012,2,50,7.84,2
1013,2,50,8.54,2
1014,2,50,7.82,2
1015,2,50,6.66,2
1016,2,50,6.7,2
1017,2,50,8.32,2
1018,2,50,7.94,2
1019,2,50,7.2,2
1020,2,50,7.36,2
1021,2,50,7.7,2
1022,2,50,8.44,2
1023,2,50,7.46,2
1024,2,50,6.84,2
1025,2,50,7.5,2
1026,2,50,6.86,2
1027,2,50,7.92,2
1028,2,50,7.9,2
1029,2,50,8.4,2
1030,2,50,8.8,2
1031,2,50,8.84,2
1032,2,50,7.1,2
1033,2,50,8.08,2
1034,2,50,8.84,2
1035,2,50,8.52,2
1036,2,50,7.88,2
1037,2,50,8.02,2
1038,2,50,7.5,2
1039,2,50,9.18,2
1040,2,50,7.72,2
1041,2,50,6.08,2
1042,2,50,7.48,2
1043,2,50,7.62,2
1044,2,50,7.7,2
1045,2,50,8.56,2
1046,2,50,7.66,2
1047,2,50,8.94,2
1048,2,50,8.8,2
1049,2,50,7.58,2
1050,2,50,7.94,2
1051,2,50,7.9,2
1052,2,50,7.66,2
1053,2,50,8.5,2
1054,2,50,8.54,2
1055,2,50,8.42,2
1056,2,50,8.24,2
1057,2,50,7.82,2
1058,2,50,7.32,2
1059,2,50,7.18,2
1060,2,50,8.4,2
1061,2,50,9.48,2
1062,2,50,8.26,2
1063,2,50,8.42,2
1064,2,50,8.52,2
1065,2,50,7.98,2
1066,2,50,8.22,2
1067,2,50,8.1,2
1068,2,50,7.56,2
1069,2,50,7.64,2
1070,2,50,7.66,2
1071,2,50,6.68,2
1072,2,50,7.32,2
1073,2,50,7.98,2
1074,2,50,7.7,2
1075,2,50,8.02,2
1076,2,50,7.66,2
1077,2,50,7.56,2
1078,2,50,7.16,2
1079,2,50,7.1,2
1080,2,50,6.98,2
1081,2,50,7.98,1
1082,2,50,6.94,1
1083,2,50,7.72,1
1084,2,50,7.16,1
1085,2,50,5.62,1
1086,2,50,7.02,1
1087,2,50,7.38,1
1088,2,50,7.14,1
1089,2,50,7.44,1
1090,2,50,6.98,1
1091,2,50,6.36,1
1092,2,50,7.26,1
1093,2,50,7.88,1
1094,2,50,7.12,1
1095,2,50,6.94,1
1096,2,50,7.04,1
1097,2,50,6.42,1
1098,2,50,6.32,1
1099,2,50,7.68,1
1100,2,50,7.16,1
1101,2,50,7.06,1
1102,2,50,6.7,1
1103,2,50,6.3,1
1104,2,50,6.96,1
1105,2,50,7.02,1
1106,2,50,6.08,1
1107,2,50,6.84,1
1108,2,50,6.9,1
1109,2,50,7.52,1
1110,2,50,6.94,1
1111,2,50,6.76,1
1112,2,50,6.02,1
1113,2,50,6.62,1
1114,2,50,6.2,1
1115,2,50,7.92,1
1116,2,50,7.58,1
1117,2,50,7.52,1
1118,2,50,7.2,1
1119,2,50,7.72,1
1120,2,50,7.18,1
1121,2,50,7.0,1
1122,2,50,6.5,1
1123,2,50,6.9,1
1124,2,50,6.8,1
1125,2,50,6.34,1
1126,2,50,7.58,1
1127,2,50,7.86,1
1128,2,50,7.2,1
1129,2,50,7.82,1
1130,2,50,7.56,1
1131,2,50,7.12,1
1132,2,50,7.0,1
1133,2,50,7.3,1
1134,2,50,6.98,1
1135,2,50,7.0,1
1136,2,50,7.52,1
1137,2,50,7.02,1
1138,2,50,6.7,1
1139,2,50,6.5,1
1140,2,50,6.82,1
1141,2,50,7.06,1
1142,2,50,6.92,1
1143,2,50,7.18,1
1144,2,50,7.46,1
1145,2,50,7.36,1
1146,2,50,6.1,1
1147,2,50,6.68,1
1148,2,50,5.82,1
1149,2,50,6.7,1
1150,2,50,6.76,1
1151,2,50,7.6,1
1152,2,50,6.54,1
1153,2,50,6.48,1
1154,2,50,6.46,1
1155,2,50,6.04,1
1156,2,50,7.28,1
1157,2,50,6.78,1
1158,2,50,6.3,1
1159,2,50,6.06,1
1160,2,50,5.92,1
1161,2,50,6.94,1
1162,2,50,7.44,1
1163,2,50,8.12,1
1164,2,50,8.82,1
1165,2,50,6.88,1
1166,2,50,7.9,1
1167,2,50,7.28,1
1168,2,50,6.78,1
1169,2,50,6.76,1
1170,2,50,6.62,1
1171,2,50,7.16,1
1172,2,50,6.88,1
1173,2,50,7.48,1
1174,2,50,7.02,1
1175,2,50,7.0,1
1176,2,50,7.06,1
1177,2,50,7.42,1
1178,2,50,7.16,1
1179,2,50,7.82,1
1180,2,50,6.88,1
1181,2,50,6.54,1
1182,2,50,6.92,1
1183,2,50,7.54,1
1184,2,50,6.4,1
1185,2,50,7.22,1
1186,2,50,6.0,1
1187,2,50,6.92,1
1188,2,50,7.22,1
1189,2,50,6.5,1
1190,2,50,6.36,1
1191,2,50,7.12,1
1192,2,50,7.36,1
1193,2,50,7.48,1
1194,2,50,7.38,1
1195,2,50,7.44,1
1196,2,50,7.22,1
1197,2,50,6.18,1
1198,2,50,6.98,1
1199,2,50,7.9,1
1200,2,50,6.84,1
1201,2,50,7.6,1
1202,2,50,6.94,1
1203,2,50,6.98,1
1204,2,50,6.7,1
1205,2,50,7.16,1
1206,2,50,6.72,1
1207,2,50,6.68,1
1208,2,50,7.42,1
1209,2,50,7.16,1
1210,2,50,6.28,1
1211,2,50,7.48,1
1212,2,50,6.82,1
1213,2,50,6.3,1
1214,2,50,6.78,1
1215,2,50,6.44,1
1216,2,50,6.96,1
1217,2,50,5.86,1
1218,2,50,6.64,1
1219,2,50,6.36,1
1220,2,50,7.32,1
1221,2,50,6.92,1
1222,2,50,7.16,1
1223,2,50,6.04,1
1224,2,50,7.34,1
1225,2,50,7.2,1
1226,2,50,7.16,1
1227,2,50,7.12,1
1228,2,50,6.46,1
1229,2,50,6.34,1
1230,2,50,7.6,1
1231,2,50,6.7,1
1232,2,50,6.48,1
1233,2,50,6.12,1
1234,2,50,6.96,1
1235,2,50,7.26,1
1236,2,50,7.12,1
1237,2,50,7.22,1
1238,2,50,5.7,1
1239,2,50,6.18,1
1240,2,50,6.88,1
1241,2,50,7.98,1
1242,2,50,6.86,1
1243,2,50,7.84,1
1244,2,50,7.02,1
1245,2,50,7.76,1
1246,2,50,6.36,1
1247,2,50,7.24,1
1248,2,50,6.8,1
1249,2,50,7.06,1
1250,2,50,7.14,1
1251,2,50,6.12,1
1252,2,50,7.28,1
1253,2,50,8.2,1
1254,2,50,6.34,1
1255,2,50,7.58,1
1256,2,50,6.04,1
1257,2,50,6.62,1
1258,2,50,6.96,1
1259,2,50,6.78,1
1260,2,50,6.48,1
1261,2,50,6.92,1
1262,2,50,6.18,1
1263,2,50,7.92,1
1264,2,50,5.88,1
1265,2,50,7.1,1
1266,2,50,6.04,1
1267,2,50,7.0,1
1268,2,50,8.72,1
1269,2,50,8.24,1
1270,2,50,8.62,1
1271,2,50,7.04,1
1272,2,50,7.18,1
1273,2,50,7.2,1
1274,2,50,7.44,1
1275,2,50,7.1,1
1276,2,50,7.16,1
1277,2,50,7.32,1
1278,2,50,7.16,1
1279,2,50,8.2,1
1280,2,50,6.98,1
1281,2,50,7.0,1
1282,2,50,7.22,1
1283,2,50,6.0,1
1284,2,50,6.72,1
1285,2,50,7.3,1
1286,2,50,6.3,1
1287,2,50,7.46,1
1288,2,50,6.78,1
1289,2,50,6.7,1
1290,2,50,7.1,1
1291,2,50,7.54,1
1292,2,50,7.4,1
1293,2,50,6.24,1
1294,2,50,6.56,1
1295,2,50,5.66,1
1296,2,50,6.16,1
1297,2,50,6.72,1
1298,2,50,7.5,1
1299,2,50,8.2,1
1300,2,50,7.04,1
1301,2,50,7.1,1
1302,2,50,7.44,1
1303,2,50,7.56,1
1304,2,50,7.72,1
1305,2,50,7.4,1
1306,2,50,5.92,1
1307,2,50,6.0,1
1308,2,50,5.84,1
1309,2,50,6.76,1
1310,2,50,7.78,1
1311,2,50,6.56,1
1312,2,50,6.74,1
1313,2,50,6.46,1
1314,2,50,6.64,1
1315,2,50,5.74,1
1316,2,50,6.32,1
1317,2,50,5.58,1
1318,2,50,6.52,1
1319,2,50,7.18,1
1320,2,50,8.3,1
1321,2,50,7.22,1
1322,2,50,7.44,1
1323,2,50,7.42,1
1324,2,50,7.24,1
1325,2,50,7.84,1
1326,2,50,7.06,1
1327,2,50,7.08,1
1328,2,50,7.04,1
1329,2,50,7.28,1
1330,2,50,7.12,1
1331,2,50,7.9,1
1332,2,50,7.42,1
1333,2,50,8.48,1
1334,2,50,7.82,1
1335,2,50,6.9,1
1336,2,50,7.72,1
1337,2,50,7.74,1
1338,2,50,7.04,1
1339,2,50,6.46,1
1340,2,50,7.34,1
1341,2,50,6.98,1
1342,2,50,7.26,1
1343,2,50,7.5,1
1344,2,50,7.92,1
1345,2,50,8.18,1
1346,2,50,7.06,1
1347,2,50,7.66,1
1348,2,50,7.18,1
1349,2,50,6.78,1
1350,2,50,7.82,1
1351,2,50,6.62,1
1352,2,50,7.16,1
1353,2,50,6.8,1
1354,2,50,6.48,1
1355,2,50,7.02,1
1356,2,50,6.28,1
1357,2,50,7.06,1
1358,2,50,6.6,1
1359,2,50,6.62,1
1360,2,50,7.48,1
1361,2,50,7.1,1
1362,2,50,6.12,1
1363,2,50,6.04,1
1364,2,50,6.84,1
1365,2,50,6.88,1
1366,2,50,6.08,1
1367,2,50,8.1,1
1368,2,50,7.18,1
1369,2,50,7.6,1
1370,2,50,7.3,1
1371,2,50,6.76,1
1372,2,50,6.8,1
1373,2,50,6.16,1
1374,2,50,6.6,1
1375,2,50,6.56,1
1376,2,50,7.3,1
1377,2,50,6.88,1
1378,2,50,7.64,1
1379,2,50,6.12,1
1380,2,50,6.14,1
1381,2,50,5.96,1
1382,2,50,7.2,1
1383,2,50,5.38,1
1384,2,50,6.64,1
1385,2,50,7.26,1
1386,2,50,7.06,1
1387,2,50,7.52,1
1388,2,50,6.84,1
1389,2,50,7.34,1
1390,2,50,7.24,1
1391,2,50,7.56,1
1392,2,50,7.56,1
1393,2,50,8.16,1
1394,2,50,7.78,1
1395,2,50,7.4,1
1396,2,50,6.66,1
1397,2,50,6.78,1
1398,2,50,6.9,1
1399,2,50,6.7,1
1400,2,50,7.34,1
1401,2,50,6.86,1
1402,2,50,6.96,1
1403,2,50,7.08,1
1404,2,50,6.74,1
1405,2,50,7.2,1
1406,2,50,7.62,1
1407,2,50,6.64,1
1408,2,50,6.78,1
1409,2,50,7.64,1
1410,2,50,7.8,1
1411,2,50,7.42,1
1412,2,50,6.92,1
1413,2,50,7.0,1
1414,2,50,6.28,1
1415,2,50,6.18,1
1416,2,50,6.4,1
1417,2,50,6.68,1
1418,2,50,6.78,1
1419,2,50,6.36,1
1420,2,50,6.38,1
1421,2,50,7.06,1
1422,2,50,6.96,1
1423,2,50,8.28,1
1424,2,50,7.52,1
1425,2,50,6.48,1
1426,2,50,7.4,1
1427,2,50,6.84,1
1428,2,50,7.36,1
1429,2,50,6.48,1
1430,2,50,7.06,1
1431,2,50,7.56,1
1432,2,50,6.0,1
1433,2,50,7.14,1
1434,2,50,6.46,1
1435,2,50,5.76,1
1436,2,50,6.08,1
1437,2,50,6.64,1
1438,2,50,7.34,1
1439,2,50,7.22,1
1440,2,50,7.56,1
1441,2,50,7.74,1
1442,2,50,7.98,1
1443,2,50,7.94,1
1444,2,50,6.94,1
1445,2,50,7.2,1
1446,2,50,6.58,1
1447,2,50,7.24,1
1448,2,50,7.08,1
1449,2,50,6.68,1
1450,2,50,7.52,1
1451,2,50,7.38,1
1452,2,50,6.6,1
1453,2,50,7.5,1
1454,2,50,7.16,1
1455,2,50,7.14,1
1456,2,50,6.62,1
1457,2,50,7.22,1
1458,2,50,7.04,1
1459,2,50,6.42,1
1460,2,50,6.04,1
1461,2,50,5.74,1
1462,2,50,6.98,1
1463,2,50,7.36,1
1464,2,50,6.66,1
1465,2,50,6.58,1
1466,2,50,7.24,1
1467,2,50,6.6,1
1468,2,50,7.12,1
1469,2,50,6.94,1
1470,2,50,5.9,1
1471,2,50,6.74,1
1472,2,50,7.44,1
1473,2,50,7.26,1
1474,2,50,7.54,1
1475,2,50,6.62,1
1476,2,50,7.52,1
1477,2,50,7.8,1
1478,2,50,7.36,1
1479,2,50,6.02,1
1480,2,50,7.24,1
1481,2,50,7.4,1
1482,2,50,8.42,1
1483,2,50,7.34,1
1484,2,50,7.3,1
1485,2,50,6.96,1
1486,2,50,6.98,1
1487,2,50,7.2,1
1488,2,50,7.36,1
1489,2,50,6.1,1
1490,2,50,7.34,1
1491,2,50,7.26,1
1492,2,50,7.44,1
1493,2,50,6.58,1
1494,2,50,7.46,1
1495,2,50,6.74,1
1496,2,50,6.44,1
1497,2,50,6.76,1
1498,2,50,7.3,1
1499,2,50,6.36,1
1500,2,50,6.66,1
1501,2,50,6.46,1
1502,2,50,6.84,1
1503,2,50,6.9,1
1504,2,50,7.38,1
1505,2,50,7.7,1
1506,2,50,6.04,1
1507,2,50,6.52,1
1508,2,50,6.4,1
1509,2,50,7.58,1
1510,2,50,6.9,1
1511,2,50,5.96,1
1512,2,50,6.94,1
1513,2,50,7.5,1
1514,2,50,7.18,1
1515,2,50,7.84,1
1516,2,50,6.86,1
1517,2,50,7.22,1
1518,2,50,6.7,1
1519,2,50,7.56,1
1520,2,50,6.72,1
1521,2,50,7.36,1
1522,2,50,7.52,1
1523,2,50,6.6,1
1524,2,50,7.06,1
1525,2,50,7.18,1
1526,2,50,7.74,1
1527,2,50,7.5,1
1528,2,50,6.6,1
1529,2,50,7.76,1
1530,2,50,7.12,1
1531,2,50,7.36,1
1532,2,50,7.4,1
1533,2,50,7.62,1
1534,2,50,6.38,1
1535,2,50,6.6,1
1536,2,50,6.38,1
1537,2,50,6.8,1
1538,2,50,6.3,1
1539,2,50,7.46,1
1540,2,50,7.26,1
1541,2,50,7.78,1
1542,2,50,8.42,1
1543,2,50,7.26,1
1544,2,50,7.1,1
1545,2,50,7.22,1
1546,2,50,6.54,1
1547,2,50,6.02,1
1548,2,50,6.14,1
1549,2,50,6.24,1
1550,2,50,6.48,1
1551,2,50,7.16,1
1552,2,50,7.6,1
1553,2,50,7.16,1
1554,2,50,7.66,1
1555,2,50,6.42,1
1556,2,50,6.54,1
1557,2,50,6.86,1
1558,2,50,6.72,1
1559,2,50,8.3,1
1560,2,50,7.78,1
1561,2,50,7.34,1
1562,2,50,7.86,1
1563,2,50,7.52,1
1564,2,50,7.54,1
1565,2,50,7.86,1
1566,2,50,6.9,1
1567,2,50,7.66,1
1568,2,50,7.08,1
1569,2,50,6.7,1
1570,2,50,6.14,1
1571,2,50,5.8,1
1572,2,50,6.64,1
1573,2,50,7.98,1
1574,2,50,7.54,1
1575,2,50,7.54,1
1576,2,50,7.22,1
1577,2,50,7.62,1
1578,2,50,6.82,1
1579,2,50,7.6,1
1580,2,50,6.58,1
1581,2,50,6.8,1
1582,2,50,6.6,1
1583,2,50,6.28,1
1584,2,50,7.48,1
1585,2,50,6.82,1
1586,2,50,6.86,1
1587,2,50,7.3,1
1588,2,50,6.96,1
1589,2,50,6.96,1
1590,2,50,7.58,1
1591,2,50,7.18,1
1592,2,50,6.0,1
1593,2,50,7.74,1
1594,2,50,6.24,1
1595,2,50,6.74,1
1596,2,50,7.54,1
1597,2,50,6.94,1
1598,2,50,7.2,1
1599,2,50,7.64,1
1600,2,50,8.04,1
1601,2,50,6.82,1
1602,2,50,7.0,1
1603,2,50,7.04,1
1604,2,50,7.0,1
1605,2,50,6.32,1
1606,2,50,6.98,1
1607,2,50,6.68,1
1608,2,50,6.76,1
1609,2,50,7.3,1
1610,2,50,6.44,1
1611,2,50,7.14,1
1612,2,50,6.38,1
1613,2,50,7.44,1
1614,2,50,6.92,1
1615,2,50,5.84,1
1616,2,50,6.04,1
1617,2,50,7.4,1
1618,2,50,8.4,1
1619,2,50,7.32,1
1620,2,50,7.02,1
1621,2,50,7.24,1
1622,2,50,6.42,1
1623,2,50,7.3,1
1624,2,50,7.44,1
1625,2,50,6.98,1
1626,2,50,7.4,1
1627,2,50,5.9,1
1628,2,50,7.08,1
1629,2,50,6.48,1
1630,2,50,6.96,1
1631,2,50,6.92,1
1632,2,50,6.22,1
1633,2,50,7.6,1
1634,2,50,7.6,1
1635,2,50,7.68,1
1636,2,50,7.78,1
1637,2,50,7.72,1
1638,2,50,7.96,1
1639,2,50,5.9,1
1640,2,50,7.06,1
1641,2,50,7.08,1
1642,2,50,6.24,1
1643,2,50,6.72,1
1644,2,50,6.72,1
1645,2,50,7.06,1
1646,2,50,8.28,1
1647,2,50,6.92,1
1648,2,50,7.26,1
1649,2,50,7.68,1
1650,2,50,5.96,1
1651,2,50,6.82,1
1652,2,50,6.84,1
1653,2,50,7.5,1
1654,2,50,6.42,1
1655,2,50,6.78,1
1656,2,50,6.68,1
1657,2,50,7.2,1
1658,2,50,7.22,1
1659,2,50,5.18,1
1660,2,50,6.18,1
1661,2,50,6.68,1
1662,2,50,7.1,1
1663,2,50,6.82,1
1664,2,50,6.82,1
1665,2,50,6.2,1
1666,2,50,6.28,1
1667,2,50,7.46,1
1668,2,50,6.58,1
1669,2,50,6.94,1
1670,2,50,6.92,1
1671,2,50,7.34,1
1672,2,50,7.3,1
1673,2,50,7.32,1
1674,2,50,7.16,1
1675,2,50,6.44,1
1676,2,50,6.96,1
1677,2,50,7.7,1
1678,2,50,7.28,1
1679,2,50,7.12,1
1680,2,50,6.86,1
1681,2,50,6.82,1
1682,2,50,7.78,1
1683,2,50,6.96,1
1684,2,50,8.36,1
1685,2,50,7.06,1
1686,2,50,7.18,1
1687,2,50,6.98,1
1688,2,50,6.6,1
1689,2,50,6.98,1
1690,2,50,6.64,1
1691,2,50,7.34,1
1692,2,50,7.34,1
1693,2,50,7.6,1
1694,2,50,6.52,1
1695,2,50,7.06,1
1696,2,50,7.26,1
1697,2,50,8.32,1
1698,2,50,6.5,1
1699,2,50,5.64,1
1700,2,50,7.04,1
1701,2,50,6.88,1
1702,2,50,6.34,1
1703,2,50,6.8,1
1704,2,50,6.74,1
1705,2,50,6.86,1
1706,2,50,7.04,1
1707,2,50,7.38,1
1708,2,50,6.8,1
1709,2,50,7.36,1
1710,2,50,6.62,1
1711,2,50,7.28,1
1712,2,50,7.12,1
1713,2,50,7.5,1
1714,2,50,6.32,1
1715,2,50,6.46,1
1716,2,50,7.66,1
1717,2,50,7.16,1
1718,2,50,7.0,1
1719,2,50,7.68,1
1720,2,50,6.68,1
1721,2,50,6.24,1
1722,2,50,7.58,1
1723,2,50,7.32,1
1724,2,50,7.36,1
1725,2,50,6.64,1
1726,2,50,6.58,1
1727,2,50,7.1,1
1728,2,50,6.66,1
1729,2,50,6.06,1
1730,2,50,6.76,1
1731,2,50,6.76,1
1732,2,50,6.88,1
1733,2,50,7.08,1
1734,2,50,7.66,1
1735,2,50,7.1,1
1736,2,50,6.12,1
1737,2,50,6.96,1
1738,2,50,6.66,1
1739,2,50,7.78,1
1740,2,50,6.36,1
1741,2,50,7.34,1
1742,2,50,7.38,1
1743,2,50,7.16,1
1744,2,50,7.14,1
1745,2,50,6.84,1
1746,2,50,6.84,1
1747,2,50,6.16,1
1748,2,50,7.8,1
1749,2,50,7.92,1
1750,2,50,7.74,1
1751,2,50,7.68,1
1752,2,50,7.3,1
1753,2,50,7.38,1
1754,2,50,7.46,1
1755,2,50,7.62,1
1756,2,50,7.14,1
1757,2,50,6.9,1
1758,2,50,6.6,1
1759,2,50,7.26,1
1760,2,50,6.82,1
1761,2,50,6.98,1
1762,2,50,7.52,1
1763,2,50,7.58,1
1764,2,50,7.22,1
1765,2,50,6.9,1
1766,2,50,6.54,1
1767,2,50,6.1,1
1768,2,50,6.44,1
1769,2,50,6.88,1
1770,2,50,6.38,1
1771,2,50,7.62,1
1772,2,50,5.96,1
1773,2,50,6.98,1
1774,2,50,8.1,1
1775,2,50,6.72,1
1776,2,50,7.04,1
1777,2,50,8.08,1
1778,2,50,7.44,1
1779,2,50,7.52,1
1780,2,50,6.56,1
1781,2,50,7.06,1
1782,2,50,6.66,1
1783,2,50,8.14,1
1784,2,50,7.18,1
1785,2,50,7.3,1
1786,2,50,7.22,1
1787,2,50,7.34,1
1788,2,50,7.18,1
1789,2,50,7.34,1
1790,2,50,6.5,1
1791,2,50,6.42,1
1792,2,50,7.02,1
1793,2,50,5.9,1
1794,2,50,6.98,1
1795,2,50,6.76,1
1796,2,50,5.78,1
1797,2,50,6.14,1
1798,2,50,6.96,1
1799,2,50,7.64,1
1800,2,50,7.98,1
1801,2,50,7.72,1
1802,2,50,7.12,1
1803,2,50,7.46,1
1804,2,50,6.58,1
1805,2,50,6.88,1
1806,2,50,6.92,1
1807,2,50,7.8,1
1808,2,50,7.8,1
1809,2,50,6.54,1
1810,2,50,6.86,1
1811,2,50,7.56,1
1812,2,50,7.84,1
1813,2,50,6.44,1
1814,2,50,7.58,1
1815,2,50,8.06,1
1816,2,50,7.46,1
1817,2,50,6.38,1
1818,2,50,7.44,1
1819,2,50,7.5,1
1820,2,50,7.12,1
1821,2,50,8.24,1
1822,2,50,7.1,1
1823,2,50,7.74,1
1824,2,50,6.52,1
1825,2,50,7.08,1
1826,2,50,7.56,1
1827,2,50,7.04,1
1828,2,50,7.12,1
1829,2,50,8.22,1
1830,2,50,6.98,1
1831,2,50,7.5,1
1832,2,50,6.86,1
1833,2,50,6.24,1
1834,2,50,6.86,1
1835,2,50,6.6,1
1836,2,50,7.0,1
1837,2,50,6.48,1
1838,2,50,6.6,1
1839,2,50,6.92,1
1840,2,50,6.76,1
1841,2,50,7.68,1
1842,2,50,7.74,1
1843,2,50,7.3,1
1844,2,50,8.32,1
1845,2,50,7.56,1
1846,2,50,7.74,1
1847,2,50,7.22,1
1848,2,50,6.94,1
1849,2,50,6.56,1
1850,2,50,8.08,1
1851,2,50,7.2,1
1852,2,50,6.74,1
1853,2,50,7.0,1
1854,2,50,8.02,1
1855,2,50,6.72,1
1856,2,50,8.18,1
1857,2,50,8.16,1
1858,2,50,6.74,1
1859,2,50,7.04,1
1860,2,50,6.84,1
1861,2,50,7.0,1
1862,2,50,5.92,1
1863,2,50,6.62,1
1864,2,50,7.44,1
1865,2,50,7.28,1
1866,2,50,7.46,1
1867,2,50,7.82,1
1868,2,50,7.68,1
1869,2,50,7.0,1
1870,2,50,7.44,1
1871,2,50,7.34,1
1872,2,50,7.46,1
1873,2,50,6.58,1
1874,2,50,6.34,1
1875,2,50,6.18,1
1876,2,50,6.7,1
1877,2,50,7.2,1
1878,2,50,7.02,1
1879,2,50,6.0,1
1880,2,50,7.34,1
1881,2,50,6.5,1
1882,2,50,6.5,1
1883,2,50,7.58,1
1884,2,50,7.54,1
1885,2,50,7.94,1
1886,2,50,6.82,1
1887,2,50,7.5,1
1888,2,50,7.76,1
1889,2,50,8.38,1
1890,2,50,7.16,1
1891,2,50,6.68,1
1892,2,50,7.3,1
1893,2,50,7.36,1
1894,2,50,7.24,1
1895,2,50,7.2,1
1896,2,50,7.12,1
1897,2,50,6.82,1
1898,2,50,6.86,1
1899,2,50,6.68,1
1900,2,50,5.82,1
1901,2,50,7.06,1
1902,2,50,6.96,1
1903,2,50,7.18,1
1904,2,50,6.76,1
1905,2,50,7.0,1
1906,2,50,6.84,1
1907,2,50,6.72,1
1908,2,50,6.7,1
1909,2,50,6.28,1
1910,2,50,6.7,1
1911,2,50,7.28,1
1912,2,50,6.4,1
1913,2,50,7.18,1
1914,2,50,6.14,1
1915,2,50,8.06,1
1916,2,50,7.36,1
1917,2,50,7.1,1
1918,2,50,7.54,1
1919,2,50,7.82,1
1920,2,50,7.66,1
1921,2,50,7.44,1
1922,2,50,7.78,1
1923,2,50,6.9,1
1924,2,50,6.6,1
1925,2,50,6.94,1
1926,2,50,6.28,1
1927,2,50,7.78,1
1928,2,50,8.36,1
1929,2,50,7.9,1
1930,2,50,7.76,1
1931,2,50,6.98,1
1932,2,50,7.1,1
1933,2,50,6.9,1
1934,2,50,5.64,1
1935,2,50,6.22,1
1936,2,50,6.98,1
1937,2,50,6.88,1
1938,2,50,5.86,1
1939,2,50,6.46,1
1940,2,50,8.46,1
1941,2,50,7.7,1
1942,2,50,7.3,1
1943,2,50,8.5,1
1944,2,50,7.5,1
1945,2,50,6.82,1
1946,2,50,6.1,1
1947,2,50,5.7,1
1948,2,50,6.66,1
1949,2,50,7.02,1
1950,2,50,7.82,1
1951,2,50,6.54,1
1952,2,50,7.28,1
1953,2,50,6.44,1
1954,2,50,7.2,1
1955,2,50,7.92,1
1956,2,50,7.78,1
1957,2,50,6.84,1
1958,2,50,8.62,1
1959,2,50,8.18,1
1960,2,50,8.12,1
1961,2,50,8.48,1
1962,2,50,6.24,1
1963,2,50,7.38,1
1964,2,50,7.38,1
1965,2,50,6.7,1
1966,2,50,7.82,1
1967,2,50,7.16,1
1968,2,50,7.0,1
1969,2,50,7.3,1
1970,2,50,7.02,1
1971,2,50,6.56,1
1972,2,50,7.06,1
1973,2,50,7.7,1
1974,2,50,6.7,1
1975,2,50,6.46,1
1976,2,50,6.36,1
1977,2,50,6.78,1
1978,2,50,7.02,1
1979,2,50,6.84,1
1980,2,50,6.38,1
1981,2,50,7.06,1
1982,2,50,6.58,1
1983,2,50,6.52,1
1984,2,50,7.18,1
1985,2,50,7.56,1
1986,2,50,8.06,1
1987,2,50,6.68,1
1988,2,50,6.8,1
1989,2,50,6.36,1
1990,2,50,6.46,1
1991,2,50,6.9,1
1992,2,50,7.92,1
1993,2,50,6.62,1
1994,2,50,6.64,1
1995,2,50,7.26,1
1996,2,50,7.52,1
1997,2,50,7.7,1
1998,2,50,7.56,1
1999,2,50,7.02,1
2000,2,50,6.94,1
0,3,50,58.3,45
1,3,50,50.12,41
2,3,50,45.28,38
3,3,50,41.26,34
4,3,50,37.3,31
5,3,50,34.42,28
6,3,50,31.18,27
7,3,50,30.44,26
8,3,50,29.94,24
9,3,50,28.28,22
10,3,50,26.24,21
11,3,50,24.94,21
12,3,50,24.46,20
13,3,50,24.18,19
14,3,50,23.06,19
15,3,50,21.92,18
16,3,50,21.7,17
17,3,50,21.04,17
18,3,50,20.6,17
19,3,50,20.94,15
20,3,50,21.16,15
21,3,50,19.74,14
22,3,50,19.14,13
23,3,50,18.2,13
24,3,50,18.0,13
25,3,50,18.1,12
26,3,50,16.74,12
27,3,50,16.44,12
28,3,50,16.3,12
29,3,50,16.38,12
30,3,50,16.08,12
31,3,50,16.08,12
32,3,50,16.66,11
33,3,50,15.82,11
34,3,50,16.04,11
35,3,50,15.06,11
36,3,50,15.16,10
37,3,50,14.94,10
38,3,50,15.62,10
39,3,50,15.82,10
40,3,50,14.26,10
41,3,50,15.18,9
42,3,50,13.92,9
43,3,50,14.18,9
44,3,50,13.3,9
45,3,50,12.8,8
46,3,50,12.92,8
47,3,50,13.64,8
48,3,50,13.76,8
49,3,50,13.6,8
50,3,50,13.2,8
51,3,50,13.28,8
52,3,50,13.76,8
53,3,50,13.12,8
54,3,50,12.44,8
55,3,50,12.98,8
56,3,50,13.08,8
57,3,50,12.94,8
58,3,50,13.64,8
59,3,50,13.56,8
60,3,50,13.32,8
61,3,50,13.16,8
62,3,50,12.8,8
63,3,50,12.36,8
64,3,50,12.74,8
65,3,50,12.32,8
66,3,50,13.2,8
67,3,50,13.24,8
68,3,50,13.28,8
69,3,50,13.7,8
70,3,50,13.94,8
71,3,50,12.74,8
72,3,50,12.82,8
73,3,50,13.14,8
74,3,50,13.4,8
75,3,50,13.58,8
76,3,50,12.82,8
77,3,50,12.54,8
78,3,50,13.1,7
79,3,50,11.98,7
80,3,50,11.82,7
81,3,50,11.94,7
82,3,50,12.34,5
83,3,50,11.18,5
84,3,50,10.8,5
85,3,50,11.48,5
86,3,50,10.66,5
87,3,50,11.0,5
88,3,50,10.06,5
89,3,50,11.14,5
90,3,50,10.24,5
91,3,50,10.48,5
92,3,50,10.5,5
93,3,50,10.82,5
94,3,50,11.06,5
95,3,50,10.12,5
96,3,50,9.4,5
97,3,50,10.68,5
98,3,50,9.88,5
99,3,50,9.94,5
100,3,50,10.1,5
101,3,50,10.76,5
102,3,50,11.56,5
103,3,50,10.54,5
104,3,50,10.6,5
105,3,50,10.26,5
106,3,50,10.14,5
107,3,50,11.14,5
108,3,50,9.62,5
109,3,50,10.98,5
110,3,50,9.98,5
111,3,50,10.06,5
112,3,50,10.44,5
113,3,50,10.28,5
114,3,50,11.0,5
115,3,50,10.76,5
116,3,50,10.48,5
117,3,50,10.62,5
118,3,50,10.3,5
119,3,50,9.46,5
120,3,50,10.82,5
121,3,50,11.16,5
122,3,50,10.56,5
123,3,50,10.56,5
124,3,50,11.62,5
125,3,50,10.78,5
126,3,50,12.28,5
127,3,50,10.74,4
128,3,50,9.42,4
129,3,50,10.3,4
130,3,50,9.16,4
131,3,50,9.84,4
132,3,50,9.48,4
133,3,50,9.66,4
134,3,50,10.24,4
135,3,50,9.64,4
136,3,50,9.32,4
137,3,50,10.42,4
138,3,50,8.84,4
139,3,50,8.92,4
140,3,50,9.56,4
141,3,50,8.84,4
142,3,50,9.0,4
143,3,50,9.06,4
144,3,50,9.92,4
145,3,50,9.3,4
146,3,50,9.74,4
147,3,50,9.22,4
148,3,50,10.28,4
149,3,50,9.12,4
150,3,50,10.24,4
151,3,50,10.04,4
152,3,50,9.9,4
153,3,50,9.32,4
154,3,50,9.26,4
155,3,50,8.88,3
156,3,50,8.24,3
157,3,50,8.84,3
158,3,50,9.18,3
159,3,50,9.1,3
160,3,50,8.42,3
161,3,50,8.46,3
162,3,50,9.28,3
163,3,50,9.9,3
164,3,50,9.32,3
165,3,50,9.22,3
166,3,50,9.3,3
167,3,50,9.22,3
168,3,50,9.36,3
169,3,50,9.16,3
170,3,50,9.32,3
171,3,50,7.46,3
172,3,50,8.84,3
173,3,50,8.14,3
174,3,50,8.48,3
175,3,50,7.56,3
176,3,50,8.52,3
177,3,50,9.0,3
178,3,50,9.28,3
179,3,50,8.5,3
180,3,50,9.04,3
181,3,50,7.98,3
182,3,50,8.98,3
183,3,50,9.46,3
184,3,50,8.52,3
185,3,50,8.76,3
186,3,50,8.94,3
187,3,50,8.8,3
188,3,50,8.88,3
189,3,50,8.56,3
190,3,50,8.02,3
191,3,50,8.6,3
192,3,50,9.1,3
193,3,50,7.7,3
194,3,50,7.98,3
195,3,50,8.64,3
196,3,50,9.14,3
197,3,50,8.8,3
198,3,50,8.74,3
199,3,50,8.28,3
200,3,50,9.52,3
201,3,50,8.76,3
202,3,50,8.02,3
203,3,50,8.44,3
204,3,50,7.74,3
205,3,50,8.3,3
206,3,50,8.14,3
207,3,50,9.26,3
208,3,50,9.02,3
209,3,50,8.68,3
210,3,50,9.2,3
211,3,50,9.24,3
212,3,50,8.44,3
213,3,50,8.86,3
214,3,50,9.2,3
215,3,50,8.52,3
216,3,50,8.94,3
217,3,50,8.72,3
218,3,50,8.86,3
219,3,50,8.82,3
220,3,50,8.86,3
221,3,50,7.94,3
222,3,50,9.58,3
223,3,50,9.06,3
224,3,50,8.96,3
225,3,50,8.3,3
226,3,50,8.08,3
227,3,50,8.62,3
228,3,50,8.32,2
229,3,50,8.48,2
230,3,50,7.5,2
231,3,50,7.64,2
232,3,50,7.54,2
233,3,50,7.24,2
234,3,50,8.54,2
235,3,50,8.06,2
236,3,50,8.44,2
237,3,50,8.22,2
238,3,50,8.1,2
239,3,50,8.16,1
240,3,50,7.7,1
241,3,50,7.26,1
242,3,50,7.26,1
243,3,50,6.58,1
244,3,50,7.02,1
245,3,50,8.16,1
246,3,50,7.6,1
247,3,50,6.7,1
248,3,50,8.22,1
249,3,50,7.96,1
250,3,50,6.42,1
251,3,50,6.52,1
252,3,50,6.86,1
253,3,50,7.58,1
254,3,50,7.26,1
255,3,50,7.06,1
256,3,50,7.36,1
257,3,50,5.88,1
258,3,50,7.46,1
259,3,50,6.42,1
260,3,50,5.9,1
261,3,50,7.78,1
262,3,50,8.0,1
263,3,50,7.02,1
264,3,50,6.58,1
265,3,50,7.56,1
266,3,50,6.9,1
267,3,50,6.54,1
268,3,50,6.4,1
269,3,50,6.68,1
270,3,50,7.06,1
271,3,50,6.9,1
272,3,50,7.22,1
273,3,50,7.28,1
274,3,50,7.88,1
275,3,50,7.32,1
276,3,50,7.74,1
277,3,50,7.02,1
278,3,50,7.04,1
279,3,50,6.26,1
280,3,50,7.02,1
281,3,50,7.74,1
282,3,50,7.54,1
283,3,50,7.76,1
284,3,50,6.8,1
285,3,50,7.5,1
286,3,50,7.54,1
287,3,50,7.7,1
288,3,50,8.2,1
289,3,50,8.2,1
290,3,50,6.78,1
291,3,50,6.5,1
292,3,50,6.86,1
293,3,50,7.2,1
294,3,50,7.74,1
295,3,50,6.96,1
296,3,50,6.9,1
297,3,50,6.26,1
298,3,50,5.9,1
299,3,50,6.72,1
300,3,50,6.26,1
301,3,50,6.4,1
302,3,50,7.0,1
303,3,50,7.16,1
304,3,50,6.84,1
305,3,50,6.68,1
306,3,50,5.7,1
307,3,50,6.28,1
308,3,50,6.76,1
309,3,50,7.6,1
310,3,50,7.16,1
311,3,50,8.34,1
312,3,50,6.8,1
313,3,50,8.26,1
314,3,50,7.46,1
315,3,50,7.2,1
316,3,50,7.6,1
317,3,50,7.48,1
318,3,50,6.26,1
319,3,50,7.5,1
320,3,50,7.84,1
321,3,50,7.36,1
322,3,50,7.9,1
323,3,50,6.44,1
324,3,50,6.16,1
325,3,50,6.74,1
326,3,50,7.26,1
327,3,50,7.9,1
328,3,50,7.62,1
329,3,50,7.2,1
330,3,50,6.54,1
331,3,50,6.72,1
332,3,50,7.04,1
333,3,50,6.3,1
334,3,50,5.86,1
335,3,50,5.74,1
336,3,50,7.44,1
337,3,50,6.48,1
338,3,50,7.24,1
339,3,50,6.76,1
340,3,50,7.04,1
341,3,50,6.94,1
342,3,50,7.56,1
343,3,50,7.4,1
344,3,50,6.32,1
345,3,50,6.14,1
346,3,50,7.14,1
347,3,50,6.12,1
348,3,50,6.36,1
349,3,50,7.0,1
350,3,50,6.22,1
351,3,50,6.68,1
352,3,50,7.24,1
353,3,50,7.76,1
354,3,50,7.54,1
355,3,50,7.18,1
356,3,50,7.04,1
357,3,50,6.42,1
358,3,50,6.96,1
359,3,50,7.4,1
360,3,50,8.04,1
361,3,50,7.66,1
362,3,50,8.28,1
363,3,50,8.16,1
364,3,50,6.72,1
365,3,50,7.52,1
366,3,50,6.4,1
367,3,50,5.56,1
368,3,50,6.72,1
369,3,50,6.6,1
370,3,50,7.38,1
371,3,50,6.34,1
372,3,50,7.18,1
373,3,50,7.72,1
374,3,50,8.22,1
375,3,50,8.1,1
376,3,50,7.32,1
377,3,50,6.68,1
378,3,50,7.02,1
379,3,50,6.92,1
380,3,50,6.54,1
381,3,50,7.42,1
382,3,50,7.5,1
383,3,50,7.96,1
384,3,50,7.4,1
385,3,50,6.96,1
386,3,50,6.86,1
387,3,50,7.96,1
388,3,50,7.36,1
389,3,50,7.52,1
390,3,50,7.06,1
391,3,50,7.82,1
392,3,50,6.76,1
393,3,50,7.0,1
394,3,50,7.8,1
395,3,50,6.58,1
396,3,50,6.7,1
397,3,50,6.88,1
398,3,50,7.42,1
399,3,50,6.94,1
400,3,50,8.3,1
401,3,50,7.86,1
402,3,50,5.72,1
403,3,50,6.6,1
404,3,50,8.08,1
405,3,50,8.46,1
406,3,50,6.78,1
407,3,50,7.18,1
408,3,50,5.94,1
409,3,50,7.2,1
410,3,50,6.82,1
411,3,50,5.54,1
412,3,50,6.2,1
413,3,50,7.74,1
414,3,50,8.18,1
415,3,50,7.94,1
416,3,50,8.54,1
417,3,50,6.42,1
418,3,50,6.54,1
419,3,50,7.5,1
420,3,50,6.84,1
421,3,50,6.44,1
422,3,50,7.06,1
423,3,50,6.94,1
424,3,50,6.78,1
425,3,50,7.48,1
426,3,50,6.32,1
427,3,50,7.24,1
428,3,50,6.8,1
429,3,50,6.1,1
430,3,50,7.12,1
431,3,50,7.9,1
432,3,50,7.14,1
433,3,50,7.42,1
434,3,50,7.64,1
435,3,50,6.12,1
436,3,50,6.62,1
437,3,50,8.06,1
438,3,50,7.2,1
439,3,50,7.86,1
440,3,50,7.08,1
441,3,50,7.14,1
442,3,50,7.24,1
443,3,50,6.72,1
444,3,50,6.26,1
445,3,50,8.0,1
446,3,50,7.18,1
447,3,50,6.8,1
448,3,50,7.22,1
449,3,50,6.48,1
450,3,50,6.86,1
451,3,50,7.34,1
452,3,50,7.96,1
453,3,50,8.8,1
454,3,50,7.84,1
455,3,50,7.38,1
456,3,50,7.74,1
457,3,50,7.34,1
458,3,50,8.46,1
459,3,50,8.26,1
460,3,50,8.2,1
461,3,50,7.72,1
462,3,50,7.02,1
463,3,50,6.9,1
464,3,50,7.88,1
465,3,50,6.02,1
466,3,50,6.08,1
467,3,50,6.72,1
468,3,50,7.16,1
469,3,50,6.1,1
470,3,50,7.98,1
471,3,50,7.06,1
472,3,50,6.38,1
473,3,50,7.68,1
474,3,50,7.3,1
475,3,50,7.42,1
476,3,50,6.82,1
477,3,50,7.34,1
478,3,50,6.92,1
479,3,50,7.7,1
480,3,50,7.24,1
481,3,50,7.4,1
482,3,50,6.9,1
483,3,50,7.36,1
484,3,50,8.0,1
485,3,50,7.0,1
486,3,50,6.44,1
487,3,50,6.68,1
488,3,50,7.38,1
489,3,50,7.24,1
490,3,50,6.92,1
491,3,50,6.28,1
492,3,50,6.88,1
493,3,50,7.78,1
494,3,50,7.22,1
495,3,50,7.46,1
496,3,50,4.98,1
497,3,50,6.36,1
498,3,50,5.94,1
499,3,50,6.72,1
500,3,50,6.28,1
501,3,50,6.56,1
502,3,50,7.06,1
503,3,50,6.2,1
504,3,50,6.48,1
505,3,50,7.54,1
506,3,50,7.6,1
507,3,50,7.46,1
508,3,50,6.5,1
509,3,50,7.04,1
510,3,50,6.16,1
511,3,50,6.06,1
512,3,50,5.98,1
513,3,50,7.2,1
514,3,50,6.52,1
515,3,50,6.24,1
516,3,50,6.6,1
517,3,50,6.74,1
518,3,50,7.52,1
519,3,50,6.78,1
520,3,50,7.04,1
521,3,50,7.36,1
522,3,50,7.44,1
523,3,50,7.78,1
524,3,50,7.36,1
525,3,50,5.94,1
526,3,50,6.64,1
527,3,50,7.86,1
528,3,50,7.66,1
529,3,50,7.7,1
530,3,50,6.96,1
531,3,50,7.52,1
532,3,50,7.22,1
533,3,50,7.72,1
534,3,50,7.72,1
535,3,50,7.2,1
536,3,50,7.12,1
537,3,50,6.54,1
538,3,50,6.66,1
539,3,50,6.88,1
540,3,50,7.44,1
541,3,50,7.02,1
542,3,50,6.8,1
543,3,50,6.64,1
544,3,50,6.62,1
545,3,50,6.54,1
546,3,50,6.62,1
547,3,50,7.04,1
548,3,50,7.2,1
549,3,50,7.38,1
550,3,50,7.84,1
551,3,50,7.3,1
552,3,50,6.5,1
553,3,50,6.42,1
554,3,50,6.46,1
555,3,50,6.24,1
556,3,50,6.3,1
557,3,50,7.1,1
558,3,50,7.8,1
559,3,50,6.6,1
560,3,50,7.36,1
561,3,50,7.16,1
562,3,50,6.24,1
563,3,50,6.18,1
564,3,50,6.94,1
565,3,50,6.58,1
566,3,50,7.26,1
567,3,50,7.32,1
568,3,50,7.1,1
569,3,50,7.4,1
570,3,50,6.74,1
571,3,50,6.8,1
572,3,50,7.04,1
573,3,50,7.34,1
574,3,50,6.78,1
575,3,50,7.28,1
576,3,50,7.0,1
577,3,50,6.92,1
578,3,50,7.56,1
579,3,50,7.74,1
580,3,50,7.2,1
581,3,50,6.54,1
582,3,50,6.22,1
583,3,50,6.72,1
584,3,50,6.68,1
585,3,50,7.16,1
586,3,50,7.4,1
587,3,50,7.1,1
588,3,50,6.88,1
589,3,50,7.26,1
590,3,50,7.7,1
591,3,50,7.14,1
592,3,50,7.98,1
593,3,50,6.84,1
594,3,50,7.66,1
595,3,50,7.28,1
596,3,50,7.52,1
597,3,50,7.46,1
598,3,50,8.12,1
599,3,50,8.14,1
600,3,50,7.04,1
601,3,50,6.78,1
602,3,50,7.38,1
603,3,50,7.12,1
604,3,50,5.7,1
605,3,50,5.66,1
606,3,50,7.2,1
607,3,50,7.1,1
608,3,50,7.32,1
609,3,50,6.96,1
610,3,50,6.24,1
611,3,50,6.02,1
612,3,50,6.7,1
613,3,50,7.04,1
614,3,50,7.96,1
615,3,50,6.98,1
616,3,50,7.14,1
617,3,50,7.16,1
618,3,50,6.4,1
619,3,50,6.68,1
620,3,50,6.96,1
621,3,50,6.88,1
622,3,50,7.46,1
623,3,50,8.04,1
624,3,50,7.42,1
625,3,50,6.54,1
626,3,50,7.4,1
627,3,50,6.46,1
628,3,50,6.68,1
629,3,50,7.42,1
630,3,50,6.58,1
631,3,50,6.52,1
632,3,50,7.18,1
633,3,50,7.06,1
634,3,50,6.68,1
635,3,50,7.4,1
636,3,50,6.78,1
637,3,50,7.44,1
638,3,50,7.14,1
639,3,50,6.86,1
640,3,50,6.46,1
641,3,50,7.54,1
642,3,50,6.32,1
643,3,50,6.28,1
644,3,50,6.88,1
645,3,50,7.2,1
646,3,50,6.78,1
647,3,50,6.42,1
648,3,50,5.5,1
649,3,50,7.08,1
650,3,50,6.74,1
651,3,50,7.42,1
652,3,50,6.9,1
653,3,50,6.9,1
654,3,50,6.64,1
655,3,50,7.54,1
656,3,50,8.1,1
657,3,50,6.82,1
658,3,50,6.36,1
659,3,50,7.44,1
660,3,50,7.28,1
661,3,50,7.2,1
662,3,50,6.78,1
663,3,50,7.06,1
664,3,50,7.36,1
665,3,50,7.22,1
666,3,50,7.7,1
667,3,50,7.78,1
668,3,50,7.54,1
669,3,50,7.44,1
670,3,50,7.26,1
671,3,50,7.64,1
672,3,50,6.9,1
673,3,50,6.24,1
674,3,50,6.56,1
675,3,50,6.66,1
676,3,50,6.9,1
677,3,50,6.82,1
678,3,50,6.98,1
679,3,50,6.6,1
680,3,50,6.22,1
681,3,50,7.48,1
682,3,50,6.06,1
683,3,50,6.58,1
684,3,50,7.72,1
685,3,50,6.92,1
686,3,50,7.12,1
687,3,50,7.84,1
688,3,50,7.98,1
689,3,50,7.82,1
690,3,50,6.96,1
691,3,50,7.1,1
692,3,50,6.08,1
693,3,50,6.14,1
694,3,50,6.86,1
695,3,50,6.54,1
696,3,50,6.94,1
697,3,50,7.7,1
698,3,50,7.68,1
699,3,50,7.74,1
700,3,50,8.42,1
701,3,50,6.28,1
702,3,50,6.56,1
703,3,50,6.4,1
704,3,50,7.68,1
705,3,50,6.66,1
706,3,50,6.48,1
707,3,50,7.48,1
708,3,50,7.96,1
709,3,50,7.28,1
710,3,50,7.98,1
711,3,50,7.08,1
712,3,50,6.6,1
713,3,50,6.66,1
714,3,50,6.2,1
715,3,50,6.76,1
716,3,50,5.5,1
717,3,50,6.44,1
718,3,50,6.78,1
719,3,50,7.06,1
720,3,50,8.26,1
721,3,50,7.1,1
722,3,50,7.7,1
723,3,50,7.24,1
724,3,50,7.24,1
725,3,50,7.32,1
726,3,50,7.42,1
727,3,50,7.28,1
728,3,50,7.22,1
729,3,50,7.6,1
730,3,50,7.04,1
731,3,50,6.5,1
732,3,50,6.3,1
733,3,50,6.68,1
734,3,50,6.96,1
735,3,50,6.56,1
736,3,50,6.8,1
737,3,50,6.68,1
738,3,50,7.16,1
739,3,50,7.38,1
740,3,50,6.82,1
741,3,50,6.62,1
742,3,50,7.2,1
743,3,50,6.88,1
744,3,50,6.94,1
745,3,50,6.5,1
746,3,50,6.3,1
747,3,50,8.1,1
748,3,50,6.3,1
749,3,50,7.0,1
750,3,50,5.82,1
751,3,50,6.84,1
752,3,50,7.7,1
753,3,50,7.06,1
754,3,50,6.26,1
755,3,50,7.3,1
756,3,50,6.94,1
757,3,50,7.32,1
758,3,50,6.66,1
759,3,50,6.98,1
760,3,50,5.94,1
761,3,50,6.4,1
762,3,50,6.62,1
763,3,50,6.76,1
764,3,50,6.84,1
765,3,50,7.1,1
766,3,50,6.06,1
767,3,50,6.64,1
768,3,50,6.66,1
769,3,50,6.58,1
770,3,50,6.76,1
771,3,50,7.28,1
772,3,50,8.72,1
773,3,50,7.44,1
774,3,50,6.56,1
775,3,50,6.98,1
776,3,50,7.26,1
777,3,50,6.22,1
778,3,50,6.94,1
779,3,50,6.16,1
780,3,50,6.24,1
781,3,50,7.72,1
782,3,50,7.18,1
783,3,50,7.12,1
784,3,50,6.68,1
785,3,50,7.74,1
786,3,50,7.12,1
787,3,50,7.52,1
788,3,50,7.74,1
789,3,50,7.6,1
790,3,50,6.88,1
791,3,50,7.22,1
792,3,50,6.86,1
793,3,50,6.5,1
794,3,50,7.32,1
795,3,50,6.5,1
796,3,50,5.8,1
797,3,50,6.78,1
798,3,50,5.4,1
799,3,50,5.62,1
800,3,50,6.36,1
801,3,50,6.7,1
802,3,50,6.3,1
803,3,50,6.94,1
804,3,50,6.38,1
805,3,50,6.7,1
806,3,50,5.44,1
807,3,50,6.98,1
808,3,50,7.22,1
809,3,50,7.22,1
810,3,50,6.88,1
811,3,50,7.92,1
812,3,50,8.02,1
813,3,50,6.28,1
814,3,50,6.58,1
815,3,50,6.14,1
816,3,50,7.26,1
817,3,50,6.14,1
818,3,50,6.84,1
819,3,50,7.22,1
820,3,50,8.4,1
821,3,50,6.62,1
822,3,50,5.4,1
823,3,50,6.42,1
824,3,50,7.08,1
825,3,50,6.82,1
826,3,50,6.92,1
827,3,50,8.56,1
828,3,50,7.22,1
829,3,50,6.68,1
830,3,50,8.36,1
831,3,50,6.9,1
832,3,50,6.54,1
833,3,50,6.42,1
834,3,50,6.54,1
835,3,50,7.08,1
836,3,50,7.32,1
837,3,50,7.0,1
838,3,50,7.74,1
839,3,50,7.08,1
840,3,50,6.66,1
841,3,50,7.0,1
842,3,50,7.68,1
843,3,50,7.4,1
844,3,50,6.22,1
845,3,50,6.1,1
846,3,50,7.0,1
847,3,50,6.84,1
848,3,50,8.06,1
849,3,50,7.38,1
850,3,50,7.12,1
851,3,50,7.34,1
852,3,50,7.14,1
853,3,50,7.14,1
854,3,50,6.36,1
855,3,50,7.06,1
856,3,50,7.0,1
857,3,50,6.56,1
858,3,50,7.34,1
859,3,50,6.44,1
860,3,50,6.82,1
861,3,50,7.4,1
862,3,50,7.46,1
863,3,50,8.1,1
864,3,50,7.02,1
865,3,50,7.14,1
866,3,50,7.64,1
867,3,50,8.56,1
868,3,50,7.42,1
869,3,50,6.5,1
870,3,50,6.38,1
871,3,50,7.62,1
872,3,50,7.46,1
873,3,50,7.76,1
874,3,50,7.76,1
875,3,50,7.2,1
876,3,50,8.3,1
877,3,50,7.34,1
878,3,50,7.12,1
879,3,50,7.02,1
880,3,50,7.36,1
881,3,50,7.14,1
882,3,50,6.8,1
883,3,50,8.04,1
884,3,50,7.0,1
885,3,50,7.46,1
886,3,50,7.28,1
887,3,50,7.84,1
888,3,50,7.06,1
889,3,50,6.98,1
890,3,50,7.28,1
891,3,50,8.06,1
892,3,50,7.74,1
893,3,50,6.7,1
894,3,50,6.5,1
895,3,50,7.3,1
896,3,50,6.76,1
897,3,50,6.28,1
898,3,50,6.14,1
899,3,50,7.34,1
900,3,50,6.54,1
901,3,50,7.08,1
902,3,50,7.24,1
903,3,50,7.2,1
904,3,50,6.64,1
905,3,50,7.1,1
906,3,50,6.34,1
907,3,50,6.2,1
908,3,50,7.02,1
909,3,50,7.48,1
910,3,50,7.18,1
911,3,50,7.86,1
912,3,50,7.12,1
913,3,50,8.16,1
914,3,50,6.94,1
915,3,50,6.72,1
916,3,50,6.44,1
917,3,50,6.52,1
918,3,50,7.32,1
919,3,50,6.88,1
920,3,50,6.8,1
921,3,50,6.56,1
922,3,50,6.96,1
923,3,50,6.4,1
924,3,50,7.2,1
925,3,50,6.64,1
926,3,50,6.44,1
927,3,50,6.58,1
928,3,50,6.48,1
929,3,50,7.36,1
930,3,50,7.46,1
931,3,50,7.7,1
932,3,50,7.16,1
933,3,50,7.02,1
934,3,50,7.6,1
935,3,50,7.48,1
936,3,50,7.3,1
937,3,50,7.16,1
938,3,50,6.44,1
939,3,50,6.92,1
940,3,50,6.7,1
941,3,50,7.1,1
942,3,50,6.98,1
943,3,50,7.0,1
944,3,50,6.4,1
945,3,50,7.54,1
946,3,50,7.54,1
947,3,50,7.04,1
948,3,50,7.74,1
949,3,50,6.7,1
950,3,50,7.1,1
951,3,50,7.24,1
952,3,50,6.92,1
953,3,50,7.94,1
954,3,50,6.8,1
955,3,50,6.84,1
956,3,50,6.78,1
957,3,50,6.74,1
958,3,50,7.08,1
959,3,50,8.5,1
960,3,50,7.2,1
961,3,50,7.68,1
962,3,50,5.32,1
963,3,50,6.02,1
964,3,50,6.68,1
965,3,50,6.96,1
966,3,50,6.82,1
967,3,50,7.16,1
968,3,50,7.3,1
969,3,50,7.44,1
970,3,50,6.32,1
971,3,50,6.28,1
972,3,50,6.56,1
973,3,50,6.06,1
974,3,50,6.86,1
975,3,50,7.5,1
976,3,50,6.62,1
977,3,50,6.58,1
978,3,50,7.26,1
979,3,50,6.6,1
980,3,50,5.42,1
981,3,50,6.26,1
982,3,50,6.48,1
983,3,50,7.04,1
984,3,50,7.02,1
985,3,50,5.94,1
986,3,50,6.54,1
987,3,50,6.38,1
988,3,50,6.42,1
989,3,50,6.42,1
990,3,50,7.0,1
991,3,50,6.92,1
992,3,50,6.98,1
993,3,50,7.04,1
994,3,50,8.46,1
995,3,50,7.86,1
996,3,50,6.72,1
997,3,50,8.02,1
998,3,50,7.86,1
999,3,50,7.9,1
1000,3,50,8.04,1
1001,3,50,6.62,1
1002,3,50,7.32,1
1003,3,50,6.9,1
1004,3,50,7.52,1
1005,3,50,7.02,1
1006,3,50,7.04,1
1007,3,50,6.66,1
1008,3,50,7.2,1
1009,3,50,7.2,1
1010,3,50,7.32,1
1011,3,50,7.26,1
1012,3,50,7.0,1
1013,3,50,6.84,1
1014,3,50,6.82,1
1015,3,50,6.2,1
1016,3,50,6.92,1
1017,3,50,6.1,1
1018,3,50,7.08,1
1019,3,50,7.02,1
1020,3,50,6.94,1
1021,3,50,7.78,1
1022,3,50,6.6,1
1023,3,50,6.58,1
1024,3,50,6.18,1
1025,3,50,6.62,1
1026,3,50,6.58,1
1027,3,50,6.12,1
1028,3,50,6.1,1
1029,3,50,6.62,1
1030,3,50,7.12,1
1031,3,50,7.18,1
1032,3,50,7.14,1
1033,3,50,7.62,1
1034,3,50,6.82,1
1035,3,50,6.52,1
1036,3,50,6.38,1
1037,3,50,7.62,1
1038,3,50,6.68,1
1039,3,50,6.62,1
1040,3,50,7.34,1
1041,3,50,7.96,1
1042,3,50,6.9,1
1043,3,50,6.36,1
1044,3,50,7.68,1
1045,3,50,7.1,1
1046,3,50,7.86,1
1047,3,50,7.54,1
1048,3,50,7.12,1
1049,3,50,7.64,1
1050,3,50,7.96,1
1051,3,50,6.76,1
1052,3,50,6.66,1
1053,3,50,6.36,1
1054,3,50,6.94,1
1055,3,50,6.72,1
1056,3,50,5.74,1
1057,3,50,6.88,1
1058,3,50,6.2,1
1059,3,50,6.74,1
1060,3,50,6.88,1
1061,3,50,6.9,1
1062,3,50,7.18,1
1063,3,50,6.36,1
1064,3,50,6.96,1
1065,3,50,8.4,1
1066,3,50,7.32,1
1067,3,50,6.88,1
1068,3,50,6.32,1
1069,3,50,6.84,1
1070,3,50,7.04,1
1071,3,50,6.94,1
1072,3,50,6.82,1
1073,3,50,7.08,1
1074,3,50,6.96,1
1075,3,50,6.78,1
1076,3,50,6.68,1
1077,3,50,6.16,1
1078,3,50,7.22,1
1079,3,50,7.66,1
1080,3,50,7.72,1
1081,3,50,6.66,1
1082,3,50,5.88,1
1083,3,50,6.94,1
1084,3,50,6.86,1
1085,3,50,7.42,1
1086,3,50,7.3,1
1087,3,50,6.32,1
1088,3,50,7.18,1
1089,3,50,7.34,1
1090,3,50,6.28,1
1091,3,50,6.02,1
1092,3,50,7.32,1
1093,3,50,8.22,1
1094,3,50,8.36,1
1095,3,50,6.86,1
1096,3,50,6.52,1
1097,3,50,6.62,1
1098,3,50,7.12,1
1099,3,50,7.08,1
1100,3,50,6.5,1
1101,3,50,6.5,1
1102,3,50,6.38,1
1103,3,50,6.62,1
1104,3,50,7.32,1
1105,3,50,6.92,1
1106,3,50,6.4,1
1107,3,50,6.52,1
1108,3,50,6.8,1
1109,3,50,6.88,1
1110,3,50,6.44,1
1111,3,50,6.76,1
1112,3,50,7.08,1
1113,3,50,7.06,1
1114,3,50,7.82,1
1115,3,50,6.52,1
1116,3,50,6.92,1
1117,3,50,8.0,1
1118,3,50,6.62,1
1119,3,50,6.48,1
1120,3,50,7.1,1
1121,3,50,6.76,1
1122,3,50,6.22,1
1123,3,50,6.84,1
1124,3,50,7.62,1
1125,3,50,7.94,1
1126,3,50,7.48,1
1127,3,50,7.42,1
1128,3,50,6.98,1
1129,3,50,6.92,1
1130,3,50,7.04,1
1131,3,50,5.9,1
1132,3,50,6.08,1
1133,3,50,6.7,1
1134,3,50,6.98,1
1135,3,50,7.02,1
1136,3,50,7.66,1
1137,3,50,6.66,1
1138,3,50,6.36,1
1139,3,50,6.7,1
1140,3,50,6.8,1
1141,3,50,7.34,1
1142,3,50,7.52,1
1143,3,50,7.04,1
1144,3,50,6.46,1
1145,3,50,6.08,1
1146,3,50,7.42,1
1147,3,50,6.78,1
1148,3,50,6.38,1
1149,3,50,7.76,1
1150,3,50,7.04,1
1151,3,50,6.66,1
1152,3,50,6.68,1
1153,3,50,6.12,1
1154,3,50,6.34,1
1155,3,50,7.24,1
1156,3,50,6.96,1
1157,3,50,7.2,1
1158,3,50,7.9,1
1159,3,50,8.0,1
1160,3,50,6.92,1
1161,3,50,6.78,1
1162,3,50,6.44,1
1163,3,50,6.38,1
1164,3,50,6.4,1
1165,3,50,6.86,1
1166,3,50,6.68,1
1167,3,50,6.56,1
1168,3,50,7.22,1
1169,3,50,7.24,1
1170,3,50,6.8,1
1171,3,50,6.94,1
1172,3,50,7.3,1
1173,3,50,7.16,1
1174,3,50,7.1,1
1175,3,50,6.34,1
1176,3,50,6.46,1
1177,3,50,6.76,1
1178,3,50,8.44,1
1179,3,50,8.18,1
1180,3,50,6.52,1
1181,3,50,7.3,1
1182,3,50,5.88,1
1183,3,50,7.44,1
1184,3,50,7.1,1
1185,3,50,6.22,1
1186,3,50,7.08,1
1187,3,50,7.22,1
1188,3,50,6.92,1
1189,3,50,6.96,1
1190,3,50,7.08,1
1191,3,50,5.86,1
1192,3,50,7.64,1
1193,3,50,7.64,1
1194,3,50,7.2,1
1195,3,50,6.72,1
1196,3,50,7.42,1
1197,3,50,7.76,1
1198,3,50,6.44,1
1199,3,50,6.52,1
1200,3,50,7.44,1
1201,3,50,5.94,1
1202,3,50,6.52,1
1203,3,50,8.06,1
1204,3,50,7.58,1
1205,3,50,7.54,1
1206,3,50,8.54,1
1207,3,50,6.86,1
1208,3,50,6.18,1
1209,3,50,8.08,1
1210,3,50,6.62,1
1211,3,50,6.46,1
1212,3,50,6.84,1
1213,3,50,6.36,1
1214,3,50,6.84,1
1215,3,50,6.26,1
1216,3,50,6.52,1
1217,3,50,7.42,1
1218,3,50,7.7,1
1219,3,50,7.48,1
1220,3,50,6.7,1
1221,3,50,7.92,1
1222,3,50,6.98,1
1223,3,50,6.74,1
1224,3,50,7.18,1
1225,3,50,6.92,1
1226,3,50,6.84,1
1227,3,50,7.16,1
1228,3,50,7.18,1
1229,3,50,7.24,1
1230,3,50,7.14,1
1231,3,50,7.2,1
1232,3,50,6.96,1
1233,3,50,7.38,1
1234,3,50,7.38,1
1235,3,50,7.5,1
1236,3,50,5.86,1
1237,3,50,7.16,1
1238,3,50,6.74,1
1239,3,50,7.94,1
1240,3,50,7.06,1
1241,3,50,7.48,1
1242,3,50,6.34,1
1243,3,50,6.16,1
1244,3,50,6.54,1
1245,3,50,7.48,1
1246,3,50,6.72,1
1247,3,50,6.42,1
1248,3,50,7.76,1
1249,3,50,7.76,1
1250,3,50,7.2,1
1251,3,50,7.02,1
1252,3,50,7.54,1
1253,3,50,6.08,1
1254,3,50,6.96,1
1255,3,50,7.26,1
1256,3,50,7.18,1
1257,3,50,6.2,1
1258,3,50,8.02,1
1259,3,50,6.96,1
1260,3,50,6.84,1
1261,3,50,6.46,1
1262,3,50,6.74,1
1263,3,50,6.26,1
1264,3,50,6.34,1
1265,3,50,6.84,1
1266,3,50,7.02,1
1267,3,50,6.44,1
1268,3,50,8.02,1
1269,3,50,6.84,1
1270,3,50,8.04,1
1271,3,50,7.22,1
1272,3,50,7.22,1
1273,3,50,6.2,1
1274,3,50,7.12,1
1275,3,50,6.26,1
1276,3,50,6.66,1
1277,3,50,6.72,1
1278,3,50,7.7,1
1279,3,50,7.26,1
1280,3,50,7.72,1
1281,3,50,6.66,1
1282,3,50,8.0,1
1283,3,50,7.88,1
1284,3,50,7.74,1
1285,3,50,7.04,1
1286,3,50,7.12,1
1287,3,50,6.7,1
1288,3,50,6.66,1
1289,3,50,6.96,1
1290,3,50,7.18,1
1291,3,50,6.32,1
1292,3,50,7.12,1
1293,3,50,7.22,1
1294,3,50,6.56,1
1295,3,50,7.04,1
1296,3,50,7.04,1
1297,3,50,6.88,1
1298,3,50,6.88,1
1299,3,50,7.22,1
1300,3,50,6.62,1
1301,3,50,6.9,1
1302,3,50,6.88,1
1303,3,50,6.12,1
1304,3,50,6.88,1
1305,3,50,6.64,1
1306,3,50,6.7,1
1307,3,50,6.74,1
1308,3,50,7.22,1
1309,3,50,6.7,1
1310,3,50,7.56,1
1311,3,50,6.94,1
1312,3,50,7.94,1
1313,3,50,7.76,1
1314,3,50,7.66,1
1315,3,50,6.66,1
1316,3,50,7.02,1
1317,3,50,6.64,1
1318,3,50,7.26,1
1319,3,50,5.98,1
1320,3,50,7.16,1
1321,3,50,7.26,1
1322,3,50,6.32,1
1323,3,50,7.62,1
1324,3,50,6.52,1
1325,3,50,7.3,1
1326,3,50,7.06,1
1327,3,50,6.86,1
1328,3,50,6.96,1
1329,3,50,7.08,1
1330,3,50,6.12,1
1331,3,50,6.62,1
1332,3,50,7.66,1
1333,3,50,6.9,1
1334,3,50,6.96,1
1335,3,50,7.44,1
1336,3,50,6.28,1
1337,3,50,6.48,1
1338,3,50,6.84,1
1339,3,50,7.7,1
1340,3,50,7.34,1
1341,3,50,6.74,1
1342,3,50,6.72,1
1343,3,50,7.12,1
1344,3,50,6.98,1
1345,3,50,6.84,1
1346,3,50,6.28,1
1347,3,50,6.54,1
1348,3,50,7.5,1
1349,3,50,7.46,1
1350,3,50,7.48,1
1351,3,50,7.1,1
1352,3,50,6.38,1
1353,3,50,6.8,1
1354,3,50,6.6,1
1355,3,50,8.16,1
1356,3,50,7.4,1
1357,3,50,6.16,1
1358,3,50,6.3,1
1359,3,50,7.12,1
1360,3,50,6.86,1
1361,3,50,7.3,1
1362,3,50,6.78,1
1363,3,50,7.22,1
1364,3,50,7.06,1
1365,3,50,6.48,1
1366,3,50,6.52,1
1367,3,50,5.66,1
1368,3,50,6.58,1
1369,3,50,5.9,1
1370,3,50,6.3,1
1371,3,50,6.72,1
1372,3,50,6.04,1
1373,3,50,7.22,1
1374,3,50,6.44,1
1375,3,50,6.66,1
1376,3,50,6.44,1
1377,3,50,6.14,1
1378,3,50,6.58,1
1379,3,50,6.72,1
1380,3,50,6.92,1
1381,3,50,7.1,1
1382,3,50,6.84,1
1383,3,50,7.06,1
1384,3,50,7.1,1
1385,3,50,6.78,1
1386,3,50,7.64,1
1387,3,50,7.9,1
1388,3,50,6.9,1
1389,3,50,6.88,1
1390,3,50,8.04,1
1391,3,50,7.24,1
1392,3,50,8.2,1
1393,3,50,7.74,1
1394,3,50,6.98,1
1395,3,50,7.54,1
1396,3,50,6.84,1
1397,3,50,6.88,1
1398,3,50,8.06,1
1399,3,50,6.62,1
1400,3,50,7.86,1
1401,3,50,6.68,1
1402,3,50,7.24,1
1403,3,50,7.7,1
1404,3,50,7.8,1
1405,3,50,8.14,1
1406,3,50,7.64,1
1407,3,50,7.0,1
1408,3,50,6.34,1
1409,3,50,8.72,1
1410,3,50,5.98,1
1411,3,50,6.88,1
1412,3,50,7.46,1
1413,3,50,7.14,1
1414,3,50,7.3,1
1415,3,50,6.28,1
1416,3,50,6.0,1
1417,3,50,6.86,1
1418,3,50,6.3,1
1419,3,50,6.9,1
1420,3,50,7.02,1
1421,3,50,6.56,1
1422,3,50,7.62,1
1423,3,50,6.82,1
1424,3,50,7.5,1
1425,3,50,7.82,1
1426,3,50,7.28,1
1427,3,50,7.22,1
1428,3,50,5.7,1
1429,3,50,6.62,1
1430,3,50,7.66,1
1431,3,50,6.52,1
1432,3,50,5.74,1
1433,3,50,6.78,1
1434,3,50,6.5,1
1435,3,50,7.24,1
1436,3,50,7.68,1
1437,3,50,7.02,1
1438,3,50,6.4,1
1439,3,50,6.66,1
1440,3,50,7.5,1
1441,3,50,6.94,1
1442,3,50,6.88,1
1443,3,50,6.64,1
1444,3,50,6.28,1
1445,3,50,7.72,1
1446,3,50,7.52,1
1447,3,50,8.04,1
1448,3,50,7.22,1
1449,3,50,7.14,1
1450,3,50,6.88,1
1451,3,50,5.98,1
1452,3,50,7.46,1
1453,3,50,6.88,1
1454,3,50,6.18,1
1455,3,50,6.6,1
1456,3,50,6.52,1
1457,3,50,6.82,1
1458,3,50,6.36,1
1459,3,50,6.7,1
1460,3,50,6.96,1
1461,3,50,7.06,1
1462,3,50,6.6,1
1463,3,50,6.5,1
1464,3,50,6.84,1
1465,3,50,8.1,1
1466,3,50,6.62,1
1467,3,50,6.34,1
1468,3,50,7.44,1
1469,3,50,7.68,1
1470,3,50,6.9,1
1471,3,50,5.86,1
1472,3,50,6.74,1
1473,3,50,8.32,1
1474,3,50,7.76,1
1475,3,50,7.1,1
1476,3,50,7.72,1
1477,3,50,7.48,1
1478,3,50,6.14,1
1479,3,50,6.72,1
1480,3,50,6.2,1
1481,3,50,6.9,1
1482,3,50,7.0,1
1483,3,50,6.44,1
1484,3,50,6.7,1
1485,3,50,7.28,1
1486,3,50,6.58,1
1487,3,50,7.74,1
1488,3,50,6.7,1
1489,3,50,7.8,1
1490,3,50,6.1,1
1491,3,50,6.48,1
1492,3,50,6.74,1
1493,3,50,7.82,1
1494,3,50,6.2,1
1495,3,50,7.48,1
1496,3,50,6.36,1
1497,3,50,6.6,1
1498,3,50,6.86,1
1499,3,50,7.0,1
1500,3,50,6.94,1
1501,3,50,7.18,1
1502,3,50,7.28,1
1503,3,50,7.34,1
1504,3,50,7.78,1
1505,3,50,8.4,1
1506,3,50,8.3,1
1507,3,50,7.8,1
1508,3,50,7.8,1
1509,3,50,6.72,1
1510,3,50,7.38,1
1511,3,50,6.8,1
1512,3,50,7.0,1
1513,3,50,7.08,1
1514,3,50,6.88,1
1515,3,50,6.86,1
1516,3,50,6.66,1
1517,3,50,6.98,1
1518,3,50,6.46,1
1519,3,50,8.58,1
1520,3,50,7.94,1
1521,3,50,6.4,1
1522,3,50,6.26,1
1523,3,50,6.28,1
1524,3,50,7.6,1
1525,3,50,7.04,1
1526,3,50,6.84,1
1527,3,50,7.36,1
1528,3,50,7.3,1
1529,3,50,7.42,1
1530,3,50,6.76,1
1531,3,50,6.5,1
1532,3,50,7.46,1
1533,3,50,7.42,1
1534,3,50,7.78,1
1535,3,50,6.7,1
1536,3,50,7.32,1
1537,3,50,6.8,1
1538,3,50,6.6,1
1539,3,50,6.46,1
1540,3,50,7.44,1
1541,3,50,6.7,1
1542,3,50,6.86,1
1543,3,50,8.56,1
1544,3,50,7.12,1
1545,3,50,6.36,1
1546,3,50,6.28,1
1547,3,50,7.72,1
1548,3,50,6.04,1
1549,3,50,7.76,1
1550,3,50,6.84,1
1551,3,50,7.16,1
1552,3,50,6.06,1
1553,3,50,7.04,1
1554,3,50,6.76,1
1555,3,50,7.56,1
1556,3,50,7.48,1
1557,3,50,7.28,1
1558,3,50,6.44,1
1559,3,50,6.54,1
1560,3,50,7.14,1
1561,3,50,7.14,1
1562,3,50,7.34,1
1563,3,50,6.92,1
1564,3,50,7.64,1
1565,3,50,7.74,1
1566,3,50,7.78,1
1567,3,50,6.66,1
1568,3,50,6.96,1
1569,3,50,7.44,1
1570,3,50,7.6,1
1571,3,50,7.3,1
1572,3,50,7.24,1
1573,3,50,6.48,1
1574,3,50,7.8,1
1575,3,50,7.48,1
1576,3,50,6.8,1
1577,3,50,7.34,1
1578,3,50,7.08,1
1579,3,50,6.8,1
1580,3,50,6.7,1
1581,3,50,6.66,1
1582,3,50,6.42,1
1583,3,50,6.08,1
1584,3,50,7.06,1
1585,3,50,6.24,1
1586,3,50,6.52,1
1587,3,50,6.26,1
1588,3,50,7.22,1
1589,3,50,7.82,1
1590,3,50,6.08,1
1591,3,50,7.74,1
1592,3,50,7.8,1
1593,3,50,6.62,1
1594,3,50,6.88,1
1595,3,50,7.34,1
1596,3,50,7.02,1
1597,3,50,6.32,1
1598,3,50,7.62,1
1599,3,50,7.48,1
1600,3,50,7.66,1
1601,3,50,5.72,1
1602,3,50,7.58,1
1603,3,50,7.6,1
1604,3,50,7.12,1
1605,3,50,6.64,1
1606,3,50,6.74,1
1607,3,50,7.28,1
1608,3,50,5.92,1
1609,3,50,6.12,1
1610,3,50,6.82,1
1611,3,50,6.82,1
1612,3,50,5.88,1
1613,3,50,6.52,1
1614,3,50,6.5,1
1615,3,50,7.0,1
1616,3,50,7.18,1
1617,3,50,7.96,1
1618,3,50,7.02,1
1619,3,50,6.24,1
1620,3,50,7.1,1
1621,3,50,6.64,1
1622,3,50,7.46,1
1623,3,50,7.26,1
1624,3,50,6.7,1
1625,3,50,6.58,1
1626,3,50,6.46,1
1627,3,50,7.38,1
1628,3,50,6.84,1
1629,3,50,7.8,1
1630,3,50,7.58,1
1631,3,50,6.6,1
1632,3,50,7.04,1
1633,3,50,6.92,1
1634,3,50,6.68,1
1635,3,50,6.86,1
1636,3,50,7.04,1
1637,3,50,6.46,1
1638,3,50,7.56,1
1639,3,50,7.7,1
1640,3,50,7.58,1
1641,3,50,7.72,1
1642,3,50,7.44,1
1643,3,50,7.52,1
1644,3,50,6.84,1
1645,3,50,6.28,1
1646,3,50,6.92,1
1647,3,50,7.08,1
1648,3,50,6.48,1
1649,3,50,5.76,1
1650,3,50,7.56,1
1651,3,50,7.3,1
1652,3,50,6.4,1
1653,3,50,6.64,1
1654,3,50,6.1,1
1655,3,50,5.78,1
1656,3,50,6.72,1
1657,3,50,5.46,1
1658,3,50,6.78,1
1659,3,50,6.48,1
1660,3,50,6.64,1
1661,3,50,6.22,1
1662,3,50,6.4,1
1663,3,50,6.94,1
1664,3,50,7.42,1
1665,3,50,6.12,1
1666,3,50,6.22,1
1667,3,50,6.92,1
1668,3,50,6.94,1
1669,3,50,7.1,1
1670,3,50,6.44,1
1671,3,50,6.74,1
1672,3,50,7.48,1
1673,3,50,7.22,1
1674,3,50,6.9,1
1675,3,50,6.74,1
1676,3,50,7.14,1
1677,3,50,7.34,1
1678,3,50,6.98,1
1679,3,50,6.98,1
1680,3,50,6.2,1
1681,3,50,6.9,1
1682,3,50,6.92,1
1683,3,50,6.78,1
1684,3,50,6.68,1
1685,3,50,6.5,1
1686,3,50,7.88,1
1687,3,50,6.96,1
1688,3,50,7.94,1
1689,3,50,6.64,1
1690,3,50,6.64,1
1691,3,50,7.08,1
1692,3,50,6.7,1
1693,3,50,6.18,1
1694,3,50,7.22,1
1695,3,50,7.0,1
1696,3,50,6.86,1
1697,3,50,6.58,1
1698,3,50,6.34,1
1699,3,50,6.22,1
1700,3,50,7.04,1
1701,3,50,7.16,1
1702,3,50,7.38,1
1703,3,50,7.58,1
1704,3,50,7.24,1
1705,3,50,6.32,1
1706,3,50,5.58,1
1707,3,50,6.72,1
1708,3,50,7.02,1
1709,3,50,7.38,1
1710,3,50,6.46,1
1711,3,50,6.72,1
1712,3,50,6.6,1
1713,3,50,8.22,1
1714,3,50,8.08,1
1715,3,50,7.18,1
1716,3,50,7.74,1
1717,3,50,8.08,1
1718,3,50,6.58,1
1719,3,50,7.26,1
1720,3,50,6.68,1
1721,3,50,6.22,1
1722,3,50,6.7,1
1723,3,50,6.72,1
1724,3,50,6.82,1
1725,3,50,7.22,1
1726,3,50,6.9,1
1727,3,50,7.02,1
1728,3,50,6.38,1
1729,3,50,6.6,1
1730,3,50,7.06,1
1731,3,50,6.9,1
1732,3,50,7.6,1
1733,3,50,7.54,1
1734,3,50,6.84,1
1735,3,50,6.58,1
1736,3,50,7.16,1
1737,3,50,7.66,1
1738,3,50,7.64,1
1739,3,50,7.26,1
1740,3,50,7.44,1
1741,3,50,5.66,1
1742,3,50,6.94,1
1743,3,50,7.26,1
1744,3,50,6.6,1
1745,3,50,6.36,1
1746,3,50,7.36,1
1747,3,50,6.62,1
1748,3,50,7.86,1
1749,3,50,7.48,1
1750,3,50,7.28,1
1751,3,50,7.26,1
1752,3,50,7.58,1
1753,3,50,6.14,1
1754,3,50,6.88,1
1755,3,50,7.16,1
1756,3,50,7.84,1
1757,3,50,8.24,1
1758,3,50,7.38,1
1759,3,50,7.54,1
1760,3,50,6.72,1
1761,3,50,6.56,1
1762,3,50,6.5,1
1763,3,50,7.0,1
1764,3,50,6.92,1
1765,3,50,6.96,1
1766,3,50,6.02,1
1767,3,50,6.8,1
1768,3,50,6.88,1
1769,3,50,7.32,1
1770,3,50,6.24,1
1771,3,50,7.22,1
1772,3,50,7.76,1
1773,3,50,7.16,1
1774,3,50,7.66,1
1775,3,50,7.92,1
1776,3,50,6.64,1
1777,3,50,7.3,1
1778,3,50,7.38,1
1779,3,50,7.92,1
1780,3,50,7.16,1
1781,3,50,7.28,1
1782,3,50,7.12,1
1783,3,50,7.12,1
1784,3,50,7.34,1
1785,3,50,6.96,1
1786,3,50,7.66,1
1787,3,50,7.7,1
1788,3,50,7.06,1
1789,3,50,7.54,1
1790,3,50,7.0,1
1791,3,50,7.46,1
1792,3,50,6.64,1
1793,3,50,6.72,1
1794,3,50,6.78,1
1795,3,50,6.44,1
1796,3,50,6.96,1
1797,3,50,6.0,1
1798,3,50,6.08,1
1799,3,50,6.4,1
1800,3,50,7.7,1
1801,3,50,7.32,1
1802,3,50,5.84,1
1803,3,50,7.2,1
1804,3,50,6.54,1
1805,3,50,6.88,1
1806,3,50,7.5,1
1807,3,50,6.82,1
1808,3,50,7.14,1
1809,3,50,5.9,1
1810,3,50,6.7,1
1811,3,50,6.38,1
1812,3,50,6.34,1
1813,3,50,6.72,1
1814,3,50,8.24,1
1815,3,50,7.28,1
1816,3,50,6.38,1
1817,3,50,7.16,1
1818,3,50,7.24,1
1819,3,50,6.5,1
1820,3,50,7.14,1
1821,3,50,7.32,1
1822,3,50,8.06,1
1823,3,50,7.04,1
1824,3,50,7.56,1
1825,3,50,6.8,1
1826,3,50,6.36,1
1827,3,50,6.54,1
1828,3,50,7.76,1
1829,3,50,6.82,1
1830,3,50,6.06,1
1831,3,50,7.5,1
1832,3,50,7.54,1
1833,3,50,7.08,1
1834,3,50,7.32,1
1835,3,50,7.02,1
1836,3,50,6.8,1
1837,3,50,7.82,1
1838,3,50,6.9,1
1839,3,50,8.62,1
1840,3,50,6.66,1
1841,3,50,6.1,1
1842,3,50,7.22,1
1843,3,50,6.5,1
1844,3,50,7.3,1
1845,3,50,7.0,1
1846,3,50,7.34,1
1847,3,50,6.64,1
1848,3,50,7.24,1
1849,3,50,7.12,1
1850,3,50,7.92,1
1851,3,50,6.9,1
1852,3,50,7.2,1
1853,3,50,7.68,1
1854,3,50,7.06,1
1855,3,50,6.84,1
1856,3,50,7.08,1
1857,3,50,7.16,1
1858,3,50,7.4,1
1859,3,50,7.52,1
1860,3,50,7.48,1
1861,3,50,7.52,1
1862,3,50,7.42,1
1863,3,50,6.98,1
1864,3,50,7.44,1
1865,3,50,6.7,1
1866,3,50,7.14,1
1867,3,50,7.88,1
1868,3,50,8.34,1
1869,3,50,6.58,1
1870,3,50,7.3,1
1871,3,50,6.48,1
1872,3,50,7.1,1
1873,3,50,7.4,1
1874,3,50,7.32,1
1875,3,50,7.1,1
1876,3,50,7.36,1
1877,3,50,7.66,1
1878,3,50,8.52,1
1879,3,50,7.1,1
1880,3,50,6.34,1
1881,3,50,6.36,1
1882,3,50,6.94,1
1883,3,50,7.32,1
1884,3,50,6.66,1
1885,3,50,6.32,1
1886,3,50,7.18,1
1887,3,50,6.18,1
1888,3,50,7.64,1
1889,3,50,6.98,1
1890,3,50,7.02,1
1891,3,50,7.08,1
1892,3,50,7.88,1
1893,3,50,8.1,1
1894,3,50,7.64,1
1895,3,50,8.26,1
1896,3,50,6.54,1
1897,3,50,7.28,1
1898,3,50,6.34,1
1899,3,50,7.46,1
1900,3,50,6.82,1
1901,3,50,7.08,1
1902,3,50,7.12,1
1903,3,50,6.0,1
1904,3,50,6.8,1
1905,3,50,6.9,1
1906,3,50,7.08,1
1907,3,50,7.42,1
1908,3,50,6.84,1
1909,3,50,6.76,1
1910,3,50,6.52,1
1911,3,50,6.76,1
1912,3,50,6.12,1
1913,3,50,6.98,1
1914,3,50,7.14,1
1915,3,50,6.68,1
1916,3,50,7.24,1
1917,3,50,7.22,1
1918,3,50,5.88,1
1919,3,50,6.92,1
1920,3,50,6.88,1
1921,3,50,7.04,1
1922,3,50,6.84,1
1923,3,50,7.22,1
1924,3,50,7.24,1
1925,3,50,7.76,1
1926,3,50,8.02,1
1927,3,50,7.62,1
1928,3,50,7.5,1
1929,3,50,7.18,1
1930,3,50,7.76,1
1931,3,50,8.0,1
1932,3,50,8.76,1
1933,3,50,6.84,1
1934,3,50,7.06,1
1935,3,50,7.58,1
1936,3,50,6.8,1
1937,3,50,6.94,1
1938,3,50,6.02,1
1939,3,50,6.62,1
1940,3,50,6.32,1
1941,3,50,7.5,1
1942,3,50,6.04,1
1943,3,50,7.54,1
1944,3,50,7.26,1
1945,3,50,7.58,1
1946,3,50,7.4,1
1947,3,50,7.4,1
1948,3,50,7.24,1
1949,3,50,6.16,1
1950,3,50,7.28,1
1951,3,50,6.36,1
1952,3,50,7.3,1
1953,3,50,6.46,1
1954,3,50,6.66,1
1955,3,50,7.44,1
1956,3,50,6.9,1
1957,3,50,6.96,1
1958,3,50,7.84,1
1959,3,50,7.66,1
1960,3,50,7.34,1
1961,3,50,7.18,1
1962,3,50,6.72,1
1963,3,50,7.0,1
1964,3,50,6.86,1
1965,3,50,7.18,1
1966,3,50,8.86,1
1967,3,50,8.18,1
1968,3,50,7.74,1
1969,3,50,7.52,1
1970,3,50,7.2,1
1971,3,50,5.58,1
1972,3,50,6.7,1
1973,3,50,6.54,1
1974,3,50,6.82,1
1975,3,50,7.38,1
1976,3,50,6.98,1
1977,3,50,6.62,1
1978,3,50,6.68,1
1979,3,50,6.7,1
1980,3,50,6.42,1
1981,3,50,6.72,1
1982,3,50,7.04,1
1983,3,50,5.94,1
1984,3,50,6.94,1
1985,3,50,6.24,1
1986,3,50,5.86,1
1987,3,50,6.86,1
1988,3,50,6.88,1
1989,3,50,7.5,1
1990,3,50,8.76,1
1991,3,50,7.38,1
1992,3,50,7.04,1
1993,3,50,7.74,1
1994,3,50,6.44,1
1995,3,50,8.5,1
1996,3,50,6.84,1
1997,3,50,6.48,1
1998,3,50,6.6,1
1999,3,50,7.52,1
2000,3,50,6.72,1
0,4,50,57.86,40
1,4,50,46.52,39
2,4,50,41.22,37
3,4,50,39.46,35
4,4,50,36.86,29
5,4,50,33.82,28
6,4,50,32.04,25
7,4,50,28.94,23
8,4,50,27.56,22
9,4,50,25.88,22
10,4,50,25.46,20
11,4,50,24.6,20
12,4,50,23.66,19
13,4,50,23.1,19
14,4,50,24.34,17
15,4,50,22.16,16
16,4,50,21.68,15
17,4,50,19.18,14
18,4,50,18.3,14
19,4,50,18.86,13
20,4,50,18.34,13
21,4,50,17.94,13
22,4,50,18.14,13
23,4,50,17.66,13
24,4,50,18.0,13
25,4,50,18.06,13
26,4,50,18.28,12
27,4,50,18.1,12
28,4,50,15.92,11
29,4,50,16.1,10
30,4,50,15.48,10
31,4,50,15.4,10
32,4,50,15.6,10
33,4,50,15.08,10
34,4,50,15.46,10
35,4,50,15.28,10
36,4,50,14.24,10
37,4,50,14.86,10
38,4,50,14.98,10
39,4,50,13.9,10
40,4,50,14.66,10
41,4,50,14.68,10
42,4,50,15.04,10
43,4,50,14.88,10
44,4,50,14.66,10
45,4,50,15.84,10
46,4,50,15.74,9
47,4,50,14.64,9
48,4,50,13.78,9
49,4,50,13.84,9
50,4,50,13.38,9
51,4,50,13.54,8
52,4,50,13.66,8
53,4,50,13.44,8
54,4,50,12.9,8
55,4,50,13.32,8
56,4,50,13.9,8
57,4,50,13.22,8
58,4,50,13.4,8
59,4,50,13.14,7
60,4,50,11.5,7
61,4,50,11.98,7
62,4,50,12.0,7
63,4,50,11.86,7
64,4,50,12.64,7
65,4,50,12.92,7
66,4,50,13.2,7
67,4,50,12.8,7
68,4,50,13.7,7
69,4,50,13.84,7
70,4,50,12.46,7
71,4,50,12.24,7
72,4,50,12.12,7
73,4,50,11.84,7
74,4,50,11.86,7
75,4,50,11.5,7
76,4,50,12.88,7
77,4,50,12.4,7
78,4,50,13.06,7
79,4,50,13.5,7
80,4,50,12.6,7
81,4,50,11.38,7
82,4,50,11.86,7
83,4,50,12.66,7
84,4,50,12.34,7
85,4,50,11.46,7
86,4,50,11.98,7
87,4,50,12.32,7
88,4,50,13.16,7
89,4,50,11.86,7
90,4,50,12.38,7
91,4,50,12.32,7
92,4,50,11.46,7
93,4,50,12.46,7
94,4,50,11.66,7
95,4,50,11.64,7
96,4,50,11.2,6
97,4,50,12.68,6
98,4,50,11.22,6
99,4,50,11.52,6
100,4,50,10.96,6
101,4,50,10.84,6
102,4,50,11.3,6
103,4,50,11.82,6
104,4,50,11.54,6
105,4,50,10.42,6
106,4,50,10.98,6
107,4,50,11.18,6
108,4,50,11.46,6
109,4,50,11.6,6
110,4,50,11.56,6
111,4,50,10.62,6
112,4,50,10.74,6
113,4,50,11.6,6
114,4,50,11.96,6
115,4,50,11.76,6
116,4,50,11.32,6
117,4,50,11.68,6
118,4,50,12.18,6
119,4,50,11.68,6
120,4,50,10.62,6
121,4,50,11.26,5
122,4,50,10.84,5
123,4,50,10.92,5
124,4,50,10.26,5
125,4,50,9.74,5
126,4,50,10.7,5
127,4,50,9.54,5
128,4,50,10.14,5
129,4,50,10.12,5
130,4,50,10.36,5
131,4,50,10.5,5
132,4,50,10.0,5
133,4,50,10.84,5
134,4,50,11.2,5
135,4,50,11.4,5
136,4,50,10.74,5
137,4,50,10.86,5
138,4,50,10.42,5
139,4,50,9.84,5
140,4,50,10.64,5
141,4,50,10.38,5
142,4,50,10.48,5
143,4,50,10.88,5
144,4,50,10.16,5
145,4,50,10.24,5
146,4,50,10.56,5
147,4,50,10.46,5
148,4,50,10.58,5
149,4,50,9.76,5
150,4,50,10.16,5
151,4,50,10.6,5
152,4,50,10.44,5
153,4,50,11.52,5
154,4,50,10.22,5
155,4,50,10.56,5
156,4,50,10.64,5
157,4,50,10.1,5
158,4,50,9.78,5
159,4,50,10.24,5
160,4,50,10.78,5
161,4,50,10.62,5
162,4,50,10.34,5
163,4,50,11.42,5
164,4,50,11.24,5
165,4,50,10.92,5
166,4,50,10.48,4
167,4,50,10.16,4
168,4,50,10.28,4
169,4,50,9.68,4
170,4,50,10.06,4
171,4,50,9.2,4
172,4,50,8.82,3
173,4,50,8.54,3
174,4,50,8.82,3
175,4,50,8.6,3
176,4,50,8.46,3
177,4,50,8.9,3
178,4,50,8.26,3
179,4,50,8.18,3
180,4,50,8.48,3
181,4,50,8.6,3
182,4,50,10.14,3
183,4,50,9.5,3
184,4,50,9.58,3
185,4,50,8.28,3
186,4,50,9.0,3
187,4,50,8.6,3
188,4,50,9.1,3
189,4,50,9.16,3
190,4,50,9.34,3
191,4,50,8.74,3
192,4,50,8.34,3
193,4,50,8.02,3
194,4,50,9.1,3
195,4,50,9.58,3
196,4,50,9.4,3
197,4,50,8.82,3
198,4,50,9.02,3
199,4,50,8.52,3
200,4,50,8.36,3
201,4,50,8.48,3
202,4,50,8.32,3
203,4,50,8.66,3
204,4,50,9.04,3
205,4,50,9.64,3
206,4,50,9.28,3
207,4,50,8.28,3
208,4,50,9.2,3
209,4,50,8.26,3
210,4,50,9.48,3
211,4,50,8.56,3
212,4,50,8.98,3
213,4,50,9.04,3
214,4,50,8.7,3
215,4,50,7.84,3
216,4,50,8.62,3
217,4,50,9.1,3
218,4,50,8.54,3
219,4,50,8.82,3
220,4,50,8.18,3
221,4,50,9.36,3
222,4,50,8.96,3
223,4,50,8.64,3
224,4,50,8.94,3
225,4,50,8.84,3
226,4,50,8.5,2
227,4,50,8.02,2
228,4,50,8.24,2
229,4,50,7.74,2
230,4,50,6.46,2
231,4,50,6.76,2
232,4,50,8.44,2
233,4,50,8.0,2
234,4,50,7.86,2
235,4,50,7.76,2
236,4,50,7.64,2
237,4,50,7.96,2
238,4,50,8.46,2
239,4,50,7.92,2
240,4,50,7.54,2
241,4,50,7.76,2
242,4,50,7.74,2
243,4,50,7.72,2
244,4,50,8.66,2
245,4,50,9.12,2
246,4,50,8.24,2
247,4,50,7.58,2
248,4,50,7.66,2
249,4,50,8.36,2
250,4,50,8.3,2
251,4,50,8.78,2
252,4,50,8.46,2
253,4,50,7.74,2
254,4,50,6.98,2
255,4,50,8.1,2
256,4,50,7.72,2
257,4,50,7.98,2
258,4,50,7.7,2
259,4,50,8.6,2
260,4,50,8.58,2
261,4,50,8.9,2
262,4,50,8.84,2
263,4,50,7.56,2
264,4,50,8.26,2
265,4,50,7.5,2
266,4,50,7.72,2
267,4,50,8.22,2
268,4,50,8.66,2
269,4,50,8.26,2
270,4,50,8.28,2
271,4,50,8.38,2
272,4,50,7.86,2
273,4,50,8.06,2
274,4,50,7.14,2
275,4,50,7.76,2
276,4,50,8.94,2
277,4,50,8.44,2
278,4,50,8.36,2
279,4,50,7.8,2
280,4,50,7.14,2
281,4,50,8.18,2
282,4,50,7.58,2
283,4,50,7.26,2
284,4,50,6.72,2
285,4,50,7.9,2
286,4,50,7.42,2
287,4,50,7.4,2
288,4,50,7.76,2
289,4,50,7.78,2
290,4,50,8.26,2
291,4,50,7.72,2
292,4,50,7.62,2
293,4,50,7.6,2
294,4,50,7.6,2
295,4,50,8.04,2
296,4,50,7.62,2
297,4,50,7.78,2
298,4,50,7.86,2
299,4,50,8.56,2
300,4,50,7.8,2
301,4,50,9.48,2
302,4,50,8.44,2
303,4,50,7.34,2
304,4,50,8.14,2
305,4,50,9.12,2
306,4,50,8.02,2
307,4,50,7.84,2
308,4,50,7.34,2
309,4,50,7.44,2
310,4,50,8.68,2
311,4,50,8.42,2
312,4,50,7.66,2
313,4,50,7.06,2
314,4,50,7.52,2
315,4,50,7.16,2
316,4,50,7.56,2
317,4,50,8.62,2
318,4,50,9.16,2
319,4,50,8.06,2
320,4,50,8.62,2
321,4,50,8.7,2
322,4,50,7.56,2
323,4,50,8.58,2
324,4,50,8.44,2
325,4,50,8.96,2
326,4,50,7.74,2
327,4,50,7.6,2
328,4,50,8.38,2
329,4,50,7.6,2
330,4,50,8.64,2
331,4,50,9.28,2
332,4,50,8.64,2
333,4,50,7.7,2
334,4,50,8.48,2
335,4,50,8.6,2
336,4,50,7.96,2
337,4,50,8.58,1
338,4,50,6.54,1
339,4,50,7.04,1
340,4,50,7.08,1
341,4,50,6.88,1
342,4,50,7.68,1
343,4,50,6.4,1
344,4,50,6.92,1
345,4,50,7.42,1
346,4,50,7.48,1
347,4,50,7.7,1
348,4,50,7.54,1
349,4,50,6.8,1
350,4,50,8.38,1
351,4,50,7.58,1
352,4,50,8.52,1
353,4,50,6.92,1
354,4,50,6.36,1
355,4,50,7.04,1
356,4,50,6.82,1
357,4,50,6.98,1
358,4,50,7.08,1
359,4,50,6.78,1
360,4,50,7.68,1
361,4,50,7.36,1
362,4,50,6.94,1
363,4,50,7.16,1
364,4,50,7.28,1
365,4,50,7.92,1
366,4,50,6.92,1
367,4,50,7.52,1
368,4,50,8.46,1
369,4,50,8.06,1
370,4,50,7.3,1
371,4,50,6.42,1
372,4,50,6.54,1
373,4,50,6.94,1
374,4,50,5.96,1
375,4,50,6.62,1
376,4,50,7.68,1
377,4,50,7.14,1
378,4,50,6.58,1
379,4,50,6.52,1
380,4,50,6.6,1
381,4,50,6.5,1
382,4,50,6.64,1
383,4,50,7.06,1
384,4,50,6.6,1
385,4,50,6.76,1
386,4,50,7.4,1
387,4,50,7.18,1
388,4,50,7.04,1
389,4,50,7.22,1
390,4,50,6.48,1
391,4,50,6.96,1
392,4,50,7.28,1
393,4,50,6.88,1
394,4,50,7.98,1
395,4,50,8.22,1
396,4,50,7.76,1
397,4,50,7.54,1
398,4,50,6.92,1
399,4,50,7.1,1
400,4,50,7.22,1
401,4,50,7.06,1
402,4,50,6.66,1
403,4,50,7.1,1
404,4,50,6.98,1
405,4,50,7.34,1
406,4,50,6.76,1
407,4,50,6.94,1
408,4,50,7.6,1
409,4,50,6.6,1
410,4,50,6.2,1
411,4,50,7.5,1
412,4,50,6.88,1
413,4,50,7.86,1
414,4,50,7.36,1
415,4,50,7.08,1
416,4,50,6.3,1
417,4,50,5.44,1
418,4,50,6.24,1
419,4,50,6.34,1
420,4,50,7.12,1
421,4,50,6.96,1
422,4,50,7.42,1
423,4,50,7.4,1
424,4,50,6.44,1
425,4,50,5.58,1
426,4,50,7.1,1
427,4,50,7.04,1
428,4,50,7.32,1
429,4,50,6.7,1
430,4,50,6.26,1
431,4,50,7.12,1
432,4,50,7.76,1
433,4,50,8.34,1
434,4,50,7.4,1
435,4,50,7.46,1
436,4,50,6.66,1
437,4,50,6.54,1
438,4,50,6.88,1
439,4,50,7.56,1
440,4,50,7.86,1
441,4,50,7.18,1
442,4,50,7.44,1
443,4,50,6.94,1
444,4,50,7.36,1
445,4,50,7.7,1
446,4,50,6.1,1
447,4,50,6.42,1
448,4,50,6.14,1
449,4,50,6.74,1
450,4,50,7.34,1
451,4,50,7.28,1
452,4,50,5.52,1
453,4,50,5.86,1
454,4,50,7.1,1
455,4,50,6.88,1
456,4,50,7.54,1
457,4,50,6.8,1
458,4,50,8.06,1
459,4,50,7.78,1
460,4,50,7.94,1
461,4,50,7.3,1
462,4,50,7.98,1
463,4,50,7.5,1
464,4,50,7.0,1
465,4,50,7.56,1
466,4,50,6.54,1
467,4,50,6.96,1
468,4,50,7.74,1
469,4,50,7.18,1
470,4,50,6.54,1
471,4,50,7.28,1
472,4,50,6.36,1
473,4,50,6.58,1
474,4,50,7.14,1
475,4,50,6.62,1
476,4,50,6.78,1
477,4,50,7.52,1
478,4,50,6.96,1
479,4,50,8.46,1
480,4,50,7.58,1
481,4,50,7.42,1
482,4,50,7.0,1
483,4,50,7.6,1
484,4,50,6.64,1
485,4,50,7.4,1
486,4,50,7.44,1
487,4,50,7.5,1
488,4,50,7.22,1
489,4,50,6.5,1
490,4,50,7.04,1
491,4,50,6.9,1
492,4,50,7.36,1
493,4,50,7.58,1
494,4,50,7.04,1
495,4,50,6.12,1
496,4,50,7.6,1
497,4,50,6.76,1
498,4,50,7.0,1
499,4,50,6.66,1
500,4,50,7.0,1
501,4,50,6.78,1
502,4,50,7.1,1
503,4,50,7.78,1
504,4,50,6.92,1
505,4,50,6.24,1
506,4,50,6.42,1
507,4,50,5.84,1
508,4,50,6.34,1
509,4,50,5.86,1
510,4,50,6.24,1
511,4,50,6.1,1
512,4,50,6.66,1
513,4,50,7.16,1
514,4,50,7.28,1
515,4,50,7.5,1
516,4,50,6.84,1
517,4,50,6.46,1
518,4,50,6.6,1
519,4,50,5.78,1
520,4,50,6.98,1
521,4,50,7.4,1
522,4,50,7.02,1
523,4,50,6.66,1
524,4,50,6.54,1
525,4,50,7.5,1
526,4,50,7.38,1
527,4,50,6.74,1
528,4,50,7.12,1
529,4,50,6.74,1
530,4,50,7.38,1
531,4,50,7.24,1
532,4,50,7.04,1
533,4,50,6.5,1
534,4,50,7.08,1
535,4,50,7.08,1
536,4,50,7.42,1
537,4,50,7.54,1
538,4,50,7.26,1
539,4,50,7.42,1
540,4,50,7.66,1
541,4,50,5.98,1
542,4,50,7.22,1
543,4,50,6.88,1
544,4,50,6.66,1
545,4,50,6.16,1
546,4,50,6.76,1
547,4,50,6.48,1
548,4,50,6.92,1
549,4,50,7.64,1
550,4,50,7.32,1
551,4,50,6.66,1
552,4,50,6.8,1
553,4,50,7.2,1
554,4,50,6.84,1
555,4,50,7.12,1
556,4,50,7.96,1
557,4,50,6.46,1
558,4,50,6.7,1
559,4,50,7.14,1
560,4,50,6.46,1
561,4,50,7.32,1
562,4,50,6.68,1
563,4,50,7.48,1
564,4,50,6.32,1
565,4,50,7.04,1
566,4,50,6.12,1
567,4,50,6.68,1
568,4,50,5.9,1
569,4,50,6.82,1
570,4,50,7.2,1
571,4,50,6.44,1
572,4,50,6.3,1
573,4,50,6.42,1
574,4,50,6.62,1
575,4,50,6.9,1
576,4,50,6.24,1
577,4,50,6.68,1
578,4,50,6.74,1
579,4,50,6.88,1
580,4,50,7.66,1
581,4,50,7.72,1
582,4,50,6.92,1
583,4,50,6.7,1
584,4,50,6.44,1
585,4,50,7.16,1
586,4,50,6.68,1
587,4,50,8.06,1
588,4,50,7.48,1
589,4,50,6.84,1
590,4,50,6.54,1
591,4,50,7.22,1
592,4,50,7.3,1
593,4,50,6.88,1
594,4,50,7.82,1
595,4,50,7.98,1
596,4,50,7.18,1
597,4,50,6.66,1
598,4,50,7.44,1
599,4,50,7.16,1
600,4,50,7.54,1
601,4,50,6.38,1
602,4,50,6.42,1
603,4,50,7.7,1
604,4,50,6.94,1
605,4,50,6.98,1
606,4,50,7.78,1
607,4,50,7.8,1
608,4,50,6.56,1
609,4,50,7.2,1
610,4,50,8.14,1
611,4,50,7.78,1
612,4,50,7.16,1
613,4,50,8.22,1
614,4,50,8.54,1
615,4,50,7.14,1
616,4,50,7.3,1
617,4,50,7.06,1
618,4,50,6.74,1
619,4,50,7.68,1
620,4,50,6.98,1
621,4,50,6.3,1
622,4,50,6.54,1
623,4,50,7.3,1
624,4,50,7.9,1
625,4,50,6.84,1
626,4,50,7.32,1
627,4,50,6.02,1
628,4,50,6.68,1
629,4,50,7.5,1
630,4,50,7.42,1
631,4,50,6.88,1
632,4,50,6.28,1
633,4,50,6.6,1
634,4,50,7.52,1
635,4,50,7.32,1
636,4,50,7.3,1
637,4,50,7.7,1
638,4,50,6.88,1
639,4,50,6.34,1
640,4,50,7.14,1
641,4,50,8.64,1
642,4,50,7.72,1
643,4,50,6.64,1
644,4,50,7.0,1
645,4,50,7.08,1
646,4,50,6.1,1
647,4,50,7.14,1
648,4,50,6.08,1
649,4,50,7.4,1
650,4,50,7.2,1
651,4,50,7.66,1
652,4,50,6.9,1
653,4,50,7.38,1
654,4,50,7.5,1
655,4,50,6.46,1
656,4,50,6.42,1
657,4,50,7.68,1
658,4,50,6.56,1
659,4,50,7.28,1
660,4,50,7.8,1
661,4,50,8.1,1
662,4,50,6.94,1
663,4,50,7.66,1
664,4,50,7.46,1
665,4,50,7.52,1
666,4,50,7.82,1
667,4,50,7.04,1
668,4,50,8.18,1
669,4,50,7.9,1
670,4,50,6.86,1
671,4,50,7.5,1
672,4,50,7.2,1
673,4,50,6.54,1
674,4,50,7.98,1
675,4,50,7.46,1
676,4,50,7.04,1
677,4,50,6.28,1
678,4,50,6.58,1
679,4,50,7.1,1
680,4,50,7.32,1
681,4,50,8.38,1
682,4,50,6.44,1
683,4,50,6.8,1
684,4,50,6.72,1
685,4,50,6.9,1
686,4,50,6.28,1
687,4,50,6.8,1
688,4,50,6.46,1
689,4,50,7.16,1
690,4,50,6.56,1
691,4,50,5.96,1
692,4,50,7.0,1
693,4,50,6.32,1
694,4,50,7.24,1
695,4,50,7.58,1
696,4,50,6.7,1
697,4,50,6.18,1
698,4,50,6.98,1
699,4,50,7.22,1
700,4,50,7.66,1
701,4,50,8.3,1
702,4,50,6.4,1
703,4,50,6.28,1
704,4,50,6.48,1
705,4,50,8.0,1
706,4,50,6.6,1
707,4,50,8.94,1
708,4,50,7.16,1
709,4,50,7.36,1
710,4,50,6.72,1
711,4,50,7.16,1
712,4,50,7.56,1
713,4,50,6.78,1
714,4,50,6.82,1
715,4,50,7.72,1
716,4,50,7.48,1
717,4,50,7.42,1
718,4,50,7.46,1
719,4,50,6.32,1
720,4,50,6.74,1
721,4,50,7.28,1
722,4,50,7.4,1
723,4,50,6.9,1
724,4,50,7.02,1
725,4,50,7.02,1
726,4,50,7.04,1
727,4,50,7.42,1
728,4,50,7.26,1
729,4,50,7.04,1
730,4,50,6.6,1
731,4,50,6.74,1
732,4,50,6.6,1
733,4,50,6.92,1
734,4,50,6.28,1
735,4,50,6.98,1
736,4,50,7.08,1
737,4,50,6.82,1
738,4,50,6.78,1
739,4,50,6.16,1
740,4,50,6.76,1
741,4,50,6.86,1
742,4,50,8.24,1
743,4,50,8.66,1
744,4,50,6.84,1
745,4,50,7.58,1
746,4,50,7.24,1
747,4,50,7.56,1
748,4,50,6.38,1
749,4,50,7.14,1
750,4,50,7.74,1
751,4,50,6.64,1
752,4,50,7.5,1
753,4,50,6.08,1
754,4,50,7.7,1
755,4,50,6.7,1
756,4,50,7.72,1
757,4,50,6.94,1
758,4,50,7.82,1
759,4,50,7.18,1
760,4,50,7.44,1
761,4,50,6.5,1
762,4,50,7.22,1
763,4,50,6.9,1
764,4,50,6.46,1
765,4,50,7.52,1
766,4,50,7.02,1
767,4,50,7.0,1
768,4,50,6.86,1
769,4,50,7.3,1
770,4,50,7.22,1
771,4,50,7.24,1
772,4,50,6.6,1
773,4,50,6.86,1
774,4,50,6.64,1
775,4,50,6.88,1
776,4,50,6.82,1
777,4,50,6.7,1
778,4,50,6.72,1
779,4,50,7.22,1
780,4,50,6.68,1
781,4,50,6.2,1
782,4,50,6.98,1
783,4,50,8.4,1
784,4,50,6.42,1
785,4,50,7.22,1
786,4,50,6.16,1
787,4,50,7.4,1
788,4,50,6.22,1
789,4,50,6.54,1
790,4,50,7.9,1
791,4,50,9.0,1
792,4,50,7.2,1
793,4,50,7.96,1
794,4,50,7.16,1
795,4,50,7.46,1
796,4,50,6.52,1
797,4,50,6.84,1
798,4,50,6.18,1
799,4,50,6.9,1
800,4,50,7.16,1
801,4,50,8.2,1
802,4,50,6.2,1
803,4,50,6.22,1
804,4,50,6.16,1
805,4,50,6.72,1
806,4,50,6.6,1
807,4,50,6.74,1
808,4,50,7.06,1
809,4,50,7.22,1
810,4,50,7.26,1
811,4,50,6.88,1
812,4,50,6.86,1
813,4,50,6.62,1
814,4,50,7.74,1
815,4,50,6.98,1
816,4,50,6.32,1
817,4,50,6.34,1
818,4,50,8.0,1
819,4,50,6.32,1
820,4,50,7.24,1
821,4,50,6.3,1
822,4,50,7.0,1
823,4,50,6.46,1
824,4,50,6.36,1
825,4,50,7.16,1
826,4,50,7.84,1
827,4,50,7.08,1
828,4,50,6.94,1
829,4,50,7.26,1
830,4,50,6.68,1
831,4,50,6.28,1
832,4,50,7.36,1
833,4,50,6.22,1
834,4,50,7.22,1
835,4,50,6.38,1
836,4,50,7.22,1
837,4,50,7.6,1
838,4,50,7.06,1
839,4,50,7.4,1
840,4,50,7.64,1
841,4,50,6.58,1
842,4,50,6.56,1
843,4,50,7.62,1
844,4,50,7.24,1
845,4,50,7.38,1
846,4,50,6.3,1
847,4,50,7.0,1
848,4,50,7.14,1
849,4,50,7.34,1
850,4,50,8.06,1
851,4,50,6.74,1
852,4,50,6.82,1
853,4,50,7.1,1
854,4,50,7.98,1
855,4,50,7.32,1
856,4,50,7.54,1
857,4,50,7.54,1
858,4,50,6.86,1
859,4,50,6.12,1
860,4,50,6.76,1
861,4,50,6.48,1
862,4,50,7.1,1
863,4,50,7.66,1
864,4,50,7.18,1
865,4,50,7.64,1
866,4,50,7.44,1
867,4,50,7.04,1
868,4,50,6.68,1
869,4,50,8.02,1
870,4,50,7.84,1
871,4,50,6.76,1
872,4,50,7.2,1
873,4,50,7.26,1
874,4,50,7.62,1
875,4,50,7.9,1
876,4,50,6.34,1
877,4,50,6.98,1
878,4,50,6.92,1
879,4,50,6.94,1
880,4,50,6.74,1
881,4,50,7.1,1
882,4,50,7.52,1
883,4,50,6.0,1
884,4,50,6.4,1
885,4,50,6.88,1
886,4,50,7.16,1
887,4,50,7.18,1
888,4,50,6.6,1
889,4,50,7.44,1
890,4,50,6.78,1
891,4,50,6.12,1
892,4,50,7.12,1
893,4,50,6.84,1
894,4,50,5.96,1
895,4,50,6.78,1
896,4,50,6.74,1
897,4,50,6.22,1
898,4,50,6.94,1
899,4,50,7.08,1
900,4,50,6.34,1
901,4,50,6.56,1
902,4,50,6.52,1
903,4,50,6.76,1
904,4,50,6.38,1
905,4,50,7.48,1
906,4,50,7.08,1
907,4,50,6.6,1
908,4,50,7.74,1
909,4,50,7.44,1
910,4,50,6.7,1
911,4,50,7.2,1
912,4,50,6.78,1
913,4,50,7.36,1
914,4,50,7.48,1
915,4,50,7.42,1
916,4,50,6.82,1
917,4,50,7.8,1
918,4,50,7.94,1
919,4,50,8.04,1
920,4,50,6.74,1
921,4,50,6.28,1
922,4,50,6.94,1
923,4,50,6.54,1
924,4,50,6.4,1
925,4,50,7.44,1
926,4,50,6.2,1
927,4,50,6.92,1
928,4,50,7.3,1
929,4,50,6.96,1
930,4,50,6.64,1
931,4,50,7.32,1
932,4,50,7.26,1
933,4,50,7.18,1
934,4,50,7.16,1
935,4,50,7.52,1
936,4,50,6.64,1
937,4,50,6.34,1
938,4,50,7.54,1
939,4,50,8.04,1
940,4,50,6.96,1
941,4,50,6.42,1
942,4,50,7.12,1
943,4,50,6.76,1
944,4,50,6.94,1
945,4,50,5.72,1
946,4,50,6.66,1
947,4,50,6.98,1
948,4,50,7.14,1
949,4,50,6.64,1
950,4,50,6.72,1
951,4,50,7.5,1
952,4,50,6.9,1
953,4,50,7.3,1
954,4,50,7.18,1
955,4,50,7.38,1
956,4,50,7.02,1
957,4,50,5.86,1
958,4,50,6.7,1
959,4,50,6.4,1
960,4,50,6.22,1
961,4,50,6.5,1
962,4,50,7.42,1
963,4,50,7.06,1
964,4,50,8.02,1
965,4,50,7.06,1
966,4,50,6.64,1
967,4,50,7.74,1
968,4,50,7.38,1
969,4,50,7.74,1
970,4,50,7.16,1
971,4,50,7.1,1
972,4,50,7.18,1
973,4,50,8.42,1
974,4,50,6.26,1
975,4,50,6.56,1
976,4,50,6.74,1
977,4,50,7.84,1
978,4,50,7.54,1
979,4,50,6.9,1
980,4,50,8.38,1
981,4,50,7.28,1
982,4,50,6.92,1
983,4,50,7.3,1
984,4,50,6.06,1
985,4,50,7.3,1
986,4,50,7.56,1
987,4,50,5.84,1
988,4,50,7.42,1
989,4,50,8.66,1
990,4,50,7.12,1
991,4,50,7.08,1
992,4,50,8.22,1
993,4,50,7.62,1
994,4,50,8.46,1
995,4,50,7.68,1
996,4,50,7.4,1
997,4,50,7.28,1
998,4,50,7.96,1
999,4,50,6.46,1
1000,4,50,7.2,1
1001,4,50,6.84,1
1002,4,50,7.18,1
1003,4,50,6.36,1
1004,4,50,6.98,1
1005,4,50,6.88,1
1006,4,50,6.26,1
1007,4,50,6.68,1
1008,4,50,6.1,1
1009,4,50,6.64,1
1010,4,50,7.2,1
1011,4,50,6.2,1
1012,4,50,6.72,1
1013,4,50,7.4,1
1014,4,50,7.4,1
1015,4,50,6.98,1
1016,4,50,7.24,1
1017,4,50,8.3,1
1018,4,50,7.42,1
1019,4,50,6.66,1
1020,4,50,7.2,1
1021,4,50,7.04,1
1022,4,50,7.9,1
1023,4,50,7.18,1
1024,4,50,6.92,1
1025,4,50,6.6,1
1026,4,50,6.74,1
1027,4,50,7.36,1
1028,4,50,8.88,1
1029,4,50,8.76,1
1030,4,50,7.14,1
1031,4,50,7.0,1
1032,4,50,5.92,1
1033,4,50,7.22,1
1034,4,50,6.62,1
1035,4,50,7.54,1
1036,4,50,7.96,1
1037,4,50,7.56,1
1038,4,50,7.06,1
1039,4,50,7.16,1
1040,4,50,6.88,1
1041,4,50,7.04,1
1042,4,50,6.92,1
1043,4,50,6.36,1
1044,4,50,7.02,1
1045,4,50,7.08,1
1046,4,50,7.2,1
1047,4,50,7.02,1
1048,4,50,6.44,1
1049,4,50,6.82,1
1050,4,50,6.98,1
1051,4,50,7.76,1
1052,4,50,6.5,1
1053,4,50,6.56,1
1054,4,50,7.0,1
1055,4,50,6.24,1
1056,4,50,7.1,1
1057,4,50,6.22,1
1058,4,50,6.98,1
1059,4,50,6.96,1
1060,4,50,7.04,1
1061,4,50,7.44,1
1062,4,50,7.22,1
1063,4,50,7.06,1
1064,4,50,7.02,1
1065,4,50,6.56,1
1066,4,50,7.16,1
1067,4,50,6.84,1
1068,4,50,6.52,1
1069,4,50,7.06,1
1070,4,50,6.76,1
1071,4,50,6.9,1
1072,4,50,7.04,1
1073,4,50,7.44,1
1074,4,50,6.76,1
1075,4,50,6.5,1
1076,4,50,7.36,1
1077,4,50,6.52,1
1078,4,50,7.68,1
1079,4,50,6.28,1
1080,4,50,5.42,1
1081,4,50,6.96,1
1082,4,50,6.4,1
1083,4,50,6.62,1
1084,4,50,6.64,1
1085,4,50,6.42,1
1086,4,50,6.78,1
1087,4,50,7.22,1
1088,4,50,6.34,1
1089,4,50,6.18,1
1090,4,50,5.86,1
1091,4,50,5.72,1
1092,4,50,6.76,1
1093,4,50,8.38,1
1094,4,50,7.68,1
1095,4,50,7.74,1
1096,4,50,6.92,1
1097,4,50,6.86,1
1098,4,50,6.68,1
1099,4,50,7.28,1
1100,4,50,6.54,1
1101,4,50,6.6,1
1102,4,50,6.54,1
1103,4,50,5.92,1
1104,4,50,6.48,1
1105,4,50,6.8,1
1106,4,50,6.6,1
1107,4,50,7.1,1
1108,4,50,7.32,1
1109,4,50,7.4,1
1110,4,50,7.46,0
0,5,50,54.98,40
1,5,50,45.9,37
2,5,50,39.48,32
3,5,50,36.38,30
4,5,50,33.78,29
5,5,50,32.48,27
6,5,50,30.94,27
7,5,50,30.24,25
8,5,50,28.7,24
9,5,50,27.5,22
10,5,50,26.32,21
11,5,50,24.96,21
12,5,50,23.82,19
13,5,50,23.86,19
14,5,50,23.08,19
15,5,50,22.82,18
16,5,50,22.58,18
17,5,50,21.76,18
18,5,50,22.4,17
19,5,50,20.76,16
20,5,50,20.78,16
21,5,50,19.5,16
22,5,50,20.62,15
23,5,50,19.66,15
24,5,50,19.58,15
25,5,50,19.5,15
26,5,50,19.48,15
27,5,50,19.52,15
28,5,50,19.56,15
29,5,50,19.1,14
30,5,50,19.02,13
31,5,50,18.18,13
32,5,50,17.56,13
33,5,50,17.68,12
34,5,50,16.88,12
35,5,50,16.08,12
36,5,50,16.22,10
37,5,50,15.48,10
38,5,50,14.6,10
39,5,50,14.34,10
40,5,50,14.94,9
41,5,50,13.92,9
42,5,50,13.9,9
43,5,50,14.24,9
44,5,50,13.92,9
45,5,50,13.44,8
46,5,50,13.64,8
47,5,50,12.46,8
48,5,50,13.86,8
49,5,50,13.98,8
50,5,50,13.72,8
51,5,50,13.96,8
52,5,50,12.88,8
53,5,50,13.24,8
54,5,50,12.62,8
55,5,50,13.16,8
56,5,50,13.34,8
57,5,50,13.12,8
58,5,50,12.68,8
59,5,50,12.84,8
60,5,50,12.74,8
61,5,50,13.12,8
62,5,50,13.58,8
63,5,50,12.22,8
64,5,50,13.12,8
65,5,50,12.92,8
66,5,50,13.14,8
67,5,50,12.28,8
68,5,50,12.54,8
69,5,50,12.94,8
70,5,50,12.84,8
71,5,50,13.3,8
72,5,50,12.66,8
73,5,50,13.4,8
74,5,50,13.28,8
75,5,50,13.32,8
76,5,50,12.32,8
77,5,50,12.76,8
78,5,50,12.72,8
79,5,50,12.36,8
80,5,50,12.78,8
81,5,50,12.96,8
82,5,50,13.44,8
83,5,50,12.08,7
84,5,50,12.36,7
85,5,50,12.34,7
86,5,50,12.76,7
87,5,50,13.38,7
88,5,50,11.92,7
89,5,50,13.64,7
90,5,50,11.38,7
91,5,50,11.58,7
92,5,50,12.44,7
93,5,50,11.7,6
94,5,50,11.52,6
95,5,50,12.24,6
96,5,50,11.66,6
97,5,50,11.78,6
98,5,50,10.28,6
99,5,50,10.96,6
100,5,50,10.8,6
101,5,50,10.94,6
102,5,50,10.84,6
103,5,50,11.38,6
104,5,50,10.8,6
105,5,50,11.66,6
106,5,50,11.24,6
107,5,50,11.82,6
108,5,50,11.72,6
109,5,50,11.22,6
110,5,50,12.3,6
111,5,50,11.86,6
112,5,50,11.76,6
113,5,50,11.6,6
114,5,50,12.22,6
115,5,50,10.66,6
116,5,50,11.1,6
117,5,50,11.2,6
118,5,50,10.98,6
119,5,50,11.88,6
120,5,50,10.7,6
121,5,50,11.66,6
122,5,50,11.9,6
123,5,50,10.64,6
124,5,50,10.34,6
125,5,50,10.7,6
126,5,50,11.32,6
127,5,50,10.24,6
128,5,50,11.68,6
129,5,50,12.82,6
130,5,50,11.18,6
131,5,50,11.34,6
132,5,50,10.28,6
133,5,50,11.7,6
134,5,50,12.14,6
135,5,50,11.54,6
136,5,50,11.48,6
137,5,50,11.16,6
138,5,50,11.24,6
139,5,50,11.5,6
140,5,50,11.6,6
141,5,50,12.12,6
142,5,50,12.18,6
143,5,50,11.5,6
144,5,50,10.96,6
145,5,50,11.38,6
146,5,50,11.34,6
147,5,50,11.54,6
148,5,50,10.28,6
149,5,50,11.26,6
150,5,50,11.02,6
151,5,50,12.22,6
152,5,50,11.56,6
153,5,50,11.52,6
154,5,50,11.92,6
155,5,50,11.2,6
156,5,50,11.18,6
157,5,50,11.68,6
158,5,50,12.06,6
159,5,50,11.94,6
160,5,50,11.56,6
161,5,50,12.24,6
162,5,50,11.52,6
163,5,50,10.7,6
164,5,50,11.78,6
165,5,50,11.78,6
166,5,50,12.3,6
167,5,50,11.74,6
168,5,50,11.74,6
169,5,50,11.54,6
170,5,50,10.76,6
171,5,50,10.72,6
172,5,50,10.6,6
173,5,50,11.84,6
174,5,50,11.92,6
175,5,50,11.18,6
176,5,50,11.3,6
177,5,50,11.6,6
178,5,50,10.88,6
179,5,50,11.06,6
180,5,50,10.72,6
181,5,50,11.48,6
182,5,50,10.98,6
183,5,50,11.48,6
184,5,50,10.52,5
185,5,50,11.38,5
186,5,50,10.94,5
187,5,50,10.56,5
188,5,50,10.56,5
189,5,50,10.88,5
190,5,50,11.06,5
191,5,50,10.12,5
192,5,50,11.0,5
193,5,50,9.76,5
194,5,50,9.36,5
195,5,50,10.96,5
196,5,50,10.5,5
197,5,50,10.56,5
198,5,50,10.54,5
199,5,50,10.5,5
200,5,50,10.72,5
201,5,50,10.84,5
202,5,50,10.58,5
203,5,50,10.08,5
204,5,50,10.08,5
205,5,50,9.64,5
206,5,50,10.42,5
207,5,50,10.8,5
208,5,50,11.38,5
209,5,50,10.58,5
210,5,50,9.7,5
211,5,50,10.64,5
212,5,50,9.64,5
213,5,50,10.78,5
214,5,50,9.86,5
215,5,50,10.48,5
216,5,50,10.14,5
217,5,50,9.66,5
218,5,50,9.92,5
219,5,50,10.64,5
220,5,50,10.6,5
221,5,50,10.76,5
222,5,50,10.28,5
223,5,50,10.58,5
224,5,50,10.14,5
225,5,50,10.06,5
226,5,50,10.88,5
227,5,50,11.12,5
228,5,50,9.28,5
229,5,50,9.74,5
230,5,50,10.44,5
231,5,50,9.62,5
232,5,50,10.66,5
233,5,50,10.06,5
234,5,50,9.7,5
235,5,50,9.78,5
236,5,50,10.38,5
237,5,50,9.62,5
238,5,50,10.12,5
239,5,50,11.0,5
240,5,50,10.42,5
241,5,50,10.06,5
242,5,50,11.2,5
243,5,50,10.92,5
244,5,50,9.98,5
245,5,50,10.04,5
246,5,50,11.18,5
247,5,50,10.16,5
248,5,50,10.66,5
249,5,50,11.08,5
250,5,50,10.42,5
251,5,50,11.14,5
252,5,50,10.1,5
253,5,50,10.0,5
254,5,50,9.96,5
255,5,50,11.3,5
256,5,50,10.5,5
257,5,50,10.62,5
258,5,50,10.08,5
259,5,50,10.08,5
260,5,50,9.94,5
261,5,50,10.86,5
262,5,50,10.48,5
263,5,50,10.28,5
264,5,50,9.74,5
265,5,50,9.82,5
266,5,50,10.84,5
267,5,50,10.64,5
268,5,50,10.38,5
269,5,50,11.24,5
270,5,50,11.04,5
271,5,50,10.2,5
272,5,50,10.5,5
273,5,50,10.78,5
274,5,50,10.1,5
275,5,50,10.5,5
276,5,50,10.74,5
277,5,50,9.18,5
278,5,50,10.6,5
279,5,50,10.78,5
280,5,50,10.5,5
281,5,50,10.66,5
282,5,50,9.72,5
283,5,50,10.32,5
284,5,50,10.56,5
285,5,50,11.46,5
286,5,50,10.38,5
287,5,50,10.4,5
288,5,50,10.7,5
289,5,50,10.24,5
290,5,50,10.44,5
291,5,50,10.38,5
292,5,50,10.5,5
293,5,50,10.64,5
294,5,50,10.16,5
295,5,50,10.62,5
296,5,50,10.66,5
297,5,50,10.52,5
298,5,50,10.64,5
299,5,50,10.78,5
300,5,50,10.68,5
301,5,50,10.94,5
302,5,50,10.1,5
303,5,50,10.74,5
304,5,50,11.04,5
305,5,50,11.14,5
306,5,50,10.24,5
307,5,50,11.38,5
308,5,50,10.76,5
309,5,50,10.46,5
310,5,50,9.52,5
311,5,50,11.1,5
312,5,50,10.06,5
313,5,50,9.98,5
314,5,50,10.82,5
315,5,50,10.54,5
316,5,50,10.0,5
317,5,50,10.14,5
318,5,50,10.38,5
319,5,50,10.06,5
320,5,50,10.06,5
321,5,50,10.5,5
322,5,50,10.1,5
323,5,50,9.82,5
324,5,50,10.4,5
325,5,50,9.82,5
326,5,50,11.22,5
327,5,50,9.98,5
328,5,50,10.06,5
329,5,50,11.04,5
330,5,50,10.46,5
331,5,50,10.76,5
332,5,50,10.32,5
333,5,50,9.72,5
334,5,50,10.42,5
335,5,50,10.72,5
336,5,50,10.18,5
337,5,50,10.82,5
338,5,50,9.92,5
339,5,50,10.14,5
340,5,50,10.44,5
341,5,50,11.12,5
342,5,50,11.96,5
343,5,50,11.34,5
344,5,50,9.74,5
345,5,50,10.72,4
346,5,50,9.0,4
347,5,50,10.1,4
348,5,50,9.9,4
349,5,50,8.66,4
350,5,50,9.86,4
351,5,50,10.26,4
352,5,50,10.24,4
353,5,50,9.96,4
354,5,50,9.4,4
355,5,50,9.5,4
356,5,50,10.04,4
357,5,50,10.24,4
358,5,50,10.08,4
359,5,50,10.08,4
360,5,50,9.96,4
361,5,50,9.36,4
362,5,50,9.76,4
363,5,50,9.92,4
364,5,50,9.9,4
365,5,50,9.44,4
366,5,50,9.46,4
367,5,50,10.22,4
368,5,50,9.12,4
369,5,50,10.32,4
370,5,50,10.22,4
371,5,50,9.72,4
372,5,50,9.0,4
373,5,50,9.04,4
374,5,50,9.62,4
375,5,50,10.54,4
376,5,50,9.38,4
377,5,50,9.02,4
378,5,50,8.7,4
379,5,50,9.42,4
380,5,50,9.84,4
381,5,50,10.74,4
382,5,50,10.04,4
383,5,50,9.92,4
384,5,50,10.38,4
385,5,50,9.7,4
386,5,50,8.72,4
387,5,50,9.06,4
388,5,50,10.08,4
389,5,50,10.58,4
390,5,50,10.62,3
391,5,50,9.02,3
392,5,50,8.84,3
393,5,50,9.42,3
394,5,50,8.14,3
395,5,50,8.62,3
396,5,50,8.58,3
397,5,50,8.56,3
398,5,50,8.82,3
399,5,50,8.8,3
400,5,50,9.36,3
401,5,50,9.72,3
402,5,50,8.9,3
403,5,50,8.08,3
404,5,50,8.34,3
405,5,50,8.96,3
406,5,50,8.5,3
407,5,50,8.94,3
408,5,50,9.12,3
409,5,50,9.62,3
410,5,50,8.08,3
411,5,50,8.48,3
412,5,50,8.2,3
413,5,50,8.44,3
414,5,50,8.26,3
415,5,50,8.74,3
416,5,50,7.92,3
417,5,50,9.06,3
418,5,50,8.88,3
419,5,50,8.62,3
420,5,50,8.74,3
421,5,50,8.26,3
422,5,50,8.52,3
423,5,50,9.5,3
424,5,50,9.06,3
425,5,50,8.38,3
426,5,50,8.38,3
427,5,50,9.08,3
428,5,50,9.58,3
429,5,50,8.44,3
430,5,50,9.2,3
431,5,50,9.18,3
432,5,50,8.56,3
433,5,50,7.74,3
434,5,50,8.92,3
435,5,50,8.3,3
436,5,50,9.0,3
437,5,50,8.84,3
438,5,50,8.86,3
439,5,50,9.08,3
440,5,50,8.9,3
441,5,50,9.48,3
442,5,50,7.78,3
443,5,50,7.76,3
444,5,50,7.78,3
445,5,50,9.9,3
446,5,50,9.14,3
447,5,50,8.1,3
448,5,50,8.3,3
449,5,50,9.52,3
450,5,50,8.22,3
451,5,50,8.42,3
452,5,50,8.88,3
453,5,50,8.84,3
454,5,50,8.32,3
455,5,50,8.74,3
456,5,50,9.0,3
457,5,50,9.38,3
458,5,50,8.68,3
459,5,50,8.84,3
460,5,50,8.38,3
461,5,50,8.92,3
462,5,50,8.68,3
463,5,50,9.76,3
464,5,50,8.88,3
465,5,50,8.16,3
466,5,50,8.46,3
467,5,50,9.1,3
468,5,50,9.64,3
469,5,50,8.24,3
470,5,50,8.04,3
471,5,50,9.22,3
472,5,50,8.88,3
473,5,50,8.3,3
474,5,50,7.98,3
475,5,50,9.38,3
476,5,50,7.66,3
477,5,50,8.2,3
478,5,50,7.98,3
479,5,50,8.3,3
480,5,50,8.16,3
481,5,50,8.5,3
482,5,50,8.34,3
483,5,50,8.3,3
484,5,50,8.1,3
485,5,50,8.84,3
486,5,50,9.24,3
487,5,50,9.3,3
488,5,50,9.34,3
489,5,50,8.94,3
490,5,50,9.02,3
491,5,50,8.76,3
492,5,50,9.2,3
493,5,50,8.86,3
494,5,50,7.4,3
495,5,50,9.38,3
496,5,50,8.0,3
497,5,50,8.78,3
498,5,50,9.28,3
499,5,50,7.88,3
500,5,50,9.0,3
501,5,50,8.94,3
502,5,50,8.96,3
503,5,50,8.98,3
504,5,50,9.48,3
505,5,50,8.9,3
506,5,50,9.46,3
507,5,50,8.64,3
508,5,50,8.1,3
509,5,50,8.84,3
510,5,50,8.2,3
511,5,50,8.88,3
512,5,50,8.7,2
513,5,50,8.22,2
514,5,50,8.18,2
515,5,50,8.16,2
516,5,50,8.36,2
517,5,50,8.34,2
518,5,50,7.58,2
519,5,50,7.26,2
520,5,50,8.72,2
521,5,50,8.14,2
522,5,50,8.54,2
523,5,50,7.28,2
524,5,50,7.86,2
525,5,50,8.18,2
526,5,50,8.02,2
527,5,50,7.7,2
528,5,50,7.82,2
529,5,50,8.08,2
530,5,50,8.6,2
531,5,50,7.56,2
532,5,50,7.4,2
533,5,50,7.84,2
534,5,50,7.84,2
535,5,50,8.46,2
536,5,50,8.78,2
537,5,50,8.08,2
538,5,50,7.08,2
539,5,50,8.38,2
540,5,50,8.68,2
541,5,50,8.54,2
542,5,50,8.1,2
543,5,50,8.6,2
544,5,50,7.4,2
545,5,50,7.4,2
546,5,50,7.52,2
547,5,50,8.6,2
548,5,50,7.32,2
549,5,50,7.52,2
550,5,50,7.74,2
551,5,50,9.0,2
552,5,50,7.68,2
553,5,50,8.08,2
554,5,50,8.2,2
555,5,50,8.0,2
556,5,50,8.22,2
557,5,50,8.46,2
558,5,50,7.86,2
559,5,50,8.52,2
560,5,50,7.76,2
561,5,50,7.4,2
562,5,50,7.28,2
563,5,50,8.02,2
564,5,50,8.06,2
565,5,50,7.84,2
566,5,50,7.76,2
567,5,50,8.96,2
568,5,50,7.34,2
569,5,50,7.6,2
570,5,50,8.52,2
571,5,50,9.46,2
572,5,50,9.54,2
573,5,50,8.84,2
574,5,50,8.66,2
575,5,50,8.26,2
576,5,50,7.44,2
577,5,50,7.4,2
578,5,50,7.72,2
579,5,50,7.92,2
580,5,50,7.98,2
581,5,50,7.34,2
582,5,50,7.44,2
583,5,50,8.54,2
584,5,50,9.14,2
585,5,50,8.1,2
586,5,50,7.98,2
587,5,50,7.1,2
588,5,50,7.16,2
589,5,50,8.24,2
590,5,50,8.0,2
591,5,50,8.32,2
592,5,50,8.22,2
593,5,50,7.86,2
594,5,50,7.5,2
595,5,50,7.2,2
596,5,50,8.16,2
597,5,50,7.26,2
598,5,50,7.04,2
599,5,50,7.04,2
600,5,50,8.38,2
601,5,50,8.14,2
602,5,50,8.14,2
603,5,50,9.38,2
604,5,50,7.64,2
605,5,50,7.18,2
606,5,50,7.8,2
607,5,50,7.8,2
608,5,50,6.72,2
609,5,50,7.64,2
610,5,50,8.28,2
611,5,50,8.32,2
612,5,50,6.76,2
613,5,50,8.0,2
614,5,50,8.52,2
615,5,50,7.64,2
616,5,50,7.68,2
617,5,50,8.14,2
618,5,50,7.94,2
619,5,50,7.82,2
620,5,50,8.78,2
621,5,50,8.44,2
622,5,50,7.48,2
623,5,50,8.0,2
624,5,50,7.78,2
625,5,50,7.92,2
626,5,50,8.68,2
627,5,50,7.7,2
628,5,50,7.56,2
629,5,50,8.48,2
630,5,50,8.82,2
631,5,50,8.08,2
632,5,50,7.4,2
633,5,50,8.76,2
634,5,50,9.58,2
635,5,50,7.84,2
636,5,50,8.0,2
637,5,50,7.72,2
638,5,50,7.78,2
639,5,50,7.72,2
640,5,50,8.04,2
641,5,50,7.78,2
642,5,50,8.54,2
643,5,50,7.8,2
644,5,50,7.86,2
645,5,50,7.92,2
646,5,50,7.22,2
647,5,50,7.28,2
648,5,50,7.64,2
649,5,50,7.12,2
650,5,50,8.08,2
651,5,50,8.4,2
652,5,50,7.26,2
653,5,50,7.72,2
654,5,50,8.1,2
655,5,50,8.06,2
656,5,50,8.3,2
657,5,50,7.78,2
658,5,50,9.12,2
659,5,50,7.98,2
660,5,50,8.2,2
661,5,50,8.2,2
662,5,50,7.9,2
663,5,50,8.76,2
664,5,50,8.56,2
665,5,50,7.68,2
666,5,50,7.48,2
667,5,50,7.52,2
668,5,50,7.62,2
669,5,50,7.62,2
670,5,50,7.2,2
671,5,50,8.38,2
672,5,50,8.5,2
673,5,50,8.54,2
674,5,50,7.62,2
675,5,50,7.92,2
676,5,50,7.54,2
677,5,50,7.66,2
678,5,50,8.08,2
679,5,50,6.82,2
680,5,50,7.4,2
681,5,50,7.76,2
682,5,50,8.7,2
683,5,50,8.62,2
684,5,50,8.44,2
685,5,50,7.44,2
686,5,50,7.66,2
687,5,50,7.96,2
688,5,50,6.78,2
689,5,50,7.56,2
690,5,50,7.8,2
691,5,50,7.84,2
692,5,50,7.56,2
693,5,50,7.32,2
694,5,50,8.2,2
695,5,50,7.42,2
696,5,50,8.54,2
697,5,50,7.92,2
698,5,50,8.24,2
699,5,50,8.04,2
700,5,50,8.16,2
701,5,50,8.16,2
702,5,50,7.84,2
703,5,50,8.04,2
704,5,50,8.8,2
705,5,50,7.64,2
706,5,50,6.6,2
707,5,50,7.5,2
708,5,50,7.14,2
709,5,50,7.6,2
710,5,50,8.44,2
711,5,50,8.36,2
712,5,50,8.12,2
713,5,50,8.3,2
714,5,50,7.8,2
715,5,50,7.64,2
716,5,50,8.54,2
717,5,50,7.8,2
718,5,50,7.98,2
719,5,50,6.88,2
720,5,50,7.38,2
721,5,50,7.66,2
722,5,50,7.58,2
723,5,50,7.82,2
724,5,50,8.46,2
725,5,50,7.36,2
726,5,50,7.38,2
727,5,50,8.52,2
728,5,50,7.88,2
729,5,50,8.46,2
730,5,50,8.02,2
731,5,50,8.62,2
732,5,50,8.04,2
733,5,50,8.42,2
734,5,50,8.08,2
735,5,50,8.02,2
736,5,50,8.58,2
737,5,50,7.96,2
738,5,50,8.88,2
739,5,50,8.62,2
740,5,50,8.62,2
741,5,50,8.8,2
742,5,50,8.06,2
743,5,50,7.6,2
744,5,50,7.64,2
745,5,50,8.32,2
746,5,50,8.42,2
747,5,50,9.0,2
748,5,50,7.38,2
749,5,50,7.8,2
750,5,50,7.94,2
751,5,50,8.2,2
752,5,50,7.68,2
753,5,50,7.42,2
754,5,50,7.56,2
755,5,50,6.94,2
756,5,50,7.56,2
757,5,50,8.28,2
758,5,50,7.88,2
759,5,50,8.22,2
760,5,50,8.02,2
761,5,50,7.82,2
762,5,50,8.16,2
763,5,50,7.64,2
764,5,50,8.0,2
765,5,50,7.0,2
766,5,50,7.26,2
767,5,50,7.7,2
768,5,50,6.94,2
769,5,50,7.48,2
770,5,50,7.86,2
771,5,50,8.24,2
772,5,50,8.54,2
773,5,50,7.54,2
774,5,50,8.46,2
775,5,50,8.0,2
776,5,50,7.04,2
777,5,50,8.58,2
778,5,50,7.84,2
779,5,50,9.06,2
780,5,50,8.02,2
781,5,50,8.26,2
782,5,50,8.1,2
783,5,50,7.52,2
784,5,50,7.16,2
785,5,50,6.86,2
786,5,50,7.64,2
787,5,50,7.96,2
788,5,50,7.42,2
789,5,50,7.42,2
790,5,50,7.32,2
791,5,50,7.72,2
792,5,50,8.28,2
793,5,50,7.94,2
794,5,50,8.8,2
795,5,50,8.58,2
796,5,50,7.48,2
797,5,50,7.9,2
798,5,50,7.58,2
799,5,50,8.66,2
800,5,50,8.2,2
801,5,50,8.0,2
802,5,50,8.16,2
803,5,50,6.8,2
804,5,50,7.14,2
805,5,50,7.88,2
806,5,50,8.92,2
807,5,50,7.68,2
808,5,50,8.4,2
809,5,50,8.58,2
810,5,50,8.0,2
811,5,50,7.92,2
812,5,50,8.04,2
813,5,50,8.64,2
814,5,50,8.64,2
815,5,50,8.08,2
816,5,50,8.26,2
817,5,50,8.04,2
818,5,50,8.58,2
819,5,50,7.24,2
820,5,50,7.76,2
821,5,50,7.08,2
822,5,50,8.12,2
823,5,50,7.78,2
824,5,50,7.86,2
825,5,50,8.56,2
826,5,50,8.48,2
827,5,50,8.2,2
828,5,50,8.88,2
829,5,50,9.04,2
830,5,50,9.32,2
831,5,50,7.7,2
832,5,50,7.6,2
833,5,50,8.6,2
834,5,50,9.04,2
835,5,50,8.14,2
836,5,50,8.32,2
837,5,50,8.04,2
838,5,50,8.68,2
839,5,50,7.96,2
840,5,50,7.04,2
841,5,50,7.4,2
842,5,50,7.98,2
843,5,50,7.78,2
844,5,50,8.22,2
845,5,50,7.86,2
846,5,50,7.62,2
847,5,50,8.08,2
848,5,50,8.22,2
849,5,50,6.64,2
850,5,50,7.9,2
851,5,50,8.42,2
852,5,50,8.04,2
853,5,50,7.56,2
854,5,50,8.2,2
855,5,50,7.94,2
856,5,50,7.72,2
857,5,50,7.64,2
858,5,50,8.08,2
859,5,50,7.24,2
860,5,50,7.4,2
861,5,50,8.12,2
862,5,50,6.74,2
863,5,50,7.28,2
864,5,50,7.86,2
865,5,50,8.08,2
866,5,50,8.26,2
867,5,50,8.64,2
868,5,50,8.24,2
869,5,50,8.66,2
870,5,50,9.06,2
871,5,50,7.74,2
872,5,50,7.64,2
873,5,50,7.52,2
874,5,50,8.02,2
875,5,50,8.08,2
876,5,50,7.34,2
877,5,50,8.18,2
878,5,50,7.08,2
879,5,50,8.66,2
880,5,50,7.5,2
881,5,50,8.96,2
882,5,50,7.76,2
883,5,50,8.5,2
884,5,50,8.8,2
885,5,50,8.12,2
886,5,50,7.92,2
887,5,50,6.94,2
888,5,50,7.54,2
889,5,50,8.16,2
890,5,50,7.92,2
891,5,50,7.64,2
892,5,50,7.56,2
893,5,50,8.54,2
894,5,50,7.84,2
895,5,50,7.72,2
896,5,50,8.1,2
897,5,50,7.56,2
898,5,50,8.78,2
899,5,50,7.94,2
900,5,50,8.0,2
901,5,50,7.36,2
902,5,50,8.52,2
903,5,50,9.02,2
904,5,50,7.96,2
905,5,50,7.68,2
906,5,50,8.58,2
907,5,50,7.88,2
908,5,50,7.82,2
909,5,50,7.76,2
910,5,50,8.06,2
911,5,50,8.1,2
912,5,50,7.72,2
913,5,50,8.5,2
914,5,50,8.44,2
915,5,50,8.08,2
916,5,50,7.86,2
917,5,50,7.98,2
918,5,50,7.6,2
919,5,50,7.34,2
920,5,50,7.86,2
921,5,50,7.7,2
922,5,50,7.84,2
923,5,50,7.26,2
924,5,50,8.3,2
925,5,50,8.24,2
926,5,50,7.5,2
927,5,50,6.98,2
928,5,50,7.82,2
929,5,50,7.7,2
930,5,50,7.32,2
931,5,50,8.4,2
932,5,50,8.68,2
933,5,50,7.26,2
934,5,50,8.9,2
935,5,50,7.84,2
936,5,50,8.2,2
937,5,50,6.78,2
938,5,50,7.7,2
939,5,50,7.3,2
940,5,50,8.82,2
941,5,50,8.24,2
942,5,50,8.3,2
943,5,50,8.32,2
944,5,50,8.34,2
945,5,50,7.42,2
946,5,50,7.74,2
947,5,50,7.88,2
948,5,50,8.32,2
949,5,50,8.44,2
950,5,50,8.0,2
951,5,50,8.62,2
952,5,50,7.86,2
953,5,50,7.98,2
954,5,50,7.48,2
955,5,50,7.58,2
956,5,50,8.08,2
957,5,50,8.94,2
958,5,50,8.36,2
959,5,50,7.78,2
960,5,50,7.52,2
961,5,50,8.82,2
962,5,50,9.08,2
963,5,50,7.18,2
964,5,50,7.08,2
965,5,50,7.66,2
966,5,50,7.44,2
967,5,50,7.2,2
968,5,50,8.4,2
969,5,50,7.74,2
970,5,50,8.88,2
971,5,50,8.38,2
972,5,50,7.7,2
973,5,50,7.74,2
974,5,50,8.96,2
975,5,50,7.92,2
976,5,50,8.4,2
977,5,50,8.72,2
978,5,50,8.84,2
979,5,50,8.18,2
980,5,50,7.82,2
981,5,50,7.3,2
982,5,50,7.52,2
983,5,50,7.26,2
984,5,50,8.6,2
985,5,50,8.12,2
986,5,50,7.34,2
987,5,50,8.02,2
988,5,50,8.18,2
989,5,50,7.56,2
990,5,50,9.18,2
991,5,50,7.68,2
992,5,50,7.16,2
993,5,50,7.98,2
994,5,50,7.32,2
995,5,50,8.94,2
996,5,50,7.26,2
997,5,50,7.28,2
998,5,50,8.08,2
999,5,50,7.8,2
1000,5,50,8.82,2
1001,5,50,8.8,2
1002,5,50,7.96,2
1003,5,50,8.04,2
1004,5,50,7.66,2
1005,5,50,8.0,2
1006,5,50,9.48,2
1007,5,50,7.62,2
1008,5,50,8.64,2
1009,5,50,7.32,2
1010,5,50,7.42,2
1011,5,50,7.34,2
1012,5,50,8.46,2
1013,5,50,8.32,2
1014,5,50,8.7,2
1015,5,50,8.54,2
1016,5,50,8.02,2
1017,5,50,8.24,2
1018,5,50,7.64,2
1019,5,50,7.44,2
1020,5,50,7.12,2
1021,5,50,7.84,2
1022,5,50,8.96,2
1023,5,50,7.96,2
1024,5,50,9.38,2
1025,5,50,9.42,2
1026,5,50,8.54,2
1027,5,50,8.48,2
1028,5,50,7.78,2
1029,5,50,8.08,2
1030,5,50,8.5,2
1031,5,50,7.76,2
1032,5,50,7.98,2
1033,5,50,8.7,2
1034,5,50,7.46,2
1035,5,50,7.98,2
1036,5,50,8.16,2
1037,5,50,7.98,2
1038,5,50,7.54,2
1039,5,50,7.72,2
1040,5,50,6.92,2
1041,5,50,7.0,2
1042,5,50,8.44,2
1043,5,50,8.24,2
1044,5,50,8.08,2
1045,5,50,8.7,2
1046,5,50,7.74,2
1047,5,50,8.62,2
1048,5,50,7.92,2
1049,5,50,7.48,2
1050,5,50,7.64,2
1051,5,50,7.04,2
1052,5,50,8.56,2
1053,5,50,7.92,2
1054,5,50,7.26,2
1055,5,50,6.92,2
1056,5,50,7.1,2
1057,5,50,6.82,2
1058,5,50,7.86,2
1059,5,50,7.78,2
1060,5,50,7.66,2
1061,5,50,7.44,2
1062,5,50,7.78,2
1063,5,50,6.94,2
1064,5,50,7.6,2
1065,5,50,7.54,2
1066,5,50,8.58,2
1067,5,50,8.34,2
1068,5,50,7.76,2
1069,5,50,6.98,2
1070,5,50,7.84,2
1071,5,50,6.92,2
1072,5,50,7.42,2
1073,5,50,7.74,2
1074,5,50,7.36,2
1075,5,50,8.0,2
1076,5,50,8.3,2
1077,5,50,8.54,2
1078,5,50,8.36,2
1079,5,50,7.48,2
1080,5,50,6.68,2
1081,5,50,7.38,2
1082,5,50,8.54,2
1083,5,50,7.74,2
1084,5,50,7.34,2
1085,5,50,7.42,2
1086,5,50,7.64,2
1087,5,50,8.06,2
1088,5,50,6.78,2
1089,5,50,7.24,2
1090,5,50,7.72,2
1091,5,50,7.8,2
1092,5,50,7.16,2
1093,5,50,7.96,2
1094,5,50,8.48,2
1095,5,50,8.0,2
1096,5,50,8.26,2
1097,5,50,7.56,2
1098,5,50,7.68,2
1099,5,50,7.84,2
1100,5,50,7.74,2
1101,5,50,7.64,2
1102,5,50,8.04,2
1103,5,50,6.48,2
1104,5,50,7.4,2
1105,5,50,7.66,2
1106,5,50,7.42,2
1107,5,50,7.76,2
1108,5,50,7.3,2
1109,5,50,7.32,2
1110,5,50,7.34,2
1111,5,50,7.5,2
1112,5,50,6.92,2
1113,5,50,7.78,2
1114,5,50,7.5,2
1115,5,50,7.62,2
1116,5,50,6.98,2
1117,5,50,7.94,2
1118,5,50,8.34,2
1119,5,50,7.08,2
1120,5,50,7.24,2
1121,5,50,8.32,2
1122,5,50,8.26,2
1123,5,50,8.38,2
1124,5,50,8.84,2
1125,5,50,7.46,2
1126,5,50,8.6,2
1127,5,50,8.44,2
1128,5,50,8.04,2
1129,5,50,7.48,2
1130,5,50,7.46,2
1131,5,50,7.74,2
1132,5,50,8.06,2
1133,5,50,8.32,2
1134,5,50,8.92,2
1135,5,50,8.42,2
1136,5,50,8.4,2
1137,5,50,9.08,2
1138,5,50,7.82,2
1139,5,50,8.08,2
1140,5,50,8.02,2
1141,5,50,8.44,2
1142,5,50,8.92,2
1143,5,50,7.84,2
1144,5,50,7.42,2
1145,5,50,8.02,2
1146,5,50,6.72,2
1147,5,50,7.86,2
1148,5,50,7.7,2
1149,5,50,7.28,2
1150,5,50,8.68,2
1151,5,50,7.78,2
1152,5,50,8.72,2
1153,5,50,7.9,2
1154,5,50,8.1,2
1155,5,50,7.78,2
1156,5,50,8.24,2
1157,5,50,7.64,2
1158,5,50,8.84,2
1159,5,50,8.22,2
1160,5,50,7.8,2
1161,5,50,7.82,2
1162,5,50,7.82,2
1163,5,50,8.62,2
1164,5,50,9.26,2
1165,5,50,7.0,2
1166,5,50,8.5,2
1167,5,50,9.1,2
1168,5,50,7.94,2
1169,5,50,7.82,2
1170,5,50,8.48,2
1171,5,50,6.88,2
1172,5,50,7.46,2
1173,5,50,7.58,2
1174,5,50,7.8,2
1175,5,50,7.82,2
1176,5,50,7.48,2
1177,5,50,7.88,2
1178,5,50,8.38,2
1179,5,50,8.54,2
1180,5,50,8.8,2
1181,5,50,8.54,2
1182,5,50,8.1,2
1183,5,50,7.54,2
1184,5,50,8.6,2
1185,5,50,7.28,2
1186,5,50,6.96,2
1187,5,50,7.48,2
1188,5,50,8.0,2
1189,5,50,7.68,2
1190,5,50,7.88,2
1191,5,50,8.68,2
1192,5,50,7.48,2
1193,5,50,7.88,2
1194,5,50,7.76,2
1195,5,50,7.22,2
1196,5,50,7.92,2
1197,5,50,8.12,2
1198,5,50,7.92,2
1199,5,50,9.0,2
1200,5,50,8.14,2
1201,5,50,7.16,2
1202,5,50,7.08,2
1203,5,50,7.4,2
1204,5,50,7.72,2
1205,5,50,6.98,2
1206,5,50,7.74,2
1207,5,50,7.54,2
1208,5,50,8.22,2
1209,5,50,8.5,2
1210,5,50,7.28,2
1211,5,50,8.32,2
1212,5,50,7.88,2
1213,5,50,8.36,2
1214,5,50,8.02,2
1215,5,50,7.74,2
1216,5,50,8.06,2
1217,5,50,7.44,2
1218,5,50,8.24,2
1219,5,50,8.3,2
1220,5,50,8.5,2
1221,5,50,8.18,2
1222,5,50,7.0,2
1223,5,50,7.54,2
1224,5,50,8.3,2
1225,5,50,7.72,2
1226,5,50,8.14,2
1227,5,50,8.52,2
1228,5,50,7.9,2
1229,5,50,7.4,2
1230,5,50,7.46,2
1231,5,50,7.26,2
1232,5,50,7.82,2
1233,5,50,8.7,2
1234,5,50,8.48,2
1235,5,50,8.0,2
1236,5,50,7.54,2
1237,5,50,7.26,2
1238,5,50,7.06,2
1239,5,50,7.56,2
1240,5,50,7.7,2
1241,5,50,8.4,2
1242,5,50,7.8,2
1243,5,50,7.42,2
1244,5,50,7.38,2
1245,5,50,7.96,2
1246,5,50,8.42,2
1247,5,50,7.94,2
1248,5,50,7.82,2
1249,5,50,9.06,2
1250,5,50,7.86,2
1251,5,50,7.9,2
1252,5,50,7.88,2
1253,5,50,7.86,2
1254,5,50,8.54,2
1255,5,50,8.34,2
1256,5,50,8.7,2
1257,5,50,8.44,2
1258,5,50,8.14,2
1259,5,50,8.0,2
1260,5,50,9.08,2
1261,5,50,8.04,2
1262,5,50,9.44,2
1263,5,50,8.68,2
1264,5,50,7.56,2
1265,5,50,7.54,2
1266,5,50,7.92,2
1267,5,50,8.06,2
1268,5,50,7.64,2
1269,5,50,7.14,2
1270,5,50,8.3,2
1271,5,50,8.56,2
1272,5,50,7.94,2
1273,5,50,8.62,2
1274,5,50,8.38,2
1275,5,50,8.28,2
1276,5,50,8.3,2
1277,5,50,7.62,2
1278,5,50,7.56,2
1279,5,50,7.32,2
1280,5,50,8.66,2
1281,5,50,8.02,2
1282,5,50,6.92,2
1283,5,50,7.1,2
1284,5,50,7.3,2
1285,5,50,8.12,2
1286,5,50,8.12,2
1287,5,50,8.4,2
1288,5,50,7.74,2
1289,5,50,8.02,2
1290,5,50,7.98,2
1291,5,50,8.46,2
1292,5,50,7.58,2
1293,5,50,8.12,2
1294,5,50,7.36,2
1295,5,50,8.04,2
1296,5,50,7.58,2
1297,5,50,7.6,2
1298,5,50,7.34,2
1299,5,50,7.38,2
1300,5,50,7.54,2
1301,5,50,7.66,2
1302,5,50,8.4,2
1303,5,50,7.98,2
1304,5,50,8.18,2
1305,5,50,6.82,2
1306,5,50,7.5,2
1307,5,50,7.96,2
1308,5,50,7.7,2
1309,5,50,7.82,2
1310,5,50,7.52,2
1311,5,50,8.22,2
1312,5,50,7.72,2
1313,5,50,7.9,2
1314,5,50,8.72,2
1315,5,50,8.5,2
1316,5,50,6.74,2
1317,5,50,6.64,2
1318,5,50,7.46,2
1319,5,50,6.84,2
1320,5,50,7.62,2
1321,5,50,7.9,2
1322,5,50,7.94,2
1323,5,50,8.18,2
1324,5,50,8.16,2
1325,5,50,7.42,2
1326,5,50,8.28,2
1327,5,50,7.9,2
1328,5,50,7.3,1
1329,5,50,7.92,1
1330,5,50,6.34,1
1331,5,50,7.04,1
1332,5,50,6.82,1
1333,5,50,6.16,1
1334,5,50,6.64,1
1335,5,50,7.12,1
1336,5,50,8.4,1
1337,5,50,6.46,1
1338,5,50,6.94,1
1339,5,50,7.12,1
1340,5,50,6.92,1
1341,5,50,7.8,1
1342,5,50,7.1,1
1343,5,50,6.4,1
1344,5,50,7.1,1
1345,5,50,6.72,1
1346,5,50,7.14,1
1347,5,50,6.92,1
1348,5,50,6.66,1
1349,5,50,6.08,1
1350,5,50,6.58,1
1351,5,50,7.04,1
1352,5,50,6.62,1
1353,5,50,7.46,1
1354,5,50,7.32,1
1355,5,50,6.2,1
1356,5,50,6.08,1
1357,5,50,6.56,1
1358,5,50,6.88,1
1359,5,50,7.3,1
1360,5,50,7.62,1
1361,5,50,8.08,1
1362,5,50,6.72,1
1363,5,50,7.78,1
1364,5,50,6.9,1
1365,5,50,6.16,1
1366,5,50,6.82,1
1367,5,50,7.18,1
1368,5,50,6.88,1
1369,5,50,7.64,1
1370,5,50,6.94,1
1371,5,50,6.72,1
1372,5,50,7.6,1
1373,5,50,5.92,1
1374,5,50,8.12,1
1375,5,50,8.24,1
1376,5,50,7.12,1
1377,5,50,8.12,1
1378,5,50,7.5,1
1379,5,50,8.08,1
1380,5,50,6.36,1
1381,5,50,6.2,1
1382,5,50,7.84,1
1383,5,50,7.16,1
1384,5,50,6.02,1
1385,5,50,7.7,1
1386,5,50,7.26,1
1387,5,50,6.38,1
1388,5,50,7.02,1
1389,5,50,7.88,1
1390,5,50,6.46,1
1391,5,50,7.12,1
1392,5,50,7.12,1
1393,5,50,6.6,1
1394,5,50,7.2,1
1395,5,50,7.36,1
1396,5,50,7.06,1
1397,5,50,6.7,1
1398,5,50,6.56,1
1399,5,50,6.84,1
1400,5,50,6.8,1
1401,5,50,6.56,1
1402,5,50,7.2,1
1403,5,50,7.22,1
1404,5,50,7.92,1
1405,5,50,6.3,1
1406,5,50,6.9,1
1407,5,50,7.4,1
1408,5,50,6.88,1
1409,5,50,6.94,1
1410,5,50,7.38,1
1411,5,50,7.2,1
1412,5,50,6.84,1
1413,5,50,7.64,1
1414,5,50,7.36,1
1415,5,50,7.06,1
1416,5,50,6.64,1
1417,5,50,6.16,1
1418,5,50,6.42,1
1419,5,50,7.92,1
1420,5,50,7.6,1
1421,5,50,6.18,1
1422,5,50,6.56,1
1423,5,50,6.86,1
1424,5,50,6.62,1
1425,5,50,7.38,1
1426,5,50,7.66,1
1427,5,50,6.6,1
1428,5,50,6.12,1
1429,5,50,6.54,1
1430,5,50,7.48,1
1431,5,50,7.64,1
1432,5,50,7.24,1
1433,5,50,6.2,1
1434,5,50,6.6,1
1435,5,50,6.74,1
1436,5,50,6.9,1
1437,5,50,6.56,1
1438,5,50,6.98,1
1439,5,50,7.82,1
1440,5,50,6.16,1
1441,5,50,7.08,1
1442,5,50,6.78,1
1443,5,50,6.98,1
1444,5,50,7.14,1
1445,5,50,7.68,1
1446,5,50,7.56,1
1447,5,50,7.4,1
1448,5,50,6.26,1
1449,5,50,6.76,1
1450,5,50,6.8,1
1451,5,50,7.8,1
1452,5,50,6.8,1
1453,5,50,7.2,1
1454,5,50,6.02,1
1455,5,50,7.74,1
1456,5,50,6.26,1
1457,5,50,6.72,1
1458,5,50,7.02,1
1459,5,50,7.48,1
1460,5,50,7.14,1
1461,5,50,7.48,1
1462,5,50,7.36,1
1463,5,50,7.52,1
1464,5,50,8.04,1
1465,5,50,8.34,1
1466,5,50,7.7,1
1467,5,50,7.52,1
1468,5,50,8.02,1
1469,5,50,6.26,1
1470,5,50,7.26,1
1471,5,50,6.64,1
1472,5,50,7.08,1
1473,5,50,7.18,1
1474,5,50,6.8,1
1475,5,50,6.46,1
1476,5,50,7.06,1
1477,5,50,7.24,1
1478,5,50,7.38,1
1479,5,50,6.7,1
1480,5,50,6.06,1
1481,5,50,7.32,1
1482,5,50,6.68,1
1483,5,50,7.52,1
1484,5,50,8.14,1
1485,5,50,8.18,1
1486,5,50,7.94,1
1487,5,50,6.88,1
1488,5,50,6.88,1
1489,5,50,6.22,1
1490,5,50,7.0,1
1491,5,50,7.6,1
1492,5,50,7.04,1
1493,5,50,6.14,1
1494,5,50,7.66,1
1495,5,50,7.54,1
1496,5,50,7.16,1
1497,5,50,7.04,1
1498,5,50,6.74,1
1499,5,50,7.56,1
1500,5,50,6.54,1
1501,5,50,6.84,1
1502,5,50,7.28,1
1503,5,50,7.76,1
1504,5,50,7.1,1
1505,5,50,7.76,1
1506,5,50,6.58,1
1507,5,50,6.26,1
1508,5,50,7.42,1
1509,5,50,6.94,1
1510,5,50,6.66,1
1511,5,50,5.94,1
1512,5,50,6.06,1
1513,5,50,6.62,1
1514,5,50,6.34,1
1515,5,50,6.44,1
1516,5,50,5.9,1
1517,5,50,7.32,1
1518,5,50,6.66,1
1519,5,50,6.56,1
1520,5,50,6.02,1
1521,5,50,7.58,1
1522,5,50,6.8,1
1523,5,50,6.46,1
1524,5,50,7.1,1
1525,5,50,6.92,1
1526,5,50,6.5,1
1527,5,50,7.5,1
1528,5,50,7.02,1
1529,5,50,7.24,1
1530,5,50,7.22,1
1531,5,50,7.72,1
1532,5,50,7.58,1
1533,5,50,7.48,1
1534,5,50,6.76,1
1535,5,50,7.3,1
1536,5,50,7.3,1
1537,5,50,6.52,1
1538,5,50,7.08,1
1539,5,50,6.72,1
1540,5,50,7.66,1
1541,5,50,8.04,1
1542,5,50,7.54,1
1543,5,50,6.42,1
1544,5,50,7.44,1
1545,5,50,6.8,1
1546,5,50,6.82,1
1547,5,50,8.28,1
1548,5,50,8.46,1
1549,5,50,7.4,1
1550,5,50,7.18,1
1551,5,50,7.1,1
1552,5,50,8.5,1
1553,5,50,7.42,1
1554,5,50,6.52,1
1555,5,50,7.0,1
1556,5,50,7.22,1
1557,5,50,6.86,1
1558,5,50,6.02,1
1559,5,50,7.22,1
1560,5,50,7.06,1
1561,5,50,7.0,1
1562,5,50,5.78,1
1563,5,50,6.76,1
1564,5,50,6.72,1
1565,5,50,7.16,1
1566,5,50,6.46,1
1567,5,50,6.58,1
1568,5,50,7.28,1
1569,5,50,6.78,1
1570,5,50,6.42,1
1571,5,50,6.7,1
1572,5,50,6.36,1
1573,5,50,5.8,1
1574,5,50,6.5,1
1575,5,50,7.8,1
1576,5,50,7.56,1
1577,5,50,7.74,1
1578,5,50,7.62,1
1579,5,50,6.34,1
1580,5,50,6.32,1
1581,5,50,7.3,1
1582,5,50,6.88,1
1583,5,50,6.2,1
1584,5,50,6.6,1
1585,5,50,6.38,1
1586,5,50,7.1,1
1587,5,50,7.44,1
1588,5,50,8.1,1
1589,5,50,8.62,1
1590,5,50,7.0,1
1591,5,50,5.74,1
1592,5,50,7.04,1
1593,5,50,6.64,1
1594,5,50,6.64,1
1595,5,50,7.36,1
1596,5,50,6.7,1
1597,5,50,7.96,1
1598,5,50,6.76,1
1599,5,50,6.96,1
1600,5,50,7.58,1
1601,5,50,7.64,1
1602,5,50,7.84,1
1603,5,50,7.3,1
1604,5,50,6.34,1
1605,5,50,7.08,1
1606,5,50,6.78,1
1607,5,50,7.18,1
1608,5,50,6.2,1
1609,5,50,7.78,1
1610,5,50,7.44,1
1611,5,50,6.96,1
1612,5,50,7.28,1
1613,5,50,8.04,1
1614,5,50,8.6,1
1615,5,50,7.38,1
1616,5,50,6.8,1
1617,5,50,8.04,1
1618,5,50,6.96,1
1619,5,50,7.22,1
1620,5,50,7.18,1
1621,5,50,7.22,1
1622,5,50,6.04,1
1623,5,50,7.06,1
1624,5,50,6.12,1
1625,5,50,7.26,1
1626,5,50,6.3,1
1627,5,50,7.02,1
1628,5,50,7.42,1
1629,5,50,7.58,1
1630,5,50,6.94,1
1631,5,50,6.76,1
1632,5,50,6.92,1
1633,5,50,7.26,1
1634,5,50,6.48,1
1635,5,50,6.74,1
1636,5,50,7.04,1
1637,5,50,7.46,1
1638,5,50,7.26,1
1639,5,50,7.2,1
1640,5,50,6.66,1
1641,5,50,7.3,1
1642,5,50,7.42,1
1643,5,50,7.4,1
1644,5,50,7.0,1
1645,5,50,7.3,1
1646,5,50,6.38,1
1647,5,50,6.64,1
1648,5,50,7.3,1
1649,5,50,7.06,1
1650,5,50,7.0,1
1651,5,50,6.36,1
1652,5,50,7.24,1
1653,5,50,5.84,1
1654,5,50,6.88,1
1655,5,50,6.08,1
1656,5,50,6.32,1
1657,5,50,6.48,1
1658,5,50,5.88,1
1659,5,50,6.76,1
1660,5,50,6.74,1
1661,5,50,6.02,1
1662,5,50,6.6,1
1663,5,50,6.68,1
1664,5,50,6.64,1
1665,5,50,7.3,1
1666,5,50,6.86,1
1667,5,50,6.8,1
1668,5,50,6.66,1
1669,5,50,6.96,1
1670,5,50,7.1,1
1671,5,50,7.84,1
1672,5,50,7.62,1
1673,5,50,7.24,1
1674,5,50,6.52,1
1675,5,50,7.76,1
1676,5,50,7.32,1
1677,5,50,6.92,1
1678,5,50,7.44,1
1679,5,50,6.66,1
1680,5,50,6.94,1
1681,5,50,7.28,1
1682,5,50,7.46,1
1683,5,50,6.92,1
1684,5,50,6.04,1
1685,5,50,6.82,1
1686,5,50,7.54,1
1687,5,50,7.74,1
1688,5,50,7.42,1
1689,5,50,7.62,1
1690,5,50,7.98,1
1691,5,50,7.6,1
1692,5,50,7.18,1
1693,5,50,7.5,1
1694,5,50,7.88,1
1695,5,50,7.46,1
1696,5,50,7.06,1
1697,5,50,7.74,1
1698,5,50,6.84,1
1699,5,50,6.46,1
1700,5,50,6.7,1
1701,5,50,7.12,1
1702,5,50,8.0,1
1703,5,50,6.52,1
1704,5,50,6.9,1
1705,5,50,7.84,1
1706,5,50,7.24,1
1707,5,50,7.22,1
1708,5,50,7.52,1
1709,5,50,6.66,1
1710,5,50,6.08,1
1711,5,50,6.56,1
1712,5,50,7.3,1
1713,5,50,6.68,1
1714,5,50,6.5,1
1715,5,50,7.54,1
1716,5,50,6.66,1
1717,5,50,6.28,1
1718,5,50,7.72,1
1719,5,50,6.96,1
1720,5,50,7.66,1
1721,5,50,6.7,1
1722,5,50,6.96,1
1723,5,50,6.94,1
1724,5,50,6.02,1
1725,5,50,6.54,1
1726,5,50,7.52,1
1727,5,50,8.02,1
1728,5,50,8.9,1
1729,5,50,8.06,1
1730,5,50,7.34,1
1731,5,50,7.0,1
1732,5,50,7.1,1
1733,5,50,7.58,1
1734,5,50,7.14,1
1735,5,50,6.76,1
1736,5,50,7.24,1
1737,5,50,6.18,1
1738,5,50,7.04,1
1739,5,50,7.0,1
1740,5,50,6.02,1
1741,5,50,6.7,1
1742,5,50,6.28,1
1743,5,50,7.02,1
1744,5,50,7.24,1
1745,5,50,7.54,1
1746,5,50,6.9,1
1747,5,50,8.34,1
1748,5,50,6.78,1
1749,5,50,6.92,1
1750,5,50,6.78,1
1751,5,50,5.52,1
1752,5,50,7.64,1
1753,5,50,7.26,1
1754,5,50,6.88,1
1755,5,50,7.3,1
1756,5,50,6.62,1
1757,5,50,7.96,1
1758,5,50,6.84,1
1759,5,50,5.8,1
1760,5,50,7.24,1
1761,5,50,7.06,1
1762,5,50,7.66,1
1763,5,50,7.36,1
1764,5,50,7.06,1
1765,5,50,6.8,1
1766,5,50,6.96,1
1767,5,50,7.4,1
1768,5,50,7.72,1
1769,5,50,7.18,1
1770,5,50,6.6,1
1771,5,50,6.74,1
1772,5,50,7.58,1
1773,5,50,7.5,1
1774,5,50,7.86,1
1775,5,50,7.46,1
1776,5,50,7.98,1
1777,5,50,7.1,1
1778,5,50,7.58,1
1779,5,50,7.66,1
1780,5,50,7.7,1
1781,5,50,6.68,1
1782,5,50,5.72,1
1783,5,50,6.24,1
1784,5,50,5.58,1
1785,5,50,6.18,1
1786,5,50,6.68,1
1787,5,50,6.14,1
1788,5,50,6.38,1
1789,5,50,6.58,1
1790,5,50,7.06,1
1791,5,50,7.94,1
1792,5,50,7.88,1
1793,5,50,7.68,1
1794,5,50,7.76,1
1795,5,50,7.24,1
1796,5,50,7.16,1
1797,5,50,6.72,1
1798,5,50,7.38,1
1799,5,50,7.76,1
1800,5,50,7.04,1
1801,5,50,7.64,1
1802,5,50,7.54,1
1803,5,50,7.6,1
1804,5,50,5.54,1
1805,5,50,6.34,1
1806,5,50,6.44,1
1807,5,50,6.52,1
1808,5,50,7.68,1
1809,5,50,6.4,1
1810,5,50,6.88,1
1811,5,50,6.28,1
1812,5,50,6.24,1
1813,5,50,6.94,1
1814,5,50,6.78,1
1815,5,50,7.74,1
1816,5,50,7.52,1
1817,5,50,6.98,1
1818,5,50,6.52,1
1819,5,50,6.74,1
1820,5,50,6.68,1
1821,5,50,6.98,1
1822,5,50,6.8,1
1823,5,50,6.74,1
1824,5,50,7.94,1
1825,5,50,7.2,1
1826,5,50,7.42,1
1827,5,50,6.86,1
1828,5,50,6.58,1
1829,5,50,6.78,1
1830,5,50,7.54,1
1831,5,50,6.58,1
1832,5,50,6.44,1
1833,5,50,5.64,1
1834,5,50,7.54,1
1835,5,50,7.24,1
1836,5,50,6.86,1
1837,5,50,6.82,1
1838,5,50,6.58,1
1839,5,50,7.24,1
1840,5,50,7.42,1
1841,5,50,7.38,1
1842,5,50,7.66,1
1843,5,50,7.6,1
1844,5,50,6.0,1
1845,5,50,8.48,1
1846,5,50,7.62,1
1847,5,50,7.08,1
1848,5,50,7.06,1
1849,5,50,7.56,1
1850,5,50,6.24,1
1851,5,50,8.14,1
1852,5,50,6.46,1
1853,5,50,7.1,1
1854,5,50,6.9,1
1855,5,50,7.88,1
1856,5,50,7.88,1
1857,5,50,7.82,1
1858,5,50,6.88,1
1859,5,50,8.82,1
1860,5,50,7.38,1
1861,5,50,6.84,1
1862,5,50,6.92,1
1863,5,50,6.74,1
1864,5,50,5.96,1
1865,5,50,7.08,1
1866,5,50,6.42,1
1867,5,50,6.54,1
1868,5,50,7.56,1
1869,5,50,6.94,1
1870,5,50,7.18,1
1871,5,50,6.98,1
1872,5,50,6.86,1
1873,5,50,7.44,1
1874,5,50,6.76,1
1875,5,50,6.86,1
1876,5,50,6.4,1
1877,5,50,7.7,1
1878,5,50,6.76,1
1879,5,50,6.78,1
1880,5,50,8.08,1
1881,5,50,8.74,1
1882,5,50,8.68,1
1883,5,50,7.82,1
1884,5,50,7.08,1
1885,5,50,7.76,1
1886,5,50,7.14,1
1887,5,50,6.24,1
1888,5,50,6.58,1
1889,5,50,5.84,1
1890,5,50,6.86,1
1891,5,50,6.28,1
1892,5,50,6.76,1
1893,5,50,7.86,1
1894,5,50,6.92,1
1895,5,50,6.8,1
1896,5,50,7.38,1
1897,5,50,6.58,1
1898,5,50,7.94,1
1899,5,50,7.32,1
1900,5,50,6.42,1
1901,5,50,6.46,1
1902,5,50,7.16,1
1903,5,50,6.3,1
1904,5,50,6.88,1
1905,5,50,6.6,1
1906,5,50,6.24,1
1907,5,50,6.94,1
1908,5,50,7.3,1
1909,5,50,7.48,1
1910,5,50,7.38,1
1911,5,50,7.06,1
1912,5,50,7.48,1
1913,5,50,6.14,1
1914,5,50,6.54,1
1915,5,50,6.36,1
1916,5,50,6.96,1
1917,5,50,6.64,1
1918,5,50,6.54,1
1919,5,50,7.46,1
1920,5,50,6.6,1
1921,5,50,7.48,1
1922,5,50,6.82,1
1923,5,50,6.76,1
1924,5,50,6.54,1
1925,5,50,6.56,1
1926,5,50,6.96,1
1927,5,50,6.2,1
1928,5,50,6.82,1
1929,5,50,7.42,1
1930,5,50,7.16,1
1931,5,50,6.52,1
1932,5,50,6.34,1
1933,5,50,6.3,1
1934,5,50,7.54,1
1935,5,50,7.74,1
1936,5,50,7.86,1
1937,5,50,7.0,1
1938,5,50,8.1,1
1939,5,50,7.68,1
1940,5,50,6.88,1
1941,5,50,7.32,1
1942,5,50,6.72,1
1943,5,50,6.6,1
1944,5,50,6.86,1
1945,5,50,6.94,1
1946,5,50,7.56,1
1947,5,50,7.44,1
1948,5,50,7.1,1
1949,5,50,6.7,1
1950,5,50,5.98,1
1951,5,50,6.34,1
1952,5,50,6.78,1
1953,5,50,6.7,1
1954,5,50,6.76,1
1955,5,50,6.68,1
1956,5,50,6.94,1
1957,5,50,6.16,1
1958,5,50,6.58,1
1959,5,50,6.84,1
1960,5,50,6.96,1
1961,5,50,6.9,1
1962,5,50,6.16,1
1963,5,50,7.08,1
1964,5,50,7.1,1
1965,5,50,6.32,1
1966,5,50,7.06,1
1967,5,50,6.2,1
1968,5,50,5.56,1
1969,5,50,5.38,1
1970,5,50,5.58,1
1971,5,50,6.6,1
1972,5,50,7.7,1
1973,5,50,7.22,1
1974,5,50,7.94,1
1975,5,50,6.88,1
1976,5,50,6.28,1
1977,5,50,5.96,1
1978,5,50,6.52,1
1979,5,50,7.64,1
1980,5,50,6.82,1
1981,5,50,6.8,1
1982,5,50,7.38,1
1983,5,50,6.68,1
1984,5,50,7.06,1
1985,5,50,7.62,1
1986,5,50,7.44,1
1987,5,50,7.18,1
1988,5,50,7.8,1
1989,5,50,7.56,1
1990,5,50,7.64,1
1991,5,50,7.5,1
1992,5,50,7.84,1
1993,5,50,7.64,1
1994,5,50,8.24,1
1995,5,50,6.74,1
1996,5,50,6.4,1
1997,5,50,7.32,1
1998,5,50,8.0,1
1999,5,50,7.52,1
2000,5,50,7.94,1
0,1,100,57.15,28
1,1,100,39.77,27
2,1,100,30.56,25
3,1,100,28.91,23
4,1,100,27.32,22
5,1,100,25.67,21
6,1,100,25.52,19
7,1,100,22.92,19
8,1,100,22.82,17
9,1,100,21.22,17
10,1,100,21.1,17
11,1,100,20.89,17
12,1,100,21.05,17
13,1,100,20.83,16
14,1,100,20.62,15
15,1,100,19.86,14
16,1,100,18.68,13
17,1,100,17.66,13
18,1,100,17.56,12
19,1,100,17.38,12
20,1,100,17.02,12
21,1,100,17.23,12
22,1,100,16.51,12
23,1,100,16.29,12
24,1,100,16.5,12
25,1,100,16.26,12
26,1,100,16.84,12
27,1,100,17.27,12
28,1,100,16.46,11
29,1,100,15.74,11
30,1,100,15.27,11
31,1,100,15.94,10
32,1,100,15.37,10
33,1,100,15.04,9
34,1,100,13.82,8
35,1,100,13.29,8
36,1,100,12.66,7
37,1,100,12.02,7
38,1,100,12.01,7
39,1,100,12.39,7
40,1,100,12.41,7
41,1,100,11.92,7
42,1,100,11.87,7
43,1,100,11.78,7
44,1,100,11.92,6
45,1,100,11.23,6
46,1,100,11.09,6
47,1,100,11.25,6
48,1,100,11.49,6
49,1,100,11.36,6
50,1,100,11.58,6
51,1,100,11.4,6
52,1,100,11.67,6
53,1,100,11.85,6
54,1,100,10.96,6
55,1,100,11.75,6
56,1,100,11.08,6
57,1,100,11.0,6
58,1,100,10.94,5
59,1,100,10.77,5
60,1,100,10.87,5
61,1,100,10.35,5
62,1,100,10.8,5
63,1,100,10.61,5
64,1,100,10.7,5
65,1,100,10.88,5
66,1,100,10.12,5
67,1,100,10.52,5
68,1,100,10.65,5
69,1,100,10.42,5
70,1,100,9.97,5
71,1,100,10.49,5
72,1,100,9.84,5
73,1,100,10.39,5
74,1,100,11.17,5
75,1,100,9.61,5
76,1,100,10.96,5
77,1,100,10.34,5
78,1,100,10.64,5
79,1,100,9.78,4
80,1,100,9.93,4
81,1,100,9.76,4
82,1,100,9.89,4
83,1,100,9.1,4
84,1,100,9.45,4
85,1,100,10.08,4
86,1,100,9.71,4
87,1,100,9.22,4
88,1,100,9.17,3
89,1,100,8.72,3
90,1,100,8.29,3
91,1,100,8.27,3
92,1,100,8.79,3
93,1,100,8.53,3
94,1,100,8.35,3
95,1,100,8.94,3
96,1,100,8.57,3
97,1,100,9.22,3
98,1,100,8.21,3
99,1,100,8.7,3
100,1,100,8.24,3
101,1,100,8.37,3
102,1,100,8.71,3
103,1,100,8.6,3
104,1,100,8.78,3
105,1,100,8.53,3
106,1,100,8.42,3
107,1,100,8.2,3
108,1,100,8.68,3
109,1,100,8.08,3
110,1,100,8.86,3
111,1,100,8.29,3
112,1,100,8.32,3
113,1,100,8.37,3
114,1,100,8.64,3
115,1,100,9.08,3
116,1,100,8.49,3
117,1,100,9.28,3
118,1,100,8.17,3
119,1,100,8.54,3
120,1,100,8.71,3
121,1,100,8.79,3
122,1,100,8.85,3
123,1,100,8.56,3
124,1,100,8.94,3
125,1,100,8.43,3
126,1,100,8.26,3
127,1,100,8.48,3
128,1,100,8.62,3
129,1,100,8.6,3
130,1,100,8.23,3
131,1,100,8.09,3
132,1,100,8.68,3
133,1,100,8.84,3
134,1,100,8.67,3
135,1,100,9.75,3
136,1,100,8.67,3
137,1,100,8.42,3
138,1,100,8.67,3
139,1,100,9.0,3
140,1,100,8.54,3
141,1,100,8.51,3
142,1,100,8.69,3
143,1,100,8.12,3
144,1,100,8.3,3
145,1,100,8.27,3
146,1,100,8.34,3
147,1,100,8.74,3
148,1,100,8.38,3
149,1,100,8.58,3
150,1,100,8.12,3
151,1,100,8.09,3
152,1,100,8.9,3
153,1,100,8.74,3
154,1,100,8.03,3
155,1,100,8.48,3
156,1,100,8.33,3
157,1,100,8.47,3
158,1,100,8.93,3
159,1,100,8.46,3
160,1,100,8.34,3
161,1,100,8.27,3
162,1,100,8.74,3
163,1,100,8.67,3
164,1,100,8.03,3
165,1,100,8.45,3
166,1,100,8.28,3
167,1,100,8.32,3
168,1,100,8.75,3
169,1,100,8.55,3
170,1,100,9.72,3
171,1,100,8.7,3
172,1,100,8.26,3
173,1,100,7.84,3
174,1,100,8.67,3
175,1,100,8.29,3
176,1,100,8.21,3
177,1,100,8.72,3
178,1,100,8.74,3
179,1,100,8.71,3
180,1,100,8.77,3
181,1,100,8.15,3
182,1,100,8.63,3
183,1,100,7.71,3
184,1,100,9.0,3
185,1,100,8.39,3
186,1,100,8.83,3
187,1,100,9.5,3
188,1,100,8.71,3
189,1,100,9.16,3
190,1,100,8.61,3
191,1,100,9.1,2
192,1,100,8.81,2
193,1,100,7.98,2
194,1,100,8.15,2
195,1,100,7.5,2
196,1,100,7.29,2
197,1,100,8.11,2
198,1,100,8.25,2
199,1,100,7.96,2
200,1,100,7.69,2
201,1,100,7.28,2
202,1,100,7.29,2
203,1,100,7.69,2
204,1,100,7.55,2
205,1,100,7.51,2
206,1,100,7.68,2
207,1,100,7.94,2
208,1,100,7.63,2
209,1,100,7.83,2
210,1,100,7.46,2
211,1,100,7.43,2
212,1,100,7.61,2
213,1,100,7.6,2
214,1,100,6.99,2
215,1,100,7.4,2
216,1,100,7.85,2
217,1,100,7.88,2
218,1,100,7.51,2
219,1,100,7.78,2
220,1,100,7.63,2
221,1,100,7.76,2
222,1,100,8.09,2
223,1,100,7.86,2
224,1,100,7.92,2
225,1,100,7.44,2
226,1,100,7.57,2
227,1,100,7.23,2
228,1,100,7.33,2
229,1,100,7.87,2
230,1,100,7.85,2
231,1,100,8.02,2
232,1,100,7.43,2
233,1,100,7.9,2
234,1,100,7.02,2
235,1,100,7.79,2
236,1,100,7.25,2
237,1,100,7.27,2
238,1,100,7.31,2
239,1,100,7.37,2
240,1,100,7.09,2
241,1,100,7.36,2
242,1,100,7.74,2
243,1,100,7.78,2
244,1,100,7.9,2
245,1,100,7.6,2
246,1,100,8.5,2
247,1,100,6.71,2
248,1,100,7.82,2
249,1,100,8.15,2
250,1,100,8.0,2
251,1,100,7.79,2
252,1,100,7.4,2
253,1,100,8.19,2
254,1,100,7.42,2
255,1,100,7.32,2
256,1,100,7.75,2
257,1,100,8.04,2
258,1,100,7.75,2
259,1,100,8.34,2
260,1,100,7.9,2
261,1,100,7.83,2
262,1,100,7.56,2
263,1,100,7.23,2
264,1,100,7.63,2
265,1,100,8.0,2
266,1,100,7.83,2
267,1,100,7.37,2
268,1,100,6.62,2
269,1,100,6.87,2
270,1,100,7.98,2
271,1,100,7.42,2
272,1,100,7.49,2
273,1,100,7.15,2
274,1,100,7.42,2
275,1,100,7.55,2
276,1,100,7.52,2
277,1,100,7.39,2
278,1,100,7.56,2
279,1,100,7.81,2
280,1,100,7.19,2
281,1,100,8.03,2
282,1,100,7.48,2
283,1,100,7.99,2
284,1,100,7.66,2
285,1,100,7.7,2
286,1,100,7.79,2
287,1,100,7.17,2
288,1,100,8.2,2
289,1,100,7.87,2
290,1,100,7.26,2
291,1,100,7.42,2
292,1,100,7.84,2
293,1,100,7.96,2
294,1,100,7.7,2
295,1,100,7.18,2
296,1,100,7.45,2
297,1,100,7.58,2
298,1,100,7.26,2
299,1,100,7.1,2
300,1,100,7.03,2
301,1,100,7.34,2
302,1,100,7.35,2
303,1,100,7.56,2
304,1,100,7.31,2
305,1,100,7.6,2
306,1,100,7.52,2
307,1,100,7.56,2
308,1,100,7.46,2
309,1,100,7.97,2
310,1,100,7.88,2
311,1,100,8.19,2
312,1,100,7.74,2
313,1,100,7.94,2
314,1,100,7.26,2
315,1,100,7.17,2
316,1,100,7.36,2
317,1,100,8.16,2
318,1,100,6.76,2
319,1,100,7.32,2
320,1,100,7.11,2
321,1,100,7.66,2
322,1,100,7.64,2
323,1,100,7.81,2
324,1,100,7.84,2
325,1,100,6.47,2
326,1,100,7.35,2
327,1,100,7.9,2
328,1,100,7.63,2
329,1,100,7.57,2
330,1,100,7.61,2
331,1,100,7.53,2
332,1,100,8.25,2
333,1,100,7.69,2
334,1,100,7.15,2
335,1,100,6.74,2
336,1,100,7.75,2
337,1,100,7.63,2
338,1,100,8.0,2
339,1,100,7.22,2
340,1,100,7.47,2
341,1,100,8.27,2
342,1,100,7.06,2
343,1,100,7.39,2
344,1,100,7.64,2
345,1,100,8.02,2
346,1,100,7.23,2
347,1,100,7.36,2
348,1,100,7.27,2
349,1,100,8.16,2
350,1,100,7.74,2
351,1,100,7.26,2
352,1,100,7.21,2
353,1,100,8.32,2
354,1,100,7.91,2
355,1,100,7.88,2
356,1,100,8.41,2
357,1,100,7.42,2
358,1,100,7.68,2
359,1,100,6.64,2
360,1,100,6.97,2
361,1,100,7.7,2
362,1,100,8.1,2
363,1,100,8.17,2
364,1,100,7.88,2
365,1,100,6.86,2
366,1,100,7.36,2
367,1,100,7.62,2
368,1,100,7.41,2
369,1,100,8.16,2
370,1,100,6.9,2
371,1,100,7.65,2
372,1,100,7.95,2
373,1,100,7.31,2
374,1,100,7.84,2
375,1,100,7.74,2
376,1,100,7.85,2
377,1,100,7.37,2
378,1,100,7.68,2
379,1,100,7.13,2
380,1,100,7.59,2
381,1,100,7.78,2
382,1,100,7.58,2
383,1,100,7.7,2
384,1,100,6.84,2
385,1,100,7.75,2
386,1,100,7.6,2
387,1,100,7.5,2
388,1,100,7.26,2
389,1,100,7.51,2
390,1,100,7.32,2
391,1,100,7.66,2
392,1,100,7.67,2
393,1,100,7.45,2
394,1,100,7.71,2
395,1,100,7.09,2
396,1,100,7.97,2
397,1,100,8.27,2
398,1,100,7.63,2
399,1,100,8.2,2
400,1,100,7.69,2
401,1,100,6.59,2
402,1,100,7.58,2
403,1,100,7.75,2
404,1,100,7.64,2
405,1,100,8.15,2
406,1,100,7.98,2
407,1,100,7.75,2
408,1,100,7.8,2
409,1,100,7.95,2
410,1,100,7.51,2
411,1,100,7.74,2
412,1,100,6.94,2
413,1,100,7.78,2
414,1,100,7.88,2
415,1,100,7.74,2
416,1,100,7.89,2
417,1,100,7.79,2
418,1,100,8.15,2
419,1,100,7.98,2
420,1,100,7.39,2
421,1,100,7.21,2
422,1,100,6.96,2
423,1,100,7.07,2
424,1,100,7.34,2
425,1,100,7.66,2
426,1,100,6.85,2
427,1,100,7.46,2
428,1,100,7.36,2
429,1,100,6.96,2
430,1,100,7.42,2
431,1,100,6.59,2
432,1,100,7.59,2
433,1,100,7.67,2
434,1,100,7.53,2
435,1,100,7.97,2
436,1,100,7.68,2
437,1,100,7.83,2
438,1,100,7.03,2
439,1,100,7.45,2
440,1,100,7.58,2
441,1,100,8.22,2
442,1,100,7.68,2
443,1,100,8.06,2
444,1,100,8.05,2
445,1,100,7.39,2
446,1,100,7.38,2
447,1,100,7.62,2
448,1,100,7.29,2
449,1,100,7.26,2
450,1,100,7.68,2
451,1,100,7.79,2
452,1,100,7.8,2
453,1,100,7.56,2
454,1,100,7.85,2
455,1,100,8.04,2
456,1,100,7.77,2
457,1,100,7.66,2
458,1,100,7.52,2
459,1,100,7.67,2
460,1,100,7.92,2
461,1,100,7.58,2
462,1,100,7.5,2
463,1,100,8.43,2
464,1,100,7.89,2
465,1,100,7.56,2
466,1,100,7.98,2
467,1,100,8.12,2
468,1,100,7.72,2
469,1,100,7.85,2
470,1,100,7.57,2
471,1,100,7.66,2
472,1,100,7.19,2
473,1,100,7.29,2
474,1,100,8.33,2
475,1,100,7.7,2
476,1,100,8.07,2
477,1,100,7.69,2
478,1,100,7.48,2
479,1,100,6.83,2
480,1,100,7.45,2
481,1,100,7.75,2
482,1,100,7.49,2
483,1,100,8.03,2
484,1,100,7.54,2
485,1,100,7.9,2
486,1,100,7.59,2
487,1,100,7.59,2
488,1,100,7.76,2
489,1,100,8.15,2
490,1,100,7.7,2
491,1,100,7.52,2
492,1,100,7.21,2
493,1,100,8.1,2
494,1,100,7.5,2
495,1,100,7.5,2
496,1,100,8.34,2
497,1,100,8.05,2
498,1,100,6.9,2
499,1,100,7.03,2
500,1,100,6.95,2
501,1,100,7.14,2
502,1,100,7.36,2
503,1,100,7.84,2
504,1,100,7.65,2
505,1,100,7.77,2
506,1,100,6.79,2
507,1,100,8.09,2
508,1,100,7.3,2
509,1,100,7.94,2
510,1,100,8.23,2
511,1,100,7.97,2
512,1,100,8.1,2
513,1,100,6.93,2
514,1,100,8.14,2
515,1,100,7.66,2
516,1,100,7.74,2
517,1,100,7.6,2
518,1,100,7.18,2
519,1,100,8.19,2
520,1,100,7.94,2
521,1,100,7.35,2
522,1,100,7.5,2
523,1,100,7.81,2
524,1,100,8.21,2
525,1,100,7.44,2
526,1,100,7.94,2
527,1,100,7.88,2
528,1,100,7.61,2
529,1,100,7.6,2
530,1,100,7.5,2
531,1,100,7.39,2
532,1,100,7.46,2
533,1,100,7.79,2
534,1,100,7.99,2
535,1,100,6.88,2
536,1,100,7.48,2
537,1,100,7.03,2
538,1,100,7.35,2
539,1,100,7.52,2
540,1,100,8.2,2
541,1,100,7.76,2
542,1,100,7.4,2
543,1,100,6.95,2
544,1,100,7.67,2
545,1,100,7.9,2
546,1,100,7.36,2
547,1,100,7.31,2
548,1,100,7.1,2
549,1,100,7.12,2
550,1,100,7.81,2
551,1,100,7.62,2
552,1,100,7.98,2
553,1,100,8.31,2
554,1,100,7.2,2
555,1,100,7.11,2
556,1,100,7.62,2
557,1,100,7.12,2
558,1,100,7.48,2
559,1,100,8.2,2
560,1,100,7.97,2
561,1,100,7.53,2
562,1,100,7.49,2
563,1,100,7.45,2
564,1,100,7.4,2
565,1,100,7.41,2
566,1,100,7.73,2
567,1,100,8.27,1
568,1,100,6.95,1
569,1,100,6.34,1
570,1,100,6.92,1
571,1,100,6.61,1
572,1,100,6.72,1
573,1,100,6.81,1
574,1,100,7.44,1
575,1,100,7.87,1
576,1,100,7.4,1
577,1,100,6.53,1
578,1,100,6.42,1
579,1,100,6.12,1
580,1,100,7.02,1
581,1,100,6.44,1
582,1,100,6.65,1
583,1,100,6.33,1
584,1,100,6.6,1
585,1,100,7.31,1
586,1,100,6.35,1
587,1,100,6.14,1
588,1,100,6.71,1
589,1,100,5.97,1
590,1,100,7.01,1
591,1,100,6.27,1
592,1,100,6.17,1
593,1,100,7.03,1
594,1,100,6.15,1
595,1,100,6.69,1
596,1,100,6.5,1
597,1,100,6.48,1
598,1,100,5.97,1
599,1,100,6.96,1
600,1,100,6.33,1
601,1,100,7.52,1
602,1,100,6.37,1
603,1,100,7.13,1
604,1,100,6.66,1
605,1,100,6.39,1
606,1,100,7.42,1
607,1,100,6.46,1
608,1,100,6.81,1
609,1,100,7.1,1
610,1,100,6.46,1
611,1,100,6.5,1
612,1,100,7.06,1
613,1,100,6.91,1
614,1,100,6.42,1
615,1,100,6.99,1
616,1,100,6.54,1
617,1,100,6.7,1
618,1,100,6.37,1
619,1,100,6.61,1
620,1,100,6.98,1
621,1,100,7.44,1
622,1,100,6.7,1
623,1,100,6.91,1
624,1,100,7.05,1
625,1,100,6.39,1
626,1,100,7.09,1
627,1,100,6.66,1
628,1,100,5.9,1
629,1,100,6.48,1
630,1,100,7.53,1
631,1,100,6.59,1
632,1,100,6.28,1
633,1,100,6.81,1
634,1,100,7.19,1
635,1,100,6.7,1
636,1,100,6.34,1
637,1,100,6.57,1
638,1,100,6.9,1
639,1,100,6.83,1
640,1,100,7.4,1
641,1,100,6.11,1
642,1,100,6.46,1
643,1,100,7.0,1
644,1,100,6.66,1
645,1,100,7.39,1
646,1,100,6.97,1
647,1,100,6.57,1
648,1,100,6.71,1
649,1,100,6.7,1
650,1,100,7.31,1
651,1,100,6.63,1
652,1,100,6.09,1
653,1,100,6.78,1
654,1,100,7.22,1
655,1,100,6.19,1
656,1,100,6.99,1
657,1,100,6.47,1
658,1,100,6.3,1
659,1,100,6.1,1
660,1,100,6.28,1
661,1,100,6.38,1
662,1,100,6.01,1
663,1,100,6.52,1
664,1,100,6.45,1
665,1,100,5.49,1
666,1,100,6.29,1
667,1,100,7.1,1
668,1,100,6.81,1
669,1,100,6.15,1
670,1,100,7.0,1
671,1,100,6.17,1
672,1,100,6.94,1
673,1,100,6.82,1
674,1,100,7.25,1
675,1,100,6.22,1
676,1,100,6.79,1
677,1,100,6.7,1
678,1,100,7.39,1
679,1,100,6.62,1
680,1,100,6.64,1
681,1,100,6.31,1
682,1,100,6.93,1
683,1,100,6.37,1
684,1,100,6.39,1
685,1,100,6.42,1
686,1,100,7.8,1
687,1,100,6.67,1
688,1,100,6.91,1
689,1,100,7.11,1
690,1,100,6.72,1
691,1,100,6.86,1
692,1,100,6.41,1
693,1,100,7.31,1
694,1,100,7.0,1
695,1,100,7.12,1
696,1,100,8.05,1
697,1,100,6.61,1
698,1,100,7.14,1
699,1,100,6.62,1
700,1,100,6.41,1
701,1,100,6.38,1
702,1,100,6.51,1
703,1,100,6.74,1
704,1,100,6.73,1
705,1,100,6.77,1
706,1,100,6.71,1
707,1,100,6.11,1
708,1,100,6.19,1
709,1,100,6.78,1
710,1,100,6.85,1
711,1,100,7.49,1
712,1,100,6.71,1
713,1,100,7.52,1
714,1,100,6.67,1
715,1,100,6.86,1
716,1,100,7.5,1
717,1,100,7.22,1
718,1,100,6.24,1
719,1,100,6.36,1
720,1,100,6.18,1
721,1,100,6.9,1
722,1,100,7.22,1
723,1,100,7.02,1
724,1,100,6.56,1
725,1,100,6.83,1
726,1,100,6.82,1
727,1,100,6.71,1
728,1,100,7.33,1
729,1,100,6.81,1
730,1,100,6.78,1
731,1,100,5.62,1
732,1,100,6.96,1
733,1,100,6.47,1
734,1,100,6.25,1
735,1,100,6.28,1
736,1,100,7.35,1
737,1,100,6.65,1
738,1,100,6.64,1
739,1,100,6.74,1
740,1,100,6.34,1
741,1,100,6.42,1
742,1,100,6.76,1
743,1,100,6.56,1
744,1,100,6.64,1
745,1,100,6.5,1
746,1,100,6.81,1
747,1,100,6.4,1
748,1,100,6.98,1
749,1,100,6.99,1
750,1,100,6.46,1
751,1,100,6.35,1
752,1,100,6.18,1
753,1,100,7.01,1
754,1,100,7.0,1
755,1,100,6.33,1
756,1,100,6.84,1
757,1,100,6.75,1
758,1,100,6.42,1
759,1,100,6.66,1
760,1,100,6.73,1
761,1,100,6.31,1
762,1,100,6.59,1
763,1,100,7.28,1
764,1,100,6.51,1
765,1,100,6.61,1
766,1,100,6.63,1
767,1,100,6.25,1
768,1,100,6.79,1
769,1,100,6.04,1
770,1,100,5.95,1
771,1,100,7.11,1
772,1,100,6.77,1
773,1,100,6.93,1
774,1,100,5.71,1
775,1,100,6.58,1
776,1,100,6.52,1
777,1,100,6.52,1
778,1,100,7.13,1
779,1,100,6.81,1
780,1,100,6.14,1
781,1,100,6.63,1
782,1,100,6.52,1
783,1,100,6.53,1
784,1,100,6.5,1
785,1,100,6.92,1
786,1,100,7.04,1
787,1,100,6.32,1
788,1,100,6.95,1
789,1,100,6.54,1
790,1,100,6.42,1
791,1,100,6.26,1
792,1,100,6.83,1
793,1,100,7.21,1
794,1,100,7.02,1
795,1,100,6.64,1
796,1,100,7.46,1
797,1,100,6.01,1
798,1,100,6.98,1
799,1,100,6.1,1
800,1,100,6.25,1
801,1,100,6.09,1
802,1,100,6.52,1
803,1,100,6.64,1
804,1,100,6.74,1
805,1,100,6.43,1
806,1,100,7.59,1
807,1,100,6.72,1
808,1,100,6.76,1
809,1,100,7.1,1
810,1,100,7.14,1
811,1,100,6.52,1
812,1,100,6.68,1
813,1,100,6.15,1
814,1,100,7.32,1
815,1,100,7.04,1
816,1,100,6.92,1
817,1,100,6.65,1
818,1,100,6.82,1
819,1,100,7.27,1
820,1,100,6.36,1
821,1,100,6.63,1
822,1,100,6.58,1
823,1,100,6.47,1
824,1,100,6.39,1
825,1,100,6.79,1
826,1,100,6.31,1
827,1,100,6.64,1
828,1,100,6.11,1
829,1,100,6.7,1
830,1,100,6.62,1
831,1,100,6.33,1
832,1,100,6.5,1
833,1,100,6.32,1
834,1,100,6.66,1
835,1,100,6.77,1
836,1,100,7.66,1
837,1,100,7.5,1
838,1,100,7.34,1
839,1,100,7.49,1
840,1,100,7.38,1
841,1,100,6.91,1
842,1,100,6.62,1
843,1,100,6.46,1
844,1,100,6.7,1
845,1,100,6.55,1
846,1,100,6.32,1
847,1,100,6.03,1
848,1,100,6.42,1
849,1,100,6.23,1
850,1,100,6.26,1
851,1,100,6.67,1
852,1,100,6.5,1
853,1,100,6.01,1
854,1,100,6.56,1
855,1,100,6.68,1
856,1,100,6.72,1
857,1,100,6.21,1
858,1,100,7.15,1
859,1,100,6.48,1
860,1,100,6.4,1
861,1,100,6.89,1
862,1,100,6.49,1
863,1,100,6.95,1
864,1,100,6.59,1
865,1,100,6.83,1
866,1,100,6.3,1
867,1,100,6.63,1
868,1,100,7.09,1
869,1,100,7.46,1
870,1,100,6.77,1
871,1,100,6.63,1
872,1,100,6.23,1
873,1,100,6.96,1
874,1,100,6.81,1
875,1,100,7.02,1
876,1,100,6.94,1
877,1,100,6.14,1
878,1,100,7.07,1
879,1,100,6.61,1
880,1,100,7.04,1
881,1,100,6.93,1
882,1,100,6.91,1
883,1,100,7.24,1
884,1,100,7.25,1
885,1,100,6.72,1
886,1,100,7.21,1
887,1,100,6.69,1
888,1,100,7.26,1
889,1,100,6.93,1
890,1,100,7.06,1
891,1,100,6.92,1
892,1,100,6.98,1
893,1,100,5.99,1
894,1,100,6.55,1
895,1,100,6.45,1
896,1,100,6.81,1
897,1,100,6.97,1
898,1,100,6.9,1
899,1,100,6.95,1
900,1,100,6.64,1
901,1,100,6.36,1
902,1,100,6.33,1
903,1,100,6.19,1
904,1,100,5.89,1
905,1,100,7.25,1
906,1,100,6.83,1
907,1,100,6.32,1
908,1,100,6.76,1
909,1,100,7.3,1
910,1,100,6.56,1
911,1,100,7.24,1
912,1,100,6.86,1
913,1,100,6.82,1
914,1,100,6.54,1
915,1,100,7.3,1
916,1,100,6.93,1
917,1,100,7.14,1
918,1,100,6.91,1
919,1,100,6.42,1
920,1,100,6.77,1
921,1,100,6.8,1
922,1,100,6.24,1
923,1,100,6.69,1
924,1,100,6.49,1
925,1,100,7.03,1
926,1,100,7.13,1
927,1,100,7.57,1
928,1,100,7.16,1
929,1,100,7.15,1
930,1,100,6.73,1
931,1,100,7.47,1
932,1,100,6.59,1
933,1,100,6.8,1
934,1,100,6.93,1
935,1,100,6.33,1
936,1,100,6.83,1
937,1,100,6.36,1
938,1,100,6.69,1
939,1,100,7.55,1
940,1,100,6.38,1
941,1,100,7.71,1
942,1,100,6.81,1
943,1,100,6.82,1
944,1,100,7.22,1
945,1,100,6.65,1
946,1,100,6.77,1
947,1,100,6.0,1
948,1,100,6.37,1
949,1,100,6.65,1
950,1,100,6.98,1
951,1,100,7.59,1
952,1,100,6.75,1
953,1,100,6.97,1
954,1,100,7.33,1
955,1,100,7.34,1
956,1,100,7.34,1
957,1,100,7.13,1
958,1,100,6.71,1
959,1,100,6.56,1
960,1,100,7.51,1
961,1,100,6.9,1
962,1,100,7.07,1
963,1,100,6.6,1
964,1,100,6.7,1
965,1,100,6.9,1
966,1,100,6.81,1
967,1,100,6.91,1
968,1,100,6.84,1
969,1,100,7.65,1
970,1,100,6.79,1
971,1,100,6.85,1
972,1,100,6.76,1
973,1,100,6.75,1
974,1,100,6.34,1
975,1,100,7.71,1
976,1,100,6.93,1
977,1,100,7.05,1
978,1,100,7.33,1
979,1,100,7.14,1
980,1,100,6.78,1
981,1,100,6.66,1
982,1,100,6.38,1
983,1,100,6.45,1
984,1,100,6.94,1
985,1,100,6.2,1
986,1,100,6.07,1
987,1,100,6.64,1
988,1,100,6.41,1
989,1,100,6.97,1
990,1,100,6.52,1
991,1,100,6.29,1
992,1,100,6.66,1
993,1,100,6.85,1
994,1,100,6.57,1
995,1,100,6.86,1
996,1,100,6.44,1
997,1,100,6.2,1
998,1,100,6.78,1
999,1,100,6.64,1
1000,1,100,6.75,1
1001,1,100,6.65,1
1002,1,100,6.9,1
1003,1,100,6.8,1
1004,1,100,6.78,1
1005,1,100,6.12,1
1006,1,100,5.87,1
1007,1,100,6.72,1
1008,1,100,6.6,1
1009,1,100,6.84,1
1010,1,100,7.04,1
1011,1,100,6.03,1
1012,1,100,6.58,1
1013,1,100,6.49,1
1014,1,100,6.7,1
1015,1,100,6.42,1
1016,1,100,6.71,1
1017,1,100,6.58,1
1018,1,100,6.54,1
1019,1,100,6.25,1
1020,1,100,6.79,1
1021,1,100,6.17,1
1022,1,100,7.49,1
1023,1,100,6.69,1
1024,1,100,6.9,1
1025,1,100,7.19,1
1026,1,100,6.92,1
1027,1,100,6.79,1
1028,1,100,6.22,1
1029,1,100,7.2,1
1030,1,100,7.6,1
1031,1,100,7.3,1
1032,1,100,6.43,1
1033,1,100,6.72,1
1034,1,100,5.98,1
1035,1,100,6.03,1
1036,1,100,5.78,1
1037,1,100,6.12,1
1038,1,100,6.64,1
1039,1,100,6.86,1
1040,1,100,6.97,1
1041,1,100,6.76,1
1042,1,100,7.2,1
1043,1,100,6.56,1
1044,1,100,7.11,1
1045,1,100,7.19,1
1046,1,100,6.63,1
1047,1,100,6.97,1
1048,1,100,6.89,1
1049,1,100,6.73,1
1050,1,100,6.69,1
1051,1,100,6.1,1
1052,1,100,5.98,1
1053,1,100,6.54,1
1054,1,100,7.07,1
1055,1,100,7.46,1
1056,1,100,7.24,1
1057,1,100,7.1,1
1058,1,100,6.81,1
1059,1,100,6.92,1
1060,1,100,6.5,1
1061,1,100,6.24,1
1062,1,100,6.52,1
1063,1,100,6.82,1
1064,1,100,6.62,1
1065,1,100,6.26,1
1066,1,100,7.22,1
1067,1,100,6.13,1
1068,1,100,6.65,1
1069,1,100,6.99,1
1070,1,100,6.85,1
1071,1,100,6.21,1
1072,1,100,6.69,1
1073,1,100,6.7,1
1074,1,100,6.88,1
1075,1,100,6.78,1
1076,1,100,6.88,1
1077,1,100,6.66,1
1078,1,100,7.23,1
1079,1,100,6.33,1
1080,1,100,7.06,1
1081,1,100,6.53,1
1082,1,100,7.03,1
1083,1,100,7.23,1
1084,1,100,6.61,1
1085,1,100,6.89,1
1086,1,100,6.87,1
1087,1,100,7.21,1
1088,1,100,6.82,1
1089,1,100,6.32,1
1090,1,100,6.74,1
1091,1,100,6.35,1
1092,1,100,6.65,1
1093,1,100,6.8,1
1094,1,100,6.83,1
1095,1,100,7.51,1
1096,1,100,7.06,1
1097,1,100,6.41,1
1098,1,100,6.6,1
1099,1,100,6.33,1
1100,1,100,7.17,1
1101,1,100,6.47,1
1102,1,100,6.84,1
1103,1,100,6.71,1
1104,1,100,7.35,1
1105,1,100,6.7,1
1106,1,100,6.32,1
1107,1,100,6.11,1
1108,1,100,6.92,1
1109,1,100,7.05,1
1110,1,100,6.99,1
1111,1,100,6.99,1
1112,1,100,6.79,1
1113,1,100,6.91,1
1114,1,100,7.33,1
1115,1,100,7.04,1
1116,1,100,6.24,1
1117,1,100,6.91,1
1118,1,100,7.08,1
1119,1,100,5.8,1
1120,1,100,6.52,1
1121,1,100,6.47,1
1122,1,100,6.82,1
1123,1,100,6.64,1
1124,1,100,6.73,1
1125,1,100,7.37,1
1126,1,100,6.93,1
1127,1,100,7.23,1
1128,1,100,7.28,1
1129,1,100,7.18,1
1130,1,100,6.87,1
1131,1,100,7.5,1
1132,1,100,6.87,1
1133,1,100,6.77,1
1134,1,100,6.23,1
1135,1,100,6.64,1
1136,1,100,7.57,1
1137,1,100,6.75,1
1138,1,100,6.87,1
1139,1,100,6.99,1
1140,1,100,6.55,1
1141,1,100,6.08,1
1142,1,100,6.87,1
1143,1,100,6.4,1
1144,1,100,7.1,1
1145,1,100,6.56,1
1146,1,100,6.75,1
1147,1,100,6.33,1
1148,1,100,6.69,1
1149,1,100,7.06,1
1150,1,100,7.4,1
1151,1,100,7.48,1
1152,1,100,7.11,1
1153,1,100,6.65,1
1154,1,100,6.34,1
1155,1,100,6.59,1
1156,1,100,6.72,1
1157,1,100,5.99,1
1158,1,100,6.33,1
1159,1,100,6.17,1
1160,1,100,6.83,1
1161,1,100,6.9,1
1162,1,100,6.67,1
1163,1,100,6.75,1
1164,1,100,7.41,1
1165,1,100,6.82,1
1166,1,100,6.4,1
1167,1,100,7.11,1
1168,1,100,7.42,1
1169,1,100,6.88,1
1170,1,100,5.96,1
1171,1,100,6.06,1
1172,1,100,6.34,1
1173,1,100,6.85,1
1174,1,100,6.95,1
1175,1,100,6.91,1
1176,1,100,6.14,1
1177,1,100,6.56,1
1178,1,100,6.74,1
1179,1,100,6.98,1
1180,1,100,7.28,1
1181,1,100,6.29,1
1182,1,100,6.65,1
1183,1,100,6.1,1
1184,1,100,7.23,1
1185,1,100,6.88,1
1186,1,100,6.66,1
1187,1,100,6.61,1
1188,1,100,6.54,1
1189,1,100,6.54,1
1190,1,100,6.57,1
1191,1,100,6.27,1
1192,1,100,6.85,1
1193,1,100,7.1,1
1194,1,100,6.44,1
1195,1,100,6.67,1
1196,1,100,6.97,1
1197,1,100,6.17,1
1198,1,100,6.68,1
1199,1,100,7.0,1
1200,1,100,6.93,1
1201,1,100,6.67,1
1202,1,100,6.58,1
1203,1,100,6.69,1
1204,1,100,6.23,1
1205,1,100,7.26,1
1206,1,100,6.99,1
1207,1,100,6.96,1
1208,1,100,7.24,1
1209,1,100,6.97,1
1210,1,100,7.08,1
1211,1,100,6.86,1
1212,1,100,7.19,1
1213,1,100,6.34,1
1214,1,100,6.95,1
1215,1,100,7.39,1
1216,1,100,7.42,1
1217,1,100,6.97,1
1218,1,100,6.94,1
1219,1,100,6.31,1
1220,1,100,6.38,1
1221,1,100,6.43,1
1222,1,100,6.89,1
1223,1,100,7.33,1
1224,1,100,7.23,1
1225,1,100,6.3,1
1226,1,100,7.05,1
1227,1,100,6.53,1
1228,1,100,6.77,1
1229,1,100,6.79,1
1230,1,100,6.74,1
1231,1,100,6.8,1
1232,1,100,6.25,1
1233,1,100,6.51,1
1234,1,100,6.91,1
1235,1,100,6.7,1
1236,1,100,6.77,1
1237,1,100,6.5,1
1238,1,100,7.09,1
1239,1,100,6.62,1
1240,1,100,7.04,1
1241,1,100,6.81,1
1242,1,100,7.2,1
1243,1,100,6.85,1
1244,1,100,6.68,1
1245,1,100,5.65,1
1246,1,100,6.88,1
1247,1,100,7.08,1
1248,1,100,6.6,1
1249,1,100,6.87,1
1250,1,100,6.88,1
1251,1,100,6.97,1
1252,1,100,6.36,1
1253,1,100,6.8,1
1254,1,100,6.96,1
1255,1,100,6.55,1
1256,1,100,6.79,1
1257,1,100,7.17,1
1258,1,100,6.4,1
1259,1,100,7.01,1
1260,1,100,6.61,1
1261,1,100,6.87,1
1262,1,100,6.73,1
1263,1,100,6.35,1
1264,1,100,6.33,1
1265,1,100,7.11,1
1266,1,100,6.2,1
1267,1,100,6.75,1
1268,1,100,7.12,1
1269,1,100,6.91,1
1270,1,100,6.85,1
1271,1,100,7.1,1
1272,1,100,6.05,1
1273,1,100,6.5,1
1274,1,100,7.09,1
1275,1,100,6.78,1
1276,1,100,7.04,1
1277,1,100,7.0,1
1278,1,100,6.16,1
1279,1,100,7.38,1
1280,1,100,6.94,1
1281,1,100,6.19,1
1282,1,100,7.08,1
1283,1,100,6.83,1
1284,1,100,7.11,1
1285,1,100,6.15,1
1286,1,100,5.93,1
1287,1,100,7.06,1
1288,1,100,7.02,1
1289,1,100,7.03,1
1290,1,100,6.71,1
1291,1,100,5.85,1
1292,1,100,7.34,1
1293,1,100,6.52,1
1294,1,100,6.87,1
1295,1,100,6.85,1
1296,1,100,7.1,1
1297,1,100,6.56,1
1298,1,100,6.69,1
1299,1,100,6.19,1
1300,1,100,6.75,1
1301,1,100,6.43,1
1302,1,100,6.86,1
1303,1,100,6.36,1
1304,1,100,5.86,1
1305,1,100,6.14,1
1306,1,100,6.74,1
1307,1,100,6.36,1
1308,1,100,6.8,1
1309,1,100,6.32,1
1310,1,100,5.89,1
1311,1,100,7.06,1
1312,1,100,6.97,1
1313,1,100,6.97,1
1314,1,100,6.65,1
1315,1,100,7.5,1
1316,1,100,6.58,1
1317,1,100,6.79,1
1318,1,100,6.31,1
1319,1,100,6.91,1
1320,1,100,6.38,1
1321,1,100,6.66,1
1322,1,100,6.55,1
1323,1,100,5.85,1
1324,1,100,6.33,1
1325,1,100,6.86,1
1326,1,100,6.66,1
1327,1,100,6.15,1
1328,1,100,5.96,1
1329,1,100,6.46,1
1330,1,100,6.7,1
1331,1,100,6.39,1
1332,1,100,6.83,1
1333,1,100,6.78,1
1334,1,100,6.94,1
1335,1,100,6.75,1
1336,1,100,7.27,1
1337,1,100,6.25,1
1338,1,100,6.54,1
1339,1,100,6.77,1
1340,1,100,6.87,1
1341,1,100,7.05,1
1342,1,100,6.94,1
1343,1,100,7.38,1
1344,1,100,6.83,1
1345,1,100,6.85,1
1346,1,100,7.42,1
1347,1,100,6.66,1
1348,1,100,7.01,1
1349,1,100,6.92,1
1350,1,100,6.87,1
1351,1,100,7.18,1
1352,1,100,6.87,1
1353,1,100,6.42,1
1354,1,100,7.03,1
1355,1,100,6.56,1
1356,1,100,6.14,1
1357,1,100,6.16,1
1358,1,100,6.37,1
1359,1,100,6.63,1
1360,1,100,6.76,1
1361,1,100,6.33,1
1362,1,100,6.87,1
1363,1,100,6.7,1
1364,1,100,6.56,1
1365,1,100,7.08,1
1366,1,100,6.85,1
1367,1,100,7.34,1
1368,1,100,6.86,1
1369,1,100,6.76,1
1370,1,100,7.19,1
1371,1,100,7.1,1
1372,1,100,6.88,1
1373,1,100,6.87,1
1374,1,100,6.51,1
1375,1,100,7.04,1
1376,1,100,6.21,1
1377,1,100,6.12,1
1378,1,100,5.97,1
1379,1,100,6.45,1
1380,1,100,6.17,1
1381,1,100,7.13,1
1382,1,100,6.44,1
1383,1,100,6.31,1
1384,1,100,6.76,1
1385,1,100,6.78,1
1386,1,100,7.54,1
1387,1,100,6.64,1
1388,1,100,7.01,1
1389,1,100,7.44,1
1390,1,100,6.84,1
1391,1,100,6.46,1
1392,1,100,6.33,1
1393,1,100,6.46,1
1394,1,100,6.26,1
1395,1,100,6.27,1
1396,1,100,6.53,1
1397,1,100,6.76,1
1398,1,100,6.09,1
1399,1,100,6.77,1
1400,1,100,6.61,1
1401,1,100,6.52,1
1402,1,100,5.79,1
1403,1,100,6.71,1
1404,1,100,7.34,1
1405,1,100,6.77,1
1406,1,100,6.48,1
1407,1,100,7.17,1
1408,1,100,6.88,1
1409,1,100,6.3,1
1410,1,100,6.55,1
1411,1,100,6.7,1
1412,1,100,6.78,1
1413,1,100,6.29,1
1414,1,100,6.02,1
1415,1,100,6.21,1
1416,1,100,6.82,1
1417,1,100,6.94,1
1418,1,100,7.51,1
1419,1,100,6.97,1
1420,1,100,6.98,1
1421,1,100,6.99,1
1422,1,100,7.05,1
1423,1,100,6.94,1
1424,1,100,6.85,1
1425,1,100,7.22,1
1426,1,100,6.18,1
1427,1,100,6.66,1
1428,1,100,6.95,1
1429,1,100,6.41,1
1430,1,100,6.31,1
1431,1,100,7.01,1
1432,1,100,7.05,1
1433,1,100,7.06,1
1434,1,100,7.37,1
1435,1,100,6.62,1
1436,1,100,7.15,1
1437,1,100,6.49,1
1438,1,100,6.31,1
1439,1,100,6.29,1
1440,1,100,7.04,1
1441,1,100,5.92,1
1442,1,100,6.96,1
1443,1,100,6.23,1
1444,1,100,6.83,1
1445,1,100,6.79,1
1446,1,100,6.36,1
1447,1,100,6.5,1
1448,1,100,6.92,1
1449,1,100,6.49,1
1450,1,100,6.47,1
1451,1,100,6.79,1
1452,1,100,7.01,1
1453,1,100,6.78,1
1454,1,100,6.28,1
1455,1,100,7.23,1
1456,1,100,6.61,1
1457,1,100,6.23,1
1458,1,100,6.12,1
1459,1,100,5.84,1
1460,1,100,6.82,1
1461,1,100,7.05,1
1462,1,100,6.74,1
1463,1,100,6.48,1
1464,1,100,7.01,1
1465,1,100,6.45,1
1466,1,100,5.9,1
1467,1,100,7.11,1
1468,1,100,7.23,1
1469,1,100,6.79,1
1470,1,100,7.06,1
1471,1,100,6.53,1
1472,1,100,6.28,1
1473,1,100,6.55,1
1474,1,100,6.33,1
1475,1,100,6.76,1
1476,1,100,6.59,1
1477,1,100,7.05,1
1478,1,100,6.94,1
1479,1,100,6.75,1
1480,1,100,6.53,1
1481,1,100,6.55,1
1482,1,100,6.09,1
1483,1,100,6.32,1
1484,1,100,7.25,1
1485,1,100,7.49,1
1486,1,100,6.82,1
1487,1,100,6.23,1
1488,1,100,7.12,1
1489,1,100,6.23,1
1490,1,100,6.52,1
1491,1,100,6.96,1
1492,1,100,7.68,1
1493,1,100,6.71,1
1494,1,100,6.63,1
1495,1,100,6.45,1
1496,1,100,7.56,1
1497,1,100,7.38,1
1498,1,100,6.96,1
1499,1,100,6.39,1
1500,1,100,5.95,1
1501,1,100,6.67,1
1502,1,100,6.7,1
1503,1,100,6.98,1
1504,1,100,6.98,1
1505,1,100,6.97,1
1506,1,100,6.28,1
1507,1,100,6.41,1
1508,1,100,6.07,1
1509,1,100,6.06,1
1510,1,100,6.42,1
1511,1,100,7.01,1
1512,1,100,7.11,1
1513,1,100,6.78,1
1514,1,100,6.91,1
1515,1,100,6.95,1
1516,1,100,5.69,1
1517,1,100,6.41,1
1518,1,100,6.5,1
1519,1,100,7.22,1
1520,1,100,6.6,1
1521,1,100,7.32,1
1522,1,100,7.18,1
1523,1,100,6.43,1
1524,1,100,6.82,1
1525,1,100,7.01,1
1526,1,100,7.47,1
1527,1,100,6.91,1
1528,1,100,6.01,1
1529,1,100,7.46,1
1530,1,100,7.18,1
1531,1,100,6.35,1
1532,1,100,6.76,1
1533,1,100,6.3,1
1534,1,100,6.78,1
1535,1,100,6.56,1
1536,1,100,7.21,1
1537,1,100,6.57,1
1538,1,100,6.4,1
1539,1,100,6.8,1
1540,1,100,6.52,1
1541,1,100,6.48,1
1542,1,100,6.48,1
1543,1,100,7.27,1
1544,1,100,7.09,1
1545,1,100,7.18,1
1546,1,100,6.27,1
1547,1,100,7.09,1
1548,1,100,6.67,1
1549,1,100,6.11,1
1550,1,100,6.98,1
1551,1,100,6.92,1
1552,1,100,6.49,1
1553,1,100,6.34,1
1554,1,100,7.28,1
1555,1,100,6.56,1
1556,1,100,6.77,1
1557,1,100,7.09,1
1558,1,100,6.0,1
1559,1,100,5.74,1
1560,1,100,6.01,1
1561,1,100,6.4,1
1562,1,100,6.56,1
1563,1,100,6.91,1
1564,1,100,6.79,1
1565,1,100,7.02,1
1566,1,100,6.64,1
1567,1,100,6.31,1
1568,1,100,6.67,1
1569,1,100,6.83,1
1570,1,100,6.5,1
1571,1,100,7.23,1
1572,1,100,6.42,1
1573,1,100,7.05,1
1574,1,100,7.19,1
1575,1,100,7.09,1
1576,1,100,6.82,1
1577,1,100,7.3,1
1578,1,100,7.54,1
1579,1,100,6.63,1
1580,1,100,6.49,1
1581,1,100,7.01,1
1582,1,100,6.81,1
1583,1,100,6.91,1
1584,1,100,6.62,1
1585,1,100,7.18,1
1586,1,100,7.45,1
1587,1,100,6.86,1
1588,1,100,7.17,1
1589,1,100,7.19,1
1590,1,100,7.04,1
1591,1,100,6.51,1
1592,1,100,7.16,1
1593,1,100,6.85,1
1594,1,100,6.2,1
1595,1,100,6.12,1
1596,1,100,7.04,1
1597,1,100,6.3,1
1598,1,100,7.01,1
1599,1,100,6.66,1
1600,1,100,7.17,1
1601,1,100,7.06,1
1602,1,100,7.11,1
1603,1,100,6.97,1
1604,1,100,6.36,1
1605,1,100,6.24,1
1606,1,100,6.42,1
1607,1,100,7.19,1
1608,1,100,6.91,1
1609,1,100,6.91,1
1610,1,100,6.41,1
1611,1,100,7.39,1
1612,1,100,6.4,1
1613,1,100,6.12,1
1614,1,100,6.24,1
1615,1,100,6.54,1
1616,1,100,6.8,1
1617,1,100,6.41,1
1618,1,100,6.99,1
1619,1,100,7.13,1
1620,1,100,6.56,1
1621,1,100,5.9,1
1622,1,100,6.74,1
1623,1,100,6.5,1
1624,1,100,6.57,1
1625,1,100,6.81,1
1626,1,100,6.7,1
1627,1,100,6.72,1
1628,1,100,7.37,1
1629,1,100,6.46,1
1630,1,100,6.32,1
1631,1,100,6.85,1
1632,1,100,6.95,1
1633,1,100,6.96,1
1634,1,100,7.12,1
1635,1,100,6.54,1
1636,1,100,7.25,1
1637,1,100,6.97,1
1638,1,100,7.14,1
1639,1,100,6.74,1
1640,1,100,6.63,1
1641,1,100,7.15,1
1642,1,100,7.46,1
1643,1,100,7.13,1
1644,1,100,6.69,1
1645,1,100,7.07,1
1646,1,100,6.26,1
1647,1,100,6.8,1
1648,1,100,6.48,1
1649,1,100,6.27,1
1650,1,100,6.43,1
1651,1,100,6.51,1
1652,1,100,6.4,1
1653,1,100,7.72,1
1654,1,100,6.62,1
1655,1,100,6.99,1
1656,1,100,6.57,1
1657,1,100,7.2,1
1658,1,100,7.16,1
1659,1,100,6.46,1
1660,1,100,5.74,1
1661,1,100,7.65,1
1662,1,100,6.77,1
1663,1,100,6.73,1
1664,1,100,6.48,1
1665,1,100,6.49,1
1666,1,100,6.98,1
1667,1,100,7.13,1
1668,1,100,6.81,1
1669,1,100,6.06,1
1670,1,100,7.31,1
1671,1,100,6.54,1
1672,1,100,6.62,1
1673,1,100,6.98,1
1674,1,100,7.13,1
1675,1,100,6.51,1
1676,1,100,6.36,1
1677,1,100,6.97,1
1678,1,100,7.28,1
1679,1,100,6.39,1
1680,1,100,7.34,1
1681,1,100,6.72,1
1682,1,100,6.06,1
1683,1,100,7.07,1
1684,1,100,6.65,1
1685,1,100,7.05,1
1686,1,100,6.84,1
1687,1,100,6.99,1
1688,1,100,6.82,1
1689,1,100,7.63,1
1690,1,100,7.38,1
1691,1,100,6.55,1
1692,1,100,6.45,1
1693,1,100,6.96,1
1694,1,100,7.09,1
1695,1,100,7.1,1
1696,1,100,6.73,1
1697,1,100,7.0,1
1698,1,100,6.09,1
1699,1,100,6.96,1
1700,1,100,6.74,1
1701,1,100,6.75,1
1702,1,100,7.21,1
1703,1,100,6.23,1
1704,1,100,6.15,1
1705,1,100,6.29,1
1706,1,100,6.59,1
1707,1,100,6.87,1
1708,1,100,7.55,1
1709,1,100,6.69,1
1710,1,100,6.8,1
1711,1,100,6.8,1
1712,1,100,6.39,1
1713,1,100,6.85,1
1714,1,100,6.8,1
1715,1,100,5.99,1
1716,1,100,6.88,1
1717,1,100,6.73,1
1718,1,100,5.94,1
1719,1,100,5.85,1
1720,1,100,7.4,1
1721,1,100,6.7,1
1722,1,100,7.43,1
1723,1,100,7.35,1
1724,1,100,6.85,1
1725,1,100,7.15,1
1726,1,100,6.74,1
1727,1,100,7.49,1
1728,1,100,7.05,1
1729,1,100,7.57,1
1730,1,100,6.41,1
1731,1,100,6.91,1
1732,1,100,7.19,1
1733,1,100,6.78,1
1734,1,100,7.13,1
1735,1,100,6.87,1
1736,1,100,6.08,1
1737,1,100,6.54,1
1738,1,100,6.51,1
1739,1,100,6.67,1
1740,1,100,6.76,1
1741,1,100,6.37,1
1742,1,100,7.19,1
1743,1,100,6.47,1
1744,1,100,7.0,1
1745,1,100,6.96,1
1746,1,100,6.49,1
1747,1,100,6.51,1
1748,1,100,5.92,1
1749,1,100,6.54,1
1750,1,100,6.29,1
1751,1,100,6.72,1
1752,1,100,7.02,1
1753,1,100,6.08,1
1754,1,100,6.23,1
1755,1,100,7.0,1
1756,1,100,6.21,1
1757,1,100,7.04,1
1758,1,100,6.63,1
1759,1,100,6.38,1
1760,1,100,7.13,1
1761,1,100,5.97,1
1762,1,100,6.8,1
1763,1,100,6.57,1
1764,1,100,6.81,1
1765,1,100,6.03,1
1766,1,100,6.57,1
1767,1,100,7.18,1
1768,1,100,7.3,1
1769,1,100,6.69,1
1770,1,100,5.88,1
1771,1,100,6.41,1
1772,1,100,6.83,1
1773,1,100,7.06,1
1774,1,100,6.41,1
1775,1,100,6.08,1
1776,1,100,6.43,1
1777,1,100,6.29,1
1778,1,100,6.77,1
1779,1,100,6.19,1
1780,1,100,7.08,1
1781,1,100,7.43,1
1782,1,100,6.65,1
1783,1,100,7.11,1
1784,1,100,7.19,1
1785,1,100,7.32,1
1786,1,100,6.92,1
1787,1,100,6.81,1
1788,1,100,6.24,1
1789,1,100,6.62,1
1790,1,100,6.93,1
1791,1,100,6.89,1
1792,1,100,6.25,1
1793,1,100,7.05,1
1794,1,100,7.01,1
1795,1,100,6.8,1
1796,1,100,6.59,1
1797,1,100,7.07,1
1798,1,100,6.83,1
1799,1,100,6.71,1
1800,1,100,6.31,1
1801,1,100,6.8,1
1802,1,100,6.54,1
1803,1,100,6.11,1
1804,1,100,6.22,1
1805,1,100,6.27,1
1806,1,100,7.06,1
1807,1,100,6.94,1
1808,1,100,6.97,1
1809,1,100,6.45,1
1810,1,100,6.42,1
1811,1,100,6.57,1
1812,1,100,7.23,1
1813,1,100,6.96,1
1814,1,100,7.02,1
1815,1,100,7.09,1
1816,1,100,6.96,1
1817,1,100,7.01,1
1818,1,100,6.34,1
1819,1,100,6.9,1
1820,1,100,6.87,1
1821,1,100,7.11,1
1822,1,100,7.21,1
1823,1,100,6.83,1
1824,1,100,6.33,1
1825,1,100,6.69,1
1826,1,100,6.97,1
1827,1,100,6.56,1
1828,1,100,6.83,1
1829,1,100,7.05,1
1830,1,100,6.84,1
1831,1,100,7.33,1
1832,1,100,7.22,1
1833,1,100,6.75,1
1834,1,100,7.23,1
1835,1,100,7.04,1
1836,1,100,7.24,1
1837,1,100,7.93,1
1838,1,100,7.02,1
1839,1,100,6.4,1
1840,1,100,6.64,1
1841,1,100,6.29,1
1842,1,100,6.75,1
1843,1,100,6.13,1
1844,1,100,7.25,1
1845,1,100,6.67,1
1846,1,100,7.37,1
1847,1,100,6.59,1
1848,1,100,6.47,1
1849,1,100,6.5,1
1850,1,100,6.26,1
1851,1,100,6.79,1
1852,1,100,6.97,1
1853,1,100,6.86,1
1854,1,100,6.95,1
1855,1,100,6.66,1
1856,1,100,6.35,1
1857,1,100,6.73,1
1858,1,100,7.32,1
1859,1,100,7.23,1
1860,1,100,6.95,1
1861,1,100,6.48,1
1862,1,100,6.82,1
1863,1,100,7.92,1
1864,1,100,6.62,1
1865,1,100,6.84,1
1866,1,100,7.22,1
1867,1,100,6.49,1
1868,1,100,6.46,1
1869,1,100,6.55,1
1870,1,100,6.59,1
1871,1,100,7.15,1
1872,1,100,6.55,1
1873,1,100,6.4,1
1874,1,100,6.63,1
1875,1,100,7.13,1
1876,1,100,7.21,1
1877,1,100,7.18,1
1878,1,100,7.28,1
1879,1,100,7.42,1
1880,1,100,6.64,1
1881,1,100,7.24,1
1882,1,100,6.41,1
1883,1,100,6.91,1
1884,1,100,7.33,1
1885,1,100,6.69,1
1886,1,100,6.74,1
1887,1,100,6.94,1
1888,1,100,6.63,1
1889,1,100,6.24,1
1890,1,100,6.73,1
1891,1,100,6.24,1
1892,1,100,7.14,1
1893,1,100,7.27,1
1894,1,100,6.41,1
1895,1,100,6.76,1
1896,1,100,6.69,1
1897,1,100,6.12,1
1898,1,100,6.38,1
1899,1,100,6.69,1
1900,1,100,6.29,1
1901,1,100,6.89,1
1902,1,100,6.19,1
1903,1,100,7.1,1
1904,1,100,6.3,1
1905,1,100,6.84,1
1906,1,100,6.2,1
1907,1,100,7.82,1
1908,1,100,7.49,1
1909,1,100,7.13,1
1910,1,100,6.96,1
1911,1,100,6.75,1
1912,1,100,7.26,1
1913,1,100,6.29,1
1914,1,100,6.76,1
1915,1,100,7.32,1
1916,1,100,7.07,1
1917,1,100,6.61,1
1918,1,100,6.35,1
1919,1,100,6.71,1
1920,1,100,7.8,1
1921,1,100,6.51,1
1922,1,100,6.74,1
1923,1,100,6.26,1
1924,1,100,6.72,1
1925,1,100,6.84,1
1926,1,100,6.78,1
1927,1,100,6.7,1
1928,1,100,6.13,1
1929,1,100,6.1,1
1930,1,100,6.57,1
1931,1,100,6.65,1
1932,1,100,6.82,1
1933,1,100,7.08,1
1934,1,100,7.33,1
1935,1,100,7.4,1
1936,1,100,6.82,1
1937,1,100,6.74,1
1938,1,100,6.44,1
1939,1,100,6.54,1
1940,1,100,6.88,1
1941,1,100,6.86,1
1942,1,100,7.7,1
1943,1,100,6.87,1
1944,1,100,6.05,1
1945,1,100,6.65,1
1946,1,100,6.92,1
1947,1,100,6.42,1
1948,1,100,6.32,1
1949,1,100,6.69,1
1950,1,100,6.99,1
1951,1,100,7.03,1
1952,1,100,6.7,1
1953,1,100,7.11,1
1954,1,100,6.51,1
1955,1,100,6.88,1
1956,1,100,6.4,1
1957,1,100,7.11,1
1958,1,100,6.38,1
1959,1,100,7.46,1
1960,1,100,7.32,1
1961,1,100,6.99,1
1962,1,100,7.28,1
1963,1,100,6.36,1
1964,1,100,6.5,1
1965,1,100,6.58,1
1966,1,100,6.47,1
1967,1,100,6.57,1
1968,1,100,6.81,1
1969,1,100,6.59,1
1970,1,100,6.34,1
1971,1,100,6.23,1
1972,1,100,6.74,1
1973,1,100,6.46,1
1974,1,100,6.65,1
1975,1,100,6.26,1
1976,1,100,6.88,1
1977,1,100,6.29,1
1978,1,100,6.9,1
1979,1,100,6.42,1
1980,1,100,7.27,1
1981,1,100,6.64,1
1982,1,100,6.74,1
1983,1,100,6.04,1
1984,1,100,6.11,1
1985,1,100,6.73,1
1986,1,100,6.77,1
1987,1,100,7.14,1
1988,1,100,6.6,1
1989,1,100,6.36,1
1990,1,100,6.22,1
1991,1,100,7.06,1
1992,1,100,6.3,1
1993,1,100,6.71,1
1994,1,100,6.96,1
1995,1,100,6.97,1
1996,1,100,6.25,1
1997,1,100,6.36,1
1998,1,100,6.9,1
1999,1,100,7.1,1
2000,1,100,6.63,1
0,2,100,56.55,43
1,2,100,48.41,37
2,2,100,43.13,34
3,2,100,38.31,31
4,2,100,34.67,29
5,2,100,31.94,25
6,2,100,29.22,24
7,2,100,28.07,22
8,2,100,25.99,21
9,2,100,24.49,19
10,2,100,23.27,18
11,2,100,22.34,17
12,2,100,21.75,17
13,2,100,21.28,15
14,2,100,19.42,15
15,2,100,19.41,13
16,2,100,18.48,12
17,2,100,17.2,12
18,2,100,15.69,11
19,2,100,16.16,11
20,2,100,15.0,11
21,2,100,15.35,11
22,2,100,15.66,11
23,2,100,15.79,11
24,2,100,15.61,11
25,2,100,15.44,11
26,2,100,16.13,11
27,2,100,15.81,11
28,2,100,15.88,11
29,2,100,15.39,11
30,2,100,15.26,10
31,2,100,15.15,10
32,2,100,15.11,10
33,2,100,14.51,8
34,2,100,13.64,8
35,2,100,12.82,8
36,2,100,13.75,8
37,2,100,13.41,8
38,2,100,13.01,8
39,2,100,13.31,8
40,2,100,12.76,8
41,2,100,13.41,7
42,2,100,12.37,7
43,2,100,11.19,7
44,2,100,11.77,7
45,2,100,11.9,5
46,2,100,10.49,5
47,2,100,10.25,5
48,2,100,10.06,5
49,2,100,10.52,5
50,2,100,10.1,5
51,2,100,10.75,5
52,2,100,10.39,5
53,2,100,10.24,5
54,2,100,9.99,5
55,2,100,9.49,5
56,2,100,10.87,5
57,2,100,10.86,5
58,2,100,10.29,5
59,2,100,10.58,5
60,2,100,10.63,5
61,2,100,10.37,4
62,2,100,9.76,4
63,2,100,9.75,4
64,2,100,8.96,4
65,2,100,9.39,4
66,2,100,9.3,4
67,2,100,9.65,4
68,2,100,9.08,4
69,2,100,8.9,4
70,2,100,8.73,4
71,2,100,8.97,4
72,2,100,9.32,4
73,2,100,9.35,4
74,2,100,8.62,4
75,2,100,9.17,4
76,2,100,9.49,4
77,2,100,9.19,4
78,2,100,9.25,4
79,2,100,8.69,4
80,2,100,9.12,4
81,2,100,9.25,4
82,2,100,9.33,4
83,2,100,9.24,4
84,2,100,9.2,4
85,2,100,9.64,4
86,2,100,8.96,4
87,2,100,8.73,4
88,2,100,9.09,4
89,2,100,9.62,4
90,2,100,9.38,4
91,2,100,9.15,4
92,2,100,9.78,4
93,2,100,9.86,4
94,2,100,9.82,4
95,2,100,10.0,4
96,2,100,9.73,4
97,2,100,9.66,4
98,2,100,9.43,4
99,2,100,9.88,4
100,2,100,9.24,4
101,2,100,9.21,4
102,2,100,10.02,4
103,2,100,9.33,4
104,2,100,8.88,4
105,2,100,8.95,4
106,2,100,9.53,4
107,2,100,10.31,4
108,2,100,9.97,4
109,2,100,10.17,4
110,2,100,8.99,4
111,2,100,9.27,4
112,2,100,9.44,4
113,2,100,9.01,4
114,2,100,9.2,4
115,2,100,9.28,4
116,2,100,9.72,4
117,2,100,9.42,4
118,2,100,10.22,4
119,2,100,9.57,4
120,2,100,9.15,4
121,2,100,9.3,4
122,2,100,9.63,4
123,2,100,9.24,4
124,2,100,9.52,4
125,2,100,9.3,4
126,2,100,9.9,4
127,2,100,9.33,4
128,2,100,9.15,4
129,2,100,9.46,4
130,2,100,10.01,4
131,2,100,9.87,4
132,2,100,8.67,4
133,2,100,9.32,4
134,2,100,9.73,4
135,2,100,9.91,4
136,2,100,9.08,4
137,2,100,9.62,4
138,2,100,9.42,4
139,2,100,9.8,4
140,2,100,9.47,4
141,2,100,9.09,4
142,2,100,9.21,4
143,2,100,9.51,4
144,2,100,10.11,4
145,2,100,9.38,4
146,2,100,9.31,4
147,2,100,9.04,4
148,2,100,9.54,4
149,2,100,8.46,4
150,2,100,9.12,4
151,2,100,9.48,4
152,2,100,9.6,4
153,2,100,9.72,4
154,2,100,9.47,4
155,2,100,9.18,4
156,2,100,9.07,4
157,2,100,9.45,4
158,2,100,9.19,4
159,2,100,9.45,4
160,2,100,9.15,4
161,2,100,9.4,4
162,2,100,9.35,4
163,2,100,8.78,4
164,2,100,9.99,4
165,2,100,9.53,4
166,2,100,9.55,4
167,2,100,9.38,4
168,2,100,9.49,4
169,2,100,9.36,4
170,2,100,8.89,4
171,2,100,9.63,4
172,2,100,9.3,4
173,2,100,8.83,4
174,2,100,9.72,4
175,2,100,9.88,4
176,2,100,9.19,4
177,2,100,8.56,4
178,2,100,9.27,4
179,2,100,9.32,4
180,2,100,9.33,4
181,2,100,9.21,4
182,2,100,10.09,4
183,2,100,9.49,4
184,2,100,9.01,4
185,2,100,9.14,4
186,2,100,9.21,4
187,2,100,8.97,4
188,2,100,9.0,4
189,2,100,9.75,4
190,2,100,9.02,4
191,2,100,8.77,4
192,2,100,9.46,4
193,2,100,10.5,4
194,2,100,10.06,4
195,2,100,10.05,4
196,2,100,8.94,4
197,2,100,9.22,4
198,2,100,8.95,4
199,2,100,9.83,4
200,2,100,9.66,4
201,2,100,9.9,4
202,2,100,9.29,4
203,2,100,9.51,4
204,2,100,9.32,4
205,2,100,9.26,4
206,2,100,10.22,4
207,2,100,9.32,4
208,2,100,9.24,4
209,2,100,9.72,4
210,2,100,9.16,4
211,2,100,9.17,4
212,2,100,8.95,4
213,2,100,9.1,4
214,2,100,9.99,4
215,2,100,9.37,4
216,2,100,9.0,4
217,2,100,8.77,4
218,2,100,9.25,4
219,2,100,9.39,4
220,2,100,8.75,4
221,2,100,9.32,4
222,2,100,9.75,4
223,2,100,9.07,4
224,2,100,9.36,4
225,2,100,8.94,4
226,2,100,9.47,4
227,2,100,9.25,4
228,2,100,9.47,4
229,2,100,9.33,4
230,2,100,8.53,4
231,2,100,9.26,4
232,2,100,8.98,4
233,2,100,9.09,4
234,2,100,9.13,4
235,2,100,9.11,4
236,2,100,9.48,4
237,2,100,9.41,4
238,2,100,9.65,4
239,2,100,10.3,4
240,2,100,10.21,4
241,2,100,10.17,4
242,2,100,9.9,4
243,2,100,9.22,4
244,2,100,9.98,4
245,2,100,8.83,4
246,2,100,9.31,4
247,2,100,8.98,4
248,2,100,9.09,4
249,2,100,9.85,4
250,2,100,8.97,4
251,2,100,9.51,4
252,2,100,9.29,4
253,2,100,9.43,4
254,2,100,9.48,4
255,2,100,8.87,4
256,2,100,8.68,4
257,2,100,9.28,4
258,2,100,9.31,4
259,2,100,9.46,4
260,2,100,9.54,4
261,2,100,9.47,4
262,2,100,8.89,4
263,2,100,9.68,4
264,2,100,9.89,4
265,2,100,9.22,4
266,2,100,9.43,4
267,2,100,9.23,4
268,2,100,9.81,4
269,2,100,9.85,4
270,2,100,9.66,4
271,2,100,9.86,4
272,2,100,9.29,4
273,2,100,9.63,4
274,2,100,9.6,4
275,2,100,9.28,4
276,2,100,9.01,4
277,2,100,9.57,4
278,2,100,8.89,4
279,2,100,9.33,4
280,2,100,8.88,4
281,2,100,8.52,4
282,2,100,9.29,4
283,2,100,8.86,4
284,2,100,9.18,4
285,2,100,8.92,4
286,2,100,9.0,4
287,2,100,9.09,4
288,2,100,9.0,4
289,2,100,9.38,4
290,2,100,9.07,4
291,2,100,8.69,4
292,2,100,9.89,4
293,2,100,9.27,4
294,2,100,9.13,4
295,2,100,9.03,4
296,2,100,9.35,4
297,2,100,9.26,4
298,2,100,9.42,4
299,2,100,9.65,4
300,2,100,9.05,4
301,2,100,9.23,4
302,2,100,9.99,4
303,2,100,9.61,4
304,2,100,9.52,4
305,2,100,9.27,4
306,2,100,10.32,4
307,2,100,9.59,4
308,2,100,9.81,4
309,2,100,9.93,4
310,2,100,9.55,4
311,2,100,8.79,4
312,2,100,9.84,4
313,2,100,8.85,4
314,2,100,9.48,4
315,2,100,9.1,4
316,2,100,9.31,4
317,2,100,9.22,4
318,2,100,9.54,4
319,2,100,9.0,4
320,2,100,9.27,4
321,2,100,9.41,4
322,2,100,9.43,4
323,2,100,9.34,4
324,2,100,9.04,4
325,2,100,9.19,4
326,2,100,9.1,4
327,2,100,9.45,4
328,2,100,9.49,4
329,2,100,9.49,4
330,2,100,9.2,4
331,2,100,9.14,4
332,2,100,9.32,4
333,2,100,9.45,4
334,2,100,9.15,4
335,2,100,10.19,4
336,2,100,9.74,4
337,2,100,9.23,4
338,2,100,9.64,4
339,2,100,9.08,4
340,2,100,9.2,4
341,2,100,9.55,4
342,2,100,9.47,4
343,2,100,9.33,4
344,2,100,8.99,4
345,2,100,8.87,4
346,2,100,9.33,4
347,2,100,9.06,4
348,2,100,9.73,4
349,2,100,9.61,3
350,2,100,8.6,3
351,2,100,9.3,3
352,2,100,8.37,3
353,2,100,8.53,3
354,2,100,9.0,3
355,2,100,9.01,3
356,2,100,7.85,3
357,2,100,7.96,3
358,2,100,8.41,3
359,2,100,8.19,3
360,2,100,8.77,3
361,2,100,8.6,3
362,2,100,8.95,3
363,2,100,8.53,3
364,2,100,9.05,3
365,2,100,8.6,3
366,2,100,8.49,3
367,2,100,8.09,3
368,2,100,8.04,3
369,2,100,8.3,3
370,2,100,7.9,3
371,2,100,7.81,3
372,2,100,7.68,3
373,2,100,7.81,3
374,2,100,8.31,3
375,2,100,8.0,2
376,2,100,8.4,2
377,2,100,7.83,2
378,2,100,7.22,2
379,2,100,7.49,2
380,2,100,7.51,2
381,2,100,7.39,2
382,2,100,7.14,2
383,2,100,7.55,2
384,2,100,7.39,2
385,2,100,7.07,2
386,2,100,7.43,2
387,2,100,7.71,2
388,2,100,7.47,2
389,2,100,7.08,2
390,2,100,7.48,2
391,2,100,7.22,2
392,2,100,7.36,2
393,2,100,7.71,2
394,2,100,7.3,2
395,2,100,7.46,2
396,2,100,7.61,2
397,2,100,7.89,2
398,2,100,7.42,2
399,2,100,8.36,2
400,2,100,7.48,2
401,2,100,7.5,2
402,2,100,7.71,2
403,2,100,7.95,2
404,2,100,7.58,2
405,2,100,7.65,2
406,2,100,8.06,2
407,2,100,7.05,2
408,2,100,8.29,2
409,2,100,7.33,2
410,2,100,7.57,2
411,2,100,7.46,2
412,2,100,7.76,2
413,2,100,7.53,2
414,2,100,7.86,2
415,2,100,8.06,2
416,2,100,8.26,2
417,2,100,7.13,2
418,2,100,7.53,2
419,2,100,7.35,2
420,2,100,8.33,2
421,2,100,7.79,2
422,2,100,8.06,2
423,2,100,8.45,2
424,2,100,7.89,2
425,2,100,6.76,2
426,2,100,7.6,2
427,2,100,7.19,2
428,2,100,7.74,2
429,2,100,7.78,2
430,2,100,7.64,2
431,2,100,7.35,2
432,2,100,7.33,2
433,2,100,7.78,2
434,2,100,7.8,2
435,2,100,8.01,2
436,2,100,8.12,2
437,2,100,7.86,2
438,2,100,7.42,2
439,2,100,7.35,2
440,2,100,7.45,2
441,2,100,7.25,2
442,2,100,7.63,2
443,2,100,7.23,2
444,2,100,7.48,2
445,2,100,7.94,2
446,2,100,7.54,2
447,2,100,7.72,2
448,2,100,7.14,2
449,2,100,7.75,2
450,2,100,7.5,2
451,2,100,7.37,2
452,2,100,7.41,2
453,2,100,7.07,2
454,2,100,7.77,2
455,2,100,7.96,2
456,2,100,7.19,2
457,2,100,6.93,2
458,2,100,7.97,2
459,2,100,7.02,2
460,2,100,7.53,2
461,2,100,7.34,2
462,2,100,8.01,2
463,2,100,8.54,2
464,2,100,8.15,2
465,2,100,7.26,2
466,2,100,7.79,2
467,2,100,7.95,2
468,2,100,7.81,2
469,2,100,7.23,2
470,2,100,7.07,2
471,2,100,7.78,2
472,2,100,7.88,2
473,2,100,8.07,2
474,2,100,7.34,2
475,2,100,7.63,2
476,2,100,7.54,2
477,2,100,7.54,2
478,2,100,7.42,2
479,2,100,7.92,2
480,2,100,8.25,2
481,2,100,7.99,2
482,2,100,8.31,2
483,2,100,8.23,2
484,2,100,7.88,2
485,2,100,7.29,2
486,2,100,7.05,2
487,2,100,7.51,2
488,2,100,8.06,2
489,2,100,7.85,2
490,2,100,7.75,2
491,2,100,7.64,2
492,2,100,8.2,2
493,2,100,7.47,2
494,2,100,8.67,2
495,2,100,7.47,2
496,2,100,7.57,2
497,2,100,7.01,2
498,2,100,7.71,2
499,2,100,7.1,2
500,2,100,8.06,2
501,2,100,7.06,2
502,2,100,6.87,1
503,2,100,6.66,1
504,2,100,5.62,1
505,2,100,6.59,1
506,2,100,6.64,1
507,2,100,6.91,1
508,2,100,6.37,1
509,2,100,6.45,1
510,2,100,6.83,1
511,2,100,6.79,1
512,2,100,6.57,1
513,2,100,6.89,1
514,2,100,5.89,1
515,2,100,6.51,1
516,2,100,6.8,1
517,2,100,7.2,1
518,2,100,6.81,1
519,2,100,6.43,1
520,2,100,6.26,1
521,2,100,6.27,1
522,2,100,6.8,1
523,2,100,6.59,1
524,2,100,7.4,1
525,2,100,6.94,1
526,2,100,6.41,1
527,2,100,7.44,1
528,2,100,6.29,1
529,2,100,6.98,1
530,2,100,5.78,1
531,2,100,6.41,1
532,2,100,6.27,1
533,2,100,6.13,1
534,2,100,6.52,1
535,2,100,6.74,1
536,2,100,6.66,1
537,2,100,6.24,1
538,2,100,6.9,1
539,2,100,6.72,1
540,2,100,6.36,1
541,2,100,6.86,1
542,2,100,6.3,1
543,2,100,6.41,1
544,2,100,6.63,1
545,2,100,6.73,1
546,2,100,6.58,1
547,2,100,6.48,1
548,2,100,6.9,1
549,2,100,7.22,1
550,2,100,6.71,1
551,2,100,6.45,1
552,2,100,6.56,1
553,2,100,6.97,1
554,2,100,6.93,1
555,2,100,6.91,1
556,2,100,7.29,1
557,2,100,6.94,1
558,2,100,6.97,1
559,2,100,7.32,1
560,2,100,5.84,1
561,2,100,6.24,1
562,2,100,6.43,1
563,2,100,6.73,1
564,2,100,7.07,1
565,2,100,6.49,1
566,2,100,6.32,1
567,2,100,6.96,1
568,2,100,6.65,1
569,2,100,6.79,1
570,2,100,6.48,1
571,2,100,6.69,1
572,2,100,6.79,1
573,2,100,6.16,1
574,2,100,6.71,1
575,2,100,6.3,1
576,2,100,6.98,1
577,2,100,6.91,1
578,2,100,6.94,1
579,2,100,7.37,1
580,2,100,7.01,1
581,2,100,6.59,1
582,2,100,6.65,1
583,2,100,6.94,1
584,2,100,5.83,1
585,2,100,6.58,1
586,2,100,6.41,1
587,2,100,6.43,1
588,2,100,7.05,1
589,2,100,6.62,1
590,2,100,6.06,1
591,2,100,5.95,1
592,2,100,6.77,1
593,2,100,7.08,1
594,2,100,7.41,1
595,2,100,6.53,1
596,2,100,6.9,1
597,2,100,7.1,1
598,2,100,6.62,1
599,2,100,7.28,1
600,2,100,6.68,1
601,2,100,6.66,1
602,2,100,6.72,1
603,2,100,6.6,1
604,2,100,5.82,1
605,2,100,6.25,1
606,2,100,6.89,1
607,2,100,6.89,1
608,2,100,6.96,1
609,2,100,6.22,1
610,2,100,6.63,1
611,2,100,6.44,1
612,2,100,5.96,1
613,2,100,6.77,1
614,2,100,6.53,1
615,2,100,7.25,1
616,2,100,6.72,1
617,2,100,6.17,1
618,2,100,7.06,1
619,2,100,6.86,1
620,2,100,7.37,1
621,2,100,6.65,1
622,2,100,6.58,1
623,2,100,5.88,1
624,2,100,6.16,1
625,2,100,7.02,1
626,2,100,6.92,1
627,2,100,6.26,1
628,2,100,7.54,1
629,2,100,6.85,1
630,2,100,6.04,1
631,2,100,6.47,1
632,2,100,6.32,1
633,2,100,5.91,1
634,2,100,6.99,1
635,2,100,6.94,1
636,2,100,7.36,1
637,2,100,7.33,1
638,2,100,6.2,1
639,2,100,7.08,1
640,2,100,6.94,1
641,2,100,6.47,1
642,2,100,6.15,1
643,2,100,6.76,1
644,2,100,6.48,1
645,2,100,6.82,1
646,2,100,6.39,1
647,2,100,6.37,1
648,2,100,6.95,1
649,2,100,6.74,1
650,2,100,6.24,1
651,2,100,5.69,1
652,2,100,6.46,1
653,2,100,6.74,1
654,2,100,6.27,1
655,2,100,7.09,1
656,2,100,6.34,1
657,2,100,6.35,1
658,2,100,7.87,1
659,2,100,6.47,1
660,2,100,6.78,1
661,2,100,7.22,1
662,2,100,7.27,1
663,2,100,7.47,1
664,2,100,6.77,1
665,2,100,6.68,1
666,2,100,6.47,1
667,2,100,6.91,1
668,2,100,6.71,1
669,2,100,6.86,1
670,2,100,7.12,1
671,2,100,6.42,1
672,2,100,6.86,1
673,2,100,7.02,1
674,2,100,6.52,1
675,2,100,6.39,1
676,2,100,7.11,1
677,2,100,6.68,1
678,2,100,7.29,1
679,2,100,6.64,1
680,2,100,6.34,1
681,2,100,6.73,1
682,2,100,6.4,1
683,2,100,7.03,1
684,2,100,7.54,1
685,2,100,6.53,1
686,2,100,6.66,1
687,2,100,6.61,1
688,2,100,6.51,1
689,2,100,6.34,1
690,2,100,6.31,1
691,2,100,5.64,1
692,2,100,6.72,1
693,2,100,7.0,1
694,2,100,6.99,1
695,2,100,7.31,1
696,2,100,7.27,1
697,2,100,7.12,1
698,2,100,6.96,1
699,2,100,7.11,1
700,2,100,6.64,1
701,2,100,6.12,1
702,2,100,5.91,1
703,2,100,6.56,1
704,2,100,7.16,1
705,2,100,6.37,1
706,2,100,7.37,1
707,2,100,7.09,1
708,2,100,7.07,1
709,2,100,7.52,1
710,2,100,6.96,1
711,2,100,7.44,1
712,2,100,6.37,1
713,2,100,6.68,1
714,2,100,6.85,1
715,2,100,6.2,1
716,2,100,6.66,1
717,2,100,6.45,1
718,2,100,6.24,1
719,2,100,7.48,1
720,2,100,6.35,1
721,2,100,6.52,1
722,2,100,6.5,1
723,2,100,7.35,1
724,2,100,6.67,1
725,2,100,6.52,1
726,2,100,7.03,1
727,2,100,6.49,1
728,2,100,7.0,1
729,2,100,6.88,1
730,2,100,6.54,1
731,2,100,6.56,1
732,2,100,6.71,1
733,2,100,6.77,1
734,2,100,7.12,1
735,2,100,6.69,1
736,2,100,6.47,1
737,2,100,7.02,1
738,2,100,6.39,1
739,2,100,6.52,1
740,2,100,6.42,1
741,2,100,6.77,1
742,2,100,6.24,1
743,2,100,6.68,1
744,2,100,6.43,1
745,2,100,6.6,1
746,2,100,6.73,1
747,2,100,6.43,1
748,2,100,7.23,1
749,2,100,7.05,1
750,2,100,7.13,1
751,2,100,6.91,1
752,2,100,6.17,1
753,2,100,7.3,1
754,2,100,6.67,1
755,2,100,6.69,1
756,2,100,7.06,1
757,2,100,6.8,1
758,2,100,6.74,1
759,2,100,7.06,1
760,2,100,6.52,1
761,2,100,6.16,1
762,2,100,6.5,1
763,2,100,6.39,1
764,2,100,6.99,1
765,2,100,6.94,1
766,2,100,6.83,1
767,2,100,6.61,1
768,2,100,5.99,1
769,2,100,6.75,1
770,2,100,6.74,1
771,2,100,6.96,1
772,2,100,6.38,1
773,2,100,6.14,1
774,2,100,6.7,1
775,2,100,7.6,1
776,2,100,7.59,1
777,2,100,7.39,1
778,2,100,6.41,1
779,2,100,6.94,1
780,2,100,7.57,1
781,2,100,7.34,1
782,2,100,6.26,1
783,2,100,6.84,1
784,2,100,6.37,1
785,2,100,6.57,1
786,2,100,6.29,1
787,2,100,7.44,1
788,2,100,6.97,1
789,2,100,6.86,1
790,2,100,6.47,1
791,2,100,6.56,1
792,2,100,6.69,1
793,2,100,7.01,1
794,2,100,6.78,1
795,2,100,6.57,1
796,2,100,7.37,1
797,2,100,7.16,1
798,2,100,6.97,1
799,2,100,6.52,1
800,2,100,6.58,1
801,2,100,6.47,1
802,2,100,7.01,1
803,2,100,8.11,1
804,2,100,6.89,1
805,2,100,7.01,1
806,2,100,6.59,1
807,2,100,6.6,1
808,2,100,6.58,1
809,2,100,6.35,1
810,2,100,6.34,1
811,2,100,6.54,1
812,2,100,6.97,1
813,2,100,5.93,1
814,2,100,6.37,1
815,2,100,6.73,1
816,2,100,6.3,1
817,2,100,6.49,1
818,2,100,6.63,1
819,2,100,6.42,1
820,2,100,6.58,1
821,2,100,6.61,1
822,2,100,6.51,1
823,2,100,7.15,1
824,2,100,6.42,1
825,2,100,6.83,1
826,2,100,7.01,1
827,2,100,6.57,1
828,2,100,6.37,1
829,2,100,6.92,1
830,2,100,6.48,1
831,2,100,6.77,1
832,2,100,6.81,1
833,2,100,6.65,1
834,2,100,6.52,1
835,2,100,6.34,1
836,2,100,6.67,1
837,2,100,6.63,1
838,2,100,6.81,1
839,2,100,6.11,1
840,2,100,6.23,1
841,2,100,6.61,1
842,2,100,6.6,1
843,2,100,6.28,1
844,2,100,6.66,1
845,2,100,6.79,1
846,2,100,6.62,1
847,2,100,6.15,1
848,2,100,6.38,1
849,2,100,6.94,1
850,2,100,6.37,1
851,2,100,6.21,1
852,2,100,7.0,1
853,2,100,6.73,1
854,2,100,7.13,1
855,2,100,6.98,1
856,2,100,6.66,1
857,2,100,6.61,1
858,2,100,6.85,1
859,2,100,6.81,1
860,2,100,6.41,1
861,2,100,6.12,1
862,2,100,7.09,1
863,2,100,6.76,1
864,2,100,7.05,1
865,2,100,6.5,1
866,2,100,5.98,1
867,2,100,6.67,1
868,2,100,6.89,1
869,2,100,6.71,1
870,2,100,6.82,1
871,2,100,6.76,1
872,2,100,6.41,1
873,2,100,6.7,1
874,2,100,7.08,1
875,2,100,6.71,1
876,2,100,5.72,1
877,2,100,6.49,1
878,2,100,6.17,1
879,2,100,6.93,1
880,2,100,6.99,1
881,2,100,7.1,1
882,2,100,6.77,1
883,2,100,7.0,1
884,2,100,7.12,1
885,2,100,7.46,1
886,2,100,7.04,1
887,2,100,6.82,1
888,2,100,7.63,1
889,2,100,7.08,1
890,2,100,6.89,1
891,2,100,6.45,1
892,2,100,6.66,1
893,2,100,7.13,1
894,2,100,6.69,1
895,2,100,6.66,1
896,2,100,6.29,1
897,2,100,7.06,1
898,2,100,6.52,1
899,2,100,7.53,1
900,2,100,6.62,1
901,2,100,6.73,1
902,2,100,6.39,1
903,2,100,6.68,1
904,2,100,6.51,1
905,2,100,7.14,1
906,2,100,6.66,1
907,2,100,6.42,1
908,2,100,6.74,1
909,2,100,6.72,1
910,2,100,7.06,1
911,2,100,6.71,1
912,2,100,6.6,1
913,2,100,6.37,1
914,2,100,6.84,1
915,2,100,6.71,1
916,2,100,6.54,1
917,2,100,6.66,1
918,2,100,6.46,1
919,2,100,6.58,1
920,2,100,6.96,1
921,2,100,6.55,1
922,2,100,6.24,1
923,2,100,7.21,1
924,2,100,6.37,1
925,2,100,6.44,1
926,2,100,6.43,1
927,2,100,7.11,1
928,2,100,7.23,1
929,2,100,6.63,1
930,2,100,6.55,1
931,2,100,6.01,1
932,2,100,5.74,1
933,2,100,6.37,1
934,2,100,7.18,1
935,2,100,6.82,1
936,2,100,6.15,1
937,2,100,6.21,1
938,2,100,6.8,1
939,2,100,7.27,1
940,2,100,6.79,1
941,2,100,6.64,1
942,2,100,6.95,1
943,2,100,6.74,1
944,2,100,6.84,1
945,2,100,6.74,1
946,2,100,6.37,1
947,2,100,6.41,1
948,2,100,6.78,1
949,2,100,7.29,1
950,2,100,6.91,1
951,2,100,6.41,1
952,2,100,6.15,1
953,2,100,6.22,1
954,2,100,6.76,1
955,2,100,6.8,1
956,2,100,6.54,1
957,2,100,6.76,1
958,2,100,6.56,1
959,2,100,6.26,1
960,2,100,6.7,1
961,2,100,6.05,1
962,2,100,6.61,1
963,2,100,6.08,1
964,2,100,6.52,1
965,2,100,7.24,1
966,2,100,7.13,1
967,2,100,6.3,1
968,2,100,7.05,1
969,2,100,6.61,1
970,2,100,6.46,1
971,2,100,6.78,1
972,2,100,6.53,1
973,2,100,7.31,1
974,2,100,7.7,1
975,2,100,7.17,1
976,2,100,6.65,1
977,2,100,6.53,1
978,2,100,6.74,1
979,2,100,7.62,1
980,2,100,6.24,1
981,2,100,6.14,1
982,2,100,6.75,1
983,2,100,6.62,1
984,2,100,6.89,1
985,2,100,6.82,1
986,2,100,7.1,1
987,2,100,6.47,1
988,2,100,6.21,1
989,2,100,6.72,1
990,2,100,6.87,1
991,2,100,6.82,1
992,2,100,6.78,1
993,2,100,6.52,1
994,2,100,6.61,1
995,2,100,6.81,1
996,2,100,6.44,1
997,2,100,7.02,1
998,2,100,7.28,1
999,2,100,6.35,1
1000,2,100,6.6,1
1001,2,100,6.57,1
1002,2,100,6.75,1
1003,2,100,6.84,1
1004,2,100,6.91,1
1005,2,100,7.02,1
1006,2,100,7.33,1
1007,2,100,7.36,1
1008,2,100,6.68,1
1009,2,100,7.28,1
1010,2,100,6.71,1
1011,2,100,7.09,1
1012,2,100,6.59,1
1013,2,100,6.66,1
1014,2,100,7.28,1
1015,2,100,6.28,1
1016,2,100,7.14,1
1017,2,100,6.05,1
1018,2,100,6.58,1
1019,2,100,7.03,1
1020,2,100,6.81,1
1021,2,100,7.01,1
1022,2,100,7.35,1
1023,2,100,6.18,1
1024,2,100,7.02,1
1025,2,100,5.79,1
1026,2,100,6.87,1
1027,2,100,7.33,1
1028,2,100,6.94,1
1029,2,100,6.22,1
1030,2,100,7.0,1
1031,2,100,6.92,1
1032,2,100,6.92,1
1033,2,100,6.68,1
1034,2,100,6.81,1
1035,2,100,6.37,1
1036,2,100,6.91,1
1037,2,100,6.34,1
1038,2,100,6.67,1
1039,2,100,6.51,1
1040,2,100,6.68,1
1041,2,100,6.84,1
1042,2,100,6.42,1
1043,2,100,6.57,1
1044,2,100,6.51,1
1045,2,100,6.34,1
1046,2,100,6.46,1
1047,2,100,7.28,1
1048,2,100,6.74,1
1049,2,100,7.36,1
1050,2,100,6.51,1
1051,2,100,6.66,1
1052,2,100,6.07,1
1053,2,100,6.64,1
1054,2,100,6.97,1
1055,2,100,6.4,1
1056,2,100,6.67,1
1057,2,100,6.86,1
1058,2,100,7.45,1
1059,2,100,7.05,1
1060,2,100,7.8,1
1061,2,100,7.41,1
1062,2,100,6.54,1
1063,2,100,7.22,1
1064,2,100,6.09,1
1065,2,100,6.16,1
1066,2,100,6.75,1
1067,2,100,5.89,1
1068,2,100,6.12,1
1069,2,100,5.86,1
1070,2,100,6.78,1
1071,2,100,6.75,1
1072,2,100,6.95,1
1073,2,100,6.39,1
1074,2,100,6.13,1
1075,2,100,7.1,1
1076,2,100,7.13,1
1077,2,100,7.26,1
1078,2,100,6.75,1
1079,2,100,6.5,1
1080,2,100,6.75,1
1081,2,100,6.56,1
1082,2,100,6.12,1
1083,2,100,7.05,1
1084,2,100,6.84,1
1085,2,100,6.72,1
1086,2,100,6.92,1
1087,2,100,6.66,1
1088,2,100,6.5,1
1089,2,100,6.91,1
1090,2,100,6.67,1
1091,2,100,6.4,1
1092,2,100,6.73,1
1093,2,100,7.42,1
1094,2,100,6.82,1
1095,2,100,6.12,1
1096,2,100,6.88,1
1097,2,100,6.85,1
1098,2,100,6.69,1
1099,2,100,7.31,1
1100,2,100,6.61,1
1101,2,100,6.88,1
1102,2,100,7.13,1
1103,2,100,6.54,1
1104,2,100,6.42,1
1105,2,100,6.54,1
1106,2,100,6.75,1
1107,2,100,7.09,1
1108,2,100,6.14,1
1109,2,100,6.23,1
1110,2,100,6.24,1
1111,2,100,6.17,1
1112,2,100,6.82,1
1113,2,100,6.35,1
1114,2,100,6.86,1
1115,2,100,6.57,1
1116,2,100,6.74,1
1117,2,100,7.24,1
1118,2,100,7.22,1
1119,2,100,7.08,1
1120,2,100,7.14,1
1121,2,100,6.36,1
1122,2,100,6.59,1
1123,2,100,6.36,1
1124,2,100,6.97,1
1125,2,100,6.19,1
1126,2,100,6.96,1
1127,2,100,6.71,1
1128,2,100,6.62,1
1129,2,100,6.09,1
1130,2,100,5.86,1
1131,2,100,6.97,1
1132,2,100,6.84,1
1133,2,100,6.82,1
1134,2,100,6.45,1
1135,2,100,7.6,1
1136,2,100,7.38,1
1137,2,100,6.87,1
1138,2,100,5.8,1
1139,2,100,6.95,1
1140,2,100,6.6,1
1141,2,100,7.62,1
1142,2,100,6.85,1
1143,2,100,6.31,1
1144,2,100,6.45,1
1145,2,100,6.64,1
1146,2,100,6.73,1
1147,2,100,6.49,1
1148,2,100,7.4,1
1149,2,100,6.56,1
1150,2,100,6.47,1
1151,2,100,6.05,1
1152,2,100,6.52,1
1153,2,100,6.81,1
1154,2,100,6.83,1
1155,2,100,6.73,1
1156,2,100,6.86,1
1157,2,100,6.96,1
1158,2,100,6.82,1
1159,2,100,6.21,1
1160,2,100,6.62,1
1161,2,100,6.65,1
1162,2,100,6.16,1
1163,2,100,7.37,1
1164,2,100,7.11,1
1165,2,100,6.79,1
1166,2,100,6.82,1
1167,2,100,6.54,1
1168,2,100,6.59,1
1169,2,100,7.13,1
1170,2,100,6.64,1
1171,2,100,6.89,1
1172,2,100,6.44,1
1173,2,100,7.14,1
1174,2,100,6.54,1
1175,2,100,6.76,1
1176,2,100,6.92,1
1177,2,100,6.64,1
1178,2,100,7.12,1
1179,2,100,7.37,1
1180,2,100,6.68,1
1181,2,100,6.83,1
1182,2,100,7.23,1
1183,2,100,6.98,1
1184,2,100,6.35,1
1185,2,100,6.25,1
1186,2,100,6.53,1
1187,2,100,6.38,1
1188,2,100,6.53,1
1189,2,100,7.01,1
1190,2,100,6.61,1
1191,2,100,6.61,1
1192,2,100,6.76,1
1193,2,100,6.41,1
1194,2,100,6.72,1
1195,2,100,6.26,1
1196,2,100,6.59,1
1197,2,100,6.24,1
1198,2,100,5.73,1
1199,2,100,6.97,1
1200,2,100,6.82,1
1201,2,100,6.68,1
1202,2,100,6.56,1
1203,2,100,7.0,1
1204,2,100,7.12,1
1205,2,100,6.25,1
1206,2,100,6.27,1
1207,2,100,6.81,1
1208,2,100,5.87,1
1209,2,100,6.31,1
1210,2,100,7.05,1
1211,2,100,7.13,1
1212,2,100,6.67,1
1213,2,100,6.67,1
1214,2,100,7.13,1
1215,2,100,6.3,1
1216,2,100,6.61,1
1217,2,100,6.93,1
1218,2,100,7.14,1
1219,2,100,6.32,1
1220,2,100,6.28,1
1221,2,100,6.19,1
1222,2,100,7.09,1
1223,2,100,6.66,1
1224,2,100,7.36,1
1225,2,100,6.65,1
1226,2,100,7.21,1
1227,2,100,6.59,1
1228,2,100,7.1,1
1229,2,100,6.91,1
1230,2,100,6.56,1
1231,2,100,6.6,1
1232,2,100,6.71,1
1233,2,100,6.47,1
1234,2,100,7.02,1
1235,2,100,7.67,1
1236,2,100,7.0,1
1237,2,100,6.9,1
1238,2,100,6.9,1
1239,2,100,6.06,1
1240,2,100,6.26,1
1241,2,100,6.54,1
1242,2,100,6.69,1
1243,2,100,6.71,1
1244,2,100,6.37,1
1245,2,100,6.5,1
1246,2,100,6.26,1
1247,2,100,6.54,1
1248,2,100,6.58,1
1249,2,100,6.93,1
1250,2,100,6.46,1
1251,2,100,6.93,1
1252,2,100,6.57,1
1253,2,100,7.0,1
1254,2,100,6.68,1
1255,2,100,6.88,1
1256,2,100,6.88,1
1257,2,100,7.14,1
1258,2,100,6.33,1
1259,2,100,6.5,1
1260,2,100,6.58,1
1261,2,100,6.73,1
1262,2,100,6.34,1
1263,2,100,6.7,1
1264,2,100,5.96,1
1265,2,100,6.35,1
1266,2,100,6.51,1
1267,2,100,7.04,1
1268,2,100,6.33,1
1269,2,100,6.61,1
1270,2,100,6.0,1
1271,2,100,6.34,1
1272,2,100,6.47,1
1273,2,100,6.88,1
1274,2,100,7.15,1
1275,2,100,6.66,1
1276,2,100,6.91,1
1277,2,100,6.93,1
1278,2,100,6.11,1
1279,2,100,6.32,1
1280,2,100,6.93,1
1281,2,100,6.91,1
1282,2,100,6.36,1
1283,2,100,7.47,1
1284,2,100,6.15,1
1285,2,100,6.32,1
1286,2,100,6.77,1
1287,2,100,7.35,1
1288,2,100,6.71,1
1289,2,100,6.15,1
1290,2,100,6.27,1
1291,2,100,6.65,1
1292,2,100,6.44,1
1293,2,100,6.61,1
1294,2,100,6.06,1
1295,2,100,6.76,1
1296,2,100,7.12,1
1297,2,100,6.75,1
1298,2,100,6.29,1
1299,2,100,5.99,1
1300,2,100,6.02,1
1301,2,100,6.7,1
1302,2,100,7.49,1
1303,2,100,7.15,1
1304,2,100,6.89,1
1305,2,100,6.35,1
1306,2,100,6.87,1
1307,2,100,5.95,1
1308,2,100,6.16,1
1309,2,100,6.62,1
1310,2,100,6.9,1
1311,2,100,6.96,1
1312,2,100,7.12,1
1313,2,100,6.87,1
1314,2,100,7.09,1
1315,2,100,7.11,1
1316,2,100,6.43,1
1317,2,100,6.5,1
1318,2,100,6.58,1
1319,2,100,6.01,1
1320,2,100,6.36,1
1321,2,100,6.33,1
1322,2,100,6.88,1
1323,2,100,6.68,1
1324,2,100,6.45,1
1325,2,100,6.52,1
1326,2,100,6.79,1
1327,2,100,7.02,1
1328,2,100,6.56,1
1329,2,100,6.67,1
1330,2,100,6.89,1
1331,2,100,6.62,1
1332,2,100,6.67,1
1333,2,100,6.76,1
1334,2,100,6.61,1
1335,2,100,7.19,1
1336,2,100,7.26,1
1337,2,100,7.18,1
1338,2,100,6.91,1
1339,2,100,6.99,1
1340,2,100,6.19,1
1341,2,100,5.89,1
1342,2,100,6.53,1
1343,2,100,6.93,1
1344,2,100,7.11,1
1345,2,100,7.25,1
1346,2,100,6.93,1
1347,2,100,7.2,1
1348,2,100,6.61,1
1349,2,100,5.99,1
1350,2,100,6.77,1
1351,2,100,6.55,1
1352,2,100,6.9,1
1353,2,100,6.88,1
1354,2,100,7.19,1
1355,2,100,7.03,1
1356,2,100,6.58,1
1357,2,100,6.5,1
1358,2,100,6.54,1
1359,2,100,6.32,1
1360,2,100,7.28,1
1361,2,100,7.0,1
1362,2,100,6.11,1
1363,2,100,6.58,1
1364,2,100,7.11,1
1365,2,100,6.99,1
1366,2,100,6.97,1
1367,2,100,7.25,1
1368,2,100,7.11,1
1369,2,100,6.67,1
1370,2,100,6.81,1
1371,2,100,6.83,1
1372,2,100,6.38,1
1373,2,100,6.89,1
1374,2,100,6.9,1
1375,2,100,6.86,1
1376,2,100,6.8,1
1377,2,100,6.42,1
1378,2,100,7.28,1
1379,2,100,7.32,1
1380,2,100,7.0,1
1381,2,100,6.83,1
1382,2,100,6.92,1
1383,2,100,6.58,1
1384,2,100,6.51,1
1385,2,100,7.16,1
1386,2,100,6.81,1
1387,2,100,6.64,1
1388,2,100,7.19,1
1389,2,100,6.59,1
1390,2,100,6.75,1
1391,2,100,6.62,1
1392,2,100,6.71,1
1393,2,100,7.11,1
1394,2,100,6.94,1
1395,2,100,7.59,1
1396,2,100,6.74,1
1397,2,100,6.55,1
1398,2,100,6.82,1
1399,2,100,7.42,1
1400,2,100,7.18,1
1401,2,100,7.06,1
1402,2,100,7.28,1
1403,2,100,7.46,1
1404,2,100,7.14,1
1405,2,100,6.47,1
1406,2,100,6.37,1
1407,2,100,6.44,1
1408,2,100,6.41,1
1409,2,100,5.96,1
1410,2,100,6.58,1
1411,2,100,6.58,1
1412,2,100,6.64,1
1413,2,100,6.82,1
1414,2,100,6.6,1
1415,2,100,7.09,1
1416,2,100,6.62,1
1417,2,100,6.35,1
1418,2,100,6.76,1
1419,2,100,6.31,1
1420,2,100,6.04,1
1421,2,100,5.97,1
1422,2,100,6.53,1
1423,2,100,6.99,1
1424,2,100,6.56,1
1425,2,100,6.76,1
1426,2,100,6.95,1
1427,2,100,7.35,1
1428,2,100,6.49,1
1429,2,100,7.22,1
1430,2,100,6.49,1
1431,2,100,6.46,1
1432,2,100,6.13,1
1433,2,100,6.81,1
1434,2,100,6.75,1
1435,2,100,6.21,1
1436,2,100,6.48,1
1437,2,100,6.28,1
1438,2,100,6.17,1
1439,2,100,6.65,1
1440,2,100,6.41,1
1441,2,100,6.47,1
1442,2,100,7.18,1
1443,2,100,6.88,1
1444,2,100,5.69,1
1445,2,100,6.5,1
1446,2,100,6.52,1
1447,2,100,6.69,1
1448,2,100,6.47,1
1449,2,100,6.91,1
1450,2,100,6.89,1
1451,2,100,6.46,1
1452,2,100,6.97,1
1453,2,100,6.07,1
1454,2,100,6.23,1
1455,2,100,6.33,1
1456,2,100,6.47,1
1457,2,100,6.66,1
1458,2,100,6.62,1
1459,2,100,7.44,1
1460,2,100,7.01,1
1461,2,100,6.93,1
1462,2,100,6.38,1
1463,2,100,6.94,1
1464,2,100,6.45,1
1465,2,100,6.34,1
1466,2,100,7.02,1
1467,2,100,7.02,1
1468,2,100,7.37,1
1469,2,100,7.27,1
1470,2,100,6.49,1
1471,2,100,6.62,1
1472,2,100,6.85,1
1473,2,100,6.47,1
1474,2,100,6.3,1
1475,2,100,6.74,1
1476,2,100,6.84,1
1477,2,100,6.57,1
1478,2,100,6.73,1
1479,2,100,7.68,1
1480,2,100,6.35,1
1481,2,100,6.24,1
1482,2,100,6.43,1
1483,2,100,6.04,1
1484,2,100,7.35,1
1485,2,100,6.34,1
1486,2,100,7.2,1
1487,2,100,6.58,1
1488,2,100,7.13,1
1489,2,100,6.82,1
1490,2,100,6.74,1
1491,2,100,6.91,1
1492,2,100,6.81,1
1493,2,100,6.55,1
1494,2,100,6.52,1
1495,2,100,7.06,1
1496,2,100,7.24,1
1497,2,100,6.99,1
1498,2,100,6.64,1
1499,2,100,7.3,1
1500,2,100,6.2,1
1501,2,100,6.96,1
1502,2,100,6.13,1
1503,2,100,6.63,1
1504,2,100,6.53,1
1505,2,100,6.34,1
1506,2,100,6.28,1
1507,2,100,6.77,1
1508,2,100,6.49,1
1509,2,100,6.0,1
1510,2,100,7.11,1
1511,2,100,6.49,1
1512,2,100,6.57,1
1513,2,100,6.59,1
1514,2,100,7.17,1
1515,2,100,6.46,1
1516,2,100,7.05,1
1517,2,100,7.28,1
1518,2,100,7.31,1
1519,2,100,6.6,1
1520,2,100,5.84,1
1521,2,100,5.91,1
1522,2,100,6.86,1
1523,2,100,6.65,1
1524,2,100,6.61,1
1525,2,100,6.75,1
1526,2,100,6.51,1
1527,2,100,6.51,1
1528,2,100,6.89,1
1529,2,100,6.29,1
1530,2,100,6.6,1
1531,2,100,6.61,1
1532,2,100,6.64,1
1533,2,100,6.79,1
1534,2,100,6.76,1
1535,2,100,6.59,1
1536,2,100,6.46,1
1537,2,100,6.51,1
1538,2,100,6.92,1
1539,2,100,6.97,1
1540,2,100,7.03,1
1541,2,100,6.69,1
1542,2,100,6.64,1
1543,2,100,6.46,1
1544,2,100,6.77,1
1545,2,100,6.32,1
1546,2,100,6.33,1
1547,2,100,6.29,1
1548,2,100,6.61,1
1549,2,100,6.91,1
1550,2,100,7.62,1
1551,2,100,6.25,1
1552,2,100,6.18,1
1553,2,100,6.47,1
1554,2,100,6.2,1
1555,2,100,7.17,1
1556,2,100,6.73,1
1557,2,100,6.68,1
1558,2,100,6.82,1
1559,2,100,6.83,1
1560,2,100,6.99,1
1561,2,100,7.05,1
1562,2,100,6.96,1
1563,2,100,7.14,1
1564,2,100,6.78,1
1565,2,100,6.9,1
1566,2,100,6.87,1
1567,2,100,6.79,1
1568,2,100,7.13,1
1569,2,100,7.08,1
1570,2,100,7.57,1
1571,2,100,6.41,1
1572,2,100,7.48,1
1573,2,100,6.94,1
1574,2,100,6.81,1
1575,2,100,6.56,1
1576,2,100,6.03,1
1577,2,100,6.38,1
1578,2,100,7.32,1
1579,2,100,6.56,1
1580,2,100,6.65,1
1581,2,100,6.74,1
1582,2,100,6.75,1
1583,2,100,6.46,1
1584,2,100,6.66,1
1585,2,100,6.46,1
1586,2,100,6.73,1
1587,2,100,7.55,1
1588,2,100,6.72,1
1589,2,100,6.03,1
1590,2,100,7.1,1
1591,2,100,6.92,1
1592,2,100,6.68,1
1593,2,100,6.91,1
1594,2,100,6.81,1
1595,2,100,6.26,1
1596,2,100,6.51,1
1597,2,100,6.38,1
1598,2,100,6.77,1
1599,2,100,7.14,1
1600,2,100,7.12,1
1601,2,100,6.78,1
1602,2,100,6.43,1
1603,2,100,6.18,1
1604,2,100,6.0,1
1605,2,100,6.08,1
1606,2,100,6.97,1
1607,2,100,6.48,1
1608,2,100,6.4,1
1609,2,100,7.06,1
1610,2,100,6.81,1
1611,2,100,6.59,1
1612,2,100,6.71,1
1613,2,100,5.86,1
1614,2,100,7.35,1
1615,2,100,6.53,1
1616,2,100,6.15,1
1617,2,100,6.57,1
1618,2,100,6.39,1
1619,2,100,6.49,1
1620,2,100,7.25,1
1621,2,100,6.73,1
1622,2,100,6.42,1
1623,2,100,6.31,1
1624,2,100,6.98,1
1625,2,100,6.47,1
1626,2,100,6.81,1
1627,2,100,6.84,1
1628,2,100,6.07,1
1629,2,100,6.79,1
1630,2,100,6.65,1
1631,2,100,6.69,1
1632,2,100,7.05,1
1633,2,100,6.54,1
1634,2,100,7.0,1
1635,2,100,6.77,1
1636,2,100,6.46,1
1637,2,100,6.87,1
1638,2,100,6.52,1
1639,2,100,5.92,0
0,3,100,56.83,41
1,3,100,47.88,36
2,3,100,41.57,34
3,3,100,37.45,30
4,3,100,34.22,29
5,3,100,31.91,27
6,3,100,30.09,25
7,3,100,29.39,24
8,3,100,27.59,21
9,3,100,25.4,20
10,3,100,24.11,18
11,3,100,22.62,16
12,3,100,21.03,15
13,3,100,18.93,14
14,3,100,19.07,13
15,3,100,17.59,13
16,3,100,17.32,13
17,3,100,17.38,12
18,3,100,16.99,12
19,3,100,17.58,11
20,3,100,16.03,10
21,3,100,14.92,10
22,3,100,15.16,10
23,3,100,14.83,10
24,3,100,14.53,10
25,3,100,14.88,10
26,3,100,14.46,10
27,3,100,14.81,10
28,3,100,14.64,10
29,3,100,14.67,10
30,3,100,14.46,10
31,3,100,14.79,10
32,3,100,14.98,10
33,3,100,14.22,10
34,3,100,14.34,10
35,3,100,14.21,10
36,3,100,14.58,9
37,3,100,14.83,8
38,3,100,13.52,8
39,3,100,13.05,8
40,3,100,12.65,7
41,3,100,11.7,7
42,3,100,11.65,7
43,3,100,11.57,7
44,3,100,12.23,7
45,3,100,12.34,7
46,3,100,12.25,7
47,3,100,11.48,6
48,3,100,11.1,6
49,3,100,11.23,6
50,3,100,11.08,6
51,3,100,10.86,6
52,3,100,10.99,4
53,3,100,9.88,4
54,3,100,9.43,4
55,3,100,8.96,4
56,3,100,9.11,4
57,3,100,8.86,4
58,3,100,9.53,4
59,3,100,9.67,4
60,3,100,9.63,4
61,3,100,9.24,4
62,3,100,9.43,4
63,3,100,9.1,4
64,3,100,9.05,4
65,3,100,9.27,4
66,3,100,9.26,4
67,3,100,9.5,4
68,3,100,9.64,4
69,3,100,8.88,4
70,3,100,8.74,4
71,3,100,9.08,4
72,3,100,9.23,4
73,3,100,8.99,4
74,3,100,9.04,4
75,3,100,8.78,4
76,3,100,8.92,4
77,3,100,9.99,4
78,3,100,9.44,4
79,3,100,8.79,4
80,3,100,8.9,4
81,3,100,9.97,4
82,3,100,9.07,4
83,3,100,9.22,4
84,3,100,9.19,4
85,3,100,9.25,3
86,3,100,9.32,3
87,3,100,9.1,3
88,3,100,8.49,3
89,3,100,9.27,3
90,3,100,8.93,3
91,3,100,8.37,3
92,3,100,8.21,3
93,3,100,8.37,3
94,3,100,8.6,3
95,3,100,8.24,3
96,3,100,8.53,3
97,3,100,8.86,3
98,3,100,8.18,3
99,3,100,7.94,3
100,3,100,9.16,3
101,3,100,9.21,2
102,3,100,7.47,2
103,3,100,7.51,2
104,3,100,7.6,2
105,3,100,8.05,2
106,3,100,7.3,2
107,3,100,7.57,2
108,3,100,6.82,2
109,3,100,7.11,2
110,3,100,7.23,2
111,3,100,7.68,2
112,3,100,7.58,2
113,3,100,7.97,2
114,3,100,8.04,2
115,3,100,7.33,2
116,3,100,7.11,2
117,3,100,8.05,2
118,3,100,7.38,2
119,3,100,7.5,2
120,3,100,7.19,2
121,3,100,7.69,2
122,3,100,6.71,2
123,3,100,7.39,2
124,3,100,7.33,2
125,3,100,7.3,2
126,3,100,8.02,2
127,3,100,7.57,2
128,3,100,7.94,2
129,3,100,7.31,2
130,3,100,6.94,2
131,3,100,8.48,2
132,3,100,8.5,2
133,3,100,8.25,2
134,3,100,7.75,2
135,3,100,6.79,2
136,3,100,7.7,2
137,3,100,7.25,2
138,3,100,7.65,2
139,3,100,7.41,2
140,3,100,7.83,2
141,3,100,7.8,2
142,3,100,7.93,2
143,3,100,7.74,2
144,3,100,7.61,2
145,3,100,7.63,2
146,3,100,7.49,2
147,3,100,7.59,2
148,3,100,7.31,2
149,3,100,6.73,2
150,3,100,7.9,2
151,3,100,8.19,2
152,3,100,7.76,2
153,3,100,7.35,2
154,3,100,6.71,2
155,3,100,7.59,2
156,3,100,7.25,2
157,3,100,7.75,2
158,3,100,7.15,2
159,3,100,7.18,2
160,3,100,7.55,2
161,3,100,7.4,2
162,3,100,8.55,2
163,3,100,7.81,2
164,3,100,7.64,2
165,3,100,7.67,2
166,3,100,8.28,2
167,3,100,7.54,2
168,3,100,7.58,2
169,3,100,7.39,2
170,3,100,7.43,2
171,3,100,7.26,2
172,3,100,7.63,2
173,3,100,7.64,2
174,3,100,7.34,2
175,3,100,7.98,2
176,3,100,7.51,2
177,3,100,7.79,2
178,3,100,7.15,2
179,3,100,7.89,2
180,3,100,8.32,2
181,3,100,7.29,2
182,3,100,7.51,2
183,3,100,6.54,2
184,3,100,8.12,2
185,3,100,7.37,2
186,3,100,6.81,2
187,3,100,7.15,2
188,3,100,7.63,2
189,3,100,7.42,2
190,3,100,7.48,2
191,3,100,7.34,2
192,3,100,7.57,2
193,3,100,7.64,2
194,3,100,7.72,2
195,3,100,8.37,2
196,3,100,8.21,2
197,3,100,7.47,2
198,3,100,7.52,2
199,3,100,7.81,2
200,3,100,8.12,2
201,3,100,7.52,2
202,3,100,7.29,2
203,3,100,7.84,2
204,3,100,7.57,2
205,3,100,7.65,2
206,3,100,7.75,2
207,3,100,7.91,2
208,3,100,7.3,2
209,3,100,7.19,2
210,3,100,7.09,2
211,3,100,7.36,2
212,3,100,7.38,2
213,3,100,7.89,2
214,3,100,7.98,2
215,3,100,7.71,2
216,3,100,8.31,2
217,3,100,7.84,2
218,3,100,7.39,2
219,3,100,8.02,2
220,3,100,6.92,2
221,3,100,7.59,2
222,3,100,7.12,2
223,3,100,7.96,2
224,3,100,7.96,2
225,3,100,7.51,2
226,3,100,8.01,2
227,3,100,7.9,2
228,3,100,7.55,2
229,3,100,6.9,2
230,3,100,8.06,2
231,3,100,8.26,2
232,3,100,8.19,2
233,3,100,7.49,2
234,3,100,7.7,2
235,3,100,7.41,2
236,3,100,7.7,2
237,3,100,7.17,2
238,3,100,7.88,2
239,3,100,7.71,2
240,3,100,8.26,2
241,3,100,7.9,2
242,3,100,7.97,2
243,3,100,7.37,2
244,3,100,8.4,2
245,3,100,7.71,2
246,3,100,7.42,2
247,3,100,6.73,2
248,3,100,7.21,2
249,3,100,7.16,2
250,3,100,8.22,2
251,3,100,7.68,2
252,3,100,7.42,2
253,3,100,7.49,2
254,3,100,8.19,2
255,3,100,7.72,2
256,3,100,7.32,2
257,3,100,8.28,2
258,3,100,7.44,2
259,3,100,7.52,2
260,3,100,7.14,2
261,3,100,7.11,2
262,3,100,8.1,2
263,3,100,8.3,2
264,3,100,8.37,2
265,3,100,7.86,2
266,3,100,7.78,2
267,3,100,7.35,2
268,3,100,7.14,2
269,3,100,7.85,2
270,3,100,7.34,2
271,3,100,7.47,2
272,3,100,7.26,2
273,3,100,7.99,2
274,3,100,7.68,1
275,3,100,7.33,1
276,3,100,6.88,1
277,3,100,6.65,1
278,3,100,6.16,1
279,3,100,6.4,1
280,3,100,6.55,1
281,3,100,6.74,1
282,3,100,6.57,1
283,3,100,6.0,1
284,3,100,6.97,1
285,3,100,6.45,1
286,3,100,6.79,1
287,3,100,6.37,1
288,3,100,6.29,1
289,3,100,6.04,1
290,3,100,5.79,1
291,3,100,7.12,1
292,3,100,6.45,1
293,3,100,6.26,1
294,3,100,7.03,1
295,3,100,6.99,1
296,3,100,6.16,1
297,3,100,6.51,1
298,3,100,7.2,1
299,3,100,6.97,1
300,3,100,6.78,1
301,3,100,6.7,1
302,3,100,5.89,1
303,3,100,6.61,1
304,3,100,6.54,1
305,3,100,6.5,1
306,3,100,6.48,1
307,3,100,6.51,1
308,3,100,6.87,1
309,3,100,6.78,1
310,3,100,6.62,1
311,3,100,7.08,1
312,3,100,6.77,1
313,3,100,7.5,1
314,3,100,6.64,1
315,3,100,7.38,1
316,3,100,6.39,1
317,3,100,7.06,1
318,3,100,6.94,1
319,3,100,6.65,1
320,3,100,6.98,1
321,3,100,7.52,1
322,3,100,6.75,1
323,3,100,7.1,1
324,3,100,6.66,1
325,3,100,6.05,1
326,3,100,6.36,1
327,3,100,7.21,1
328,3,100,7.01,1
329,3,100,6.68,1
330,3,100,6.73,1
331,3,100,7.06,1
332,3,100,6.44,1
333,3,100,6.11,1
334,3,100,7.25,1
335,3,100,6.58,1
336,3,100,6.64,1
337,3,100,6.41,1
338,3,100,6.23,1
339,3,100,7.26,1
340,3,100,7.11,1
341,3,100,7.04,1
342,3,100,5.99,1
343,3,100,6.13,1
344,3,100,6.68,1
345,3,100,6.96,1
346,3,100,6.45,1
347,3,100,7.01,1
348,3,100,6.85,1
349,3,100,7.29,1
350,3,100,6.98,1
351,3,100,6.86,1
352,3,100,6.97,1
353,3,100,7.13,1
354,3,100,6.64,1
355,3,100,6.76,1
356,3,100,7.18,1
357,3,100,6.33,1
358,3,100,7.04,1
359,3,100,6.69,1
360,3,100,6.51,1
361,3,100,7.06,1
362,3,100,7.04,1
363,3,100,7.21,1
364,3,100,6.54,1
365,3,100,6.58,1
366,3,100,6.52,1
367,3,100,7.12,1
368,3,100,6.82,1
369,3,100,6.8,1
370,3,100,6.95,1
371,3,100,7.19,1
372,3,100,7.05,1
373,3,100,6.34,1
374,3,100,6.42,1
375,3,100,6.72,1
376,3,100,6.87,1
377,3,100,6.05,1
378,3,100,6.76,1
379,3,100,6.55,1
380,3,100,6.66,1
381,3,100,5.97,1
382,3,100,6.94,1
383,3,100,6.63,1
384,3,100,6.42,1
385,3,100,6.45,1
386,3,100,6.62,1
387,3,100,7.05,1
388,3,100,6.61,1
389,3,100,6.92,1
390,3,100,7.11,1
391,3,100,6.97,1
392,3,100,7.18,1
393,3,100,6.55,1
394,3,100,6.89,1
395,3,100,6.29,1
396,3,100,6.7,1
397,3,100,7.09,1
398,3,100,6.97,1
399,3,100,6.63,1
400,3,100,6.44,1
401,3,100,6.45,1
402,3,100,6.68,1
403,3,100,6.79,1
404,3,100,6.87,1
405,3,100,6.12,1
406,3,100,6.78,1
407,3,100,6.35,1
408,3,100,6.68,1
409,3,100,6.17,1
410,3,100,6.75,1
411,3,100,6.59,1
412,3,100,6.84,1
413,3,100,6.22,1
414,3,100,6.6,1
415,3,100,6.6,1
416,3,100,6.69,1
417,3,100,7.41,1
418,3,100,6.32,1
419,3,100,6.06,1
420,3,100,6.17,1
421,3,100,6.78,1
422,3,100,6.67,1
423,3,100,6.79,1
424,3,100,6.57,1
425,3,100,6.57,1
426,3,100,6.79,1
427,3,100,6.54,1
428,3,100,6.82,1
429,3,100,6.6,1
430,3,100,6.6,1
431,3,100,6.95,1
432,3,100,6.54,1
433,3,100,6.9,1
434,3,100,7.12,1
435,3,100,6.49,1
436,3,100,6.94,1
437,3,100,6.71,1
438,3,100,6.81,1
439,3,100,6.34,1
440,3,100,6.28,1
441,3,100,6.29,1
442,3,100,5.98,1
443,3,100,6.76,1
444,3,100,6.62,1
445,3,100,6.08,1
446,3,100,7.17,1
447,3,100,7.01,1
448,3,100,7.23,1
449,3,100,6.65,1
450,3,100,7.11,1
451,3,100,7.02,1
452,3,100,6.27,1
453,3,100,6.8,1
454,3,100,6.7,1
455,3,100,6.53,1
456,3,100,7.19,1
457,3,100,7.17,1
458,3,100,6.4,1
459,3,100,6.67,1
460,3,100,6.39,1
461,3,100,6.74,1
462,3,100,7.01,1
463,3,100,6.58,1
464,3,100,6.87,1
465,3,100,6.83,1
466,3,100,7.03,1
467,3,100,6.64,1
468,3,100,6.21,1
469,3,100,6.6,1
470,3,100,6.54,1
471,3,100,7.08,1
472,3,100,6.89,1
473,3,100,6.39,1
474,3,100,6.32,1
475,3,100,6.9,1
476,3,100,7.06,1
477,3,100,7.45,1
478,3,100,6.51,1
479,3,100,6.4,1
480,3,100,6.74,1
481,3,100,6.44,1
482,3,100,6.36,1
483,3,100,6.21,1
484,3,100,6.26,1
485,3,100,6.73,1
486,3,100,7.09,1
487,3,100,6.41,1
488,3,100,6.91,1
489,3,100,6.77,1
490,3,100,6.71,1
491,3,100,6.19,1
492,3,100,6.98,1
493,3,100,6.02,1
494,3,100,6.89,1
495,3,100,6.5,1
496,3,100,6.56,1
497,3,100,5.88,1
498,3,100,6.6,1
499,3,100,6.96,1
500,3,100,5.96,1
501,3,100,6.14,1
502,3,100,7.27,1
503,3,100,7.14,1
504,3,100,7.27,1
505,3,100,6.84,1
506,3,100,7.8,1
507,3,100,7.05,1
508,3,100,6.66,1
509,3,100,6.69,1
510,3,100,6.8,1
511,3,100,6.74,1
512,3,100,6.75,1
513,3,100,7.14,1
514,3,100,6.78,1
515,3,100,6.43,1
516,3,100,7.03,1
517,3,100,7.46,1
518,3,100,6.92,1
519,3,100,7.12,1
520,3,100,7.17,1
521,3,100,6.7,1
522,3,100,6.83,1
523,3,100,7.1,1
524,3,100,6.63,1
525,3,100,6.77,1
526,3,100,7.41,1
527,3,100,6.52,1
528,3,100,6.89,1
529,3,100,6.81,1
530,3,100,6.26,1
531,3,100,6.17,1
532,3,100,6.36,1
533,3,100,6.54,1
534,3,100,7.15,1
535,3,100,6.07,1
536,3,100,6.65,1
537,3,100,6.78,1
538,3,100,6.03,1
539,3,100,6.2,1
540,3,100,6.77,1
541,3,100,6.7,1
542,3,100,6.74,1
543,3,100,7.24,1
544,3,100,7.15,1
545,3,100,7.48,1
546,3,100,6.69,1
547,3,100,7.08,1
548,3,100,6.83,1
549,3,100,7.09,1
550,3,100,7.11,1
551,3,100,6.41,1
552,3,100,6.4,1
553,3,100,7.08,1
554,3,100,5.98,1
555,3,100,6.34,1
556,3,100,7.26,1
557,3,100,6.68,1
558,3,100,6.96,1
559,3,100,6.6,1
560,3,100,6.88,1
561,3,100,6.49,1
562,3,100,6.18,1
563,3,100,6.52,1
564,3,100,6.97,1
565,3,100,7.39,1
566,3,100,6.83,1
567,3,100,6.51,1
568,3,100,6.94,1
569,3,100,7.06,1
570,3,100,6.72,1
571,3,100,7.07,1
572,3,100,6.32,1
573,3,100,6.33,1
574,3,100,6.27,1
575,3,100,6.3,1
576,3,100,6.59,1
577,3,100,6.45,1
578,3,100,6.58,1
579,3,100,7.49,1
580,3,100,6.65,1
581,3,100,6.57,1
582,3,100,6.92,1
583,3,100,7.15,1
584,3,100,7.06,1
585,3,100,6.04,1
586,3,100,6.58,1
587,3,100,6.12,1
588,3,100,6.89,1
589,3,100,6.73,1
590,3,100,7.01,1
591,3,100,7.11,1
592,3,100,7.14,1
593,3,100,7.0,1
594,3,100,7.26,1
595,3,100,6.33,1
596,3,100,6.6,1
597,3,100,6.92,1
598,3,100,6.89,1
599,3,100,7.15,1
600,3,100,6.52,1
601,3,100,6.58,1
602,3,100,5.8,1
603,3,100,5.6,1
604,3,100,6.44,1
605,3,100,6.56,1
606,3,100,6.73,1
607,3,100,6.37,1
608,3,100,6.96,1
609,3,100,6.67,1
610,3,100,6.89,1
611,3,100,6.21,1
612,3,100,6.39,1
613,3,100,7.04,1
614,3,100,6.91,1
615,3,100,6.84,1
616,3,100,6.7,1
617,3,100,7.51,1
618,3,100,6.89,1
619,3,100,6.93,1
620,3,100,7.32,1
621,3,100,6.92,1
622,3,100,6.12,1
623,3,100,6.85,1
624,3,100,6.84,1
625,3,100,6.93,1
626,3,100,6.22,1
627,3,100,6.71,1
628,3,100,6.97,1
629,3,100,6.76,1
630,3,100,6.88,1
631,3,100,6.54,1
632,3,100,6.7,1
633,3,100,5.93,1
634,3,100,6.73,1
635,3,100,7.12,1
636,3,100,6.69,1
637,3,100,6.65,1
638,3,100,7.2,1
639,3,100,7.03,1
640,3,100,6.66,1
641,3,100,7.33,1
642,3,100,5.88,1
643,3,100,6.34,1
644,3,100,6.77,1
645,3,100,6.58,1
646,3,100,6.68,1
647,3,100,7.12,1
648,3,100,7.29,1
649,3,100,7.1,1
650,3,100,6.63,1
651,3,100,6.55,1
652,3,100,6.28,1
653,3,100,6.32,1
654,3,100,6.62,1
655,3,100,6.05,1
656,3,100,6.3,1
657,3,100,6.02,1
658,3,100,6.59,1
659,3,100,6.49,1
660,3,100,7.16,1
661,3,100,6.56,1
662,3,100,6.5,1
663,3,100,6.59,1
664,3,100,6.12,1
665,3,100,6.38,1
666,3,100,6.9,1
667,3,100,6.59,1
668,3,100,7.05,1
669,3,100,6.32,1
670,3,100,6.57,1
671,3,100,6.47,1
672,3,100,6.75,1
673,3,100,6.76,1
674,3,100,7.01,1
675,3,100,7.24,1
676,3,100,6.69,1
677,3,100,7.12,1
678,3,100,6.48,1
679,3,100,7.1,1
680,3,100,6.39,1
681,3,100,7.1,1
682,3,100,7.15,1
683,3,100,7.29,1
684,3,100,6.47,1
685,3,100,6.97,1
686,3,100,6.3,1
687,3,100,6.98,1
688,3,100,7.45,1
689,3,100,7.15,1
690,3,100,6.42,1
691,3,100,6.87,1
692,3,100,6.63,1
693,3,100,6.66,1
694,3,100,6.46,1
695,3,100,6.39,1
696,3,100,6.61,1
697,3,100,6.19,1
698,3,100,5.99,1
699,3,100,6.94,1
700,3,100,6.86,1
701,3,100,6.54,1
702,3,100,7.16,1
703,3,100,6.94,1
704,3,100,6.66,1
705,3,100,7.07,1
706,3,100,6.48,1
707,3,100,6.68,1
708,3,100,6.97,1
709,3,100,7.32,1
710,3,100,7.05,1
711,3,100,6.74,1
712,3,100,6.89,1
713,3,100,6.65,1
714,3,100,6.95,1
715,3,100,7.53,1
716,3,100,7.24,1
717,3,100,6.51,1
718,3,100,6.79,1
719,3,100,6.95,1
720,3,100,6.57,1
721,3,100,6.13,1
722,3,100,6.13,1
723,3,100,6.89,1
724,3,100,7.3,1
725,3,100,6.59,1
726,3,100,5.94,1
727,3,100,6.89,1
728,3,100,6.25,1
729,3,100,6.57,1
730,3,100,6.44,1
731,3,100,6.01,1
732,3,100,6.34,1
733,3,100,6.09,1
734,3,100,6.34,1
735,3,100,6.75,1
736,3,100,6.54,1
737,3,100,7.13,1
738,3,100,6.4,1
739,3,100,5.7,1
740,3,100,6.34,1
741,3,100,6.76,1
742,3,100,6.56,1
743,3,100,6.69,1
744,3,100,6.82,1
745,3,100,6.63,1
746,3,100,6.79,1
747,3,100,6.36,1
748,3,100,7.81,1
749,3,100,6.84,1
750,3,100,6.01,1
751,3,100,7.06,1
752,3,100,6.46,1
753,3,100,6.74,1
754,3,100,6.61,1
755,3,100,6.53,1
756,3,100,6.39,1
757,3,100,6.86,1
758,3,100,6.91,1
759,3,100,6.77,1
760,3,100,6.75,1
761,3,100,6.78,1
762,3,100,6.88,1
763,3,100,7.09,1
764,3,100,7.25,1
765,3,100,6.59,1
766,3,100,7.25,1
767,3,100,6.8,1
768,3,100,6.47,1
769,3,100,6.23,1
770,3,100,6.47,1
771,3,100,6.62,1
772,3,100,6.74,1
773,3,100,6.14,1
774,3,100,6.89,1
775,3,100,6.86,1
776,3,100,6.86,1
777,3,100,7.19,1
778,3,100,6.94,1
779,3,100,6.96,1
780,3,100,6.85,1
781,3,100,6.68,1
782,3,100,6.73,1
783,3,100,6.82,1
784,3,100,6.83,1
785,3,100,6.53,1
786,3,100,6.55,1
787,3,100,6.37,1
788,3,100,6.52,1
789,3,100,7.45,1
790,3,100,7.05,1
791,3,100,7.31,1
792,3,100,6.97,1
793,3,100,6.43,1
794,3,100,7.01,1
795,3,100,7.92,1
796,3,100,6.76,1
797,3,100,6.57,1
798,3,100,6.27,1
799,3,100,6.83,1
800,3,100,6.87,1
801,3,100,6.82,1
802,3,100,6.88,1
803,3,100,6.49,1
804,3,100,6.57,1
805,3,100,6.76,1
806,3,100,6.67,1
807,3,100,6.29,1
808,3,100,6.04,1
809,3,100,6.77,1
810,3,100,6.97,1
811,3,100,6.44,1
812,3,100,6.94,1
813,3,100,6.55,1
814,3,100,6.5,1
815,3,100,6.7,1
816,3,100,6.29,1
817,3,100,6.72,1
818,3,100,6.47,1
819,3,100,6.31,1
820,3,100,5.97,1
821,3,100,6.27,1
822,3,100,6.41,1
823,3,100,6.53,1
824,3,100,6.84,1
825,3,100,7.02,1
826,3,100,6.71,1
827,3,100,6.73,1
828,3,100,6.69,1
829,3,100,6.81,1
830,3,100,6.0,1
831,3,100,5.99,1
832,3,100,6.64,1
833,3,100,7.11,1
834,3,100,6.91,1
835,3,100,6.74,1
836,3,100,6.32,1
837,3,100,6.84,1
838,3,100,7.12,1
839,3,100,7.77,1
840,3,100,7.19,1
841,3,100,7.04,1
842,3,100,7.18,1
843,3,100,7.14,1
844,3,100,6.36,1
845,3,100,6.45,1
846,3,100,7.02,1
847,3,100,6.11,1
848,3,100,7.06,1
849,3,100,7.21,1
850,3,100,7.03,1
851,3,100,6.9,1
852,3,100,7.27,1
853,3,100,7.02,1
854,3,100,6.73,1
855,3,100,6.72,1
856,3,100,7.35,1
857,3,100,7.31,1
858,3,100,6.46,1
859,3,100,6.98,1
860,3,100,6.94,1
861,3,100,6.8,1
862,3,100,6.61,1
863,3,100,7.37,1
864,3,100,6.79,1
865,3,100,6.54,1
866,3,100,7.23,1
867,3,100,7.01,1
868,3,100,6.9,1
869,3,100,6.84,1
870,3,100,6.64,1
871,3,100,6.83,1
872,3,100,6.85,1
873,3,100,7.0,1
874,3,100,6.91,1
875,3,100,7.33,1
876,3,100,7.18,1
877,3,100,6.23,1
878,3,100,6.25,1
879,3,100,6.42,1
880,3,100,7.41,1
881,3,100,6.99,1
882,3,100,6.54,1
883,3,100,6.78,1
884,3,100,7.42,1
885,3,100,6.43,1
886,3,100,6.6,1
887,3,100,6.78,1
888,3,100,6.85,1
889,3,100,6.78,1
890,3,100,6.97,1
891,3,100,7.04,1
892,3,100,7.6,1
893,3,100,7.47,1
894,3,100,7.15,1
895,3,100,6.63,1
896,3,100,6.54,1
897,3,100,7.33,1
898,3,100,6.46,1
899,3,100,7.24,1
900,3,100,6.6,1
901,3,100,6.69,1
902,3,100,6.51,1
903,3,100,6.27,1
904,3,100,6.44,1
905,3,100,6.72,1
906,3,100,6.52,1
907,3,100,6.35,1
908,3,100,6.82,1
909,3,100,6.84,1
910,3,100,6.83,1
911,3,100,6.92,1
912,3,100,6.23,1
913,3,100,6.14,1
914,3,100,6.59,1
915,3,100,6.89,1
916,3,100,7.03,1
917,3,100,6.7,1
918,3,100,6.31,1
919,3,100,6.62,1
920,3,100,6.81,1
921,3,100,6.68,1
922,3,100,6.32,1
923,3,100,6.04,1
924,3,100,6.57,1
925,3,100,6.29,1
926,3,100,6.38,1
927,3,100,7.04,1
928,3,100,6.77,1
929,3,100,7.2,1
930,3,100,6.76,1
931,3,100,6.26,1
932,3,100,6.54,1
933,3,100,7.18,1
934,3,100,6.52,1
935,3,100,6.74,1
936,3,100,6.12,1
937,3,100,6.87,1
938,3,100,6.89,1
939,3,100,6.29,1
940,3,100,6.55,1
941,3,100,6.2,1
942,3,100,7.21,1
943,3,100,6.97,1
944,3,100,6.75,1
945,3,100,6.4,1
946,3,100,6.65,1
947,3,100,6.81,1
948,3,100,6.46,1
949,3,100,6.77,1
950,3,100,6.38,1
951,3,100,6.19,1
952,3,100,6.53,1
953,3,100,6.32,1
954,3,100,5.76,1
955,3,100,7.0,1
956,3,100,6.73,1
957,3,100,6.43,1
958,3,100,7.54,1
959,3,100,7.08,1
960,3,100,6.33,1
961,3,100,6.57,1
962,3,100,6.85,1
963,3,100,7.09,1
964,3,100,7.02,1
965,3,100,6.92,1
966,3,100,6.65,1
967,3,100,7.43,1
968,3,100,7.19,1
969,3,100,6.75,1
970,3,100,7.24,1
971,3,100,6.67,1
972,3,100,6.82,1
973,3,100,6.53,1
974,3,100,6.51,1
975,3,100,6.83,1
976,3,100,6.12,1
977,3,100,6.7,1
978,3,100,7.15,1
979,3,100,6.05,1
980,3,100,6.76,1
981,3,100,6.39,1
982,3,100,6.4,1
983,3,100,6.79,1
984,3,100,7.22,1
985,3,100,7.37,1
986,3,100,6.92,1
987,3,100,6.36,1
988,3,100,6.95,1
989,3,100,6.34,1
990,3,100,6.47,1
991,3,100,6.52,1
992,3,100,6.91,1
993,3,100,6.71,1
994,3,100,6.6,1
995,3,100,6.0,1
996,3,100,7.24,1
997,3,100,6.08,1
998,3,100,7.06,1
999,3,100,6.54,1
1000,3,100,6.99,1
1001,3,100,6.93,1
1002,3,100,6.37,1
1003,3,100,6.98,1
1004,3,100,6.7,1
1005,3,100,7.11,1
1006,3,100,5.97,1
1007,3,100,6.34,1
1008,3,100,5.89,1
1009,3,100,6.79,1
1010,3,100,6.71,1
1011,3,100,6.13,1
1012,3,100,7.18,1
1013,3,100,6.16,1
1014,3,100,7.09,1
1015,3,100,7.12,1
1016,3,100,6.58,1
1017,3,100,7.04,1
1018,3,100,6.83,1
1019,3,100,6.88,1
1020,3,100,6.13,1
1021,3,100,7.02,1
1022,3,100,6.48,1
1023,3,100,6.86,1
1024,3,100,6.48,1
1025,3,100,6.88,1
1026,3,100,7.26,1
1027,3,100,7.99,1
1028,3,100,7.76,1
1029,3,100,6.96,1
1030,3,100,6.61,1
1031,3,100,6.78,1
1032,3,100,6.26,1
1033,3,100,7.04,1
1034,3,100,6.98,1
1035,3,100,7.0,1
1036,3,100,6.45,1
1037,3,100,6.0,1
1038,3,100,6.32,1
1039,3,100,6.6,1
1040,3,100,6.53,1
1041,3,100,6.59,1
1042,3,100,7.1,1
1043,3,100,6.99,1
1044,3,100,6.65,1
1045,3,100,6.57,1
1046,3,100,6.65,1
1047,3,100,6.57,1
1048,3,100,6.33,1
1049,3,100,6.32,1
1050,3,100,7.39,1
1051,3,100,6.92,1
1052,3,100,6.89,1
1053,3,100,6.51,1
1054,3,100,6.87,1
1055,3,100,6.69,1
1056,3,100,7.13,1
1057,3,100,7.02,1
1058,3,100,7.19,1
1059,3,100,7.27,1
1060,3,100,6.72,1
1061,3,100,6.15,1
1062,3,100,6.89,1
1063,3,100,6.09,1
1064,3,100,6.83,1
1065,3,100,7.46,1
1066,3,100,6.43,1
1067,3,100,6.59,1
1068,3,100,6.04,1
1069,3,100,6.01,1
1070,3,100,6.76,1
1071,3,100,6.79,1
1072,3,100,6.86,1
1073,3,100,6.82,1
1074,3,100,6.91,1
1075,3,100,6.88,1
1076,3,100,7.25,1
1077,3,100,6.45,1
1078,3,100,6.64,1
1079,3,100,6.83,1
1080,3,100,6.42,1
1081,3,100,6.36,1
1082,3,100,7.09,1
1083,3,100,6.48,1
1084,3,100,6.84,1
1085,3,100,6.4,1
1086,3,100,6.45,1
1087,3,100,7.44,1
1088,3,100,7.29,1
1089,3,100,7.16,1
1090,3,100,6.76,1
1091,3,100,7.41,1
1092,3,100,6.88,1
1093,3,100,6.88,1
1094,3,100,6.83,1
1095,3,100,6.45,1
1096,3,100,6.42,1
1097,3,100,6.26,1
1098,3,100,6.88,1
1099,3,100,6.69,1
1100,3,100,6.42,1
1101,3,100,7.38,1
1102,3,100,7.07,1
1103,3,100,6.7,1
1104,3,100,5.57,1
1105,3,100,7.22,1
1106,3,100,6.51,1
1107,3,100,7.12,1
1108,3,100,6.84,1
1109,3,100,6.51,1
1110,3,100,6.45,1
1111,3,100,7.05,1
1112,3,100,7.19,1
1113,3,100,6.65,1
1114,3,100,6.38,1
1115,3,100,6.8,1
1116,3,100,6.98,1
1117,3,100,6.94,1
1118,3,100,7.58,1
1119,3,100,7.04,1
1120,3,100,6.91,1
1121,3,100,6.74,1
1122,3,100,6.45,1
1123,3,100,6.45,1
1124,3,100,7.2,1
1125,3,100,6.53,1
1126,3,100,6.89,1
1127,3,100,7.83,1
1128,3,100,6.9,1
1129,3,100,6.44,1
1130,3,100,6.66,1
1131,3,100,6.56,1
1132,3,100,7.11,1
1133,3,100,6.56,1
1134,3,100,6.43,1
1135,3,100,6.03,1
1136,3,100,6.34,1
1137,3,100,6.41,1
1138,3,100,6.31,1
1139,3,100,6.89,1
1140,3,100,5.94,1
1141,3,100,6.6,1
1142,3,100,6.25,1
1143,3,100,6.55,1
1144,3,100,6.65,1
1145,3,100,6.93,1
1146,3,100,6.66,1
1147,3,100,6.97,1
1148,3,100,5.98,1
1149,3,100,6.48,1
1150,3,100,6.87,1
1151,3,100,7.06,1
1152,3,100,7.22,1
1153,3,100,6.87,1
1154,3,100,6.89,1
1155,3,100,7.03,1
1156,3,100,6.42,1
1157,3,100,6.95,1
1158,3,100,6.6,1
1159,3,100,6.19,1
1160,3,100,6.72,1
1161,3,100,6.97,1
1162,3,100,6.38,1
1163,3,100,7.03,1
1164,3,100,6.35,1
1165,3,100,6.74,1
1166,3,100,6.47,1
1167,3,100,7.09,1
1168,3,100,7.31,1
1169,3,100,7.12,1
1170,3,100,7.36,1
1171,3,100,6.6,1
1172,3,100,7.06,1
1173,3,100,6.5,1
1174,3,100,6.1,1
1175,3,100,6.45,1
1176,3,100,6.31,1
1177,3,100,6.5,1
1178,3,100,7.17,1
1179,3,100,7.23,1
1180,3,100,6.48,1
1181,3,100,6.67,1
1182,3,100,6.71,1
1183,3,100,7.19,1
1184,3,100,6.32,1
1185,3,100,6.47,1
1186,3,100,6.77,1
1187,3,100,6.82,1
1188,3,100,7.24,1
1189,3,100,6.41,1
1190,3,100,6.14,1
1191,3,100,6.7,1
1192,3,100,6.64,1
1193,3,100,6.35,1
1194,3,100,7.55,1
1195,3,100,7.12,1
1196,3,100,7.14,1
1197,3,100,6.69,1
1198,3,100,6.43,1
1199,3,100,7.09,1
1200,3,100,6.8,1
1201,3,100,5.97,1
1202,3,100,6.81,1
1203,3,100,6.06,1
1204,3,100,7.14,1
1205,3,100,6.83,1
1206,3,100,7.56,1
1207,3,100,6.52,1
1208,3,100,6.94,1
1209,3,100,7.6,1
1210,3,100,7.69,1
1211,3,100,6.7,1
1212,3,100,7.45,1
1213,3,100,6.5,1
1214,3,100,6.57,1
1215,3,100,6.91,1
1216,3,100,7.14,1
1217,3,100,7.11,0
0,4,100,57.35,40
1,4,100,45.5,37
2,4,100,40.76,35
3,4,100,36.86,32
4,4,100,35.62,30
5,4,100,33.41,28
6,4,100,31.96,24
7,4,100,29.11,22
8,4,100,26.49,21
9,4,100,25.78,20
10,4,100,24.03,19
11,4,100,23.42,19
12,4,100,23.01,19
13,4,100,22.86,18
14,4,100,22.23,17
15,4,100,21.56,16
16,4,100,20.1,15
17,4,100,20.08,15
18,4,100,19.29,15
19,4,100,19.16,15
20,4,100,19.25,14
21,4,100,19.3,14
22,4,100,18.89,13
23,4,100,17.69,13
24,4,100,17.94,13
25,4,100,17.91,13
26,4,100,17.49,12
27,4,100,16.75,11
28,4,100,15.79,10
29,4,100,15.02,10
30,4,100,15.24,10
31,4,100,15.05,10
32,4,100,14.17,10
33,4,100,14.85,10
34,4,100,14.74,10
35,4,100,14.73,10
36,4,100,14.94,9
37,4,100,14.12,9
38,4,100,13.96,9
39,4,100,14.37,9
40,4,100,13.31,9
41,4,100,14.27,9
42,4,100,13.32,8
43,4,100,13.65,8
44,4,100,12.85,8
45,4,100,12.94,8
46,4,100,12.77,8
47,4,100,12.64,8
48,4,100,12.9,8
49,4,100,13.01,8
50,4,100,13.22,8
51,4,100,13.2,8
52,4,100,12.85,8
53,4,100,12.74,8
54,4,100,12.84,7
55,4,100,12.64,7
56,4,100,11.95,6
57,4,100,11.75,6
58,4,100,10.88,6
59,4,100,11.14,6
60,4,100,11.23,6
61,4,100,11.02,6
62,4,100,11.61,6
63,4,100,10.78,6
64,4,100,11.54,6
65,4,100,11.28,6
66,4,100,11.21,6
67,4,100,11.71,6
68,4,100,10.77,6
69,4,100,10.97,6
70,4,100,10.68,6
71,4,100,10.76,6
72,4,100,11.35,6
73,4,100,10.52,6
74,4,100,10.52,5
75,4,100,10.8,5
76,4,100,10.19,5
77,4,100,10.58,5
78,4,100,10.25,5
79,4,100,9.65,5
80,4,100,10.11,5
81,4,100,10.24,5
82,4,100,10.51,5
83,4,100,10.29,5
84,4,100,10.55,5
85,4,100,9.81,5
86,4,100,10.23,5
87,4,100,10.0,5
88,4,100,9.88,5
89,4,100,9.85,5
90,4,100,10.36,5
91,4,100,9.76,5
92,4,100,9.89,5
93,4,100,9.75,5
94,4,100,10.33,5
95,4,100,10.32,5
96,4,100,10.65,5
97,4,100,9.81,5
98,4,100,10.63,5
99,4,100,10.75,5
100,4,100,10.21,5
101,4,100,10.83,5
102,4,100,10.31,5
103,4,100,10.3,5
104,4,100,10.21,5
105,4,100,10.2,5
106,4,100,10.2,5
107,4,100,9.78,5
108,4,100,10.0,4
109,4,100,10.14,4
110,4,100,10.18,4
111,4,100,9.63,4
112,4,100,9.55,4
113,4,100,9.6,4
114,4,100,9.06,4
115,4,100,9.29,4
116,4,100,9.74,4
117,4,100,9.59,4
118,4,100,9.32,4
119,4,100,8.65,4
120,4,100,9.13,4
121,4,100,9.64,4
122,4,100,9.72,3
123,4,100,8.87,3
124,4,100,8.17,3
125,4,100,8.26,3
126,4,100,8.43,3
127,4,100,8.53,3
128,4,100,8.32,3
129,4,100,8.39,3
130,4,100,8.82,3
131,4,100,8.66,3
132,4,100,8.75,3
133,4,100,8.8,3
134,4,100,8.4,3
135,4,100,8.51,3
136,4,100,8.38,3
137,4,100,8.13,3
138,4,100,8.61,3
139,4,100,8.76,3
140,4,100,8.6,3
141,4,100,8.19,3
142,4,100,7.89,3
143,4,100,8.62,3
144,4,100,8.52,3
145,4,100,9.32,3
146,4,100,8.3,3
147,4,100,8.3,3
148,4,100,8.21,3
149,4,100,8.97,3
150,4,100,8.46,3
151,4,100,8.95,3
152,4,100,8.34,3
153,4,100,8.15,3
154,4,100,8.08,3
155,4,100,8.63,3
156,4,100,8.42,3
157,4,100,8.39,3
158,4,100,8.55,3
159,4,100,8.26,3
160,4,100,8.29,3
161,4,100,8.31,2
162,4,100,8.28,2
163,4,100,7.93,2
164,4,100,7.19,2
165,4,100,7.64,2
166,4,100,6.98,2
167,4,100,7.55,2
168,4,100,7.73,2
169,4,100,7.09,2
170,4,100,7.81,2
171,4,100,7.71,2
172,4,100,7.15,2
173,4,100,7.45,2
174,4,100,7.31,2
175,4,100,7.53,2
176,4,100,7.68,2
177,4,100,7.31,2
178,4,100,7.62,2
179,4,100,7.42,2
180,4,100,7.84,2
181,4,100,6.62,2
182,4,100,7.31,2
183,4,100,7.63,2
184,4,100,7.65,2
185,4,100,7.05,2
186,4,100,7.63,2
187,4,100,7.19,2
188,4,100,8.16,2
189,4,100,7.5,2
190,4,100,7.46,2
191,4,100,7.41,2
192,4,100,7.86,2
193,4,100,7.63,2
194,4,100,7.21,2
195,4,100,7.59,2
196,4,100,7.32,2
197,4,100,8.18,2
198,4,100,6.76,2
199,4,100,7.18,2
200,4,100,6.99,2
201,4,100,7.78,2
202,4,100,7.31,2
203,4,100,7.45,2
204,4,100,7.47,2
205,4,100,7.24,2
206,4,100,7.15,2
207,4,100,6.98,2
208,4,100,7.18,2
209,4,100,8.22,2
210,4,100,7.52,2
211,4,100,7.76,2
212,4,100,7.25,2
213,4,100,7.9,2
214,4,100,7.53,2
215,4,100,7.89,2
216,4,100,7.06,2
217,4,100,7.38,2
218,4,100,7.09,2
219,4,100,7.12,2
220,4,100,7.06,2
221,4,100,8.11,2
222,4,100,7.66,1
223,4,100,8.0,1
224,4,100,6.77,1
225,4,100,6.9,1
226,4,100,6.65,1
227,4,100,6.19,1
228,4,100,6.98,1
229,4,100,6.72,1
230,4,100,6.54,1
231,4,100,6.35,1
232,4,100,7.04,1
233,4,100,6.94,1
234,4,100,6.47,1
235,4,100,6.33,1
236,4,100,6.14,1
237,4,100,6.54,1
238,4,100,6.5,1
239,4,100,7.2,1
240,4,100,7.34,1
241,4,100,7.08,1
242,4,100,6.87,1
243,4,100,6.54,1
244,4,100,6.77,1
245,4,100,6.94,1
246,4,100,5.96,1
247,4,100,6.02,1
248,4,100,6.89,1
249,4,100,7.54,1
250,4,100,6.9,1
251,4,100,7.01,1
252,4,100,6.26,1
253,4,100,6.61,1
254,4,100,6.62,1
255,4,100,6.82,1
256,4,100,6.99,1
257,4,100,6.73,1
258,4,100,7.46,1
259,4,100,7.11,1
260,4,100,6.84,1
261,4,100,6.82,1
262,4,100,7.21,1
263,4,100,7.08,1
264,4,100,7.1,1
265,4,100,6.54,1
266,4,100,6.47,1
267,4,100,7.11,1
268,4,100,6.85,1
269,4,100,6.67,1
270,4,100,6.19,1
271,4,100,7.11,1
272,4,100,6.75,1
273,4,100,7.05,1
274,4,100,6.47,1
275,4,100,6.72,1
276,4,100,6.74,1
277,4,100,7.19,1
278,4,100,6.73,1
279,4,100,7.16,1
280,4,100,6.51,1
281,4,100,6.98,1
282,4,100,6.9,1
283,4,100,6.36,1
284,4,100,6.57,1
285,4,100,6.57,1
286,4,100,5.85,1
287,4,100,6.55,1
288,4,100,6.98,1
289,4,100,7.33,1
290,4,100,7.48,1
291,4,100,6.72,1
292,4,100,7.11,1
293,4,100,6.72,1
294,4,100,5.74,1
295,4,100,6.09,1
296,4,100,6.24,1
297,4,100,5.77,1
298,4,100,6.3,1
299,4,100,6.39,1
300,4,100,6.16,1
301,4,100,6.95,1
302,4,100,6.76,1
303,4,100,7.0,1
304,4,100,6.19,1
305,4,100,6.8,1
306,4,100,6.94,1
307,4,100,6.67,1
308,4,100,7.2,1
309,4,100,6.67,1
310,4,100,6.76,1
311,4,100,6.78,1
312,4,100,7.2,1
313,4,100,6.71,1
314,4,100,7.05,1
315,4,100,6.45,1
316,4,100,7.25,1
317,4,100,6.84,1
318,4,100,5.95,1
319,4,100,6.63,1
320,4,100,6.41,1
321,4,100,6.58,1
322,4,100,6.08,1
323,4,100,7.24,1
324,4,100,6.73,1
325,4,100,6.09,1
326,4,100,5.99,1
327,4,100,6.26,1
328,4,100,6.28,1
329,4,100,6.78,1
330,4,100,6.67,1
331,4,100,6.93,1
332,4,100,6.64,1
333,4,100,6.76,1
334,4,100,6.57,1
335,4,100,6.29,1
336,4,100,6.68,1
337,4,100,6.59,1
338,4,100,6.34,1
339,4,100,6.6,1
340,4,100,6.8,1
341,4,100,6.83,1
342,4,100,6.59,1
343,4,100,6.64,1
344,4,100,6.18,1
345,4,100,6.44,1
346,4,100,6.55,1
347,4,100,6.83,1
348,4,100,6.57,1
349,4,100,6.07,1
350,4,100,6.6,1
351,4,100,6.91,1
352,4,100,6.48,1
353,4,100,6.56,1
354,4,100,6.26,1
355,4,100,6.6,1
356,4,100,7.05,1
357,4,100,7.19,1
358,4,100,7.25,1
359,4,100,7.89,1
360,4,100,6.93,1
361,4,100,7.64,1
362,4,100,6.8,1
363,4,100,6.51,1
364,4,100,6.99,1
365,4,100,6.43,1
366,4,100,6.82,1
367,4,100,6.69,1
368,4,100,6.17,1
369,4,100,6.56,1
370,4,100,6.87,1
371,4,100,6.37,1
372,4,100,6.98,1
373,4,100,7.26,1
374,4,100,7.46,1
375,4,100,6.56,1
376,4,100,6.26,1
377,4,100,6.92,1
378,4,100,6.9,1
379,4,100,6.6,1
380,4,100,6.43,1
381,4,100,6.68,1
382,4,100,7.18,1
383,4,100,6.51,1
384,4,100,6.34,1
385,4,100,6.79,1
386,4,100,6.86,1
387,4,100,6.93,1
388,4,100,6.5,1
389,4,100,6.86,1
390,4,100,7.01,1
391,4,100,7.25,1
392,4,100,7.3,1
393,4,100,6.32,1
394,4,100,5.75,1
395,4,100,6.64,1
396,4,100,6.66,1
397,4,100,6.3,1
398,4,100,6.33,1
399,4,100,5.85,1
400,4,100,6.31,1
401,4,100,6.11,1
402,4,100,6.25,1
403,4,100,7.35,1
404,4,100,7.17,1
405,4,100,6.78,1
406,4,100,6.88,1
407,4,100,6.91,1
408,4,100,7.02,1
409,4,100,6.55,1
410,4,100,6.85,1
411,4,100,6.83,1
412,4,100,6.75,1
413,4,100,7.26,1
414,4,100,7.01,1
415,4,100,7.08,1
416,4,100,7.02,1
417,4,100,6.44,1
418,4,100,6.01,1
419,4,100,6.1,1
420,4,100,6.24,1
421,4,100,6.48,1
422,4,100,6.89,1
423,4,100,6.26,1
424,4,100,6.64,1
425,4,100,6.91,1
426,4,100,6.17,1
427,4,100,6.47,1
428,4,100,6.92,1
429,4,100,6.73,1
430,4,100,6.54,1
431,4,100,6.8,1
432,4,100,7.04,1
433,4,100,7.11,1
434,4,100,7.43,1
435,4,100,6.7,1
436,4,100,6.92,1
437,4,100,6.98,1
438,4,100,6.7,1
439,4,100,6.63,1
440,4,100,6.77,1
441,4,100,6.03,1
442,4,100,7.01,1
443,4,100,6.47,1
444,4,100,5.89,1
445,4,100,7.17,1
446,4,100,6.67,1
447,4,100,6.57,1
448,4,100,7.56,1
449,4,100,7.39,1
450,4,100,6.77,1
451,4,100,6.34,1
452,4,100,6.21,1
453,4,100,6.34,1
454,4,100,7.19,1
455,4,100,6.76,1
456,4,100,6.48,1
457,4,100,6.42,1
458,4,100,6.91,1
459,4,100,7.01,1
460,4,100,6.56,1
461,4,100,7.01,1
462,4,100,6.64,1
463,4,100,6.82,1
464,4,100,6.53,1
465,4,100,6.68,1
466,4,100,6.53,1
467,4,100,6.8,1
468,4,100,7.53,1
469,4,100,6.62,1
470,4,100,6.64,1
471,4,100,6.67,1
472,4,100,6.93,1
473,4,100,6.41,1
474,4,100,5.99,1
475,4,100,6.73,1
476,4,100,6.85,1
477,4,100,6.72,1
478,4,100,6.5,1
479,4,100,6.24,1
480,4,100,6.58,1
481,4,100,5.93,1
482,4,100,7.48,1
483,4,100,6.69,1
484,4,100,6.46,1
485,4,100,6.76,1
486,4,100,7.03,1
487,4,100,6.19,1
488,4,100,6.47,1
489,4,100,7.07,1
490,4,100,6.28,1
491,4,100,6.38,1
492,4,100,6.37,1
493,4,100,6.29,1
494,4,100,6.72,1
495,4,100,7.14,1
496,4,100,6.33,1
497,4,100,6.67,1
498,4,100,6.83,1
499,4,100,6.84,1
500,4,100,7.21,1
501,4,100,6.39,1
502,4,100,7.08,1
503,4,100,6.11,1
504,4,100,6.4,1
505,4,100,6.84,1
506,4,100,6.33,1
507,4,100,6.24,1
508,4,100,6.71,1
509,4,100,6.79,1
510,4,100,7.36,1
511,4,100,7.59,1
512,4,100,6.71,1
513,4,100,6.99,1
514,4,100,6.84,1
515,4,100,6.79,1
516,4,100,6.3,1
517,4,100,6.42,1
518,4,100,6.48,1
519,4,100,6.75,1
520,4,100,7.03,1
521,4,100,6.92,1
522,4,100,6.54,1
523,4,100,6.72,1
524,4,100,6.43,1
525,4,100,6.58,1
526,4,100,7.33,1
527,4,100,6.7,1
528,4,100,6.75,1
529,4,100,6.96,1
530,4,100,6.44,1
531,4,100,6.78,1
532,4,100,6.33,1
533,4,100,6.21,1
534,4,100,6.23,1
535,4,100,6.57,1
536,4,100,6.93,1
537,4,100,6.31,1
538,4,100,7.36,1
539,4,100,6.98,1
540,4,100,6.66,1
541,4,100,5.95,1
542,4,100,6.36,1
543,4,100,6.47,1
544,4,100,6.66,1
545,4,100,6.19,1
546,4,100,5.83,1
547,4,100,6.64,1
548,4,100,6.41,1
549,4,100,6.62,1
550,4,100,6.34,1
551,4,100,6.31,1
552,4,100,6.63,1
553,4,100,6.35,1
554,4,100,6.87,1
555,4,100,6.42,1
556,4,100,6.63,1
557,4,100,6.22,1
558,4,100,6.54,1
559,4,100,6.64,1
560,4,100,6.77,1
561,4,100,6.77,1
562,4,100,6.73,1
563,4,100,7.32,1
564,4,100,6.51,1
565,4,100,6.67,1
566,4,100,7.17,1
567,4,100,7.48,1
568,4,100,7.0,1
569,4,100,6.12,1
570,4,100,6.72,1
571,4,100,6.71,1
572,4,100,6.98,1
573,4,100,6.44,1
574,4,100,6.5,1
575,4,100,6.7,1
576,4,100,6.85,1
577,4,100,6.1,1
578,4,100,7.0,1
579,4,100,7.19,1
580,4,100,6.4,1
581,4,100,6.37,1
582,4,100,6.42,1
583,4,100,6.7,1
584,4,100,6.44,1
585,4,100,6.72,1
586,4,100,6.4,1
587,4,100,6.93,1
588,4,100,6.79,1
589,4,100,6.53,1
590,4,100,6.62,1
591,4,100,7.35,1
592,4,100,7.29,1
593,4,100,6.86,1
594,4,100,7.17,1
595,4,100,6.87,1
596,4,100,6.59,1
597,4,100,7.14,1
598,4,100,6.77,1
599,4,100,6.04,1
600,4,100,6.42,1
601,4,100,6.13,1
602,4,100,6.05,1
603,4,100,6.29,1
604,4,100,6.18,1
605,4,100,6.56,1
606,4,100,6.69,1
607,4,100,6.63,1
608,4,100,6.93,1
609,4,100,7.1,1
610,4,100,6.72,1
611,4,100,6.64,1
612,4,100,6.64,1
613,4,100,6.51,1
614,4,100,6.87,1
615,4,100,6.91,1
616,4,100,7.09,1
617,4,100,6.81,1
618,4,100,6.73,1
619,4,100,6.8,1
620,4,100,6.58,1
621,4,100,6.58,1
622,4,100,6.84,1
623,4,100,6.75,1
624,4,100,7.36,1
625,4,100,6.8,1
626,4,100,6.68,1
627,4,100,6.37,1
628,4,100,6.25,1
629,4,100,6.31,1
630,4,100,6.48,1
631,4,100,6.85,1
632,4,100,6.3,1
633,4,100,6.5,1
634,4,100,6.95,1
635,4,100,6.54,1
636,4,100,6.66,1
637,4,100,6.51,1
638,4,100,6.25,1
639,4,100,6.36,1
640,4,100,6.98,1
641,4,100,7.18,1
642,4,100,6.4,1
643,4,100,6.34,1
644,4,100,6.52,1
645,4,100,6.83,1
646,4,100,6.46,1
647,4,100,6.32,1
648,4,100,6.74,1
649,4,100,7.14,1
650,4,100,6.54,1
651,4,100,7.05,1
652,4,100,6.82,1
653,4,100,6.32,1
654,4,100,6.3,1
655,4,100,6.55,1
656,4,100,6.93,1
657,4,100,6.94,1
658,4,100,6.79,1
659,4,100,6.41,1
660,4,100,6.97,1
661,4,100,6.82,1
662,4,100,6.92,1
663,4,100,6.47,1
664,4,100,6.12,1
665,4,100,7.43,1
666,4,100,6.5,1
667,4,100,6.58,1
668,4,100,7.11,1
669,4,100,6.36,1
670,4,100,6.21,1
671,4,100,7.09,1
672,4,100,6.49,1
673,4,100,6.43,1
674,4,100,7.35,1
675,4,100,7.22,1
676,4,100,6.57,1
677,4,100,6.27,1
678,4,100,6.96,1
679,4,100,6.13,1
680,4,100,6.77,1
681,4,100,6.47,1
682,4,100,6.62,1
683,4,100,6.36,1
684,4,100,6.39,1
685,4,100,6.61,1
686,4,100,7.3,1
687,4,100,6.93,1
688,4,100,6.3,1
689,4,100,6.98,1
690,4,100,6.99,1
691,4,100,6.09,1
692,4,100,6.23,1
693,4,100,6.88,1
694,4,100,6.98,1
695,4,100,6.66,1
696,4,100,6.31,1
697,4,100,6.9,1
698,4,100,6.47,1
699,4,100,6.45,1
700,4,100,6.43,1
701,4,100,6.8,1
702,4,100,6.54,1
703,4,100,7.52,1
704,4,100,6.99,1
705,4,100,7.58,1
706,4,100,7.04,1
707,4,100,7.18,1
708,4,100,6.38,1
709,4,100,6.65,1
710,4,100,6.44,1
711,4,100,7.11,1
712,4,100,6.89,1
713,4,100,7.17,1
714,4,100,6.23,1
715,4,100,6.4,1
716,4,100,6.98,1
717,4,100,6.52,1
718,4,100,6.51,1
719,4,100,6.61,1
720,4,100,6.17,1
721,4,100,6.8,1
722,4,100,7.02,1
723,4,100,6.77,1
724,4,100,7.27,1
725,4,100,6.87,1
726,4,100,7.09,1
727,4,100,6.28,1
728,4,100,6.49,1
729,4,100,6.59,1
730,4,100,6.3,1
731,4,100,6.52,1
732,4,100,6.6,1
733,4,100,6.61,1
734,4,100,7.1,1
735,4,100,6.7,1
736,4,100,7.04,1
737,4,100,6.93,1
738,4,100,7.08,1
739,4,100,6.99,1
740,4,100,6.53,1
741,4,100,7.09,1
742,4,100,5.98,1
743,4,100,7.27,1
744,4,100,6.91,1
745,4,100,6.88,1
746,4,100,6.31,1
747,4,100,6.88,1
748,4,100,6.0,1
749,4,100,6.35,1
750,4,100,6.22,1
751,4,100,7.1,1
752,4,100,6.96,1
753,4,100,7.56,1
754,4,100,6.97,1
755,4,100,7.25,1
756,4,100,6.62,1
757,4,100,6.15,1
758,4,100,6.47,1
759,4,100,6.01,1
760,4,100,6.76,1
761,4,100,6.67,1
762,4,100,6.77,1
763,4,100,6.23,1
764,4,100,6.61,1
765,4,100,6.82,1
766,4,100,6.94,1
767,4,100,6.2,1
768,4,100,5.96,1
769,4,100,6.04,1
770,4,100,6.43,1
771,4,100,6.68,1
772,4,100,7.02,1
773,4,100,7.01,1
774,4,100,5.65,1
775,4,100,6.78,1
776,4,100,6.96,1
777,4,100,6.53,1
778,4,100,6.32,1
779,4,100,5.95,1
780,4,100,6.51,1
781,4,100,6.97,1
782,4,100,6.9,1
783,4,100,7.02,1
784,4,100,6.39,1
785,4,100,6.67,1
786,4,100,6.71,1
787,4,100,6.99,1
788,4,100,6.81,1
789,4,100,6.68,1
790,4,100,6.92,1
791,4,100,6.89,1
792,4,100,7.01,1
793,4,100,6.65,1
794,4,100,7.0,1
795,4,100,6.94,1
796,4,100,6.93,1
797,4,100,6.2,1
798,4,100,6.02,1
799,4,100,6.41,1
800,4,100,6.27,1
801,4,100,6.56,1
802,4,100,6.17,1
803,4,100,6.42,1
804,4,100,6.42,1
805,4,100,6.82,1
806,4,100,6.78,1
807,4,100,7.25,1
808,4,100,7.17,1
809,4,100,6.97,1
810,4,100,6.77,1
811,4,100,7.29,1
812,4,100,6.81,1
813,4,100,6.92,1
814,4,100,7.35,1
815,4,100,6.2,1
816,4,100,6.82,1
817,4,100,6.76,1
818,4,100,6.93,1
819,4,100,6.23,1
820,4,100,6.36,1
821,4,100,6.51,1
822,4,100,6.32,1
823,4,100,6.46,1
824,4,100,6.64,1
825,4,100,6.5,1
826,4,100,5.64,1
827,4,100,6.5,1
828,4,100,6.34,1
829,4,100,7.02,1
830,4,100,6.69,1
831,4,100,6.76,1
832,4,100,6.43,1
833,4,100,6.74,1
834,4,100,6.96,1
835,4,100,6.6,1
836,4,100,6.77,1
837,4,100,6.62,1
838,4,100,6.88,1
839,4,100,6.58,1
840,4,100,6.75,0
0,5,100,54.89,36
1,5,100,42.72,34
2,5,100,37.99,32
3,5,100,34.77,30
4,5,100,33.17,28
5,5,100,31.34,26
6,5,100,30.08,25
7,5,100,28.34,22
8,5,100,26.23,19
9,5,100,23.64,18
10,5,100,23.05,18
11,5,100,22.2,17
12,5,100,21.18,17
13,5,100,20.65,16
14,5,100,20.44,15
15,5,100,19.53,12
16,5,100,17.35,12
17,5,100,16.71,12
18,5,100,17.06,11
19,5,100,16.24,11
20,5,100,16.27,11
21,5,100,14.87,11
22,5,100,16.0,11
23,5,100,15.66,11
24,5,100,15.83,11
25,5,100,15.65,11
26,5,100,15.98,11
27,5,100,15.76,11
28,5,100,14.89,10
29,5,100,14.83,10
30,5,100,15.5,9
31,5,100,14.58,9
32,5,100,14.38,9
33,5,100,13.96,9
34,5,100,14.3,9
35,5,100,13.86,9
36,5,100,13.76,9
37,5,100,14.04,9
38,5,100,13.57,9
39,5,100,13.9,9
40,5,100,13.58,9
41,5,100,13.53,9
42,5,100,13.73,9
43,5,100,13.53,9
44,5,100,13.68,9
45,5,100,13.44,9
46,5,100,13.88,9
47,5,100,14.27,9
48,5,100,13.4,8
49,5,100,13.67,8
50,5,100,12.73,8
51,5,100,13.09,8
52,5,100,13.04,8
53,5,100,13.38,7
54,5,100,12.43,7
55,5,100,12.34,7
56,5,100,12.37,7
57,5,100,11.94,7
58,5,100,12.49,7
59,5,100,12.02,7
60,5,100,12.05,7
61,5,100,12.16,7
62,5,100,11.8,7
63,5,100,12.2,7
64,5,100,11.74,7
65,5,100,12.13,7
66,5,100,12.17,7
67,5,100,12.15,7
68,5,100,12.79,6
69,5,100,11.41,6
70,5,100,10.79,6
71,5,100,11.37,6
72,5,100,11.37,6
73,5,100,11.46,6
74,5,100,11.05,6
75,5,100,11.23,6
76,5,100,10.83,6
77,5,100,10.55,6
78,5,100,10.85,6
79,5,100,11.29,6
80,5,100,11.2,6
81,5,100,11.55,6
82,5,100,10.97,6
83,5,100,10.49,6
84,5,100,10.47,6
85,5,100,10.56,6
86,5,100,10.71,6
87,5,100,11.12,6
88,5,100,10.77,6
89,5,100,11.0,6
90,5,100,11.15,6
91,5,100,10.97,6
92,5,100,10.7,6
93,5,100,10.9,6
94,5,100,10.89,6
95,5,100,11.04,6
96,5,100,10.72,5
97,5,100,10.56,5
98,5,100,10.56,5
99,5,100,10.14,5
100,5,100,9.83,5
101,5,100,10.07,5
102,5,100,9.95,4
103,5,100,9.86,4
104,5,100,9.48,4
105,5,100,9.66,4
106,5,100,9.39,4
107,5,100,9.93,4
108,5,100,9.48,4
109,5,100,8.96,4
110,5,100,9.37,4
111,5,100,9.81,4
112,5,100,10.04,4
113,5,100,9.15,4
114,5,100,9.18,4
115,5,100,9.61,4
116,5,100,8.82,4
117,5,100,9.03,4
118,5,100,9.43,4
119,5,100,9.67,4
120,5,100,8.89,4
121,5,100,9.68,4
122,5,100,9.69,4
123,5,100,9.02,4
124,5,100,8.94,4
125,5,100,9.38,4
126,5,100,9.33,4
127,5,100,9.52,4
128,5,100,9.45,4
129,5,100,9.75,4
130,5,100,10.25,4
131,5,100,9.71,4
132,5,100,9.69,4
133,5,100,9.49,4
134,5,100,9.26,4
135,5,100,9.87,4
136,5,100,9.08,4
137,5,100,8.73,4
138,5,100,8.81,4
139,5,100,9.27,4
140,5,100,9.36,4
141,5,100,9.94,4
142,5,100,9.98,4
143,5,100,9.51,4
144,5,100,9.41,4
145,5,100,9.19,4
146,5,100,9.65,4
147,5,100,8.91,4
148,5,100,8.82,4
149,5,100,8.34,4
150,5,100,9.23,4
151,5,100,9.21,4
152,5,100,9.34,4
153,5,100,9.52,4
154,5,100,9.05,4
155,5,100,9.34,4
156,5,100,9.62,4
157,5,100,9.32,4
158,5,100,9.89,4
159,5,100,9.35,4
160,5,100,8.97,4
161,5,100,9.08,4
162,5,100,9.37,4
163,5,100,9.48,4
164,5,100,9.42,4
165,5,100,9.39,4
166,5,100,9.88,4
167,5,100,9.78,4
168,5,100,9.34,4
169,5,100,8.65,4
170,5,100,8.96,4
171,5,100,9.5,4
172,5,100,8.92,4
173,5,100,9.3,4
174,5,100,8.63,4
175,5,100,9.23,4
176,5,100,9.69,4
177,5,100,9.17,4
178,5,100,9.17,4
179,5,100,9.56,4
180,5,100,8.96,4
181,5,100,9.67,4
182,5,100,10.05,4
183,5,100,9.54,4
184,5,100,9.73,4
185,5,100,9.5,4
186,5,100,9.77,4
187,5,100,9.75,4
188,5,100,8.71,4
189,5,100,9.33,4
190,5,100,9.8,3
191,5,100,9.61,3
192,5,100,8.82,3
193,5,100,7.99,3
194,5,100,8.97,3
195,5,100,8.5,3
196,5,100,8.83,3
197,5,100,8.92,3
198,5,100,8.43,3
199,5,100,8.5,3
200,5,100,8.07,3
201,5,100,8.43,3
202,5,100,8.81,3
203,5,100,8.55,3
204,5,100,8.33,3
205,5,100,8.13,3
206,5,100,8.48,3
207,5,100,8.61,3
208,5,100,8.79,3
209,5,100,9.16,3
210,5,100,8.85,3
211,5,100,8.0,3
212,5,100,8.73,3
213,5,100,8.48,3
214,5,100,8.93,3
215,5,100,8.97,3
216,5,100,8.9,3
217,5,100,8.65,3
218,5,100,9.06,3
219,5,100,8.6,3
220,5,100,8.75,3
221,5,100,8.41,3
222,5,100,8.54,3
223,5,100,7.99,3
224,5,100,8.58,3
225,5,100,8.57,3
226,5,100,8.47,3
227,5,100,8.93,3
228,5,100,8.14,3
229,5,100,8.72,3
230,5,100,8.73,3
231,5,100,8.62,3
232,5,100,7.92,3
233,5,100,8.54,3
234,5,100,8.75,3
235,5,100,7.81,3
236,5,100,8.58,3
237,5,100,8.8,3
238,5,100,8.14,3
239,5,100,7.85,3
240,5,100,8.99,3
241,5,100,9.0,3
242,5,100,7.97,3
243,5,100,8.33,3
244,5,100,9.35,3
245,5,100,8.53,3
246,5,100,8.27,3
247,5,100,8.11,3
248,5,100,9.32,3
249,5,100,8.03,3
250,5,100,8.02,3
251,5,100,8.63,3
252,5,100,8.26,3
253,5,100,8.77,3
254,5,100,7.97,3
255,5,100,8.13,3
256,5,100,8.19,3
257,5,100,7.48,3
258,5,100,8.66,3
259,5,100,8.47,3
260,5,100,8.28,3
261,5,100,8.06,3
262,5,100,8.23,3
263,5,100,8.29,3
264,5,100,8.76,3
265,5,100,8.09,3
266,5,100,8.57,3
267,5,100,8.39,3
268,5,100,8.54,3
269,5,100,9.12,3
270,5,100,8.74,3
271,5,100,8.85,3
272,5,100,8.36,3
273,5,100,8.36,3
274,5,100,8.0,3
275,5,100,8.7,3
276,5,100,8.51,3
277,5,100,8.5,3
278,5,100,8.29,3
279,5,100,8.8,3
280,5,100,9.19,3
281,5,100,9.35,3
282,5,100,9.06,3
283,5,100,8.21,3
284,5,100,8.81,3
285,5,100,8.39,3
286,5,100,7.8,3
287,5,100,7.95,3
288,5,100,8.75,3
289,5,100,8.79,3
290,5,100,8.31,3
291,5,100,8.4,3
292,5,100,8.12,3
293,5,100,8.78,3
294,5,100,8.39,3
295,5,100,7.89,3
296,5,100,9.08,3
297,5,100,8.66,3
298,5,100,8.33,3
299,5,100,8.78,3
300,5,100,9.09,3
301,5,100,8.94,3
302,5,100,9.12,3
303,5,100,8.76,3
304,5,100,8.94,3
305,5,100,8.92,3
306,5,100,9.07,3
307,5,100,8.6,3
308,5,100,8.82,3
309,5,100,8.45,3
310,5,100,8.85,3
311,5,100,8.22,3
312,5,100,8.4,3
313,5,100,8.12,3
314,5,100,8.16,3
315,5,100,9.29,3
316,5,100,8.61,3
317,5,100,8.45,3
318,5,100,8.47,3
319,5,100,8.24,3
320,5,100,8.6,3
321,5,100,9.22,3
322,5,100,8.78,3
323,5,100,8.38,3
324,5,100,8.6,3
325,5,100,7.69,3
326,5,100,8.55,3
327,5,100,8.26,3
328,5,100,8.04,3
329,5,100,8.41,3
330,5,100,8.98,3
331,5,100,8.66,3
332,5,100,8.23,3
333,5,100,8.73,3
334,5,100,8.95,3
335,5,100,8.45,3
336,5,100,8.4,3
337,5,100,8.21,3
338,5,100,7.42,3
339,5,100,8.33,3
340,5,100,7.79,3
341,5,100,8.24,3
342,5,100,8.93,3
343,5,100,8.55,3
344,5,100,8.38,3
345,5,100,8.71,3
346,5,100,8.62,3
347,5,100,8.37,3
348,5,100,8.01,3
349,5,100,8.84,3
350,5,100,8.2,3
351,5,100,7.6,3
352,5,100,7.99,3
353,5,100,8.82,3
354,5,100,8.3,3
355,5,100,8.61,3
356,5,100,8.47,3
357,5,100,8.55,3
358,5,100,7.98,3
359,5,100,8.06,3
360,5,100,7.96,3
361,5,100,7.43,3
362,5,100,8.1,3
363,5,100,8.22,3
364,5,100,8.48,3
365,5,100,8.54,3
366,5,100,8.6,3
367,5,100,7.98,3
368,5,100,8.92,3
369,5,100,8.33,3
370,5,100,8.83,3
371,5,100,7.89,3
372,5,100,8.59,3
373,5,100,8.76,3
374,5,100,8.48,3
375,5,100,8.25,3
376,5,100,8.77,3
377,5,100,8.27,3
378,5,100,8.33,3
379,5,100,8.09,3
380,5,100,8.25,3
381,5,100,8.55,3
382,5,100,8.35,3
383,5,100,8.84,3
384,5,100,8.15,3
385,5,100,8.12,3
386,5,100,8.15,3
387,5,100,8.62,3
388,5,100,8.84,3
389,5,100,8.34,3
390,5,100,7.43,3
391,5,100,8.66,3
392,5,100,9.43,3
393,5,100,7.74,3
394,5,100,8.87,3
395,5,100,8.57,3
396,5,100,8.3,3
397,5,100,8.11,3
398,5,100,8.5,3
399,5,100,8.82,3
400,5,100,8.7,3
401,5,100,8.75,3
402,5,100,8.37,3
403,5,100,8.66,3
404,5,100,8.09,3
405,5,100,7.88,3
406,5,100,7.94,3
407,5,100,9.02,3
408,5,100,8.72,3
409,5,100,9.16,3
410,5,100,9.28,3
411,5,100,8.65,3
412,5,100,9.54,3
413,5,100,8.74,2
414,5,100,8.21,2
415,5,100,7.89,2
416,5,100,7.73,2
417,5,100,7.77,2
418,5,100,7.66,2
419,5,100,7.53,2
420,5,100,7.54,2
421,5,100,8.08,2
422,5,100,7.62,2
423,5,100,7.63,2
424,5,100,8.24,2
425,5,100,8.35,2
426,5,100,7.58,2
427,5,100,6.96,2
428,5,100,7.14,2
429,5,100,7.42,2
430,5,100,8.4,2
431,5,100,7.35,2
432,5,100,6.59,2
433,5,100,6.76,2
434,5,100,7.9,2
435,5,100,7.37,2
436,5,100,7.75,2
437,5,100,8.09,2
438,5,100,7.53,2
439,5,100,7.52,2
440,5,100,7.96,2
441,5,100,7.67,2
442,5,100,7.7,2
443,5,100,7.37,2
444,5,100,7.82,2
445,5,100,7.26,1
446,5,100,6.91,1
447,5,100,6.84,1
448,5,100,7.05,1
449,5,100,6.65,1
450,5,100,6.12,1
451,5,100,5.81,1
452,5,100,6.5,1
453,5,100,7.51,1
454,5,100,6.94,1
455,5,100,6.24,1
456,5,100,6.57,1
457,5,100,6.77,1
458,5,100,6.41,1
459,5,100,7.1,1
460,5,100,6.43,1
461,5,100,6.34,1
462,5,100,6.8,1
463,5,100,6.47,1
464,5,100,6.56,1
465,5,100,6.65,1
466,5,100,6.33,1
467,5,100,7.06,1
468,5,100,7.03,1
469,5,100,6.45,1
470,5,100,7.21,1
471,5,100,7.01,1
472,5,100,6.24,1
473,5,100,6.95,1
474,5,100,6.86,1
475,5,100,6.85,1
476,5,100,6.71,1
477,5,100,7.08,1
478,5,100,7.14,1
479,5,100,5.73,1
480,5,100,6.68,1
481,5,100,6.19,1
482,5,100,6.27,1
483,5,100,6.39,1
484,5,100,5.85,1
485,5,100,6.54,1
486,5,100,7.26,1
487,5,100,6.72,1
488,5,100,7.04,1
489,5,100,6.5,1
490,5,100,6.99,1
491,5,100,7.04,1
492,5,100,6.72,1
493,5,100,6.27,1
494,5,100,6.79,1
495,5,100,6.82,1
496,5,100,6.05,1
497,5,100,6.94,1
498,5,100,6.99,1
499,5,100,6.48,1
500,5,100,6.9,1
501,5,100,6.38,1
502,5,100,6.37,1
503,5,100,6.61,1
504,5,100,6.31,1
505,5,100,7.05,1
506,5,100,5.95,1
507,5,100,6.77,1
508,5,100,6.39,1
509,5,100,6.89,1
510,5,100,7.12,1
511,5,100,6.45,1
512,5,100,6.98,1
513,5,100,6.82,1
514,5,100,6.75,1
515,5,100,5.9,1
516,5,100,7.04,1
517,5,100,6.5,1
518,5,100,6.62,1
519,5,100,6.37,1
520,5,100,6.55,1
521,5,100,6.63,1
522,5,100,6.33,1
523,5,100,6.49,1
524,5,100,6.9,1
525,5,100,7.08,1
526,5,100,6.21,1
527,5,100,7.07,1
528,5,100,6.68,1
529,5,100,6.41,1
530,5,100,6.64,1
531,5,100,7.12,1
532,5,100,6.83,1
533,5,100,6.75,1
534,5,100,6.66,1
535,5,100,6.97,1
536,5,100,6.83,1
537,5,100,6.89,1
538,5,100,6.69,1
539,5,100,6.95,1
540,5,100,6.81,1
541,5,100,7.4,1
542,5,100,6.68,1
543,5,100,6.93,1
544,5,100,6.62,1
545,5,100,6.29,1
546,5,100,6.98,1
547,5,100,6.53,1
548,5,100,6.73,1
549,5,100,6.58,1
550,5,100,6.19,1
551,5,100,7.03,1
552,5,100,6.31,1
553,5,100,6.43,1
554,5,100,6.48,1
555,5,100,6.7,1
556,5,100,6.99,1
557,5,100,6.56,1
558,5,100,5.92,1
559,5,100,6.29,1
560,5,100,6.82,1
561,5,100,6.37,1
562,5,100,7.17,1
563,5,100,6.27,1
564,5,100,6.31,1
565,5,100,7.12,1
566,5,100,6.56,1
567,5,100,6.8,1
568,5,100,6.98,1
569,5,100,6.27,1
570,5,100,6.55,1
571,5,100,6.52,1
572,5,100,6.88,1
573,5,100,7.08,1
574,5,100,6.86,1
575,5,100,6.36,1
576,5,100,6.59,1
577,5,100,7.4,1
578,5,100,6.0,1
579,5,100,6.68,1
580,5,100,7.06,1
581,5,100,6.75,1
582,5,100,7.48,1
583,5,100,7.07,1
584,5,100,6.24,1
585,5,100,6.69,1
586,5,100,6.91,1
587,5,100,6.69,1
588,5,100,6.9,1
589,5,100,6.7,1
590,5,100,6.54,1
591,5,100,7.11,1
592,5,100,7.21,1
593,5,100,6.12,1
594,5,100,6.59,1
595,5,100,6.67,1
596,5,100,7.35,1
597,5,100,6.43,1
598,5,100,6.36,1
599,5,100,6.74,1
600,5,100,6.51,1
601,5,100,6.23,1
602,5,100,6.35,1
603,5,100,6.51,1
604,5,100,6.36,1
605,5,100,6.23,1
606,5,100,5.97,1
607,5,100,6.96,1
608,5,100,6.55,1
609,5,100,6.71,1
610,5,100,6.42,1
611,5,100,6.65,1
612,5,100,6.45,1
613,5,100,7.1,1
614,5,100,7.07,1
615,5,100,7.19,1
616,5,100,6.62,1
617,5,100,6.84,1
618,5,100,6.76,1
619,5,100,7.86,1
620,5,100,6.88,1
621,5,100,6.39,1
622,5,100,7.26,1
623,5,100,5.84,1
624,5,100,6.62,1
625,5,100,6.64,1
626,5,100,6.14,1
627,5,100,6.9,1
628,5,100,6.71,1
629,5,100,6.94,1
630,5,100,6.57,1
631,5,100,6.75,1
632,5,100,6.32,1
633,5,100,6.57,1
634,5,100,6.24,1
635,5,100,6.43,1
636,5,100,6.62,1
637,5,100,6.63,1
638,5,100,6.59,1
639,5,100,6.7,1
640,5,100,6.71,1
641,5,100,6.55,1
642,5,100,6.73,1
643,5,100,6.16,1
644,5,100,7.05,1
645,5,100,6.71,1
646,5,100,7.27,1
647,5,100,6.01,1
648,5,100,6.36,1
649,5,100,6.18,1
650,5,100,6.53,1
651,5,100,6.44,1
652,5,100,6.96,1
653,5,100,6.87,1
654,5,100,6.95,1
655,5,100,6.38,1
656,5,100,6.36,1
657,5,100,6.39,1
658,5,100,6.02,1
659,5,100,6.69,1
660,5,100,6.6,1
661,5,100,6.82,1
662,5,100,6.85,1
663,5,100,7.14,1
664,5,100,6.36,1
665,5,100,6.85,1
666,5,100,7.17,1
667,5,100,7.01,1
668,5,100,7.1,1
669,5,100,6.74,1
670,5,100,7.15,1
671,5,100,7.37,1
672,5,100,7.38,1
673,5,100,7.54,1
674,5,100,6.5,1
675,5,100,7.06,1
676,5,100,6.65,1
677,5,100,6.46,1
678,5,100,5.99,1
679,5,100,6.24,1
680,5,100,6.23,1
681,5,100,6.73,1
682,5,100,6.41,1
683,5,100,6.68,1
684,5,100,6.66,1
685,5,100,6.43,1
686,5,100,7.07,1
687,5,100,7.17,1
688,5,100,6.4,1
689,5,100,6.37,1
690,5,100,6.04,1
691,5,100,6.23,1
692,5,100,6.66,1
693,5,100,6.34,1
694,5,100,6.53,1
695,5,100,6.46,1
696,5,100,6.94,1
697,5,100,6.88,1
698,5,100,6.71,1
699,5,100,6.47,1
700,5,100,6.64,1
701,5,100,6.66,1
702,5,100,7.24,1
703,5,100,7.64,1
704,5,100,6.57,1
705,5,100,6.77,1
706,5,100,7.2,1
707,5,100,7.1,1
708,5,100,6.9,1
709,5,100,6.71,1
710,5,100,6.84,1
711,5,100,7.06,1
712,5,100,6.69,1
713,5,100,7.22,1
714,5,100,6.13,1
715,5,100,6.44,1
716,5,100,6.78,1
717,5,100,6.24,1
718,5,100,6.71,1
719,5,100,7.01,1
720,5,100,6.66,1
721,5,100,7.13,1
722,5,100,7.08,1
723,5,100,6.9,1
724,5,100,6.47,1
725,5,100,6.38,1
726,5,100,7.22,1
727,5,100,6.31,1
728,5,100,6.41,1
729,5,100,7.15,1
730,5,100,6.84,1
731,5,100,6.99,1
732,5,100,6.92,1
733,5,100,7.05,1
734,5,100,7.0,1
735,5,100,6.95,1
736,5,100,6.74,1
737,5,100,7.13,1
738,5,100,7.12,1
739,5,100,7.02,1
740,5,100,6.5,1
741,5,100,6.64,1
742,5,100,6.59,1
743,5,100,6.77,1
744,5,100,6.4,1
745,5,100,6.46,1
746,5,100,6.66,1
747,5,100,7.19,1
748,5,100,7.64,1
749,5,100,6.21,1
750,5,100,6.49,1
751,5,100,6.79,1
752,5,100,6.82,1
753,5,100,7.02,1
754,5,100,7.09,1
755,5,100,6.69,1
756,5,100,6.19,1
757,5,100,6.88,1
758,5,100,6.97,1
759,5,100,6.97,1
760,5,100,6.67,1
761,5,100,6.33,1
762,5,100,6.37,1
763,5,100,6.49,1
764,5,100,6.19,1
765,5,100,6.75,1
766,5,100,7.09,1
767,5,100,6.69,1
768,5,100,7.23,1
769,5,100,6.92,1
770,5,100,6.25,1
771,5,100,7.01,1
772,5,100,6.18,1
773,5,100,6.5,1
774,5,100,6.63,1
775,5,100,6.22,1
776,5,100,6.14,1
777,5,100,6.94,1
778,5,100,7.02,1
779,5,100,6.98,1
780,5,100,6.53,1
781,5,100,6.57,1
782,5,100,6.9,1
783,5,100,6.63,1
784,5,100,6.8,1
785,5,100,6.95,1
786,5,100,6.63,1
787,5,100,7.26,1
788,5,100,6.36,1
789,5,100,6.69,1
790,5,100,6.72,1
791,5,100,6.64,1
792,5,100,6.45,1
793,5,100,6.47,1
794,5,100,6.68,1
795,5,100,6.44,1
796,5,100,6.25,1
797,5,100,6.32,1
798,5,100,7.34,1
799,5,100,6.64,1
800,5,100,6.43,1
801,5,100,6.84,1
802,5,100,7.27,1
803,5,100,7.59,1
804,5,100,7.32,1
805,5,100,6.83,1
806,5,100,6.9,1
807,5,100,6.34,1
808,5,100,7.56,1
809,5,100,6.26,1
810,5,100,7.17,1
811,5,100,6.49,1
812,5,100,7.25,1
813,5,100,6.94,1
814,5,100,6.59,1
815,5,100,6.49,1
816,5,100,6.35,1
817,5,100,6.75,1
818,5,100,6.26,1
819,5,100,6.11,1
820,5,100,7.13,1
821,5,100,6.48,1
822,5,100,6.51,1
823,5,100,6.27,1
824,5,100,6.18,1
825,5,100,6.95,1
826,5,100,6.42,1
827,5,100,6.78,1
828,5,100,7.11,1
829,5,100,7.21,1
830,5,100,6.25,1
831,5,100,6.81,1
832,5,100,6.36,1
833,5,100,6.25,1
834,5,100,6.75,1
835,5,100,6.27,1
836,5,100,6.12,1
837,5,100,6.36,1
838,5,100,6.49,1
839,5,100,6.35,1
840,5,100,7.1,1
841,5,100,7.25,1
842,5,100,6.49,1
843,5,100,6.11,1
844,5,100,7.33,1
845,5,100,6.82,1
846,5,100,6.18,1
847,5,100,6.41,1
848,5,100,6.43,1
849,5,100,7.24,1
850,5,100,6.9,1
851,5,100,7.2,1
852,5,100,7.09,1
853,5,100,6.7,1
854,5,100,6.87,1
855,5,100,7.1,1
856,5,100,6.97,1
857,5,100,6.58,1
858,5,100,6.11,1
859,5,100,6.82,1
860,5,100,6.79,1
861,5,100,6.19,1
862,5,100,6.2,1
863,5,100,6.91,1
864,5,100,6.95,1
865,5,100,6.99,1
866,5,100,6.39,1
867,5,100,6.19,1
868,5,100,6.75,1
869,5,100,7.12,1
870,5,100,6.5,1
871,5,100,6.31,1
872,5,100,6.97,1
873,5,100,7.16,1
874,5,100,6.9,1
875,5,100,6.32,1
876,5,100,6.65,1
877,5,100,6.73,1
878,5,100,6.39,1
879,5,100,6.46,1
880,5,100,6.54,1
881,5,100,6.74,1
882,5,100,6.17,1
883,5,100,6.58,1
884,5,100,6.73,1
885,5,100,6.54,1
886,5,100,6.29,1
887,5,100,6.44,1
888,5,100,6.25,1
889,5,100,6.47,1
890,5,100,6.07,1
891,5,100,6.0,1
892,5,100,5.92,1
893,5,100,6.04,1
894,5,100,6.5,1
895,5,100,6.54,1
896,5,100,6.59,1
897,5,100,6.7,1
898,5,100,6.54,1
899,5,100,7.11,1
900,5,100,7.32,1
901,5,100,6.67,1
902,5,100,6.56,1
903,5,100,5.69,1
904,5,100,5.9,1
905,5,100,6.53,1
906,5,100,6.19,1
907,5,100,6.62,1
908,5,100,6.66,1
909,5,100,6.38,1
910,5,100,6.78,1
911,5,100,7.16,1
912,5,100,7.15,1
913,5,100,6.71,1
914,5,100,6.85,1
915,5,100,6.31,1
916,5,100,6.51,1
917,5,100,6.74,1
918,5,100,6.91,1
919,5,100,6.47,1
920,5,100,6.25,1
921,5,100,7.24,1
922,5,100,6.53,1
923,5,100,7.24,1
924,5,100,6.41,1
925,5,100,6.71,1
926,5,100,6.41,1
927,5,100,6.83,1
928,5,100,5.87,1
929,5,100,7.04,1
930,5,100,7.41,1
931,5,100,6.45,1
932,5,100,6.67,1
933,5,100,6.83,1
934,5,100,6.25,1
935,5,100,6.78,1
936,5,100,6.83,1
937,5,100,7.01,1
938,5,100,6.26,1
939,5,100,6.47,1
940,5,100,6.72,1
941,5,100,6.79,1
942,5,100,6.23,1
943,5,100,6.35,1
944,5,100,6.42,1
945,5,100,7.31,1
946,5,100,7.6,1
947,5,100,7.31,1
948,5,100,7.15,1
949,5,100,6.31,1
950,5,100,6.32,1
951,5,100,6.3,1
952,5,100,6.4,1
953,5,100,6.85,1
954,5,100,6.35,1
955,5,100,6.92,1
956,5,100,6.67,1
957,5,100,6.13,1
958,5,100,6.42,1
959,5,100,6.11,1
960,5,100,6.8,1
961,5,100,6.58,1
962,5,100,7.44,1
963,5,100,6.9,1
964,5,100,6.84,1
965,5,100,6.08,1
966,5,100,6.44,1
967,5,100,6.9,1
968,5,100,5.63,1
969,5,100,6.87,1
970,5,100,6.99,1
971,5,100,6.9,1
972,5,100,6.06,1
973,5,100,6.8,1
974,5,100,6.81,1
975,5,100,6.69,1
976,5,100,6.82,1
977,5,100,7.2,1
978,5,100,6.62,1
979,5,100,6.26,1
980,5,100,6.36,1
981,5,100,6.63,1
982,5,100,7.25,1
983,5,100,6.53,1
984,5,100,6.56,1
985,5,100,7.05,1
986,5,100,6.1,1
987,5,100,6.56,1
988,5,100,6.98,1
989,5,100,6.08,1
990,5,100,7.15,1
991,5,100,6.62,1
992,5,100,6.52,1
993,5,100,6.27,1
994,5,100,6.41,1
995,5,100,6.51,1
996,5,100,6.75,1
997,5,100,6.88,1
998,5,100,6.41,1
999,5,100,7.1,1
1000,5,100,7.08,1
1001,5,100,6.61,1
1002,5,100,7.62,1
1003,5,100,6.73,1
1004,5,100,6.33,1
1005,5,100,6.24,1
1006,5,100,6.72,1
1007,5,100,7.22,1
1008,5,100,6.79,1
1009,5,100,6.99,1
1010,5,100,7.58,1
1011,5,100,7.28,1
1012,5,100,6.68,1
1013,5,100,6.24,1
1014,5,100,7.34,1
1015,5,100,6.52,1
1016,5,100,6.25,1
1017,5,100,6.54,1
1018,5,100,6.2,1
1019,5,100,6.18,1
1020,5,100,6.62,1
1021,5,100,6.31,1
1022,5,100,6.59,1
1023,5,100,6.81,1
1024,5,100,7.06,1
1025,5,100,6.93,1
1026,5,100,6.79,1
1027,5,100,7.28,1
1028,5,100,6.08,1
1029,5,100,6.71,1
1030,5,100,6.39,1
1031,5,100,7.22,1
1032,5,100,6.67,1
1033,5,100,6.68,1
1034,5,100,6.18,1
1035,5,100,6.27,1
1036,5,100,7.02,1
1037,5,100,6.76,1
1038,5,100,6.86,1
1039,5,100,7.04,1
1040,5,100,6.24,1
1041,5,100,6.68,1
1042,5,100,7.23,1
1043,5,100,6.61,1
1044,5,100,6.73,1
1045,5,100,6.4,1
1046,5,100,6.42,1
1047,5,100,6.85,1
1048,5,100,6.86,1
1049,5,100,6.41,1
1050,5,100,6.49,1
1051,5,100,6.95,1
1052,5,100,6.88,1
1053,5,100,6.22,1
1054,5,100,5.99,1
1055,5,100,6.45,1
1056,5,100,6.32,1
1057,5,100,6.45,1
1058,5,100,7.03,1
1059,5,100,7.0,1
1060,5,100,6.48,1
1061,5,100,6.86,1
1062,5,100,6.59,1
1063,5,100,6.89,1
1064,5,100,7.54,1
1065,5,100,5.97,1
1066,5,100,7.4,1
1067,5,100,7.19,1
1068,5,100,7.57,1
1069,5,100,6.49,1
1070,5,100,7.0,1
1071,5,100,6.87,1
1072,5,100,6.64,1
1073,5,100,7.11,1
1074,5,100,6.07,1
1075,5,100,6.23,1
1076,5,100,6.26,1
1077,5,100,7.13,1
1078,5,100,6.91,1
1079,5,100,6.18,1
1080,5,100,6.68,1
1081,5,100,5.8,1
1082,5,100,6.83,1
1083,5,100,6.4,1
1084,5,100,6.86,1
1085,5,100,5.99,1
1086,5,100,6.5,1
1087,5,100,6.46,1
1088,5,100,6.76,1
1089,5,100,6.7,1
1090,5,100,6.63,1
1091,5,100,6.58,1
1092,5,100,6.89,1
1093,5,100,6.8,1
1094,5,100,6.58,1
1095,5,100,6.89,1
1096,5,100,6.46,1
1097,5,100,6.45,1
1098,5,100,6.9,1
1099,5,100,6.46,1
1100,5,100,6.33,1
1101,5,100,6.29,1
1102,5,100,6.43,1
1103,5,100,6.01,1
1104,5,100,6.73,1
1105,5,100,6.08,1
1106,5,100,6.27,1
1107,5,100,7.1,1
1108,5,100,6.73,1
1109,5,100,6.42,1
1110,5,100,6.18,1
1111,5,100,6.39,1
1112,5,100,6.85,1
1113,5,100,6.32,1
1114,5,100,7.0,1
1115,5,100,6.17,1
1116,5,100,7.52,1
1117,5,100,7.32,1
1118,5,100,6.66,1
1119,5,100,7.04,1
1120,5,100,5.72,1
1121,5,100,6.93,1
1122,5,100,6.04,1
1123,5,100,6.47,1
1124,5,100,6.06,1
1125,5,100,7.09,1
1126,5,100,6.56,1
1127,5,100,6.65,1
1128,5,100,6.01,1
1129,5,100,6.91,1
1130,5,100,6.49,1
1131,5,100,7.46,1
1132,5,100,7.34,1
1133,5,100,7.47,1
1134,5,100,6.3,1
1135,5,100,6.68,1
1136,5,100,6.26,1
1137,5,100,6.0,1
1138,5,100,6.06,1
1139,5,100,7.33,1
1140,5,100,6.79,1
1141,5,100,7.61,1
1142,5,100,6.95,1
1143,5,100,6.14,1
1144,5,100,6.72,1
1145,5,100,6.23,1
1146,5,100,6.33,1
1147,5,100,7.27,1
1148,5,100,7.17,1
1149,5,100,8.0,1
1150,5,100,6.79,1
1151,5,100,6.36,1
1152,5,100,6.52,1
1153,5,100,6.51,1
1154,5,100,5.8,1
1155,5,100,6.47,1
1156,5,100,6.9,1
1157,5,100,6.56,1
1158,5,100,6.34,1
1159,5,100,6.42,1
1160,5,100,6.7,1
1161,5,100,6.72,1
1162,5,100,6.89,1
1163,5,100,7.25,1
1164,5,100,7.15,1
1165,5,100,6.7,1
1166,5,100,6.59,1
1167,5,100,6.42,1
1168,5,100,6.76,1
1169,5,100,6.6,1
1170,5,100,6.61,1
1171,5,100,6.6,1
1172,5,100,6.92,1
1173,5,100,6.28,1
1174,5,100,6.81,1
1175,5,100,6.8,1
1176,5,100,6.97,1
1177,5,100,6.47,1
1178,5,100,7.09,1
1179,5,100,7.16,1
1180,5,100,6.54,1
1181,5,100,6.97,1
1182,5,100,7.3,1
1183,5,100,6.44,1
1184,5,100,6.24,1
1185,5,100,7.03,1
1186,5,100,6.79,1
1187,5,100,6.63,1
1188,5,100,6.56,1
1189,5,100,7.0,1
1190,5,100,7.05,1
1191,5,100,7.41,1
1192,5,100,6.68,1
1193,5,100,6.54,1
1194,5,100,6.82,1
1195,5,100,6.57,1
1196,5,100,6.62,1
1197,5,100,6.64,1
1198,5,100,6.09,1
1199,5,100,6.22,1
1200,5,100,6.06,1
1201,5,100,6.41,1
1202,5,100,6.13,1
1203,5,100,6.05,1
1204,5,100,6.51,1
1205,5,100,6.86,1
1206,5,100,6.29,1
1207,5,100,6.81,1
1208,5,100,6.77,1
1209,5,100,6.87,1
1210,5,100,7.11,1
1211,5,100,6.61,1
1212,5,100,6.5,1
1213,5,100,6.66,1
1214,5,100,6.61,1
1215,5,100,6.64,1
1216,5,100,6.51,1
1217,5,100,6.04,1
1218,5,100,5.89,1
1219,5,100,6.72,1
1220,5,100,6.54,1
1221,5,100,6.97,1
1222,5,100,6.79,1
1223,5,100,7.42,1
1224,5,100,6.73,1
1225,5,100,6.67,1
1226,5,100,7.12,1
1227,5,100,6.63,1
1228,5,100,6.46,1
1229,5,100,6.51,1
1230,5,100,7.17,1
1231,5,100,6.0,1
1232,5,100,7.34,1
1233,5,100,6.5,1
1234,5,100,6.71,1
1235,5,100,6.47,1
1236,5,100,6.41,1
1237,5,100,6.87,1
1238,5,100,6.83,1
1239,5,100,6.89,1
1240,5,100,6.83,1
1241,5,100,6.71,1
1242,5,100,6.39,1
1243,5,100,6.74,1
1244,5,100,6.31,1
1245,5,100,6.99,1
1246,5,100,6.41,1
1247,5,100,6.62,1
1248,5,100,6.87,1
1249,5,100,6.9,1
1250,5,100,6.37,1
1251,5,100,6.42,1
1252,5,100,6.68,1
1253,5,100,7.2,1
1254,5,100,7.04,1
1255,5,100,6.08,1
1256,5,100,6.62,1
1257,5,100,6.74,1
1258,5,100,6.42,1
1259,5,100,6.65,1
1260,5,100,6.69,1
1261,5,100,7.01,1
1262,5,100,6.85,1
1263,5,100,6.36,1
1264,5,100,7.41,1
1265,5,100,7.8,1
1266,5,100,6.64,1
1267,5,100,6.89,1
1268,5,100,6.98,1
1269,5,100,7.14,1
1270,5,100,6.38,1
1271,5,100,6.96,1
1272,5,100,6.21,1
1273,5,100,6.73,1
1274,5,100,6.89,1
1275,5,100,6.13,1
1276,5,100,6.81,1
1277,5,100,7.34,1
1278,5,100,6.24,1
1279,5,100,6.82,1
1280,5,100,5.91,1
1281,5,100,6.68,1
1282,5,100,6.08,1
1283,5,100,6.72,1
1284,5,100,6.55,1
1285,5,100,6.77,1
1286,5,100,7.24,1
1287,5,100,6.43,1
1288,5,100,6.85,1
1289,5,100,6.72,1
1290,5,100,6.65,1
1291,5,100,6.75,1
1292,5,100,6.94,1
1293,5,100,7.15,1
1294,5,100,6.84,1
1295,5,100,6.29,1
1296,5,100,7.13,1
1297,5,100,6.83,1
1298,5,100,6.42,1
1299,5,100,7.41,1
1300,5,100,7.02,1
1301,5,100,6.9,1
1302,5,100,6.34,1
1303,5,100,6.83,1
1304,5,100,6.81,1
1305,5,100,7.02,1
1306,5,100,6.23,1
1307,5,100,6.56,1
1308,5,100,6.39,1
1309,5,100,6.71,1
1310,5,100,6.76,1
1311,5,100,6.39,1
1312,5,100,6.5,1
1313,5,100,6.78,1
1314,5,100,6.49,1
1315,5,100,6.44,1
1316,5,100,6.43,1
1317,5,100,6.51,1
1318,5,100,7.36,1
1319,5,100,6.45,1
1320,5,100,6.2,1
1321,5,100,6.42,1
1322,5,100,6.99,1
1323,5,100,6.8,1
1324,5,100,6.13,1
1325,5,100,6.68,1
1326,5,100,6.23,1
1327,5,100,7.04,1
1328,5,100,6.15,1
1329,5,100,6.08,1
1330,5,100,6.72,1
1331,5,100,6.15,1
1332,5,100,6.51,1
1333,5,100,6.94,1
1334,5,100,7.09,1
1335,5,100,6.15,1
1336,5,100,6.5,1
1337,5,100,6.61,1
1338,5,100,7.08,1
1339,5,100,6.31,1
1340,5,100,7.39,1
1341,5,100,6.78,1
1342,5,100,5.76,1
1343,5,100,5.98,1
1344,5,100,7.0,1
1345,5,100,6.85,1
1346,5,100,6.92,1
1347,5,100,5.93,1
1348,5,100,6.73,1
1349,5,100,5.98,1
1350,5,100,6.77,1
1351,5,100,6.99,1
1352,5,100,6.65,1
1353,5,100,7.37,1
1354,5,100,6.15,1
1355,5,100,6.25,1
1356,5,100,7.13,1
1357,5,100,6.54,1
1358,5,100,6.39,1
1359,5,100,6.34,1
1360,5,100,6.29,1
1361,5,100,6.41,1
1362,5,100,6.78,1
1363,5,100,6.76,1
1364,5,100,7.2,1
1365,5,100,6.94,1
1366,5,100,6.41,1
1367,5,100,7.19,1
1368,5,100,6.9,1
1369,5,100,6.75,1
1370,5,100,6.57,1
1371,5,100,6.93,1
1372,5,100,6.85,1
1373,5,100,6.44,1
1374,5,100,6.84,1
1375,5,100,6.3,1
1376,5,100,5.96,1
1377,5,100,6.45,1
1378,5,100,6.48,1
1379,5,100,6.58,1
1380,5,100,6.58,1
1381,5,100,6.72,1
1382,5,100,7.01,1
1383,5,100,6.43,1
1384,5,100,6.81,1
1385,5,100,7.48,1
1386,5,100,6.92,1
1387,5,100,6.62,1
1388,5,100,6.64,1
1389,5,100,6.83,1
1390,5,100,6.48,1
1391,5,100,6.71,1
1392,5,100,6.75,1
1393,5,100,7.54,1
1394,5,100,6.85,1
1395,5,100,6.24,1
1396,5,100,6.36,1
1397,5,100,7.03,1
1398,5,100,6.35,1
1399,5,100,6.3,1
1400,5,100,6.71,1
1401,5,100,6.77,1
1402,5,100,6.38,1
1403,5,100,6.6,1
1404,5,100,6.42,1
1405,5,100,6.26,1
1406,5,100,7.33,1
1407,5,100,6.52,1
1408,5,100,6.94,1
1409,5,100,7.04,1
1410,5,100,5.82,1
1411,5,100,6.86,1
1412,5,100,6.71,1
1413,5,100,6.13,1
1414,5,100,7.02,1
1415,5,100,7.04,1
1416,5,100,7.0,1
1417,5,100,6.57,1
1418,5,100,6.5,1
1419,5,100,6.4,1
1420,5,100,6.68,1
1421,5,100,6.38,1
1422,5,100,6.99,1
1423,5,100,6.35,1
1424,5,100,7.35,1
1425,5,100,6.59,1
1426,5,100,6.74,1
1427,5,100,6.93,1
1428,5,100,7.25,1
1429,5,100,7.24,1
1430,5,100,7.12,1
1431,5,100,7.23,1
1432,5,100,7.11,1
1433,5,100,6.98,1
1434,5,100,6.34,1
1435,5,100,7.01,1
1436,5,100,6.58,1
1437,5,100,7.53,1
1438,5,100,6.66,1
1439,5,100,6.47,1
1440,5,100,6.38,1
1441,5,100,7.0,1
1442,5,100,6.78,1
1443,5,100,6.34,1
1444,5,100,6.5,1
1445,5,100,6.54,1
1446,5,100,6.72,1
1447,5,100,6.82,1
1448,5,100,6.89,1
1449,5,100,6.21,1
1450,5,100,6.47,1
1451,5,100,7.19,1
1452,5,100,6.77,1
1453,5,100,7.12,1
1454,5,100,6.43,1
1455,5,100,7.09,1
1456,5,100,7.59,1
1457,5,100,6.85,1
1458,5,100,7.27,1
1459,5,100,7.02,1
1460,5,100,6.24,1
1461,5,100,6.66,1
1462,5,100,7.17,1
1463,5,100,6.52,1
1464,5,100,6.9,1
1465,5,100,6.85,1
1466,5,100,7.26,1
1467,5,100,6.65,1
1468,5,100,6.48,1
1469,5,100,6.07,1
1470,5,100,7.02,1
1471,5,100,6.38,1
1472,5,100,7.15,1
1473,5,100,7.09,1
1474,5,100,7.11,1
1475,5,100,6.5,1
1476,5,100,6.74,1
1477,5,100,6.81,1
1478,5,100,6.74,1
1479,5,100,6.72,1
1480,5,100,7.14,1
1481,5,100,6.79,1
1482,5,100,6.84,1
1483,5,100,7.11,1
1484,5,100,6.74,1
1485,5,100,6.26,1
1486,5,100,6.64,1
1487,5,100,6.65,1
1488,5,100,6.93,1
1489,5,100,6.92,1
1490,5,100,6.44,1
1491,5,100,6.34,1
1492,5,100,7.03,1
1493,5,100,6.72,1
1494,5,100,5.87,1
1495,5,100,6.21,1
1496,5,100,6.64,1
1497,5,100,6.74,1
1498,5,100,6.8,1
1499,5,100,6.72,1
1500,5,100,6.52,1
1501,5,100,6.96,1
1502,5,100,6.76,1
1503,5,100,7.4,1
1504,5,100,7.08,1
1505,5,100,7.56,1
1506,5,100,6.94,1
1507,5,100,6.97,1
1508,5,100,7.19,1
1509,5,100,6.83,1
1510,5,100,7.56,1
1511,5,100,6.69,1
1512,5,100,7.14,1
1513,5,100,6.3,1
1514,5,100,6.87,1
1515,5,100,7.14,1
1516,5,100,7.64,1
1517,5,100,6.98,1
1518,5,100,6.83,1
1519,5,100,6.67,1
1520,5,100,6.77,1
1521,5,100,6.52,1
1522,5,100,6.86,1
1523,5,100,6.67,1
1524,5,100,6.94,1
1525,5,100,6.69,1
1526,5,100,6.4,1
1527,5,100,7.01,1
1528,5,100,7.43,1
1529,5,100,7.01,1
1530,5,100,7.12,1
1531,5,100,6.31,1
1532,5,100,6.63,1
1533,5,100,6.78,1
1534,5,100,6.86,1
1535,5,100,6.15,1
1536,5,100,6.79,1
1537,5,100,7.39,1
1538,5,100,7.12,1
1539,5,100,6.4,1
1540,5,100,7.33,1
1541,5,100,7.45,1
1542,5,100,6.85,1
1543,5,100,5.89,1
1544,5,100,6.36,1
1545,5,100,6.88,1
1546,5,100,7.07,1
1547,5,100,6.79,1
1548,5,100,6.94,1
1549,5,100,6.28,1
1550,5,100,6.81,1
1551,5,100,6.64,1
1552,5,100,6.97,1
1553,5,100,6.07,1
1554,5,100,6.51,1
1555,5,100,6.48,1
1556,5,100,6.57,1
1557,5,100,6.71,1
1558,5,100,7.29,1
1559,5,100,7.14,1
1560,5,100,7.37,1
1561,5,100,7.11,1
1562,5,100,6.93,1
1563,5,100,7.01,1
1564,5,100,6.43,1
1565,5,100,6.67,1
1566,5,100,6.68,1
1567,5,100,7.06,1
1568,5,100,5.97,1
1569,5,100,7.02,1
1570,5,100,6.82,1
1571,5,100,6.36,1
1572,5,100,6.37,1
1573,5,100,7.13,1
1574,5,100,6.64,1
1575,5,100,6.49,1
1576,5,100,6.86,1
1577,5,100,6.78,1
1578,5,100,6.46,1
1579,5,100,6.85,1
1580,5,100,7.5,1
1581,5,100,6.02,1
1582,5,100,6.4,1
1583,5,100,7.2,1
1584,5,100,6.27,1
1585,5,100,6.62,1
1586,5,100,6.2,1
1587,5,100,7.07,1
1588,5,100,7.33,1
1589,5,100,6.42,1
1590,5,100,6.4,1
1591,5,100,6.75,1
1592,5,100,6.8,1
1593,5,100,6.66,1
1594,5,100,6.92,1
1595,5,100,6.78,1
1596,5,100,6.79,1
1597,5,100,6.68,1
1598,5,100,6.5,1
1599,5,100,6.66,1
1600,5,100,6.05,1
1601,5,100,7.12,1
1602,5,100,6.25,1
1603,5,100,6.43,1
1604,5,100,7.05,1
1605,5,100,6.42,1
1606,5,100,6.53,1
1607,5,100,6.86,1
1608,5,100,7.29,1
1609,5,100,6.75,1
1610,5,100,6.73,1
1611,5,100,6.47,1
1612,5,100,6.09,1
1613,5,100,6.43,1
1614,5,100,6.55,1
1615,5,100,6.97,1
1616,5,100,6.56,1
1617,5,100,6.85,1
1618,5,100,7.05,1
1619,5,100,7.12,1
1620,5,100,6.68,1
1621,5,100,7.08,1
1622,5,100,7.0,1
1623,5,100,6.49,1
1624,5,100,6.48,1
1625,5,100,6.69,1
1626,5,100,6.62,1
1627,5,100,6.73,1
1628,5,100,6.53,1
1629,5,100,6.43,1
1630,5,100,6.37,1
1631,5,100,5.58,1
1632,5,100,7.23,1
1633,5,100,7.1,1
1634,5,100,6.68,1
1635,5,100,7.03,1
1636,5,100,6.2,1
1637,5,100,6.48,1
1638,5,100,6.33,1
1639,5,100,5.99,1
1640,5,100,6.39,1
1641,5,100,6.54,1
1642,5,100,7.12,1
1643,5,100,7.15,1
1644,5,100,6.61,1
1645,5,100,6.68,1
1646,5,100,6.45,1
1647,5,100,6.53,1
1648,5,100,6.39,1
1649,5,100,5.97,1
1650,5,100,6.66,1
1651,5,100,7.26,1
1652,5,100,6.62,1
1653,5,100,6.79,1
1654,5,100,6.68,1
1655,5,100,6.66,1
1656,5,100,6.83,1
1657,5,100,6.74,1
1658,5,100,6.44,1
1659,5,100,7.06,1
1660,5,100,6.99,1
1661,5,100,6.39,1
1662,5,100,6.56,1
1663,5,100,7.34,1
1664,5,100,7.12,1
1665,5,100,7.17,1
1666,5,100,6.45,1
1667,5,100,6.82,1
1668,5,100,6.79,1
1669,5,100,6.36,1
1670,5,100,6.19,1
1671,5,100,6.84,1
1672,5,100,7.1,1
1673,5,100,6.4,1
1674,5,100,6.82,1
1675,5,100,6.97,1
1676,5,100,6.67,1
1677,5,100,6.24,1
1678,5,100,6.53,1
1679,5,100,6.51,1
1680,5,100,6.78,1
1681,5,100,6.73,1
1682,5,100,7.06,1
1683,5,100,7.15,1
1684,5,100,6.3,1
1685,5,100,6.52,1
1686,5,100,6.34,1
1687,5,100,6.91,1
1688,5,100,6.99,1
1689,5,100,7.1,1
1690,5,100,6.64,1
1691,5,100,6.95,1
1692,5,100,7.03,1
1693,5,100,6.43,1
1694,5,100,6.73,1
1695,5,100,7.62,1
1696,5,100,7.04,1
1697,5,100,6.88,1
1698,5,100,6.99,1
1699,5,100,6.78,1
1700,5,100,6.33,1
1701,5,100,6.48,1
1702,5,100,6.98,1
1703,5,100,6.59,1
1704,5,100,6.14,1
1705,5,100,6.52,1
1706,5,100,6.39,1
1707,5,100,6.86,1
1708,5,100,6.79,1
1709,5,100,6.75,1
1710,5,100,6.99,1
1711,5,100,6.44,1
1712,5,100,7.05,1
1713,5,100,6.54,1
1714,5,100,6.91,1
1715,5,100,6.52,1
1716,5,100,5.78,1
1717,5,100,6.43,1
1718,5,100,6.92,1
1719,5,100,7.22,1
1720,5,100,6.73,1
1721,5,100,7.15,1
1722,5,100,6.81,1
1723,5,100,6.95,1
1724,5,100,6.22,1
1725,5,100,6.89,1
1726,5,100,6.7,1
1727,5,100,6.24,1
1728,5,100,6.99,1
1729,5,100,7.28,1
1730,5,100,6.7,1
1731,5,100,6.6,1
1732,5,100,6.74,1
1733,5,100,6.45,1
1734,5,100,6.73,1
1735,5,100,6.64,1
1736,5,100,6.81,1
1737,5,100,7.13,1
1738,5,100,6.75,1
1739,5,100,6.92,1
1740,5,100,6.66,1
1741,5,100,7.06,1
1742,5,100,6.6,1
1743,5,100,6.53,1
1744,5,100,6.66,1
1745,5,100,6.72,1
1746,5,100,6.74,1
1747,5,100,6.74,1
1748,5,100,6.76,1
1749,5,100,6.63,1
1750,5,100,7.37,1
1751,5,100,6.89,1
1752,5,100,6.51,1
1753,5,100,7.5,1
1754,5,100,6.73,1
1755,5,100,6.83,1
1756,5,100,6.85,1
1757,5,100,7.07,1
1758,5,100,7.19,1
1759,5,100,6.86,1
1760,5,100,6.51,1
1761,5,100,6.63,1
1762,5,100,6.96,1
1763,5,100,7.24,1
1764,5,100,6.36,1
1765,5,100,6.19,1
1766,5,100,6.42,1
1767,5,100,6.92,1
1768,5,100,6.48,1
1769,5,100,7.15,1
1770,5,100,6.06,1
1771,5,100,6.53,1
1772,5,100,6.89,1
1773,5,100,7.1,1
1774,5,100,6.82,1
1775,5,100,6.9,1
1776,5,100,6.67,1
1777,5,100,6.91,1
1778,5,100,6.6,1
1779,5,100,7.09,1
1780,5,100,6.67,1
1781,5,100,6.98,1
1782,5,100,6.94,1
1783,5,100,6.69,1
1784,5,100,6.65,1
1785,5,100,6.73,1
1786,5,100,6.51,1
1787,5,100,6.65,1
1788,5,100,6.93,1
1789,5,100,6.43,1
1790,5,100,6.66,1
1791,5,100,6.88,1
1792,5,100,6.66,1
1793,5,100,6.38,1
1794,5,100,6.9,1
1795,5,100,7.31,1
1796,5,100,7.06,1
1797,5,100,6.47,1
1798,5,100,6.62,1
1799,5,100,6.89,1
1800,5,100,6.63,1
1801,5,100,6.89,1
1802,5,100,7.08,1
1803,5,100,6.48,1
1804,5,100,6.76,1
1805,5,100,6.63,1
1806,5,100,6.77,1
1807,5,100,6.36,1
1808,5,100,7.95,1
1809,5,100,6.36,1
1810,5,100,6.03,1
1811,5,100,6.86,1
1812,5,100,6.19,1
1813,5,100,6.24,1
1814,5,100,6.45,1
1815,5,100,6.92,1
1816,5,100,6.81,1
1817,5,100,6.49,1
1818,5,100,6.92,1
1819,5,100,7.66,1
1820,5,100,6.75,1
1821,5,100,7.45,1
1822,5,100,7.35,1
1823,5,100,6.97,1
1824,5,100,6.32,1
1825,5,100,6.06,1
1826,5,100,6.9,1
1827,5,100,7.1,1
1828,5,100,6.77,1
1829,5,100,7.19,1
1830,5,100,6.69,1
1831,5,100,6.6,1
1832,5,100,6.42,1
1833,5,100,6.72,1
1834,5,100,5.89,1
1835,5,100,6.11,1
1836,5,100,7.03,1
1837,5,100,6.58,1
1838,5,100,6.8,1
1839,5,100,6.39,1
1840,5,100,6.12,1
1841,5,100,7.06,1
1842,5,100,7.4,1
1843,5,100,6.36,1
1844,5,100,6.56,1
1845,5,100,7.34,1
1846,5,100,7.01,1
1847,5,100,6.92,1
1848,5,100,6.42,1
1849,5,100,6.96,1
1850,5,100,7.28,1
1851,5,100,6.61,1
1852,5,100,7.19,1
1853,5,100,6.74,1
1854,5,100,6.4,1
1855,5,100,6.58,1
1856,5,100,6.3,1
1857,5,100,6.83,1
1858,5,100,6.12,1
1859,5,100,6.62,1
1860,5,100,6.37,1
1861,5,100,6.69,1
1862,5,100,6.88,1
1863,5,100,6.98,1
1864,5,100,6.69,1
1865,5,100,7.11,1
1866,5,100,6.77,1
1867,5,100,6.81,1
1868,5,100,7.2,1
1869,5,100,6.45,1
1870,5,100,6.72,1
1871,5,100,6.86,1
1872,5,100,6.51,1
1873,5,100,6.75,1
1874,5,100,6.85,1
1875,5,100,6.58,1
1876,5,100,5.7,1
1877,5,100,7.18,1
1878,5,100,7.03,1
1879,5,100,6.67,1
1880,5,100,6.68,1
1881,5,100,6.65,1
1882,5,100,6.83,1
1883,5,100,6.91,1
1884,5,100,6.67,1
1885,5,100,6.38,1
1886,5,100,6.45,1
1887,5,100,7.07,1
1888,5,100,7.35,1
1889,5,100,6.1,1
1890,5,100,6.65,1
1891,5,100,6.44,1
1892,5,100,6.92,1
1893,5,100,6.56,1
1894,5,100,6.01,1
1895,5,100,6.25,1
1896,5,100,6.17,1
1897,5,100,6.65,1
1898,5,100,6.59,1
1899,5,100,6.52,1
1900,5,100,6.63,1
1901,5,100,5.95,1
1902,5,100,6.13,1
1903,5,100,6.26,1
1904,5,100,6.75,1
1905,5,100,6.33,1
1906,5,100,6.14,1
1907,5,100,6.89,1
1908,5,100,6.35,1
1909,5,100,6.78,1
1910,5,100,7.83,1
1911,5,100,7.0,1
1912,5,100,6.27,1
1913,5,100,6.84,1
1914,5,100,7.34,1
1915,5,100,7.49,1
1916,5,100,6.49,1
1917,5,100,7.14,1
1918,5,100,6.67,1
1919,5,100,6.68,1
1920,5,100,5.4,1
1921,5,100,6.5,1
1922,5,100,6.93,1
1923,5,100,6.88,1
1924,5,100,6.69,1
1925,5,100,6.86,1
1926,5,100,5.95,1
1927,5,100,6.69,1
1928,5,100,6.76,1
1929,5,100,6.84,1
1930,5,100,6.54,1
1931,5,100,6.73,1
1932,5,100,7.23,1
1933,5,100,7.02,1
1934,5,100,7.29,1
1935,5,100,6.6,1
1936,5,100,6.86,1
1937,5,100,6.27,1
1938,5,100,6.91,1
1939,5,100,7.19,1
1940,5,100,6.61,1
1941,5,100,6.55,1
1942,5,100,6.51,1
1943,5,100,6.46,1
1944,5,100,6.92,1
1945,5,100,7.0,1
1946,5,100,6.83,1
1947,5,100,5.87,1
1948,5,100,6.32,1
1949,5,100,6.81,1
1950,5,100,6.79,1
1951,5,100,6.95,1
1952,5,100,6.56,1
1953,5,100,6.62,1
1954,5,100,6.06,1
1955,5,100,6.18,1
1956,5,100,7.13,1
1957,5,100,7.42,1
1958,5,100,6.82,1
1959,5,100,6.48,1
1960,5,100,7.29,1
1961,5,100,6.37,1
1962,5,100,6.54,1
1963,5,100,5.87,1
1964,5,100,6.95,1
1965,5,100,6.47,1
1966,5,100,7.19,1
1967,5,100,6.3,1
1968,5,100,6.09,1
1969,5,100,6.02,1
1970,5,100,6.94,1
1971,5,100,7.0,1
1972,5,100,6.99,1
1973,5,100,6.72,1
1974,5,100,6.57,1
1975,5,100,7.18,1
1976,5,100,6.65,1
1977,5,100,6.98,1
1978,5,100,6.83,1
1979,5,100,6.21,1
1980,5,100,6.71,1
1981,5,100,6.11,1
1982,5,100,7.37,1
1983,5,100,6.76,1
1984,5,100,6.81,1
1985,5,100,6.83,1
1986,5,100,6.47,1
1987,5,100,6.15,1
1988,5,100,6.92,1
1989,5,100,6.52,1
1990,5,100,6.65,1
1991,5,100,6.5,1
1992,5,100,7.21,1
1993,5,100,7.53,1
1994,5,100,7.33,1
1995,5,100,6.57,1
1996,5,100,6.75,1
1997,5,100,6.44,1
1998,5,100,6.04,1
1999,5,100,6.94,1
2000,5,100,7.16,1
