generation,run,parameter,mean_fitness,best_fitness
0,1,2,57.84,28
1,1,2,53.1,28
2,1,2,51.48,28
3,1,2,46.8,28
4,1,2,44.16,28
5,1,2,42.28,28
6,1,2,39.5,28
7,1,2,39.38,28
8,1,2,38.04,27
9,1,2,37.3,27
10,1,2,36.4,27
11,1,2,34.76,27
12,1,2,35.6,25
13,1,2,35.02,25
14,1,2,35.7,25
15,1,2,34.34,25
16,1,2,34.9,25
17,1,2,34.54,25
18,1,2,35.36,25
19,1,2,35.54,25
20,1,2,35.84,25
21,1,2,35.18,25
22,1,2,35.24,25
23,1,2,34.6,25
24,1,2,34.12,25
25,1,2,33.86,25
26,1,2,34.48,25
27,1,2,34.14,25
28,1,2,34.16,25
29,1,2,34.72,25
30,1,2,34.66,25
31,1,2,34.1,25
32,1,2,34.82,25
33,1,2,34.02,25
34,1,2,34.38,25
35,1,2,33.7,25
36,1,2,34.32,25
37,1,2,34.58,25
38,1,2,34.76,25
39,1,2,34.16,25
40,1,2,33.68,25
41,1,2,33.38,23
42,1,2,32.84,23
43,1,2,32.26,23
44,1,2,32.86,23
45,1,2,32.56,21
46,1,2,31.8,21
47,1,2,31.7,21
48,1,2,32.1,21
49,1,2,33.28,21
50,1,2,33.34,21
51,1,2,34.16,21
52,1,2,32.84,21
53,1,2,33.32,21
54,1,2,34.24,21
55,1,2,33.98,21
56,1,2,32.86,21
57,1,2,31.52,21
58,1,2,32.12,21
59,1,2,31.06,21
60,1,2,30.6,21
61,1,2,30.94,21
62,1,2,31.5,21
63,1,2,31.26,21
64,1,2,32.2,21
65,1,2,32.98,21
66,1,2,33.96,21
67,1,2,33.04,21
68,1,2,32.02,21
69,1,2,32.08,21
70,1,2,32.1,21
71,1,2,31.52,21
72,1,2,32.62,21
73,1,2,33.16,21
74,1,2,31.12,21
75,1,2,29.68,21
76,1,2,30.36,21
77,1,2,30.72,19
78,1,2,29.64,19
79,1,2,32.12,19
80,1,2,31.62,19
81,1,2,33.54,19
82,1,2,33.02,19
83,1,2,32.52,19
84,1,2,32.08,19
85,1,2,33.08,19
86,1,2,32.34,19
87,1,2,32.68,19
88,1,2,33.16,19
89,1,2,33.84,19
90,1,2,33.96,19
91,1,2,34.26,19
92,1,2,35.06,19
93,1,2,33.7,19
94,1,2,33.82,19
95,1,2,32.66,19
96,1,2,32.4,19
97,1,2,32.44,19
98,1,2,32.26,19
99,1,2,32.28,19
100,1,2,31.56,19
101,1,2,31.52,19
102,1,2,31.48,19
103,1,2,31.0,19
104,1,2,31.16,19
105,1,2,30.98,19
106,1,2,32.1,19
107,1,2,31.74,19
108,1,2,31.9,19
109,1,2,33.0,19
110,1,2,31.46,19
111,1,2,30.54,19
112,1,2,30.1,19
113,1,2,30.34,19
114,1,2,31.1,19
115,1,2,32.18,19
116,1,2,31.16,19
117,1,2,31.2,19
118,1,2,32.16,19
119,1,2,31.82,19
120,1,2,32.42,19
121,1,2,32.96,19
122,1,2,33.32,19
123,1,2,33.96,19
124,1,2,33.4,19
125,1,2,32.4,19
126,1,2,31.8,19
127,1,2,29.18,19
128,1,2,30.36,19
129,1,2,30.28,19
130,1,2,29.9,19
131,1,2,29.04,19
132,1,2,30.64,19
133,1,2,29.48,19
134,1,2,30.36,19
135,1,2,30.16,19
136,1,2,30.52,19
137,1,2,31.48,19
138,1,2,30.92,19
139,1,2,31.0,19
140,1,2,30.94,19
141,1,2,32.56,19
142,1,2,31.86,19
143,1,2,31.2,19
144,1,2,30.12,19
145,1,2,29.04,19
146,1,2,30.12,19
147,1,2,29.86,19
148,1,2,29.84,19
149,1,2,31.14,19
150,1,2,31.48,19
151,1,2,30.52,19
152,1,2,30.64,19
153,1,2,30.34,19
154,1,2,29.84,19
155,1,2,30.26,19
156,1,2,29.92,19
157,1,2,31.14,19
158,1,2,31.08,19
159,1,2,31.48,19
160,1,2,31.18,19
161,1,2,30.92,19
162,1,2,30.26,19
163,1,2,31.2,19
164,1,2,30.72,19
165,1,2,30.92,19
166,1,2,30.2,19
167,1,2,29.54,19
168,1,2,29.92,19
169,1,2,30.76,19
170,1,2,29.72,19
171,1,2,30.52,19
172,1,2,30.48,19
173,1,2,31.06,19
174,1,2,32.36,19
175,1,2,32.32,19
176,1,2,31.94,17
177,1,2,31.52,17
178,1,2,30.68,17
179,1,2,28.46,17
180,1,2,28.96,17
181,1,2,29.52,17
182,1,2,29.54,17
183,1,2,29.48,17
184,1,2,28.5,17
185,1,2,28.8,17
186,1,2,27.54,17
187,1,2,25.74,17
188,1,2,27.38,17
189,1,2,26.44,17
190,1,2,26.64,17
191,1,2,27.8,17
192,1,2,27.24,17
193,1,2,27.74,17
194,1,2,28.74,17
195,1,2,28.34,17
196,1,2,27.32,17
197,1,2,27.62,17
198,1,2,28.76,17
199,1,2,29.18,17
200,1,2,29.68,17
201,1,2,29.34,17
202,1,2,28.86,17
203,1,2,29.28,17
204,1,2,29.24,17
205,1,2,29.04,17
206,1,2,29.5,17
207,1,2,30.12,17
208,1,2,29.88,17
209,1,2,29.52,17
210,1,2,29.42,17
211,1,2,29.16,17
212,1,2,29.92,17
213,1,2,30.26,17
214,1,2,30.22,16
215,1,2,31.12,16
216,1,2,29.82,16
217,1,2,29.42,16
218,1,2,29.7,16
219,1,2,28.7,16
220,1,2,28.54,16
221,1,2,29.46,16
222,1,2,28.8,16
223,1,2,28.74,16
224,1,2,28.18,16
225,1,2,28.16,16
226,1,2,26.62,16
227,1,2,26.0,16
228,1,2,26.46,16
229,1,2,27.94,16
230,1,2,29.32,16
231,1,2,28.98,16
232,1,2,29.26,16
233,1,2,30.3,16
234,1,2,31.5,16
235,1,2,32.26,16
236,1,2,31.18,16
237,1,2,29.44,16
238,1,2,28.46,15
239,1,2,28.38,15
240,1,2,29.56,15
241,1,2,30.08,15
242,1,2,29.8,15
243,1,2,28.18,15
244,1,2,28.16,15
245,1,2,29.06,15
246,1,2,28.68,15
247,1,2,28.12,15
248,1,2,27.98,15
249,1,2,28.72,15
250,1,2,28.7,15
251,1,2,27.8,15
252,1,2,28.22,15
253,1,2,27.34,15
254,1,2,28.34,15
255,1,2,29.52,15
256,1,2,29.52,15
257,1,2,28.76,15
258,1,2,28.76,14
259,1,2,28.52,14
260,1,2,28.06,14
261,1,2,29.86,14
262,1,2,28.72,14
263,1,2,27.84,14
264,1,2,27.46,14
265,1,2,28.18,14
266,1,2,28.54,14
267,1,2,27.9,14
268,1,2,29.6,14
269,1,2,29.44,14
270,1,2,29.82,14
271,1,2,28.56,14
272,1,2,29.7,14
273,1,2,30.02,14
274,1,2,30.4,14
275,1,2,30.88,14
276,1,2,30.48,14
277,1,2,30.2,14
278,1,2,29.02,14
279,1,2,28.66,14
280,1,2,27.34,14
281,1,2,26.64,14
282,1,2,26.16,14
283,1,2,27.06,14
284,1,2,27.28,14
285,1,2,28.74,14
286,1,2,27.04,14
287,1,2,26.76,14
288,1,2,26.66,14
289,1,2,27.78,14
290,1,2,28.5,14
291,1,2,28.1,14
292,1,2,28.52,14
293,1,2,30.5,14
294,1,2,29.28,14
295,1,2,29.26,14
296,1,2,30.18,14
297,1,2,30.14,14
298,1,2,30.9,14
299,1,2,30.9,14
300,1,2,32.18,14
301,1,2,32.06,14
302,1,2,30.48,14
303,1,2,30.08,14
304,1,2,28.62,14
305,1,2,27.8,14
306,1,2,28.14,14
307,1,2,27.48,14
308,1,2,26.42,14
309,1,2,27.02,14
310,1,2,26.34,14
311,1,2,27.26,14
312,1,2,28.08,14
313,1,2,27.8,14
314,1,2,29.04,14
315,1,2,29.0,14
316,1,2,28.58,14
317,1,2,27.58,14
318,1,2,27.64,14
319,1,2,28.1,14
320,1,2,28.24,14
321,1,2,28.36,14
322,1,2,29.54,14
323,1,2,30.42,14
324,1,2,30.72,14
325,1,2,29.86,14
326,1,2,29.32,14
327,1,2,28.5,13
328,1,2,27.82,13
329,1,2,27.72,13
330,1,2,27.62,13
331,1,2,27.68,13
332,1,2,27.86,13
333,1,2,27.94,13
334,1,2,27.98,13
335,1,2,28.22,13
336,1,2,27.16,13
337,1,2,26.62,13
338,1,2,26.3,13
339,1,2,26.68,13
340,1,2,25.84,13
341,1,2,26.22,13
342,1,2,26.66,13
343,1,2,27.6,13
344,1,2,27.34,13
345,1,2,27.6,13
346,1,2,27.88,13
347,1,2,27.94,13
348,1,2,26.16,13
349,1,2,26.86,13
350,1,2,25.98,13
351,1,2,26.28,13
352,1,2,26.9,13
353,1,2,26.92,13
354,1,2,27.74,13
355,1,2,27.34,13
356,1,2,27.5,13
357,1,2,27.82,13
358,1,2,28.2,13
359,1,2,28.72,13
360,1,2,27.7,13
361,1,2,28.3,13
362,1,2,28.26,13
363,1,2,26.98,13
364,1,2,27.48,13
365,1,2,27.24,13
366,1,2,27.98,13
367,1,2,27.88,13
368,1,2,27.06,13
369,1,2,27.34,13
370,1,2,27.44,13
371,1,2,28.06,13
372,1,2,28.84,13
373,1,2,30.06,13
374,1,2,29.64,13
375,1,2,28.82,13
376,1,2,28.38,13
377,1,2,26.72,13
378,1,2,26.9,13
379,1,2,25.86,13
380,1,2,24.92,13
381,1,2,25.3,13
382,1,2,24.92,13
383,1,2,25.98,13
384,1,2,25.96,13
385,1,2,25.44,13
386,1,2,25.56,13
387,1,2,25.66,13
388,1,2,26.36,13
389,1,2,25.06,13
390,1,2,23.84,13
391,1,2,24.06,13
392,1,2,23.66,13
393,1,2,23.16,13
394,1,2,22.94,12
395,1,2,23.86,12
396,1,2,24.14,12
397,1,2,24.5,12
398,1,2,24.66,12
399,1,2,24.42,12
400,1,2,25.56,12
401,1,2,24.94,12
402,1,2,25.12,12
403,1,2,24.64,12
404,1,2,24.84,12
405,1,2,25.66,12
406,1,2,25.6,12
407,1,2,26.54,12
408,1,2,26.18,12
409,1,2,28.12,12
410,1,2,27.68,12
411,1,2,26.86,12
412,1,2,25.38,12
413,1,2,25.8,12
414,1,2,27.46,12
415,1,2,27.8,12
416,1,2,28.82,12
417,1,2,28.9,12
418,1,2,28.88,12
419,1,2,27.84,12
420,1,2,29.0,12
421,1,2,28.64,11
422,1,2,28.16,11
423,1,2,27.9,11
424,1,2,28.4,11
425,1,2,27.58,11
426,1,2,27.74,11
427,1,2,27.9,11
428,1,2,27.76,11
429,1,2,28.36,11
430,1,2,27.68,11
431,1,2,28.3,11
432,1,2,27.04,11
433,1,2,24.26,11
434,1,2,24.06,11
435,1,2,23.48,11
436,1,2,23.46,11
437,1,2,22.82,11
438,1,2,22.82,11
439,1,2,23.68,11
440,1,2,24.38,11
441,1,2,24.88,11
442,1,2,24.5,11
443,1,2,24.24,11
444,1,2,25.8,11
445,1,2,26.28,11
446,1,2,28.3,11
447,1,2,28.68,11
448,1,2,29.54,11
449,1,2,27.7,11
450,1,2,27.18,11
451,1,2,27.1,11
452,1,2,27.74,11
453,1,2,27.7,11
454,1,2,28.18,11
455,1,2,27.64,11
456,1,2,27.02,11
457,1,2,26.1,11
458,1,2,24.9,11
459,1,2,25.14,11
460,1,2,24.94,11
461,1,2,26.48,11
462,1,2,26.36,11
463,1,2,24.44,11
464,1,2,24.08,11
465,1,2,24.6,11
466,1,2,24.52,11
467,1,2,24.08,11
468,1,2,24.5,11
469,1,2,24.9,11
470,1,2,26.58,11
471,1,2,26.06,11
472,1,2,24.32,11
473,1,2,24.7,11
474,1,2,23.9,11
475,1,2,23.92,11
476,1,2,24.68,11
477,1,2,26.18,11
478,1,2,25.3,11
479,1,2,24.9,11
480,1,2,25.32,11
481,1,2,24.9,11
482,1,2,25.6,11
483,1,2,25.68,11
484,1,2,26.02,11
485,1,2,25.1,11
486,1,2,24.18,11
487,1,2,24.22,11
488,1,2,23.34,11
489,1,2,24.26,11
490,1,2,24.32,11
491,1,2,24.24,11
492,1,2,24.54,11
493,1,2,23.62,11
494,1,2,24.32,11
495,1,2,24.86,11
496,1,2,24.4,11
497,1,2,25.32,11
498,1,2,25.32,11
499,1,2,24.34,11
500,1,2,24.74,11
501,1,2,24.46,11
502,1,2,25.96,11
503,1,2,26.06,11
504,1,2,26.64,11
505,1,2,27.58,11
506,1,2,26.96,11
507,1,2,27.52,11
508,1,2,26.24,11
509,1,2,26.74,11
510,1,2,27.02,11
511,1,2,27.64,11
512,1,2,27.12,11
513,1,2,26.84,11
514,1,2,26.1,11
515,1,2,25.72,11
516,1,2,26.98,11
517,1,2,26.82,11
518,1,2,24.94,11
519,1,2,26.14,11
520,1,2,26.28,11
521,1,2,26.76,11
522,1,2,26.8,11
523,1,2,26.68,11
524,1,2,26.68,11
525,1,2,27.64,11
526,1,2,28.72,11
527,1,2,28.92,11
528,1,2,28.76,11
529,1,2,27.1,11
530,1,2,26.34,11
531,1,2,26.06,11
532,1,2,25.72,11
533,1,2,23.56,11
534,1,2,24.46,11
535,1,2,25.56,11
536,1,2,25.76,11
537,1,2,25.72,11
538,1,2,25.42,11
539,1,2,26.6,11
540,1,2,25.86,11
541,1,2,25.66,11
542,1,2,25.66,11
543,1,2,25.48,11
544,1,2,25.62,11
545,1,2,26.16,11
546,1,2,24.28,10
547,1,2,24.18,10
548,1,2,22.82,10
549,1,2,22.78,10
550,1,2,22.18,10
551,1,2,22.68,10
552,1,2,23.1,10
553,1,2,24.94,10
554,1,2,26.7,10
555,1,2,25.98,10
556,1,2,26.16,10
557,1,2,26.94,10
558,1,2,25.78,10
559,1,2,25.66,10
560,1,2,24.54,10
561,1,2,24.02,10
562,1,2,23.78,10
563,1,2,24.1,10
564,1,2,23.54,10
565,1,2,23.66,10
566,1,2,24.68,10
567,1,2,24.96,10
568,1,2,26.7,10
569,1,2,27.14,10
570,1,2,26.56,10
571,1,2,26.74,10
572,1,2,25.9,10
573,1,2,25.6,10
574,1,2,24.2,10
575,1,2,24.64,10
576,1,2,24.74,10
577,1,2,25.9,10
578,1,2,25.48,10
579,1,2,24.06,10
580,1,2,24.7,10
581,1,2,24.88,10
582,1,2,25.02,10
583,1,2,24.54,10
584,1,2,24.78,10
585,1,2,24.74,10
586,1,2,24.96,10
587,1,2,26.18,10
588,1,2,27.1,10
589,1,2,27.94,10
590,1,2,26.92,10
591,1,2,26.9,10
592,1,2,26.76,10
593,1,2,25.84,10
594,1,2,26.58,10
595,1,2,27.42,10
596,1,2,26.22,10
597,1,2,25.16,10
598,1,2,25.24,10
599,1,2,24.94,10
600,1,2,26.24,10
601,1,2,26.1,10
602,1,2,26.92,10
603,1,2,27.08,10
604,1,2,25.42,10
605,1,2,25.04,10
606,1,2,23.94,10
607,1,2,25.02,10
608,1,2,24.28,10
609,1,2,23.7,10
610,1,2,23.74,10
611,1,2,24.06,10
612,1,2,22.76,10
613,1,2,22.1,10
614,1,2,22.88,10
615,1,2,23.64,10
616,1,2,23.32,10
617,1,2,23.26,10
618,1,2,23.56,10
619,1,2,24.34,9
620,1,2,25.4,9
621,1,2,24.52,9
622,1,2,24.28,9
623,1,2,24.22,9
624,1,2,24.36,9
625,1,2,24.44,9
626,1,2,25.84,9
627,1,2,26.12,9
628,1,2,25.38,9
629,1,2,26.38,9
630,1,2,26.52,9
631,1,2,26.5,9
632,1,2,26.98,9
633,1,2,27.32,9
634,1,2,27.72,9
635,1,2,25.74,9
636,1,2,23.66,9
637,1,2,23.96,9
638,1,2,25.06,9
639,1,2,24.48,9
640,1,2,24.82,9
641,1,2,24.54,9
642,1,2,26.14,9
643,1,2,24.76,9
644,1,2,24.18,9
645,1,2,23.8,9
646,1,2,23.02,9
647,1,2,23.42,9
648,1,2,24.16,9
649,1,2,22.52,9
650,1,2,22.02,9
651,1,2,21.62,9
652,1,2,23.2,9
653,1,2,23.64,9
654,1,2,23.04,9
655,1,2,25.02,9
656,1,2,25.38,9
657,1,2,24.2,9
658,1,2,25.7,9
659,1,2,26.14,9
660,1,2,27.1,9
661,1,2,27.52,9
662,1,2,26.84,9
663,1,2,26.14,9
664,1,2,26.72,9
665,1,2,24.94,9
666,1,2,24.16,9
667,1,2,24.46,9
668,1,2,25.02,9
669,1,2,24.66,9
670,1,2,24.56,9
671,1,2,24.66,9
672,1,2,24.7,9
673,1,2,24.52,9
674,1,2,25.26,9
675,1,2,24.2,9
676,1,2,23.5,9
677,1,2,24.12,9
678,1,2,23.8,9
679,1,2,22.32,9
680,1,2,22.86,9
681,1,2,23.68,9
682,1,2,24.72,9
683,1,2,26.68,9
684,1,2,26.46,9
685,1,2,25.7,9
686,1,2,25.96,9
687,1,2,24.82,9
688,1,2,25.42,9
689,1,2,25.48,9
690,1,2,25.06,9
691,1,2,26.2,9
692,1,2,24.8,9
693,1,2,23.92,9
694,1,2,23.16,9
695,1,2,23.1,9
696,1,2,24.7,9
697,1,2,25.84,9
698,1,2,27.52,9
699,1,2,26.02,9
700,1,2,25.42,9
701,1,2,26.38,9
702,1,2,26.28,9
703,1,2,26.32,9
704,1,2,26.54,9
705,1,2,26.38,9
706,1,2,25.56,9
707,1,2,25.34,9
708,1,2,24.82,9
709,1,2,25.16,9
710,1,2,24.82,9
711,1,2,25.62,9
712,1,2,25.02,9
713,1,2,23.62,9
714,1,2,24.56,9
715,1,2,24.66,9
716,1,2,23.44,9
717,1,2,24.1,9
718,1,2,23.46,9
719,1,2,23.86,9
720,1,2,24.14,9
721,1,2,23.18,9
722,1,2,24.0,9
723,1,2,24.54,9
724,1,2,26.22,9
725,1,2,26.84,9
726,1,2,26.82,9
727,1,2,26.22,9
728,1,2,25.78,9
729,1,2,25.86,9
730,1,2,25.68,9
731,1,2,25.82,9
732,1,2,25.12,9
733,1,2,25.3,9
734,1,2,26.8,9
735,1,2,27.68,9
736,1,2,27.76,9
737,1,2,27.32,9
738,1,2,26.08,9
739,1,2,26.98,9
740,1,2,28.36,9
741,1,2,28.74,9
742,1,2,28.54,9
743,1,2,27.94,9
744,1,2,27.62,9
745,1,2,27.28,9
746,1,2,27.24,9
747,1,2,27.42,9
748,1,2,27.36,9
749,1,2,27.56,9
750,1,2,27.3,9
751,1,2,26.38,9
752,1,2,26.76,9
753,1,2,26.76,9
754,1,2,27.82,9
755,1,2,29.66,9
756,1,2,27.72,9
757,1,2,25.94,9
758,1,2,25.26,9
759,1,2,26.0,9
760,1,2,25.32,9
761,1,2,26.38,9
762,1,2,25.66,9
763,1,2,25.18,9
764,1,2,26.5,9
765,1,2,26.26,9
766,1,2,27.7,9
767,1,2,27.16,9
768,1,2,27.1,9
769,1,2,24.74,9
770,1,2,24.96,9
771,1,2,24.76,9
772,1,2,24.58,9
773,1,2,24.92,9
774,1,2,25.02,9
775,1,2,24.48,9
776,1,2,25.4,9
777,1,2,24.9,9
778,1,2,24.74,9
779,1,2,23.66,9
780,1,2,24.14,9
781,1,2,24.38,9
782,1,2,24.4,9
783,1,2,24.52,9
784,1,2,23.6,9
785,1,2,24.04,9
786,1,2,24.92,9
787,1,2,25.82,9
788,1,2,25.34,9
789,1,2,26.66,9
790,1,2,27.42,9
791,1,2,27.52,9
792,1,2,28.26,9
793,1,2,27.96,9
794,1,2,28.54,9
795,1,2,27.62,9
796,1,2,27.38,9
797,1,2,26.76,9
798,1,2,25.16,9
799,1,2,24.98,9
800,1,2,25.84,9
801,1,2,25.6,9
802,1,2,26.7,9
803,1,2,27.42,9
804,1,2,27.18,9
805,1,2,26.96,9
806,1,2,27.38,9
807,1,2,27.12,9
808,1,2,25.44,9
809,1,2,26.56,9
810,1,2,27.22,9
811,1,2,27.32,9
812,1,2,26.12,9
813,1,2,23.38,9
814,1,2,23.96,9
815,1,2,24.52,9
816,1,2,23.84,9
817,1,2,25.04,9
818,1,2,26.0,9
819,1,2,25.4,9
820,1,2,26.46,9
821,1,2,25.74,9
822,1,2,25.24,9
823,1,2,25.04,9
824,1,2,25.08,9
825,1,2,25.92,9
826,1,2,26.28,9
827,1,2,26.56,9
828,1,2,26.2,9
829,1,2,25.66,9
830,1,2,24.76,9
831,1,2,23.02,9
832,1,2,22.2,9
833,1,2,22.36,9
834,1,2,23.2,9
835,1,2,25.16,9
836,1,2,25.16,9
837,1,2,24.8,9
838,1,2,24.64,9
839,1,2,24.72,9
840,1,2,25.48,9
841,1,2,25.98,9
842,1,2,26.22,9
843,1,2,24.98,9
844,1,2,25.02,9
845,1,2,26.04,9
846,1,2,27.16,9
847,1,2,27.8,9
848,1,2,26.7,9
849,1,2,25.22,9
850,1,2,24.62,9
851,1,2,23.56,9
852,1,2,23.84,9
853,1,2,24.46,9
854,1,2,24.14,9
855,1,2,25.64,9
856,1,2,26.84,9
857,1,2,27.02,9
858,1,2,26.2,9
859,1,2,25.48,9
860,1,2,25.8,9
861,1,2,26.86,9
862,1,2,27.56,9
863,1,2,26.72,9
864,1,2,26.42,9
865,1,2,25.38,9
866,1,2,25.22,9
867,1,2,25.76,9
868,1,2,25.06,9
869,1,2,24.36,9
870,1,2,24.2,9
871,1,2,24.72,9
872,1,2,25.4,9
873,1,2,25.28,9
874,1,2,24.8,9
875,1,2,25.8,9
876,1,2,24.7,9
877,1,2,24.28,9
878,1,2,21.76,9
879,1,2,21.36,9
880,1,2,21.74,9
881,1,2,21.58,9
882,1,2,21.16,9
883,1,2,21.42,9
884,1,2,22.16,9
885,1,2,21.84,9
886,1,2,22.96,9
887,1,2,24.0,9
888,1,2,23.86,9
889,1,2,24.22,9
890,1,2,25.2,9
891,1,2,25.58,9
892,1,2,25.48,9
893,1,2,26.02,9
894,1,2,26.88,9
895,1,2,27.08,9
896,1,2,28.84,9
897,1,2,29.8,9
898,1,2,29.32,9
899,1,2,28.2,9
900,1,2,26.98,9
901,1,2,27.02,9
902,1,2,26.28,9
903,1,2,25.48,9
904,1,2,25.48,9
905,1,2,24.7,9
906,1,2,24.98,9
907,1,2,25.3,9
908,1,2,24.96,9
909,1,2,25.28,9
910,1,2,25.58,9
911,1,2,23.88,9
912,1,2,24.04,9
913,1,2,24.8,9
914,1,2,25.4,9
915,1,2,26.9,9
916,1,2,27.26,9
917,1,2,28.86,9
918,1,2,29.44,9
919,1,2,29.24,9
920,1,2,30.44,9
921,1,2,29.8,9
922,1,2,26.48,9
923,1,2,25.3,9
924,1,2,26.0,9
925,1,2,27.48,9
926,1,2,27.74,9
927,1,2,26.7,9
928,1,2,26.86,9
929,1,2,26.32,9
930,1,2,26.48,8
931,1,2,25.42,8
932,1,2,24.26,8
933,1,2,25.82,8
934,1,2,24.68,8
935,1,2,23.76,8
936,1,2,24.16,8
937,1,2,23.58,8
938,1,2,23.94,8
939,1,2,25.36,8
940,1,2,26.16,8
941,1,2,26.64,8
942,1,2,25.82,8
943,1,2,26.76,8
944,1,2,27.62,8
945,1,2,24.54,8
946,1,2,24.9,8
947,1,2,23.36,8
948,1,2,22.34,8
949,1,2,22.94,8
950,1,2,22.78,8
951,1,2,22.92,8
952,1,2,22.76,8
953,1,2,22.7,8
954,1,2,23.32,8
955,1,2,22.86,8
956,1,2,22.84,8
957,1,2,23.06,8
958,1,2,22.68,8
959,1,2,22.74,8
960,1,2,23.78,8
961,1,2,24.12,8
962,1,2,24.9,8
963,1,2,25.52,8
964,1,2,25.28,8
965,1,2,23.4,8
966,1,2,24.44,8
967,1,2,24.52,8
968,1,2,25.54,8
969,1,2,27.3,8
970,1,2,27.74,8
971,1,2,26.38,8
972,1,2,24.18,8
973,1,2,23.12,8
974,1,2,23.38,8
975,1,2,24.62,8
976,1,2,25.46,8
977,1,2,25.3,8
978,1,2,24.54,8
979,1,2,23.78,8
980,1,2,23.92,8
981,1,2,23.46,8
982,1,2,23.88,8
983,1,2,24.06,8
984,1,2,22.96,8
985,1,2,22.38,8
986,1,2,21.92,8
987,1,2,21.9,8
988,1,2,23.68,8
989,1,2,24.36,8
990,1,2,24.34,8
991,1,2,22.84,8
992,1,2,23.0,8
993,1,2,23.5,8
994,1,2,23.72,8
995,1,2,24.3,8
996,1,2,24.0,8
997,1,2,24.26,8
998,1,2,22.68,8
999,1,2,22.72,8
1000,1,2,23.58,8
1001,1,2,23.84,8
1002,1,2,24.58,8
1003,1,2,26.14,8
1004,1,2,25.74,8
1005,1,2,26.04,8
1006,1,2,25.72,8
1007,1,2,27.28,8
1008,1,2,25.92,8
1009,1,2,25.22,8
1010,1,2,25.14,8
1011,1,2,24.72,8
1012,1,2,25.2,8
1013,1,2,24.68,8
1014,1,2,23.74,8
1015,1,2,23.56,8
1016,1,2,25.04,8
1017,1,2,25.34,8
1018,1,2,25.58,8
1019,1,2,25.72,8
1020,1,2,25.08,8
1021,1,2,24.24,8
1022,1,2,26.42,8
1023,1,2,25.76,8
1024,1,2,27.6,8
1025,1,2,29.28,8
1026,1,2,28.78,8
1027,1,2,27.82,8
1028,1,2,27.26,8
1029,1,2,26.78,8
1030,1,2,25.68,8
1031,1,2,25.58,8
1032,1,2,25.9,8
1033,1,2,25.32,8
1034,1,2,24.38,8
1035,1,2,24.2,8
1036,1,2,24.42,8
1037,1,2,24.8,8
1038,1,2,23.08,8
1039,1,2,23.44,8
1040,1,2,23.32,8
1041,1,2,22.54,8
1042,1,2,22.92,8
1043,1,2,22.88,8
1044,1,2,23.88,8
1045,1,2,24.78,8
1046,1,2,25.16,8
1047,1,2,25.66,8
1048,1,2,25.98,8
1049,1,2,25.02,8
1050,1,2,25.38,8
1051,1,2,25.9,8
1052,1,2,25.36,8
1053,1,2,25.24,8
1054,1,2,24.62,8
1055,1,2,24.06,8
1056,1,2,24.34,8
1057,1,2,24.24,8
1058,1,2,23.36,8
1059,1,2,24.5,8
1060,1,2,23.76,8
1061,1,2,24.36,8
1062,1,2,24.64,8
1063,1,2,24.22,8
1064,1,2,24.66,8
1065,1,2,24.92,8
1066,1,2,25.8,8
1067,1,2,26.1,8
1068,1,2,26.4,8
1069,1,2,26.26,8
1070,1,2,24.3,8
1071,1,2,24.1,8
1072,1,2,22.88,8
1073,1,2,21.8,8
1074,1,2,20.92,8
1075,1,2,20.76,8
1076,1,2,21.16,8
1077,1,2,21.58,8
1078,1,2,22.5,8
1079,1,2,24.14,8
1080,1,2,25.32,8
1081,1,2,24.4,8
1082,1,2,23.82,8
1083,1,2,23.5,8
1084,1,2,22.38,8
1085,1,2,21.34,8
1086,1,2,21.64,8
1087,1,2,22.32,8
1088,1,2,21.82,8
1089,1,2,23.22,8
1090,1,2,23.2,8
1091,1,2,23.94,8
1092,1,2,23.94,8
1093,1,2,24.98,8
1094,1,2,24.2,8
1095,1,2,23.56,8
1096,1,2,22.96,8
1097,1,2,22.6,8
1098,1,2,24.64,8
1099,1,2,25.46,8
1100,1,2,24.04,8
1101,1,2,24.52,8
1102,1,2,23.14,8
1103,1,2,23.48,8
1104,1,2,23.2,8
1105,1,2,24.04,8
1106,1,2,23.44,8
1107,1,2,24.46,8
1108,1,2,23.84,8
1109,1,2,23.42,8
1110,1,2,23.84,8
1111,1,2,23.96,8
1112,1,2,23.66,8
1113,1,2,24.18,8
1114,1,2,24.16,8
1115,1,2,25.16,8
1116,1,2,23.98,8
1117,1,2,22.98,8
1118,1,2,22.92,8
1119,1,2,22.56,8
1120,1,2,23.08,8
1121,1,2,23.02,8
1122,1,2,22.82,8
1123,1,2,23.26,8
1124,1,2,23.46,8
1125,1,2,24.52,8
1126,1,2,23.76,8
1127,1,2,24.36,8
1128,1,2,25.34,8
1129,1,2,25.06,8
1130,1,2,24.74,8
1131,1,2,24.94,8
1132,1,2,23.96,8
1133,1,2,21.88,8
1134,1,2,21.7,8
1135,1,2,21.26,8
1136,1,2,23.24,8
1137,1,2,23.24,8
1138,1,2,23.34,8
1139,1,2,23.2,8
1140,1,2,23.76,8
1141,1,2,21.48,8
1142,1,2,21.72,8
1143,1,2,22.74,8
1144,1,2,21.42,8
1145,1,2,22.36,8
1146,1,2,21.12,8
1147,1,2,21.38,8
1148,1,2,21.72,8
1149,1,2,22.8,8
1150,1,2,22.7,8
1151,1,2,23.96,8
1152,1,2,23.66,8
1153,1,2,22.4,8
1154,1,2,22.7,8
1155,1,2,23.64,8
1156,1,2,22.24,8
1157,1,2,22.92,8
1158,1,2,22.56,8
1159,1,2,23.82,8
1160,1,2,25.12,8
1161,1,2,25.92,8
1162,1,2,24.56,8
1163,1,2,24.44,8
1164,1,2,25.46,8
1165,1,2,25.12,8
1166,1,2,24.5,8
1167,1,2,24.1,8
1168,1,2,23.88,8
1169,1,2,24.96,8
1170,1,2,24.62,8
1171,1,2,24.76,8
1172,1,2,24.96,8
1173,1,2,25.66,8
1174,1,2,27.24,8
1175,1,2,27.14,8
1176,1,2,25.26,8
1177,1,2,23.4,8
1178,1,2,25.6,8
1179,1,2,25.54,8
1180,1,2,25.06,8
1181,1,2,24.4,8
1182,1,2,24.92,8
1183,1,2,25.24,8
1184,1,2,24.3,8
1185,1,2,23.72,8
1186,1,2,22.84,8
1187,1,2,22.34,8
1188,1,2,23.06,8
1189,1,2,24.54,8
1190,1,2,23.96,8
1191,1,2,25.04,8
1192,1,2,24.72,8
1193,1,2,24.34,8
1194,1,2,25.58,8
1195,1,2,25.02,8
1196,1,2,25.88,8
1197,1,2,25.84,8
1198,1,2,25.98,8
1199,1,2,26.16,8
1200,1,2,26.32,8
1201,1,2,25.54,8
1202,1,2,24.52,8
1203,1,2,23.72,8
1204,1,2,22.72,8
1205,1,2,23.0,8
1206,1,2,22.3,8
1207,1,2,21.1,8
1208,1,2,21.6,8
1209,1,2,22.26,8
1210,1,2,22.82,8
1211,1,2,22.7,8
1212,1,2,23.18,8
1213,1,2,24.08,8
1214,1,2,23.08,8
1215,1,2,23.44,8
1216,1,2,25.04,8
1217,1,2,24.72,8
1218,1,2,23.2,8
1219,1,2,22.66,8
1220,1,2,22.7,8
1221,1,2,22.4,8
1222,1,2,22.86,8
1223,1,2,23.6,8
1224,1,2,24.02,8
1225,1,2,25.14,8
1226,1,2,23.68,8
1227,1,2,23.6,8
1228,1,2,23.36,8
1229,1,2,23.54,8
1230,1,2,24.14,8
1231,1,2,23.78,8
1232,1,2,24.0,8
1233,1,2,23.5,8
1234,1,2,22.82,8
1235,1,2,21.08,8
1236,1,2,21.98,8
1237,1,2,22.0,8
1238,1,2,22.06,8
1239,1,2,21.78,8
1240,1,2,21.4,8
1241,1,2,22.64,8
1242,1,2,23.22,8
1243,1,2,23.24,8
1244,1,2,21.76,8
1245,1,2,21.14,8
1246,1,2,21.52,8
1247,1,2,22.2,8
1248,1,2,23.08,8
1249,1,2,24.6,8
1250,1,2,24.3,8
1251,1,2,24.2,8
1252,1,2,24.54,8
1253,1,2,24.92,8
1254,1,2,25.46,8
1255,1,2,26.44,8
1256,1,2,25.44,8
1257,1,2,25.76,8
1258,1,2,25.2,8
1259,1,2,25.78,8
1260,1,2,27.12,8
1261,1,2,25.86,8
1262,1,2,25.46,8
1263,1,2,24.3,8
1264,1,2,23.62,8
1265,1,2,23.38,8
1266,1,2,23.58,8
1267,1,2,22.14,8
1268,1,2,21.34,8
1269,1,2,21.42,8
1270,1,2,22.12,8
1271,1,2,22.76,8
1272,1,2,24.32,8
1273,1,2,24.86,8
1274,1,2,25.92,8
1275,1,2,25.26,8
1276,1,2,26.68,8
1277,1,2,24.46,8
1278,1,2,23.3,8
1279,1,2,21.32,8
1280,1,2,21.24,8
1281,1,2,23.24,8
1282,1,2,23.44,8
1283,1,2,23.8,8
1284,1,2,24.84,8
1285,1,2,25.84,8
1286,1,2,26.22,8
1287,1,2,27.4,8
1288,1,2,27.88,8
1289,1,2,27.34,8
1290,1,2,25.04,8
1291,1,2,25.72,8
1292,1,2,24.76,8
1293,1,2,22.66,8
1294,1,2,22.78,8
1295,1,2,23.9,8
1296,1,2,24.68,8
1297,1,2,24.22,8
1298,1,2,24.36,8
1299,1,2,24.06,8
1300,1,2,25.14,8
1301,1,2,24.1,8
1302,1,2,25.88,8
1303,1,2,24.86,8
1304,1,2,22.62,8
1305,1,2,21.76,8
1306,1,2,22.8,8
1307,1,2,22.42,8
1308,1,2,23.34,8
1309,1,2,23.46,8
1310,1,2,23.84,8
1311,1,2,25.04,8
1312,1,2,25.12,8
1313,1,2,25.72,8
1314,1,2,26.22,8
1315,1,2,25.86,8
1316,1,2,24.84,8
1317,1,2,23.52,8
1318,1,2,23.84,8
1319,1,2,25.64,8
1320,1,2,24.62,8
1321,1,2,22.58,8
1322,1,2,22.52,8
1323,1,2,21.66,8
1324,1,2,20.96,8
1325,1,2,21.4,8
1326,1,2,20.9,8
1327,1,2,21.3,8
1328,1,2,21.8,8
1329,1,2,22.74,8
1330,1,2,23.34,8
1331,1,2,24.02,8
1332,1,2,23.94,8
1333,1,2,24.18,8
1334,1,2,21.8,8
1335,1,2,22.0,8
1336,1,2,22.72,8
1337,1,2,22.76,8
1338,1,2,21.9,8
1339,1,2,22.1,8
1340,1,2,22.06,8
1341,1,2,22.42,8
1342,1,2,23.5,8
1343,1,2,24.74,8
1344,1,2,24.9,8
1345,1,2,25.8,8
1346,1,2,26.12,8
1347,1,2,26.0,8
1348,1,2,24.5,8
1349,1,2,26.02,8
1350,1,2,25.5,8
1351,1,2,26.02,8
1352,1,2,26.08,8
1353,1,2,23.9,8
1354,1,2,22.92,8
1355,1,2,23.12,8
1356,1,2,24.48,8
1357,1,2,24.9,8
1358,1,2,26.4,8
1359,1,2,25.82,8
1360,1,2,24.48,8
1361,1,2,24.72,8
1362,1,2,24.5,8
1363,1,2,24.64,8
1364,1,2,22.88,8
1365,1,2,21.12,8
1366,1,2,21.88,8
1367,1,2,21.62,8
1368,1,2,21.78,8
1369,1,2,22.48,8
1370,1,2,22.24,8
1371,1,2,23.08,8
1372,1,2,22.6,8
1373,1,2,24.08,8
1374,1,2,24.32,8
1375,1,2,26.28,8
1376,1,2,26.46,8
1377,1,2,26.48,8
1378,1,2,27.04,8
1379,1,2,26.62,8
1380,1,2,25.26,8
1381,1,2,25.68,8
1382,1,2,24.14,8
1383,1,2,25.16,8
1384,1,2,25.16,8
1385,1,2,24.98,8
1386,1,2,25.56,8
1387,1,2,25.1,8
1388,1,2,25.38,8
1389,1,2,25.58,8
1390,1,2,24.48,8
1391,1,2,24.84,8
1392,1,2,24.94,8
1393,1,2,23.7,8
1394,1,2,23.8,8
1395,1,2,22.1,8
1396,1,2,21.22,8
1397,1,2,20.76,8
1398,1,2,22.06,8
1399,1,2,21.86,8
1400,1,2,23.34,8
1401,1,2,22.42,8
1402,1,2,22.72,8
1403,1,2,21.06,8
1404,1,2,20.32,8
1405,1,2,19.94,8
1406,1,2,19.46,8
1407,1,2,22.7,8
1408,1,2,23.3,8
1409,1,2,23.42,8
1410,1,2,22.46,8
1411,1,2,22.8,8
1412,1,2,22.66,8
1413,1,2,23.84,8
1414,1,2,23.08,8
1415,1,2,23.12,8
1416,1,2,24.1,8
1417,1,2,23.38,8
1418,1,2,23.98,8
1419,1,2,23.46,8
1420,1,2,23.8,8
1421,1,2,24.24,8
1422,1,2,25.72,8
1423,1,2,25.98,8
1424,1,2,25.98,8
1425,1,2,26.4,8
1426,1,2,26.0,8
1427,1,2,24.68,8
1428,1,2,25.38,8
1429,1,2,23.86,8
1430,1,2,21.94,8
1431,1,2,22.28,8
1432,1,2,21.66,8
1433,1,2,21.34,8
1434,1,2,22.06,8
1435,1,2,22.54,8
1436,1,2,22.04,8
1437,1,2,23.06,8
1438,1,2,22.94,8
1439,1,2,23.24,8
1440,1,2,23.58,8
1441,1,2,23.26,8
1442,1,2,24.08,8
1443,1,2,24.1,8
1444,1,2,25.3,8
1445,1,2,25.6,8
1446,1,2,25.48,8
1447,1,2,25.08,8
1448,1,2,25.34,8
1449,1,2,25.16,8
1450,1,2,25.34,8
1451,1,2,24.76,8
1452,1,2,25.66,8
1453,1,2,26.0,8
1454,1,2,26.24,8
1455,1,2,25.18,8
1456,1,2,25.62,8
1457,1,2,24.94,8
1458,1,2,24.32,8
1459,1,2,21.46,6
1460,1,2,20.14,6
1461,1,2,20.06,6
1462,1,2,20.82,6
1463,1,2,21.74,6
1464,1,2,21.88,6
1465,1,2,23.34,6
1466,1,2,23.88,6
1467,1,2,24.08,6
1468,1,2,23.6,6
1469,1,2,22.24,6
1470,1,2,23.24,6
1471,1,2,23.38,6
1472,1,2,22.5,6
1473,1,2,22.24,6
1474,1,2,22.28,6
1475,1,2,22.66,6
1476,1,2,21.9,6
1477,1,2,21.44,6
1478,1,2,21.28,6
1479,1,2,21.44,6
1480,1,2,19.68,6
1481,1,2,20.46,6
1482,1,2,20.48,6
1483,1,2,20.88,6
1484,1,2,21.76,6
1485,1,2,23.12,6
1486,1,2,22.66,6
1487,1,2,23.04,6
1488,1,2,23.18,6
1489,1,2,22.92,6
1490,1,2,22.54,6
1491,1,2,23.36,6
1492,1,2,23.54,6
1493,1,2,23.92,6
1494,1,2,23.16,6
1495,1,2,22.96,6
1496,1,2,22.1,6
1497,1,2,21.22,6
1498,1,2,21.92,6
1499,1,2,21.26,6
1500,1,2,21.7,6
1501,1,2,22.92,6
1502,1,2,23.9,6
1503,1,2,24.4,6
1504,1,2,24.04,6
1505,1,2,25.52,6
1506,1,2,26.26,6
1507,1,2,24.78,6
1508,1,2,26.04,6
1509,1,2,25.64,6
1510,1,2,24.72,6
1511,1,2,23.9,6
1512,1,2,22.22,6
1513,1,2,23.0,6
1514,1,2,21.72,6
1515,1,2,21.54,6
1516,1,2,21.2,6
1517,1,2,20.92,6
1518,1,2,20.96,6
1519,1,2,21.42,6
1520,1,2,21.9,6
1521,1,2,23.84,6
1522,1,2,23.98,6
1523,1,2,24.4,6
1524,1,2,23.34,6
1525,1,2,22.5,6
1526,1,2,23.02,6
1527,1,2,23.56,6
1528,1,2,22.82,6
1529,1,2,21.46,6
1530,1,2,21.24,6
1531,1,2,20.9,6
1532,1,2,21.54,6
1533,1,2,21.96,6
1534,1,2,22.2,6
1535,1,2,22.0,6
1536,1,2,21.7,6
1537,1,2,21.68,6
1538,1,2,21.12,6
1539,1,2,21.1,6
1540,1,2,22.44,6
1541,1,2,23.58,6
1542,1,2,24.94,6
1543,1,2,24.78,6
1544,1,2,25.0,6
1545,1,2,24.4,6
1546,1,2,24.58,6
1547,1,2,23.28,6
1548,1,2,23.74,6
1549,1,2,23.2,6
1550,1,2,23.8,6
1551,1,2,23.66,6
1552,1,2,23.1,6
1553,1,2,21.94,6
1554,1,2,23.44,6
1555,1,2,22.84,6
1556,1,2,22.12,6
1557,1,2,20.88,6
1558,1,2,21.2,6
1559,1,2,21.18,6
1560,1,2,22.3,6
1561,1,2,22.02,6
1562,1,2,22.42,6
1563,1,2,21.88,6
1564,1,2,21.74,6
1565,1,2,21.7,6
1566,1,2,22.54,6
1567,1,2,23.92,6
1568,1,2,23.54,6
1569,1,2,24.22,6
1570,1,2,24.62,6
1571,1,2,24.46,6
1572,1,2,24.22,6
1573,1,2,21.9,6
1574,1,2,21.12,6
1575,1,2,21.72,6
1576,1,2,22.98,6
1577,1,2,22.82,6
1578,1,2,22.68,6
1579,1,2,22.94,6
1580,1,2,21.7,6
1581,1,2,20.96,6
1582,1,2,22.24,6
1583,1,2,22.72,6
1584,1,2,22.0,6
1585,1,2,24.1,6
1586,1,2,23.88,6
1587,1,2,24.32,6
1588,1,2,23.86,6
1589,1,2,23.32,6
1590,1,2,22.04,6
1591,1,2,22.34,6
1592,1,2,21.8,6
1593,1,2,21.54,6
1594,1,2,21.46,6
1595,1,2,21.7,6
1596,1,2,21.52,6
1597,1,2,19.56,6
1598,1,2,20.54,6
1599,1,2,21.98,6
1600,1,2,22.26,6
1601,1,2,22.62,6
1602,1,2,23.0,6
1603,1,2,22.6,6
1604,1,2,21.88,6
1605,1,2,22.3,6
1606,1,2,20.24,6
1607,1,2,20.78,6
1608,1,2,22.38,6
1609,1,2,24.08,6
1610,1,2,24.64,6
1611,1,2,26.12,6
1612,1,2,25.04,6
1613,1,2,23.68,6
1614,1,2,22.58,6
1615,1,2,23.1,6
1616,1,2,22.56,6
1617,1,2,21.76,6
1618,1,2,21.9,6
1619,1,2,22.76,6
1620,1,2,23.06,6
1621,1,2,23.28,6
1622,1,2,23.9,6
1623,1,2,23.26,6
1624,1,2,22.4,6
1625,1,2,23.58,6
1626,1,2,23.46,6
1627,1,2,21.94,6
1628,1,2,20.86,6
1629,1,2,21.66,6
1630,1,2,20.84,6
1631,1,2,21.86,6
1632,1,2,21.74,6
1633,1,2,22.56,6
1634,1,2,23.64,6
1635,1,2,23.24,6
1636,1,2,21.86,6
1637,1,2,22.96,6
1638,1,2,23.6,6
1639,1,2,22.28,6
1640,1,2,22.62,6
1641,1,2,22.72,6
1642,1,2,22.32,6
1643,1,2,21.04,6
1644,1,2,21.8,6
1645,1,2,22.82,6
1646,1,2,22.6,6
1647,1,2,21.72,6
1648,1,2,22.8,6
1649,1,2,22.72,6
1650,1,2,23.36,6
1651,1,2,23.8,6
1652,1,2,23.58,6
1653,1,2,23.66,6
1654,1,2,24.9,6
1655,1,2,25.42,6
1656,1,2,23.58,6
1657,1,2,22.6,6
1658,1,2,21.84,6
1659,1,2,22.0,6
1660,1,2,22.2,6
1661,1,2,21.32,6
1662,1,2,21.58,6
1663,1,2,22.78,6
1664,1,2,23.68,6
1665,1,2,23.78,6
1666,1,2,23.76,6
1667,1,2,23.98,6
1668,1,2,25.52,6
1669,1,2,25.26,6
1670,1,2,24.72,6
1671,1,2,25.36,6
1672,1,2,24.58,6
1673,1,2,24.24,6
1674,1,2,23.8,6
1675,1,2,22.32,6
1676,1,2,22.48,6
1677,1,2,23.0,6
1678,1,2,23.84,6
1679,1,2,23.38,6
1680,1,2,23.92,6
1681,1,2,23.56,6
1682,1,2,22.58,6
1683,1,2,22.58,6
1684,1,2,22.76,6
1685,1,2,23.42,6
1686,1,2,23.62,6
1687,1,2,24.32,6
1688,1,2,23.44,6
1689,1,2,24.74,6
1690,1,2,26.0,6
1691,1,2,25.44,6
1692,1,2,26.2,6
1693,1,2,26.62,6
1694,1,2,25.32,6
1695,1,2,23.02,6
1696,1,2,22.94,6
1697,1,2,21.1,6
1698,1,2,21.06,6
1699,1,2,20.32,6
1700,1,2,19.7,6
1701,1,2,20.06,6
1702,1,2,21.1,6
1703,1,2,22.02,6
1704,1,2,21.62,6
1705,1,2,22.4,6
1706,1,2,23.44,6
1707,1,2,23.1,6
1708,1,2,23.08,6
1709,1,2,24.22,6
1710,1,2,24.76,6
1711,1,2,24.84,6
1712,1,2,24.72,6
1713,1,2,23.54,6
1714,1,2,24.04,6
1715,1,2,25.36,6
1716,1,2,24.72,6
1717,1,2,25.4,6
1718,1,2,23.8,6
1719,1,2,23.5,6
1720,1,2,21.54,6
1721,1,2,22.76,6
1722,1,2,23.5,6
1723,1,2,25.42,6
1724,1,2,27.18,6
1725,1,2,26.38,6
1726,1,2,25.28,6
1727,1,2,24.62,6
1728,1,2,25.78,6
1729,1,2,25.66,6
1730,1,2,26.04,6
1731,1,2,26.04,6
1732,1,2,24.9,6
1733,1,2,25.02,6
1734,1,2,25.5,6
1735,1,2,24.32,6
1736,1,2,24.06,6
1737,1,2,24.0,6
1738,1,2,23.58,6
1739,1,2,20.64,6
1740,1,2,20.94,6
1741,1,2,20.56,6
1742,1,2,20.5,6
1743,1,2,21.26,6
1744,1,2,21.14,6
1745,1,2,20.72,6
1746,1,2,20.62,6
1747,1,2,22.22,6
1748,1,2,20.64,6
1749,1,2,21.66,6
1750,1,2,21.18,6
1751,1,2,21.32,6
1752,1,2,21.98,6
1753,1,2,21.9,6
1754,1,2,23.22,6
1755,1,2,23.82,6
1756,1,2,24.06,6
1757,1,2,22.86,6
1758,1,2,22.7,6
1759,1,2,23.56,6
1760,1,2,24.38,6
1761,1,2,24.42,6
1762,1,2,23.32,6
1763,1,2,24.22,6
1764,1,2,24.56,6
1765,1,2,24.9,6
1766,1,2,23.86,6
1767,1,2,24.0,6
1768,1,2,25.52,6
1769,1,2,25.36,6
1770,1,2,23.72,6
1771,1,2,22.98,6
1772,1,2,22.84,6
1773,1,2,22.78,6
1774,1,2,23.32,6
1775,1,2,24.12,6
1776,1,2,23.1,6
1777,1,2,25.16,6
1778,1,2,25.22,6
1779,1,2,26.18,6
1780,1,2,25.34,6
1781,1,2,25.98,6
1782,1,2,24.92,6
1783,1,2,24.96,6
1784,1,2,24.06,6
1785,1,2,23.92,6
1786,1,2,23.34,6
1787,1,2,23.88,6
1788,1,2,23.3,6
1789,1,2,22.36,6
1790,1,2,22.28,6
1791,1,2,22.38,6
1792,1,2,22.02,6
1793,1,2,21.3,6
1794,1,2,19.02,6
1795,1,2,19.92,6
1796,1,2,19.06,6
1797,1,2,21.4,6
1798,1,2,21.84,6
1799,1,2,22.06,6
1800,1,2,23.06,6
1801,1,2,22.48,6
1802,1,2,23.84,6
1803,1,2,25.04,6
1804,1,2,23.1,6
1805,1,2,23.36,6
1806,1,2,24.02,6
1807,1,2,25.48,6
1808,1,2,24.68,6
1809,1,2,23.46,6
1810,1,2,24.02,6
1811,1,2,23.72,6
1812,1,2,22.08,6
1813,1,2,21.12,6
1814,1,2,20.76,6
1815,1,2,21.68,6
1816,1,2,22.86,6
1817,1,2,24.68,6
1818,1,2,24.08,6
1819,1,2,24.3,6
1820,1,2,23.32,6
1821,1,2,23.34,6
1822,1,2,21.64,6
1823,1,2,21.28,6
1824,1,2,23.52,6
1825,1,2,23.34,6
1826,1,2,24.02,6
1827,1,2,22.98,6
1828,1,2,23.12,6
1829,1,2,22.38,6
1830,1,2,22.18,6
1831,1,2,21.6,6
1832,1,2,22.54,6
1833,1,2,21.78,6
1834,1,2,22.28,6
1835,1,2,21.7,6
1836,1,2,21.22,6
1837,1,2,22.6,6
1838,1,2,21.94,6
1839,1,2,22.48,6
1840,1,2,21.56,6
1841,1,2,20.46,6
1842,1,2,19.9,6
1843,1,2,19.4,6
1844,1,2,19.98,6
1845,1,2,21.26,6
1846,1,2,21.54,6
1847,1,2,21.84,6
1848,1,2,22.1,6
1849,1,2,21.32,6
1850,1,2,21.82,6
1851,1,2,22.42,6
1852,1,2,23.68,6
1853,1,2,22.14,6
1854,1,2,22.54,6
1855,1,2,22.12,6
1856,1,2,23.48,6
1857,1,2,22.9,6
1858,1,2,22.1,6
1859,1,2,20.82,6
1860,1,2,21.0,6
1861,1,2,21.54,6
1862,1,2,21.48,6
1863,1,2,22.62,6
1864,1,2,23.1,6
1865,1,2,25.0,6
1866,1,2,24.62,6
1867,1,2,23.88,6
1868,1,2,21.94,6
1869,1,2,22.06,6
1870,1,2,21.14,6
1871,1,2,21.36,6
1872,1,2,21.76,6
1873,1,2,20.54,6
1874,1,2,21.36,6
1875,1,2,21.02,6
1876,1,2,22.18,6
1877,1,2,21.66,6
1878,1,2,21.94,6
1879,1,2,21.66,6
1880,1,2,21.92,6
1881,1,2,22.9,6
1882,1,2,23.48,6
1883,1,2,24.04,6
1884,1,2,24.0,6
1885,1,2,24.16,6
1886,1,2,21.66,6
1887,1,2,21.84,6
1888,1,2,21.0,6
1889,1,2,22.24,6
1890,1,2,23.64,6
1891,1,2,23.16,6
1892,1,2,23.86,6
1893,1,2,25.28,6
1894,1,2,25.88,6
1895,1,2,26.56,6
1896,1,2,25.84,6
1897,1,2,24.72,6
1898,1,2,25.26,6
1899,1,2,24.2,6
1900,1,2,24.66,6
1901,1,2,24.26,6
1902,1,2,23.52,6
1903,1,2,22.14,6
1904,1,2,22.26,6
1905,1,2,21.7,6
1906,1,2,21.82,6
1907,1,2,21.12,6
1908,1,2,20.72,6
1909,1,2,21.46,6
1910,1,2,22.2,6
1911,1,2,22.4,6
1912,1,2,23.62,6
1913,1,2,23.08,6
1914,1,2,23.34,6
1915,1,2,23.72,6
1916,1,2,23.88,6
1917,1,2,24.08,6
1918,1,2,24.26,6
1919,1,2,24.06,6
1920,1,2,23.6,6
1921,1,2,23.18,6
1922,1,2,24.34,6
1923,1,2,25.26,6
1924,1,2,24.16,6
1925,1,2,24.6,6
1926,1,2,23.54,6
1927,1,2,22.42,6
1928,1,2,23.02,6
1929,1,2,22.8,6
1930,1,2,23.54,6
1931,1,2,21.82,6
1932,1,2,21.68,6
1933,1,2,20.76,6
1934,1,2,22.58,6
1935,1,2,23.18,6
1936,1,2,24.38,6
1937,1,2,24.06,6
1938,1,2,24.34,6
1939,1,2,25.22,6
1940,1,2,24.56,6
1941,1,2,23.2,6
1942,1,2,22.44,6
1943,1,2,21.62,6
1944,1,2,21.16,6
1945,1,2,20.92,6
1946,1,2,20.4,6
1947,1,2,21.1,6
1948,1,2,22.1,6
1949,1,2,21.84,6
1950,1,2,21.68,6
1951,1,2,20.24,6
1952,1,2,20.34,6
1953,1,2,21.36,6
1954,1,2,21.92,6
1955,1,2,21.54,6
1956,1,2,20.68,6
1957,1,2,20.62,6
1958,1,2,21.2,6
1959,1,2,21.6,6
1960,1,2,20.94,6
1961,1,2,20.44,6
1962,1,2,21.28,6
1963,1,2,22.52,6
1964,1,2,22.56,6
1965,1,2,21.08,6
1966,1,2,21.08,6
1967,1,2,21.84,6
1968,1,2,22.16,6
1969,1,2,23.16,6
1970,1,2,23.34,6
1971,1,2,22.96,6
1972,1,2,23.52,6
1973,1,2,25.18,6
1974,1,2,25.08,6
1975,1,2,26.08,6
1976,1,2,25.64,6
1977,1,2,24.64,6
1978,1,2,24.88,6
1979,1,2,23.96,6
1980,1,2,25.02,6
1981,1,2,27.02,6
1982,1,2,27.78,6
1983,1,2,27.38,6
1984,1,2,26.7,6
1985,1,2,24.88,6
1986,1,2,25.22,6
1987,1,2,23.92,6
1988,1,2,23.14,6
1989,1,2,22.98,6
1990,1,2,21.48,6
1991,1,2,22.12,6
1992,1,2,23.2,6
1993,1,2,21.92,6
1994,1,2,21.94,6
1995,1,2,21.4,6
1996,1,2,21.52,6
1997,1,2,22.76,6
1998,1,2,22.68,6
1999,1,2,21.92,6
2000,1,2,21.58,6
0,2,2,57.54,44
1,2,2,53.54,37
2,2,2,50.12,37
3,2,2,48.02,37
4,2,2,47.06,37
5,2,2,46.18,31
6,2,2,45.74,31
7,2,2,43.92,31
8,2,2,42.72,31
9,2,2,42.9,31
10,2,2,40.36,31
11,2,2,41.36,30
12,2,2,40.8,30
13,2,2,40.96,30
14,2,2,39.5,29
15,2,2,38.18,29
16,2,2,38.34,29
17,2,2,38.7,29
18,2,2,37.9,29
19,2,2,37.68,28
20,2,2,37.72,28
21,2,2,37.22,28
22,2,2,37.0,28
23,2,2,35.24,28
24,2,2,35.36,26
25,2,2,35.48,25
26,2,2,35.78,25
27,2,2,35.3,25
28,2,2,35.26,24
29,2,2,33.38,24
30,2,2,33.3,24
31,2,2,33.3,24
32,2,2,33.12,24
33,2,2,32.94,24
34,2,2,32.5,24
35,2,2,32.88,24
36,2,2,32.76,24
37,2,2,32.28,23
38,2,2,31.56,23
39,2,2,31.46,23
40,2,2,31.76,23
41,2,2,32.16,23
42,2,2,31.76,23
43,2,2,32.0,22
44,2,2,33.32,22
45,2,2,33.4,22
46,2,2,34.76,22
47,2,2,34.4,22
48,2,2,33.48,22
49,2,2,32.9,22
50,2,2,34.48,22
51,2,2,32.8,22
52,2,2,32.18,22
53,2,2,32.68,22
54,2,2,31.8,22
55,2,2,32.24,22
56,2,2,32.16,22
57,2,2,32.04,22
58,2,2,32.96,22
59,2,2,32.74,22
60,2,2,31.28,22
61,2,2,30.5,22
62,2,2,31.44,22
63,2,2,31.9,21
64,2,2,32.86,21
65,2,2,31.86,21
66,2,2,30.32,19
67,2,2,29.34,19
68,2,2,29.26,19
69,2,2,29.74,19
70,2,2,29.48,19
71,2,2,29.06,19
72,2,2,28.26,19
73,2,2,28.96,19
74,2,2,29.74,19
75,2,2,30.06,19
76,2,2,30.5,19
77,2,2,29.88,19
78,2,2,30.0,19
79,2,2,28.6,19
80,2,2,28.74,19
81,2,2,29.1,19
82,2,2,28.8,19
83,2,2,28.92,19
84,2,2,29.46,19
85,2,2,29.32,19
86,2,2,28.34,19
87,2,2,27.86,18
88,2,2,28.08,18
89,2,2,27.58,18
90,2,2,26.68,18
91,2,2,27.06,18
92,2,2,28.0,18
93,2,2,27.34,18
94,2,2,27.64,18
95,2,2,28.66,18
96,2,2,27.74,18
97,2,2,26.8,17
98,2,2,26.26,17
99,2,2,26.6,17
100,2,2,26.84,17
101,2,2,27.86,17
102,2,2,29.16,17
103,2,2,29.24,17
104,2,2,29.5,17
105,2,2,30.26,17
106,2,2,30.66,17
107,2,2,29.22,17
108,2,2,30.4,17
109,2,2,30.18,17
110,2,2,29.76,17
111,2,2,29.4,17
112,2,2,30.18,17
113,2,2,30.1,17
114,2,2,30.64,17
115,2,2,29.52,17
116,2,2,29.56,17
117,2,2,30.1,17
118,2,2,30.24,17
119,2,2,31.12,17
120,2,2,30.92,17
121,2,2,29.12,16
122,2,2,27.64,16
123,2,2,27.6,16
124,2,2,27.26,16
125,2,2,26.98,16
126,2,2,26.16,16
127,2,2,25.5,16
128,2,2,25.26,16
129,2,2,26.22,16
130,2,2,26.36,16
131,2,2,24.92,16
132,2,2,26.2,16
133,2,2,26.44,16
134,2,2,26.72,16
135,2,2,26.42,16
136,2,2,26.42,16
137,2,2,26.84,16
138,2,2,26.98,16
139,2,2,27.54,16
140,2,2,27.76,16
141,2,2,27.66,15
142,2,2,27.24,15
143,2,2,26.78,15
144,2,2,26.68,15
145,2,2,28.22,15
146,2,2,28.62,15
147,2,2,28.08,14
148,2,2,28.74,14
149,2,2,28.52,14
150,2,2,28.0,14
151,2,2,28.22,14
152,2,2,28.88,14
153,2,2,27.62,14
154,2,2,28.82,14
155,2,2,28.28,14
156,2,2,30.96,14
157,2,2,31.72,14
158,2,2,31.22,14
159,2,2,30.32,14
160,2,2,30.1,14
161,2,2,30.44,14
162,2,2,30.24,14
163,2,2,30.16,14
164,2,2,30.24,14
165,2,2,28.0,14
166,2,2,27.46,14
167,2,2,27.26,14
168,2,2,28.86,14
169,2,2,28.44,14
170,2,2,27.92,14
171,2,2,27.72,14
172,2,2,26.54,13
173,2,2,27.02,13
174,2,2,28.66,13
175,2,2,28.6,13
176,2,2,28.2,13
177,2,2,27.94,13
178,2,2,28.16,13
179,2,2,27.96,13
180,2,2,26.78,13
181,2,2,25.54,13
182,2,2,25.24,13
183,2,2,25.18,13
184,2,2,23.84,13
185,2,2,24.4,13
186,2,2,24.84,13
187,2,2,25.86,13
188,2,2,24.98,13
189,2,2,25.92,13
190,2,2,27.4,13
191,2,2,26.74,13
192,2,2,27.5,13
193,2,2,27.24,13
194,2,2,25.82,13
195,2,2,25.74,13
196,2,2,23.86,13
197,2,2,24.52,13
198,2,2,25.24,13
199,2,2,25.26,13
200,2,2,25.4,13
201,2,2,24.7,13
202,2,2,25.22,13
203,2,2,25.24,13
204,2,2,27.26,13
205,2,2,26.76,13
206,2,2,27.38,13
207,2,2,27.4,13
208,2,2,27.6,13
209,2,2,26.8,13
210,2,2,27.2,13
211,2,2,27.12,13
212,2,2,28.12,13
213,2,2,27.88,13
214,2,2,27.2,13
215,2,2,27.36,13
216,2,2,27.44,13
217,2,2,27.0,13
218,2,2,26.6,13
219,2,2,26.04,13
220,2,2,26.02,13
221,2,2,26.12,13
222,2,2,26.56,13
223,2,2,25.96,13
224,2,2,25.72,13
225,2,2,25.26,13
226,2,2,24.82,13
227,2,2,24.66,13
228,2,2,24.78,13
229,2,2,23.22,13
230,2,2,21.62,13
231,2,2,22.2,13
232,2,2,22.72,13
233,2,2,25.22,13
234,2,2,25.28,13
235,2,2,26.18,13
236,2,2,27.46,13
237,2,2,27.88,13
238,2,2,28.4,13
239,2,2,28.34,13
240,2,2,28.34,13
241,2,2,27.54,13
242,2,2,27.7,13
243,2,2,29.3,13
244,2,2,28.06,13
245,2,2,27.7,13
246,2,2,27.02,13
247,2,2,27.12,13
248,2,2,26.6,13
249,2,2,26.14,13
250,2,2,26.34,13
251,2,2,26.22,13
252,2,2,27.02,13
253,2,2,26.88,13
254,2,2,26.42,13
255,2,2,27.18,13
256,2,2,27.24,13
257,2,2,27.38,13
258,2,2,28.14,13
259,2,2,27.96,13
260,2,2,27.06,13
261,2,2,25.6,13
262,2,2,25.32,13
263,2,2,27.04,13
264,2,2,27.64,13
265,2,2,26.3,13
266,2,2,26.8,13
267,2,2,27.3,13
268,2,2,27.24,13
269,2,2,27.34,13
270,2,2,29.28,13
271,2,2,28.54,13
272,2,2,27.2,13
273,2,2,27.44,13
274,2,2,26.16,13
275,2,2,24.9,13
276,2,2,25.4,13
277,2,2,25.88,13
278,2,2,25.92,13
279,2,2,25.84,13
280,2,2,26.86,13
281,2,2,26.62,13
282,2,2,26.72,13
283,2,2,27.22,13
284,2,2,26.18,13
285,2,2,25.86,13
286,2,2,25.48,13
287,2,2,25.88,13
288,2,2,26.74,13
289,2,2,28.3,13
290,2,2,27.26,13
291,2,2,27.98,13
292,2,2,28.48,13
293,2,2,28.5,13
294,2,2,27.86,13
295,2,2,27.46,13
296,2,2,27.64,13
297,2,2,28.4,13
298,2,2,28.12,13
299,2,2,27.1,13
300,2,2,26.36,13
301,2,2,25.94,13
302,2,2,25.02,13
303,2,2,24.66,13
304,2,2,25.22,13
305,2,2,24.2,13
306,2,2,24.22,13
307,2,2,24.32,13
308,2,2,25.18,13
309,2,2,24.32,13
310,2,2,24.1,13
311,2,2,23.18,13
312,2,2,24.66,13
313,2,2,24.64,13
314,2,2,25.18,13
315,2,2,24.72,13
316,2,2,24.98,13
317,2,2,24.68,13
318,2,2,25.48,13
319,2,2,26.04,13
320,2,2,26.56,13
321,2,2,28.04,13
322,2,2,27.88,13
323,2,2,25.76,13
324,2,2,26.3,13
325,2,2,26.26,13
326,2,2,26.62,13
327,2,2,25.62,13
328,2,2,24.58,13
329,2,2,24.94,12
330,2,2,25.22,12
331,2,2,25.28,12
332,2,2,24.42,12
333,2,2,24.6,12
334,2,2,25.16,12
335,2,2,26.52,12
336,2,2,25.78,12
337,2,2,26.1,12
338,2,2,26.34,12
339,2,2,25.98,12
340,2,2,25.3,12
341,2,2,26.88,12
342,2,2,27.0,12
343,2,2,27.46,12
344,2,2,25.74,12
345,2,2,27.1,12
346,2,2,28.82,12
347,2,2,27.52,12
348,2,2,25.8,12
349,2,2,27.0,12
350,2,2,27.64,12
351,2,2,27.46,12
352,2,2,26.56,12
353,2,2,29.28,12
354,2,2,29.44,12
355,2,2,29.94,12
356,2,2,30.02,12
357,2,2,30.92,12
358,2,2,30.52,12
359,2,2,28.86,12
360,2,2,28.58,12
361,2,2,28.72,12
362,2,2,27.3,12
363,2,2,28.44,12
364,2,2,28.32,12
365,2,2,27.64,12
366,2,2,28.02,12
367,2,2,27.24,12
368,2,2,27.44,12
369,2,2,29.06,12
370,2,2,28.74,12
371,2,2,26.64,12
372,2,2,25.22,12
373,2,2,27.04,12
374,2,2,27.2,12
375,2,2,25.74,12
376,2,2,26.36,12
377,2,2,27.98,12
378,2,2,29.62,12
379,2,2,28.5,12
380,2,2,28.56,12
381,2,2,26.9,12
382,2,2,27.16,12
383,2,2,27.08,12
384,2,2,27.2,12
385,2,2,26.62,12
386,2,2,25.52,12
387,2,2,25.96,12
388,2,2,26.44,12
389,2,2,26.8,12
390,2,2,26.9,12
391,2,2,26.62,12
392,2,2,27.02,12
393,2,2,26.98,12
394,2,2,27.0,12
395,2,2,25.84,12
396,2,2,24.3,12
397,2,2,25.44,12
398,2,2,25.84,12
399,2,2,26.68,12
400,2,2,26.3,12
401,2,2,27.26,12
402,2,2,25.98,12
403,2,2,25.24,12
404,2,2,24.96,12
405,2,2,25.58,12
406,2,2,26.04,12
407,2,2,27.92,12
408,2,2,28.0,12
409,2,2,28.18,12
410,2,2,28.7,12
411,2,2,28.94,12
412,2,2,27.56,12
413,2,2,27.52,12
414,2,2,26.44,12
415,2,2,26.06,12
416,2,2,26.7,12
417,2,2,26.7,12
418,2,2,26.6,12
419,2,2,26.04,12
420,2,2,27.32,12
421,2,2,28.02,12
422,2,2,28.66,12
423,2,2,28.96,12
424,2,2,28.68,12
425,2,2,29.2,12
426,2,2,29.28,12
427,2,2,29.14,12
428,2,2,27.42,12
429,2,2,26.64,12
430,2,2,25.76,12
431,2,2,25.76,12
432,2,2,25.5,12
433,2,2,26.96,12
434,2,2,27.06,12
435,2,2,26.84,12
436,2,2,26.56,12
437,2,2,26.54,12
438,2,2,26.98,12
439,2,2,25.1,12
440,2,2,23.98,12
441,2,2,25.56,12
442,2,2,24.44,12
443,2,2,25.12,12
444,2,2,25.24,12
445,2,2,27.04,12
446,2,2,26.0,12
447,2,2,27.5,12
448,2,2,26.62,12
449,2,2,25.58,12
450,2,2,27.2,12
451,2,2,26.12,12
452,2,2,26.56,12
453,2,2,26.42,12
454,2,2,26.92,12
455,2,2,26.5,12
456,2,2,25.78,12
457,2,2,25.5,12
458,2,2,25.26,12
459,2,2,25.34,12
460,2,2,23.86,12
461,2,2,24.82,12
462,2,2,25.08,12
463,2,2,24.58,12
464,2,2,25.04,12
465,2,2,25.98,12
466,2,2,27.52,12
467,2,2,28.58,12
468,2,2,28.4,12
469,2,2,29.04,12
470,2,2,28.48,12
471,2,2,29.02,12
472,2,2,29.52,12
473,2,2,28.88,12
474,2,2,27.92,12
475,2,2,28.08,12
476,2,2,26.32,12
477,2,2,26.12,12
478,2,2,25.56,12
479,2,2,25.5,12
480,2,2,25.68,12
481,2,2,26.42,12
482,2,2,25.28,12
483,2,2,25.22,12
484,2,2,24.98,12
485,2,2,25.16,12
486,2,2,25.02,12
487,2,2,25.42,12
488,2,2,25.38,12
489,2,2,25.6,12
490,2,2,25.06,12
491,2,2,24.64,12
492,2,2,24.66,12
493,2,2,24.98,12
494,2,2,26.06,12
495,2,2,26.42,12
496,2,2,25.2,12
497,2,2,25.14,12
498,2,2,24.14,12
499,2,2,24.72,12
500,2,2,25.4,12
501,2,2,25.7,12
502,2,2,25.32,12
503,2,2,26.18,12
504,2,2,25.5,12
505,2,2,24.96,12
506,2,2,25.1,12
507,2,2,25.78,12
508,2,2,24.3,12
509,2,2,25.02,12
510,2,2,25.34,12
511,2,2,24.9,12
512,2,2,25.42,12
513,2,2,24.46,12
514,2,2,25.6,12
515,2,2,26.22,12
516,2,2,25.66,12
517,2,2,25.38,12
518,2,2,26.6,12
519,2,2,27.62,12
520,2,2,27.52,12
521,2,2,27.34,12
522,2,2,28.82,12
523,2,2,27.72,12
524,2,2,27.86,12
525,2,2,27.3,12
526,2,2,25.98,12
527,2,2,25.4,12
528,2,2,27.4,12
529,2,2,27.74,12
530,2,2,27.2,12
531,2,2,26.22,12
532,2,2,26.42,12
533,2,2,25.9,12
534,2,2,25.14,12
535,2,2,24.8,12
536,2,2,25.42,11
537,2,2,25.96,11
538,2,2,26.72,11
539,2,2,26.64,11
540,2,2,26.58,11
541,2,2,26.3,11
542,2,2,26.36,11
543,2,2,26.88,11
544,2,2,25.48,11
545,2,2,24.82,11
546,2,2,24.54,11
547,2,2,24.08,11
548,2,2,23.48,11
549,2,2,23.62,11
550,2,2,24.82,11
551,2,2,26.1,11
552,2,2,27.08,11
553,2,2,27.58,11
554,2,2,27.66,11
555,2,2,28.32,11
556,2,2,27.7,11
557,2,2,28.4,11
558,2,2,29.06,11
559,2,2,28.54,11
560,2,2,27.0,11
561,2,2,27.72,11
562,2,2,28.26,11
563,2,2,27.5,11
564,2,2,26.8,11
565,2,2,27.6,11
566,2,2,27.74,11
567,2,2,28.08,11
568,2,2,27.08,11
569,2,2,27.98,11
570,2,2,28.86,11
571,2,2,29.5,11
572,2,2,27.7,11
573,2,2,26.7,11
574,2,2,26.32,11
575,2,2,25.56,11
576,2,2,25.76,11
577,2,2,26.86,11
578,2,2,25.74,11
579,2,2,25.74,11
580,2,2,25.02,11
581,2,2,25.96,11
582,2,2,25.9,11
583,2,2,24.76,11
584,2,2,26.36,11
585,2,2,26.54,11
586,2,2,26.36,11
587,2,2,25.88,10
588,2,2,25.74,10
589,2,2,25.82,10
590,2,2,25.28,10
591,2,2,26.26,10
592,2,2,26.76,10
593,2,2,26.56,10
594,2,2,26.88,10
595,2,2,26.6,10
596,2,2,25.98,10
597,2,2,26.08,10
598,2,2,25.12,10
599,2,2,24.78,10
600,2,2,24.36,10
601,2,2,24.02,10
602,2,2,23.84,10
603,2,2,24.3,10
604,2,2,25.02,10
605,2,2,25.14,10
606,2,2,25.12,10
607,2,2,25.04,10
608,2,2,23.48,10
609,2,2,25.14,10
610,2,2,27.02,10
611,2,2,25.56,10
612,2,2,24.68,10
613,2,2,25.54,10
614,2,2,26.38,10
615,2,2,26.66,10
616,2,2,26.82,10
617,2,2,27.08,10
618,2,2,26.4,10
619,2,2,26.32,10
620,2,2,27.86,10
621,2,2,28.18,10
622,2,2,26.82,10
623,2,2,25.22,10
624,2,2,25.14,10
625,2,2,22.9,10
626,2,2,23.52,10
627,2,2,23.54,10
628,2,2,23.24,10
629,2,2,23.64,10
630,2,2,23.1,10
631,2,2,23.92,10
632,2,2,24.06,10
633,2,2,24.9,10
634,2,2,25.76,10
635,2,2,24.84,10
636,2,2,25.6,10
637,2,2,25.08,10
638,2,2,24.08,10
639,2,2,24.78,10
640,2,2,24.54,10
641,2,2,23.9,10
642,2,2,24.42,10
643,2,2,24.92,10
644,2,2,25.24,10
645,2,2,26.32,10
646,2,2,26.9,10
647,2,2,26.12,10
648,2,2,26.76,10
649,2,2,26.22,10
650,2,2,26.22,10
651,2,2,27.02,10
652,2,2,26.68,10
653,2,2,26.18,10
654,2,2,26.34,10
655,2,2,26.5,10
656,2,2,26.2,10
657,2,2,25.56,10
658,2,2,25.4,10
659,2,2,25.38,10
660,2,2,23.84,10
661,2,2,23.5,10
662,2,2,23.74,10
663,2,2,23.4,10
664,2,2,24.68,10
665,2,2,24.54,10
666,2,2,24.58,10
667,2,2,25.22,10
668,2,2,24.48,10
669,2,2,24.92,10
670,2,2,25.3,10
671,2,2,25.64,10
672,2,2,25.2,10
673,2,2,24.16,10
674,2,2,23.24,10
675,2,2,24.62,10
676,2,2,23.7,10
677,2,2,23.64,10
678,2,2,25.28,10
679,2,2,25.5,10
680,2,2,25.5,10
681,2,2,25.12,10
682,2,2,23.72,10
683,2,2,25.56,10
684,2,2,25.24,10
685,2,2,24.56,10
686,2,2,24.56,10
687,2,2,23.98,10
688,2,2,23.16,10
689,2,2,24.02,10
690,2,2,24.42,10
691,2,2,24.94,10
692,2,2,26.86,10
693,2,2,26.7,10
694,2,2,27.52,10
695,2,2,26.54,10
696,2,2,25.6,10
697,2,2,25.08,10
698,2,2,23.62,10
699,2,2,24.8,10
700,2,2,24.1,10
701,2,2,25.44,10
702,2,2,24.44,10
703,2,2,25.26,10
704,2,2,25.58,10
705,2,2,24.88,10
706,2,2,24.06,10
707,2,2,23.48,10
708,2,2,23.14,10
709,2,2,22.58,10
710,2,2,23.02,10
711,2,2,24.34,10
712,2,2,25.92,10
713,2,2,24.82,10
714,2,2,25.34,10
715,2,2,25.5,10
716,2,2,24.86,10
717,2,2,25.04,10
718,2,2,23.94,10
719,2,2,24.46,10
720,2,2,25.6,10
721,2,2,26.22,10
722,2,2,27.48,10
723,2,2,28.38,10
724,2,2,26.62,10
725,2,2,27.78,10
726,2,2,26.42,10
727,2,2,26.64,10
728,2,2,26.36,10
729,2,2,26.94,10
730,2,2,26.86,10
731,2,2,25.62,10
732,2,2,26.72,10
733,2,2,26.84,10
734,2,2,26.32,10
735,2,2,26.84,10
736,2,2,26.56,10
737,2,2,27.28,10
738,2,2,27.82,10
739,2,2,26.94,10
740,2,2,28.02,10
741,2,2,27.4,10
742,2,2,26.68,10
743,2,2,27.04,10
744,2,2,27.04,10
745,2,2,27.94,10
746,2,2,27.58,10
747,2,2,26.76,10
748,2,2,25.22,10
749,2,2,23.34,10
750,2,2,23.52,10
751,2,2,23.36,10
752,2,2,23.42,10
753,2,2,23.76,10
754,2,2,23.36,10
755,2,2,22.08,10
756,2,2,23.12,10
757,2,2,22.96,10
758,2,2,24.36,10
759,2,2,25.32,10
760,2,2,26.16,10
761,2,2,26.02,10
762,2,2,26.76,10
763,2,2,26.02,10
764,2,2,26.3,10
765,2,2,26.68,10
766,2,2,25.78,10
767,2,2,27.02,10
768,2,2,26.56,10
769,2,2,24.8,10
770,2,2,24.54,10
771,2,2,24.28,10
772,2,2,24.36,10
773,2,2,24.88,10
774,2,2,24.56,10
775,2,2,24.24,10
776,2,2,25.02,10
777,2,2,26.32,10
778,2,2,26.24,10
779,2,2,26.06,10
780,2,2,27.5,10
781,2,2,27.62,10
782,2,2,26.76,10
783,2,2,26.76,10
784,2,2,26.18,10
785,2,2,25.48,10
786,2,2,24.0,10
787,2,2,23.64,10
788,2,2,24.62,10
789,2,2,23.58,10
790,2,2,24.2,10
791,2,2,24.16,10
792,2,2,24.26,10
793,2,2,24.74,10
794,2,2,24.4,10
795,2,2,24.66,10
796,2,2,24.56,10
797,2,2,22.52,10
798,2,2,22.78,10
799,2,2,23.46,10
800,2,2,22.66,10
801,2,2,21.38,10
802,2,2,21.06,10
803,2,2,22.04,10
804,2,2,22.04,10
805,2,2,21.26,10
806,2,2,21.52,10
807,2,2,21.46,9
808,2,2,21.04,9
809,2,2,21.38,9
810,2,2,21.52,9
811,2,2,22.3,9
812,2,2,22.74,9
813,2,2,23.66,9
814,2,2,23.4,9
815,2,2,23.92,9
816,2,2,22.78,9
817,2,2,23.52,9
818,2,2,24.1,9
819,2,2,24.1,9
820,2,2,24.9,9
821,2,2,24.06,9
822,2,2,23.84,9
823,2,2,24.22,9
824,2,2,23.04,9
825,2,2,23.66,9
826,2,2,23.24,9
827,2,2,21.88,9
828,2,2,22.46,9
829,2,2,23.54,9
830,2,2,21.52,9
831,2,2,21.76,9
832,2,2,22.82,9
833,2,2,22.18,9
834,2,2,22.3,9
835,2,2,22.64,9
836,2,2,24.16,9
837,2,2,24.44,9
838,2,2,24.78,9
839,2,2,25.46,9
840,2,2,24.36,9
841,2,2,25.78,9
842,2,2,26.08,9
843,2,2,26.66,9
844,2,2,27.68,9
845,2,2,26.68,9
846,2,2,28.34,9
847,2,2,26.74,9
848,2,2,26.06,9
849,2,2,26.04,9
850,2,2,26.4,9
851,2,2,24.92,9
852,2,2,24.18,9
853,2,2,25.32,9
854,2,2,26.22,9
855,2,2,25.66,9
856,2,2,24.32,9
857,2,2,23.96,9
858,2,2,24.28,9
859,2,2,25.1,9
860,2,2,25.76,9
861,2,2,25.64,9
862,2,2,26.06,9
863,2,2,25.52,9
864,2,2,26.64,9
865,2,2,25.54,9
866,2,2,24.68,9
867,2,2,25.56,9
868,2,2,26.0,9
869,2,2,25.48,9
870,2,2,24.98,9
871,2,2,24.44,9
872,2,2,24.92,9
873,2,2,25.18,9
874,2,2,24.98,9
875,2,2,23.96,9
876,2,2,23.24,9
877,2,2,22.64,9
878,2,2,23.24,9
879,2,2,22.28,9
880,2,2,21.08,9
881,2,2,21.26,9
882,2,2,21.52,9
883,2,2,21.64,9
884,2,2,23.18,9
885,2,2,22.3,9
886,2,2,24.04,9
887,2,2,24.14,9
888,2,2,23.68,9
889,2,2,23.42,9
890,2,2,23.38,9
891,2,2,23.32,9
892,2,2,23.64,9
893,2,2,24.06,9
894,2,2,23.26,9
895,2,2,21.88,9
896,2,2,22.3,9
897,2,2,22.1,9
898,2,2,23.44,9
899,2,2,23.18,9
900,2,2,23.16,9
901,2,2,23.76,9
902,2,2,24.22,9
903,2,2,23.76,9
904,2,2,24.02,9
905,2,2,23.64,9
906,2,2,23.38,9
907,2,2,23.86,9
908,2,2,23.1,9
909,2,2,21.94,9
910,2,2,22.64,9
911,2,2,23.78,9
912,2,2,24.68,9
913,2,2,25.06,9
914,2,2,26.24,9
915,2,2,27.26,9
916,2,2,28.0,9
917,2,2,29.3,9
918,2,2,28.74,9
919,2,2,28.14,9
920,2,2,27.18,9
921,2,2,25.76,9
922,2,2,26.44,9
923,2,2,25.3,9
924,2,2,25.42,9
925,2,2,24.62,9
926,2,2,23.96,9
927,2,2,23.34,9
928,2,2,23.16,9
929,2,2,23.16,9
930,2,2,22.08,9
931,2,2,22.56,9
932,2,2,22.62,9
933,2,2,22.84,9
934,2,2,21.6,9
935,2,2,22.46,9
936,2,2,23.98,9
937,2,2,24.16,9
938,2,2,24.02,9
939,2,2,23.5,9
940,2,2,23.6,9
941,2,2,23.4,9
942,2,2,24.3,9
943,2,2,25.2,9
944,2,2,25.86,9
945,2,2,23.76,9
946,2,2,23.24,9
947,2,2,22.76,9
948,2,2,23.42,9
949,2,2,23.24,9
950,2,2,23.44,9
951,2,2,22.62,9
952,2,2,22.4,9
953,2,2,22.2,9
954,2,2,21.4,9
955,2,2,21.36,9
956,2,2,21.52,9
957,2,2,21.16,9
958,2,2,21.46,9
959,2,2,22.54,9
960,2,2,23.5,9
961,2,2,23.36,9
962,2,2,23.26,9
963,2,2,24.28,9
964,2,2,25.46,9
965,2,2,25.6,9
966,2,2,24.54,9
967,2,2,24.12,9
968,2,2,24.72,9
969,2,2,24.08,9
970,2,2,24.0,9
971,2,2,23.26,9
972,2,2,21.94,9
973,2,2,21.18,9
974,2,2,21.3,9
975,2,2,21.48,9
976,2,2,22.24,9
977,2,2,23.74,9
978,2,2,23.44,9
979,2,2,24.62,9
980,2,2,25.74,9
981,2,2,24.48,9
982,2,2,24.18,9
983,2,2,24.6,9
984,2,2,25.16,9
985,2,2,23.66,9
986,2,2,24.12,9
987,2,2,24.98,9
988,2,2,24.62,9
989,2,2,22.24,9
990,2,2,22.66,9
991,2,2,23.06,9
992,2,2,22.98,9
993,2,2,22.9,9
994,2,2,23.64,9
995,2,2,23.58,9
996,2,2,23.7,9
997,2,2,23.14,9
998,2,2,24.26,9
999,2,2,24.52,9
1000,2,2,24.88,9
1001,2,2,24.68,9
1002,2,2,24.6,9
1003,2,2,24.02,9
1004,2,2,22.78,9
1005,2,2,23.58,9
1006,2,2,25.32,9
1007,2,2,25.24,9
1008,2,2,26.88,9
1009,2,2,25.38,9
1010,2,2,24.64,9
1011,2,2,24.68,9
1012,2,2,24.62,9
1013,2,2,24.5,9
1014,2,2,23.92,9
1015,2,2,23.44,9
1016,2,2,24.1,9
1017,2,2,24.54,9
1018,2,2,25.98,9
1019,2,2,27.42,9
1020,2,2,27.44,9
1021,2,2,26.96,9
1022,2,2,28.12,9
1023,2,2,28.34,9
1024,2,2,29.84,9
1025,2,2,29.76,9
1026,2,2,28.66,9
1027,2,2,28.78,9
1028,2,2,27.72,9
1029,2,2,27.46,9
1030,2,2,26.94,9
1031,2,2,27.18,9
1032,2,2,27.22,9
1033,2,2,25.28,9
1034,2,2,26.04,9
1035,2,2,26.48,9
1036,2,2,26.86,9
1037,2,2,26.5,9
1038,2,2,25.04,9
1039,2,2,26.06,9
1040,2,2,26.24,9
1041,2,2,23.26,9
1042,2,2,24.12,9
1043,2,2,24.24,9
1044,2,2,24.74,9
1045,2,2,23.54,9
1046,2,2,23.54,9
1047,2,2,23.24,9
1048,2,2,24.48,9
1049,2,2,23.52,9
1050,2,2,23.88,9
1051,2,2,23.96,9
1052,2,2,24.74,9
1053,2,2,24.76,9
1054,2,2,23.88,9
1055,2,2,25.14,9
1056,2,2,26.16,9
1057,2,2,26.1,9
1058,2,2,27.5,9
1059,2,2,26.48,9
1060,2,2,25.3,9
1061,2,2,25.3,9
1062,2,2,25.24,9
1063,2,2,25.06,9
1064,2,2,23.4,9
1065,2,2,24.72,9
1066,2,2,24.62,9
1067,2,2,24.04,9
1068,2,2,23.48,9
1069,2,2,24.06,9
1070,2,2,23.44,9
1071,2,2,24.2,9
1072,2,2,25.16,9
1073,2,2,25.72,9
1074,2,2,26.82,9
1075,2,2,26.86,9
1076,2,2,25.92,9
1077,2,2,23.9,9
1078,2,2,23.82,9
1079,2,2,23.8,9
1080,2,2,24.96,9
1081,2,2,24.46,9
1082,2,2,23.34,9
1083,2,2,23.12,9
1084,2,2,22.22,9
1085,2,2,22.5,9
1086,2,2,23.76,9
1087,2,2,24.52,9
1088,2,2,23.92,9
1089,2,2,23.74,9
1090,2,2,23.02,9
1091,2,2,23.7,9
1092,2,2,23.38,9
1093,2,2,23.84,9
1094,2,2,24.46,9
1095,2,2,25.94,9
1096,2,2,25.32,9
1097,2,2,25.84,9
1098,2,2,27.48,9
1099,2,2,27.18,9
1100,2,2,25.48,9
1101,2,2,25.46,9
1102,2,2,22.56,9
1103,2,2,23.12,9
1104,2,2,24.96,9
1105,2,2,25.88,9
1106,2,2,26.06,9
1107,2,2,26.36,9
1108,2,2,25.68,9
1109,2,2,26.72,9
1110,2,2,27.24,9
1111,2,2,26.26,9
1112,2,2,25.46,9
1113,2,2,25.16,9
1114,2,2,25.2,9
1115,2,2,25.32,9
1116,2,2,25.58,9
1117,2,2,26.6,9
1118,2,2,25.16,9
1119,2,2,25.68,9
1120,2,2,26.26,9
1121,2,2,27.18,9
1122,2,2,25.02,9
1123,2,2,24.12,9
1124,2,2,23.56,9
1125,2,2,23.74,9
1126,2,2,24.78,9
1127,2,2,24.04,9
1128,2,2,24.84,9
1129,2,2,24.94,9
1130,2,2,26.52,9
1131,2,2,25.38,9
1132,2,2,26.46,9
1133,2,2,26.66,9
1134,2,2,26.0,9
1135,2,2,25.76,9
1136,2,2,25.24,9
1137,2,2,24.94,9
1138,2,2,24.98,9
1139,2,2,23.72,9
1140,2,2,24.28,9
1141,2,2,24.44,9
1142,2,2,24.72,9
1143,2,2,24.88,9
1144,2,2,23.9,9
1145,2,2,23.66,9
1146,2,2,22.02,9
1147,2,2,22.62,9
1148,2,2,22.66,9
1149,2,2,23.14,9
1150,2,2,23.7,9
1151,2,2,23.36,9
1152,2,2,23.72,9
1153,2,2,25.4,9
1154,2,2,25.92,9
1155,2,2,25.94,9
1156,2,2,26.5,9
1157,2,2,26.52,9
1158,2,2,25.76,9
1159,2,2,24.64,9
1160,2,2,22.38,9
1161,2,2,21.72,8
1162,2,2,21.54,8
1163,2,2,21.56,8
1164,2,2,24.26,8
1165,2,2,25.0,8
1166,2,2,24.84,8
1167,2,2,25.4,8
1168,2,2,24.92,8
1169,2,2,24.3,8
1170,2,2,23.62,8
1171,2,2,23.52,8
1172,2,2,23.74,8
1173,2,2,24.78,8
1174,2,2,24.46,8
1175,2,2,25.4,8
1176,2,2,24.96,8
1177,2,2,24.92,8
1178,2,2,23.84,8
1179,2,2,24.16,8
1180,2,2,24.44,8
1181,2,2,24.92,8
1182,2,2,24.8,8
1183,2,2,23.88,8
1184,2,2,23.98,8
1185,2,2,23.92,8
1186,2,2,24.32,8
1187,2,2,25.44,8
1188,2,2,24.08,8
1189,2,2,25.7,8
1190,2,2,24.66,8
1191,2,2,25.1,8
1192,2,2,24.1,8
1193,2,2,24.16,8
1194,2,2,24.14,8
1195,2,2,24.74,8
1196,2,2,22.4,8
1197,2,2,22.66,8
1198,2,2,21.2,8
1199,2,2,22.12,8
1200,2,2,22.04,8
1201,2,2,22.02,8
1202,2,2,21.92,8
1203,2,2,22.56,8
1204,2,2,23.58,8
1205,2,2,22.94,8
1206,2,2,22.88,8
1207,2,2,22.22,8
1208,2,2,21.8,8
1209,2,2,21.58,8
1210,2,2,20.6,8
1211,2,2,20.58,8
1212,2,2,22.02,8
1213,2,2,22.58,8
1214,2,2,22.96,8
1215,2,2,22.52,8
1216,2,2,23.76,8
1217,2,2,22.5,8
1218,2,2,22.82,8
1219,2,2,22.42,8
1220,2,2,22.64,8
1221,2,2,21.66,8
1222,2,2,22.08,8
1223,2,2,22.3,8
1224,2,2,23.08,8
1225,2,2,23.58,8
1226,2,2,23.68,8
1227,2,2,22.12,8
1228,2,2,21.38,8
1229,2,2,21.52,8
1230,2,2,21.56,8
1231,2,2,21.94,8
1232,2,2,22.04,8
1233,2,2,21.66,8
1234,2,2,21.16,8
1235,2,2,21.02,8
1236,2,2,20.62,8
1237,2,2,22.18,8
1238,2,2,23.1,8
1239,2,2,23.18,8
1240,2,2,23.12,8
1241,2,2,24.08,8
1242,2,2,24.08,8
1243,2,2,22.98,8
1244,2,2,22.4,8
1245,2,2,20.62,8
1246,2,2,20.7,8
1247,2,2,19.28,8
1248,2,2,19.62,8
1249,2,2,19.66,8
1250,2,2,19.7,8
1251,2,2,20.58,8
1252,2,2,22.08,8
1253,2,2,22.16,8
1254,2,2,22.86,8
1255,2,2,23.82,8
1256,2,2,24.54,8
1257,2,2,23.76,8
1258,2,2,25.46,8
1259,2,2,25.42,8
1260,2,2,24.56,8
1261,2,2,25.06,8
1262,2,2,24.84,8
1263,2,2,24.02,8
1264,2,2,24.6,8
1265,2,2,23.96,8
1266,2,2,24.26,8
1267,2,2,24.56,8
1268,2,2,24.18,8
1269,2,2,23.22,8
1270,2,2,23.06,8
1271,2,2,21.74,8
1272,2,2,21.32,8
1273,2,2,21.76,8
1274,2,2,22.86,8
1275,2,2,23.66,8
1276,2,2,24.72,8
1277,2,2,25.28,8
1278,2,2,25.46,8
1279,2,2,25.18,8
1280,2,2,23.4,8
1281,2,2,24.08,8
1282,2,2,24.1,8
1283,2,2,24.78,8
1284,2,2,24.52,8
1285,2,2,25.5,8
1286,2,2,22.92,8
1287,2,2,23.56,8
1288,2,2,22.62,8
1289,2,2,24.62,8
1290,2,2,23.08,8
1291,2,2,21.36,8
1292,2,2,22.1,8
1293,2,2,22.4,8
1294,2,2,23.84,8
1295,2,2,23.46,8
1296,2,2,24.34,8
1297,2,2,25.44,8
1298,2,2,24.08,8
1299,2,2,23.44,8
1300,2,2,24.28,8
1301,2,2,23.46,8
1302,2,2,24.9,8
1303,2,2,24.88,8
1304,2,2,24.46,8
1305,2,2,23.9,8
1306,2,2,23.7,8
1307,2,2,25.22,8
1308,2,2,26.3,8
1309,2,2,24.86,8
1310,2,2,24.52,8
1311,2,2,24.86,8
1312,2,2,22.7,8
1313,2,2,22.12,8
1314,2,2,22.14,8
1315,2,2,20.7,8
1316,2,2,20.96,8
1317,2,2,21.96,8
1318,2,2,22.34,8
1319,2,2,22.4,8
1320,2,2,24.02,8
1321,2,2,24.16,8
1322,2,2,23.74,8
1323,2,2,24.58,8
1324,2,2,23.54,8
1325,2,2,23.24,8
1326,2,2,22.72,8
1327,2,2,23.8,8
1328,2,2,24.44,8
1329,2,2,24.84,8
1330,2,2,24.68,8
1331,2,2,25.44,8
1332,2,2,26.62,8
1333,2,2,26.28,8
1334,2,2,25.5,8
1335,2,2,26.28,8
1336,2,2,26.26,8
1337,2,2,27.42,8
1338,2,2,24.98,8
1339,2,2,22.18,8
1340,2,2,24.4,8
1341,2,2,23.52,8
1342,2,2,23.46,8
1343,2,2,23.08,8
1344,2,2,23.4,8
1345,2,2,22.9,8
1346,2,2,24.2,8
1347,2,2,25.9,8
1348,2,2,26.24,8
1349,2,2,26.46,8
1350,2,2,27.6,8
1351,2,2,27.1,8
1352,2,2,26.1,8
1353,2,2,25.16,8
1354,2,2,22.74,8
1355,2,2,23.52,8
1356,2,2,22.66,8
1357,2,2,22.82,8
1358,2,2,24.2,8
1359,2,2,23.94,8
1360,2,2,24.7,8
1361,2,2,24.36,8
1362,2,2,24.46,8
1363,2,2,25.32,8
1364,2,2,25.36,8
1365,2,2,25.38,8
1366,2,2,25.02,8
1367,2,2,26.8,8
1368,2,2,26.0,8
1369,2,2,25.72,8
1370,2,2,26.0,8
1371,2,2,25.64,8
1372,2,2,25.36,8
1373,2,2,24.28,8
1374,2,2,25.38,8
1375,2,2,25.64,8
1376,2,2,24.62,8
1377,2,2,24.52,8
1378,2,2,24.92,8
1379,2,2,23.22,8
1380,2,2,22.2,8
1381,2,2,21.6,8
1382,2,2,22.86,8
1383,2,2,24.2,8
1384,2,2,24.24,8
1385,2,2,23.46,8
1386,2,2,23.34,8
1387,2,2,24.1,8
1388,2,2,23.54,8
1389,2,2,23.86,8
1390,2,2,23.24,8
1391,2,2,23.2,8
1392,2,2,23.02,8
1393,2,2,24.32,8
1394,2,2,23.98,8
1395,2,2,22.9,8
1396,2,2,23.1,8
1397,2,2,25.04,8
1398,2,2,22.88,8
1399,2,2,24.12,8
1400,2,2,23.9,8
1401,2,2,23.48,8
1402,2,2,23.16,8
1403,2,2,23.0,8
1404,2,2,24.64,8
1405,2,2,23.16,8
1406,2,2,23.88,8
1407,2,2,24.84,8
1408,2,2,23.94,8
1409,2,2,23.7,8
1410,2,2,23.76,8
1411,2,2,23.66,8
1412,2,2,24.78,8
1413,2,2,25.3,8
1414,2,2,24.62,8
1415,2,2,22.86,8
1416,2,2,21.72,8
1417,2,2,23.88,8
1418,2,2,25.76,8
1419,2,2,25.42,8
1420,2,2,25.06,8
1421,2,2,24.78,8
1422,2,2,25.26,8
1423,2,2,24.14,8
1424,2,2,25.68,8
1425,2,2,24.88,8
1426,2,2,23.96,8
1427,2,2,25.02,8
1428,2,2,24.14,8
1429,2,2,23.24,8
1430,2,2,23.76,8
1431,2,2,22.62,8
1432,2,2,22.86,8
1433,2,2,23.72,8
1434,2,2,26.28,8
1435,2,2,26.96,8
1436,2,2,27.06,8
1437,2,2,27.64,8
1438,2,2,27.18,8
1439,2,2,25.84,8
1440,2,2,26.24,8
1441,2,2,26.28,8
1442,2,2,25.78,8
1443,2,2,24.48,8
1444,2,2,24.34,8
1445,2,2,23.36,8
1446,2,2,23.1,8
1447,2,2,23.34,8
1448,2,2,22.56,8
1449,2,2,23.06,8
1450,2,2,23.24,8
1451,2,2,23.6,8
1452,2,2,21.86,8
1453,2,2,22.26,8
1454,2,2,22.06,8
1455,2,2,22.26,8
1456,2,2,22.82,8
1457,2,2,22.48,8
1458,2,2,22.48,8
1459,2,2,22.06,8
1460,2,2,21.3,8
1461,2,2,22.24,8
1462,2,2,21.38,8
1463,2,2,22.22,8
1464,2,2,22.52,8
1465,2,2,23.38,8
1466,2,2,22.32,8
1467,2,2,22.26,8
1468,2,2,22.74,8
1469,2,2,21.36,8
1470,2,2,22.5,8
1471,2,2,22.84,8
1472,2,2,23.26,8
1473,2,2,22.92,8
1474,2,2,24.54,8
1475,2,2,25.3,8
1476,2,2,26.06,8
1477,2,2,26.72,8
1478,2,2,26.52,8
1479,2,2,25.4,8
1480,2,2,24.86,8
1481,2,2,26.0,8
1482,2,2,26.02,8
1483,2,2,26.94,8
1484,2,2,27.44,8
1485,2,2,26.64,8
1486,2,2,26.92,8
1487,2,2,26.66,8
1488,2,2,26.56,8
1489,2,2,26.72,8
1490,2,2,26.3,8
1491,2,2,26.14,8
1492,2,2,24.34,8
1493,2,2,24.04,8
1494,2,2,23.64,8
1495,2,2,23.36,8
1496,2,2,23.66,8
1497,2,2,25.24,8
1498,2,2,23.94,8
1499,2,2,24.18,8
1500,2,2,25.14,8
1501,2,2,25.14,8
1502,2,2,26.1,8
1503,2,2,25.6,8
1504,2,2,25.06,8
1505,2,2,22.38,8
1506,2,2,22.04,8
1507,2,2,21.3,8
1508,2,2,19.76,8
1509,2,2,19.18,8
1510,2,2,18.78,8
1511,2,2,19.18,8
1512,2,2,19.44,8
1513,2,2,20.54,8
1514,2,2,20.2,8
1515,2,2,20.64,8
1516,2,2,22.64,8
1517,2,2,22.3,8
1518,2,2,22.1,8
1519,2,2,22.04,8
1520,2,2,23.64,8
1521,2,2,24.44,8
1522,2,2,24.58,8
1523,2,2,24.4,8
1524,2,2,25.34,8
1525,2,2,24.8,8
1526,2,2,25.7,8
1527,2,2,25.48,8
1528,2,2,26.72,8
1529,2,2,26.4,8
1530,2,2,25.08,8
1531,2,2,24.8,8
1532,2,2,22.24,8
1533,2,2,20.9,8
1534,2,2,21.22,8
1535,2,2,21.0,8
1536,2,2,20.84,8
1537,2,2,21.64,8
1538,2,2,22.24,8
1539,2,2,22.24,8
1540,2,2,23.28,8
1541,2,2,22.52,8
1542,2,2,21.78,8
1543,2,2,23.48,8
1544,2,2,21.6,8
1545,2,2,22.0,8
1546,2,2,23.64,8
1547,2,2,23.08,8
1548,2,2,22.82,8
1549,2,2,24.76,8
1550,2,2,23.58,8
1551,2,2,23.86,8
1552,2,2,23.4,8
1553,2,2,21.7,8
1554,2,2,22.22,8
1555,2,2,23.16,8
1556,2,2,23.18,8
1557,2,2,24.88,8
1558,2,2,24.36,8
1559,2,2,24.86,8
1560,2,2,24.62,8
1561,2,2,23.82,8
1562,2,2,24.0,8
1563,2,2,23.22,8
1564,2,2,23.14,8
1565,2,2,22.6,8
1566,2,2,22.5,8
1567,2,2,22.38,8
1568,2,2,21.32,8
1569,2,2,22.1,8
1570,2,2,22.34,8
1571,2,2,23.96,8
1572,2,2,22.5,8
1573,2,2,22.24,8
1574,2,2,21.86,8
1575,2,2,22.38,8
1576,2,2,22.94,8
1577,2,2,20.94,8
1578,2,2,20.92,8
1579,2,2,20.72,8
1580,2,2,21.58,8
1581,2,2,22.28,8
1582,2,2,23.24,8
1583,2,2,23.5,8
1584,2,2,23.94,8
1585,2,2,23.88,8
1586,2,2,23.82,8
1587,2,2,23.48,8
1588,2,2,25.02,8
1589,2,2,25.28,8
1590,2,2,24.86,8
1591,2,2,25.4,8
1592,2,2,23.62,8
1593,2,2,22.32,8
1594,2,2,21.36,8
1595,2,2,21.54,8
1596,2,2,21.46,8
1597,2,2,22.76,8
1598,2,2,23.62,8
1599,2,2,23.72,8
1600,2,2,23.72,8
1601,2,2,23.26,8
1602,2,2,23.5,8
1603,2,2,22.44,8
1604,2,2,22.8,8
1605,2,2,22.66,8
1606,2,2,22.84,8
1607,2,2,22.4,8
1608,2,2,22.98,8
1609,2,2,22.38,8
1610,2,2,21.56,8
1611,2,2,22.32,8
1612,2,2,22.04,8
1613,2,2,21.28,8
1614,2,2,21.02,8
1615,2,2,21.7,8
1616,2,2,21.98,8
1617,2,2,23.04,8
1618,2,2,24.48,8
1619,2,2,23.88,8
1620,2,2,22.86,8
1621,2,2,23.12,8
1622,2,2,22.42,8
1623,2,2,22.14,8
1624,2,2,23.14,8
1625,2,2,23.54,8
1626,2,2,23.54,8
1627,2,2,23.34,8
1628,2,2,24.34,8
1629,2,2,24.38,8
1630,2,2,24.24,8
1631,2,2,22.88,8
1632,2,2,22.36,8
1633,2,2,22.7,8
1634,2,2,23.16,8
1635,2,2,22.08,8
1636,2,2,22.82,8
1637,2,2,22.66,8
1638,2,2,24.58,8
1639,2,2,24.72,8
1640,2,2,24.0,8
1641,2,2,24.76,8
1642,2,2,24.34,8
1643,2,2,23.64,8
1644,2,2,24.4,8
1645,2,2,24.54,8
1646,2,2,24.14,8
1647,2,2,23.78,8
1648,2,2,23.2,8
1649,2,2,22.98,8
1650,2,2,22.08,8
1651,2,2,21.86,8
1652,2,2,21.34,8
1653,2,2,21.42,8
1654,2,2,21.32,8
1655,2,2,21.8,8
1656,2,2,21.54,8
1657,2,2,22.04,8
1658,2,2,24.14,8
1659,2,2,25.54,8
1660,2,2,26.74,8
1661,2,2,25.32,8
1662,2,2,23.56,8
1663,2,2,22.64,8
1664,2,2,23.2,8
1665,2,2,24.22,8
1666,2,2,24.1,8
1667,2,2,24.92,8
1668,2,2,24.4,8
1669,2,2,23.42,8
1670,2,2,22.14,8
1671,2,2,22.62,8
1672,2,2,24.24,8
1673,2,2,23.24,8
1674,2,2,23.4,8
1675,2,2,23.28,8
1676,2,2,22.06,8
1677,2,2,19.9,8
1678,2,2,20.68,8
1679,2,2,22.08,8
1680,2,2,21.24,8
1681,2,2,22.6,8
1682,2,2,22.92,8
1683,2,2,23.88,8
1684,2,2,24.1,8
1685,2,2,23.66,8
1686,2,2,23.02,8
1687,2,2,21.52,8
1688,2,2,22.54,8
1689,2,2,23.98,8
1690,2,2,25.1,8
1691,2,2,23.46,8
1692,2,2,24.88,8
1693,2,2,24.54,8
1694,2,2,24.04,8
1695,2,2,23.14,8
1696,2,2,22.22,8
1697,2,2,22.12,8
1698,2,2,23.24,8
1699,2,2,24.4,8
1700,2,2,23.46,8
1701,2,2,24.84,8
1702,2,2,24.48,8
1703,2,2,24.92,8
1704,2,2,25.2,8
1705,2,2,23.76,8
1706,2,2,24.24,8
1707,2,2,25.52,8
1708,2,2,24.76,8
1709,2,2,26.08,8
1710,2,2,26.38,8
1711,2,2,26.2,8
1712,2,2,27.06,8
1713,2,2,27.1,8
1714,2,2,27.66,8
1715,2,2,28.82,8
1716,2,2,28.92,8
1717,2,2,28.26,8
1718,2,2,26.2,8
1719,2,2,26.4,8
1720,2,2,26.74,8
1721,2,2,28.24,8
1722,2,2,26.94,8
1723,2,2,24.74,8
1724,2,2,24.94,8
1725,2,2,26.0,8
1726,2,2,27.46,8
1727,2,2,26.46,8
1728,2,2,25.78,8
1729,2,2,25.32,8
1730,2,2,25.28,8
1731,2,2,24.82,8
1732,2,2,25.44,8
1733,2,2,25.38,8
1734,2,2,25.6,8
1735,2,2,25.56,8
1736,2,2,25.24,8
1737,2,2,23.82,8
1738,2,2,24.98,8
1739,2,2,24.2,8
1740,2,2,23.34,8
1741,2,2,24.5,8
1742,2,2,23.66,8
1743,2,2,21.52,8
1744,2,2,22.1,8
1745,2,2,23.22,8
1746,2,2,22.62,8
1747,2,2,23.22,8
1748,2,2,23.18,8
1749,2,2,23.76,8
1750,2,2,21.74,8
1751,2,2,21.26,8
1752,2,2,21.2,8
1753,2,2,21.52,8
1754,2,2,21.26,8
1755,2,2,21.74,8
1756,2,2,22.12,8
1757,2,2,22.46,8
1758,2,2,22.72,8
1759,2,2,23.42,8
1760,2,2,22.02,8
1761,2,2,21.32,8
1762,2,2,21.42,8
1763,2,2,21.92,8
1764,2,2,22.9,8
1765,2,2,23.38,8
1766,2,2,22.12,8
1767,2,2,22.32,8
1768,2,2,23.12,8
1769,2,2,24.14,8
1770,2,2,24.04,8
1771,2,2,23.86,8
1772,2,2,22.64,8
1773,2,2,21.52,8
1774,2,2,22.58,8
1775,2,2,23.06,8
1776,2,2,23.36,8
1777,2,2,23.58,8
1778,2,2,23.74,8
1779,2,2,22.78,8
1780,2,2,22.84,8
1781,2,2,21.94,8
1782,2,2,21.4,8
1783,2,2,22.18,8
1784,2,2,22.54,8
1785,2,2,22.76,8
1786,2,2,22.34,8
1787,2,2,23.28,8
1788,2,2,22.98,8
1789,2,2,22.86,8
1790,2,2,22.94,8
1791,2,2,24.46,8
1792,2,2,25.8,8
1793,2,2,25.76,8
1794,2,2,25.06,8
1795,2,2,25.56,8
1796,2,2,24.78,8
1797,2,2,24.4,8
1798,2,2,25.36,8
1799,2,2,26.1,8
1800,2,2,25.86,8
1801,2,2,25.06,8
1802,2,2,24.22,8
1803,2,2,23.18,8
1804,2,2,21.84,8
1805,2,2,22.98,8
1806,2,2,22.88,8
1807,2,2,24.2,8
1808,2,2,23.84,8
1809,2,2,24.42,8
1810,2,2,24.38,8
1811,2,2,24.42,8
1812,2,2,24.8,8
1813,2,2,24.84,8
1814,2,2,24.1,8
1815,2,2,23.92,8
1816,2,2,23.96,8
1817,2,2,24.14,8
1818,2,2,24.02,8
1819,2,2,23.24,8
1820,2,2,23.58,8
1821,2,2,23.18,8
1822,2,2,23.5,8
1823,2,2,22.72,8
1824,2,2,23.52,8
1825,2,2,22.84,8
1826,2,2,22.78,8
1827,2,2,23.26,8
1828,2,2,23.2,8
1829,2,2,24.06,8
1830,2,2,24.48,8
1831,2,2,25.66,8
1832,2,2,25.5,8
1833,2,2,25.68,8
1834,2,2,25.3,8
1835,2,2,24.54,8
1836,2,2,24.12,8
1837,2,2,24.84,8
1838,2,2,24.96,8
1839,2,2,24.68,8
1840,2,2,25.34,8
1841,2,2,24.78,8
1842,2,2,24.16,8
1843,2,2,24.2,8
1844,2,2,23.88,8
1845,2,2,23.36,8
1846,2,2,23.34,8
1847,2,2,23.78,8
1848,2,2,24.78,8
1849,2,2,25.3,8
1850,2,2,26.4,8
1851,2,2,26.36,8
1852,2,2,25.84,8
1853,2,2,24.18,8
1854,2,2,25.46,8
1855,2,2,23.98,8
1856,2,2,23.78,8
1857,2,2,24.9,8
1858,2,2,24.92,8
1859,2,2,24.66,8
1860,2,2,26.1,8
1861,2,2,26.1,8
1862,2,2,26.32,8
1863,2,2,24.56,8
1864,2,2,23.5,8
1865,2,2,24.14,8
1866,2,2,24.14,8
1867,2,2,25.04,8
1868,2,2,25.12,8
1869,2,2,24.48,8
1870,2,2,25.52,8
1871,2,2,24.86,8
1872,2,2,25.66,8
1873,2,2,25.16,8
1874,2,2,25.26,8
1875,2,2,23.76,8
1876,2,2,22.98,8
1877,2,2,21.92,8
1878,2,2,22.2,8
1879,2,2,21.46,8
1880,2,2,21.66,8
1881,2,2,22.02,8
1882,2,2,22.42,8
1883,2,2,22.8,8
1884,2,2,24.66,8
1885,2,2,25.64,8
1886,2,2,25.02,8
1887,2,2,25.36,8
1888,2,2,24.38,8
1889,2,2,21.9,8
1890,2,2,22.24,8
1891,2,2,22.9,8
1892,2,2,22.22,8
1893,2,2,22.8,8
1894,2,2,22.24,8
1895,2,2,22.36,8
1896,2,2,23.02,8
1897,2,2,23.8,8
1898,2,2,24.44,8
1899,2,2,23.74,8
1900,2,2,24.88,8
1901,2,2,23.52,8
1902,2,2,24.12,8
1903,2,2,25.14,8
1904,2,2,26.22,8
1905,2,2,25.86,8
1906,2,2,25.66,8
1907,2,2,25.52,8
1908,2,2,24.2,8
1909,2,2,23.22,8
1910,2,2,23.36,8
1911,2,2,22.98,8
1912,2,2,23.64,8
1913,2,2,22.68,8
1914,2,2,23.52,8
1915,2,2,23.92,8
1916,2,2,23.74,8
1917,2,2,22.86,8
1918,2,2,23.18,8
1919,2,2,23.94,8
1920,2,2,24.34,8
1921,2,2,22.36,8
1922,2,2,22.78,8
1923,2,2,21.4,8
1924,2,2,20.96,8
1925,2,2,21.04,8
1926,2,2,22.46,8
1927,2,2,23.92,8
1928,2,2,25.44,8
1929,2,2,24.84,8
1930,2,2,25.12,8
1931,2,2,24.28,8
1932,2,2,23.92,8
1933,2,2,24.7,8
1934,2,2,23.52,8
1935,2,2,22.2,8
1936,2,2,23.42,8
1937,2,2,22.68,8
1938,2,2,22.24,8
1939,2,2,21.58,8
1940,2,2,21.62,8
1941,2,2,22.66,8
1942,2,2,23.56,8
1943,2,2,24.8,8
1944,2,2,24.74,8
1945,2,2,25.08,8
1946,2,2,24.02,8
1947,2,2,23.0,8
1948,2,2,23.34,8
1949,2,2,24.34,8
1950,2,2,24.26,8
1951,2,2,23.58,8
1952,2,2,24.64,8
1953,2,2,23.8,8
1954,2,2,23.62,8
1955,2,2,22.88,8
1956,2,2,23.86,8
1957,2,2,24.22,8
1958,2,2,24.02,8
1959,2,2,25.66,8
1960,2,2,25.48,8
1961,2,2,24.52,8
1962,2,2,23.18,8
1963,2,2,22.66,8
1964,2,2,23.3,8
1965,2,2,23.52,8
1966,2,2,23.3,8
1967,2,2,24.26,8
1968,2,2,24.74,8
1969,2,2,24.56,8
1970,2,2,24.74,8
1971,2,2,25.52,8
1972,2,2,25.26,8
1973,2,2,25.5,8
1974,2,2,24.72,8
1975,2,2,23.84,8
1976,2,2,21.94,8
1977,2,2,21.8,8
1978,2,2,21.86,8
1979,2,2,22.8,8
1980,2,2,23.96,8
1981,2,2,24.54,8
1982,2,2,25.0,8
1983,2,2,24.58,8
1984,2,2,25.2,8
1985,2,2,25.5,8
1986,2,2,26.24,8
1987,2,2,26.46,8
1988,2,2,25.66,8
1989,2,2,24.32,8
1990,2,2,24.28,8
1991,2,2,24.82,8
1992,2,2,24.48,8
1993,2,2,23.56,8
1994,2,2,23.26,8
1995,2,2,24.34,8
1996,2,2,23.36,8
1997,2,2,23.62,8
1998,2,2,24.74,8
1999,2,2,25.04,8
2000,2,2,25.04,8
0,3,2,58.3,45
1,3,2,55.22,43
2,3,2,52.54,43
3,3,2,49.92,41
4,3,2,48.8,38
5,3,2,48.12,35
6,3,2,46.38,34
7,3,2,43.48,31
8,3,2,43.9,31
9,3,2,41.32,27
10,3,2,39.8,27
11,3,2,39.02,27
12,3,2,37.72,27
13,3,2,36.9,27
14,3,2,35.92,27
15,3,2,35.46,26
16,3,2,35.8,26
17,3,2,35.66,26
18,3,2,35.72,26
19,3,2,36.66,26
20,3,2,35.38,26
21,3,2,35.72,26
22,3,2,36.34,26
23,3,2,36.12,26
24,3,2,35.98,26
25,3,2,35.7,26
26,3,2,35.86,26
27,3,2,35.96,26
28,3,2,36.22,26
29,3,2,34.92,26
30,3,2,34.84,26
31,3,2,35.0,26
32,3,2,34.76,25
33,3,2,34.54,21
34,3,2,34.96,21
35,3,2,33.78,21
36,3,2,32.58,21
37,3,2,32.86,21
38,3,2,31.46,21
39,3,2,31.8,21
40,3,2,32.96,21
41,3,2,32.62,21
42,3,2,32.54,21
43,3,2,32.82,21
44,3,2,31.34,21
45,3,2,31.12,21
46,3,2,31.16,21
47,3,2,31.26,21
48,3,2,31.24,21
49,3,2,30.84,21
50,3,2,30.8,21
51,3,2,31.14,21
52,3,2,31.32,21
53,3,2,31.4,21
54,3,2,32.02,21
55,3,2,31.8,21
56,3,2,31.72,21
57,3,2,31.3,20
58,3,2,30.84,20
59,3,2,30.9,20
60,3,2,32.02,20
61,3,2,31.4,20
62,3,2,32.16,20
63,3,2,32.0,20
64,3,2,32.3,20
65,3,2,31.58,20
66,3,2,31.92,20
67,3,2,32.12,20
68,3,2,32.88,20
69,3,2,32.0,20
70,3,2,31.74,20
71,3,2,31.92,20
72,3,2,30.82,20
73,3,2,31.12,20
74,3,2,30.62,20
75,3,2,30.44,20
76,3,2,30.04,20
77,3,2,30.6,20
78,3,2,30.9,20
79,3,2,30.48,20
80,3,2,30.08,20
81,3,2,31.28,20
82,3,2,31.52,20
83,3,2,31.44,20
84,3,2,31.14,20
85,3,2,30.22,20
86,3,2,30.88,20
87,3,2,31.1,20
88,3,2,30.94,20
89,3,2,31.54,20
90,3,2,31.82,20
91,3,2,32.62,20
92,3,2,32.76,20
93,3,2,32.78,20
94,3,2,33.52,20
95,3,2,33.26,20
96,3,2,32.98,20
97,3,2,33.72,19
98,3,2,32.16,19
99,3,2,32.34,19
100,3,2,32.46,19
101,3,2,31.76,19
102,3,2,31.38,19
103,3,2,31.44,19
104,3,2,32.24,19
105,3,2,31.54,19
106,3,2,30.96,19
107,3,2,30.52,19
108,3,2,29.58,19
109,3,2,29.72,19
110,3,2,30.64,19
111,3,2,31.26,19
112,3,2,30.58,19
113,3,2,30.76,19
114,3,2,30.64,19
115,3,2,31.54,19
116,3,2,31.64,19
117,3,2,32.86,19
118,3,2,32.14,19
119,3,2,31.84,19
120,3,2,32.26,19
121,3,2,31.18,19
122,3,2,31.9,19
123,3,2,30.92,19
124,3,2,31.42,19
125,3,2,31.4,19
126,3,2,30.06,19
127,3,2,29.54,19
128,3,2,29.22,19
129,3,2,30.2,19
130,3,2,30.66,19
131,3,2,29.38,19
132,3,2,29.38,18
133,3,2,29.42,18
134,3,2,29.14,18
135,3,2,30.4,18
136,3,2,29.64,18
137,3,2,30.14,18
138,3,2,28.6,18
139,3,2,29.08,18
140,3,2,29.96,18
141,3,2,30.74,18
142,3,2,30.36,18
143,3,2,30.2,18
144,3,2,30.58,18
145,3,2,30.76,18
146,3,2,31.34,18
147,3,2,30.44,18
148,3,2,30.0,18
149,3,2,30.02,18
150,3,2,30.88,18
151,3,2,29.4,16
152,3,2,30.08,16
153,3,2,29.86,16
154,3,2,29.44,16
155,3,2,30.5,16
156,3,2,29.74,16
157,3,2,30.04,16
158,3,2,31.52,16
159,3,2,31.78,16
160,3,2,30.48,16
161,3,2,30.86,16
162,3,2,30.76,16
163,3,2,30.34,16
164,3,2,30.2,16
165,3,2,28.58,16
166,3,2,29.08,16
167,3,2,29.7,16
168,3,2,29.9,16
169,3,2,30.88,16
170,3,2,30.86,16
171,3,2,29.84,16
172,3,2,31.04,16
173,3,2,31.42,16
174,3,2,30.34,16
175,3,2,31.14,16
176,3,2,30.58,16
177,3,2,29.02,16
178,3,2,29.38,16
179,3,2,29.56,16
180,3,2,29.88,16
181,3,2,29.64,16
182,3,2,29.52,16
183,3,2,29.68,16
184,3,2,29.72,16
185,3,2,30.04,16
186,3,2,30.96,16
187,3,2,29.28,16
188,3,2,27.7,16
189,3,2,28.7,16
190,3,2,27.22,16
191,3,2,27.68,16
192,3,2,28.18,16
193,3,2,29.76,16
194,3,2,30.0,16
195,3,2,29.78,16
196,3,2,30.2,16
197,3,2,31.14,16
198,3,2,30.98,16
199,3,2,28.74,16
200,3,2,28.52,16
201,3,2,28.78,16
202,3,2,28.26,16
203,3,2,27.7,16
204,3,2,28.32,16
205,3,2,27.18,16
206,3,2,27.82,16
207,3,2,28.08,16
208,3,2,29.08,16
209,3,2,30.14,16
210,3,2,30.4,16
211,3,2,31.7,16
212,3,2,31.3,16
213,3,2,29.08,16
214,3,2,27.58,16
215,3,2,28.38,16
216,3,2,28.76,16
217,3,2,28.32,16
218,3,2,28.9,16
219,3,2,29.96,16
220,3,2,30.64,16
221,3,2,31.14,16
222,3,2,29.32,16
223,3,2,29.64,16
224,3,2,28.52,16
225,3,2,27.86,16
226,3,2,27.4,16
227,3,2,27.3,16
228,3,2,26.76,16
229,3,2,26.38,16
230,3,2,27.52,16
231,3,2,27.04,16
232,3,2,26.7,16
233,3,2,27.22,16
234,3,2,27.34,16
235,3,2,27.34,16
236,3,2,27.58,16
237,3,2,27.94,16
238,3,2,29.18,16
239,3,2,29.64,16
240,3,2,30.3,16
241,3,2,29.8,16
242,3,2,29.14,16
243,3,2,28.04,16
244,3,2,27.76,16
245,3,2,28.1,16
246,3,2,29.36,16
247,3,2,29.52,16
248,3,2,30.68,16
249,3,2,30.86,16
250,3,2,30.26,16
251,3,2,30.94,16
252,3,2,31.14,16
253,3,2,29.36,16
254,3,2,29.36,16
255,3,2,28.86,16
256,3,2,28.26,16
257,3,2,28.72,16
258,3,2,28.46,16
259,3,2,28.38,16
260,3,2,28.36,16
261,3,2,28.22,16
262,3,2,28.48,16
263,3,2,29.68,16
264,3,2,29.14,16
265,3,2,29.72,16
266,3,2,29.74,16
267,3,2,29.52,16
268,3,2,27.92,16
269,3,2,26.08,16
270,3,2,25.14,16
271,3,2,26.5,16
272,3,2,26.34,16
273,3,2,26.78,16
274,3,2,26.34,16
275,3,2,25.68,16
276,3,2,26.74,16
277,3,2,28.04,16
278,3,2,29.18,16
279,3,2,29.42,16
280,3,2,29.94,16
281,3,2,28.84,16
282,3,2,29.18,16
283,3,2,29.94,16
284,3,2,29.14,16
285,3,2,26.78,15
286,3,2,27.18,15
287,3,2,28.34,15
288,3,2,28.12,15
289,3,2,27.54,15
290,3,2,26.86,15
291,3,2,26.28,15
292,3,2,27.64,15
293,3,2,29.36,15
294,3,2,28.76,15
295,3,2,29.46,15
296,3,2,29.52,15
297,3,2,29.78,15
298,3,2,29.12,15
299,3,2,28.34,14
300,3,2,28.02,14
301,3,2,28.3,14
302,3,2,29.3,14
303,3,2,29.64,14
304,3,2,29.46,14
305,3,2,30.12,14
306,3,2,29.88,14
307,3,2,29.54,14
308,3,2,30.08,14
309,3,2,29.06,14
310,3,2,28.82,13
311,3,2,28.76,13
312,3,2,28.6,13
313,3,2,28.74,13
314,3,2,28.42,13
315,3,2,28.72,13
316,3,2,28.58,13
317,3,2,29.22,13
318,3,2,28.68,13
319,3,2,28.28,13
320,3,2,27.34,13
321,3,2,26.36,13
322,3,2,27.18,13
323,3,2,27.28,13
324,3,2,27.68,13
325,3,2,27.86,13
326,3,2,28.28,13
327,3,2,27.52,13
328,3,2,27.3,13
329,3,2,26.8,13
330,3,2,26.58,13
331,3,2,28.02,13
332,3,2,27.88,13
333,3,2,27.92,13
334,3,2,27.52,13
335,3,2,27.5,13
336,3,2,27.8,13
337,3,2,28.2,13
338,3,2,27.96,13
339,3,2,29.02,13
340,3,2,29.08,13
341,3,2,27.68,13
342,3,2,27.94,13
343,3,2,26.26,13
344,3,2,26.12,13
345,3,2,25.7,13
346,3,2,25.7,13
347,3,2,25.44,13
348,3,2,24.6,13
349,3,2,23.7,13
350,3,2,25.66,13
351,3,2,25.2,13
352,3,2,26.08,13
353,3,2,26.22,13
354,3,2,25.48,13
355,3,2,24.74,13
356,3,2,24.42,13
357,3,2,24.26,13
358,3,2,25.84,13
359,3,2,26.72,13
360,3,2,26.1,13
361,3,2,27.42,13
362,3,2,28.3,13
363,3,2,28.74,13
364,3,2,27.86,13
365,3,2,26.92,13
366,3,2,25.84,13
367,3,2,26.5,13
368,3,2,27.36,13
369,3,2,28.34,13
370,3,2,28.38,13
371,3,2,28.74,13
372,3,2,28.42,13
373,3,2,29.56,13
374,3,2,26.84,13
375,3,2,25.78,13
376,3,2,25.76,13
377,3,2,26.48,13
378,3,2,26.22,13
379,3,2,24.58,13
380,3,2,25.6,13
381,3,2,25.58,13
382,3,2,26.58,13
383,3,2,26.78,13
384,3,2,26.18,13
385,3,2,25.72,13
386,3,2,25.66,13
387,3,2,26.5,13
388,3,2,26.34,13
389,3,2,27.04,13
390,3,2,25.84,13
391,3,2,26.4,13
392,3,2,24.92,13
393,3,2,24.64,13
394,3,2,24.2,13
395,3,2,26.52,13
396,3,2,26.82,13
397,3,2,25.92,13
398,3,2,26.38,13
399,3,2,25.56,13
400,3,2,25.86,13
401,3,2,25.74,13
402,3,2,25.6,13
403,3,2,27.7,13
404,3,2,27.1,13
405,3,2,27.42,13
406,3,2,28.26,13
407,3,2,30.24,13
408,3,2,30.62,13
409,3,2,29.88,13
410,3,2,27.84,13
411,3,2,26.88,13
412,3,2,26.88,13
413,3,2,25.92,13
414,3,2,26.06,13
415,3,2,26.96,13
416,3,2,25.8,13
417,3,2,24.76,13
418,3,2,26.0,13
419,3,2,25.62,13
420,3,2,25.44,12
421,3,2,24.72,12
422,3,2,23.8,12
423,3,2,22.98,12
424,3,2,23.44,12
425,3,2,24.2,12
426,3,2,24.34,12
427,3,2,25.96,12
428,3,2,26.94,12
429,3,2,27.8,12
430,3,2,28.68,12
431,3,2,28.82,12
432,3,2,28.58,12
433,3,2,30.56,12
434,3,2,30.82,12
435,3,2,28.58,12
436,3,2,29.22,12
437,3,2,29.02,12
438,3,2,29.06,12
439,3,2,29.22,12
440,3,2,29.54,12
441,3,2,27.98,12
442,3,2,26.46,12
443,3,2,26.66,12
444,3,2,26.66,12
445,3,2,27.52,12
446,3,2,26.74,12
447,3,2,28.72,12
448,3,2,27.42,12
449,3,2,26.26,12
450,3,2,25.84,12
451,3,2,26.32,12
452,3,2,26.14,12
453,3,2,25.62,12
454,3,2,27.14,12
455,3,2,28.32,12
456,3,2,27.86,12
457,3,2,28.46,12
458,3,2,29.22,12
459,3,2,28.56,12
460,3,2,29.72,12
461,3,2,28.92,12
462,3,2,29.62,12
463,3,2,28.86,12
464,3,2,29.1,12
465,3,2,29.42,12
466,3,2,29.12,12
467,3,2,26.84,12
468,3,2,25.26,12
469,3,2,25.02,12
470,3,2,24.62,12
471,3,2,26.16,12
472,3,2,26.14,12
473,3,2,25.54,12
474,3,2,25.94,12
475,3,2,25.46,12
476,3,2,26.6,12
477,3,2,26.66,12
478,3,2,25.88,12
479,3,2,26.88,12
480,3,2,26.18,12
481,3,2,26.1,12
482,3,2,25.9,12
483,3,2,25.42,12
484,3,2,24.22,12
485,3,2,24.18,12
486,3,2,24.22,12
487,3,2,25.12,12
488,3,2,25.82,12
489,3,2,26.42,12
490,3,2,24.28,12
491,3,2,24.08,12
492,3,2,24.88,12
493,3,2,25.54,12
494,3,2,26.84,12
495,3,2,26.18,12
496,3,2,27.08,12
497,3,2,27.18,12
498,3,2,27.92,12
499,3,2,28.86,12
500,3,2,28.68,12
501,3,2,28.82,12
502,3,2,28.38,12
503,3,2,27.22,12
504,3,2,25.64,12
505,3,2,25.72,12
506,3,2,25.1,12
507,3,2,26.2,12
508,3,2,27.16,12
509,3,2,27.42,12
510,3,2,27.7,12
511,3,2,26.94,12
512,3,2,26.46,12
513,3,2,26.06,12
514,3,2,24.66,12
515,3,2,24.96,12
516,3,2,24.96,12
517,3,2,26.4,12
518,3,2,27.54,12
519,3,2,27.86,12
520,3,2,28.02,12
521,3,2,26.38,12
522,3,2,26.94,12
523,3,2,27.52,12
524,3,2,26.58,12
525,3,2,25.52,12
526,3,2,25.32,12
527,3,2,26.36,12
528,3,2,25.68,12
529,3,2,26.74,12
530,3,2,25.38,12
531,3,2,25.24,12
532,3,2,25.66,12
533,3,2,25.56,12
534,3,2,27.2,12
535,3,2,28.14,12
536,3,2,28.5,12
537,3,2,29.58,12
538,3,2,28.74,12
539,3,2,28.22,12
540,3,2,29.14,12
541,3,2,29.38,12
542,3,2,28.98,12
543,3,2,27.22,12
544,3,2,26.56,12
545,3,2,24.26,12
546,3,2,25.4,12
547,3,2,25.08,12
548,3,2,25.04,12
549,3,2,23.98,12
550,3,2,25.08,12
551,3,2,26.14,12
552,3,2,26.5,12
553,3,2,25.64,12
554,3,2,25.5,12
555,3,2,25.66,12
556,3,2,24.24,12
557,3,2,24.18,12
558,3,2,25.54,12
559,3,2,25.1,12
560,3,2,26.82,12
561,3,2,26.7,12
562,3,2,26.72,12
563,3,2,26.52,12
564,3,2,27.24,12
565,3,2,26.2,12
566,3,2,24.98,12
567,3,2,24.68,12
568,3,2,26.24,12
569,3,2,27.68,12
570,3,2,28.3,12
571,3,2,27.18,12
572,3,2,28.38,12
573,3,2,27.88,12
574,3,2,28.28,12
575,3,2,27.04,12
576,3,2,26.74,12
577,3,2,27.48,12
578,3,2,27.04,12
579,3,2,26.52,12
580,3,2,26.84,12
581,3,2,26.84,12
582,3,2,27.02,12
583,3,2,26.72,12
584,3,2,26.34,12
585,3,2,26.08,12
586,3,2,24.9,12
587,3,2,25.32,12
588,3,2,26.02,12
589,3,2,25.48,12
590,3,2,26.8,12
591,3,2,27.22,12
592,3,2,27.36,12
593,3,2,26.66,12
594,3,2,26.6,12
595,3,2,25.62,12
596,3,2,25.12,12
597,3,2,25.68,12
598,3,2,26.46,12
599,3,2,27.5,12
600,3,2,27.62,12
601,3,2,28.3,12
602,3,2,28.1,12
603,3,2,26.1,12
604,3,2,24.88,12
605,3,2,25.7,12
606,3,2,25.42,12
607,3,2,25.22,12
608,3,2,26.8,12
609,3,2,26.42,12
610,3,2,26.72,12
611,3,2,27.08,12
612,3,2,26.42,12
613,3,2,25.3,12
614,3,2,25.08,12
615,3,2,24.28,12
616,3,2,25.74,12
617,3,2,27.14,12
618,3,2,26.64,12
619,3,2,25.12,12
620,3,2,25.04,12
621,3,2,25.28,12
622,3,2,25.78,12
623,3,2,26.64,12
624,3,2,26.58,12
625,3,2,27.48,12
626,3,2,27.64,12
627,3,2,27.38,12
628,3,2,27.08,12
629,3,2,27.46,12
630,3,2,26.98,12
631,3,2,26.8,12
632,3,2,25.6,12
633,3,2,25.74,12
634,3,2,26.84,12
635,3,2,25.88,12
636,3,2,25.86,12
637,3,2,26.06,12
638,3,2,25.8,12
639,3,2,26.32,12
640,3,2,25.12,12
641,3,2,24.68,12
642,3,2,24.24,12
643,3,2,24.9,12
644,3,2,24.72,12
645,3,2,25.3,12
646,3,2,25.62,12
647,3,2,25.04,12
648,3,2,24.56,12
649,3,2,23.74,12
650,3,2,23.28,11
651,3,2,22.68,11
652,3,2,23.18,11
653,3,2,23.98,11
654,3,2,24.14,11
655,3,2,23.98,11
656,3,2,24.0,11
657,3,2,23.24,11
658,3,2,23.5,11
659,3,2,22.74,11
660,3,2,22.5,11
661,3,2,24.36,11
662,3,2,24.34,11
663,3,2,25.82,11
664,3,2,26.7,11
665,3,2,26.92,11
666,3,2,25.7,11
667,3,2,25.96,11
668,3,2,26.64,11
669,3,2,25.62,11
670,3,2,26.08,11
671,3,2,25.98,11
672,3,2,27.06,11
673,3,2,27.28,11
674,3,2,27.6,11
675,3,2,27.58,11
676,3,2,25.06,11
677,3,2,24.0,11
678,3,2,24.3,11
679,3,2,24.18,11
680,3,2,24.36,11
681,3,2,23.68,11
682,3,2,23.5,11
683,3,2,22.94,11
684,3,2,24.08,11
685,3,2,24.38,11
686,3,2,25.18,11
687,3,2,24.92,11
688,3,2,25.18,11
689,3,2,24.02,11
690,3,2,23.96,11
691,3,2,23.72,11
692,3,2,22.56,11
693,3,2,23.68,11
694,3,2,25.18,11
695,3,2,25.7,11
696,3,2,26.3,11
697,3,2,26.16,11
698,3,2,26.66,11
699,3,2,26.76,11
700,3,2,26.76,11
701,3,2,25.72,11
702,3,2,25.86,11
703,3,2,26.18,11
704,3,2,28.32,11
705,3,2,29.14,11
706,3,2,28.9,11
707,3,2,28.88,11
708,3,2,28.12,11
709,3,2,27.32,11
710,3,2,26.62,11
711,3,2,25.34,11
712,3,2,25.56,11
713,3,2,24.72,11
714,3,2,23.56,11
715,3,2,25.72,11
716,3,2,24.58,11
717,3,2,24.1,11
718,3,2,24.88,11
719,3,2,24.58,11
720,3,2,25.32,11
721,3,2,25.32,11
722,3,2,25.92,11
723,3,2,25.94,11
724,3,2,27.34,11
725,3,2,27.8,11
726,3,2,27.6,11
727,3,2,26.24,11
728,3,2,25.66,11
729,3,2,26.22,11
730,3,2,26.64,11
731,3,2,24.42,11
732,3,2,24.4,11
733,3,2,23.98,10
734,3,2,23.18,10
735,3,2,22.38,10
736,3,2,22.36,10
737,3,2,21.58,10
738,3,2,21.22,10
739,3,2,21.2,10
740,3,2,21.66,10
741,3,2,21.42,10
742,3,2,20.98,10
743,3,2,22.22,10
744,3,2,21.92,10
745,3,2,22.1,10
746,3,2,23.84,10
747,3,2,22.66,10
748,3,2,23.6,10
749,3,2,24.5,10
750,3,2,25.72,10
751,3,2,25.76,10
752,3,2,26.64,10
753,3,2,25.4,10
754,3,2,24.7,8
755,3,2,25.04,8
756,3,2,23.38,8
757,3,2,23.46,8
758,3,2,24.1,8
759,3,2,24.78,8
760,3,2,25.94,8
761,3,2,25.96,8
762,3,2,26.42,8
763,3,2,26.96,8
764,3,2,27.52,8
765,3,2,26.94,8
766,3,2,28.32,8
767,3,2,27.78,8
768,3,2,27.92,8
769,3,2,28.42,8
770,3,2,27.2,8
771,3,2,26.18,8
772,3,2,25.3,8
773,3,2,26.1,8
774,3,2,26.62,8
775,3,2,28.02,8
776,3,2,28.88,8
777,3,2,28.12,8
778,3,2,25.96,8
779,3,2,26.28,8
780,3,2,26.66,8
781,3,2,27.12,8
782,3,2,26.56,8
783,3,2,25.94,8
784,3,2,25.3,8
785,3,2,23.98,8
786,3,2,23.82,8
787,3,2,24.14,8
788,3,2,24.02,8
789,3,2,23.96,8
790,3,2,22.74,8
791,3,2,23.14,8
792,3,2,23.7,8
793,3,2,23.54,8
794,3,2,21.46,8
795,3,2,22.5,8
796,3,2,21.6,8
797,3,2,20.54,8
798,3,2,21.12,8
799,3,2,21.98,8
800,3,2,22.9,8
801,3,2,23.02,8
802,3,2,23.36,8
803,3,2,24.02,8
804,3,2,24.66,8
805,3,2,23.8,8
806,3,2,24.76,8
807,3,2,23.82,8
808,3,2,23.54,8
809,3,2,23.88,8
810,3,2,23.98,8
811,3,2,22.9,8
812,3,2,23.18,8
813,3,2,23.42,8
814,3,2,23.8,8
815,3,2,23.98,8
816,3,2,24.24,8
817,3,2,24.78,8
818,3,2,24.22,8
819,3,2,23.92,8
820,3,2,24.88,8
821,3,2,25.48,8
822,3,2,26.0,8
823,3,2,24.48,8
824,3,2,24.76,8
825,3,2,25.7,8
826,3,2,26.02,8
827,3,2,26.36,8
828,3,2,27.5,8
829,3,2,27.9,8
830,3,2,28.72,8
831,3,2,28.64,8
832,3,2,29.62,8
833,3,2,29.48,8
834,3,2,29.1,8
835,3,2,30.7,8
836,3,2,31.3,8
837,3,2,31.7,8
838,3,2,31.68,8
839,3,2,31.5,8
840,3,2,31.58,8
841,3,2,30.56,8
842,3,2,30.76,8
843,3,2,28.64,8
844,3,2,26.74,8
845,3,2,24.16,8
846,3,2,24.02,8
847,3,2,24.06,8
848,3,2,23.64,8
849,3,2,22.76,8
850,3,2,22.98,8
851,3,2,24.26,8
852,3,2,25.1,8
853,3,2,25.7,8
854,3,2,24.48,8
855,3,2,23.94,8
856,3,2,24.1,8
857,3,2,24.28,8
858,3,2,23.34,8
859,3,2,23.84,8
860,3,2,22.7,8
861,3,2,22.8,8
862,3,2,21.6,8
863,3,2,21.76,8
864,3,2,22.38,8
865,3,2,22.08,8
866,3,2,23.34,8
867,3,2,23.82,8
868,3,2,22.86,8
869,3,2,21.82,8
870,3,2,23.48,8
871,3,2,22.9,8
872,3,2,23.92,8
873,3,2,22.48,8
874,3,2,22.84,8
875,3,2,22.76,8
876,3,2,23.34,8
877,3,2,24.12,8
878,3,2,25.7,8
879,3,2,26.72,8
880,3,2,25.96,8
881,3,2,26.26,8
882,3,2,25.4,8
883,3,2,25.5,8
884,3,2,25.7,8
885,3,2,26.58,8
886,3,2,25.88,8
887,3,2,26.4,8
888,3,2,27.68,8
889,3,2,28.46,8
890,3,2,27.16,8
891,3,2,27.92,8
892,3,2,28.9,8
893,3,2,28.48,8
894,3,2,28.16,8
895,3,2,28.92,8
896,3,2,27.56,8
897,3,2,28.08,8
898,3,2,28.0,8
899,3,2,27.5,8
900,3,2,25.5,8
901,3,2,25.0,8
902,3,2,24.82,8
903,3,2,24.94,8
904,3,2,24.24,8
905,3,2,25.42,8
906,3,2,26.78,8
907,3,2,25.96,8
908,3,2,25.18,8
909,3,2,22.28,8
910,3,2,22.94,8
911,3,2,22.88,8
912,3,2,21.72,7
913,3,2,22.54,7
914,3,2,25.18,7
915,3,2,24.54,7
916,3,2,22.44,7
917,3,2,20.7,7
918,3,2,20.6,7
919,3,2,22.28,7
920,3,2,22.64,7
921,3,2,23.12,7
922,3,2,24.8,7
923,3,2,23.56,7
924,3,2,23.12,7
925,3,2,23.02,7
926,3,2,23.94,7
927,3,2,24.04,7
928,3,2,24.98,7
929,3,2,24.2,7
930,3,2,23.58,7
931,3,2,22.4,7
932,3,2,23.06,7
933,3,2,24.58,7
934,3,2,24.78,7
935,3,2,24.12,7
936,3,2,25.52,7
937,3,2,26.16,7
938,3,2,25.26,7
939,3,2,25.02,7
940,3,2,25.38,7
941,3,2,24.18,7
942,3,2,23.62,7
943,3,2,23.26,7
944,3,2,24.1,7
945,3,2,23.96,7
946,3,2,22.4,7
947,3,2,22.22,7
948,3,2,23.74,7
949,3,2,23.22,7
950,3,2,24.2,7
951,3,2,23.9,7
952,3,2,23.64,7
953,3,2,25.14,7
954,3,2,25.74,7
955,3,2,26.74,7
956,3,2,26.48,7
957,3,2,25.18,7
958,3,2,25.42,7
959,3,2,25.04,7
960,3,2,24.6,7
961,3,2,24.2,7
962,3,2,21.74,7
963,3,2,21.8,7
964,3,2,21.04,7
965,3,2,21.06,7
966,3,2,21.8,7
967,3,2,22.04,7
968,3,2,21.64,7
969,3,2,21.0,7
970,3,2,20.22,7
971,3,2,21.26,7
972,3,2,22.42,7
973,3,2,23.66,7
974,3,2,24.58,7
975,3,2,24.7,7
976,3,2,24.8,7
977,3,2,25.36,7
978,3,2,24.1,7
979,3,2,25.14,7
980,3,2,24.12,7
981,3,2,24.46,7
982,3,2,24.48,7
983,3,2,24.36,7
984,3,2,22.08,7
985,3,2,22.92,7
986,3,2,24.06,7
987,3,2,24.58,7
988,3,2,25.2,7
989,3,2,24.6,7
990,3,2,25.12,7
991,3,2,25.54,7
992,3,2,26.84,7
993,3,2,27.28,7
994,3,2,29.5,7
995,3,2,27.9,7
996,3,2,26.0,7
997,3,2,23.7,7
998,3,2,24.26,7
999,3,2,22.68,7
1000,3,2,23.46,7
1001,3,2,23.64,7
1002,3,2,24.22,7
1003,3,2,24.64,7
1004,3,2,23.4,7
1005,3,2,23.86,7
1006,3,2,23.28,7
1007,3,2,23.58,7
1008,3,2,22.34,7
1009,3,2,22.66,7
1010,3,2,23.16,7
1011,3,2,23.3,7
1012,3,2,21.9,7
1013,3,2,22.4,7
1014,3,2,21.94,7
1015,3,2,20.86,7
1016,3,2,20.94,7
1017,3,2,21.3,7
1018,3,2,21.86,7
1019,3,2,23.1,7
1020,3,2,23.36,7
1021,3,2,24.34,7
1022,3,2,24.54,7
1023,3,2,23.36,6
1024,3,2,22.9,6
1025,3,2,21.4,6
1026,3,2,21.96,6
1027,3,2,22.56,6
1028,3,2,22.8,6
1029,3,2,22.92,6
1030,3,2,24.02,6
1031,3,2,24.52,6
1032,3,2,24.76,6
1033,3,2,25.62,6
1034,3,2,24.46,6
1035,3,2,25.7,6
1036,3,2,25.64,6
1037,3,2,25.04,6
1038,3,2,24.24,6
1039,3,2,23.78,6
1040,3,2,23.78,6
1041,3,2,24.0,6
1042,3,2,24.36,6
1043,3,2,24.32,6
1044,3,2,25.42,6
1045,3,2,25.28,6
1046,3,2,26.02,6
1047,3,2,25.04,6
1048,3,2,25.68,6
1049,3,2,25.04,6
1050,3,2,25.96,6
1051,3,2,25.74,6
1052,3,2,24.68,6
1053,3,2,25.44,6
1054,3,2,24.56,6
1055,3,2,23.88,6
1056,3,2,23.68,6
1057,3,2,23.9,6
1058,3,2,25.22,6
1059,3,2,23.16,6
1060,3,2,22.96,6
1061,3,2,21.72,6
1062,3,2,21.2,6
1063,3,2,21.1,6
1064,3,2,20.1,6
1065,3,2,19.48,6
1066,3,2,19.94,6
1067,3,2,20.4,6
1068,3,2,20.06,6
1069,3,2,21.24,6
1070,3,2,20.82,6
1071,3,2,21.74,6
1072,3,2,21.24,6
1073,3,2,21.42,6
1074,3,2,22.66,6
1075,3,2,22.94,6
1076,3,2,21.8,6
1077,3,2,22.06,6
1078,3,2,21.44,6
1079,3,2,21.74,6
1080,3,2,19.84,6
1081,3,2,19.38,6
1082,3,2,20.0,6
1083,3,2,20.44,6
1084,3,2,20.72,6
1085,3,2,21.28,6
1086,3,2,22.26,6
1087,3,2,22.06,6
1088,3,2,21.82,6
1089,3,2,22.72,6
1090,3,2,23.08,6
1091,3,2,22.74,6
1092,3,2,24.28,6
1093,3,2,24.02,6
1094,3,2,23.86,6
1095,3,2,23.32,6
1096,3,2,24.48,6
1097,3,2,23.36,6
1098,3,2,23.92,6
1099,3,2,23.54,6
1100,3,2,22.76,6
1101,3,2,22.3,6
1102,3,2,21.72,6
1103,3,2,21.46,6
1104,3,2,21.26,6
1105,3,2,23.12,6
1106,3,2,23.42,6
1107,3,2,23.36,6
1108,3,2,23.34,6
1109,3,2,24.56,6
1110,3,2,21.84,6
1111,3,2,22.16,6
1112,3,2,22.18,6
1113,3,2,21.7,6
1114,3,2,21.96,6
1115,3,2,23.04,6
1116,3,2,24.36,6
1117,3,2,23.28,6
1118,3,2,23.34,6
1119,3,2,24.6,6
1120,3,2,25.56,6
1121,3,2,25.06,6
1122,3,2,24.68,6
1123,3,2,22.96,6
1124,3,2,22.4,6
1125,3,2,22.6,6
1126,3,2,24.22,6
1127,3,2,23.6,6
1128,3,2,23.28,6
1129,3,2,23.44,6
1130,3,2,23.14,6
1131,3,2,22.66,6
1132,3,2,22.92,6
1133,3,2,23.62,6
1134,3,2,23.66,6
1135,3,2,23.42,6
1136,3,2,23.04,6
1137,3,2,22.66,6
1138,3,2,22.22,6
1139,3,2,21.78,6
1140,3,2,23.3,6
1141,3,2,24.22,6
1142,3,2,23.68,6
1143,3,2,23.68,6
1144,3,2,24.94,6
1145,3,2,23.7,6
1146,3,2,23.2,6
1147,3,2,24.0,6
1148,3,2,22.48,6
1149,3,2,21.94,6
1150,3,2,20.88,6
1151,3,2,20.7,6
1152,3,2,22.2,6
1153,3,2,23.24,6
1154,3,2,23.7,6
1155,3,2,23.74,6
1156,3,2,23.18,6
1157,3,2,23.38,6
1158,3,2,23.14,6
1159,3,2,23.06,6
1160,3,2,22.88,6
1161,3,2,23.58,6
1162,3,2,23.8,6
1163,3,2,21.92,6
1164,3,2,23.28,6
1165,3,2,21.78,6
1166,3,2,21.82,6
1167,3,2,21.2,6
1168,3,2,21.22,6
1169,3,2,23.26,6
1170,3,2,23.04,6
1171,3,2,22.56,6
1172,3,2,22.4,6
1173,3,2,23.74,6
1174,3,2,23.32,6
1175,3,2,23.02,6
1176,3,2,24.78,6
1177,3,2,24.58,6
1178,3,2,23.9,6
1179,3,2,23.3,6
1180,3,2,22.52,6
1181,3,2,22.12,6
1182,3,2,21.58,6
1183,3,2,21.8,6
1184,3,2,22.6,6
1185,3,2,21.96,6
1186,3,2,21.26,6
1187,3,2,20.5,6
1188,3,2,18.46,6
1189,3,2,19.0,6
1190,3,2,20.0,6
1191,3,2,20.16,6
1192,3,2,22.42,6
1193,3,2,21.52,6
1194,3,2,22.36,6
1195,3,2,22.8,6
1196,3,2,22.84,6
1197,3,2,23.2,6
1198,3,2,22.74,6
1199,3,2,22.54,6
1200,3,2,21.72,6
1201,3,2,21.72,6
1202,3,2,19.88,6
1203,3,2,21.64,6
1204,3,2,21.76,6
1205,3,2,20.98,6
1206,3,2,22.9,6
1207,3,2,23.62,6
1208,3,2,22.68,6
1209,3,2,21.64,6
1210,3,2,20.66,6
1211,3,2,21.82,6
1212,3,2,21.22,6
1213,3,2,21.1,6
1214,3,2,21.02,6
1215,3,2,21.78,6
1216,3,2,20.64,6
1217,3,2,21.68,6
1218,3,2,22.34,6
1219,3,2,23.62,6
1220,3,2,24.18,6
1221,3,2,24.1,6
1222,3,2,23.54,6
1223,3,2,24.12,6
1224,3,2,23.1,6
1225,3,2,22.96,6
1226,3,2,20.8,6
1227,3,2,21.1,6
1228,3,2,21.04,6
1229,3,2,21.52,6
1230,3,2,21.86,6
1231,3,2,21.94,6
1232,3,2,22.2,6
1233,3,2,22.38,6
1234,3,2,21.64,6
1235,3,2,22.02,6
1236,3,2,22.06,6
1237,3,2,20.98,6
1238,3,2,20.3,6
1239,3,2,20.98,6
1240,3,2,21.74,6
1241,3,2,22.12,6
1242,3,2,22.76,6
1243,3,2,23.3,6
1244,3,2,23.96,6
1245,3,2,24.2,6
1246,3,2,21.62,6
1247,3,2,22.78,6
1248,3,2,21.08,6
1249,3,2,20.82,6
1250,3,2,19.74,6
1251,3,2,19.3,6
1252,3,2,20.2,6
1253,3,2,20.74,6
1254,3,2,21.3,6
1255,3,2,22.32,6
1256,3,2,22.46,6
1257,3,2,23.4,6
1258,3,2,23.3,6
1259,3,2,22.34,6
1260,3,2,22.98,6
1261,3,2,23.32,6
1262,3,2,21.96,6
1263,3,2,21.4,6
1264,3,2,21.0,6
1265,3,2,20.42,6
1266,3,2,20.66,6
1267,3,2,19.74,6
1268,3,2,19.7,6
1269,3,2,19.68,6
1270,3,2,20.62,6
1271,3,2,20.34,6
1272,3,2,20.2,6
1273,3,2,21.12,6
1274,3,2,20.54,6
1275,3,2,19.4,6
1276,3,2,20.16,6
1277,3,2,20.06,6
1278,3,2,19.9,6
1279,3,2,21.34,6
1280,3,2,21.68,6
1281,3,2,23.78,6
1282,3,2,24.58,6
1283,3,2,25.82,6
1284,3,2,26.0,6
1285,3,2,24.92,6
1286,3,2,24.62,6
1287,3,2,24.74,6
1288,3,2,24.12,6
1289,3,2,21.66,6
1290,3,2,21.5,6
1291,3,2,21.02,6
1292,3,2,21.16,6
1293,3,2,21.08,6
1294,3,2,19.88,6
1295,3,2,18.94,6
1296,3,2,19.54,6
1297,3,2,19.66,6
1298,3,2,20.84,6
1299,3,2,20.94,6
1300,3,2,21.58,6
1301,3,2,21.64,6
1302,3,2,22.14,6
1303,3,2,22.88,6
1304,3,2,23.42,6
1305,3,2,22.54,6
1306,3,2,23.42,6
1307,3,2,24.64,6
1308,3,2,23.04,6
1309,3,2,23.24,6
1310,3,2,21.94,6
1311,3,2,23.08,6
1312,3,2,22.9,6
1313,3,2,22.66,6
1314,3,2,22.32,6
1315,3,2,23.2,6
1316,3,2,24.0,6
1317,3,2,23.24,6
1318,3,2,21.38,6
1319,3,2,21.92,6
1320,3,2,21.46,6
1321,3,2,20.44,6
1322,3,2,21.3,6
1323,3,2,22.34,6
1324,3,2,23.12,6
1325,3,2,22.26,6
1326,3,2,21.76,6
1327,3,2,21.88,6
1328,3,2,22.88,6
1329,3,2,22.08,6
1330,3,2,22.72,6
1331,3,2,22.66,6
1332,3,2,22.76,6
1333,3,2,22.46,6
1334,3,2,22.46,6
1335,3,2,24.16,6
1336,3,2,23.42,6
1337,3,2,22.74,6
1338,3,2,21.3,6
1339,3,2,21.52,6
1340,3,2,20.34,6
1341,3,2,20.12,6
1342,3,2,20.2,6
1343,3,2,21.18,6
1344,3,2,21.82,6
1345,3,2,22.46,6
1346,3,2,23.66,6
1347,3,2,24.26,6
1348,3,2,24.24,6
1349,3,2,22.56,6
1350,3,2,24.28,6
1351,3,2,24.82,6
1352,3,2,25.64,6
1353,3,2,24.38,6
1354,3,2,22.2,6
1355,3,2,22.3,6
1356,3,2,22.48,6
1357,3,2,23.04,6
1358,3,2,23.64,6
1359,3,2,22.14,6
1360,3,2,21.46,6
1361,3,2,23.12,6
1362,3,2,23.94,6
1363,3,2,24.5,6
1364,3,2,24.34,6
1365,3,2,24.52,6
1366,3,2,23.92,6
1367,3,2,24.56,6
1368,3,2,24.82,6
1369,3,2,24.0,6
1370,3,2,23.28,6
1371,3,2,24.54,6
1372,3,2,23.44,6
1373,3,2,22.1,6
1374,3,2,22.7,6
1375,3,2,22.74,6
1376,3,2,20.68,6
1377,3,2,20.4,6
1378,3,2,20.44,6
1379,3,2,20.34,6
1380,3,2,20.58,6
1381,3,2,20.58,6
1382,3,2,21.88,6
1383,3,2,23.24,6
1384,3,2,23.8,6
1385,3,2,22.92,6
1386,3,2,21.54,6
1387,3,2,21.88,6
1388,3,2,22.3,6
1389,3,2,21.22,6
1390,3,2,22.82,6
1391,3,2,23.28,6
1392,3,2,22.98,6
1393,3,2,23.88,6
1394,3,2,24.5,6
1395,3,2,23.62,6
1396,3,2,23.06,6
1397,3,2,23.32,6
1398,3,2,23.48,6
1399,3,2,23.68,6
1400,3,2,24.22,6
1401,3,2,24.76,6
1402,3,2,25.32,6
1403,3,2,24.78,6
1404,3,2,24.56,6
1405,3,2,25.84,6
1406,3,2,26.02,6
1407,3,2,26.08,6
1408,3,2,24.66,6
1409,3,2,23.8,6
1410,3,2,22.86,6
1411,3,2,24.46,6
1412,3,2,24.6,6
1413,3,2,25.54,6
1414,3,2,24.58,6
1415,3,2,23.8,6
1416,3,2,22.26,6
1417,3,2,20.02,6
1418,3,2,19.42,6
1419,3,2,19.56,6
1420,3,2,19.36,6
1421,3,2,20.04,6
1422,3,2,21.1,6
1423,3,2,22.42,6
1424,3,2,22.66,6
1425,3,2,22.88,6
1426,3,2,20.98,6
1427,3,2,21.28,6
1428,3,2,21.82,6
1429,3,2,22.3,6
1430,3,2,23.38,6
1431,3,2,22.84,6
1432,3,2,23.42,6
1433,3,2,23.82,6
1434,3,2,23.98,6
1435,3,2,24.06,6
1436,3,2,24.92,6
1437,3,2,24.5,6
1438,3,2,26.46,6
1439,3,2,26.62,6
1440,3,2,26.68,6
1441,3,2,27.2,6
1442,3,2,25.9,6
1443,3,2,24.56,6
1444,3,2,24.62,6
1445,3,2,22.44,6
1446,3,2,21.04,6
1447,3,2,19.58,6
1448,3,2,19.06,6
1449,3,2,19.02,6
1450,3,2,19.18,6
1451,3,2,20.2,6
1452,3,2,20.44,6
1453,3,2,21.52,6
1454,3,2,22.64,6
1455,3,2,22.78,6
1456,3,2,23.58,6
1457,3,2,23.18,6
1458,3,2,24.3,6
1459,3,2,23.66,6
1460,3,2,23.08,6
1461,3,2,22.22,6
1462,3,2,22.04,6
1463,3,2,22.56,6
1464,3,2,21.94,6
1465,3,2,23.92,6
1466,3,2,24.56,6
1467,3,2,24.38,6
1468,3,2,22.78,6
1469,3,2,23.26,6
1470,3,2,23.22,6
1471,3,2,23.14,6
1472,3,2,21.78,6
1473,3,2,21.76,6
1474,3,2,22.5,6
1475,3,2,23.82,6
1476,3,2,24.04,6
1477,3,2,24.1,6
1478,3,2,24.64,6
1479,3,2,25.24,6
1480,3,2,25.16,6
1481,3,2,24.54,6
1482,3,2,25.7,6
1483,3,2,26.56,6
1484,3,2,26.6,6
1485,3,2,28.1,6
1486,3,2,26.54,6
1487,3,2,27.44,6
1488,3,2,28.0,6
1489,3,2,26.82,6
1490,3,2,25.6,6
1491,3,2,24.66,6
1492,3,2,23.02,6
1493,3,2,23.98,6
1494,3,2,23.48,6
1495,3,2,22.56,6
1496,3,2,22.0,6
1497,3,2,21.62,6
1498,3,2,21.7,6
1499,3,2,21.88,6
1500,3,2,23.22,6
1501,3,2,24.0,6
1502,3,2,23.64,6
1503,3,2,23.1,6
1504,3,2,23.38,6
1505,3,2,23.52,6
1506,3,2,24.7,6
1507,3,2,24.92,6
1508,3,2,26.12,6
1509,3,2,27.18,6
1510,3,2,27.82,6
1511,3,2,26.42,6
1512,3,2,26.24,6
1513,3,2,25.76,6
1514,3,2,24.12,6
1515,3,2,23.4,6
1516,3,2,22.52,6
1517,3,2,23.74,6
1518,3,2,23.1,6
1519,3,2,20.9,6
1520,3,2,20.56,6
1521,3,2,21.26,6
1522,3,2,21.72,6
1523,3,2,21.88,6
1524,3,2,22.12,6
1525,3,2,22.84,6
1526,3,2,23.24,6
1527,3,2,23.44,6
1528,3,2,23.64,6
1529,3,2,23.76,6
1530,3,2,24.3,6
1531,3,2,25.28,6
1532,3,2,25.94,6
1533,3,2,27.78,6
1534,3,2,28.42,6
1535,3,2,26.46,6
1536,3,2,26.82,6
1537,3,2,26.44,6
1538,3,2,26.42,6
1539,3,2,26.66,6
1540,3,2,25.02,6
1541,3,2,24.72,6
1542,3,2,25.34,6
1543,3,2,23.74,6
1544,3,2,22.9,6
1545,3,2,23.14,6
1546,3,2,21.4,6
1547,3,2,18.06,6
1548,3,2,16.86,6
1549,3,2,18.54,6
1550,3,2,18.76,6
1551,3,2,19.74,6
1552,3,2,19.14,6
1553,3,2,18.82,6
1554,3,2,20.06,6
1555,3,2,20.48,6
1556,3,2,20.7,6
1557,3,2,21.32,6
1558,3,2,21.34,6
1559,3,2,23.22,6
1560,3,2,21.8,6
1561,3,2,20.9,6
1562,3,2,20.6,6
1563,3,2,21.64,6
1564,3,2,21.86,6
1565,3,2,22.56,6
1566,3,2,23.54,6
1567,3,2,24.26,6
1568,3,2,24.48,6
1569,3,2,23.4,6
1570,3,2,23.02,6
1571,3,2,22.38,6
1572,3,2,21.84,6
1573,3,2,22.76,6
1574,3,2,22.64,6
1575,3,2,23.64,6
1576,3,2,23.32,6
1577,3,2,22.22,6
1578,3,2,21.46,6
1579,3,2,21.48,6
1580,3,2,20.4,6
1581,3,2,20.82,6
1582,3,2,21.58,6
1583,3,2,22.5,6
1584,3,2,23.86,6
1585,3,2,24.88,6
1586,3,2,23.52,6
1587,3,2,23.28,6
1588,3,2,22.12,6
1589,3,2,20.98,6
1590,3,2,22.04,6
1591,3,2,22.88,6
1592,3,2,24.88,6
1593,3,2,26.04,6
1594,3,2,26.5,6
1595,3,2,26.92,6
1596,3,2,26.76,6
1597,3,2,25.68,6
1598,3,2,24.18,6
1599,3,2,24.18,6
1600,3,2,23.18,6
1601,3,2,22.98,6
1602,3,2,23.88,6
1603,3,2,23.46,6
1604,3,2,24.72,6
1605,3,2,23.38,6
1606,3,2,23.64,6
1607,3,2,21.24,6
1608,3,2,21.92,6
1609,3,2,21.32,6
1610,3,2,21.1,6
1611,3,2,20.52,6
1612,3,2,21.42,6
1613,3,2,21.36,6
1614,3,2,21.22,6
1615,3,2,21.82,6
1616,3,2,22.92,6
1617,3,2,22.92,6
1618,3,2,22.82,6
1619,3,2,24.64,6
1620,3,2,23.28,6
1621,3,2,22.74,6
1622,3,2,22.7,6
1623,3,2,21.36,6
1624,3,2,21.36,6
1625,3,2,20.7,6
1626,3,2,19.82,6
1627,3,2,21.26,6
1628,3,2,21.42,6
1629,3,2,20.68,6
1630,3,2,20.12,6
1631,3,2,19.86,6
1632,3,2,20.52,6
1633,3,2,21.44,6
1634,3,2,22.7,6
1635,3,2,22.36,6
1636,3,2,22.52,6
1637,3,2,23.34,6
1638,3,2,22.98,6
1639,3,2,22.58,6
1640,3,2,22.34,6
1641,3,2,23.62,6
1642,3,2,22.46,6
1643,3,2,21.28,6
1644,3,2,20.7,6
1645,3,2,21.32,6
1646,3,2,22.62,6
1647,3,2,23.28,6
1648,3,2,23.14,6
1649,3,2,23.36,6
1650,3,2,23.24,6
1651,3,2,23.4,6
1652,3,2,23.08,6
1653,3,2,24.12,6
1654,3,2,24.48,6
1655,3,2,24.2,6
1656,3,2,23.84,6
1657,3,2,25.08,6
1658,3,2,24.5,6
1659,3,2,24.3,6
1660,3,2,22.86,6
1661,3,2,22.1,6
1662,3,2,21.58,6
1663,3,2,20.62,6
1664,3,2,22.54,6
1665,3,2,22.64,6
1666,3,2,24.96,6
1667,3,2,23.34,6
1668,3,2,23.78,6
1669,3,2,22.0,6
1670,3,2,22.76,6
1671,3,2,21.86,6
1672,3,2,21.18,6
1673,3,2,20.16,6
1674,3,2,20.72,6
1675,3,2,21.48,6
1676,3,2,22.02,6
1677,3,2,22.56,6
1678,3,2,21.88,6
1679,3,2,22.64,6
1680,3,2,22.4,6
1681,3,2,23.72,6
1682,3,2,23.96,6
1683,3,2,24.62,6
1684,3,2,23.68,6
1685,3,2,22.92,6
1686,3,2,23.08,6
1687,3,2,22.66,6
1688,3,2,24.88,6
1689,3,2,25.68,6
1690,3,2,25.82,6
1691,3,2,25.78,6
1692,3,2,25.34,6
1693,3,2,25.38,6
1694,3,2,25.44,6
1695,3,2,24.46,6
1696,3,2,23.68,6
1697,3,2,23.7,6
1698,3,2,23.44,6
1699,3,2,24.84,6
1700,3,2,26.5,6
1701,3,2,26.24,6
1702,3,2,24.74,6
1703,3,2,24.38,6
1704,3,2,24.32,6
1705,3,2,24.24,6
1706,3,2,22.46,6
1707,3,2,23.0,6
1708,3,2,23.68,6
1709,3,2,23.26,6
1710,3,2,22.06,6
1711,3,2,22.92,6
1712,3,2,23.38,6
1713,3,2,22.22,6
1714,3,2,21.86,6
1715,3,2,21.74,6
1716,3,2,22.2,6
1717,3,2,22.78,6
1718,3,2,22.68,6
1719,3,2,22.28,6
1720,3,2,23.36,6
1721,3,2,23.0,6
1722,3,2,24.42,6
1723,3,2,23.2,6
1724,3,2,24.28,6
1725,3,2,24.4,6
1726,3,2,24.1,6
1727,3,2,24.2,6
1728,3,2,23.54,6
1729,3,2,22.0,6
1730,3,2,22.96,6
1731,3,2,22.56,6
1732,3,2,22.04,6
1733,3,2,20.52,6
1734,3,2,20.76,6
1735,3,2,21.68,6
1736,3,2,21.82,6
1737,3,2,21.54,6
1738,3,2,21.68,6
1739,3,2,21.66,6
1740,3,2,22.18,6
1741,3,2,21.56,6
1742,3,2,22.32,6
1743,3,2,22.28,6
1744,3,2,23.34,6
1745,3,2,23.8,6
1746,3,2,24.24,6
1747,3,2,23.74,6
1748,3,2,24.34,6
1749,3,2,24.54,6
1750,3,2,25.12,6
1751,3,2,25.24,6
1752,3,2,25.28,6
1753,3,2,25.44,6
1754,3,2,25.42,6
1755,3,2,25.56,6
1756,3,2,26.38,6
1757,3,2,25.88,6
1758,3,2,26.02,6
1759,3,2,24.7,6
1760,3,2,22.82,6
1761,3,2,21.12,6
1762,3,2,23.2,6
1763,3,2,22.98,6
1764,3,2,22.98,6
1765,3,2,24.76,6
1766,3,2,24.62,6
1767,3,2,24.3,6
1768,3,2,25.44,6
1769,3,2,26.22,6
1770,3,2,25.42,6
1771,3,2,25.14,6
1772,3,2,23.56,6
1773,3,2,24.02,6
1774,3,2,23.62,6
1775,3,2,22.56,6
1776,3,2,23.88,6
1777,3,2,23.84,6
1778,3,2,23.28,6
1779,3,2,24.16,6
1780,3,2,23.26,6
1781,3,2,23.12,6
1782,3,2,22.82,6
1783,3,2,22.78,6
1784,3,2,20.94,6
1785,3,2,18.94,6
1786,3,2,19.66,6
1787,3,2,21.22,6
1788,3,2,21.2,6
1789,3,2,21.4,6
1790,3,2,21.94,6
1791,3,2,23.0,6
1792,3,2,24.66,6
1793,3,2,24.9,6
1794,3,2,25.72,6
1795,3,2,25.98,6
1796,3,2,24.9,6
1797,3,2,23.9,6
1798,3,2,24.36,6
1799,3,2,22.74,6
1800,3,2,23.12,6
1801,3,2,23.64,6
1802,3,2,22.8,6
1803,3,2,22.56,6
1804,3,2,22.28,6
1805,3,2,21.56,6
1806,3,2,21.88,6
1807,3,2,21.1,6
1808,3,2,20.46,6
1809,3,2,19.66,6
1810,3,2,19.54,6
1811,3,2,20.7,6
1812,3,2,21.58,6
1813,3,2,21.4,6
1814,3,2,22.34,6
1815,3,2,22.08,6
1816,3,2,24.02,6
1817,3,2,24.12,6
1818,3,2,24.1,6
1819,3,2,24.86,6
1820,3,2,24.32,6
1821,3,2,23.98,6
1822,3,2,23.68,6
1823,3,2,22.78,6
1824,3,2,23.06,6
1825,3,2,23.6,6
1826,3,2,22.86,6
1827,3,2,22.78,6
1828,3,2,22.46,6
1829,3,2,20.92,6
1830,3,2,20.5,6
1831,3,2,21.16,6
1832,3,2,20.3,6
1833,3,2,21.06,6
1834,3,2,22.06,6
1835,3,2,20.36,6
1836,3,2,22.94,6
1837,3,2,23.6,6
1838,3,2,23.3,6
1839,3,2,24.66,6
1840,3,2,25.14,6
1841,3,2,23.5,6
1842,3,2,23.16,6
1843,3,2,22.3,6
1844,3,2,22.6,6
1845,3,2,22.42,6
1846,3,2,22.5,6
1847,3,2,20.82,6
1848,3,2,20.82,6
1849,3,2,21.26,6
1850,3,2,21.66,6
1851,3,2,22.9,6
1852,3,2,22.48,6
1853,3,2,21.78,6
1854,3,2,21.14,6
1855,3,2,20.54,6
1856,3,2,20.3,6
1857,3,2,19.96,6
1858,3,2,21.1,6
1859,3,2,22.1,6
1860,3,2,23.14,6
1861,3,2,23.44,6
1862,3,2,23.02,6
1863,3,2,23.54,6
1864,3,2,23.58,6
1865,3,2,23.7,6
1866,3,2,24.46,6
1867,3,2,23.74,6
1868,3,2,22.52,6
1869,3,2,22.44,5
1870,3,2,22.1,5
1871,3,2,22.4,5
1872,3,2,22.16,5
1873,3,2,23.36,5
1874,3,2,23.14,5
1875,3,2,23.36,5
1876,3,2,24.1,5
1877,3,2,23.26,5
1878,3,2,21.8,5
1879,3,2,22.56,5
1880,3,2,23.02,5
1881,3,2,22.36,5
1882,3,2,22.3,5
1883,3,2,20.88,5
1884,3,2,20.52,5
1885,3,2,20.36,5
1886,3,2,20.42,5
1887,3,2,20.78,5
1888,3,2,21.4,5
1889,3,2,21.5,5
1890,3,2,21.56,5
1891,3,2,22.6,5
1892,3,2,23.48,5
1893,3,2,25.18,5
1894,3,2,24.9,5
1895,3,2,25.96,5
1896,3,2,24.38,5
1897,3,2,23.26,5
1898,3,2,22.34,5
1899,3,2,21.06,5
1900,3,2,20.72,5
1901,3,2,21.38,5
1902,3,2,21.6,5
1903,3,2,22.34,5
1904,3,2,23.54,5
1905,3,2,23.26,5
1906,3,2,22.88,5
1907,3,2,22.24,5
1908,3,2,22.7,5
1909,3,2,22.78,5
1910,3,2,21.8,5
1911,3,2,20.78,5
1912,3,2,22.46,5
1913,3,2,23.48,5
1914,3,2,23.34,5
1915,3,2,21.24,5
1916,3,2,20.38,5
1917,3,2,20.94,5
1918,3,2,21.1,5
1919,3,2,21.08,5
1920,3,2,20.7,5
1921,3,2,20.3,5
1922,3,2,21.46,5
1923,3,2,20.5,5
1924,3,2,20.14,5
1925,3,2,20.82,5
1926,3,2,21.14,5
1927,3,2,22.82,5
1928,3,2,23.86,5
1929,3,2,23.28,5
1930,3,2,22.08,5
1931,3,2,21.06,5
1932,3,2,21.46,5
1933,3,2,20.76,5
1934,3,2,21.9,5
1935,3,2,21.62,5
1936,3,2,21.24,5
1937,3,2,23.32,5
1938,3,2,23.06,5
1939,3,2,23.06,5
1940,3,2,23.16,5
1941,3,2,22.22,5
1942,3,2,20.42,5
1943,3,2,21.46,5
1944,3,2,20.56,5
1945,3,2,20.52,5
1946,3,2,20.84,5
1947,3,2,22.2,5
1948,3,2,23.72,5
1949,3,2,22.8,5
1950,3,2,23.92,5
1951,3,2,24.28,5
1952,3,2,24.8,5
1953,3,2,26.04,5
1954,3,2,25.86,5
1955,3,2,25.32,5
1956,3,2,22.62,5
1957,3,2,21.46,5
1958,3,2,22.98,5
1959,3,2,22.34,5
1960,3,2,22.44,5
1961,3,2,22.52,5
1962,3,2,23.9,5
1963,3,2,24.78,5
1964,3,2,23.1,5
1965,3,2,22.36,5
1966,3,2,21.58,5
1967,3,2,22.02,5
1968,3,2,21.96,5
1969,3,2,21.86,5
1970,3,2,21.24,5
1971,3,2,20.96,5
1972,3,2,22.9,5
1973,3,2,22.44,5
1974,3,2,22.42,5
1975,3,2,23.02,5
1976,3,2,21.28,5
1977,3,2,20.34,5
1978,3,2,21.36,5
1979,3,2,21.42,5
1980,3,2,22.36,5
1981,3,2,21.22,5
1982,3,2,22.38,5
1983,3,2,22.62,5
1984,3,2,22.02,5
1985,3,2,21.14,5
1986,3,2,22.5,5
1987,3,2,22.36,5
1988,3,2,23.62,5
1989,3,2,24.36,5
1990,3,2,24.76,5
1991,3,2,24.24,5
1992,3,2,24.94,5
1993,3,2,24.96,5
1994,3,2,25.88,5
1995,3,2,26.1,5
1996,3,2,24.46,5
1997,3,2,22.66,5
1998,3,2,22.22,5
1999,3,2,19.66,5
2000,3,2,20.66,5
0,4,2,57.86,40
1,4,2,54.32,40
2,4,2,52.98,38
3,4,2,51.72,38
4,4,2,49.7,36
5,4,2,46.86,36
6,4,2,47.78,36
7,4,2,46.8,36
8,4,2,45.92,36
9,4,2,44.12,35
10,4,2,44.36,34
11,4,2,45.44,34
12,4,2,43.36,34
13,4,2,43.42,30
14,4,2,41.9,30
15,4,2,41.4,30
16,4,2,39.92,30
17,4,2,39.04,30
18,4,2,39.98,30
19,4,2,38.52,30
20,4,2,39.48,28
21,4,2,38.54,28
22,4,2,38.36,28
23,4,2,39.02,28
24,4,2,38.84,28
25,4,2,37.22,28
26,4,2,36.92,27
27,4,2,36.52,26
28,4,2,36.24,26
29,4,2,35.34,26
30,4,2,35.9,26
31,4,2,37.12,26
32,4,2,35.98,26
33,4,2,35.9,26
34,4,2,36.82,26
35,4,2,37.74,26
36,4,2,36.96,26
37,4,2,36.12,25
38,4,2,35.16,25
39,4,2,35.78,25
40,4,2,35.16,25
41,4,2,35.4,25
42,4,2,35.46,25
43,4,2,33.84,25
44,4,2,33.9,25
45,4,2,33.38,25
46,4,2,33.82,25
47,4,2,32.46,25
48,4,2,32.56,25
49,4,2,33.5,25
50,4,2,33.84,25
51,4,2,33.96,23
52,4,2,32.9,23
53,4,2,32.94,23
54,4,2,32.84,23
55,4,2,32.58,23
56,4,2,32.96,23
57,4,2,32.82,23
58,4,2,33.08,23
59,4,2,33.76,22
60,4,2,32.7,22
61,4,2,32.72,22
62,4,2,32.54,22
63,4,2,31.64,22
64,4,2,31.96,22
65,4,2,32.7,22
66,4,2,32.7,22
67,4,2,32.0,22
68,4,2,32.9,22
69,4,2,31.58,22
70,4,2,32.9,22
71,4,2,33.58,22
72,4,2,33.2,22
73,4,2,34.5,22
74,4,2,34.48,22
75,4,2,33.84,22
76,4,2,32.52,22
77,4,2,32.12,21
78,4,2,31.8,21
79,4,2,31.4,21
80,4,2,31.14,21
81,4,2,31.38,21
82,4,2,31.6,21
83,4,2,31.02,21
84,4,2,29.98,21
85,4,2,31.48,21
86,4,2,32.58,21
87,4,2,32.66,21
88,4,2,32.72,21
89,4,2,32.62,21
90,4,2,32.54,21
91,4,2,33.74,21
92,4,2,33.78,21
93,4,2,33.18,21
94,4,2,33.36,21
95,4,2,33.08,21
96,4,2,32.2,21
97,4,2,31.22,21
98,4,2,30.96,21
99,4,2,30.46,21
100,4,2,30.8,21
101,4,2,30.98,21
102,4,2,30.9,21
103,4,2,31.74,21
104,4,2,31.56,21
105,4,2,30.46,21
106,4,2,31.18,21
107,4,2,31.72,21
108,4,2,31.5,21
109,4,2,30.92,20
110,4,2,31.08,20
111,4,2,30.66,20
112,4,2,30.32,20
113,4,2,30.8,20
114,4,2,30.3,19
115,4,2,28.98,19
116,4,2,28.26,19
117,4,2,27.88,19
118,4,2,28.96,19
119,4,2,29.8,19
120,4,2,30.04,19
121,4,2,29.62,17
122,4,2,30.58,17
123,4,2,30.4,17
124,4,2,28.54,17
125,4,2,27.46,17
126,4,2,27.98,17
127,4,2,27.66,17
128,4,2,27.72,17
129,4,2,26.4,17
130,4,2,25.9,17
131,4,2,27.0,17
132,4,2,28.62,17
133,4,2,28.0,17
134,4,2,28.22,17
135,4,2,28.82,17
136,4,2,29.08,17
137,4,2,29.58,17
138,4,2,29.1,17
139,4,2,29.34,17
140,4,2,28.8,17
141,4,2,28.0,17
142,4,2,29.74,17
143,4,2,28.9,17
144,4,2,29.26,17
145,4,2,29.26,17
146,4,2,29.14,17
147,4,2,29.2,17
148,4,2,29.14,17
149,4,2,29.2,17
150,4,2,28.22,17
151,4,2,29.34,17
152,4,2,30.98,17
153,4,2,30.64,17
154,4,2,30.28,17
155,4,2,29.88,17
156,4,2,30.62,17
157,4,2,30.58,17
158,4,2,29.54,17
159,4,2,29.36,17
160,4,2,29.22,17
161,4,2,28.86,17
162,4,2,28.78,17
163,4,2,30.6,17
164,4,2,30.78,17
165,4,2,29.5,17
166,4,2,29.0,17
167,4,2,29.12,17
168,4,2,29.12,17
169,4,2,29.76,17
170,4,2,30.0,17
171,4,2,29.14,17
172,4,2,29.72,17
173,4,2,30.66,17
174,4,2,30.94,17
175,4,2,31.18,17
176,4,2,30.78,17
177,4,2,29.12,17
178,4,2,29.08,17
179,4,2,29.94,16
180,4,2,29.82,16
181,4,2,29.32,16
182,4,2,29.5,16
183,4,2,28.6,16
184,4,2,29.32,16
185,4,2,30.16,16
186,4,2,30.48,16
187,4,2,30.94,16
188,4,2,31.18,16
189,4,2,31.56,16
190,4,2,31.4,16
191,4,2,31.5,16
192,4,2,30.22,16
193,4,2,28.14,16
194,4,2,27.6,16
195,4,2,26.42,16
196,4,2,26.02,16
197,4,2,26.82,16
198,4,2,27.12,16
199,4,2,28.26,16
200,4,2,28.5,16
201,4,2,28.48,16
202,4,2,29.5,16
203,4,2,28.3,16
204,4,2,29.06,16
205,4,2,29.7,16
206,4,2,28.88,16
207,4,2,30.14,16
208,4,2,31.22,16
209,4,2,31.1,16
210,4,2,30.88,16
211,4,2,29.78,16
212,4,2,29.62,16
213,4,2,30.7,16
214,4,2,30.5,16
215,4,2,29.0,16
216,4,2,26.74,16
217,4,2,26.34,16
218,4,2,26.34,16
219,4,2,25.42,16
220,4,2,26.2,16
221,4,2,26.36,16
222,4,2,26.58,16
223,4,2,27.26,16
224,4,2,26.28,16
225,4,2,25.9,16
226,4,2,26.74,16
227,4,2,26.96,16
228,4,2,28.1,16
229,4,2,28.62,16
230,4,2,29.92,16
231,4,2,29.2,16
232,4,2,29.64,16
233,4,2,28.86,16
234,4,2,28.5,16
235,4,2,27.76,14
236,4,2,28.1,14
237,4,2,28.52,14
238,4,2,28.66,14
239,4,2,28.92,14
240,4,2,28.02,14
241,4,2,27.0,14
242,4,2,27.04,14
243,4,2,27.0,12
244,4,2,25.98,12
245,4,2,25.42,12
246,4,2,26.28,12
247,4,2,26.48,12
248,4,2,26.52,12
249,4,2,27.32,12
250,4,2,27.84,12
251,4,2,26.84,12
252,4,2,26.1,12
253,4,2,25.36,12
254,4,2,24.86,12
255,4,2,24.6,12
256,4,2,25.12,12
257,4,2,25.04,12
258,4,2,24.44,12
259,4,2,26.24,12
260,4,2,26.9,12
261,4,2,27.22,12
262,4,2,26.3,12
263,4,2,26.38,12
264,4,2,26.2,12
265,4,2,26.42,12
266,4,2,27.18,12
267,4,2,27.44,12
268,4,2,26.42,12
269,4,2,26.9,12
270,4,2,26.06,12
271,4,2,25.66,12
272,4,2,25.28,12
273,4,2,26.0,12
274,4,2,26.02,12
275,4,2,27.44,12
276,4,2,27.3,12
277,4,2,27.56,12
278,4,2,26.66,12
279,4,2,26.08,12
280,4,2,27.02,12
281,4,2,26.42,12
282,4,2,25.2,12
283,4,2,23.88,12
284,4,2,25.04,12
285,4,2,25.86,12
286,4,2,26.38,12
287,4,2,26.3,12
288,4,2,25.74,12
289,4,2,27.64,12
290,4,2,26.44,12
291,4,2,27.42,12
292,4,2,28.34,12
293,4,2,26.8,12
294,4,2,28.04,12
295,4,2,27.34,12
296,4,2,28.16,12
297,4,2,28.34,12
298,4,2,29.0,12
299,4,2,29.26,12
300,4,2,29.28,12
301,4,2,28.1,12
302,4,2,28.64,12
303,4,2,28.1,12
304,4,2,27.82,12
305,4,2,27.04,12
306,4,2,27.52,12
307,4,2,28.7,12
308,4,2,27.92,12
309,4,2,28.42,12
310,4,2,28.02,12
311,4,2,27.04,12
312,4,2,26.68,12
313,4,2,26.64,12
314,4,2,26.72,12
315,4,2,25.82,12
316,4,2,26.22,12
317,4,2,25.48,12
318,4,2,26.44,12
319,4,2,26.94,12
320,4,2,26.82,12
321,4,2,26.1,12
322,4,2,25.98,12
323,4,2,27.52,12
324,4,2,27.06,12
325,4,2,26.68,12
326,4,2,26.28,12
327,4,2,26.02,12
328,4,2,25.72,12
329,4,2,26.88,12
330,4,2,27.1,12
331,4,2,26.76,12
332,4,2,26.94,12
333,4,2,27.9,12
334,4,2,26.98,12
335,4,2,26.78,12
336,4,2,26.66,12
337,4,2,27.66,12
338,4,2,28.1,12
339,4,2,29.42,12
340,4,2,27.74,12
341,4,2,26.58,12
342,4,2,26.86,12
343,4,2,26.88,12
344,4,2,27.04,12
345,4,2,27.5,12
346,4,2,27.86,12
347,4,2,28.36,12
348,4,2,27.14,12
349,4,2,27.46,12
350,4,2,26.76,12
351,4,2,26.74,12
352,4,2,25.94,12
353,4,2,24.9,12
354,4,2,25.06,12
355,4,2,23.88,11
356,4,2,25.86,11
357,4,2,26.06,11
358,4,2,25.3,11
359,4,2,25.92,11
360,4,2,26.08,11
361,4,2,26.76,11
362,4,2,28.0,11
363,4,2,26.44,11
364,4,2,25.2,11
365,4,2,23.36,11
366,4,2,23.32,11
367,4,2,23.08,11
368,4,2,22.32,11
369,4,2,22.82,11
370,4,2,22.76,11
371,4,2,23.66,11
372,4,2,25.72,11
373,4,2,26.58,11
374,4,2,26.18,11
375,4,2,27.58,11
376,4,2,27.62,11
377,4,2,26.28,11
378,4,2,26.32,11
379,4,2,24.98,11
380,4,2,23.54,11
381,4,2,24.3,11
382,4,2,25.06,11
383,4,2,24.82,11
384,4,2,24.98,11
385,4,2,25.38,11
386,4,2,24.6,11
387,4,2,25.02,11
388,4,2,25.08,11
389,4,2,26.34,11
390,4,2,26.9,11
391,4,2,27.3,11
392,4,2,25.42,11
393,4,2,26.42,11
394,4,2,25.64,11
395,4,2,25.7,11
396,4,2,26.48,11
397,4,2,26.0,11
398,4,2,26.04,11
399,4,2,27.12,11
400,4,2,26.44,11
401,4,2,26.98,11
402,4,2,27.18,11
403,4,2,27.68,11
404,4,2,25.36,11
405,4,2,24.2,11
406,4,2,24.5,11
407,4,2,24.14,11
408,4,2,23.66,11
409,4,2,23.74,11
410,4,2,25.4,11
411,4,2,25.04,11
412,4,2,25.22,11
413,4,2,25.2,11
414,4,2,25.8,10
415,4,2,25.0,10
416,4,2,26.08,10
417,4,2,24.82,10
418,4,2,24.7,10
419,4,2,25.18,10
420,4,2,24.82,10
421,4,2,23.34,10
422,4,2,24.2,10
423,4,2,23.98,10
424,4,2,24.68,10
425,4,2,24.56,10
426,4,2,25.34,10
427,4,2,25.96,10
428,4,2,25.46,10
429,4,2,25.06,10
430,4,2,24.9,10
431,4,2,25.76,10
432,4,2,25.8,10
433,4,2,26.58,10
434,4,2,26.32,10
435,4,2,26.36,10
436,4,2,26.0,10
437,4,2,26.88,10
438,4,2,27.54,10
439,4,2,27.88,10
440,4,2,27.9,10
441,4,2,27.08,10
442,4,2,26.34,10
443,4,2,26.68,10
444,4,2,24.42,10
445,4,2,24.92,10
446,4,2,24.66,10
447,4,2,25.16,10
448,4,2,26.18,10
449,4,2,26.16,10
450,4,2,24.86,10
451,4,2,24.96,10
452,4,2,25.94,10
453,4,2,26.46,10
454,4,2,25.82,10
455,4,2,25.2,10
456,4,2,25.5,10
457,4,2,24.42,10
458,4,2,24.78,10
459,4,2,24.24,10
460,4,2,24.66,10
461,4,2,24.52,10
462,4,2,24.36,10
463,4,2,24.42,10
464,4,2,24.02,10
465,4,2,25.54,10
466,4,2,23.64,10
467,4,2,24.84,10
468,4,2,24.42,10
469,4,2,24.82,10
470,4,2,25.02,10
471,4,2,25.02,10
472,4,2,24.32,10
473,4,2,24.7,10
474,4,2,25.02,10
475,4,2,25.64,10
476,4,2,25.94,10
477,4,2,25.88,10
478,4,2,25.94,10
479,4,2,25.08,9
480,4,2,25.06,9
481,4,2,24.98,9
482,4,2,25.5,9
483,4,2,25.54,9
484,4,2,25.84,9
485,4,2,27.24,9
486,4,2,27.14,9
487,4,2,26.34,9
488,4,2,26.8,9
489,4,2,25.18,9
490,4,2,26.08,9
491,4,2,25.56,9
492,4,2,25.9,9
493,4,2,26.68,9
494,4,2,27.46,9
495,4,2,27.62,9
496,4,2,29.32,9
497,4,2,29.32,9
498,4,2,28.14,9
499,4,2,27.48,9
500,4,2,26.58,9
501,4,2,26.76,9
502,4,2,24.94,9
503,4,2,23.46,9
504,4,2,22.98,9
505,4,2,23.6,9
506,4,2,25.92,9
507,4,2,25.96,9
508,4,2,26.3,9
509,4,2,25.62,9
510,4,2,26.24,9
511,4,2,24.86,9
512,4,2,26.28,9
513,4,2,24.84,9
514,4,2,23.82,9
515,4,2,23.76,9
516,4,2,26.1,9
517,4,2,26.2,9
518,4,2,25.76,9
519,4,2,24.18,9
520,4,2,22.4,9
521,4,2,22.36,9
522,4,2,23.04,9
523,4,2,23.22,9
524,4,2,23.6,9
525,4,2,23.02,9
526,4,2,23.56,9
527,4,2,24.24,9
528,4,2,23.44,9
529,4,2,23.3,9
530,4,2,23.14,9
531,4,2,22.46,9
532,4,2,23.58,9
533,4,2,23.62,9
534,4,2,25.26,9
535,4,2,26.72,9
536,4,2,26.04,9
537,4,2,26.04,9
538,4,2,26.34,9
539,4,2,25.12,9
540,4,2,25.78,9
541,4,2,24.74,9
542,4,2,25.28,9
543,4,2,26.32,9
544,4,2,26.18,9
545,4,2,25.24,9
546,4,2,24.4,9
547,4,2,23.14,9
548,4,2,23.56,9
549,4,2,22.98,9
550,4,2,23.74,9
551,4,2,24.12,9
552,4,2,24.2,9
553,4,2,23.9,9
554,4,2,24.96,9
555,4,2,23.72,9
556,4,2,24.4,9
557,4,2,25.28,9
558,4,2,25.98,9
559,4,2,25.78,9
560,4,2,25.9,9
561,4,2,25.44,9
562,4,2,24.44,9
563,4,2,23.32,9
564,4,2,24.0,9
565,4,2,24.1,9
566,4,2,24.32,9
567,4,2,25.36,9
568,4,2,25.7,9
569,4,2,25.12,9
570,4,2,24.92,9
571,4,2,24.8,9
572,4,2,25.24,9
573,4,2,25.52,9
574,4,2,26.02,9
575,4,2,25.92,9
576,4,2,24.4,9
577,4,2,23.04,9
578,4,2,22.8,9
579,4,2,22.28,9
580,4,2,23.82,9
581,4,2,21.42,9
582,4,2,21.54,9
583,4,2,22.84,9
584,4,2,23.2,9
585,4,2,23.84,9
586,4,2,24.82,9
587,4,2,25.1,9
588,4,2,26.02,9
589,4,2,26.44,9
590,4,2,26.04,9
591,4,2,25.26,9
592,4,2,24.14,9
593,4,2,23.74,9
594,4,2,24.04,9
595,4,2,23.82,9
596,4,2,22.32,9
597,4,2,23.26,9
598,4,2,24.06,9
599,4,2,24.32,9
600,4,2,25.78,9
601,4,2,25.9,9
602,4,2,27.12,9
603,4,2,27.52,9
604,4,2,26.42,9
605,4,2,26.64,9
606,4,2,24.36,9
607,4,2,24.88,9
608,4,2,24.82,9
609,4,2,26.42,9
610,4,2,26.0,9
611,4,2,24.6,9
612,4,2,25.28,9
613,4,2,26.5,9
614,4,2,26.58,9
615,4,2,26.82,9
616,4,2,26.74,9
617,4,2,25.4,9
618,4,2,27.1,9
619,4,2,26.04,9
620,4,2,24.0,9
621,4,2,23.5,9
622,4,2,23.08,9
623,4,2,23.26,9
624,4,2,24.6,9
625,4,2,24.9,9
626,4,2,25.62,9
627,4,2,26.76,9
628,4,2,25.52,9
629,4,2,27.34,9
630,4,2,27.7,9
631,4,2,28.66,9
632,4,2,27.74,9
633,4,2,26.84,9
634,4,2,26.52,9
635,4,2,25.6,9
636,4,2,26.8,9
637,4,2,27.08,9
638,4,2,26.8,9
639,4,2,26.34,9
640,4,2,24.52,9
641,4,2,24.92,9
642,4,2,23.86,9
643,4,2,24.02,9
644,4,2,24.42,9
645,4,2,23.68,9
646,4,2,24.12,9
647,4,2,24.1,9
648,4,2,24.06,9
649,4,2,22.64,9
650,4,2,23.02,9
651,4,2,24.16,9
652,4,2,24.22,9
653,4,2,25.6,9
654,4,2,25.82,9
655,4,2,25.1,9
656,4,2,24.62,9
657,4,2,25.64,9
658,4,2,25.62,9
659,4,2,24.22,9
660,4,2,24.28,9
661,4,2,24.74,9
662,4,2,22.86,9
663,4,2,21.96,9
664,4,2,21.54,9
665,4,2,21.94,9
666,4,2,22.18,9
667,4,2,22.24,9
668,4,2,22.14,9
669,4,2,22.16,9
670,4,2,21.4,9
671,4,2,22.26,9
672,4,2,23.02,9
673,4,2,24.66,9
674,4,2,24.58,9
675,4,2,23.52,9
676,4,2,24.02,9
677,4,2,24.68,9
678,4,2,24.1,9
679,4,2,24.28,9
680,4,2,23.6,9
681,4,2,24.66,9
682,4,2,24.74,9
683,4,2,25.34,9
684,4,2,25.5,9
685,4,2,25.5,9
686,4,2,26.32,9
687,4,2,27.56,9
688,4,2,27.44,9
689,4,2,27.62,9
690,4,2,26.34,9
691,4,2,25.2,9
692,4,2,24.74,9
693,4,2,25.52,9
694,4,2,26.62,9
695,4,2,25.88,9
696,4,2,24.9,9
697,4,2,25.08,9
698,4,2,25.88,9
699,4,2,26.56,9
700,4,2,26.36,9
701,4,2,25.9,9
702,4,2,24.84,9
703,4,2,25.1,9
704,4,2,24.4,9
705,4,2,22.8,9
706,4,2,23.5,9
707,4,2,24.66,9
708,4,2,24.56,9
709,4,2,25.34,9
710,4,2,26.06,9
711,4,2,25.88,9
712,4,2,26.68,9
713,4,2,27.54,9
714,4,2,27.4,9
715,4,2,27.54,9
716,4,2,27.62,9
717,4,2,28.12,9
718,4,2,26.72,9
719,4,2,28.0,9
720,4,2,27.46,9
721,4,2,26.42,9
722,4,2,24.36,9
723,4,2,24.52,9
724,4,2,23.98,9
725,4,2,23.14,9
726,4,2,23.14,9
727,4,2,22.22,9
728,4,2,21.2,9
729,4,2,20.96,9
730,4,2,21.18,9
731,4,2,21.18,9
732,4,2,20.82,9
733,4,2,20.98,9
734,4,2,21.76,9
735,4,2,21.9,9
736,4,2,22.24,9
737,4,2,22.38,9
738,4,2,22.96,9
739,4,2,22.86,9
740,4,2,23.04,9
741,4,2,23.0,9
742,4,2,24.36,9
743,4,2,23.74,9
744,4,2,23.44,9
745,4,2,24.2,9
746,4,2,24.76,9
747,4,2,24.44,9
748,4,2,23.62,9
749,4,2,21.48,9
750,4,2,20.84,9
751,4,2,20.54,9
752,4,2,21.54,9
753,4,2,21.98,9
754,4,2,22.58,9
755,4,2,23.02,9
756,4,2,23.42,9
757,4,2,23.88,9
758,4,2,24.54,9
759,4,2,24.54,9
760,4,2,24.84,9
761,4,2,23.68,9
762,4,2,23.26,9
763,4,2,22.7,9
764,4,2,22.34,9
765,4,2,24.04,9
766,4,2,23.94,9
767,4,2,24.32,9
768,4,2,23.86,9
769,4,2,25.14,9
770,4,2,24.7,9
771,4,2,25.46,9
772,4,2,25.62,9
773,4,2,25.38,9
774,4,2,26.04,9
775,4,2,26.4,9
776,4,2,23.82,9
777,4,2,24.6,9
778,4,2,23.48,9
779,4,2,23.9,9
780,4,2,24.44,9
781,4,2,25.5,9
782,4,2,26.6,9
783,4,2,26.58,9
784,4,2,26.62,9
785,4,2,26.82,9
786,4,2,26.36,9
787,4,2,26.28,8
788,4,2,25.62,8
789,4,2,26.72,8
790,4,2,26.9,8
791,4,2,26.96,8
792,4,2,25.42,8
793,4,2,23.5,8
794,4,2,23.4,8
795,4,2,22.5,8
796,4,2,22.56,8
797,4,2,23.4,8
798,4,2,23.14,8
799,4,2,23.66,8
800,4,2,24.02,8
801,4,2,22.92,8
802,4,2,22.3,8
803,4,2,23.44,8
804,4,2,22.18,8
805,4,2,22.58,8
806,4,2,22.54,8
807,4,2,21.64,8
808,4,2,22.34,8
809,4,2,21.34,8
810,4,2,20.52,8
811,4,2,21.3,8
812,4,2,22.42,8
813,4,2,23.58,8
814,4,2,24.08,8
815,4,2,24.98,8
816,4,2,25.88,8
817,4,2,25.3,8
818,4,2,25.1,8
819,4,2,25.86,8
820,4,2,26.52,8
821,4,2,24.84,8
822,4,2,25.4,8
823,4,2,24.48,8
824,4,2,23.4,8
825,4,2,23.46,8
826,4,2,24.58,8
827,4,2,25.12,8
828,4,2,26.3,8
829,4,2,25.94,8
830,4,2,24.22,8
831,4,2,24.18,8
832,4,2,25.38,8
833,4,2,25.1,8
834,4,2,23.58,8
835,4,2,24.28,8
836,4,2,25.24,8
837,4,2,25.58,8
838,4,2,26.42,8
839,4,2,24.74,8
840,4,2,24.52,8
841,4,2,23.8,8
842,4,2,24.86,8
843,4,2,25.72,8
844,4,2,24.5,8
845,4,2,24.92,8
846,4,2,24.8,8
847,4,2,24.6,8
848,4,2,24.72,8
849,4,2,26.52,8
850,4,2,26.8,8
851,4,2,26.5,8
852,4,2,26.14,8
853,4,2,24.12,8
854,4,2,23.84,8
855,4,2,23.56,8
856,4,2,21.88,8
857,4,2,23.82,8
858,4,2,23.54,8
859,4,2,22.34,8
860,4,2,21.96,8
861,4,2,22.28,8
862,4,2,23.88,8
863,4,2,25.1,8
864,4,2,25.08,8
865,4,2,25.02,8
866,4,2,25.42,8
867,4,2,26.64,8
868,4,2,25.52,8
869,4,2,24.7,8
870,4,2,24.08,8
871,4,2,21.78,8
872,4,2,21.5,8
873,4,2,23.4,8
874,4,2,23.3,8
875,4,2,24.64,8
876,4,2,23.6,8
877,4,2,24.32,8
878,4,2,25.36,8
879,4,2,27.04,8
880,4,2,26.74,8
881,4,2,27.12,8
882,4,2,27.42,8
883,4,2,27.54,8
884,4,2,28.32,8
885,4,2,26.78,8
886,4,2,27.46,8
887,4,2,26.0,8
888,4,2,24.98,8
889,4,2,25.94,8
890,4,2,25.42,8
891,4,2,23.98,8
892,4,2,23.7,8
893,4,2,23.98,8
894,4,2,23.42,8
895,4,2,22.98,8
896,4,2,22.54,8
897,4,2,21.54,8
898,4,2,21.42,8
899,4,2,21.16,8
900,4,2,21.9,8
901,4,2,22.18,8
902,4,2,21.6,8
903,4,2,22.22,8
904,4,2,23.66,8
905,4,2,25.08,8
906,4,2,24.9,8
907,4,2,25.74,8
908,4,2,25.82,8
909,4,2,24.58,8
910,4,2,24.36,8
911,4,2,24.08,8
912,4,2,25.68,8
913,4,2,25.42,8
914,4,2,25.4,8
915,4,2,25.88,8
916,4,2,25.16,8
917,4,2,24.34,8
918,4,2,26.06,8
919,4,2,26.32,8
920,4,2,26.14,8
921,4,2,25.36,8
922,4,2,24.8,8
923,4,2,24.22,8
924,4,2,23.26,8
925,4,2,23.3,8
926,4,2,21.98,8
927,4,2,22.8,8
928,4,2,22.62,8
929,4,2,24.16,8
930,4,2,25.02,8
931,4,2,24.72,8
932,4,2,25.48,8
933,4,2,26.08,8
934,4,2,24.92,8
935,4,2,25.24,8
936,4,2,26.24,8
937,4,2,26.72,8
938,4,2,26.82,8
939,4,2,27.34,8
940,4,2,28.8,8
941,4,2,28.96,8
942,4,2,27.3,8
943,4,2,25.08,8
944,4,2,22.9,8
945,4,2,22.98,8
946,4,2,22.44,8
947,4,2,22.62,8
948,4,2,22.2,8
949,4,2,22.18,8
950,4,2,22.02,8
951,4,2,22.14,8
952,4,2,21.86,8
953,4,2,22.18,8
954,4,2,23.22,8
955,4,2,24.52,8
956,4,2,22.88,8
957,4,2,22.8,8
958,4,2,22.76,8
959,4,2,24.12,8
960,4,2,24.42,8
961,4,2,24.4,8
962,4,2,24.0,8
963,4,2,25.02,8
964,4,2,25.36,8
965,4,2,25.3,8
966,4,2,25.64,8
967,4,2,25.6,8
968,4,2,26.32,8
969,4,2,25.88,8
970,4,2,26.36,8
971,4,2,26.1,8
972,4,2,26.58,8
973,4,2,27.8,8
974,4,2,27.42,8
975,4,2,28.18,8
976,4,2,27.84,8
977,4,2,28.54,8
978,4,2,28.04,8
979,4,2,28.04,8
980,4,2,26.98,8
981,4,2,27.46,8
982,4,2,27.08,8
983,4,2,26.16,8
984,4,2,25.74,8
985,4,2,24.38,8
986,4,2,24.3,8
987,4,2,24.74,8
988,4,2,24.1,8
989,4,2,22.8,8
990,4,2,21.22,8
991,4,2,21.0,8
992,4,2,22.3,8
993,4,2,23.26,8
994,4,2,24.14,8
995,4,2,25.0,8
996,4,2,23.34,8
997,4,2,21.74,8
998,4,2,23.12,8
999,4,2,23.88,8
1000,4,2,24.56,8
1001,4,2,24.6,8
1002,4,2,23.48,8
1003,4,2,22.62,8
1004,4,2,23.44,8
1005,4,2,22.94,8
1006,4,2,23.4,8
1007,4,2,22.36,8
1008,4,2,23.6,8
1009,4,2,24.38,8
1010,4,2,24.8,8
1011,4,2,24.34,8
1012,4,2,23.66,8
1013,4,2,23.86,8
1014,4,2,22.2,8
1015,4,2,22.22,8
1016,4,2,23.34,8
1017,4,2,23.72,8
1018,4,2,25.62,8
1019,4,2,25.46,8
1020,4,2,24.32,8
1021,4,2,25.36,8
1022,4,2,25.56,8
1023,4,2,24.1,8
1024,4,2,23.24,8
1025,4,2,23.0,8
1026,4,2,22.1,8
1027,4,2,22.2,8
1028,4,2,22.36,8
1029,4,2,21.86,8
1030,4,2,22.34,8
1031,4,2,21.66,8
1032,4,2,23.0,8
1033,4,2,23.06,8
1034,4,2,22.74,8
1035,4,2,22.7,8
1036,4,2,24.5,8
1037,4,2,24.3,8
1038,4,2,25.08,8
1039,4,2,25.2,8
1040,4,2,26.2,8
1041,4,2,26.5,8
1042,4,2,27.02,8
1043,4,2,25.72,8
1044,4,2,25.68,8
1045,4,2,25.64,8
1046,4,2,26.52,8
1047,4,2,27.58,8
1048,4,2,27.78,8
1049,4,2,26.94,8
1050,4,2,28.28,8
1051,4,2,28.82,8
1052,4,2,28.32,8
1053,4,2,27.86,8
1054,4,2,26.58,8
1055,4,2,24.0,8
1056,4,2,23.62,8
1057,4,2,24.38,8
1058,4,2,23.92,8
1059,4,2,23.74,8
1060,4,2,20.58,8
1061,4,2,19.96,8
1062,4,2,20.78,8
1063,4,2,21.92,8
1064,4,2,22.74,8
1065,4,2,23.12,8
1066,4,2,23.92,8
1067,4,2,23.6,8
1068,4,2,23.04,8
1069,4,2,23.46,8
1070,4,2,23.06,8
1071,4,2,23.4,8
1072,4,2,23.6,8
1073,4,2,23.8,8
1074,4,2,24.54,8
1075,4,2,24.46,8
1076,4,2,24.38,8
1077,4,2,24.4,8
1078,4,2,24.68,8
1079,4,2,24.4,8
1080,4,2,23.8,8
1081,4,2,23.92,8
1082,4,2,24.4,8
1083,4,2,24.64,8
1084,4,2,24.66,8
1085,4,2,24.32,8
1086,4,2,24.36,8
1087,4,2,24.24,8
1088,4,2,22.92,8
1089,4,2,21.64,8
1090,4,2,22.1,8
1091,4,2,22.9,8
1092,4,2,22.7,8
1093,4,2,24.02,8
1094,4,2,24.74,8
1095,4,2,24.12,8
1096,4,2,25.08,8
1097,4,2,26.4,8
1098,4,2,25.06,8
1099,4,2,25.08,8
1100,4,2,24.9,8
1101,4,2,24.36,8
1102,4,2,22.68,8
1103,4,2,23.52,8
1104,4,2,25.14,8
1105,4,2,25.8,8
1106,4,2,26.58,8
1107,4,2,26.46,8
1108,4,2,25.32,8
1109,4,2,23.32,8
1110,4,2,23.02,8
1111,4,2,22.04,8
1112,4,2,22.78,8
1113,4,2,24.1,8
1114,4,2,24.8,8
1115,4,2,25.32,8
1116,4,2,24.12,8
1117,4,2,24.66,8
1118,4,2,24.08,8
1119,4,2,25.22,8
1120,4,2,26.24,8
1121,4,2,26.74,8
1122,4,2,27.24,8
1123,4,2,26.88,8
1124,4,2,26.24,8
1125,4,2,25.7,8
1126,4,2,26.0,8
1127,4,2,25.86,8
1128,4,2,26.86,8
1129,4,2,26.52,8
1130,4,2,26.42,8
1131,4,2,25.08,8
1132,4,2,24.38,8
1133,4,2,22.5,8
1134,4,2,24.08,8
1135,4,2,24.36,8
1136,4,2,24.2,8
1137,4,2,24.72,8
1138,4,2,25.14,8
1139,4,2,25.88,8
1140,4,2,26.64,8
1141,4,2,27.1,8
1142,4,2,25.4,8
1143,4,2,25.28,8
1144,4,2,24.44,8
1145,4,2,24.16,8
1146,4,2,23.54,8
1147,4,2,24.44,8
1148,4,2,24.84,8
1149,4,2,25.16,8
1150,4,2,24.62,8
1151,4,2,24.64,8
1152,4,2,24.36,8
1153,4,2,25.86,8
1154,4,2,27.04,8
1155,4,2,26.18,8
1156,4,2,25.92,8
1157,4,2,25.2,8
1158,4,2,25.42,8
1159,4,2,25.42,8
1160,4,2,24.9,8
1161,4,2,23.08,8
1162,4,2,22.46,8
1163,4,2,21.6,8
1164,4,2,22.74,8
1165,4,2,24.48,8
1166,4,2,24.6,8
1167,4,2,24.86,8
1168,4,2,26.1,8
1169,4,2,25.02,8
1170,4,2,24.32,8
1171,4,2,24.52,8
1172,4,2,24.22,8
1173,4,2,23.12,8
1174,4,2,22.94,8
1175,4,2,21.6,8
1176,4,2,20.54,8
1177,4,2,21.14,8
1178,4,2,21.22,8
1179,4,2,21.84,8
1180,4,2,23.36,8
1181,4,2,24.66,8
1182,4,2,22.28,8
1183,4,2,22.48,8
1184,4,2,23.22,8
1185,4,2,22.98,8
1186,4,2,23.78,8
1187,4,2,24.14,8
1188,4,2,23.44,8
1189,4,2,24.12,8
1190,4,2,24.64,8
1191,4,2,24.06,8
1192,4,2,22.48,8
1193,4,2,23.08,8
1194,4,2,23.8,8
1195,4,2,23.7,8
1196,4,2,23.18,8
1197,4,2,21.96,8
1198,4,2,23.22,8
1199,4,2,23.26,8
1200,4,2,22.28,8
1201,4,2,23.76,8
1202,4,2,24.22,8
1203,4,2,24.88,8
1204,4,2,25.84,8
1205,4,2,25.08,8
1206,4,2,24.24,8
1207,4,2,24.26,8
1208,4,2,24.1,8
1209,4,2,22.54,8
1210,4,2,22.98,8
1211,4,2,22.18,8
1212,4,2,22.76,8
1213,4,2,22.9,8
1214,4,2,21.84,8
1215,4,2,22.8,8
1216,4,2,21.7,8
1217,4,2,22.78,8
1218,4,2,24.28,8
1219,4,2,24.34,8
1220,4,2,23.82,8
1221,4,2,22.7,8
1222,4,2,23.62,8
1223,4,2,23.74,8
1224,4,2,23.34,8
1225,4,2,22.8,8
1226,4,2,23.82,8
1227,4,2,24.24,8
1228,4,2,23.38,8
1229,4,2,23.38,8
1230,4,2,22.98,8
1231,4,2,24.06,8
1232,4,2,24.26,8
1233,4,2,24.76,8
1234,4,2,25.2,8
1235,4,2,24.72,8
1236,4,2,24.58,8
1237,4,2,24.76,8
1238,4,2,23.98,8
1239,4,2,24.78,8
1240,4,2,24.62,8
1241,4,2,23.98,8
1242,4,2,23.58,8
1243,4,2,24.26,8
1244,4,2,22.8,8
1245,4,2,23.54,8
1246,4,2,23.78,8
1247,4,2,24.74,8
1248,4,2,24.28,7
1249,4,2,23.58,7
1250,4,2,23.26,7
1251,4,2,24.02,7
1252,4,2,23.5,7
1253,4,2,23.12,7
1254,4,2,22.82,7
1255,4,2,25.0,7
1256,4,2,24.12,7
1257,4,2,23.66,7
1258,4,2,23.28,7
1259,4,2,23.86,7
1260,4,2,24.58,7
1261,4,2,23.36,7
1262,4,2,24.36,7
1263,4,2,24.32,7
1264,4,2,22.4,7
1265,4,2,23.88,7
1266,4,2,23.5,7
1267,4,2,23.16,7
1268,4,2,24.78,7
1269,4,2,24.34,7
1270,4,2,25.9,7
1271,4,2,25.96,7
1272,4,2,26.66,7
1273,4,2,26.56,7
1274,4,2,25.78,7
1275,4,2,24.86,7
1276,4,2,25.62,7
1277,4,2,25.48,7
1278,4,2,23.76,7
1279,4,2,23.24,7
1280,4,2,21.9,7
1281,4,2,23.04,7
1282,4,2,22.3,7
1283,4,2,22.94,7
1284,4,2,21.7,7
1285,4,2,21.14,7
1286,4,2,21.42,7
1287,4,2,22.82,7
1288,4,2,22.7,7
1289,4,2,22.1,7
1290,4,2,20.9,7
1291,4,2,20.1,7
1292,4,2,20.46,7
1293,4,2,21.04,7
1294,4,2,20.98,7
1295,4,2,18.86,7
1296,4,2,19.1,7
1297,4,2,20.4,7
1298,4,2,21.14,7
1299,4,2,22.28,7
1300,4,2,21.42,7
1301,4,2,22.84,7
1302,4,2,23.18,7
1303,4,2,23.02,7
1304,4,2,22.54,7
1305,4,2,20.84,7
1306,4,2,22.88,7
1307,4,2,23.12,7
1308,4,2,23.22,7
1309,4,2,23.78,7
1310,4,2,24.84,7
1311,4,2,25.02,7
1312,4,2,24.12,7
1313,4,2,25.34,7
1314,4,2,22.94,7
1315,4,2,22.52,7
1316,4,2,21.44,7
1317,4,2,24.44,7
1318,4,2,24.66,7
1319,4,2,23.2,7
1320,4,2,24.08,7
1321,4,2,23.2,7
1322,4,2,23.28,7
1323,4,2,22.1,7
1324,4,2,20.32,7
1325,4,2,21.4,7
1326,4,2,20.76,7
1327,4,2,20.98,7
1328,4,2,21.7,7
1329,4,2,22.16,7
1330,4,2,23.5,7
1331,4,2,23.02,7
1332,4,2,23.14,7
1333,4,2,25.18,7
1334,4,2,23.96,7
1335,4,2,23.4,7
1336,4,2,23.08,7
1337,4,2,21.5,7
1338,4,2,19.2,7
1339,4,2,20.66,7
1340,4,2,20.86,7
1341,4,2,21.7,7
1342,4,2,22.56,7
1343,4,2,23.38,7
1344,4,2,23.82,7
1345,4,2,24.14,7
1346,4,2,25.4,7
1347,4,2,25.44,7
1348,4,2,25.52,7
1349,4,2,23.4,7
1350,4,2,23.34,7
1351,4,2,22.78,7
1352,4,2,21.76,7
1353,4,2,21.32,7
1354,4,2,21.96,7
1355,4,2,21.16,7
1356,4,2,22.0,7
1357,4,2,21.8,7
1358,4,2,22.28,7
1359,4,2,22.16,7
1360,4,2,21.46,7
1361,4,2,21.22,7
1362,4,2,22.1,7
1363,4,2,20.98,7
1364,4,2,20.2,7
1365,4,2,20.52,7
1366,4,2,19.52,7
1367,4,2,20.36,7
1368,4,2,20.48,7
1369,4,2,21.78,7
1370,4,2,21.44,7
1371,4,2,21.34,7
1372,4,2,21.86,7
1373,4,2,21.78,7
1374,4,2,21.32,7
1375,4,2,22.24,7
1376,4,2,22.14,7
1377,4,2,23.72,7
1378,4,2,23.22,7
1379,4,2,24.32,7
1380,4,2,24.64,7
1381,4,2,23.96,7
1382,4,2,24.68,7
1383,4,2,25.14,7
1384,4,2,23.14,7
1385,4,2,22.68,7
1386,4,2,23.52,7
1387,4,2,23.08,7
1388,4,2,23.76,7
1389,4,2,25.46,7
1390,4,2,26.16,7
1391,4,2,24.92,7
1392,4,2,25.56,7
1393,4,2,24.06,7
1394,4,2,23.5,7
1395,4,2,23.38,7
1396,4,2,23.6,7
1397,4,2,23.7,7
1398,4,2,23.52,7
1399,4,2,23.34,7
1400,4,2,23.42,7
1401,4,2,23.32,7
1402,4,2,24.62,7
1403,4,2,25.08,7
1404,4,2,25.22,7
1405,4,2,24.72,7
1406,4,2,23.64,7
1407,4,2,22.64,7
1408,4,2,22.46,7
1409,4,2,23.12,7
1410,4,2,22.5,7
1411,4,2,23.6,7
1412,4,2,24.1,7
1413,4,2,24.8,7
1414,4,2,25.96,7
1415,4,2,25.66,7
1416,4,2,24.86,7
1417,4,2,23.22,7
1418,4,2,22.18,7
1419,4,2,21.9,7
1420,4,2,21.58,7
1421,4,2,20.12,7
1422,4,2,21.56,7
1423,4,2,22.44,7
1424,4,2,22.74,7
1425,4,2,23.52,7
1426,4,2,23.94,7
1427,4,2,23.56,7
1428,4,2,23.66,7
1429,4,2,23.18,7
1430,4,2,21.98,7
1431,4,2,23.02,7
1432,4,2,21.26,7
1433,4,2,20.94,7
1434,4,2,21.0,7
1435,4,2,21.06,7
1436,4,2,21.34,7
1437,4,2,22.0,7
1438,4,2,22.92,7
1439,4,2,21.84,7
1440,4,2,22.18,7
1441,4,2,21.82,7
1442,4,2,22.42,7
1443,4,2,23.14,7
1444,4,2,24.46,7
1445,4,2,23.98,7
1446,4,2,24.28,7
1447,4,2,24.06,7
1448,4,2,22.48,7
1449,4,2,23.04,7
1450,4,2,24.1,7
1451,4,2,24.92,7
1452,4,2,24.92,7
1453,4,2,24.3,7
1454,4,2,24.08,7
1455,4,2,23.26,7
1456,4,2,23.9,7
1457,4,2,23.74,7
1458,4,2,22.94,7
1459,4,2,24.52,7
1460,4,2,23.44,7
1461,4,2,23.1,7
1462,4,2,22.44,7
1463,4,2,21.32,7
1464,4,2,21.14,7
1465,4,2,21.06,7
1466,4,2,20.58,7
1467,4,2,21.94,7
1468,4,2,22.7,7
1469,4,2,23.3,7
1470,4,2,24.56,7
1471,4,2,23.54,7
1472,4,2,24.18,7
1473,4,2,24.52,7
1474,4,2,23.7,7
1475,4,2,23.12,7
1476,4,2,23.82,7
1477,4,2,24.36,7
1478,4,2,23.26,7
1479,4,2,23.12,7
1480,4,2,22.86,7
1481,4,2,22.06,7
1482,4,2,22.36,7
1483,4,2,22.76,7
1484,4,2,23.04,7
1485,4,2,22.8,7
1486,4,2,23.58,7
1487,4,2,23.06,7
1488,4,2,23.32,7
1489,4,2,24.38,7
1490,4,2,23.92,7
1491,4,2,24.24,7
1492,4,2,23.96,7
1493,4,2,24.26,7
1494,4,2,23.28,7
1495,4,2,21.84,7
1496,4,2,22.48,7
1497,4,2,23.1,7
1498,4,2,23.54,7
1499,4,2,24.14,7
1500,4,2,24.36,7
1501,4,2,24.36,7
1502,4,2,22.04,7
1503,4,2,23.96,7
1504,4,2,24.12,7
1505,4,2,23.1,7
1506,4,2,22.6,7
1507,4,2,22.4,7
1508,4,2,22.9,7
1509,4,2,22.7,7
1510,4,2,22.78,7
1511,4,2,23.72,7
1512,4,2,23.92,7
1513,4,2,23.58,7
1514,4,2,23.7,7
1515,4,2,23.46,7
1516,4,2,23.38,7
1517,4,2,23.36,7
1518,4,2,24.12,7
1519,4,2,24.86,7
1520,4,2,24.74,7
1521,4,2,24.18,7
1522,4,2,24.42,7
1523,4,2,23.74,7
1524,4,2,23.32,7
1525,4,2,23.7,7
1526,4,2,23.34,7
1527,4,2,23.02,7
1528,4,2,23.02,7
1529,4,2,23.86,7
1530,4,2,24.12,7
1531,4,2,24.52,7
1532,4,2,24.64,7
1533,4,2,24.42,7
1534,4,2,22.9,7
1535,4,2,24.16,7
1536,4,2,24.24,7
1537,4,2,23.6,7
1538,4,2,22.54,7
1539,4,2,22.4,7
1540,4,2,21.52,7
1541,4,2,21.54,7
1542,4,2,21.5,7
1543,4,2,21.6,7
1544,4,2,22.18,7
1545,4,2,23.54,7
1546,4,2,23.64,7
1547,4,2,24.14,7
1548,4,2,23.02,7
1549,4,2,22.68,7
1550,4,2,22.0,7
1551,4,2,22.52,7
1552,4,2,23.88,7
1553,4,2,22.76,7
1554,4,2,22.74,7
1555,4,2,23.84,7
1556,4,2,24.06,7
1557,4,2,24.38,7
1558,4,2,25.88,7
1559,4,2,26.52,7
1560,4,2,26.06,7
1561,4,2,25.86,7
1562,4,2,27.06,7
1563,4,2,25.74,7
1564,4,2,26.7,7
1565,4,2,27.0,7
1566,4,2,26.98,7
1567,4,2,27.18,7
1568,4,2,26.86,7
1569,4,2,24.92,7
1570,4,2,24.28,7
1571,4,2,24.56,7
1572,4,2,24.32,7
1573,4,2,24.4,7
1574,4,2,25.26,7
1575,4,2,26.06,7
1576,4,2,25.84,7
1577,4,2,26.26,7
1578,4,2,26.42,7
1579,4,2,26.26,7
1580,4,2,27.24,7
1581,4,2,26.12,7
1582,4,2,26.1,7
1583,4,2,25.18,7
1584,4,2,24.22,7
1585,4,2,23.4,7
1586,4,2,23.66,7
1587,4,2,22.3,7
1588,4,2,22.5,7
1589,4,2,21.42,7
1590,4,2,22.0,7
1591,4,2,22.2,7
1592,4,2,22.42,7
1593,4,2,21.8,7
1594,4,2,21.44,7
1595,4,2,21.26,7
1596,4,2,22.5,7
1597,4,2,22.32,7
1598,4,2,21.6,7
1599,4,2,21.92,7
1600,4,2,23.9,7
1601,4,2,24.24,7
1602,4,2,23.52,7
1603,4,2,24.66,7
1604,4,2,25.5,7
1605,4,2,24.98,7
1606,4,2,24.44,7
1607,4,2,24.14,7
1608,4,2,23.98,7
1609,4,2,23.86,7
1610,4,2,23.38,7
1611,4,2,25.04,7
1612,4,2,25.06,7
1613,4,2,25.34,7
1614,4,2,26.38,7
1615,4,2,27.2,7
1616,4,2,27.62,7
1617,4,2,27.92,7
1618,4,2,27.4,7
1619,4,2,27.18,7
1620,4,2,27.14,7
1621,4,2,26.58,7
1622,4,2,24.86,7
1623,4,2,25.44,7
1624,4,2,24.82,7
1625,4,2,24.6,7
1626,4,2,24.0,7
1627,4,2,22.94,7
1628,4,2,23.16,7
1629,4,2,21.54,7
1630,4,2,22.56,7
1631,4,2,22.32,7
1632,4,2,23.46,7
1633,4,2,23.14,7
1634,4,2,24.04,7
1635,4,2,24.14,7
1636,4,2,22.98,7
1637,4,2,23.96,7
1638,4,2,23.06,7
1639,4,2,23.52,7
1640,4,2,24.4,7
1641,4,2,23.78,7
1642,4,2,24.3,7
1643,4,2,23.76,7
1644,4,2,23.16,7
1645,4,2,22.64,7
1646,4,2,22.76,7
1647,4,2,21.22,7
1648,4,2,21.62,7
1649,4,2,22.8,7
1650,4,2,23.22,7
1651,4,2,23.58,7
1652,4,2,23.6,7
1653,4,2,23.76,7
1654,4,2,21.9,7
1655,4,2,21.86,7
1656,4,2,21.78,7
1657,4,2,22.44,7
1658,4,2,22.74,7
1659,4,2,21.92,7
1660,4,2,21.96,7
1661,4,2,23.12,7
1662,4,2,23.44,7
1663,4,2,23.16,7
1664,4,2,23.86,7
1665,4,2,23.88,7
1666,4,2,22.78,7
1667,4,2,24.42,7
1668,4,2,23.98,7
1669,4,2,24.38,7
1670,4,2,23.22,7
1671,4,2,23.22,7
1672,4,2,24.34,7
1673,4,2,24.64,7
1674,4,2,24.46,7
1675,4,2,24.2,7
1676,4,2,23.72,7
1677,4,2,24.08,7
1678,4,2,23.1,7
1679,4,2,24.04,7
1680,4,2,25.48,7
1681,4,2,26.62,7
1682,4,2,26.08,7
1683,4,2,25.94,7
1684,4,2,24.98,7
1685,4,2,23.64,7
1686,4,2,23.82,7
1687,4,2,23.76,7
1688,4,2,22.2,7
1689,4,2,21.46,7
1690,4,2,21.58,7
1691,4,2,22.1,7
1692,4,2,19.98,6
1693,4,2,18.64,6
1694,4,2,18.98,6
1695,4,2,20.28,6
1696,4,2,19.34,6
1697,4,2,21.5,6
1698,4,2,21.5,6
1699,4,2,21.42,6
1700,4,2,19.66,6
1701,4,2,20.1,6
1702,4,2,20.24,6
1703,4,2,21.16,6
1704,4,2,22.54,6
1705,4,2,22.84,6
1706,4,2,22.56,6
1707,4,2,23.16,6
1708,4,2,23.24,6
1709,4,2,22.4,6
1710,4,2,20.72,6
1711,4,2,19.68,6
1712,4,2,19.98,6
1713,4,2,19.88,6
1714,4,2,20.96,6
1715,4,2,20.62,6
1716,4,2,22.9,6
1717,4,2,22.04,6
1718,4,2,23.5,6
1719,4,2,24.08,6
1720,4,2,22.72,6
1721,4,2,22.22,6
1722,4,2,22.58,6
1723,4,2,22.96,6
1724,4,2,22.8,6
1725,4,2,23.7,6
1726,4,2,23.86,6
1727,4,2,24.62,6
1728,4,2,24.22,6
1729,4,2,24.46,6
1730,4,2,24.38,6
1731,4,2,23.5,6
1732,4,2,21.72,6
1733,4,2,23.0,6
1734,4,2,23.6,6
1735,4,2,24.4,6
1736,4,2,24.82,6
1737,4,2,24.38,6
1738,4,2,24.68,6
1739,4,2,25.02,6
1740,4,2,24.88,6
1741,4,2,24.6,6
1742,4,2,23.94,6
1743,4,2,24.1,6
1744,4,2,25.14,6
1745,4,2,26.18,6
1746,4,2,25.8,6
1747,4,2,24.34,6
1748,4,2,23.12,6
1749,4,2,20.9,6
1750,4,2,20.18,6
1751,4,2,19.76,6
1752,4,2,20.18,6
1753,4,2,20.3,6
1754,4,2,21.0,6
1755,4,2,21.92,6
1756,4,2,21.14,6
1757,4,2,22.38,6
1758,4,2,23.26,6
1759,4,2,24.36,6
1760,4,2,24.26,6
1761,4,2,25.58,6
1762,4,2,25.28,6
1763,4,2,24.82,6
1764,4,2,23.02,6
1765,4,2,22.96,6
1766,4,2,21.32,6
1767,4,2,21.48,6
1768,4,2,21.96,6
1769,4,2,23.22,6
1770,4,2,23.46,6
1771,4,2,22.94,6
1772,4,2,23.66,6
1773,4,2,24.24,6
1774,4,2,23.32,6
1775,4,2,22.48,6
1776,4,2,22.82,6
1777,4,2,23.26,6
1778,4,2,22.26,6
1779,4,2,20.18,6
1780,4,2,20.44,6
1781,4,2,20.98,6
1782,4,2,19.4,6
1783,4,2,20.44,6
1784,4,2,20.92,6
1785,4,2,21.2,6
1786,4,2,20.94,6
1787,4,2,21.48,6
1788,4,2,22.16,6
1789,4,2,22.58,6
1790,4,2,22.54,6
1791,4,2,21.52,6
1792,4,2,22.52,6
1793,4,2,21.58,6
1794,4,2,20.5,6
1795,4,2,20.68,6
1796,4,2,21.46,6
1797,4,2,22.0,6
1798,4,2,21.74,6
1799,4,2,21.38,6
1800,4,2,21.7,6
1801,4,2,22.26,6
1802,4,2,21.98,6
1803,4,2,22.12,6
1804,4,2,23.76,6
1805,4,2,23.96,6
1806,4,2,23.22,6
1807,4,2,23.14,6
1808,4,2,24.48,6
1809,4,2,24.36,6
1810,4,2,24.88,6
1811,4,2,23.72,6
1812,4,2,23.66,6
1813,4,2,22.9,6
1814,4,2,23.44,6
1815,4,2,22.36,6
1816,4,2,21.36,6
1817,4,2,21.06,6
1818,4,2,20.36,6
1819,4,2,20.2,6
1820,4,2,21.26,6
1821,4,2,21.08,6
1822,4,2,22.0,6
1823,4,2,21.38,6
1824,4,2,21.76,6
1825,4,2,20.86,6
1826,4,2,21.0,6
1827,4,2,22.26,6
1828,4,2,23.58,6
1829,4,2,22.22,6
1830,4,2,21.9,6
1831,4,2,22.72,6
1832,4,2,22.02,6
1833,4,2,22.74,6
1834,4,2,22.46,6
1835,4,2,22.82,6
1836,4,2,22.24,6
1837,4,2,22.28,6
1838,4,2,24.46,6
1839,4,2,24.16,6
1840,4,2,22.94,6
1841,4,2,23.26,6
1842,4,2,23.62,6
1843,4,2,24.22,6
1844,4,2,24.2,6
1845,4,2,24.0,6
1846,4,2,25.12,6
1847,4,2,25.02,6
1848,4,2,24.02,6
1849,4,2,24.54,6
1850,4,2,24.32,6
1851,4,2,23.72,6
1852,4,2,23.6,6
1853,4,2,23.56,6
1854,4,2,22.14,6
1855,4,2,21.66,6
1856,4,2,22.96,6
1857,4,2,22.6,6
1858,4,2,22.18,6
1859,4,2,23.16,6
1860,4,2,23.84,6
1861,4,2,24.14,6
1862,4,2,24.74,6
1863,4,2,24.26,6
1864,4,2,21.62,6
1865,4,2,20.42,6
1866,4,2,21.32,6
1867,4,2,21.76,6
1868,4,2,21.44,6
1869,4,2,21.4,6
1870,4,2,22.14,6
1871,4,2,22.64,6
1872,4,2,21.24,6
1873,4,2,21.34,6
1874,4,2,23.2,6
1875,4,2,24.62,6
1876,4,2,24.68,6
1877,4,2,24.34,6
1878,4,2,23.28,6
1879,4,2,22.76,6
1880,4,2,23.76,6
1881,4,2,23.6,6
1882,4,2,24.68,6
1883,4,2,23.7,6
1884,4,2,24.22,6
1885,4,2,24.64,6
1886,4,2,25.48,6
1887,4,2,24.86,6
1888,4,2,25.18,6
1889,4,2,25.62,6
1890,4,2,25.78,6
1891,4,2,25.72,6
1892,4,2,25.36,6
1893,4,2,24.7,6
1894,4,2,23.62,6
1895,4,2,22.8,6
1896,4,2,23.02,6
1897,4,2,22.22,6
1898,4,2,20.56,6
1899,4,2,20.0,6
1900,4,2,19.88,6
1901,4,2,19.9,6
1902,4,2,20.66,6
1903,4,2,21.4,6
1904,4,2,22.5,6
1905,4,2,23.6,6
1906,4,2,23.72,6
1907,4,2,22.88,6
1908,4,2,23.32,6
1909,4,2,24.4,6
1910,4,2,25.06,6
1911,4,2,23.4,6
1912,4,2,23.58,6
1913,4,2,22.52,6
1914,4,2,21.76,6
1915,4,2,22.76,6
1916,4,2,24.32,6
1917,4,2,24.36,6
1918,4,2,24.28,6
1919,4,2,23.48,6
1920,4,2,23.24,6
1921,4,2,22.28,6
1922,4,2,22.68,6
1923,4,2,22.84,6
1924,4,2,22.18,6
1925,4,2,22.5,6
1926,4,2,22.38,6
1927,4,2,23.16,6
1928,4,2,23.68,6
1929,4,2,22.14,6
1930,4,2,22.24,6
1931,4,2,22.7,6
1932,4,2,22.88,6
1933,4,2,24.26,6
1934,4,2,22.08,6
1935,4,2,23.34,6
1936,4,2,21.6,6
1937,4,2,22.58,6
1938,4,2,22.26,6
1939,4,2,21.9,6
1940,4,2,21.94,6
1941,4,2,22.16,6
1942,4,2,23.04,6
1943,4,2,22.3,6
1944,4,2,22.58,6
1945,4,2,22.46,6
1946,4,2,22.0,6
1947,4,2,21.78,6
1948,4,2,21.1,6
1949,4,2,20.38,6
1950,4,2,21.12,6
1951,4,2,21.6,6
1952,4,2,22.72,6
1953,4,2,23.06,6
1954,4,2,24.36,6
1955,4,2,25.68,6
1956,4,2,26.74,6
1957,4,2,26.48,6
1958,4,2,26.06,6
1959,4,2,25.82,6
1960,4,2,26.08,6
1961,4,2,25.46,6
1962,4,2,23.84,6
1963,4,2,23.86,6
1964,4,2,22.58,6
1965,4,2,22.34,6
1966,4,2,21.52,6
1967,4,2,21.98,6
1968,4,2,21.76,6
1969,4,2,20.78,6
1970,4,2,21.34,6
1971,4,2,21.2,6
1972,4,2,21.04,6
1973,4,2,22.12,6
1974,4,2,22.44,6
1975,4,2,24.76,6
1976,4,2,24.12,6
1977,4,2,24.06,6
1978,4,2,26.12,6
1979,4,2,27.46,6
1980,4,2,25.74,6
1981,4,2,27.3,6
1982,4,2,27.04,6
1983,4,2,26.92,6
1984,4,2,25.06,6
1985,4,2,25.88,6
1986,4,2,26.02,6
1987,4,2,24.94,6
1988,4,2,24.04,6
1989,4,2,22.58,6
1990,4,2,23.28,6
1991,4,2,23.28,6
1992,4,2,24.92,6
1993,4,2,23.44,6
1994,4,2,22.42,6
1995,4,2,21.78,6
1996,4,2,22.08,6
1997,4,2,21.6,6
1998,4,2,21.66,6
1999,4,2,21.0,6
2000,4,2,22.56,6
0,5,2,54.98,40
1,5,2,51.68,39
2,5,2,50.38,39
3,5,2,48.1,36
4,5,2,46.56,36
5,5,2,45.84,36
6,5,2,45.78,36
7,5,2,44.62,34
8,5,2,43.1,34
9,5,2,41.38,31
10,5,2,40.0,31
11,5,2,39.8,30
12,5,2,39.42,30
13,5,2,40.08,30
14,5,2,38.64,28
15,5,2,37.66,28
16,5,2,37.68,28
17,5,2,37.76,28
18,5,2,37.14,28
19,5,2,36.98,28
20,5,2,36.42,28
21,5,2,35.1,27
22,5,2,34.12,25
23,5,2,34.48,25
24,5,2,34.14,24
25,5,2,34.06,24
26,5,2,32.82,24
27,5,2,32.6,23
28,5,2,34.08,22
29,5,2,35.06,22
30,5,2,35.12,22
31,5,2,35.42,22
32,5,2,35.36,22
33,5,2,34.6,22
34,5,2,36.94,22
35,5,2,36.32,22
36,5,2,36.18,22
37,5,2,35.0,22
38,5,2,36.14,22
39,5,2,36.38,22
40,5,2,34.24,22
41,5,2,35.18,22
42,5,2,35.22,21
43,5,2,35.42,21
44,5,2,32.92,21
45,5,2,31.18,21
46,5,2,31.8,21
47,5,2,30.86,21
48,5,2,30.66,21
49,5,2,30.04,21
50,5,2,29.5,21
51,5,2,29.24,21
52,5,2,30.34,21
53,5,2,30.88,21
54,5,2,30.9,21
55,5,2,30.98,21
56,5,2,32.44,21
57,5,2,32.04,21
58,5,2,32.0,21
59,5,2,31.02,21
60,5,2,31.52,21
61,5,2,32.7,21
62,5,2,32.86,21
63,5,2,32.78,21
64,5,2,32.46,21
65,5,2,30.82,21
66,5,2,31.24,21
67,5,2,30.06,21
68,5,2,30.56,21
69,5,2,29.36,21
70,5,2,30.3,21
71,5,2,29.82,21
72,5,2,30.02,21
73,5,2,30.42,21
74,5,2,30.7,21
75,5,2,31.26,21
76,5,2,31.58,21
77,5,2,31.78,21
78,5,2,32.62,21
79,5,2,34.18,21
80,5,2,33.36,21
81,5,2,33.14,21
82,5,2,32.42,21
83,5,2,32.06,21
84,5,2,32.32,21
85,5,2,32.74,21
86,5,2,32.18,21
87,5,2,32.52,21
88,5,2,32.12,21
89,5,2,32.76,21
90,5,2,33.38,21
91,5,2,33.36,21
92,5,2,34.2,21
93,5,2,33.24,21
94,5,2,32.98,21
95,5,2,33.98,21
96,5,2,34.22,21
97,5,2,35.2,21
98,5,2,34.54,21
99,5,2,34.62,21
100,5,2,33.92,21
101,5,2,32.78,21
102,5,2,32.28,21
103,5,2,31.96,21
104,5,2,32.7,21
105,5,2,32.36,21
106,5,2,33.26,21
107,5,2,32.62,21
108,5,2,31.7,21
109,5,2,31.58,21
110,5,2,31.32,21
111,5,2,31.66,21
112,5,2,31.5,21
113,5,2,32.06,21
114,5,2,31.2,21
115,5,2,31.56,20
116,5,2,31.84,20
117,5,2,31.64,20
118,5,2,30.88,19
119,5,2,29.7,19
120,5,2,28.94,19
121,5,2,29.34,19
122,5,2,29.74,19
123,5,2,29.64,19
124,5,2,29.22,19
125,5,2,30.08,19
126,5,2,30.4,19
127,5,2,30.82,19
128,5,2,30.0,19
129,5,2,29.92,19
130,5,2,30.46,19
131,5,2,30.96,19
132,5,2,30.7,19
133,5,2,30.34,19
134,5,2,30.12,19
135,5,2,30.54,19
136,5,2,30.76,19
137,5,2,31.0,19
138,5,2,31.46,19
139,5,2,31.04,19
140,5,2,31.28,19
141,5,2,32.04,19
142,5,2,31.46,19
143,5,2,30.06,19
144,5,2,30.5,19
145,5,2,29.2,19
146,5,2,29.46,19
147,5,2,29.68,19
148,5,2,29.62,19
149,5,2,30.32,19
150,5,2,31.3,19
151,5,2,30.5,19
152,5,2,29.66,19
153,5,2,30.44,19
154,5,2,30.68,19
155,5,2,29.64,19
156,5,2,29.26,19
157,5,2,30.0,19
158,5,2,29.04,19
159,5,2,30.22,19
160,5,2,30.4,18
161,5,2,29.48,18
162,5,2,29.54,18
163,5,2,29.5,18
164,5,2,29.98,18
165,5,2,30.66,18
166,5,2,30.6,18
167,5,2,30.98,18
168,5,2,30.1,18
169,5,2,30.92,18
170,5,2,31.82,18
171,5,2,31.74,18
172,5,2,31.36,18
173,5,2,31.76,18
174,5,2,31.46,18
175,5,2,31.26,18
176,5,2,32.28,18
177,5,2,31.72,18
178,5,2,31.3,18
179,5,2,30.34,18
180,5,2,30.1,18
181,5,2,28.64,18
182,5,2,27.1,18
183,5,2,27.48,18
184,5,2,28.56,15
185,5,2,28.64,15
186,5,2,27.6,15
187,5,2,27.42,15
188,5,2,26.86,15
189,5,2,27.2,15
190,5,2,28.14,15
191,5,2,28.48,15
192,5,2,28.3,15
193,5,2,27.5,15
194,5,2,27.82,15
195,5,2,27.76,15
196,5,2,27.84,15
197,5,2,27.76,15
198,5,2,27.94,15
199,5,2,28.36,15
200,5,2,28.98,15
201,5,2,29.58,15
202,5,2,30.58,15
203,5,2,30.86,15
204,5,2,31.42,15
205,5,2,31.26,15
206,5,2,29.4,15
207,5,2,29.3,15
208,5,2,28.88,15
209,5,2,27.28,15
210,5,2,27.58,15
211,5,2,29.32,15
212,5,2,29.26,15
213,5,2,28.72,15
214,5,2,28.18,15
215,5,2,28.48,15
216,5,2,28.6,15
217,5,2,29.78,15
218,5,2,29.36,15
219,5,2,29.6,15
220,5,2,29.22,15
221,5,2,28.74,15
222,5,2,28.44,15
223,5,2,29.06,15
224,5,2,28.32,15
225,5,2,27.08,15
226,5,2,25.72,15
227,5,2,26.0,15
228,5,2,26.3,15
229,5,2,26.66,15
230,5,2,27.04,15
231,5,2,27.1,15
232,5,2,27.84,15
233,5,2,27.88,15
234,5,2,27.62,15
235,5,2,26.24,15
236,5,2,27.14,15
237,5,2,27.88,15
238,5,2,28.34,15
239,5,2,28.4,15
240,5,2,28.0,15
241,5,2,27.24,15
242,5,2,26.78,15
243,5,2,27.76,15
244,5,2,27.62,15
245,5,2,27.58,15
246,5,2,27.58,15
247,5,2,27.28,15
248,5,2,28.04,15
249,5,2,27.96,15
250,5,2,29.9,15
251,5,2,31.52,15
252,5,2,30.78,15
253,5,2,29.32,15
254,5,2,28.54,15
255,5,2,29.38,15
256,5,2,30.02,15
257,5,2,29.46,15
258,5,2,29.02,15
259,5,2,29.02,15
260,5,2,29.36,15
261,5,2,28.84,15
262,5,2,29.2,15
263,5,2,28.92,15
264,5,2,27.84,15
265,5,2,28.6,15
266,5,2,28.16,15
267,5,2,27.76,15
268,5,2,27.18,15
269,5,2,27.34,15
270,5,2,26.02,15
271,5,2,27.3,15
272,5,2,26.84,15
273,5,2,26.74,15
274,5,2,28.36,15
275,5,2,29.76,15
276,5,2,29.28,15
277,5,2,29.8,15
278,5,2,30.56,15
279,5,2,29.6,15
280,5,2,30.8,15
281,5,2,29.4,15
282,5,2,28.24,15
283,5,2,26.36,15
284,5,2,25.98,15
285,5,2,27.5,15
286,5,2,28.98,15
287,5,2,27.82,15
288,5,2,27.98,15
289,5,2,28.88,15
290,5,2,28.22,15
291,5,2,27.96,15
292,5,2,29.54,15
293,5,2,30.16,15
294,5,2,30.56,15
295,5,2,31.68,15
296,5,2,30.54,15
297,5,2,30.06,15
298,5,2,29.16,14
299,5,2,29.92,14
300,5,2,29.24,14
301,5,2,28.98,14
302,5,2,28.16,14
303,5,2,27.96,14
304,5,2,27.98,14
305,5,2,27.9,14
306,5,2,28.24,14
307,5,2,28.58,14
308,5,2,29.1,14
309,5,2,29.42,14
310,5,2,29.32,14
311,5,2,29.94,14
312,5,2,29.98,14
313,5,2,28.52,14
314,5,2,29.78,14
315,5,2,27.26,14
316,5,2,26.6,14
317,5,2,25.42,14
318,5,2,26.32,14
319,5,2,26.88,14
320,5,2,27.58,14
321,5,2,26.94,14
322,5,2,27.06,14
323,5,2,27.82,14
324,5,2,28.78,14
325,5,2,28.32,14
326,5,2,28.14,14
327,5,2,26.2,14
328,5,2,26.28,14
329,5,2,26.32,14
330,5,2,27.96,14
331,5,2,28.32,14
332,5,2,28.0,14
333,5,2,28.26,14
334,5,2,29.22,14
335,5,2,27.48,14
336,5,2,27.6,14
337,5,2,27.44,14
338,5,2,27.86,14
339,5,2,28.9,14
340,5,2,28.66,14
341,5,2,29.08,14
342,5,2,28.26,14
343,5,2,29.36,14
344,5,2,28.42,14
345,5,2,27.2,14
346,5,2,27.3,13
347,5,2,27.18,13
348,5,2,27.3,13
349,5,2,27.98,13
350,5,2,28.74,13
351,5,2,28.2,13
352,5,2,27.98,13
353,5,2,28.56,13
354,5,2,29.08,13
355,5,2,27.52,13
356,5,2,26.78,13
357,5,2,27.28,13
358,5,2,28.42,13
359,5,2,28.08,13
360,5,2,28.56,13
361,5,2,27.8,13
362,5,2,26.82,13
363,5,2,26.68,13
364,5,2,26.88,13
365,5,2,26.76,13
366,5,2,26.56,13
367,5,2,26.2,13
368,5,2,27.52,13
369,5,2,28.12,13
370,5,2,27.26,13
371,5,2,26.7,13
372,5,2,26.12,13
373,5,2,26.76,13
374,5,2,27.92,13
375,5,2,28.58,13
376,5,2,28.94,13
377,5,2,29.04,13
378,5,2,29.38,13
379,5,2,28.24,13
380,5,2,27.78,13
381,5,2,27.46,13
382,5,2,28.5,13
383,5,2,28.26,13
384,5,2,27.44,13
385,5,2,26.34,13
386,5,2,26.78,13
387,5,2,24.94,13
388,5,2,24.06,13
389,5,2,24.8,13
390,5,2,26.36,13
391,5,2,25.76,13
392,5,2,26.44,13
393,5,2,27.12,13
394,5,2,27.16,13
395,5,2,27.46,13
396,5,2,28.06,13
397,5,2,28.18,13
398,5,2,29.02,13
399,5,2,28.66,13
400,5,2,27.74,13
401,5,2,28.58,13
402,5,2,27.38,13
403,5,2,28.18,13
404,5,2,29.9,13
405,5,2,28.8,13
406,5,2,28.46,13
407,5,2,27.92,13
408,5,2,28.58,13
409,5,2,26.3,13
410,5,2,27.16,13
411,5,2,26.76,13
412,5,2,25.22,13
413,5,2,26.18,13
414,5,2,26.56,13
415,5,2,27.36,13
416,5,2,28.06,13
417,5,2,26.14,13
418,5,2,26.28,13
419,5,2,25.94,13
420,5,2,25.8,13
421,5,2,25.74,13
422,5,2,27.14,13
423,5,2,26.46,13
424,5,2,25.98,13
425,5,2,23.4,13
426,5,2,23.9,13
427,5,2,23.7,13
428,5,2,25.42,13
429,5,2,25.26,13
430,5,2,26.62,13
431,5,2,25.74,13
432,5,2,26.98,13
433,5,2,28.16,13
434,5,2,27.18,13
435,5,2,26.14,13
436,5,2,26.64,13
437,5,2,26.88,13
438,5,2,26.98,13
439,5,2,26.56,13
440,5,2,25.42,13
441,5,2,26.14,13
442,5,2,27.18,13
443,5,2,27.36,13
444,5,2,26.64,13
445,5,2,25.56,13
446,5,2,25.36,13
447,5,2,24.94,13
448,5,2,26.64,13
449,5,2,28.18,13
450,5,2,29.1,13
451,5,2,27.44,13
452,5,2,25.92,13
453,5,2,25.62,13
454,5,2,26.08,13
455,5,2,25.04,13
456,5,2,25.84,13
457,5,2,26.8,13
458,5,2,25.82,13
459,5,2,26.96,13
460,5,2,26.94,13
461,5,2,26.44,13
462,5,2,25.76,13
463,5,2,26.6,13
464,5,2,26.7,13
465,5,2,26.38,13
466,5,2,27.48,13
467,5,2,27.68,13
468,5,2,27.62,13
469,5,2,27.74,13
470,5,2,28.06,13
471,5,2,27.6,13
472,5,2,27.68,13
473,5,2,26.64,13
474,5,2,25.68,13
475,5,2,26.2,13
476,5,2,27.66,13
477,5,2,28.38,13
478,5,2,28.2,13
479,5,2,29.08,13
480,5,2,28.0,13
481,5,2,26.54,13
482,5,2,27.68,13
483,5,2,28.7,13
484,5,2,29.8,13
485,5,2,28.76,13
486,5,2,29.2,13
487,5,2,29.06,13
488,5,2,29.1,13
489,5,2,28.56,13
490,5,2,28.14,13
491,5,2,27.4,13
492,5,2,26.66,13
493,5,2,27.36,13
494,5,2,27.2,13
495,5,2,25.72,13
496,5,2,25.04,13
497,5,2,26.02,13
498,5,2,26.98,13
499,5,2,27.42,13
500,5,2,27.5,13
501,5,2,28.06,13
502,5,2,27.22,13
503,5,2,27.56,13
504,5,2,28.24,13
505,5,2,27.7,13
506,5,2,26.34,13
507,5,2,25.24,13
508,5,2,24.48,13
509,5,2,24.42,13
510,5,2,25.16,13
511,5,2,25.06,13
512,5,2,25.28,13
513,5,2,26.28,13
514,5,2,26.34,13
515,5,2,27.68,13
516,5,2,28.68,13
517,5,2,28.56,13
518,5,2,27.76,13
519,5,2,28.2,13
520,5,2,29.5,13
521,5,2,29.2,13
522,5,2,28.14,13
523,5,2,28.08,13
524,5,2,28.18,13
525,5,2,28.56,13
526,5,2,28.2,13
527,5,2,28.56,13
528,5,2,27.8,13
529,5,2,27.98,13
530,5,2,28.64,13
531,5,2,29.08,13
532,5,2,29.2,13
533,5,2,27.92,13
534,5,2,27.4,13
535,5,2,26.42,13
536,5,2,27.08,13
537,5,2,27.58,13
538,5,2,27.84,13
539,5,2,28.24,13
540,5,2,26.06,13
541,5,2,26.76,13
542,5,2,27.66,13
543,5,2,27.86,13
544,5,2,28.34,13
545,5,2,28.6,13
546,5,2,28.24,13
547,5,2,28.26,13
548,5,2,27.66,13
549,5,2,26.66,13
550,5,2,26.76,13
551,5,2,27.88,13
552,5,2,28.28,13
553,5,2,27.8,13
554,5,2,26.5,13
555,5,2,26.04,13
556,5,2,26.7,13
557,5,2,27.76,13
558,5,2,27.28,13
559,5,2,26.96,13
560,5,2,26.28,13
561,5,2,26.74,13
562,5,2,27.44,13
563,5,2,26.84,13
564,5,2,28.16,13
565,5,2,28.68,13
566,5,2,27.64,13
567,5,2,27.06,13
568,5,2,25.66,13
569,5,2,25.4,13
570,5,2,23.98,13
571,5,2,24.1,13
572,5,2,24.28,13
573,5,2,23.68,13
574,5,2,25.54,13
575,5,2,25.72,13
576,5,2,25.76,13
577,5,2,25.26,13
578,5,2,24.4,13
579,5,2,25.16,13
580,5,2,26.0,13
581,5,2,26.08,13
582,5,2,27.06,13
583,5,2,26.66,13
584,5,2,26.98,13
585,5,2,28.16,13
586,5,2,28.38,13
587,5,2,28.88,13
588,5,2,29.06,13
589,5,2,27.38,13
590,5,2,25.94,13
591,5,2,24.4,13
592,5,2,24.96,13
593,5,2,25.58,13
594,5,2,26.0,13
595,5,2,25.28,13
596,5,2,26.4,13
597,5,2,26.92,13
598,5,2,28.04,13
599,5,2,28.4,13
600,5,2,28.9,13
601,5,2,28.12,13
602,5,2,27.14,13
603,5,2,25.42,13
604,5,2,26.26,13
605,5,2,26.32,13
606,5,2,25.78,13
607,5,2,26.32,13
608,5,2,26.52,13
609,5,2,25.76,13
610,5,2,26.76,13
611,5,2,27.32,13
612,5,2,26.48,13
613,5,2,27.82,13
614,5,2,29.36,13
615,5,2,29.3,13
616,5,2,28.52,13
617,5,2,28.72,13
618,5,2,27.92,13
619,5,2,27.5,13
620,5,2,27.78,13
621,5,2,27.26,13
622,5,2,27.0,13
623,5,2,26.54,13
624,5,2,25.9,12
625,5,2,26.56,12
626,5,2,27.36,12
627,5,2,26.28,12
628,5,2,25.74,12
629,5,2,25.94,12
630,5,2,28.26,12
631,5,2,28.28,12
632,5,2,29.16,12
633,5,2,29.04,12
634,5,2,29.24,12
635,5,2,29.5,12
636,5,2,29.38,12
637,5,2,28.14,12
638,5,2,28.12,12
639,5,2,28.02,12
640,5,2,26.08,12
641,5,2,26.66,12
642,5,2,25.84,12
643,5,2,26.0,12
644,5,2,25.46,12
645,5,2,24.88,12
646,5,2,24.76,12
647,5,2,25.26,12
648,5,2,25.52,12
649,5,2,25.58,12
650,5,2,26.06,12
651,5,2,26.3,12
652,5,2,26.24,12
653,5,2,25.66,11
654,5,2,25.72,11
655,5,2,26.42,11
656,5,2,27.08,11
657,5,2,25.58,11
658,5,2,25.04,11
659,5,2,24.74,11
660,5,2,24.2,11
661,5,2,24.22,11
662,5,2,25.16,11
663,5,2,25.92,11
664,5,2,26.16,11
665,5,2,25.84,11
666,5,2,24.9,11
667,5,2,24.9,11
668,5,2,25.64,11
669,5,2,26.28,11
670,5,2,27.1,11
671,5,2,26.74,11
672,5,2,25.92,11
673,5,2,27.0,11
674,5,2,26.66,11
675,5,2,26.92,11
676,5,2,26.46,11
677,5,2,26.46,11
678,5,2,25.98,11
679,5,2,24.68,11
680,5,2,27.04,11
681,5,2,28.1,11
682,5,2,28.18,11
683,5,2,27.62,11
684,5,2,28.26,11
685,5,2,27.34,11
686,5,2,28.62,11
687,5,2,27.58,11
688,5,2,24.98,11
689,5,2,25.3,11
690,5,2,26.04,11
691,5,2,25.92,11
692,5,2,25.36,11
693,5,2,25.34,11
694,5,2,24.88,11
695,5,2,24.9,11
696,5,2,26.6,11
697,5,2,25.28,11
698,5,2,25.7,11
699,5,2,26.3,11
700,5,2,26.04,11
701,5,2,24.56,11
702,5,2,25.58,11
703,5,2,24.94,11
704,5,2,24.76,11
705,5,2,24.72,11
706,5,2,25.52,11
707,5,2,25.9,11
708,5,2,26.2,11
709,5,2,26.66,11
710,5,2,27.78,11
711,5,2,28.14,11
712,5,2,29.94,11
713,5,2,30.48,11
714,5,2,30.5,11
715,5,2,29.86,11
716,5,2,28.88,11
717,5,2,29.92,11
718,5,2,29.88,11
719,5,2,28.08,11
720,5,2,27.74,11
721,5,2,27.2,11
722,5,2,26.1,11
723,5,2,24.96,11
724,5,2,26.36,11
725,5,2,27.02,11
726,5,2,26.66,11
727,5,2,28.0,11
728,5,2,27.16,11
729,5,2,26.06,11
730,5,2,26.14,11
731,5,2,24.98,11
732,5,2,25.32,11
733,5,2,25.72,11
734,5,2,25.3,11
735,5,2,25.16,11
736,5,2,25.74,11
737,5,2,26.54,11
738,5,2,26.06,11
739,5,2,24.88,11
740,5,2,24.26,11
741,5,2,24.9,11
742,5,2,23.98,11
743,5,2,24.12,11
744,5,2,24.82,11
745,5,2,25.84,11
746,5,2,26.12,11
747,5,2,25.56,11
748,5,2,24.5,11
749,5,2,23.96,11
750,5,2,23.44,11
751,5,2,22.84,11
752,5,2,24.4,11
753,5,2,24.4,11
754,5,2,24.26,11
755,5,2,23.42,11
756,5,2,23.2,11
757,5,2,24.28,11
758,5,2,23.4,11
759,5,2,23.62,11
760,5,2,23.96,11
761,5,2,24.32,11
762,5,2,24.96,11
763,5,2,24.5,11
764,5,2,24.72,11
765,5,2,25.4,11
766,5,2,26.7,11
767,5,2,27.52,11
768,5,2,28.24,11
769,5,2,27.6,11
770,5,2,27.2,11
771,5,2,27.26,11
772,5,2,26.22,11
773,5,2,25.76,11
774,5,2,23.34,11
775,5,2,23.16,11
776,5,2,23.6,11
777,5,2,23.6,11
778,5,2,23.8,11
779,5,2,24.48,11
780,5,2,25.78,11
781,5,2,25.8,11
782,5,2,24.82,11
783,5,2,24.42,11
784,5,2,25.7,11
785,5,2,25.08,11
786,5,2,24.7,11
787,5,2,24.86,11
788,5,2,23.76,11
789,5,2,23.22,11
790,5,2,22.32,11
791,5,2,23.74,11
792,5,2,24.64,11
793,5,2,24.48,11
794,5,2,25.38,11
795,5,2,25.24,11
796,5,2,25.22,11
797,5,2,25.0,11
798,5,2,24.18,11
799,5,2,24.38,11
800,5,2,23.8,11
801,5,2,23.68,11
802,5,2,23.76,11
803,5,2,24.16,11
804,5,2,24.02,11
805,5,2,23.72,11
806,5,2,24.0,11
807,5,2,23.72,11
808,5,2,24.26,11
809,5,2,24.96,11
810,5,2,24.36,11
811,5,2,25.22,11
812,5,2,24.98,11
813,5,2,25.46,11
814,5,2,24.38,10
815,5,2,24.32,10
816,5,2,24.46,10
817,5,2,24.56,10
818,5,2,24.7,10
819,5,2,23.38,10
820,5,2,22.32,10
821,5,2,22.42,10
822,5,2,22.86,10
823,5,2,23.72,10
824,5,2,24.4,10
825,5,2,25.72,10
826,5,2,25.44,10
827,5,2,25.86,10
828,5,2,25.88,10
829,5,2,25.42,10
830,5,2,25.68,10
831,5,2,26.28,10
832,5,2,24.86,10
833,5,2,24.34,10
834,5,2,23.0,10
835,5,2,22.74,10
836,5,2,23.64,10
837,5,2,24.34,10
838,5,2,24.28,10
839,5,2,24.86,10
840,5,2,22.92,10
841,5,2,22.7,10
842,5,2,22.6,10
843,5,2,22.36,10
844,5,2,23.0,10
845,5,2,23.46,10
846,5,2,23.64,10
847,5,2,25.0,10
848,5,2,26.0,10
849,5,2,26.92,10
850,5,2,27.46,10
851,5,2,27.0,10
852,5,2,25.5,10
853,5,2,25.56,10
854,5,2,24.56,10
855,5,2,25.4,10
856,5,2,26.08,10
857,5,2,26.78,10
858,5,2,25.48,10
859,5,2,26.62,10
860,5,2,24.9,10
861,5,2,23.4,10
862,5,2,23.38,10
863,5,2,23.44,10
864,5,2,24.5,10
865,5,2,25.54,10
866,5,2,26.42,10
867,5,2,25.36,10
868,5,2,25.22,10
869,5,2,26.46,10
870,5,2,28.02,10
871,5,2,25.92,10
872,5,2,26.06,10
873,5,2,25.58,10
874,5,2,24.4,10
875,5,2,23.04,10
876,5,2,24.06,10
877,5,2,25.06,10
878,5,2,24.7,10
879,5,2,24.62,10
880,5,2,25.42,10
881,5,2,25.34,10
882,5,2,26.48,10
883,5,2,27.08,10
884,5,2,28.78,10
885,5,2,29.1,10
886,5,2,28.1,10
887,5,2,28.2,10
888,5,2,27.72,10
889,5,2,27.64,10
890,5,2,26.88,10
891,5,2,24.96,10
892,5,2,24.86,10
893,5,2,25.34,10
894,5,2,25.12,10
895,5,2,24.64,10
896,5,2,24.06,10
897,5,2,25.6,10
898,5,2,26.16,10
899,5,2,25.32,10
900,5,2,25.04,10
901,5,2,25.24,10
902,5,2,24.38,10
903,5,2,25.84,10
904,5,2,26.1,10
905,5,2,25.38,10
906,5,2,25.96,10
907,5,2,24.36,10
908,5,2,24.76,10
909,5,2,24.68,10
910,5,2,24.32,10
911,5,2,24.14,10
912,5,2,25.04,10
913,5,2,24.22,10
914,5,2,24.66,10
915,5,2,25.06,10
916,5,2,23.62,10
917,5,2,25.02,10
918,5,2,24.08,10
919,5,2,24.2,10
920,5,2,25.04,10
921,5,2,25.14,10
922,5,2,26.06,10
923,5,2,25.8,10
924,5,2,25.38,10
925,5,2,26.52,10
926,5,2,24.9,9
927,5,2,23.8,9
928,5,2,23.68,9
929,5,2,24.28,9
930,5,2,24.72,9
931,5,2,24.92,9
932,5,2,24.44,9
933,5,2,25.32,9
934,5,2,26.08,9
935,5,2,26.5,9
936,5,2,27.64,9
937,5,2,27.26,9
938,5,2,26.92,9
939,5,2,24.92,9
940,5,2,25.6,9
941,5,2,24.34,9
942,5,2,22.9,9
943,5,2,22.64,9
944,5,2,23.92,9
945,5,2,25.38,9
946,5,2,26.2,9
947,5,2,26.34,9
948,5,2,26.24,9
949,5,2,24.96,9
950,5,2,24.48,9
951,5,2,24.36,9
952,5,2,24.6,9
953,5,2,23.94,9
954,5,2,21.72,9
955,5,2,23.24,9
956,5,2,22.46,9
957,5,2,22.54,9
958,5,2,22.38,9
959,5,2,22.92,9
960,5,2,23.5,9
961,5,2,23.78,9
962,5,2,24.26,9
963,5,2,24.98,9
964,5,2,25.28,9
965,5,2,26.12,9
966,5,2,25.02,9
967,5,2,24.0,9
968,5,2,22.7,9
969,5,2,24.38,9
970,5,2,24.4,9
971,5,2,23.34,9
972,5,2,23.28,9
973,5,2,22.76,9
974,5,2,23.7,9
975,5,2,22.86,9
976,5,2,23.96,9
977,5,2,22.8,9
978,5,2,22.8,9
979,5,2,23.44,9
980,5,2,23.84,9
981,5,2,24.54,9
982,5,2,24.2,9
983,5,2,23.34,9
984,5,2,25.76,9
985,5,2,25.0,9
986,5,2,23.68,9
987,5,2,22.08,9
988,5,2,22.7,9
989,5,2,21.82,9
990,5,2,22.18,9
991,5,2,23.6,9
992,5,2,23.46,9
993,5,2,21.92,9
994,5,2,23.92,9
995,5,2,24.22,9
996,5,2,24.98,9
997,5,2,24.68,9
998,5,2,25.94,9
999,5,2,26.58,9
1000,5,2,26.38,9
1001,5,2,27.94,9
1002,5,2,27.62,9
1003,5,2,27.18,9
1004,5,2,27.2,9
1005,5,2,27.16,9
1006,5,2,26.0,9
1007,5,2,25.66,9
1008,5,2,24.6,9
1009,5,2,25.96,9
1010,5,2,25.68,9
1011,5,2,24.26,9
1012,5,2,24.56,9
1013,5,2,24.06,9
1014,5,2,25.04,9
1015,5,2,26.68,9
1016,5,2,26.22,9
1017,5,2,27.06,9
1018,5,2,26.9,9
1019,5,2,26.66,9
1020,5,2,25.16,9
1021,5,2,25.22,9
1022,5,2,25.12,9
1023,5,2,25.0,9
1024,5,2,26.26,9
1025,5,2,25.72,9
1026,5,2,26.74,9
1027,5,2,27.16,9
1028,5,2,27.68,9
1029,5,2,26.96,9
1030,5,2,27.26,9
1031,5,2,27.04,9
1032,5,2,28.06,9
1033,5,2,28.0,9
1034,5,2,27.3,9
1035,5,2,25.46,9
1036,5,2,25.76,9
1037,5,2,25.1,9
1038,5,2,24.56,9
1039,5,2,22.8,9
1040,5,2,23.9,9
1041,5,2,23.96,9
1042,5,2,24.04,9
1043,5,2,25.16,9
1044,5,2,24.94,9
1045,5,2,24.54,9
1046,5,2,25.72,9
1047,5,2,23.76,9
1048,5,2,24.1,9
1049,5,2,23.54,9
1050,5,2,23.7,9
1051,5,2,23.8,9
1052,5,2,23.94,9
1053,5,2,23.44,9
1054,5,2,23.98,9
1055,5,2,23.1,9
1056,5,2,24.68,9
1057,5,2,24.88,9
1058,5,2,26.32,9
1059,5,2,25.58,9
1060,5,2,25.18,9
1061,5,2,25.22,9
1062,5,2,25.86,9
1063,5,2,27.42,9
1064,5,2,26.48,9
1065,5,2,26.16,9
1066,5,2,26.58,9
1067,5,2,26.76,9
1068,5,2,26.42,9
1069,5,2,26.06,9
1070,5,2,25.94,9
1071,5,2,27.2,9
1072,5,2,26.84,9
1073,5,2,27.88,9
1074,5,2,28.14,9
1075,5,2,28.3,9
1076,5,2,28.32,9
1077,5,2,29.08,9
1078,5,2,29.62,9
1079,5,2,28.86,9
1080,5,2,28.86,9
1081,5,2,29.86,9
1082,5,2,29.2,9
1083,5,2,27.16,9
1084,5,2,27.24,9
1085,5,2,27.2,9
1086,5,2,26.3,9
1087,5,2,24.26,9
1088,5,2,24.96,9
1089,5,2,24.7,9
1090,5,2,24.76,9
1091,5,2,24.5,9
1092,5,2,24.5,9
1093,5,2,25.02,9
1094,5,2,23.46,9
1095,5,2,21.96,9
1096,5,2,22.0,9
1097,5,2,21.98,9
1098,5,2,22.76,9
1099,5,2,23.44,9
1100,5,2,24.28,9
1101,5,2,24.86,9
1102,5,2,25.58,9
1103,5,2,26.02,9
1104,5,2,25.84,9
1105,5,2,25.76,9
1106,5,2,25.76,9
1107,5,2,24.88,9
1108,5,2,25.0,9
1109,5,2,25.14,9
1110,5,2,25.76,9
1111,5,2,25.3,9
1112,5,2,25.22,9
1113,5,2,25.18,9
1114,5,2,25.46,9
1115,5,2,25.86,9
1116,5,2,25.22,9
1117,5,2,24.34,9
1118,5,2,24.32,9
1119,5,2,24.88,9
1120,5,2,25.88,9
1121,5,2,25.12,9
1122,5,2,25.38,9
1123,5,2,24.2,9
1124,5,2,25.54,9
1125,5,2,25.24,9
1126,5,2,24.7,9
1127,5,2,24.94,9
1128,5,2,24.82,9
1129,5,2,26.16,9
1130,5,2,26.52,9
1131,5,2,26.32,9
1132,5,2,26.44,9
1133,5,2,25.94,9
1134,5,2,25.36,9
1135,5,2,25.16,9
1136,5,2,24.86,9
1137,5,2,23.78,9
1138,5,2,23.68,9
1139,5,2,23.8,9
1140,5,2,22.68,9
1141,5,2,23.1,9
1142,5,2,23.0,9
1143,5,2,22.94,9
1144,5,2,24.36,9
1145,5,2,24.44,9
1146,5,2,25.08,9
1147,5,2,25.82,9
1148,5,2,24.46,9
1149,5,2,23.88,9
1150,5,2,22.74,8
1151,5,2,21.36,8
1152,5,2,22.36,8
1153,5,2,22.76,8
1154,5,2,23.88,8
1155,5,2,22.98,8
1156,5,2,23.18,8
1157,5,2,22.9,8
1158,5,2,23.54,8
1159,5,2,23.64,8
1160,5,2,23.82,8
1161,5,2,24.8,8
1162,5,2,24.32,8
1163,5,2,25.64,8
1164,5,2,26.78,8
1165,5,2,26.1,8
1166,5,2,26.44,8
1167,5,2,25.56,8
1168,5,2,24.26,8
1169,5,2,23.54,8
1170,5,2,24.98,8
1171,5,2,23.9,8
1172,5,2,23.44,8
1173,5,2,23.48,8
1174,5,2,25.72,8
1175,5,2,24.7,8
1176,5,2,24.68,8
1177,5,2,24.88,8
1178,5,2,25.86,8
1179,5,2,25.62,8
1180,5,2,25.94,8
1181,5,2,25.52,8
1182,5,2,24.28,8
1183,5,2,24.3,8
1184,5,2,23.28,8
1185,5,2,23.08,8
1186,5,2,22.9,8
1187,5,2,22.9,8
1188,5,2,23.42,8
1189,5,2,22.7,8
1190,5,2,23.6,8
1191,5,2,23.66,8
1192,5,2,24.2,8
1193,5,2,25.72,8
1194,5,2,25.7,8
1195,5,2,24.92,7
1196,5,2,24.36,7
1197,5,2,24.62,7
1198,5,2,24.96,7
1199,5,2,23.74,7
1200,5,2,23.54,7
1201,5,2,23.62,7
1202,5,2,23.36,7
1203,5,2,23.64,7
1204,5,2,23.32,7
1205,5,2,23.7,7
1206,5,2,23.92,7
1207,5,2,23.36,7
1208,5,2,22.76,7
1209,5,2,22.56,7
1210,5,2,22.78,7
1211,5,2,21.88,7
1212,5,2,21.12,7
1213,5,2,21.32,7
1214,5,2,21.42,7
1215,5,2,20.74,7
1216,5,2,20.6,7
1217,5,2,20.62,7
1218,5,2,21.68,7
1219,5,2,22.2,7
1220,5,2,22.76,7
1221,5,2,22.94,7
1222,5,2,23.18,7
1223,5,2,24.16,7
1224,5,2,24.34,7
1225,5,2,25.76,7
1226,5,2,25.78,7
1227,5,2,26.44,7
1228,5,2,24.04,7
1229,5,2,21.98,7
1230,5,2,22.4,7
1231,5,2,22.96,7
1232,5,2,22.0,7
1233,5,2,22.54,7
1234,5,2,23.06,7
1235,5,2,22.6,7
1236,5,2,23.08,7
1237,5,2,21.04,7
1238,5,2,23.12,7
1239,5,2,23.26,7
1240,5,2,24.24,7
1241,5,2,23.84,7
1242,5,2,22.94,7
1243,5,2,21.44,7
1244,5,2,20.76,7
1245,5,2,20.58,7
1246,5,2,20.32,7
1247,5,2,21.54,7
1248,5,2,22.66,7
1249,5,2,22.64,7
1250,5,2,22.76,7
1251,5,2,22.9,7
1252,5,2,23.2,7
1253,5,2,23.34,7
1254,5,2,24.48,7
1255,5,2,24.48,7
1256,5,2,24.2,7
1257,5,2,24.46,7
1258,5,2,24.52,7
1259,5,2,23.14,7
1260,5,2,23.1,7
1261,5,2,22.46,7
1262,5,2,21.38,7
1263,5,2,20.7,7
1264,5,2,20.34,7
1265,5,2,22.42,7
1266,5,2,20.92,7
1267,5,2,19.64,7
1268,5,2,18.9,7
1269,5,2,19.48,7
1270,5,2,22.04,7
1271,5,2,21.68,7
1272,5,2,21.46,7
1273,5,2,21.52,7
1274,5,2,23.18,7
1275,5,2,24.9,7
1276,5,2,25.44,7
1277,5,2,25.66,7
1278,5,2,24.78,7
1279,5,2,24.12,7
1280,5,2,23.88,7
1281,5,2,22.56,7
1282,5,2,24.76,7
1283,5,2,24.92,7
1284,5,2,23.62,7
1285,5,2,24.88,7
1286,5,2,24.14,7
1287,5,2,25.18,7
1288,5,2,25.7,7
1289,5,2,24.22,7
1290,5,2,25.2,7
1291,5,2,24.38,7
1292,5,2,25.54,7
1293,5,2,24.0,7
1294,5,2,23.22,7
1295,5,2,24.54,7
1296,5,2,25.36,7
1297,5,2,25.18,7
1298,5,2,22.96,7
1299,5,2,22.5,7
1300,5,2,22.34,7
1301,5,2,23.88,7
1302,5,2,23.54,7
1303,5,2,22.42,7
1304,5,2,21.76,7
1305,5,2,23.68,7
1306,5,2,22.84,7
1307,5,2,22.52,7
1308,5,2,23.32,7
1309,5,2,23.22,7
1310,5,2,23.8,7
1311,5,2,22.62,7
1312,5,2,24.02,7
1313,5,2,23.28,7
1314,5,2,23.92,7
1315,5,2,22.38,7
1316,5,2,22.06,7
1317,5,2,21.82,7
1318,5,2,22.06,7
1319,5,2,23.64,7
1320,5,2,22.8,7
1321,5,2,22.74,7
1322,5,2,22.9,7
1323,5,2,23.26,7
1324,5,2,23.16,7
1325,5,2,23.3,7
1326,5,2,23.0,7
1327,5,2,23.88,7
1328,5,2,23.76,7
1329,5,2,24.32,7
1330,5,2,25.7,7
1331,5,2,26.06,7
1332,5,2,27.92,7
1333,5,2,27.76,7
1334,5,2,26.3,7
1335,5,2,25.06,7
1336,5,2,24.02,7
1337,5,2,22.28,7
1338,5,2,22.9,7
1339,5,2,24.04,7
1340,5,2,23.5,7
1341,5,2,23.06,7
1342,5,2,24.4,7
1343,5,2,24.3,7
1344,5,2,23.76,7
1345,5,2,22.4,7
1346,5,2,21.76,7
1347,5,2,22.3,7
1348,5,2,22.94,7
1349,5,2,23.0,7
1350,5,2,24.18,7
1351,5,2,24.04,7
1352,5,2,23.24,7
1353,5,2,23.16,7
1354,5,2,23.1,7
1355,5,2,22.92,7
1356,5,2,20.8,7
1357,5,2,21.22,7
1358,5,2,21.74,7
1359,5,2,21.4,7
1360,5,2,19.24,7
1361,5,2,19.88,7
1362,5,2,20.76,7
1363,5,2,21.08,7
1364,5,2,20.02,7
1365,5,2,21.28,7
1366,5,2,21.94,7
1367,5,2,21.98,7
1368,5,2,22.44,7
1369,5,2,23.12,7
1370,5,2,24.02,7
1371,5,2,25.64,7
1372,5,2,26.1,7
1373,5,2,24.3,7
1374,5,2,23.36,7
1375,5,2,24.36,7
1376,5,2,24.64,7
1377,5,2,25.58,7
1378,5,2,25.22,7
1379,5,2,26.36,7
1380,5,2,25.44,7
1381,5,2,24.24,7
1382,5,2,23.66,7
1383,5,2,22.82,7
1384,5,2,22.12,7
1385,5,2,23.5,7
1386,5,2,24.2,7
1387,5,2,24.58,7
1388,5,2,24.58,7
1389,5,2,24.42,7
1390,5,2,26.52,7
1391,5,2,26.78,7
1392,5,2,27.16,7
1393,5,2,27.06,7
1394,5,2,26.62,7
1395,5,2,27.72,7
1396,5,2,27.54,7
1397,5,2,26.92,7
1398,5,2,25.48,7
1399,5,2,24.88,7
1400,5,2,24.98,7
1401,5,2,24.14,7
1402,5,2,25.18,7
1403,5,2,25.12,7
1404,5,2,24.06,7
1405,5,2,23.76,7
1406,5,2,25.06,7
1407,5,2,24.76,7
1408,5,2,24.4,7
1409,5,2,24.76,7
1410,5,2,24.64,7
1411,5,2,24.72,7
1412,5,2,24.16,7
1413,5,2,22.46,7
1414,5,2,23.22,7
1415,5,2,23.06,7
1416,5,2,23.46,7
1417,5,2,22.94,7
1418,5,2,22.26,7
1419,5,2,21.74,7
1420,5,2,21.8,7
1421,5,2,22.16,7
1422,5,2,20.9,7
1423,5,2,21.16,7
1424,5,2,21.62,7
1425,5,2,21.6,7
1426,5,2,20.72,7
1427,5,2,21.64,7
1428,5,2,21.96,7
1429,5,2,22.52,7
1430,5,2,23.14,7
1431,5,2,23.06,7
1432,5,2,22.3,7
1433,5,2,20.78,7
1434,5,2,22.36,7
1435,5,2,23.1,7
1436,5,2,20.94,7
1437,5,2,20.76,7
1438,5,2,21.78,7
1439,5,2,21.24,7
1440,5,2,21.56,7
1441,5,2,22.54,7
1442,5,2,23.26,7
1443,5,2,23.56,7
1444,5,2,23.9,7
1445,5,2,23.48,7
1446,5,2,24.2,7
1447,5,2,23.58,7
1448,5,2,23.34,7
1449,5,2,23.38,7
1450,5,2,23.06,7
1451,5,2,21.94,7
1452,5,2,22.4,7
1453,5,2,21.98,7
1454,5,2,21.98,7
1455,5,2,22.3,7
1456,5,2,22.42,7
1457,5,2,23.06,7
1458,5,2,22.68,7
1459,5,2,23.98,7
1460,5,2,23.46,7
1461,5,2,23.64,7
1462,5,2,22.94,7
1463,5,2,24.44,7
1464,5,2,24.5,7
1465,5,2,23.96,7
1466,5,2,23.72,7
1467,5,2,23.18,7
1468,5,2,23.08,7
1469,5,2,21.92,7
1470,5,2,21.82,7
1471,5,2,21.96,7
1472,5,2,22.04,7
1473,5,2,20.64,7
1474,5,2,21.28,7
1475,5,2,22.0,7
1476,5,2,22.48,7
1477,5,2,22.58,7
1478,5,2,22.64,7
1479,5,2,22.08,7
1480,5,2,22.1,7
1481,5,2,21.02,7
1482,5,2,21.3,7
1483,5,2,21.32,7
1484,5,2,20.1,7
1485,5,2,21.22,7
1486,5,2,22.64,7
1487,5,2,24.0,7
1488,5,2,23.34,7
1489,5,2,23.92,7
1490,5,2,22.3,7
1491,5,2,22.22,7
1492,5,2,23.68,7
1493,5,2,22.52,7
1494,5,2,23.78,7
1495,5,2,24.42,7
1496,5,2,25.08,7
1497,5,2,24.96,7
1498,5,2,25.04,7
1499,5,2,24.7,7
1500,5,2,25.68,7
1501,5,2,26.3,7
1502,5,2,25.34,7
1503,5,2,24.94,7
1504,5,2,25.42,7
1505,5,2,24.66,7
1506,5,2,24.2,7
1507,5,2,24.08,7
1508,5,2,22.02,7
1509,5,2,20.36,7
1510,5,2,18.7,7
1511,5,2,20.04,7
1512,5,2,20.82,7
1513,5,2,21.54,7
1514,5,2,21.52,7
1515,5,2,21.34,7
1516,5,2,21.04,7
1517,5,2,22.28,7
1518,5,2,22.2,7
1519,5,2,23.1,7
1520,5,2,22.5,7
1521,5,2,23.6,7
1522,5,2,23.78,7
1523,5,2,23.6,7
1524,5,2,24.32,7
1525,5,2,24.6,7
1526,5,2,22.98,7
1527,5,2,22.74,7
1528,5,2,23.24,7
1529,5,2,23.22,7
1530,5,2,22.2,7
1531,5,2,20.42,7
1532,5,2,20.48,7
1533,5,2,20.66,7
1534,5,2,22.1,7
1535,5,2,22.54,7
1536,5,2,22.08,7
1537,5,2,22.08,7
1538,5,2,22.18,7
1539,5,2,22.0,7
1540,5,2,21.24,7
1541,5,2,20.72,7
1542,5,2,21.52,7
1543,5,2,21.96,7
1544,5,2,22.68,7
1545,5,2,22.72,7
1546,5,2,23.86,7
1547,5,2,25.0,7
1548,5,2,24.46,7
1549,5,2,23.66,7
1550,5,2,24.48,7
1551,5,2,26.18,7
1552,5,2,27.18,7
1553,5,2,25.48,7
1554,5,2,22.74,7
1555,5,2,20.86,7
1556,5,2,20.44,7
1557,5,2,19.86,7
1558,5,2,20.66,7
1559,5,2,21.68,7
1560,5,2,21.76,7
1561,5,2,21.6,7
1562,5,2,20.28,7
1563,5,2,21.04,7
1564,5,2,22.3,7
1565,5,2,22.0,7
1566,5,2,21.98,7
1567,5,2,20.44,7
1568,5,2,20.22,7
1569,5,2,21.28,7
1570,5,2,21.56,7
1571,5,2,21.34,7
1572,5,2,20.36,7
1573,5,2,22.36,7
1574,5,2,21.74,7
1575,5,2,21.62,7
1576,5,2,23.36,7
1577,5,2,24.1,7
1578,5,2,24.04,7
1579,5,2,24.24,7
1580,5,2,23.44,7
1581,5,2,23.12,7
1582,5,2,23.24,7
1583,5,2,22.16,7
1584,5,2,21.78,7
1585,5,2,22.4,7
1586,5,2,23.52,7
1587,5,2,25.42,7
1588,5,2,25.34,7
1589,5,2,24.74,7
1590,5,2,24.3,7
1591,5,2,24.34,7
1592,5,2,24.0,7
1593,5,2,24.02,7
1594,5,2,22.82,7
1595,5,2,23.04,7
1596,5,2,22.08,7
1597,5,2,22.28,7
1598,5,2,23.9,7
1599,5,2,24.2,7
1600,5,2,24.54,7
1601,5,2,23.9,7
1602,5,2,23.58,7
1603,5,2,23.8,7
1604,5,2,23.72,7
1605,5,2,23.46,7
1606,5,2,23.22,7
1607,5,2,22.42,7
1608,5,2,21.56,7
1609,5,2,21.9,7
1610,5,2,20.98,7
1611,5,2,22.04,7
1612,5,2,21.5,7
1613,5,2,20.82,7
1614,5,2,22.06,7
1615,5,2,21.24,7
1616,5,2,21.32,7
1617,5,2,20.74,7
1618,5,2,21.24,7
1619,5,2,22.16,7
1620,5,2,22.66,7
1621,5,2,22.44,7
1622,5,2,21.86,7
1623,5,2,21.78,7
1624,5,2,22.78,7
1625,5,2,24.46,7
1626,5,2,23.66,7
1627,5,2,23.98,7
1628,5,2,22.94,7
1629,5,2,23.04,7
1630,5,2,22.84,7
1631,5,2,23.26,7
1632,5,2,23.0,7
1633,5,2,23.92,7
1634,5,2,25.4,7
1635,5,2,26.1,7
1636,5,2,25.04,7
1637,5,2,25.46,7
1638,5,2,25.02,7
1639,5,2,23.5,7
1640,5,2,21.26,7
1641,5,2,20.52,7
1642,5,2,21.02,7
1643,5,2,22.02,7
1644,5,2,22.7,7
1645,5,2,24.02,7
1646,5,2,23.1,7
1647,5,2,22.12,7
1648,5,2,20.36,7
1649,5,2,21.88,7
1650,5,2,21.08,7
1651,5,2,23.02,7
1652,5,2,23.08,7
1653,5,2,24.64,7
1654,5,2,25.96,7
1655,5,2,25.3,7
1656,5,2,26.94,7
1657,5,2,25.18,7
1658,5,2,24.86,7
1659,5,2,24.68,7
1660,5,2,24.42,7
1661,5,2,24.78,7
1662,5,2,24.62,7
1663,5,2,24.36,7
1664,5,2,24.52,7
1665,5,2,24.92,7
1666,5,2,26.36,7
1667,5,2,26.2,7
1668,5,2,25.66,7
1669,5,2,26.24,7
1670,5,2,26.56,7
1671,5,2,25.9,7
1672,5,2,25.86,7
1673,5,2,25.64,7
1674,5,2,25.8,7
1675,5,2,26.24,7
1676,5,2,26.66,7
1677,5,2,27.42,7
1678,5,2,27.88,7
1679,5,2,28.1,7
1680,5,2,28.78,7
1681,5,2,29.32,7
1682,5,2,29.08,7
1683,5,2,27.44,7
1684,5,2,25.42,7
1685,5,2,22.9,7
1686,5,2,23.24,7
1687,5,2,23.18,7
1688,5,2,23.34,7
1689,5,2,24.2,7
1690,5,2,23.6,7
1691,5,2,23.18,7
1692,5,2,25.24,7
1693,5,2,24.08,7
1694,5,2,22.9,7
1695,5,2,21.7,7
1696,5,2,21.76,7
1697,5,2,21.98,7
1698,5,2,22.6,7
1699,5,2,22.14,7
1700,5,2,22.56,7
1701,5,2,23.56,7
1702,5,2,24.06,7
1703,5,2,23.56,7
1704,5,2,23.98,7
1705,5,2,22.82,7
1706,5,2,24.22,7
1707,5,2,23.5,7
1708,5,2,24.08,7
1709,5,2,22.92,7
1710,5,2,22.34,7
1711,5,2,20.82,7
1712,5,2,21.44,7
1713,5,2,21.96,7
1714,5,2,22.6,7
1715,5,2,22.48,7
1716,5,2,22.62,7
1717,5,2,21.82,7
1718,5,2,22.26,7
1719,5,2,22.84,7
1720,5,2,23.34,7
1721,5,2,24.7,7
1722,5,2,25.2,7
1723,5,2,25.04,7
1724,5,2,25.08,7
1725,5,2,24.26,7
1726,5,2,23.36,7
1727,5,2,23.68,7
1728,5,2,24.16,7
1729,5,2,23.36,7
1730,5,2,21.82,7
1731,5,2,21.62,7
1732,5,2,21.74,7
1733,5,2,22.94,7
1734,5,2,22.7,7
1735,5,2,23.88,7
1736,5,2,23.36,7
1737,5,2,23.2,7
1738,5,2,22.82,7
1739,5,2,23.48,7
1740,5,2,23.4,7
1741,5,2,23.8,7
1742,5,2,24.32,7
1743,5,2,23.32,7
1744,5,2,22.92,7
1745,5,2,24.64,7
1746,5,2,25.18,7
1747,5,2,25.22,7
1748,5,2,26.02,7
1749,5,2,25.66,7
1750,5,2,25.24,7
1751,5,2,24.34,7
1752,5,2,24.82,7
1753,5,2,25.02,7
1754,5,2,24.74,7
1755,5,2,23.18,7
1756,5,2,22.78,7
1757,5,2,24.72,7
1758,5,2,23.94,7
1759,5,2,24.24,7
1760,5,2,23.9,7
1761,5,2,22.4,7
1762,5,2,23.1,7
1763,5,2,22.96,7
1764,5,2,24.48,7
1765,5,2,24.26,7
1766,5,2,23.32,7
1767,5,2,21.74,7
1768,5,2,21.34,7
1769,5,2,21.56,7
1770,5,2,22.42,7
1771,5,2,21.36,7
1772,5,2,21.64,7
1773,5,2,22.52,7
1774,5,2,22.9,7
1775,5,2,22.38,7
1776,5,2,21.78,7
1777,5,2,21.64,7
1778,5,2,23.28,7
1779,5,2,23.66,7
1780,5,2,24.12,7
1781,5,2,23.38,7
1782,5,2,23.56,7
1783,5,2,24.4,7
1784,5,2,23.74,7
1785,5,2,24.48,7
1786,5,2,25.28,7
1787,5,2,26.52,7
1788,5,2,27.92,7
1789,5,2,26.58,7
1790,5,2,26.82,7
1791,5,2,27.18,7
1792,5,2,27.82,7
1793,5,2,28.22,7
1794,5,2,28.56,7
1795,5,2,29.24,7
1796,5,2,29.28,7
1797,5,2,27.54,7
1798,5,2,26.52,7
1799,5,2,26.04,7
1800,5,2,25.36,7
1801,5,2,26.24,7
1802,5,2,26.2,7
1803,5,2,25.4,7
1804,5,2,24.38,7
1805,5,2,24.8,7
1806,5,2,22.64,7
1807,5,2,21.64,7
1808,5,2,21.64,7
1809,5,2,23.08,7
1810,5,2,23.32,7
1811,5,2,24.18,7
1812,5,2,24.24,7
1813,5,2,24.52,7
1814,5,2,23.32,7
1815,5,2,22.94,7
1816,5,2,22.18,7
1817,5,2,23.3,7
1818,5,2,23.56,7
1819,5,2,23.94,7
1820,5,2,24.5,7
1821,5,2,26.0,7
1822,5,2,25.96,7
1823,5,2,25.86,7
1824,5,2,26.64,7
1825,5,2,26.5,7
1826,5,2,25.92,7
1827,5,2,26.48,7
1828,5,2,26.66,7
1829,5,2,26.88,7
1830,5,2,27.22,7
1831,5,2,27.62,7
1832,5,2,27.44,7
1833,5,2,27.68,7
1834,5,2,26.8,7
1835,5,2,26.1,7
1836,5,2,26.34,7
1837,5,2,25.92,7
1838,5,2,26.54,7
1839,5,2,26.28,7
1840,5,2,26.66,7
1841,5,2,26.48,7
1842,5,2,23.72,7
1843,5,2,24.34,7
1844,5,2,23.82,7
1845,5,2,22.96,7
1846,5,2,21.46,7
1847,5,2,19.8,7
1848,5,2,20.34,7
1849,5,2,21.9,7
1850,5,2,21.86,7
1851,5,2,21.9,7
1852,5,2,22.38,7
1853,5,2,22.64,7
1854,5,2,23.46,7
1855,5,2,23.28,7
1856,5,2,24.42,7
1857,5,2,25.64,7
1858,5,2,23.78,7
1859,5,2,26.2,7
1860,5,2,27.04,7
1861,5,2,26.26,7
1862,5,2,25.9,7
1863,5,2,25.88,7
1864,5,2,25.46,7
1865,5,2,24.5,7
1866,5,2,25.4,7
1867,5,2,24.74,7
1868,5,2,25.88,7
1869,5,2,25.42,7
1870,5,2,24.42,7
1871,5,2,23.36,7
1872,5,2,22.48,7
1873,5,2,22.1,7
1874,5,2,22.52,7
1875,5,2,22.42,7
1876,5,2,23.78,7
1877,5,2,23.42,7
1878,5,2,23.62,7
1879,5,2,21.68,7
1880,5,2,22.12,7
1881,5,2,22.26,7
1882,5,2,22.76,7
1883,5,2,21.8,7
1884,5,2,20.9,7
1885,5,2,21.86,7
1886,5,2,20.92,7
1887,5,2,23.12,7
1888,5,2,22.74,7
1889,5,2,22.0,7
1890,5,2,22.08,7
1891,5,2,22.26,7
1892,5,2,21.44,7
1893,5,2,23.44,7
1894,5,2,23.94,7
1895,5,2,25.14,7
1896,5,2,23.98,7
1897,5,2,24.1,7
1898,5,2,24.48,7
1899,5,2,24.38,7
1900,5,2,23.0,7
1901,5,2,24.24,7
1902,5,2,23.0,7
1903,5,2,22.84,7
1904,5,2,20.56,7
1905,5,2,19.98,7
1906,5,2,20.4,7
1907,5,2,20.22,7
1908,5,2,22.44,6
1909,5,2,22.86,6
1910,5,2,22.68,6
1911,5,2,21.66,6
1912,5,2,20.78,6
1913,5,2,21.0,6
1914,5,2,22.58,6
1915,5,2,21.64,6
1916,5,2,21.02,6
1917,5,2,21.42,6
1918,5,2,21.6,6
1919,5,2,21.62,6
1920,5,2,22.26,6
1921,5,2,23.62,6
1922,5,2,23.18,6
1923,5,2,23.12,6
1924,5,2,22.76,6
1925,5,2,22.48,6
1926,5,2,23.58,6
1927,5,2,24.5,6
1928,5,2,25.5,6
1929,5,2,24.5,6
1930,5,2,22.08,6
1931,5,2,20.6,6
1932,5,2,19.76,6
1933,5,2,19.54,6
1934,5,2,20.4,6
1935,5,2,20.32,6
1936,5,2,19.9,6
1937,5,2,19.78,6
1938,5,2,18.98,6
1939,5,2,19.4,6
1940,5,2,20.6,6
1941,5,2,21.9,6
1942,5,2,21.78,6
1943,5,2,22.46,6
1944,5,2,22.56,6
1945,5,2,21.66,6
1946,5,2,20.98,6
1947,5,2,22.16,6
1948,5,2,22.66,6
1949,5,2,22.16,6
1950,5,2,22.0,6
1951,5,2,21.38,6
1952,5,2,21.8,6
1953,5,2,22.54,6
1954,5,2,22.44,6
1955,5,2,21.52,6
1956,5,2,22.44,6
1957,5,2,20.96,6
1958,5,2,20.08,6
1959,5,2,20.22,6
1960,5,2,18.96,6
1961,5,2,19.06,6
1962,5,2,19.64,6
1963,5,2,20.1,6
1964,5,2,21.1,6
1965,5,2,23.0,6
1966,5,2,23.78,6
1967,5,2,23.42,6
1968,5,2,23.82,6
1969,5,2,23.44,6
1970,5,2,24.42,6
1971,5,2,23.96,6
1972,5,2,23.36,6
1973,5,2,24.56,6
1974,5,2,24.88,6
1975,5,2,24.98,6
1976,5,2,25.24,6
1977,5,2,24.66,6
1978,5,2,25.46,6
1979,5,2,24.64,6
1980,5,2,23.62,6
1981,5,2,24.22,6
1982,5,2,22.88,6
1983,5,2,22.74,6
1984,5,2,22.3,6
1985,5,2,23.1,6
1986,5,2,22.46,5
1987,5,2,21.24,5
1988,5,2,21.92,5
1989,5,2,19.28,5
1990,5,2,20.3,5
1991,5,2,22.26,5
1992,5,2,23.08,5
1993,5,2,22.8,5
1994,5,2,21.28,5
1995,5,2,21.62,5
1996,5,2,20.96,5
1997,5,2,22.32,5
1998,5,2,21.84,5
1999,5,2,20.74,5
2000,5,2,20.42,5
0,1,3,57.84,28
1,1,3,52.24,28
2,1,3,47.9,28
3,1,3,44.2,28
4,1,3,42.28,28
5,1,3,40.02,27
6,1,3,38.14,27
7,1,3,36.22,27
8,1,3,34.42,27
9,1,3,34.54,27
10,1,3,33.42,27
11,1,3,33.38,26
12,1,3,32.42,26
13,1,3,32.52,26
14,1,3,33.16,26
15,1,3,32.78,25
16,1,3,31.98,25
17,1,3,32.56,25
18,1,3,32.8,25
19,1,3,33.44,25
20,1,3,34.36,25
21,1,3,34.26,25
22,1,3,32.86,24
23,1,3,32.44,24
24,1,3,32.56,23
25,1,3,31.32,21
26,1,3,30.12,21
27,1,3,30.5,21
28,1,3,31.04,21
29,1,3,30.12,21
30,1,3,30.3,21
31,1,3,30.98,21
32,1,3,31.06,21
33,1,3,29.82,21
34,1,3,28.54,21
35,1,3,27.44,21
36,1,3,26.64,21
37,1,3,26.22,21
38,1,3,27.2,21
39,1,3,27.6,20
40,1,3,27.6,19
41,1,3,27.62,19
42,1,3,27.26,19
43,1,3,27.14,19
44,1,3,26.82,19
45,1,3,25.94,19
46,1,3,25.44,19
47,1,3,26.04,19
48,1,3,25.22,19
49,1,3,25.24,19
50,1,3,24.84,18
51,1,3,24.24,16
52,1,3,25.42,16
53,1,3,25.4,16
54,1,3,23.74,15
55,1,3,23.16,15
56,1,3,23.28,15
57,1,3,23.02,15
58,1,3,23.4,15
59,1,3,24.02,15
60,1,3,22.42,15
61,1,3,21.48,15
62,1,3,22.38,14
63,1,3,23.22,14
64,1,3,23.4,14
65,1,3,23.58,14
66,1,3,23.28,14
67,1,3,23.0,14
68,1,3,22.48,14
69,1,3,23.38,14
70,1,3,23.54,14
71,1,3,21.62,14
72,1,3,21.44,14
73,1,3,20.86,14
74,1,3,21.6,14
75,1,3,21.96,14
76,1,3,21.48,14
77,1,3,22.22,14
78,1,3,23.12,14
79,1,3,23.0,12
80,1,3,22.88,12
81,1,3,23.1,12
82,1,3,23.2,12
83,1,3,24.0,12
84,1,3,24.46,12
85,1,3,23.64,12
86,1,3,24.56,12
87,1,3,22.8,12
88,1,3,22.08,12
89,1,3,21.64,12
90,1,3,22.38,12
91,1,3,21.98,12
92,1,3,21.48,12
93,1,3,21.32,12
94,1,3,20.64,12
95,1,3,19.86,12
96,1,3,20.06,12
97,1,3,19.9,12
98,1,3,20.32,12
99,1,3,20.54,10
100,1,3,20.86,10
101,1,3,22.42,10
102,1,3,23.92,10
103,1,3,23.62,10
104,1,3,22.78,10
105,1,3,20.96,10
106,1,3,21.68,10
107,1,3,21.5,10
108,1,3,20.46,10
109,1,3,20.62,10
110,1,3,19.7,10
111,1,3,19.8,10
112,1,3,20.18,10
113,1,3,19.48,10
114,1,3,19.56,10
115,1,3,20.1,10
116,1,3,20.72,10
117,1,3,20.9,10
118,1,3,20.96,10
119,1,3,20.38,10
120,1,3,20.32,10
121,1,3,21.34,10
122,1,3,20.52,10
123,1,3,20.9,10
124,1,3,20.6,10
125,1,3,20.12,10
126,1,3,20.12,10
127,1,3,20.9,10
128,1,3,20.24,10
129,1,3,20.72,10
130,1,3,21.18,10
131,1,3,20.32,10
132,1,3,20.1,10
133,1,3,20.94,10
134,1,3,19.18,10
135,1,3,18.92,10
136,1,3,19.92,10
137,1,3,20.6,10
138,1,3,20.36,10
139,1,3,20.58,10
140,1,3,18.52,10
141,1,3,19.16,10
142,1,3,18.82,10
143,1,3,19.06,10
144,1,3,19.52,10
145,1,3,18.86,10
146,1,3,19.48,10
147,1,3,19.94,10
148,1,3,19.88,10
149,1,3,19.34,10
150,1,3,18.76,10
151,1,3,18.72,10
152,1,3,19.18,10
153,1,3,20.2,10
154,1,3,19.74,10
155,1,3,19.12,10
156,1,3,20.08,10
157,1,3,19.96,10
158,1,3,21.06,10
159,1,3,20.82,10
160,1,3,19.84,10
161,1,3,18.94,10
162,1,3,18.52,10
163,1,3,17.88,10
164,1,3,19.14,10
165,1,3,20.86,10
166,1,3,20.3,10
167,1,3,21.28,10
168,1,3,21.0,10
169,1,3,21.56,10
170,1,3,20.9,10
171,1,3,20.44,10
172,1,3,21.88,10
173,1,3,21.88,10
174,1,3,22.34,10
175,1,3,20.34,10
176,1,3,19.9,10
177,1,3,19.98,10
178,1,3,19.74,10
179,1,3,20.02,10
180,1,3,20.94,10
181,1,3,20.92,10
182,1,3,21.1,10
183,1,3,20.84,10
184,1,3,19.52,10
185,1,3,18.68,10
186,1,3,19.14,10
187,1,3,19.8,10
188,1,3,20.18,10
189,1,3,19.6,10
190,1,3,19.46,10
191,1,3,20.7,10
192,1,3,21.16,10
193,1,3,19.36,10
194,1,3,19.04,10
195,1,3,19.66,10
196,1,3,19.08,10
197,1,3,20.2,10
198,1,3,20.78,10
199,1,3,20.88,10
200,1,3,21.24,10
201,1,3,21.16,10
202,1,3,21.04,10
203,1,3,20.68,10
204,1,3,20.18,10
205,1,3,19.7,10
206,1,3,19.18,10
207,1,3,20.1,10
208,1,3,20.2,10
209,1,3,20.64,10
210,1,3,21.28,10
211,1,3,21.74,10
212,1,3,20.54,10
213,1,3,19.44,10
214,1,3,19.76,10
215,1,3,21.6,10
216,1,3,20.44,10
217,1,3,22.34,10
218,1,3,22.14,10
219,1,3,22.86,10
220,1,3,21.84,10
221,1,3,21.44,10
222,1,3,20.7,10
223,1,3,21.54,10
224,1,3,20.96,10
225,1,3,20.58,10
226,1,3,20.78,10
227,1,3,20.1,10
228,1,3,21.32,10
229,1,3,20.68,10
230,1,3,21.1,10
231,1,3,21.5,10
232,1,3,20.76,10
233,1,3,20.36,10
234,1,3,19.54,10
235,1,3,20.5,10
236,1,3,21.22,10
237,1,3,20.26,10
238,1,3,20.78,10
239,1,3,20.42,10
240,1,3,20.8,10
241,1,3,20.72,10
242,1,3,22.32,10
243,1,3,22.52,10
244,1,3,22.68,10
245,1,3,21.78,10
246,1,3,20.48,10
247,1,3,20.02,10
248,1,3,18.8,10
249,1,3,18.92,10
250,1,3,18.84,10
251,1,3,18.94,10
252,1,3,18.9,10
253,1,3,18.42,10
254,1,3,19.5,10
255,1,3,20.64,10
256,1,3,21.96,10
257,1,3,21.86,10
258,1,3,22.66,10
259,1,3,22.92,10
260,1,3,21.18,10
261,1,3,20.34,10
262,1,3,20.5,10
263,1,3,20.96,10
264,1,3,21.4,10
265,1,3,21.42,10
266,1,3,21.34,10
267,1,3,20.54,10
268,1,3,20.32,10
269,1,3,19.34,10
270,1,3,19.76,10
271,1,3,21.14,10
272,1,3,21.08,10
273,1,3,21.14,10
274,1,3,21.96,10
275,1,3,20.96,10
276,1,3,21.64,10
277,1,3,22.22,10
278,1,3,22.56,10
279,1,3,22.42,10
280,1,3,21.06,10
281,1,3,21.04,10
282,1,3,20.3,10
283,1,3,20.98,10
284,1,3,20.66,10
285,1,3,21.1,10
286,1,3,20.72,10
287,1,3,20.54,10
288,1,3,20.34,10
289,1,3,21.02,10
290,1,3,21.64,10
291,1,3,20.58,10
292,1,3,22.18,10
293,1,3,22.78,10
294,1,3,22.72,10
295,1,3,22.54,10
296,1,3,21.36,10
297,1,3,21.48,10
298,1,3,20.56,10
299,1,3,22.02,10
300,1,3,21.2,10
301,1,3,20.46,10
302,1,3,20.24,10
303,1,3,19.46,10
304,1,3,20.02,10
305,1,3,20.54,10
306,1,3,19.78,10
307,1,3,19.9,10
308,1,3,20.36,10
309,1,3,20.26,10
310,1,3,20.22,10
311,1,3,19.9,10
312,1,3,19.86,10
313,1,3,19.8,10
314,1,3,20.58,10
315,1,3,21.68,10
316,1,3,21.84,10
317,1,3,20.02,10
318,1,3,20.0,10
319,1,3,20.54,10
320,1,3,20.36,10
321,1,3,18.56,10
322,1,3,18.94,10
323,1,3,18.94,10
324,1,3,18.3,10
325,1,3,18.38,10
326,1,3,19.34,10
327,1,3,19.2,10
328,1,3,20.88,10
329,1,3,19.76,10
330,1,3,19.38,10
331,1,3,19.42,10
332,1,3,20.22,10
333,1,3,20.42,10
334,1,3,19.88,10
335,1,3,19.12,10
336,1,3,19.9,10
337,1,3,21.22,10
338,1,3,21.24,10
339,1,3,21.72,10
340,1,3,20.94,10
341,1,3,20.34,10
342,1,3,21.12,10
343,1,3,20.2,10
344,1,3,20.38,10
345,1,3,20.82,10
346,1,3,21.02,10
347,1,3,20.5,10
348,1,3,20.22,10
349,1,3,19.56,10
350,1,3,19.76,10
351,1,3,18.66,10
352,1,3,19.26,10
353,1,3,19.98,10
354,1,3,19.62,10
355,1,3,20.46,10
356,1,3,20.58,10
357,1,3,20.1,10
358,1,3,19.1,10
359,1,3,19.66,10
360,1,3,19.28,10
361,1,3,20.74,10
362,1,3,19.6,10
363,1,3,19.78,10
364,1,3,19.78,10
365,1,3,20.26,10
366,1,3,20.4,10
367,1,3,20.1,10
368,1,3,19.92,10
369,1,3,20.56,10
370,1,3,21.04,10
371,1,3,21.64,10
372,1,3,20.82,10
373,1,3,21.24,10
374,1,3,20.9,10
375,1,3,21.58,10
376,1,3,21.1,10
377,1,3,21.76,10
378,1,3,21.1,10
379,1,3,21.14,10
380,1,3,21.7,10
381,1,3,22.4,10
382,1,3,23.54,10
383,1,3,21.84,10
384,1,3,20.4,10
385,1,3,19.44,10
386,1,3,19.44,10
387,1,3,20.56,10
388,1,3,20.08,10
389,1,3,20.5,10
390,1,3,20.62,10
391,1,3,20.18,10
392,1,3,19.94,10
393,1,3,20.08,10
394,1,3,19.66,10
395,1,3,19.62,10
396,1,3,19.32,10
397,1,3,19.74,10
398,1,3,20.46,10
399,1,3,21.26,10
400,1,3,22.46,10
401,1,3,21.44,10
402,1,3,21.74,10
403,1,3,21.58,10
404,1,3,21.42,10
405,1,3,22.1,10
406,1,3,20.56,10
407,1,3,20.2,10
408,1,3,20.06,10
409,1,3,20.8,10
410,1,3,20.26,10
411,1,3,21.26,10
412,1,3,21.0,10
413,1,3,21.58,10
414,1,3,20.86,10
415,1,3,20.14,10
416,1,3,18.84,10
417,1,3,19.54,10
418,1,3,20.68,10
419,1,3,19.94,10
420,1,3,19.6,10
421,1,3,19.76,10
422,1,3,20.2,10
423,1,3,20.32,10
424,1,3,19.82,10
425,1,3,18.78,10
426,1,3,19.88,10
427,1,3,20.16,10
428,1,3,19.44,10
429,1,3,19.16,10
430,1,3,19.48,10
431,1,3,20.28,10
432,1,3,19.58,10
433,1,3,18.92,10
434,1,3,19.92,10
435,1,3,20.14,10
436,1,3,20.1,10
437,1,3,19.44,10
438,1,3,19.88,10
439,1,3,19.88,10
440,1,3,19.82,9
441,1,3,19.92,9
442,1,3,19.18,9
443,1,3,17.88,9
444,1,3,17.88,9
445,1,3,18.32,9
446,1,3,19.78,9
447,1,3,19.1,9
448,1,3,19.44,9
449,1,3,18.5,9
450,1,3,19.12,9
451,1,3,20.68,9
452,1,3,19.28,9
453,1,3,19.22,9
454,1,3,20.02,9
455,1,3,19.94,9
456,1,3,20.82,9
457,1,3,20.24,9
458,1,3,20.94,9
459,1,3,20.16,9
460,1,3,21.16,9
461,1,3,19.82,9
462,1,3,20.06,9
463,1,3,20.4,9
464,1,3,21.24,9
465,1,3,21.4,9
466,1,3,20.54,9
467,1,3,20.66,9
468,1,3,19.8,9
469,1,3,20.3,9
470,1,3,20.38,9
471,1,3,21.44,9
472,1,3,21.76,9
473,1,3,21.76,9
474,1,3,20.28,9
475,1,3,20.56,9
476,1,3,19.12,9
477,1,3,19.18,8
478,1,3,17.22,8
479,1,3,17.18,8
480,1,3,16.56,8
481,1,3,17.92,8
482,1,3,17.74,8
483,1,3,18.76,8
484,1,3,19.12,8
485,1,3,19.62,8
486,1,3,19.52,8
487,1,3,18.16,8
488,1,3,17.38,8
489,1,3,17.58,8
490,1,3,16.52,8
491,1,3,18.18,8
492,1,3,18.76,8
493,1,3,19.78,8
494,1,3,18.76,8
495,1,3,18.02,8
496,1,3,18.74,8
497,1,3,19.42,8
498,1,3,19.58,8
499,1,3,19.68,8
500,1,3,20.24,8
501,1,3,20.64,8
502,1,3,20.1,8
503,1,3,21.22,8
504,1,3,20.7,8
505,1,3,20.6,8
506,1,3,21.18,8
507,1,3,20.4,8
508,1,3,20.0,8
509,1,3,19.96,8
510,1,3,21.58,8
511,1,3,21.02,8
512,1,3,20.26,8
513,1,3,19.26,8
514,1,3,19.76,8
515,1,3,20.3,8
516,1,3,20.16,8
517,1,3,19.64,8
518,1,3,18.6,8
519,1,3,18.1,8
520,1,3,19.32,8
521,1,3,19.72,8
522,1,3,18.04,8
523,1,3,18.0,6
524,1,3,18.28,6
525,1,3,16.78,6
526,1,3,16.38,6
527,1,3,14.9,6
528,1,3,15.62,6
529,1,3,17.06,6
530,1,3,16.12,6
531,1,3,17.1,6
532,1,3,16.16,6
533,1,3,17.1,6
534,1,3,16.8,6
535,1,3,17.0,6
536,1,3,17.06,6
537,1,3,16.2,6
538,1,3,16.42,6
539,1,3,17.56,6
540,1,3,17.22,6
541,1,3,18.18,6
542,1,3,18.56,6
543,1,3,17.54,6
544,1,3,17.82,6
545,1,3,17.94,6
546,1,3,17.84,6
547,1,3,17.42,6
548,1,3,17.94,6
549,1,3,18.42,6
550,1,3,15.48,6
551,1,3,16.88,6
552,1,3,16.68,6
553,1,3,17.38,6
554,1,3,16.66,6
555,1,3,16.64,6
556,1,3,17.48,6
557,1,3,17.38,6
558,1,3,17.02,6
559,1,3,16.44,6
560,1,3,15.7,6
561,1,3,15.4,6
562,1,3,15.32,6
563,1,3,14.94,6
564,1,3,15.28,6
565,1,3,15.26,6
566,1,3,16.32,6
567,1,3,16.78,6
568,1,3,18.7,6
569,1,3,18.0,6
570,1,3,19.82,6
571,1,3,18.9,6
572,1,3,19.68,6
573,1,3,19.38,6
574,1,3,18.82,6
575,1,3,19.06,6
576,1,3,17.92,6
577,1,3,17.88,6
578,1,3,18.42,6
579,1,3,17.0,6
580,1,3,17.58,6
581,1,3,18.08,6
582,1,3,17.5,6
583,1,3,16.9,6
584,1,3,17.42,6
585,1,3,18.0,6
586,1,3,17.98,6
587,1,3,18.58,6
588,1,3,18.92,6
589,1,3,17.08,6
590,1,3,16.82,6
591,1,3,14.5,6
592,1,3,15.38,6
593,1,3,15.48,6
594,1,3,16.82,6
595,1,3,16.88,6
596,1,3,17.1,6
597,1,3,17.48,6
598,1,3,18.08,6
599,1,3,15.94,6
600,1,3,16.28,6
601,1,3,15.9,6
602,1,3,16.48,6
603,1,3,16.7,6
604,1,3,17.6,6
605,1,3,16.58,6
606,1,3,17.2,6
607,1,3,17.1,6
608,1,3,18.2,6
609,1,3,17.78,6
610,1,3,18.32,6
611,1,3,18.6,6
612,1,3,16.96,6
613,1,3,17.3,6
614,1,3,17.12,6
615,1,3,16.82,6
616,1,3,16.84,6
617,1,3,17.54,6
618,1,3,18.72,6
619,1,3,18.72,6
620,1,3,19.58,6
621,1,3,20.82,6
622,1,3,20.26,6
623,1,3,20.54,6
624,1,3,21.04,6
625,1,3,19.9,6
626,1,3,19.36,6
627,1,3,19.08,6
628,1,3,19.82,6
629,1,3,19.6,6
630,1,3,21.06,6
631,1,3,20.28,6
632,1,3,18.84,6
633,1,3,17.48,6
634,1,3,18.1,6
635,1,3,18.06,6
636,1,3,18.88,6
637,1,3,19.48,6
638,1,3,18.18,6
639,1,3,15.92,6
640,1,3,16.14,6
641,1,3,16.78,6
642,1,3,16.98,6
643,1,3,16.9,6
644,1,3,16.06,6
645,1,3,16.02,6
646,1,3,15.38,6
647,1,3,15.74,6
648,1,3,16.64,6
649,1,3,17.44,6
650,1,3,17.32,6
651,1,3,17.32,6
652,1,3,17.14,6
653,1,3,19.22,6
654,1,3,18.96,6
655,1,3,19.02,6
656,1,3,19.86,6
657,1,3,19.6,6
658,1,3,19.64,6
659,1,3,19.0,6
660,1,3,19.24,6
661,1,3,19.1,6
662,1,3,19.9,6
663,1,3,20.04,6
664,1,3,18.48,6
665,1,3,18.34,6
666,1,3,17.72,6
667,1,3,17.44,6
668,1,3,16.22,6
669,1,3,15.7,6
670,1,3,17.48,6
671,1,3,17.1,6
672,1,3,18.28,6
673,1,3,18.66,6
674,1,3,18.62,6
675,1,3,18.28,6
676,1,3,17.88,6
677,1,3,18.86,6
678,1,3,18.58,6
679,1,3,19.1,6
680,1,3,18.84,6
681,1,3,18.0,6
682,1,3,17.48,6
683,1,3,17.06,6
684,1,3,17.62,6
685,1,3,16.7,6
686,1,3,17.04,6
687,1,3,17.64,6
688,1,3,18.98,6
689,1,3,18.92,6
690,1,3,18.7,6
691,1,3,18.72,6
692,1,3,19.66,6
693,1,3,18.2,6
694,1,3,17.16,6
695,1,3,17.3,6
696,1,3,16.58,6
697,1,3,17.02,6
698,1,3,17.02,6
699,1,3,17.4,6
700,1,3,17.62,6
701,1,3,17.14,6
702,1,3,16.82,6
703,1,3,17.14,6
704,1,3,16.26,6
705,1,3,17.5,6
706,1,3,17.46,6
707,1,3,18.54,6
708,1,3,17.86,6
709,1,3,17.04,6
710,1,3,17.68,6
711,1,3,18.84,6
712,1,3,18.1,6
713,1,3,17.78,6
714,1,3,17.62,6
715,1,3,15.88,6
716,1,3,15.22,6
717,1,3,16.38,6
718,1,3,17.46,6
719,1,3,17.5,6
720,1,3,19.4,6
721,1,3,19.44,6
722,1,3,19.7,6
723,1,3,18.74,6
724,1,3,18.16,6
725,1,3,19.42,6
726,1,3,19.62,6
727,1,3,18.42,6
728,1,3,18.86,6
729,1,3,19.08,6
730,1,3,19.4,6
731,1,3,20.48,6
732,1,3,21.0,6
733,1,3,21.28,6
734,1,3,20.82,6
735,1,3,18.2,6
736,1,3,18.42,6
737,1,3,18.64,6
738,1,3,18.46,6
739,1,3,17.4,6
740,1,3,17.86,6
741,1,3,16.7,6
742,1,3,17.5,6
743,1,3,17.8,6
744,1,3,18.76,6
745,1,3,17.52,6
746,1,3,17.0,6
747,1,3,16.12,6
748,1,3,16.02,6
749,1,3,15.56,6
750,1,3,15.22,6
751,1,3,16.6,6
752,1,3,17.06,6
753,1,3,16.98,6
754,1,3,17.0,6
755,1,3,17.12,6
756,1,3,17.94,6
757,1,3,17.62,6
758,1,3,15.9,6
759,1,3,16.2,6
760,1,3,16.96,6
761,1,3,18.64,6
762,1,3,18.46,6
763,1,3,18.42,6
764,1,3,18.4,6
765,1,3,17.46,6
766,1,3,18.12,6
767,1,3,18.16,6
768,1,3,17.34,6
769,1,3,17.92,6
770,1,3,18.42,6
771,1,3,17.84,6
772,1,3,17.48,6
773,1,3,18.04,6
774,1,3,17.24,6
775,1,3,15.74,6
776,1,3,16.52,6
777,1,3,16.06,6
778,1,3,16.16,6
779,1,3,16.36,6
780,1,3,16.88,6
781,1,3,17.2,6
782,1,3,17.96,6
783,1,3,16.8,6
784,1,3,18.5,6
785,1,3,18.58,6
786,1,3,17.7,6
787,1,3,17.7,6
788,1,3,17.26,6
789,1,3,17.32,6
790,1,3,18.24,6
791,1,3,19.36,6
792,1,3,19.1,6
793,1,3,18.82,6
794,1,3,17.6,6
795,1,3,16.86,6
796,1,3,17.26,6
797,1,3,17.32,6
798,1,3,17.92,6
799,1,3,17.16,6
800,1,3,18.52,6
801,1,3,18.84,6
802,1,3,17.4,6
803,1,3,17.02,6
804,1,3,16.28,6
805,1,3,16.24,6
806,1,3,16.24,6
807,1,3,16.9,6
808,1,3,17.02,6
809,1,3,17.46,6
810,1,3,16.68,6
811,1,3,16.92,6
812,1,3,18.22,6
813,1,3,17.76,6
814,1,3,18.82,6
815,1,3,17.64,6
816,1,3,17.46,6
817,1,3,16.92,6
818,1,3,17.56,6
819,1,3,17.28,6
820,1,3,16.9,6
821,1,3,16.98,6
822,1,3,18.02,6
823,1,3,17.66,6
824,1,3,17.1,6
825,1,3,16.32,6
826,1,3,16.18,6
827,1,3,16.54,6
828,1,3,17.0,6
829,1,3,16.46,6
830,1,3,15.44,6
831,1,3,15.56,6
832,1,3,16.0,6
833,1,3,15.28,6
834,1,3,16.76,6
835,1,3,17.08,6
836,1,3,17.68,6
837,1,3,17.88,6
838,1,3,17.72,6
839,1,3,17.48,6
840,1,3,17.86,6
841,1,3,18.04,6
842,1,3,18.48,6
843,1,3,17.7,6
844,1,3,18.4,6
845,1,3,18.36,6
846,1,3,19.84,6
847,1,3,18.66,6
848,1,3,18.94,6
849,1,3,18.28,6
850,1,3,17.64,6
851,1,3,18.4,6
852,1,3,17.6,6
853,1,3,17.22,6
854,1,3,17.64,6
855,1,3,17.76,6
856,1,3,17.6,6
857,1,3,16.94,6
858,1,3,17.36,6
859,1,3,16.9,6
860,1,3,17.4,6
861,1,3,16.32,6
862,1,3,15.92,6
863,1,3,16.72,6
864,1,3,15.96,6
865,1,3,15.46,6
866,1,3,16.3,6
867,1,3,16.12,6
868,1,3,15.98,6
869,1,3,15.76,6
870,1,3,16.56,6
871,1,3,16.78,6
872,1,3,17.3,6
873,1,3,18.24,6
874,1,3,18.0,6
875,1,3,18.06,6
876,1,3,16.78,6
877,1,3,16.84,6
878,1,3,15.54,6
879,1,3,15.42,6
880,1,3,15.12,6
881,1,3,14.28,6
882,1,3,15.52,6
883,1,3,16.38,6
884,1,3,16.94,6
885,1,3,16.68,6
886,1,3,17.06,6
887,1,3,16.9,6
888,1,3,17.42,6
889,1,3,17.68,6
890,1,3,19.4,6
891,1,3,20.16,6
892,1,3,17.7,6
893,1,3,17.96,6
894,1,3,18.14,6
895,1,3,17.7,6
896,1,3,17.4,6
897,1,3,18.46,6
898,1,3,18.04,6
899,1,3,17.42,6
900,1,3,18.5,6
901,1,3,18.76,6
902,1,3,17.32,6
903,1,3,16.84,6
904,1,3,18.06,6
905,1,3,19.64,6
906,1,3,20.02,6
907,1,3,19.2,6
908,1,3,17.52,6
909,1,3,18.62,6
910,1,3,17.36,6
911,1,3,17.22,6
912,1,3,17.08,6
913,1,3,17.88,6
914,1,3,17.52,6
915,1,3,17.42,6
916,1,3,17.52,6
917,1,3,17.9,5
918,1,3,16.66,5
919,1,3,15.2,5
920,1,3,13.92,5
921,1,3,14.6,5
922,1,3,14.88,5
923,1,3,14.48,5
924,1,3,14.12,5
925,1,3,14.52,5
926,1,3,14.92,5
927,1,3,15.1,5
928,1,3,15.98,5
929,1,3,16.74,5
930,1,3,16.1,5
931,1,3,15.8,5
932,1,3,16.0,5
933,1,3,16.18,5
934,1,3,15.82,5
935,1,3,14.78,5
936,1,3,15.88,5
937,1,3,16.94,5
938,1,3,17.24,5
939,1,3,16.06,5
940,1,3,16.08,5
941,1,3,17.18,5
942,1,3,16.8,5
943,1,3,16.38,5
944,1,3,17.66,5
945,1,3,16.26,5
946,1,3,15.46,5
947,1,3,16.34,5
948,1,3,17.34,5
949,1,3,17.36,5
950,1,3,17.26,5
951,1,3,17.78,5
952,1,3,17.4,5
953,1,3,15.98,5
954,1,3,16.18,5
955,1,3,17.26,5
956,1,3,18.04,5
957,1,3,17.24,5
958,1,3,17.08,5
959,1,3,17.52,5
960,1,3,17.78,5
961,1,3,16.66,5
962,1,3,16.8,5
963,1,3,17.38,5
964,1,3,19.04,5
965,1,3,17.96,5
966,1,3,17.08,5
967,1,3,17.56,5
968,1,3,16.48,5
969,1,3,16.58,5
970,1,3,17.14,5
971,1,3,17.36,5
972,1,3,18.52,5
973,1,3,18.38,5
974,1,3,17.74,5
975,1,3,16.98,5
976,1,3,16.18,5
977,1,3,16.78,5
978,1,3,16.68,5
979,1,3,17.9,5
980,1,3,16.76,5
981,1,3,15.86,5
982,1,3,15.78,5
983,1,3,15.72,5
984,1,3,16.94,5
985,1,3,16.62,5
986,1,3,16.24,5
987,1,3,15.74,5
988,1,3,16.68,5
989,1,3,17.46,5
990,1,3,17.54,5
991,1,3,17.52,5
992,1,3,17.16,5
993,1,3,17.32,5
994,1,3,17.34,5
995,1,3,17.0,5
996,1,3,16.88,5
997,1,3,16.58,5
998,1,3,15.02,5
999,1,3,15.02,5
1000,1,3,15.54,5
1001,1,3,15.14,5
1002,1,3,15.36,5
1003,1,3,15.32,5
1004,1,3,15.36,5
1005,1,3,15.52,5
1006,1,3,14.68,5
1007,1,3,15.7,5
1008,1,3,16.6,5
1009,1,3,16.46,5
1010,1,3,16.78,5
1011,1,3,16.5,5
1012,1,3,16.58,5
1013,1,3,15.88,5
1014,1,3,16.24,5
1015,1,3,14.96,5
1016,1,3,14.92,5
1017,1,3,15.5,5
1018,1,3,15.18,5
1019,1,3,16.24,5
1020,1,3,15.58,5
1021,1,3,16.08,5
1022,1,3,15.1,5
1023,1,3,16.0,5
1024,1,3,17.24,5
1025,1,3,17.12,5
1026,1,3,17.4,5
1027,1,3,16.18,5
1028,1,3,16.44,5
1029,1,3,17.2,5
1030,1,3,16.66,5
1031,1,3,16.94,5
1032,1,3,16.74,5
1033,1,3,16.66,5
1034,1,3,16.32,5
1035,1,3,16.92,5
1036,1,3,17.52,5
1037,1,3,18.32,5
1038,1,3,17.8,5
1039,1,3,17.44,5
1040,1,3,16.56,5
1041,1,3,16.66,5
1042,1,3,16.84,5
1043,1,3,16.82,5
1044,1,3,16.78,5
1045,1,3,15.28,5
1046,1,3,15.82,5
1047,1,3,16.84,5
1048,1,3,18.12,5
1049,1,3,18.6,5
1050,1,3,18.12,5
1051,1,3,18.12,5
1052,1,3,17.24,5
1053,1,3,18.12,5
1054,1,3,17.8,5
1055,1,3,17.84,5
1056,1,3,18.66,5
1057,1,3,20.14,5
1058,1,3,19.1,5
1059,1,3,17.44,5
1060,1,3,17.96,5
1061,1,3,18.36,5
1062,1,3,18.4,5
1063,1,3,18.26,5
1064,1,3,17.6,5
1065,1,3,16.84,5
1066,1,3,17.98,5
1067,1,3,17.96,5
1068,1,3,17.44,5
1069,1,3,17.96,5
1070,1,3,17.84,5
1071,1,3,16.92,5
1072,1,3,17.26,5
1073,1,3,16.7,5
1074,1,3,15.32,5
1075,1,3,17.2,5
1076,1,3,16.46,5
1077,1,3,16.66,5
1078,1,3,16.84,5
1079,1,3,17.44,5
1080,1,3,16.66,5
1081,1,3,17.28,5
1082,1,3,17.94,5
1083,1,3,17.78,5
1084,1,3,17.92,5
1085,1,3,17.66,5
1086,1,3,18.06,5
1087,1,3,18.06,5
1088,1,3,16.44,5
1089,1,3,15.14,5
1090,1,3,15.8,5
1091,1,3,16.7,5
1092,1,3,16.92,5
1093,1,3,17.04,5
1094,1,3,17.06,5
1095,1,3,16.88,5
1096,1,3,16.44,5
1097,1,3,14.3,5
1098,1,3,15.9,5
1099,1,3,15.16,5
1100,1,3,16.68,5
1101,1,3,17.52,5
1102,1,3,17.64,5
1103,1,3,16.94,5
1104,1,3,16.72,5
1105,1,3,18.0,5
1106,1,3,16.88,5
1107,1,3,16.66,5
1108,1,3,16.52,5
1109,1,3,17.66,5
1110,1,3,18.04,5
1111,1,3,18.12,5
1112,1,3,17.2,5
1113,1,3,18.7,5
1114,1,3,18.52,5
1115,1,3,18.28,5
1116,1,3,17.78,5
1117,1,3,16.82,5
1118,1,3,16.4,5
1119,1,3,16.36,5
1120,1,3,17.36,5
1121,1,3,16.44,5
1122,1,3,17.02,5
1123,1,3,16.9,5
1124,1,3,16.56,5
1125,1,3,17.64,5
1126,1,3,16.98,5
1127,1,3,16.1,5
1128,1,3,16.22,5
1129,1,3,15.92,5
1130,1,3,15.24,5
1131,1,3,15.62,5
1132,1,3,15.58,5
1133,1,3,16.32,5
1134,1,3,15.98,5
1135,1,3,16.36,5
1136,1,3,17.68,5
1137,1,3,17.06,5
1138,1,3,15.66,5
1139,1,3,16.18,5
1140,1,3,15.64,5
1141,1,3,16.16,5
1142,1,3,16.46,5
1143,1,3,16.08,5
1144,1,3,15.9,5
1145,1,3,15.82,5
1146,1,3,14.68,5
1147,1,3,14.86,5
1148,1,3,15.34,5
1149,1,3,16.36,5
1150,1,3,16.8,5
1151,1,3,17.6,5
1152,1,3,18.04,5
1153,1,3,18.06,5
1154,1,3,18.52,5
1155,1,3,17.54,5
1156,1,3,16.48,5
1157,1,3,14.92,5
1158,1,3,15.84,5
1159,1,3,17.3,5
1160,1,3,17.82,5
1161,1,3,16.52,5
1162,1,3,16.98,5
1163,1,3,17.4,5
1164,1,3,17.52,5
1165,1,3,17.92,5
1166,1,3,17.36,5
1167,1,3,16.28,5
1168,1,3,16.42,5
1169,1,3,17.06,5
1170,1,3,17.08,5
1171,1,3,17.5,5
1172,1,3,16.42,5
1173,1,3,17.34,5
1174,1,3,17.62,5
1175,1,3,18.1,5
1176,1,3,17.16,5
1177,1,3,18.22,5
1178,1,3,17.88,5
1179,1,3,17.46,5
1180,1,3,16.82,5
1181,1,3,17.12,5
1182,1,3,16.78,5
1183,1,3,17.44,5
1184,1,3,17.0,5
1185,1,3,17.36,5
1186,1,3,15.74,5
1187,1,3,16.34,5
1188,1,3,17.78,5
1189,1,3,19.06,5
1190,1,3,17.92,5
1191,1,3,16.96,5
1192,1,3,16.18,5
1193,1,3,16.66,5
1194,1,3,17.1,5
1195,1,3,17.0,5
1196,1,3,18.3,5
1197,1,3,18.84,5
1198,1,3,18.96,5
1199,1,3,17.64,5
1200,1,3,17.4,5
1201,1,3,16.68,5
1202,1,3,15.18,5
1203,1,3,13.74,5
1204,1,3,14.4,5
1205,1,3,14.8,5
1206,1,3,14.46,5
1207,1,3,14.9,5
1208,1,3,15.1,5
1209,1,3,15.94,5
1210,1,3,16.42,5
1211,1,3,16.66,5
1212,1,3,17.82,5
1213,1,3,18.24,5
1214,1,3,18.56,5
1215,1,3,18.62,5
1216,1,3,18.6,5
1217,1,3,17.96,5
1218,1,3,17.32,5
1219,1,3,17.3,5
1220,1,3,17.74,5
1221,1,3,17.48,5
1222,1,3,17.92,5
1223,1,3,16.7,5
1224,1,3,16.88,5
1225,1,3,16.78,5
1226,1,3,17.08,5
1227,1,3,14.98,5
1228,1,3,15.02,5
1229,1,3,16.46,5
1230,1,3,16.18,5
1231,1,3,16.18,5
1232,1,3,17.12,5
1233,1,3,17.12,5
1234,1,3,17.32,5
1235,1,3,16.82,5
1236,1,3,16.54,5
1237,1,3,16.92,5
1238,1,3,16.12,5
1239,1,3,15.4,5
1240,1,3,15.52,5
1241,1,3,15.6,5
1242,1,3,15.0,5
1243,1,3,15.6,5
1244,1,3,16.34,5
1245,1,3,16.72,5
1246,1,3,16.32,5
1247,1,3,17.42,5
1248,1,3,17.8,5
1249,1,3,17.42,5
1250,1,3,15.8,5
1251,1,3,14.56,5
1252,1,3,15.48,5
1253,1,3,15.4,5
1254,1,3,14.76,5
1255,1,3,13.66,5
1256,1,3,15.38,5
1257,1,3,15.16,5
1258,1,3,16.54,5
1259,1,3,17.2,5
1260,1,3,16.94,5
1261,1,3,17.48,5
1262,1,3,17.98,5
1263,1,3,17.56,5
1264,1,3,18.16,5
1265,1,3,17.62,5
1266,1,3,17.74,5
1267,1,3,17.9,5
1268,1,3,16.92,5
1269,1,3,15.64,5
1270,1,3,15.18,5
1271,1,3,15.96,5
1272,1,3,16.32,5
1273,1,3,17.36,5
1274,1,3,17.04,5
1275,1,3,18.0,5
1276,1,3,15.84,5
1277,1,3,15.7,5
1278,1,3,16.04,5
1279,1,3,16.72,5
1280,1,3,17.64,5
1281,1,3,16.38,5
1282,1,3,17.06,5
1283,1,3,17.02,5
1284,1,3,18.56,5
1285,1,3,19.24,5
1286,1,3,18.7,5
1287,1,3,18.58,5
1288,1,3,15.74,5
1289,1,3,16.22,5
1290,1,3,15.84,5
1291,1,3,16.46,5
1292,1,3,17.9,5
1293,1,3,18.74,5
1294,1,3,19.1,5
1295,1,3,20.22,5
1296,1,3,18.92,5
1297,1,3,18.84,5
1298,1,3,18.4,5
1299,1,3,17.92,5
1300,1,3,16.76,5
1301,1,3,17.44,5
1302,1,3,16.94,5
1303,1,3,16.8,5
1304,1,3,18.46,5
1305,1,3,18.16,5
1306,1,3,18.52,5
1307,1,3,18.0,5
1308,1,3,16.7,5
1309,1,3,15.76,5
1310,1,3,16.36,5
1311,1,3,16.48,5
1312,1,3,16.76,5
1313,1,3,16.24,5
1314,1,3,15.66,5
1315,1,3,16.78,5
1316,1,3,17.38,5
1317,1,3,17.18,5
1318,1,3,16.86,5
1319,1,3,16.58,5
1320,1,3,17.5,5
1321,1,3,17.2,5
1322,1,3,17.32,5
1323,1,3,18.12,5
1324,1,3,18.02,5
1325,1,3,17.06,5
1326,1,3,16.26,5
1327,1,3,16.54,5
1328,1,3,16.48,5
1329,1,3,17.66,5
1330,1,3,16.38,5
1331,1,3,16.4,5
1332,1,3,16.64,5
1333,1,3,17.78,5
1334,1,3,16.06,5
1335,1,3,16.56,5
1336,1,3,16.98,5
1337,1,3,16.42,5
1338,1,3,18.08,5
1339,1,3,18.96,5
1340,1,3,18.02,5
1341,1,3,17.68,5
1342,1,3,17.48,5
1343,1,3,15.6,5
1344,1,3,15.1,5
1345,1,3,15.3,5
1346,1,3,15.3,5
1347,1,3,15.46,5
1348,1,3,17.56,5
1349,1,3,17.12,5
1350,1,3,16.66,5
1351,1,3,16.1,5
1352,1,3,15.56,5
1353,1,3,15.32,5
1354,1,3,14.94,5
1355,1,3,14.74,5
1356,1,3,14.82,5
1357,1,3,15.4,5
1358,1,3,16.58,5
1359,1,3,17.56,5
1360,1,3,18.3,5
1361,1,3,16.88,5
1362,1,3,17.66,5
1363,1,3,18.06,5
1364,1,3,19.7,5
1365,1,3,18.62,5
1366,1,3,17.82,5
1367,1,3,17.42,5
1368,1,3,16.98,4
1369,1,3,15.36,4
1370,1,3,16.42,4
1371,1,3,16.24,4
1372,1,3,16.4,4
1373,1,3,17.14,4
1374,1,3,16.7,4
1375,1,3,16.8,4
1376,1,3,16.62,4
1377,1,3,16.5,4
1378,1,3,14.82,4
1379,1,3,14.22,4
1380,1,3,14.38,4
1381,1,3,15.14,4
1382,1,3,15.06,4
1383,1,3,16.66,4
1384,1,3,15.16,4
1385,1,3,15.4,4
1386,1,3,14.98,4
1387,1,3,16.02,4
1388,1,3,15.62,4
1389,1,3,15.44,4
1390,1,3,17.3,4
1391,1,3,16.86,4
1392,1,3,16.36,4
1393,1,3,16.56,4
1394,1,3,15.86,4
1395,1,3,16.3,4
1396,1,3,14.94,4
1397,1,3,14.48,4
1398,1,3,13.9,4
1399,1,3,14.98,4
1400,1,3,15.0,4
1401,1,3,15.68,4
1402,1,3,14.54,4
1403,1,3,15.44,4
1404,1,3,15.98,4
1405,1,3,15.28,4
1406,1,3,14.8,4
1407,1,3,16.42,4
1408,1,3,17.4,4
1409,1,3,16.44,4
1410,1,3,16.44,4
1411,1,3,17.1,4
1412,1,3,16.64,4
1413,1,3,16.44,4
1414,1,3,15.6,4
1415,1,3,14.9,4
1416,1,3,15.44,4
1417,1,3,14.8,4
1418,1,3,14.68,4
1419,1,3,14.46,4
1420,1,3,14.38,4
1421,1,3,14.7,4
1422,1,3,14.74,4
1423,1,3,15.68,4
1424,1,3,16.04,4
1425,1,3,15.26,4
1426,1,3,15.42,4
1427,1,3,15.98,4
1428,1,3,17.12,4
1429,1,3,16.8,4
1430,1,3,16.38,4
1431,1,3,16.58,4
1432,1,3,16.94,4
1433,1,3,17.16,4
1434,1,3,17.4,4
1435,1,3,16.94,4
1436,1,3,16.62,4
1437,1,3,16.66,4
1438,1,3,16.68,4
1439,1,3,17.5,4
1440,1,3,17.34,4
1441,1,3,15.66,4
1442,1,3,14.44,4
1443,1,3,15.14,4
1444,1,3,15.38,4
1445,1,3,16.48,4
1446,1,3,16.52,4
1447,1,3,16.5,4
1448,1,3,16.54,4
1449,1,3,16.5,4
1450,1,3,15.92,4
1451,1,3,15.38,4
1452,1,3,14.58,4
1453,1,3,14.86,4
1454,1,3,15.04,4
1455,1,3,15.28,4
1456,1,3,15.88,4
1457,1,3,16.2,4
1458,1,3,15.34,4
1459,1,3,14.18,4
1460,1,3,14.18,4
1461,1,3,14.18,4
1462,1,3,15.62,4
1463,1,3,16.02,4
1464,1,3,15.94,4
1465,1,3,16.08,4
1466,1,3,15.32,4
1467,1,3,15.52,4
1468,1,3,16.36,4
1469,1,3,16.14,4
1470,1,3,15.66,4
1471,1,3,14.84,4
1472,1,3,14.16,4
1473,1,3,15.04,4
1474,1,3,15.84,4
1475,1,3,15.74,4
1476,1,3,15.52,4
1477,1,3,16.02,4
1478,1,3,16.5,4
1479,1,3,16.26,4
1480,1,3,14.6,4
1481,1,3,14.88,4
1482,1,3,15.26,4
1483,1,3,15.04,4
1484,1,3,16.08,4
1485,1,3,15.86,4
1486,1,3,16.22,4
1487,1,3,16.42,4
1488,1,3,15.44,4
1489,1,3,16.26,4
1490,1,3,15.8,4
1491,1,3,15.78,4
1492,1,3,15.84,4
1493,1,3,15.98,4
1494,1,3,16.78,4
1495,1,3,15.82,4
1496,1,3,15.3,4
1497,1,3,16.44,4
1498,1,3,16.04,4
1499,1,3,14.58,4
1500,1,3,15.06,4
1501,1,3,15.84,4
1502,1,3,16.06,4
1503,1,3,15.8,4
1504,1,3,15.56,4
1505,1,3,13.96,4
1506,1,3,13.18,4
1507,1,3,14.2,4
1508,1,3,13.92,4
1509,1,3,13.72,4
1510,1,3,15.56,4
1511,1,3,15.7,4
1512,1,3,15.54,4
1513,1,3,14.4,4
1514,1,3,16.04,4
1515,1,3,16.34,4
1516,1,3,16.72,4
1517,1,3,16.82,4
1518,1,3,18.96,4
1519,1,3,19.6,4
1520,1,3,19.16,4
1521,1,3,18.24,4
1522,1,3,17.96,4
1523,1,3,17.42,4
1524,1,3,17.86,4
1525,1,3,16.04,4
1526,1,3,16.68,4
1527,1,3,15.62,4
1528,1,3,16.26,4
1529,1,3,16.56,4
1530,1,3,15.94,4
1531,1,3,16.92,4
1532,1,3,15.98,4
1533,1,3,16.42,4
1534,1,3,16.96,4
1535,1,3,17.64,4
1536,1,3,17.72,4
1537,1,3,17.4,4
1538,1,3,17.2,4
1539,1,3,17.1,4
1540,1,3,16.98,4
1541,1,3,15.54,4
1542,1,3,14.58,4
1543,1,3,13.84,4
1544,1,3,13.8,4
1545,1,3,14.68,4
1546,1,3,15.16,4
1547,1,3,15.86,4
1548,1,3,15.76,4
1549,1,3,15.26,4
1550,1,3,15.54,4
1551,1,3,16.36,4
1552,1,3,17.02,4
1553,1,3,17.0,4
1554,1,3,16.34,4
1555,1,3,14.78,4
1556,1,3,14.62,4
1557,1,3,16.32,4
1558,1,3,17.14,4
1559,1,3,17.82,4
1560,1,3,18.42,4
1561,1,3,17.88,4
1562,1,3,17.18,4
1563,1,3,17.4,4
1564,1,3,17.36,4
1565,1,3,15.28,4
1566,1,3,15.18,4
1567,1,3,16.0,4
1568,1,3,16.16,4
1569,1,3,15.24,4
1570,1,3,14.62,4
1571,1,3,16.16,4
1572,1,3,16.34,4
1573,1,3,16.12,4
1574,1,3,15.88,4
1575,1,3,14.2,4
1576,1,3,13.5,4
1577,1,3,12.78,4
1578,1,3,14.06,4
1579,1,3,14.88,4
1580,1,3,16.2,4
1581,1,3,17.32,4
1582,1,3,19.5,4
1583,1,3,19.24,4
1584,1,3,18.54,4
1585,1,3,18.18,4
1586,1,3,17.64,4
1587,1,3,16.28,4
1588,1,3,16.02,4
1589,1,3,15.84,4
1590,1,3,15.1,4
1591,1,3,14.48,4
1592,1,3,15.02,4
1593,1,3,14.98,4
1594,1,3,15.48,4
1595,1,3,16.22,4
1596,1,3,16.14,4
1597,1,3,17.18,4
1598,1,3,16.72,4
1599,1,3,16.94,4
1600,1,3,15.98,4
1601,1,3,16.6,4
1602,1,3,18.04,4
1603,1,3,18.48,4
1604,1,3,17.3,4
1605,1,3,17.58,4
1606,1,3,17.42,4
1607,1,3,18.38,4
1608,1,3,17.38,4
1609,1,3,18.6,4
1610,1,3,17.84,4
1611,1,3,17.18,4
1612,1,3,16.08,4
1613,1,3,15.8,4
1614,1,3,16.62,4
1615,1,3,18.14,4
1616,1,3,18.0,4
1617,1,3,17.54,4
1618,1,3,17.54,4
1619,1,3,16.92,4
1620,1,3,16.42,4
1621,1,3,16.76,4
1622,1,3,15.82,4
1623,1,3,15.62,4
1624,1,3,15.86,4
1625,1,3,16.92,4
1626,1,3,16.38,4
1627,1,3,16.6,4
1628,1,3,15.84,4
1629,1,3,15.08,4
1630,1,3,16.62,4
1631,1,3,15.94,4
1632,1,3,16.42,4
1633,1,3,16.3,4
1634,1,3,17.16,4
1635,1,3,18.14,4
1636,1,3,19.06,4
1637,1,3,18.56,4
1638,1,3,17.92,4
1639,1,3,17.08,4
1640,1,3,16.66,4
1641,1,3,17.04,4
1642,1,3,18.36,4
1643,1,3,18.32,4
1644,1,3,17.36,4
1645,1,3,16.52,4
1646,1,3,16.74,4
1647,1,3,16.16,4
1648,1,3,15.28,4
1649,1,3,16.2,4
1650,1,3,16.38,4
1651,1,3,17.26,4
1652,1,3,17.78,4
1653,1,3,16.62,4
1654,1,3,17.0,4
1655,1,3,15.76,4
1656,1,3,15.08,4
1657,1,3,15.32,4
1658,1,3,15.32,4
1659,1,3,16.14,4
1660,1,3,14.98,4
1661,1,3,15.14,4
1662,1,3,16.12,4
1663,1,3,15.6,4
1664,1,3,15.2,4
1665,1,3,16.08,4
1666,1,3,15.62,4
1667,1,3,15.72,4
1668,1,3,15.86,4
1669,1,3,16.54,4
1670,1,3,16.18,4
1671,1,3,17.5,4
1672,1,3,18.38,4
1673,1,3,16.9,4
1674,1,3,16.08,4
1675,1,3,17.04,4
1676,1,3,15.14,4
1677,1,3,15.04,4
1678,1,3,14.12,4
1679,1,3,14.9,4
1680,1,3,15.38,4
1681,1,3,15.46,4
1682,1,3,16.16,4
1683,1,3,15.86,4
1684,1,3,15.74,4
1685,1,3,16.66,4
1686,1,3,16.56,4
1687,1,3,16.6,4
1688,1,3,16.9,4
1689,1,3,15.6,4
1690,1,3,15.72,4
1691,1,3,16.58,4
1692,1,3,16.0,4
1693,1,3,16.8,4
1694,1,3,15.98,4
1695,1,3,15.42,4
1696,1,3,15.9,4
1697,1,3,15.66,4
1698,1,3,16.14,4
1699,1,3,15.62,4
1700,1,3,14.84,4
1701,1,3,15.5,4
1702,1,3,15.26,4
1703,1,3,16.74,4
1704,1,3,16.22,4
1705,1,3,15.06,4
1706,1,3,15.44,4
1707,1,3,16.6,4
1708,1,3,15.66,4
1709,1,3,14.84,4
1710,1,3,14.86,4
1711,1,3,14.32,4
1712,1,3,15.66,4
1713,1,3,15.72,4
1714,1,3,14.06,4
1715,1,3,14.44,4
1716,1,3,14.28,4
1717,1,3,14.58,4
1718,1,3,14.62,4
1719,1,3,14.4,4
1720,1,3,15.44,4
1721,1,3,15.4,4
1722,1,3,14.9,4
1723,1,3,13.92,4
1724,1,3,14.54,4
1725,1,3,14.68,4
1726,1,3,14.34,4
1727,1,3,14.78,4
1728,1,3,16.16,4
1729,1,3,16.98,4
1730,1,3,17.8,4
1731,1,3,17.92,4
1732,1,3,18.56,4
1733,1,3,18.04,4
1734,1,3,16.6,4
1735,1,3,16.58,4
1736,1,3,16.42,4
1737,1,3,16.4,4
1738,1,3,17.78,4
1739,1,3,16.86,4
1740,1,3,16.96,4
1741,1,3,17.6,4
1742,1,3,17.56,4
1743,1,3,17.36,4
1744,1,3,17.58,4
1745,1,3,17.58,4
1746,1,3,16.62,4
1747,1,3,16.24,4
1748,1,3,16.02,4
1749,1,3,16.6,4
1750,1,3,17.56,4
1751,1,3,17.06,4
1752,1,3,18.88,4
1753,1,3,19.18,4
1754,1,3,17.36,4
1755,1,3,16.9,4
1756,1,3,17.38,4
1757,1,3,18.54,4
1758,1,3,18.14,4
1759,1,3,18.08,4
1760,1,3,18.88,4
1761,1,3,17.94,4
1762,1,3,16.72,4
1763,1,3,16.32,4
1764,1,3,15.16,4
1765,1,3,15.6,4
1766,1,3,16.88,4
1767,1,3,18.52,4
1768,1,3,17.72,4
1769,1,3,19.26,4
1770,1,3,18.42,4
1771,1,3,16.46,4
1772,1,3,15.98,4
1773,1,3,17.64,4
1774,1,3,17.08,4
1775,1,3,17.46,4
1776,1,3,17.22,4
1777,1,3,17.14,4
1778,1,3,16.18,4
1779,1,3,17.58,4
1780,1,3,17.3,4
1781,1,3,17.3,4
1782,1,3,16.06,4
1783,1,3,15.32,4
1784,1,3,15.36,4
1785,1,3,14.84,4
1786,1,3,15.98,4
1787,1,3,17.02,4
1788,1,3,17.58,4
1789,1,3,17.26,4
1790,1,3,16.22,4
1791,1,3,15.52,4
1792,1,3,14.52,4
1793,1,3,14.7,4
1794,1,3,16.38,4
1795,1,3,17.16,4
1796,1,3,16.38,4
1797,1,3,17.64,4
1798,1,3,17.98,4
1799,1,3,16.2,4
1800,1,3,15.2,4
1801,1,3,16.12,4
1802,1,3,17.02,4
1803,1,3,17.1,4
1804,1,3,17.16,4
1805,1,3,16.08,4
1806,1,3,16.54,4
1807,1,3,16.06,4
1808,1,3,16.78,4
1809,1,3,17.62,4
1810,1,3,16.94,4
1811,1,3,15.84,4
1812,1,3,15.38,4
1813,1,3,14.32,4
1814,1,3,14.58,4
1815,1,3,14.18,4
1816,1,3,14.54,4
1817,1,3,14.94,4
1818,1,3,15.84,4
1819,1,3,15.26,4
1820,1,3,14.84,4
1821,1,3,14.82,4
1822,1,3,15.16,4
1823,1,3,16.2,4
1824,1,3,16.12,4
1825,1,3,17.78,4
1826,1,3,18.0,4
1827,1,3,18.46,4
1828,1,3,16.66,4
1829,1,3,15.68,4
1830,1,3,15.6,4
1831,1,3,14.8,4
1832,1,3,14.96,4
1833,1,3,14.84,4
1834,1,3,16.52,4
1835,1,3,15.98,4
1836,1,3,16.2,4
1837,1,3,16.56,4
1838,1,3,17.42,4
1839,1,3,16.48,4
1840,1,3,15.9,4
1841,1,3,15.62,4
1842,1,3,16.36,4
1843,1,3,17.86,4
1844,1,3,16.38,4
1845,1,3,15.68,4
1846,1,3,15.94,4
1847,1,3,16.02,4
1848,1,3,14.24,4
1849,1,3,15.98,4
1850,1,3,15.78,4
1851,1,3,15.46,4
1852,1,3,15.08,4
1853,1,3,15.4,4
1854,1,3,13.86,4
1855,1,3,15.28,4
1856,1,3,15.28,4
1857,1,3,15.24,4
1858,1,3,15.4,4
1859,1,3,16.3,4
1860,1,3,16.28,4
1861,1,3,15.32,4
1862,1,3,16.38,4
1863,1,3,16.44,4
1864,1,3,15.52,4
1865,1,3,15.34,4
1866,1,3,14.86,4
1867,1,3,13.94,4
1868,1,3,14.44,4
1869,1,3,16.64,4
1870,1,3,15.84,4
1871,1,3,15.92,4
1872,1,3,16.88,4
1873,1,3,16.52,4
1874,1,3,15.04,4
1875,1,3,15.2,4
1876,1,3,14.54,4
1877,1,3,14.8,4
1878,1,3,16.0,4
1879,1,3,16.32,4
1880,1,3,17.14,4
1881,1,3,17.12,4
1882,1,3,16.46,4
1883,1,3,15.84,4
1884,1,3,15.08,4
1885,1,3,14.3,4
1886,1,3,14.58,4
1887,1,3,15.56,4
1888,1,3,15.12,4
1889,1,3,15.56,4
1890,1,3,15.58,4
1891,1,3,14.64,4
1892,1,3,15.12,4
1893,1,3,15.62,4
1894,1,3,15.9,4
1895,1,3,16.22,4
1896,1,3,16.08,4
1897,1,3,15.68,4
1898,1,3,13.8,4
1899,1,3,15.18,4
1900,1,3,15.0,4
1901,1,3,15.36,4
1902,1,3,14.24,4
1903,1,3,15.4,4
1904,1,3,15.38,4
1905,1,3,16.02,4
1906,1,3,16.14,4
1907,1,3,15.16,4
1908,1,3,14.86,4
1909,1,3,14.48,4
1910,1,3,14.32,4
1911,1,3,16.38,4
1912,1,3,16.14,4
1913,1,3,15.8,4
1914,1,3,15.94,4
1915,1,3,16.04,4
1916,1,3,15.8,4
1917,1,3,15.04,4
1918,1,3,14.6,4
1919,1,3,14.06,4
1920,1,3,13.86,4
1921,1,3,15.02,4
1922,1,3,16.02,4
1923,1,3,16.76,4
1924,1,3,17.76,4
1925,1,3,17.6,4
1926,1,3,18.08,4
1927,1,3,17.02,4
1928,1,3,17.44,4
1929,1,3,18.14,4
1930,1,3,18.34,4
1931,1,3,17.84,4
1932,1,3,17.62,4
1933,1,3,17.0,4
1934,1,3,17.98,4
1935,1,3,18.62,4
1936,1,3,18.64,4
1937,1,3,18.14,4
1938,1,3,17.8,4
1939,1,3,16.52,4
1940,1,3,15.54,4
1941,1,3,13.96,4
1942,1,3,13.88,4
1943,1,3,14.62,4
1944,1,3,13.42,4
1945,1,3,14.62,4
1946,1,3,15.24,4
1947,1,3,15.6,4
1948,1,3,15.42,4
1949,1,3,16.02,4
1950,1,3,15.82,4
1951,1,3,15.98,4
1952,1,3,15.56,4
1953,1,3,16.86,4
1954,1,3,16.62,4
1955,1,3,15.96,4
1956,1,3,15.86,4
1957,1,3,15.7,4
1958,1,3,17.22,4
1959,1,3,17.76,4
1960,1,3,17.62,4
1961,1,3,16.52,4
1962,1,3,15.2,4
1963,1,3,14.0,4
1964,1,3,15.34,4
1965,1,3,15.18,4
1966,1,3,16.26,4
1967,1,3,16.2,4
1968,1,3,17.16,4
1969,1,3,16.28,4
1970,1,3,16.3,4
1971,1,3,15.62,4
1972,1,3,16.88,4
1973,1,3,17.2,4
1974,1,3,17.88,4
1975,1,3,16.58,4
1976,1,3,16.26,4
1977,1,3,16.6,4
1978,1,3,16.24,4
1979,1,3,15.72,4
1980,1,3,16.46,4
1981,1,3,16.68,4
1982,1,3,16.52,4
1983,1,3,16.92,4
1984,1,3,16.32,4
1985,1,3,16.7,4
1986,1,3,17.38,4
1987,1,3,16.26,4
1988,1,3,16.18,4
1989,1,3,15.46,4
1990,1,3,15.36,4
1991,1,3,15.8,4
1992,1,3,15.98,4
1993,1,3,16.32,4
1994,1,3,14.48,4
1995,1,3,14.1,4
1996,1,3,14.6,4
1997,1,3,14.9,4
1998,1,3,14.52,4
1999,1,3,14.04,4
2000,1,3,13.28,4
0,2,3,57.54,44
1,2,3,53.16,41
2,2,3,47.7,37
3,2,3,45.3,32
4,2,3,43.12,32
5,2,3,40.42,31
6,2,3,37.76,31
7,2,3,35.76,30
8,2,3,36.14,26
9,2,3,35.62,26
10,2,3,35.52,26
11,2,3,33.54,23
12,2,3,33.12,23
13,2,3,32.16,23
14,2,3,31.28,23
15,2,3,30.96,21
16,2,3,30.86,20
17,2,3,30.88,20
18,2,3,30.28,20
19,2,3,29.36,20
20,2,3,27.6,19
21,2,3,26.14,19
22,2,3,26.36,18
23,2,3,25.42,18
24,2,3,26.42,18
25,2,3,27.64,16
26,2,3,27.74,16
27,2,3,27.32,16
28,2,3,26.22,16
29,2,3,24.96,16
30,2,3,25.78,16
31,2,3,25.86,16
32,2,3,26.36,16
33,2,3,24.0,16
34,2,3,23.68,15
35,2,3,22.94,15
36,2,3,23.52,15
37,2,3,24.32,15
38,2,3,23.16,15
39,2,3,22.02,15
40,2,3,22.68,15
41,2,3,23.02,15
42,2,3,22.96,15
43,2,3,24.58,14
44,2,3,24.9,14
45,2,3,25.1,14
46,2,3,23.92,14
47,2,3,23.22,14
48,2,3,22.74,14
49,2,3,22.82,14
50,2,3,22.36,14
51,2,3,22.64,14
52,2,3,22.7,14
53,2,3,23.52,13
54,2,3,23.02,13
55,2,3,22.9,13
56,2,3,21.86,12
57,2,3,21.22,12
58,2,3,21.3,12
59,2,3,21.4,12
60,2,3,21.9,12
61,2,3,20.92,12
62,2,3,20.9,12
63,2,3,21.0,12
64,2,3,20.8,12
65,2,3,21.72,12
66,2,3,22.36,12
67,2,3,22.48,12
68,2,3,23.78,12
69,2,3,22.98,12
70,2,3,22.6,12
71,2,3,20.42,12
72,2,3,20.56,12
73,2,3,21.16,12
74,2,3,21.62,12
75,2,3,21.6,12
76,2,3,21.66,12
77,2,3,20.82,12
78,2,3,20.42,12
79,2,3,20.04,12
80,2,3,21.32,12
81,2,3,20.34,12
82,2,3,20.34,12
83,2,3,21.22,12
84,2,3,21.4,12
85,2,3,21.48,12
86,2,3,21.7,12
87,2,3,21.92,12
88,2,3,21.92,12
89,2,3,21.74,12
90,2,3,22.26,12
91,2,3,21.42,12
92,2,3,21.24,12
93,2,3,21.56,12
94,2,3,21.7,12
95,2,3,20.78,12
96,2,3,20.44,12
97,2,3,20.62,12
98,2,3,19.92,12
99,2,3,21.12,12
100,2,3,20.88,12
101,2,3,21.58,12
102,2,3,21.14,12
103,2,3,21.62,12
104,2,3,21.84,12
105,2,3,20.92,12
106,2,3,21.42,12
107,2,3,21.8,12
108,2,3,21.22,12
109,2,3,20.8,12
110,2,3,20.52,12
111,2,3,21.06,12
112,2,3,20.76,12
113,2,3,20.66,12
114,2,3,21.72,12
115,2,3,21.9,12
116,2,3,21.42,12
117,2,3,21.94,12
118,2,3,21.74,12
119,2,3,21.62,12
120,2,3,21.34,12
121,2,3,21.32,12
122,2,3,21.04,12
123,2,3,20.12,12
124,2,3,20.84,12
125,2,3,20.18,12
126,2,3,21.32,12
127,2,3,20.7,12
128,2,3,21.14,12
129,2,3,21.52,12
130,2,3,21.54,12
131,2,3,21.34,12
132,2,3,20.84,12
133,2,3,21.58,12
134,2,3,21.12,12
135,2,3,19.94,12
136,2,3,20.28,12
137,2,3,20.1,12
138,2,3,19.32,12
139,2,3,21.52,12
140,2,3,21.2,12
141,2,3,21.84,12
142,2,3,22.06,12
143,2,3,22.98,12
144,2,3,23.1,12
145,2,3,22.52,12
146,2,3,20.88,12
147,2,3,20.76,12
148,2,3,20.7,12
149,2,3,20.8,12
150,2,3,20.92,12
151,2,3,21.0,12
152,2,3,21.72,12
153,2,3,23.04,12
154,2,3,23.04,12
155,2,3,22.96,12
156,2,3,23.62,12
157,2,3,23.28,12
158,2,3,22.74,12
159,2,3,23.06,12
160,2,3,22.92,12
161,2,3,22.3,12
162,2,3,21.44,12
163,2,3,20.94,12
164,2,3,21.32,12
165,2,3,21.76,12
166,2,3,22.14,12
167,2,3,23.34,12
168,2,3,22.88,12
169,2,3,22.96,12
170,2,3,24.88,12
171,2,3,25.04,12
172,2,3,23.12,12
173,2,3,22.5,12
174,2,3,23.22,12
175,2,3,23.08,12
176,2,3,21.74,12
177,2,3,21.46,12
178,2,3,21.72,12
179,2,3,21.64,12
180,2,3,21.68,12
181,2,3,22.36,12
182,2,3,21.82,12
183,2,3,21.36,12
184,2,3,19.84,12
185,2,3,19.18,12
186,2,3,19.54,12
187,2,3,18.92,12
188,2,3,19.6,12
189,2,3,20.24,12
190,2,3,20.52,12
191,2,3,20.86,12
192,2,3,21.82,12
193,2,3,21.4,12
194,2,3,20.22,12
195,2,3,20.38,12
196,2,3,21.68,12
197,2,3,21.46,12
198,2,3,21.2,12
199,2,3,21.96,12
200,2,3,22.12,12
201,2,3,23.36,12
202,2,3,22.4,12
203,2,3,22.54,12
204,2,3,21.88,12
205,2,3,21.72,12
206,2,3,22.1,12
207,2,3,21.3,12
208,2,3,21.4,12
209,2,3,21.62,12
210,2,3,21.94,12
211,2,3,21.88,12
212,2,3,21.14,12
213,2,3,21.28,12
214,2,3,22.02,12
215,2,3,21.84,12
216,2,3,21.62,12
217,2,3,21.6,12
218,2,3,21.58,12
219,2,3,21.48,12
220,2,3,20.52,12
221,2,3,20.56,12
222,2,3,19.76,12
223,2,3,21.64,12
224,2,3,21.82,11
225,2,3,21.06,11
226,2,3,20.02,11
227,2,3,19.66,11
228,2,3,19.2,11
229,2,3,19.72,11
230,2,3,20.28,11
231,2,3,20.74,11
232,2,3,20.12,11
233,2,3,21.0,11
234,2,3,19.6,11
235,2,3,20.36,11
236,2,3,21.34,11
237,2,3,21.46,11
238,2,3,21.02,11
239,2,3,21.22,11
240,2,3,20.86,11
241,2,3,21.06,11
242,2,3,22.26,11
243,2,3,22.82,11
244,2,3,23.18,11
245,2,3,22.24,11
246,2,3,20.94,10
247,2,3,21.22,10
248,2,3,19.58,10
249,2,3,18.46,10
250,2,3,18.42,10
251,2,3,18.94,10
252,2,3,20.36,9
253,2,3,19.88,9
254,2,3,18.52,9
255,2,3,19.12,9
256,2,3,19.5,9
257,2,3,19.32,9
258,2,3,19.38,9
259,2,3,18.26,9
260,2,3,18.8,9
261,2,3,17.8,9
262,2,3,17.96,9
263,2,3,18.7,9
264,2,3,18.88,9
265,2,3,19.8,9
266,2,3,20.98,9
267,2,3,19.6,9
268,2,3,19.66,9
269,2,3,19.94,9
270,2,3,19.58,9
271,2,3,20.14,9
272,2,3,18.82,9
273,2,3,19.94,9
274,2,3,19.74,9
275,2,3,19.22,8
276,2,3,18.56,8
277,2,3,18.18,8
278,2,3,18.16,8
279,2,3,18.8,8
280,2,3,17.82,8
281,2,3,17.86,8
282,2,3,18.84,8
283,2,3,19.54,8
284,2,3,19.5,8
285,2,3,20.96,8
286,2,3,19.52,8
287,2,3,19.76,8
288,2,3,19.98,8
289,2,3,20.96,8
290,2,3,20.8,8
291,2,3,19.14,8
292,2,3,18.2,8
293,2,3,17.82,8
294,2,3,17.24,8
295,2,3,17.06,8
296,2,3,18.12,8
297,2,3,17.04,7
298,2,3,17.64,7
299,2,3,16.7,7
300,2,3,15.68,7
301,2,3,16.7,7
302,2,3,16.72,7
303,2,3,17.48,7
304,2,3,18.32,7
305,2,3,19.2,7
306,2,3,19.5,7
307,2,3,18.32,7
308,2,3,18.94,7
309,2,3,17.86,7
310,2,3,17.44,7
311,2,3,18.32,7
312,2,3,18.84,7
313,2,3,17.82,7
314,2,3,16.62,7
315,2,3,17.64,7
316,2,3,17.98,7
317,2,3,17.84,7
318,2,3,18.84,7
319,2,3,18.42,7
320,2,3,18.16,7
321,2,3,17.74,7
322,2,3,18.46,7
323,2,3,18.8,7
324,2,3,17.08,7
325,2,3,16.72,7
326,2,3,17.44,7
327,2,3,17.44,7
328,2,3,17.06,7
329,2,3,18.76,7
330,2,3,18.5,7
331,2,3,18.74,7
332,2,3,19.78,7
333,2,3,19.88,7
334,2,3,17.42,7
335,2,3,17.0,7
336,2,3,16.72,7
337,2,3,17.84,7
338,2,3,18.06,7
339,2,3,17.6,7
340,2,3,17.4,7
341,2,3,17.58,7
342,2,3,17.56,7
343,2,3,17.48,7
344,2,3,18.24,7
345,2,3,18.3,7
346,2,3,18.18,7
347,2,3,18.0,7
348,2,3,17.2,7
349,2,3,18.1,7
350,2,3,17.64,7
351,2,3,19.0,7
352,2,3,19.84,7
353,2,3,19.48,7
354,2,3,18.12,7
355,2,3,17.44,7
356,2,3,18.26,7
357,2,3,17.56,7
358,2,3,17.78,7
359,2,3,17.44,7
360,2,3,17.48,7
361,2,3,18.0,7
362,2,3,17.86,7
363,2,3,18.08,7
364,2,3,19.32,7
365,2,3,20.08,7
366,2,3,17.94,7
367,2,3,19.24,7
368,2,3,19.26,7
369,2,3,19.5,7
370,2,3,18.22,7
371,2,3,17.96,7
372,2,3,18.14,7
373,2,3,17.4,7
374,2,3,18.02,7
375,2,3,18.34,7
376,2,3,17.3,7
377,2,3,18.48,7
378,2,3,18.18,7
379,2,3,19.16,7
380,2,3,17.64,7
381,2,3,16.18,7
382,2,3,16.28,7
383,2,3,16.08,7
384,2,3,16.64,7
385,2,3,17.56,7
386,2,3,16.84,7
387,2,3,17.5,7
388,2,3,17.24,7
389,2,3,17.68,7
390,2,3,16.36,7
391,2,3,14.94,7
392,2,3,15.66,7
393,2,3,15.98,7
394,2,3,16.92,7
395,2,3,17.18,7
396,2,3,19.02,7
397,2,3,19.38,7
398,2,3,18.62,7
399,2,3,18.06,7
400,2,3,18.52,7
401,2,3,18.68,7
402,2,3,18.72,7
403,2,3,18.78,7
404,2,3,18.56,7
405,2,3,18.86,7
406,2,3,18.56,7
407,2,3,18.64,7
408,2,3,18.8,7
409,2,3,19.88,7
410,2,3,19.32,7
411,2,3,19.66,7
412,2,3,17.94,7
413,2,3,18.54,7
414,2,3,19.6,7
415,2,3,19.5,7
416,2,3,19.96,7
417,2,3,19.92,7
418,2,3,19.34,7
419,2,3,19.44,7
420,2,3,20.14,7
421,2,3,19.48,7
422,2,3,19.66,7
423,2,3,19.66,7
424,2,3,19.04,7
425,2,3,18.36,7
426,2,3,18.6,7
427,2,3,19.4,7
428,2,3,17.92,7
429,2,3,18.22,7
430,2,3,17.9,7
431,2,3,18.36,7
432,2,3,19.4,7
433,2,3,20.02,7
434,2,3,20.02,7
435,2,3,20.12,7
436,2,3,19.0,7
437,2,3,17.98,7
438,2,3,18.4,7
439,2,3,19.44,7
440,2,3,20.38,7
441,2,3,20.2,7
442,2,3,20.04,7
443,2,3,18.42,7
444,2,3,18.3,7
445,2,3,19.22,7
446,2,3,19.32,7
447,2,3,19.32,7
448,2,3,19.3,7
449,2,3,19.98,7
450,2,3,19.86,7
451,2,3,19.68,7
452,2,3,18.6,7
453,2,3,18.4,7
454,2,3,17.5,7
455,2,3,17.64,7
456,2,3,19.1,7
457,2,3,19.34,7
458,2,3,18.14,7
459,2,3,18.26,7
460,2,3,19.66,7
461,2,3,18.84,7
462,2,3,19.18,7
463,2,3,19.1,7
464,2,3,18.56,7
465,2,3,19.64,7
466,2,3,20.4,7
467,2,3,19.54,7
468,2,3,20.12,7
469,2,3,20.0,7
470,2,3,19.44,7
471,2,3,19.98,7
472,2,3,19.38,7
473,2,3,18.5,7
474,2,3,18.64,7
475,2,3,17.9,7
476,2,3,18.68,7
477,2,3,18.8,7
478,2,3,17.76,7
479,2,3,17.2,7
480,2,3,17.88,7
481,2,3,18.88,7
482,2,3,17.96,7
483,2,3,18.16,7
484,2,3,17.98,7
485,2,3,17.56,7
486,2,3,16.1,7
487,2,3,15.68,7
488,2,3,17.28,7
489,2,3,17.2,7
490,2,3,18.12,7
491,2,3,18.68,7
492,2,3,18.08,7
493,2,3,18.56,7
494,2,3,18.08,7
495,2,3,18.92,7
496,2,3,18.26,7
497,2,3,18.68,7
498,2,3,19.34,7
499,2,3,18.92,7
500,2,3,19.24,7
501,2,3,19.76,7
502,2,3,18.38,7
503,2,3,17.48,7
504,2,3,17.84,7
505,2,3,17.16,7
506,2,3,16.52,7
507,2,3,17.2,7
508,2,3,18.8,7
509,2,3,20.24,7
510,2,3,20.56,7
511,2,3,20.46,7
512,2,3,21.32,7
513,2,3,22.02,7
514,2,3,20.82,7
515,2,3,20.66,7
516,2,3,20.98,7
517,2,3,19.5,7
518,2,3,18.56,7
519,2,3,19.06,7
520,2,3,19.9,7
521,2,3,20.36,7
522,2,3,19.16,7
523,2,3,19.32,7
524,2,3,20.0,7
525,2,3,20.06,7
526,2,3,20.54,7
527,2,3,22.04,7
528,2,3,21.4,7
529,2,3,21.48,7
530,2,3,22.2,7
531,2,3,22.0,7
532,2,3,22.1,7
533,2,3,21.66,7
534,2,3,22.34,7
535,2,3,21.2,7
536,2,3,19.64,7
537,2,3,19.18,7
538,2,3,17.4,7
539,2,3,15.6,7
540,2,3,16.32,7
541,2,3,16.28,7
542,2,3,17.88,7
543,2,3,18.58,7
544,2,3,18.6,7
545,2,3,18.26,7
546,2,3,17.18,7
547,2,3,17.1,7
548,2,3,17.78,7
549,2,3,17.92,7
550,2,3,18.06,7
551,2,3,17.66,7
552,2,3,17.6,7
553,2,3,16.72,7
554,2,3,17.12,7
555,2,3,16.46,7
556,2,3,16.56,7
557,2,3,17.08,7
558,2,3,17.7,7
559,2,3,18.46,7
560,2,3,18.66,7
561,2,3,18.18,7
562,2,3,18.54,7
563,2,3,19.1,7
564,2,3,19.32,7
565,2,3,18.14,7
566,2,3,18.14,7
567,2,3,18.62,7
568,2,3,17.68,7
569,2,3,18.3,7
570,2,3,16.92,7
571,2,3,16.4,7
572,2,3,16.68,7
573,2,3,17.04,7
574,2,3,16.92,7
575,2,3,17.62,7
576,2,3,18.28,7
577,2,3,19.8,7
578,2,3,20.48,7
579,2,3,19.22,7
580,2,3,18.46,7
581,2,3,18.76,7
582,2,3,18.16,7
583,2,3,17.32,7
584,2,3,16.1,7
585,2,3,16.96,7
586,2,3,16.8,7
587,2,3,16.76,7
588,2,3,16.64,7
589,2,3,16.86,7
590,2,3,16.56,7
591,2,3,16.64,7
592,2,3,16.42,7
593,2,3,17.06,7
594,2,3,16.3,7
595,2,3,16.7,7
596,2,3,17.94,7
597,2,3,17.74,7
598,2,3,18.48,7
599,2,3,18.48,7
600,2,3,18.0,7
601,2,3,18.06,7
602,2,3,18.88,7
603,2,3,19.26,7
604,2,3,19.2,7
605,2,3,18.84,7
606,2,3,18.84,7
607,2,3,18.84,7
608,2,3,18.72,7
609,2,3,18.58,7
610,2,3,18.6,7
611,2,3,17.4,7
612,2,3,16.88,7
613,2,3,18.98,7
614,2,3,19.7,7
615,2,3,21.18,7
616,2,3,21.06,7
617,2,3,21.82,7
618,2,3,21.68,7
619,2,3,21.52,7
620,2,3,21.04,7
621,2,3,20.62,7
622,2,3,20.02,7
623,2,3,20.34,7
624,2,3,18.76,7
625,2,3,18.06,7
626,2,3,18.2,7
627,2,3,17.94,7
628,2,3,16.7,7
629,2,3,17.7,7
630,2,3,17.2,7
631,2,3,17.04,7
632,2,3,16.56,7
633,2,3,16.34,7
634,2,3,16.54,7
635,2,3,16.42,7
636,2,3,17.92,7
637,2,3,18.82,7
638,2,3,18.44,7
639,2,3,19.3,7
640,2,3,19.1,7
641,2,3,18.68,7
642,2,3,18.62,7
643,2,3,19.48,7
644,2,3,18.44,7
645,2,3,18.28,7
646,2,3,17.68,7
647,2,3,19.06,7
648,2,3,19.48,7
649,2,3,18.62,7
650,2,3,19.02,7
651,2,3,18.66,7
652,2,3,17.9,7
653,2,3,17.4,7
654,2,3,17.78,7
655,2,3,17.72,7
656,2,3,19.18,7
657,2,3,20.0,7
658,2,3,20.06,7
659,2,3,20.4,7
660,2,3,20.22,7
661,2,3,19.44,7
662,2,3,18.06,7
663,2,3,16.38,7
664,2,3,16.32,7
665,2,3,16.74,7
666,2,3,17.46,7
667,2,3,17.5,7
668,2,3,16.82,7
669,2,3,18.12,7
670,2,3,19.22,7
671,2,3,17.64,7
672,2,3,17.42,7
673,2,3,17.92,7
674,2,3,16.62,7
675,2,3,17.3,7
676,2,3,16.92,7
677,2,3,17.14,7
678,2,3,17.18,7
679,2,3,17.62,7
680,2,3,17.54,7
681,2,3,17.98,7
682,2,3,19.08,7
683,2,3,19.24,7
684,2,3,20.76,7
685,2,3,20.46,7
686,2,3,18.82,7
687,2,3,15.54,7
688,2,3,16.6,7
689,2,3,17.62,7
690,2,3,17.16,7
691,2,3,17.76,7
692,2,3,17.58,7
693,2,3,17.34,7
694,2,3,16.76,7
695,2,3,17.38,7
696,2,3,16.7,7
697,2,3,16.72,7
698,2,3,16.36,7
699,2,3,17.78,7
700,2,3,16.82,7
701,2,3,15.8,7
702,2,3,16.02,7
703,2,3,15.62,7
704,2,3,16.72,7
705,2,3,17.96,7
706,2,3,18.58,7
707,2,3,19.2,7
708,2,3,19.74,7
709,2,3,19.94,7
710,2,3,20.1,7
711,2,3,20.44,7
712,2,3,19.7,7
713,2,3,17.16,7
714,2,3,17.9,7
715,2,3,18.2,7
716,2,3,18.4,7
717,2,3,17.92,7
718,2,3,18.82,7
719,2,3,19.16,7
720,2,3,19.64,7
721,2,3,19.2,7
722,2,3,18.78,7
723,2,3,18.76,7
724,2,3,19.78,7
725,2,3,19.48,7
726,2,3,18.94,7
727,2,3,18.6,7
728,2,3,18.24,7
729,2,3,17.12,7
730,2,3,17.7,7
731,2,3,16.36,7
732,2,3,16.48,7
733,2,3,17.26,7
734,2,3,18.34,7
735,2,3,18.86,7
736,2,3,18.02,7
737,2,3,16.82,7
738,2,3,16.62,7
739,2,3,16.44,7
740,2,3,16.36,7
741,2,3,16.06,7
742,2,3,16.34,7
743,2,3,16.44,7
744,2,3,17.2,7
745,2,3,17.52,7
746,2,3,16.96,7
747,2,3,17.74,7
748,2,3,17.7,7
749,2,3,18.28,7
750,2,3,18.74,7
751,2,3,18.4,7
752,2,3,19.66,7
753,2,3,18.98,7
754,2,3,18.92,7
755,2,3,18.36,7
756,2,3,17.82,7
757,2,3,19.12,7
758,2,3,19.4,7
759,2,3,18.6,7
760,2,3,18.6,7
761,2,3,18.72,7
762,2,3,17.96,7
763,2,3,17.7,7
764,2,3,18.44,7
765,2,3,17.48,7
766,2,3,17.58,7
767,2,3,17.74,7
768,2,3,19.28,7
769,2,3,19.4,7
770,2,3,19.16,7
771,2,3,18.7,7
772,2,3,18.66,7
773,2,3,16.88,7
774,2,3,16.94,7
775,2,3,17.9,7
776,2,3,18.02,7
777,2,3,17.32,7
778,2,3,16.12,7
779,2,3,15.74,7
780,2,3,16.88,7
781,2,3,16.7,7
782,2,3,18.1,7
783,2,3,18.18,7
784,2,3,18.38,7
785,2,3,17.44,7
786,2,3,17.2,7
787,2,3,17.52,7
788,2,3,18.38,7
789,2,3,18.68,7
790,2,3,18.74,7
791,2,3,18.78,7
792,2,3,18.04,7
793,2,3,18.22,7
794,2,3,18.66,7
795,2,3,18.9,7
796,2,3,18.16,7
797,2,3,18.12,7
798,2,3,17.96,7
799,2,3,18.34,7
800,2,3,18.58,7
801,2,3,18.76,7
802,2,3,17.24,7
803,2,3,17.56,7
804,2,3,17.22,7
805,2,3,16.52,7
806,2,3,16.7,7
807,2,3,16.88,7
808,2,3,17.24,7
809,2,3,16.9,7
810,2,3,17.5,7
811,2,3,18.36,7
812,2,3,18.52,7
813,2,3,19.7,7
814,2,3,19.2,7
815,2,3,18.64,7
816,2,3,19.26,7
817,2,3,20.06,7
818,2,3,19.8,7
819,2,3,20.84,7
820,2,3,19.94,7
821,2,3,19.86,7
822,2,3,19.96,7
823,2,3,19.64,7
824,2,3,20.2,7
825,2,3,19.52,7
826,2,3,20.46,7
827,2,3,20.58,7
828,2,3,19.92,7
829,2,3,20.08,7
830,2,3,19.48,7
831,2,3,19.7,7
832,2,3,19.1,7
833,2,3,18.14,7
834,2,3,17.5,7
835,2,3,18.54,7
836,2,3,17.4,7
837,2,3,17.8,7
838,2,3,18.2,7
839,2,3,19.04,7
840,2,3,19.5,7
841,2,3,19.6,7
842,2,3,20.3,7
843,2,3,19.94,7
844,2,3,19.8,7
845,2,3,20.76,7
846,2,3,18.38,7
847,2,3,18.14,7
848,2,3,19.14,7
849,2,3,18.22,7
850,2,3,17.6,7
851,2,3,17.98,7
852,2,3,18.1,7
853,2,3,18.24,7
854,2,3,18.54,7
855,2,3,19.38,7
856,2,3,19.16,7
857,2,3,19.08,7
858,2,3,18.48,7
859,2,3,19.12,7
860,2,3,18.9,7
861,2,3,18.92,7
862,2,3,18.14,7
863,2,3,19.26,7
864,2,3,18.58,7
865,2,3,16.82,7
866,2,3,16.32,7
867,2,3,16.94,7
868,2,3,17.76,7
869,2,3,17.9,7
870,2,3,18.58,7
871,2,3,19.76,7
872,2,3,19.56,7
873,2,3,19.62,7
874,2,3,20.0,7
875,2,3,18.92,7
876,2,3,19.6,7
877,2,3,20.5,7
878,2,3,20.58,7
879,2,3,22.56,7
880,2,3,21.74,7
881,2,3,21.56,7
882,2,3,19.9,7
883,2,3,18.94,7
884,2,3,18.44,7
885,2,3,18.34,7
886,2,3,19.06,7
887,2,3,20.36,7
888,2,3,19.32,7
889,2,3,19.36,7
890,2,3,17.98,7
891,2,3,17.18,7
892,2,3,16.62,7
893,2,3,17.78,7
894,2,3,18.84,7
895,2,3,19.66,7
896,2,3,18.2,7
897,2,3,18.18,7
898,2,3,18.5,7
899,2,3,17.74,7
900,2,3,18.58,7
901,2,3,18.48,7
902,2,3,17.5,7
903,2,3,18.18,7
904,2,3,18.24,7
905,2,3,18.96,7
906,2,3,19.04,7
907,2,3,18.8,7
908,2,3,19.22,7
909,2,3,18.94,7
910,2,3,19.12,7
911,2,3,18.82,7
912,2,3,18.12,7
913,2,3,18.22,7
914,2,3,17.84,7
915,2,3,18.62,7
916,2,3,18.66,7
917,2,3,17.88,7
918,2,3,17.36,7
919,2,3,16.7,7
920,2,3,16.32,7
921,2,3,17.86,7
922,2,3,18.04,7
923,2,3,18.16,7
924,2,3,18.66,7
925,2,3,19.44,7
926,2,3,19.74,7
927,2,3,19.68,7
928,2,3,19.74,7
929,2,3,19.16,7
930,2,3,19.94,7
931,2,3,18.76,7
932,2,3,18.4,7
933,2,3,16.8,7
934,2,3,17.7,7
935,2,3,19.32,7
936,2,3,18.1,7
937,2,3,17.5,7
938,2,3,18.12,7
939,2,3,19.08,7
940,2,3,18.62,7
941,2,3,17.64,7
942,2,3,17.44,7
943,2,3,18.34,7
944,2,3,18.06,7
945,2,3,18.94,7
946,2,3,18.56,7
947,2,3,18.14,7
948,2,3,18.18,7
949,2,3,17.3,7
950,2,3,18.78,7
951,2,3,19.42,7
952,2,3,20.42,7
953,2,3,20.14,7
954,2,3,19.88,7
955,2,3,19.5,7
956,2,3,19.86,7
957,2,3,19.12,7
958,2,3,18.9,7
959,2,3,18.12,7
960,2,3,18.2,7
961,2,3,18.62,7
962,2,3,17.82,7
963,2,3,17.76,7
964,2,3,17.1,7
965,2,3,17.42,7
966,2,3,18.42,7
967,2,3,18.4,7
968,2,3,18.2,7
969,2,3,17.52,7
970,2,3,17.26,7
971,2,3,18.12,7
972,2,3,17.7,7
973,2,3,17.3,7
974,2,3,18.42,7
975,2,3,18.58,7
976,2,3,18.7,7
977,2,3,18.38,7
978,2,3,18.42,7
979,2,3,19.16,7
980,2,3,19.36,7
981,2,3,18.58,7
982,2,3,18.88,7
983,2,3,18.7,7
984,2,3,18.96,7
985,2,3,18.46,7
986,2,3,18.94,7
987,2,3,18.48,7
988,2,3,18.72,7
989,2,3,19.76,7
990,2,3,19.34,7
991,2,3,17.9,7
992,2,3,18.18,7
993,2,3,18.06,7
994,2,3,18.18,7
995,2,3,18.6,7
996,2,3,19.6,7
997,2,3,19.86,7
998,2,3,18.98,7
999,2,3,18.48,7
1000,2,3,16.66,7
1001,2,3,16.34,7
1002,2,3,17.1,7
1003,2,3,16.86,7
1004,2,3,17.48,7
1005,2,3,18.0,7
1006,2,3,18.24,7
1007,2,3,18.98,7
1008,2,3,18.96,7
1009,2,3,18.98,7
1010,2,3,19.3,7
1011,2,3,19.22,7
1012,2,3,17.86,7
1013,2,3,17.52,7
1014,2,3,18.3,7
1015,2,3,18.56,7
1016,2,3,17.46,7
1017,2,3,16.36,7
1018,2,3,17.48,7
1019,2,3,17.98,7
1020,2,3,17.74,7
1021,2,3,17.92,7
1022,2,3,17.98,7
1023,2,3,18.38,7
1024,2,3,18.6,7
1025,2,3,20.38,7
1026,2,3,20.22,7
1027,2,3,19.32,7
1028,2,3,19.08,7
1029,2,3,18.74,7
1030,2,3,18.56,7
1031,2,3,20.12,7
1032,2,3,19.4,7
1033,2,3,18.26,7
1034,2,3,17.76,7
1035,2,3,18.58,7
1036,2,3,18.38,7
1037,2,3,18.16,7
1038,2,3,18.34,7
1039,2,3,18.7,7
1040,2,3,18.42,7
1041,2,3,17.44,7
1042,2,3,18.7,7
1043,2,3,18.4,7
1044,2,3,18.44,7
1045,2,3,18.26,7
1046,2,3,17.18,7
1047,2,3,17.22,7
1048,2,3,17.02,7
1049,2,3,18.66,7
1050,2,3,18.26,7
1051,2,3,18.52,7
1052,2,3,18.94,7
1053,2,3,19.52,7
1054,2,3,17.84,7
1055,2,3,18.92,7
1056,2,3,17.5,7
1057,2,3,16.86,7
1058,2,3,16.72,7
1059,2,3,17.38,7
1060,2,3,17.54,7
1061,2,3,17.96,7
1062,2,3,18.04,7
1063,2,3,17.82,7
1064,2,3,17.76,7
1065,2,3,17.84,7
1066,2,3,17.68,7
1067,2,3,18.2,7
1068,2,3,18.5,7
1069,2,3,18.66,7
1070,2,3,18.68,7
1071,2,3,17.92,7
1072,2,3,17.98,7
1073,2,3,17.18,7
1074,2,3,16.7,7
1075,2,3,16.9,7
1076,2,3,17.28,7
1077,2,3,17.8,7
1078,2,3,17.32,7
1079,2,3,18.18,7
1080,2,3,18.08,7
1081,2,3,18.64,7
1082,2,3,18.0,7
1083,2,3,18.0,7
1084,2,3,18.26,7
1085,2,3,19.04,7
1086,2,3,18.52,7
1087,2,3,18.0,7
1088,2,3,17.7,7
1089,2,3,18.0,7
1090,2,3,19.08,7
1091,2,3,19.32,7
1092,2,3,18.72,7
1093,2,3,18.18,7
1094,2,3,17.42,7
1095,2,3,18.0,7
1096,2,3,18.14,7
1097,2,3,18.84,7
1098,2,3,19.1,7
1099,2,3,17.36,7
1100,2,3,18.44,7
1101,2,3,17.5,7
1102,2,3,17.52,7
1103,2,3,17.56,7
1104,2,3,17.44,7
1105,2,3,16.4,7
1106,2,3,17.24,7
1107,2,3,17.6,7
1108,2,3,17.88,7
1109,2,3,18.18,7
1110,2,3,19.66,7
1111,2,3,20.08,7
1112,2,3,18.58,7
1113,2,3,18.82,7
1114,2,3,19.86,7
1115,2,3,18.98,7
1116,2,3,18.96,7
1117,2,3,18.9,7
1118,2,3,17.34,7
1119,2,3,17.74,7
1120,2,3,17.66,7
1121,2,3,16.06,7
1122,2,3,17.68,7
1123,2,3,17.4,7
1124,2,3,18.5,7
1125,2,3,17.38,7
1126,2,3,17.4,7
1127,2,3,19.08,7
1128,2,3,19.08,7
1129,2,3,17.72,7
1130,2,3,17.9,7
1131,2,3,18.4,7
1132,2,3,18.42,7
1133,2,3,18.3,7
1134,2,3,18.72,7
1135,2,3,18.8,7
1136,2,3,20.64,7
1137,2,3,20.88,7
1138,2,3,20.2,7
1139,2,3,20.32,7
1140,2,3,20.02,7
1141,2,3,19.38,7
1142,2,3,18.26,7
1143,2,3,18.36,7
1144,2,3,18.96,7
1145,2,3,17.88,7
1146,2,3,17.24,7
1147,2,3,17.72,7
1148,2,3,18.5,7
1149,2,3,18.4,7
1150,2,3,19.08,7
1151,2,3,18.94,7
1152,2,3,19.12,7
1153,2,3,18.78,7
1154,2,3,18.14,7
1155,2,3,16.52,7
1156,2,3,17.9,7
1157,2,3,17.84,7
1158,2,3,17.68,7
1159,2,3,18.86,7
1160,2,3,17.96,7
1161,2,3,17.92,7
1162,2,3,18.74,7
1163,2,3,18.62,7
1164,2,3,19.38,7
1165,2,3,19.7,7
1166,2,3,18.7,7
1167,2,3,19.5,7
1168,2,3,18.56,7
1169,2,3,18.88,7
1170,2,3,19.54,7
1171,2,3,19.84,7
1172,2,3,18.28,7
1173,2,3,18.04,7
1174,2,3,17.98,7
1175,2,3,16.38,7
1176,2,3,17.04,6
1177,2,3,18.22,6
1178,2,3,16.88,6
1179,2,3,17.02,6
1180,2,3,17.18,6
1181,2,3,17.38,6
1182,2,3,17.54,6
1183,2,3,18.2,6
1184,2,3,18.24,6
1185,2,3,18.12,6
1186,2,3,17.72,6
1187,2,3,17.24,6
1188,2,3,18.02,6
1189,2,3,17.44,6
1190,2,3,18.98,6
1191,2,3,18.24,6
1192,2,3,16.82,6
1193,2,3,16.82,6
1194,2,3,16.8,6
1195,2,3,16.44,6
1196,2,3,15.32,6
1197,2,3,16.06,6
1198,2,3,16.9,6
1199,2,3,17.64,6
1200,2,3,17.6,6
1201,2,3,18.96,6
1202,2,3,18.98,6
1203,2,3,18.76,6
1204,2,3,19.22,6
1205,2,3,19.24,6
1206,2,3,19.18,6
1207,2,3,18.76,6
1208,2,3,19.48,6
1209,2,3,18.74,6
1210,2,3,18.38,6
1211,2,3,17.86,6
1212,2,3,17.9,6
1213,2,3,17.48,6
1214,2,3,16.62,6
1215,2,3,17.14,6
1216,2,3,16.96,6
1217,2,3,17.14,6
1218,2,3,16.86,6
1219,2,3,16.28,6
1220,2,3,17.0,6
1221,2,3,17.72,6
1222,2,3,18.32,6
1223,2,3,17.56,6
1224,2,3,18.22,6
1225,2,3,18.0,6
1226,2,3,17.8,6
1227,2,3,16.64,6
1228,2,3,16.84,6
1229,2,3,16.2,6
1230,2,3,15.36,6
1231,2,3,14.58,6
1232,2,3,15.28,6
1233,2,3,15.4,6
1234,2,3,14.04,6
1235,2,3,14.48,6
1236,2,3,15.08,6
1237,2,3,15.88,6
1238,2,3,16.28,6
1239,2,3,18.14,6
1240,2,3,17.4,6
1241,2,3,18.12,6
1242,2,3,18.24,6
1243,2,3,18.76,6
1244,2,3,18.48,6
1245,2,3,17.62,6
1246,2,3,16.9,6
1247,2,3,17.48,6
1248,2,3,17.16,6
1249,2,3,17.36,6
1250,2,3,17.56,6
1251,2,3,17.12,6
1252,2,3,16.4,6
1253,2,3,16.38,6
1254,2,3,16.1,6
1255,2,3,16.4,6
1256,2,3,16.54,6
1257,2,3,16.78,6
1258,2,3,18.4,6
1259,2,3,19.68,6
1260,2,3,18.94,6
1261,2,3,18.16,6
1262,2,3,17.76,6
1263,2,3,18.56,6
1264,2,3,18.92,6
1265,2,3,16.92,6
1266,2,3,16.36,6
1267,2,3,16.22,6
1268,2,3,15.64,6
1269,2,3,16.38,6
1270,2,3,16.12,6
1271,2,3,16.6,6
1272,2,3,16.8,6
1273,2,3,17.14,6
1274,2,3,17.92,6
1275,2,3,16.98,6
1276,2,3,16.94,6
1277,2,3,17.04,6
1278,2,3,17.32,6
1279,2,3,18.52,6
1280,2,3,20.68,6
1281,2,3,19.8,6
1282,2,3,18.72,6
1283,2,3,17.1,6
1284,2,3,16.98,6
1285,2,3,15.5,6
1286,2,3,14.8,6
1287,2,3,15.72,6
1288,2,3,16.66,6
1289,2,3,16.94,6
1290,2,3,16.4,6
1291,2,3,16.8,6
1292,2,3,18.18,6
1293,2,3,18.12,6
1294,2,3,16.84,6
1295,2,3,16.3,6
1296,2,3,16.12,6
1297,2,3,17.0,6
1298,2,3,17.5,6
1299,2,3,16.94,6
1300,2,3,17.44,6
1301,2,3,17.98,6
1302,2,3,18.36,6
1303,2,3,17.98,6
1304,2,3,18.12,6
1305,2,3,16.76,6
1306,2,3,16.14,6
1307,2,3,15.88,6
1308,2,3,16.38,6
1309,2,3,16.5,6
1310,2,3,17.02,6
1311,2,3,18.3,6
1312,2,3,19.46,6
1313,2,3,18.3,6
1314,2,3,17.9,6
1315,2,3,17.46,6
1316,2,3,17.96,6
1317,2,3,17.52,6
1318,2,3,17.84,6
1319,2,3,18.48,6
1320,2,3,20.14,6
1321,2,3,20.7,6
1322,2,3,20.92,6
1323,2,3,20.52,6
1324,2,3,20.96,6
1325,2,3,21.08,6
1326,2,3,20.88,6
1327,2,3,19.96,6
1328,2,3,17.86,6
1329,2,3,17.98,6
1330,2,3,17.52,6
1331,2,3,17.36,6
1332,2,3,18.04,6
1333,2,3,18.36,6
1334,2,3,18.16,6
1335,2,3,17.42,6
1336,2,3,16.92,6
1337,2,3,15.92,6
1338,2,3,15.8,6
1339,2,3,15.52,6
1340,2,3,16.74,6
1341,2,3,17.38,6
1342,2,3,18.08,6
1343,2,3,18.26,6
1344,2,3,19.12,6
1345,2,3,19.44,6
1346,2,3,19.44,6
1347,2,3,20.08,6
1348,2,3,19.96,6
1349,2,3,20.1,6
1350,2,3,19.3,6
1351,2,3,19.5,6
1352,2,3,18.34,6
1353,2,3,17.64,6
1354,2,3,16.7,6
1355,2,3,17.04,6
1356,2,3,17.86,6
1357,2,3,18.22,6
1358,2,3,18.96,6
1359,2,3,17.96,6
1360,2,3,17.48,6
1361,2,3,17.68,6
1362,2,3,17.82,6
1363,2,3,18.26,6
1364,2,3,18.88,6
1365,2,3,18.84,6
1366,2,3,18.94,6
1367,2,3,18.5,6
1368,2,3,16.76,6
1369,2,3,16.08,6
1370,2,3,15.72,6
1371,2,3,15.94,6
1372,2,3,16.54,6
1373,2,3,16.58,6
1374,2,3,17.24,6
1375,2,3,16.1,6
1376,2,3,17.22,6
1377,2,3,17.12,6
1378,2,3,18.1,6
1379,2,3,19.18,6
1380,2,3,20.12,6
1381,2,3,19.62,6
1382,2,3,20.04,6
1383,2,3,17.8,6
1384,2,3,16.88,6
1385,2,3,16.78,6
1386,2,3,17.22,6
1387,2,3,16.4,6
1388,2,3,15.56,6
1389,2,3,16.92,6
1390,2,3,17.52,6
1391,2,3,17.7,6
1392,2,3,17.54,6
1393,2,3,17.92,6
1394,2,3,18.06,6
1395,2,3,17.46,6
1396,2,3,16.74,6
1397,2,3,16.44,6
1398,2,3,16.24,6
1399,2,3,16.9,6
1400,2,3,17.3,6
1401,2,3,18.18,6
1402,2,3,17.2,6
1403,2,3,17.98,6
1404,2,3,17.3,6
1405,2,3,17.98,6
1406,2,3,17.16,6
1407,2,3,16.82,6
1408,2,3,17.22,6
1409,2,3,17.48,6
1410,2,3,17.52,6
1411,2,3,17.26,6
1412,2,3,17.92,6
1413,2,3,17.56,6
1414,2,3,16.62,6
1415,2,3,17.56,6
1416,2,3,17.28,6
1417,2,3,17.62,6
1418,2,3,17.66,6
1419,2,3,17.44,6
1420,2,3,16.66,6
1421,2,3,17.32,6
1422,2,3,16.48,6
1423,2,3,15.48,6
1424,2,3,16.24,6
1425,2,3,16.48,6
1426,2,3,17.14,6
1427,2,3,18.46,6
1428,2,3,18.68,6
1429,2,3,18.46,6
1430,2,3,17.48,6
1431,2,3,17.86,6
1432,2,3,18.54,6
1433,2,3,18.62,6
1434,2,3,17.74,6
1435,2,3,18.46,6
1436,2,3,18.38,6
1437,2,3,18.28,6
1438,2,3,18.4,6
1439,2,3,18.02,6
1440,2,3,16.38,6
1441,2,3,16.44,6
1442,2,3,15.12,6
1443,2,3,15.1,6
1444,2,3,16.26,6
1445,2,3,16.46,6
1446,2,3,14.66,6
1447,2,3,13.64,6
1448,2,3,15.74,6
1449,2,3,16.84,6
1450,2,3,16.46,6
1451,2,3,16.24,6
1452,2,3,16.38,6
1453,2,3,17.38,6
1454,2,3,17.88,6
1455,2,3,18.52,6
1456,2,3,18.14,6
1457,2,3,17.72,6
1458,2,3,17.04,6
1459,2,3,18.16,6
1460,2,3,17.74,6
1461,2,3,17.5,6
1462,2,3,17.26,6
1463,2,3,17.36,6
1464,2,3,17.54,6
1465,2,3,17.68,6
1466,2,3,18.6,6
1467,2,3,18.82,6
1468,2,3,18.98,6
1469,2,3,19.24,6
1470,2,3,19.02,6
1471,2,3,18.24,6
1472,2,3,18.2,6
1473,2,3,17.54,6
1474,2,3,17.3,6
1475,2,3,17.76,6
1476,2,3,17.54,6
1477,2,3,17.7,6
1478,2,3,17.48,6
1479,2,3,17.6,6
1480,2,3,18.42,6
1481,2,3,18.2,6
1482,2,3,17.86,6
1483,2,3,17.22,6
1484,2,3,16.56,6
1485,2,3,17.62,6
1486,2,3,16.52,6
1487,2,3,16.4,6
1488,2,3,18.08,6
1489,2,3,17.36,6
1490,2,3,17.42,6
1491,2,3,17.66,6
1492,2,3,17.12,6
1493,2,3,17.16,6
1494,2,3,15.74,6
1495,2,3,17.52,6
1496,2,3,16.32,6
1497,2,3,18.24,6
1498,2,3,18.66,6
1499,2,3,18.6,6
1500,2,3,19.24,6
1501,2,3,17.78,6
1502,2,3,16.64,6
1503,2,3,16.78,6
1504,2,3,17.26,6
1505,2,3,17.8,6
1506,2,3,17.2,6
1507,2,3,17.96,6
1508,2,3,17.02,6
1509,2,3,16.12,6
1510,2,3,16.9,6
1511,2,3,16.26,6
1512,2,3,16.5,6
1513,2,3,17.12,6
1514,2,3,17.68,6
1515,2,3,17.4,6
1516,2,3,17.58,6
1517,2,3,15.76,6
1518,2,3,15.82,6
1519,2,3,16.86,6
1520,2,3,17.02,6
1521,2,3,18.38,6
1522,2,3,17.96,6
1523,2,3,17.36,6
1524,2,3,17.74,6
1525,2,3,17.44,6
1526,2,3,16.9,6
1527,2,3,17.38,6
1528,2,3,17.54,6
1529,2,3,17.94,6
1530,2,3,17.8,6
1531,2,3,17.62,6
1532,2,3,17.54,6
1533,2,3,18.58,6
1534,2,3,17.68,6
1535,2,3,16.76,6
1536,2,3,17.02,6
1537,2,3,17.46,6
1538,2,3,17.26,6
1539,2,3,17.88,6
1540,2,3,18.46,6
1541,2,3,17.66,6
1542,2,3,17.72,6
1543,2,3,17.48,6
1544,2,3,16.5,6
1545,2,3,15.86,6
1546,2,3,16.5,6
1547,2,3,16.32,6
1548,2,3,17.1,6
1549,2,3,17.32,6
1550,2,3,16.92,6
1551,2,3,17.68,6
1552,2,3,17.84,6
1553,2,3,18.98,6
1554,2,3,18.98,6
1555,2,3,18.52,6
1556,2,3,18.36,6
1557,2,3,18.46,6
1558,2,3,18.68,6
1559,2,3,19.08,6
1560,2,3,18.66,6
1561,2,3,18.54,6
1562,2,3,18.46,6
1563,2,3,16.68,6
1564,2,3,15.48,6
1565,2,3,15.86,6
1566,2,3,16.22,6
1567,2,3,15.42,6
1568,2,3,16.66,6
1569,2,3,17.52,6
1570,2,3,18.82,6
1571,2,3,17.58,6
1572,2,3,17.34,6
1573,2,3,16.68,6
1574,2,3,17.1,6
1575,2,3,16.34,6
1576,2,3,17.14,6
1577,2,3,15.8,6
1578,2,3,17.18,6
1579,2,3,17.14,6
1580,2,3,17.0,6
1581,2,3,17.82,6
1582,2,3,18.06,6
1583,2,3,19.02,6
1584,2,3,18.86,6
1585,2,3,19.28,6
1586,2,3,18.3,6
1587,2,3,18.86,6
1588,2,3,17.58,6
1589,2,3,17.46,6
1590,2,3,18.16,6
1591,2,3,18.06,6
1592,2,3,18.0,6
1593,2,3,18.22,6
1594,2,3,17.26,6
1595,2,3,17.76,6
1596,2,3,17.2,6
1597,2,3,17.28,6
1598,2,3,16.58,6
1599,2,3,16.26,6
1600,2,3,16.88,6
1601,2,3,16.38,6
1602,2,3,15.42,6
1603,2,3,15.04,6
1604,2,3,16.02,6
1605,2,3,16.84,6
1606,2,3,16.9,6
1607,2,3,16.06,6
1608,2,3,16.56,6
1609,2,3,16.56,6
1610,2,3,16.18,6
1611,2,3,16.36,6
1612,2,3,17.34,6
1613,2,3,18.76,6
1614,2,3,19.02,6
1615,2,3,18.76,6
1616,2,3,17.56,6
1617,2,3,17.94,6
1618,2,3,18.6,6
1619,2,3,19.04,6
1620,2,3,19.8,6
1621,2,3,20.22,6
1622,2,3,18.82,6
1623,2,3,19.42,6
1624,2,3,19.72,6
1625,2,3,18.48,6
1626,2,3,16.84,6
1627,2,3,15.78,6
1628,2,3,16.18,6
1629,2,3,17.22,6
1630,2,3,17.74,6
1631,2,3,18.1,6
1632,2,3,15.32,6
1633,2,3,15.16,6
1634,2,3,16.68,6
1635,2,3,17.32,6
1636,2,3,17.76,6
1637,2,3,15.7,6
1638,2,3,17.3,6
1639,2,3,18.18,6
1640,2,3,18.68,6
1641,2,3,19.86,6
1642,2,3,18.82,6
1643,2,3,17.98,6
1644,2,3,17.04,6
1645,2,3,16.8,6
1646,2,3,17.16,6
1647,2,3,16.58,6
1648,2,3,16.72,6
1649,2,3,16.08,6
1650,2,3,16.56,6
1651,2,3,17.2,6
1652,2,3,17.44,6
1653,2,3,17.62,6
1654,2,3,17.62,6
1655,2,3,17.3,6
1656,2,3,17.7,6
1657,2,3,16.92,6
1658,2,3,18.14,6
1659,2,3,16.9,6
1660,2,3,17.88,6
1661,2,3,17.46,6
1662,2,3,19.14,6
1663,2,3,19.9,6
1664,2,3,19.8,6
1665,2,3,17.98,6
1666,2,3,17.46,6
1667,2,3,18.32,6
1668,2,3,18.82,6
1669,2,3,19.2,6
1670,2,3,19.58,6
1671,2,3,19.9,6
1672,2,3,18.44,6
1673,2,3,19.38,6
1674,2,3,19.64,6
1675,2,3,18.76,6
1676,2,3,18.14,6
1677,2,3,18.06,6
1678,2,3,17.8,6
1679,2,3,18.46,6
1680,2,3,18.74,6
1681,2,3,18.84,6
1682,2,3,17.44,6
1683,2,3,17.58,6
1684,2,3,17.66,6
1685,2,3,17.62,6
1686,2,3,17.36,6
1687,2,3,17.2,6
1688,2,3,17.62,6
1689,2,3,17.48,6
1690,2,3,17.12,6
1691,2,3,17.84,6
1692,2,3,18.12,6
1693,2,3,17.38,6
1694,2,3,17.64,6
1695,2,3,18.28,6
1696,2,3,18.06,6
1697,2,3,17.02,6
1698,2,3,17.46,6
1699,2,3,17.66,6
1700,2,3,17.86,6
1701,2,3,18.42,6
1702,2,3,17.42,6
1703,2,3,17.36,6
1704,2,3,18.82,6
1705,2,3,20.08,6
1706,2,3,19.1,6
1707,2,3,18.7,6
1708,2,3,18.04,6
1709,2,3,18.48,6
1710,2,3,17.26,6
1711,2,3,17.86,6
1712,2,3,18.34,6
1713,2,3,17.6,6
1714,2,3,17.06,6
1715,2,3,17.78,6
1716,2,3,16.7,6
1717,2,3,15.66,6
1718,2,3,16.48,6
1719,2,3,17.18,6
1720,2,3,18.42,6
1721,2,3,18.12,6
1722,2,3,17.46,6
1723,2,3,17.46,6
1724,2,3,17.68,6
1725,2,3,17.96,6
1726,2,3,18.1,6
1727,2,3,18.14,6
1728,2,3,16.58,6
1729,2,3,17.0,6
1730,2,3,17.6,6
1731,2,3,17.04,6
1732,2,3,16.18,6
1733,2,3,16.48,6
1734,2,3,17.04,6
1735,2,3,17.1,6
1736,2,3,18.94,6
1737,2,3,18.02,6
1738,2,3,18.72,6
1739,2,3,18.84,6
1740,2,3,17.66,6
1741,2,3,17.66,6
1742,2,3,16.92,6
1743,2,3,18.48,6
1744,2,3,18.14,6
1745,2,3,19.96,6
1746,2,3,18.38,6
1747,2,3,18.04,6
1748,2,3,17.92,6
1749,2,3,16.58,6
1750,2,3,16.04,6
1751,2,3,16.96,6
1752,2,3,16.24,6
1753,2,3,16.8,6
1754,2,3,15.08,6
1755,2,3,15.92,6
1756,2,3,16.28,6
1757,2,3,16.14,6
1758,2,3,17.48,6
1759,2,3,16.06,6
1760,2,3,16.42,6
1761,2,3,16.8,6
1762,2,3,17.86,6
1763,2,3,18.12,6
1764,2,3,18.96,6
1765,2,3,18.48,6
1766,2,3,19.74,6
1767,2,3,19.56,6
1768,2,3,17.88,6
1769,2,3,17.38,6
1770,2,3,16.88,6
1771,2,3,16.44,6
1772,2,3,17.04,6
1773,2,3,17.92,6
1774,2,3,19.02,6
1775,2,3,17.84,6
1776,2,3,17.3,6
1777,2,3,17.66,6
1778,2,3,16.94,6
1779,2,3,16.86,5
1780,2,3,16.86,5
1781,2,3,16.76,5
1782,2,3,17.36,5
1783,2,3,16.48,5
1784,2,3,16.84,5
1785,2,3,17.4,5
1786,2,3,16.82,5
1787,2,3,16.38,5
1788,2,3,17.08,5
1789,2,3,15.08,5
1790,2,3,15.52,5
1791,2,3,16.46,5
1792,2,3,15.16,5
1793,2,3,14.02,5
1794,2,3,14.88,5
1795,2,3,14.0,5
1796,2,3,14.96,5
1797,2,3,14.52,5
1798,2,3,16.78,5
1799,2,3,16.44,5
1800,2,3,16.1,5
1801,2,3,16.66,5
1802,2,3,16.14,5
1803,2,3,16.1,5
1804,2,3,16.14,5
1805,2,3,15.0,5
1806,2,3,14.92,5
1807,2,3,15.94,5
1808,2,3,15.7,5
1809,2,3,16.66,5
1810,2,3,16.74,5
1811,2,3,16.46,5
1812,2,3,16.38,5
1813,2,3,15.6,5
1814,2,3,15.92,5
1815,2,3,15.54,5
1816,2,3,16.32,5
1817,2,3,15.62,5
1818,2,3,16.62,5
1819,2,3,16.62,5
1820,2,3,17.14,5
1821,2,3,17.04,5
1822,2,3,18.52,5
1823,2,3,16.9,5
1824,2,3,17.68,5
1825,2,3,17.34,5
1826,2,3,18.72,5
1827,2,3,18.14,5
1828,2,3,18.64,5
1829,2,3,18.72,5
1830,2,3,18.72,5
1831,2,3,18.14,5
1832,2,3,16.46,5
1833,2,3,17.8,5
1834,2,3,18.64,5
1835,2,3,18.04,5
1836,2,3,18.62,5
1837,2,3,18.0,5
1838,2,3,17.56,5
1839,2,3,17.46,5
1840,2,3,17.42,5
1841,2,3,17.26,5
1842,2,3,17.72,5
1843,2,3,17.48,5
1844,2,3,17.92,5
1845,2,3,17.5,5
1846,2,3,16.98,5
1847,2,3,16.92,5
1848,2,3,17.54,5
1849,2,3,17.32,5
1850,2,3,17.28,5
1851,2,3,17.2,5
1852,2,3,17.84,5
1853,2,3,18.02,5
1854,2,3,16.98,5
1855,2,3,17.36,5
1856,2,3,17.24,5
1857,2,3,16.26,5
1858,2,3,15.38,5
1859,2,3,15.12,5
1860,2,3,15.68,5
1861,2,3,16.5,5
1862,2,3,18.1,5
1863,2,3,18.54,5
1864,2,3,18.66,5
1865,2,3,17.46,5
1866,2,3,17.36,5
1867,2,3,16.6,5
1868,2,3,17.66,5
1869,2,3,16.76,5
1870,2,3,17.06,5
1871,2,3,17.28,5
1872,2,3,17.14,5
1873,2,3,16.48,5
1874,2,3,18.04,5
1875,2,3,17.9,5
1876,2,3,18.38,5
1877,2,3,18.1,5
1878,2,3,17.9,5
1879,2,3,18.1,5
1880,2,3,17.0,5
1881,2,3,17.16,5
1882,2,3,17.36,5
1883,2,3,17.16,5
1884,2,3,18.6,5
1885,2,3,17.86,5
1886,2,3,17.38,5
1887,2,3,17.56,5
1888,2,3,17.82,5
1889,2,3,16.82,5
1890,2,3,17.98,5
1891,2,3,18.04,5
1892,2,3,16.12,5
1893,2,3,16.98,5
1894,2,3,16.82,5
1895,2,3,17.4,5
1896,2,3,17.7,5
1897,2,3,18.12,5
1898,2,3,18.4,5
1899,2,3,16.82,5
1900,2,3,17.86,5
1901,2,3,17.86,5
1902,2,3,17.98,5
1903,2,3,17.1,5
1904,2,3,16.56,5
1905,2,3,16.42,5
1906,2,3,16.14,5
1907,2,3,16.82,5
1908,2,3,15.84,5
1909,2,3,15.38,5
1910,2,3,16.28,5
1911,2,3,16.02,5
1912,2,3,15.58,5
1913,2,3,16.12,5
1914,2,3,15.76,5
1915,2,3,16.66,5
1916,2,3,16.92,5
1917,2,3,18.02,5
1918,2,3,18.98,5
1919,2,3,20.04,5
1920,2,3,20.3,5
1921,2,3,19.62,5
1922,2,3,18.52,5
1923,2,3,17.52,5
1924,2,3,16.66,5
1925,2,3,16.7,5
1926,2,3,17.0,5
1927,2,3,15.76,5
1928,2,3,15.88,5
1929,2,3,16.4,5
1930,2,3,15.88,5
1931,2,3,15.44,5
1932,2,3,15.86,5
1933,2,3,16.28,5
1934,2,3,17.26,5
1935,2,3,17.48,5
1936,2,3,17.36,5
1937,2,3,18.0,5
1938,2,3,16.0,5
1939,2,3,14.56,5
1940,2,3,14.76,5
1941,2,3,14.96,5
1942,2,3,15.84,5
1943,2,3,16.42,5
1944,2,3,15.7,5
1945,2,3,16.68,5
1946,2,3,16.06,5
1947,2,3,16.02,5
1948,2,3,17.22,5
1949,2,3,17.48,5
1950,2,3,17.06,5
1951,2,3,16.26,5
1952,2,3,16.18,5
1953,2,3,14.46,5
1954,2,3,15.28,5
1955,2,3,15.32,5
1956,2,3,16.32,5
1957,2,3,17.58,5
1958,2,3,16.08,5
1959,2,3,15.56,5
1960,2,3,15.14,5
1961,2,3,16.88,5
1962,2,3,17.4,5
1963,2,3,17.16,5
1964,2,3,17.28,5
1965,2,3,16.8,5
1966,2,3,16.26,5
1967,2,3,15.88,5
1968,2,3,15.62,5
1969,2,3,16.6,5
1970,2,3,15.94,5
1971,2,3,16.76,5
1972,2,3,16.78,5
1973,2,3,16.1,5
1974,2,3,16.76,5
1975,2,3,17.28,5
1976,2,3,15.22,5
1977,2,3,16.42,5
1978,2,3,16.8,5
1979,2,3,15.74,5
1980,2,3,16.58,5
1981,2,3,17.62,5
1982,2,3,16.44,5
1983,2,3,17.94,5
1984,2,3,17.92,5
1985,2,3,17.94,5
1986,2,3,17.42,5
1987,2,3,17.1,5
1988,2,3,16.74,5
1989,2,3,16.46,5
1990,2,3,15.82,5
1991,2,3,16.46,5
1992,2,3,16.92,5
1993,2,3,16.44,5
1994,2,3,16.1,5
1995,2,3,15.98,5
1996,2,3,15.82,5
1997,2,3,16.62,5
1998,2,3,17.14,5
1999,2,3,16.8,5
2000,2,3,16.64,5
0,3,3,58.3,45
1,3,3,54.46,44
2,3,3,50.92,36
3,3,3,49.18,34
4,3,3,46.88,33
5,3,3,42.72,30
6,3,3,39.74,29
7,3,3,39.12,29
8,3,3,36.04,27
9,3,3,34.7,26
10,3,3,32.92,26
11,3,3,33.12,26
12,3,3,33.0,26
13,3,3,32.88,25
14,3,3,32.98,25
15,3,3,32.48,24
16,3,3,31.54,24
17,3,3,31.6,21
18,3,3,29.92,21
19,3,3,29.5,21
20,3,3,29.16,21
21,3,3,29.34,21
22,3,3,28.94,21
23,3,3,28.76,20
24,3,3,28.8,19
25,3,3,27.72,19
26,3,3,27.08,18
27,3,3,27.02,18
28,3,3,27.08,18
29,3,3,27.2,18
30,3,3,26.84,18
31,3,3,27.94,18
32,3,3,26.94,18
33,3,3,26.88,18
34,3,3,28.1,18
35,3,3,28.04,18
36,3,3,28.5,18
37,3,3,27.26,18
38,3,3,26.08,18
39,3,3,25.8,17
40,3,3,24.6,17
41,3,3,24.64,17
42,3,3,25.86,17
43,3,3,25.74,17
44,3,3,25.28,16
45,3,3,24.9,16
46,3,3,24.12,16
47,3,3,24.12,16
48,3,3,24.36,14
49,3,3,22.98,14
50,3,3,23.72,14
51,3,3,24.64,14
52,3,3,25.18,14
53,3,3,24.36,14
54,3,3,25.28,14
55,3,3,23.32,14
56,3,3,23.22,14
57,3,3,22.84,13
58,3,3,23.2,13
59,3,3,22.4,13
60,3,3,22.36,13
61,3,3,22.48,13
62,3,3,22.78,13
63,3,3,22.76,13
64,3,3,23.82,13
65,3,3,21.98,13
66,3,3,21.58,13
67,3,3,22.4,13
68,3,3,22.96,13
69,3,3,23.3,13
70,3,3,22.66,13
71,3,3,22.16,13
72,3,3,23.12,13
73,3,3,22.6,13
74,3,3,22.6,13
75,3,3,22.1,13
76,3,3,21.72,13
77,3,3,24.06,13
78,3,3,23.74,12
79,3,3,21.96,12
80,3,3,22.04,12
81,3,3,22.4,12
82,3,3,22.64,12
83,3,3,22.92,12
84,3,3,22.06,12
85,3,3,22.74,12
86,3,3,22.98,12
87,3,3,22.28,12
88,3,3,21.06,11
89,3,3,21.0,11
90,3,3,21.18,11
91,3,3,20.46,11
92,3,3,21.2,11
93,3,3,20.34,11
94,3,3,20.06,11
95,3,3,21.04,11
96,3,3,21.2,11
97,3,3,21.36,11
98,3,3,21.16,11
99,3,3,20.34,11
100,3,3,19.28,11
101,3,3,18.92,11
102,3,3,19.66,11
103,3,3,20.38,11
104,3,3,20.02,11
105,3,3,20.28,11
106,3,3,20.02,11
107,3,3,19.98,11
108,3,3,19.64,11
109,3,3,19.66,11
110,3,3,19.24,11
111,3,3,20.1,11
112,3,3,20.78,11
113,3,3,20.2,11
114,3,3,20.54,11
115,3,3,20.74,11
116,3,3,20.66,11
117,3,3,19.76,11
118,3,3,19.42,10
119,3,3,19.3,10
120,3,3,18.76,10
121,3,3,18.08,10
122,3,3,18.88,10
123,3,3,18.94,9
124,3,3,19.36,9
125,3,3,18.54,9
126,3,3,18.34,9
127,3,3,19.44,9
128,3,3,19.86,9
129,3,3,18.48,9
130,3,3,18.2,9
131,3,3,18.24,9
132,3,3,19.24,9
133,3,3,19.14,9
134,3,3,18.84,9
135,3,3,19.08,9
136,3,3,19.14,9
137,3,3,19.08,9
138,3,3,19.72,9
139,3,3,18.98,9
140,3,3,20.1,9
141,3,3,20.34,9
142,3,3,21.02,9
143,3,3,19.2,9
144,3,3,18.6,9
145,3,3,18.74,9
146,3,3,19.94,8
147,3,3,18.82,8
148,3,3,18.58,8
149,3,3,17.78,8
150,3,3,18.14,8
151,3,3,18.68,8
152,3,3,19.1,8
153,3,3,17.86,8
154,3,3,18.6,8
155,3,3,16.94,8
156,3,3,17.9,8
157,3,3,18.96,8
158,3,3,19.32,8
159,3,3,19.1,8
160,3,3,18.98,8
161,3,3,17.64,8
162,3,3,18.0,8
163,3,3,18.98,8
164,3,3,19.48,8
165,3,3,18.14,8
166,3,3,18.48,8
167,3,3,19.06,8
168,3,3,16.54,8
169,3,3,16.26,8
170,3,3,17.06,8
171,3,3,16.72,8
172,3,3,16.36,8
173,3,3,16.76,8
174,3,3,16.68,8
175,3,3,17.44,8
176,3,3,18.18,8
177,3,3,19.42,8
178,3,3,20.08,8
179,3,3,19.86,8
180,3,3,19.8,8
181,3,3,19.44,8
182,3,3,18.96,8
183,3,3,18.64,8
184,3,3,19.88,8
185,3,3,19.2,8
186,3,3,19.0,8
187,3,3,19.56,8
188,3,3,20.1,8
189,3,3,19.92,8
190,3,3,20.56,8
191,3,3,18.58,8
192,3,3,17.6,8
193,3,3,18.28,8
194,3,3,19.7,8
195,3,3,20.08,8
196,3,3,21.04,8
197,3,3,20.82,8
198,3,3,19.78,8
199,3,3,18.72,8
200,3,3,19.06,8
201,3,3,18.92,8
202,3,3,19.24,8
203,3,3,19.26,8
204,3,3,19.76,8
205,3,3,18.1,8
206,3,3,17.2,8
207,3,3,17.8,8
208,3,3,17.48,8
209,3,3,18.32,8
210,3,3,18.84,8
211,3,3,19.66,8
212,3,3,19.96,8
213,3,3,19.66,8
214,3,3,17.22,8
215,3,3,17.42,8
216,3,3,17.8,8
217,3,3,18.62,8
218,3,3,19.54,8
219,3,3,19.72,8
220,3,3,18.98,8
221,3,3,18.76,8
222,3,3,19.2,8
223,3,3,19.92,8
224,3,3,19.06,8
225,3,3,20.28,8
226,3,3,18.88,8
227,3,3,18.92,8
228,3,3,19.12,8
229,3,3,18.56,8
230,3,3,18.16,8
231,3,3,18.24,8
232,3,3,18.56,8
233,3,3,19.74,8
234,3,3,19.72,8
235,3,3,20.08,8
236,3,3,21.3,8
237,3,3,21.48,8
238,3,3,20.34,8
239,3,3,20.66,8
240,3,3,19.76,8
241,3,3,19.82,8
242,3,3,20.62,8
243,3,3,19.36,8
244,3,3,18.76,8
245,3,3,20.04,8
246,3,3,20.0,8
247,3,3,20.12,8
248,3,3,20.1,8
249,3,3,19.62,8
250,3,3,19.98,8
251,3,3,19.72,8
252,3,3,19.66,8
253,3,3,18.88,8
254,3,3,19.88,8
255,3,3,19.52,8
256,3,3,20.24,8
257,3,3,20.84,8
258,3,3,21.38,8
259,3,3,21.12,8
260,3,3,19.76,8
261,3,3,17.96,8
262,3,3,17.98,8
263,3,3,17.98,8
264,3,3,18.54,8
265,3,3,19.24,8
266,3,3,18.0,8
267,3,3,18.12,8
268,3,3,19.48,8
269,3,3,18.96,8
270,3,3,18.46,8
271,3,3,19.02,8
272,3,3,17.96,8
273,3,3,18.62,8
274,3,3,18.92,8
275,3,3,19.24,8
276,3,3,18.18,8
277,3,3,17.9,8
278,3,3,18.4,8
279,3,3,18.5,8
280,3,3,18.36,8
281,3,3,17.28,8
282,3,3,17.22,8
283,3,3,18.76,8
284,3,3,19.84,8
285,3,3,19.46,8
286,3,3,19.74,8
287,3,3,19.3,8
288,3,3,19.54,8
289,3,3,20.08,8
290,3,3,19.86,8
291,3,3,19.6,8
292,3,3,19.04,8
293,3,3,19.04,8
294,3,3,19.2,8
295,3,3,19.16,8
296,3,3,17.68,8
297,3,3,17.04,8
298,3,3,17.26,8
299,3,3,17.74,8
300,3,3,17.78,8
301,3,3,17.44,8
302,3,3,17.06,8
303,3,3,17.68,8
304,3,3,18.54,8
305,3,3,19.68,8
306,3,3,20.6,8
307,3,3,19.52,8
308,3,3,19.8,8
309,3,3,20.36,8
310,3,3,19.26,8
311,3,3,18.98,8
312,3,3,18.68,8
313,3,3,18.56,8
314,3,3,17.8,8
315,3,3,17.68,8
316,3,3,17.82,8
317,3,3,16.58,8
318,3,3,17.24,8
319,3,3,17.52,8
320,3,3,18.78,8
321,3,3,17.66,8
322,3,3,18.22,8
323,3,3,19.46,8
324,3,3,18.64,8
325,3,3,20.0,8
326,3,3,19.3,8
327,3,3,18.38,8
328,3,3,19.88,8
329,3,3,19.52,8
330,3,3,19.06,8
331,3,3,18.64,8
332,3,3,18.26,8
333,3,3,17.96,8
334,3,3,17.8,8
335,3,3,16.52,8
336,3,3,17.4,8
337,3,3,17.22,8
338,3,3,17.9,8
339,3,3,18.48,8
340,3,3,17.4,8
341,3,3,17.06,8
342,3,3,18.16,8
343,3,3,19.46,8
344,3,3,17.98,8
345,3,3,17.34,8
346,3,3,18.78,8
347,3,3,18.32,8
348,3,3,18.78,8
349,3,3,17.74,8
350,3,3,16.98,8
351,3,3,18.16,8
352,3,3,17.44,8
353,3,3,18.32,8
354,3,3,17.92,8
355,3,3,17.54,8
356,3,3,17.66,8
357,3,3,17.9,8
358,3,3,18.98,8
359,3,3,19.06,8
360,3,3,18.6,8
361,3,3,17.5,8
362,3,3,17.5,8
363,3,3,19.94,8
364,3,3,19.98,8
365,3,3,19.14,8
366,3,3,18.78,8
367,3,3,18.72,8
368,3,3,19.44,8
369,3,3,19.58,8
370,3,3,19.04,8
371,3,3,19.66,8
372,3,3,19.86,8
373,3,3,19.24,8
374,3,3,18.52,8
375,3,3,19.2,8
376,3,3,18.92,8
377,3,3,18.04,8
378,3,3,17.12,8
379,3,3,17.12,7
380,3,3,16.8,7
381,3,3,18.32,7
382,3,3,19.08,7
383,3,3,20.2,7
384,3,3,18.28,7
385,3,3,18.36,7
386,3,3,18.48,7
387,3,3,19.38,7
388,3,3,19.74,7
389,3,3,19.02,7
390,3,3,18.64,7
391,3,3,17.16,7
392,3,3,16.7,7
393,3,3,16.9,7
394,3,3,18.54,7
395,3,3,18.56,7
396,3,3,17.94,7
397,3,3,17.3,7
398,3,3,17.58,7
399,3,3,16.76,7
400,3,3,16.66,7
401,3,3,16.82,7
402,3,3,18.5,7
403,3,3,19.02,7
404,3,3,18.26,7
405,3,3,16.98,7
406,3,3,17.28,7
407,3,3,18.5,7
408,3,3,17.88,7
409,3,3,18.46,7
410,3,3,18.64,7
411,3,3,16.76,7
412,3,3,17.14,7
413,3,3,17.86,7
414,3,3,17.96,7
415,3,3,18.72,7
416,3,3,17.74,7
417,3,3,17.66,7
418,3,3,17.26,7
419,3,3,16.96,7
420,3,3,18.28,7
421,3,3,18.82,7
422,3,3,17.78,7
423,3,3,16.78,7
424,3,3,16.92,7
425,3,3,17.22,7
426,3,3,18.08,7
427,3,3,19.24,7
428,3,3,19.66,7
429,3,3,20.84,7
430,3,3,20.76,7
431,3,3,20.4,7
432,3,3,20.84,7
433,3,3,20.56,7
434,3,3,21.0,7
435,3,3,20.04,7
436,3,3,19.26,7
437,3,3,18.14,7
438,3,3,17.22,7
439,3,3,18.34,7
440,3,3,17.86,7
441,3,3,18.76,7
442,3,3,18.62,7
443,3,3,19.22,7
444,3,3,19.62,7
445,3,3,19.22,7
446,3,3,19.34,7
447,3,3,19.26,7
448,3,3,20.16,7
449,3,3,19.8,7
450,3,3,19.3,7
451,3,3,18.44,7
452,3,3,17.96,7
453,3,3,17.54,7
454,3,3,17.06,7
455,3,3,16.94,7
456,3,3,17.44,7
457,3,3,18.54,7
458,3,3,19.12,7
459,3,3,18.7,7
460,3,3,18.7,7
461,3,3,17.24,7
462,3,3,16.36,7
463,3,3,15.3,7
464,3,3,15.94,7
465,3,3,17.24,7
466,3,3,16.44,7
467,3,3,17.56,7
468,3,3,17.64,7
469,3,3,16.88,7
470,3,3,16.56,7
471,3,3,17.02,7
472,3,3,18.12,7
473,3,3,19.62,7
474,3,3,19.72,7
475,3,3,18.64,7
476,3,3,18.4,7
477,3,3,17.46,7
478,3,3,17.76,7
479,3,3,18.66,7
480,3,3,17.54,7
481,3,3,18.16,7
482,3,3,18.18,7
483,3,3,18.58,7
484,3,3,18.52,7
485,3,3,18.94,7
486,3,3,18.84,7
487,3,3,19.68,7
488,3,3,18.24,7
489,3,3,18.82,7
490,3,3,18.26,7
491,3,3,18.32,7
492,3,3,18.88,7
493,3,3,18.48,7
494,3,3,19.06,7
495,3,3,20.4,7
496,3,3,19.98,7
497,3,3,20.3,7
498,3,3,20.16,7
499,3,3,19.84,7
500,3,3,17.08,7
501,3,3,16.7,7
502,3,3,17.0,7
503,3,3,17.72,7
504,3,3,17.54,7
505,3,3,16.98,7
506,3,3,16.44,7
507,3,3,15.8,7
508,3,3,17.04,7
509,3,3,17.76,7
510,3,3,18.44,7
511,3,3,19.42,7
512,3,3,19.66,7
513,3,3,17.86,7
514,3,3,17.9,7
515,3,3,18.68,7
516,3,3,18.52,7
517,3,3,17.96,7
518,3,3,17.9,7
519,3,3,18.02,7
520,3,3,17.76,7
521,3,3,17.86,7
522,3,3,17.18,7
523,3,3,16.74,7
524,3,3,18.16,7
525,3,3,17.62,7
526,3,3,17.04,7
527,3,3,17.34,7
528,3,3,18.6,7
529,3,3,17.96,7
530,3,3,16.92,7
531,3,3,16.2,7
532,3,3,16.16,7
533,3,3,17.46,7
534,3,3,18.24,7
535,3,3,17.2,7
536,3,3,17.28,7
537,3,3,18.18,7
538,3,3,18.54,7
539,3,3,20.14,7
540,3,3,19.26,7
541,3,3,19.22,7
542,3,3,19.16,7
543,3,3,18.4,7
544,3,3,17.66,7
545,3,3,17.0,7
546,3,3,17.98,7
547,3,3,18.12,7
548,3,3,17.98,7
549,3,3,18.68,7
550,3,3,18.92,7
551,3,3,19.52,7
552,3,3,18.52,7
553,3,3,19.68,7
554,3,3,18.7,7
555,3,3,18.68,7
556,3,3,18.12,7
557,3,3,16.9,7
558,3,3,16.82,7
559,3,3,17.48,7
560,3,3,17.62,7
561,3,3,18.0,7
562,3,3,17.94,7
563,3,3,17.92,7
564,3,3,19.12,7
565,3,3,19.4,7
566,3,3,19.02,7
567,3,3,19.48,7
568,3,3,19.36,7
569,3,3,17.96,7
570,3,3,18.28,7
571,3,3,18.14,7
572,3,3,17.7,7
573,3,3,16.68,7
574,3,3,16.98,7
575,3,3,16.8,7
576,3,3,16.08,7
577,3,3,16.26,7
578,3,3,16.8,7
579,3,3,16.36,7
580,3,3,17.4,7
581,3,3,16.98,7
582,3,3,16.4,7
583,3,3,17.82,7
584,3,3,18.36,7
585,3,3,18.46,7
586,3,3,17.88,7
587,3,3,17.72,7
588,3,3,17.16,7
589,3,3,18.12,7
590,3,3,18.58,7
591,3,3,18.46,7
592,3,3,18.62,7
593,3,3,18.3,7
594,3,3,17.2,7
595,3,3,16.94,7
596,3,3,17.02,7
597,3,3,16.68,7
598,3,3,17.68,7
599,3,3,17.64,7
600,3,3,18.7,7
601,3,3,18.62,7
602,3,3,17.36,7
603,3,3,16.8,7
604,3,3,18.24,7
605,3,3,18.44,7
606,3,3,18.14,7
607,3,3,18.66,7
608,3,3,20.76,7
609,3,3,19.92,7
610,3,3,18.9,7
611,3,3,18.22,7
612,3,3,17.06,7
613,3,3,19.86,7
614,3,3,20.1,7
615,3,3,20.16,7
616,3,3,19.52,7
617,3,3,19.72,7
618,3,3,19.3,7
619,3,3,20.52,7
620,3,3,20.24,7
621,3,3,19.88,7
622,3,3,18.84,7
623,3,3,19.16,7
624,3,3,19.54,7
625,3,3,20.56,7
626,3,3,19.68,7
627,3,3,18.3,7
628,3,3,18.6,7
629,3,3,18.16,7
630,3,3,18.2,7
631,3,3,19.42,7
632,3,3,19.2,7
633,3,3,18.98,7
634,3,3,18.86,7
635,3,3,19.14,7
636,3,3,18.36,7
637,3,3,17.46,7
638,3,3,18.46,7
639,3,3,18.58,7
640,3,3,18.18,7
641,3,3,17.28,7
642,3,3,15.48,7
643,3,3,16.2,7
644,3,3,16.54,7
645,3,3,17.78,7
646,3,3,19.06,7
647,3,3,17.92,7
648,3,3,19.52,7
649,3,3,19.46,7
650,3,3,20.3,7
651,3,3,20.34,7
652,3,3,19.34,7
653,3,3,18.6,7
654,3,3,17.6,7
655,3,3,18.7,7
656,3,3,19.06,7
657,3,3,18.66,7
658,3,3,17.36,7
659,3,3,16.64,7
660,3,3,16.68,7
661,3,3,16.2,7
662,3,3,16.82,7
663,3,3,18.34,7
664,3,3,18.34,7
665,3,3,18.24,7
666,3,3,18.22,7
667,3,3,18.86,7
668,3,3,17.96,7
669,3,3,17.42,7
670,3,3,17.68,7
671,3,3,17.84,7
672,3,3,18.4,7
673,3,3,18.16,7
674,3,3,18.52,7
675,3,3,19.02,7
676,3,3,19.12,7
677,3,3,18.44,7
678,3,3,18.92,7
679,3,3,18.2,7
680,3,3,18.92,7
681,3,3,19.0,7
682,3,3,19.82,7
683,3,3,18.92,7
684,3,3,18.62,7
685,3,3,18.94,7
686,3,3,18.36,7
687,3,3,17.5,7
688,3,3,18.56,7
689,3,3,18.16,7
690,3,3,18.48,7
691,3,3,18.62,7
692,3,3,19.54,7
693,3,3,18.96,7
694,3,3,18.04,7
695,3,3,18.36,7
696,3,3,17.96,7
697,3,3,18.64,7
698,3,3,18.12,7
699,3,3,17.62,7
700,3,3,17.92,7
701,3,3,18.28,7
702,3,3,18.0,7
703,3,3,19.02,7
704,3,3,19.38,7
705,3,3,18.32,7
706,3,3,18.48,7
707,3,3,18.08,7
708,3,3,19.1,7
709,3,3,18.3,7
710,3,3,18.58,7
711,3,3,18.02,7
712,3,3,18.7,7
713,3,3,19.94,7
714,3,3,19.92,7
715,3,3,21.34,7
716,3,3,21.24,7
717,3,3,20.7,7
718,3,3,19.5,7
719,3,3,17.94,7
720,3,3,18.2,7
721,3,3,18.1,7
722,3,3,17.64,7
723,3,3,17.76,7
724,3,3,17.14,7
725,3,3,17.82,7
726,3,3,17.1,7
727,3,3,16.5,7
728,3,3,17.2,7
729,3,3,15.74,7
730,3,3,16.76,7
731,3,3,17.32,7
732,3,3,16.54,7
733,3,3,16.62,7
734,3,3,17.22,7
735,3,3,18.16,7
736,3,3,17.8,7
737,3,3,17.86,7
738,3,3,17.5,7
739,3,3,18.8,7
740,3,3,20.2,7
741,3,3,20.6,7
742,3,3,19.26,7
743,3,3,19.5,7
744,3,3,19.82,7
745,3,3,19.62,7
746,3,3,19.48,7
747,3,3,18.84,7
748,3,3,17.76,7
749,3,3,17.18,7
750,3,3,16.92,7
751,3,3,17.8,7
752,3,3,17.7,7
753,3,3,18.4,7
754,3,3,18.22,7
755,3,3,18.1,7
756,3,3,17.86,7
757,3,3,18.56,7
758,3,3,17.96,7
759,3,3,16.92,7
760,3,3,17.9,7
761,3,3,18.66,7
762,3,3,17.56,7
763,3,3,17.0,7
764,3,3,16.58,7
765,3,3,16.64,7
766,3,3,16.88,7
767,3,3,16.76,7
768,3,3,17.48,7
769,3,3,17.66,7
770,3,3,18.46,7
771,3,3,18.94,7
772,3,3,19.78,7
773,3,3,21.36,7
774,3,3,21.1,7
775,3,3,21.36,7
776,3,3,20.68,7
777,3,3,22.06,7
778,3,3,19.68,7
779,3,3,19.68,7
780,3,3,19.94,7
781,3,3,18.6,7
782,3,3,17.9,7
783,3,3,18.24,7
784,3,3,19.06,7
785,3,3,17.16,7
786,3,3,16.12,7
787,3,3,16.3,7
788,3,3,17.6,7
789,3,3,17.58,7
790,3,3,18.34,7
791,3,3,19.76,7
792,3,3,19.34,7
793,3,3,18.86,7
794,3,3,19.34,7
795,3,3,20.04,7
796,3,3,19.6,7
797,3,3,19.78,7
798,3,3,18.92,7
799,3,3,19.06,7
800,3,3,18.58,7
801,3,3,18.5,7
802,3,3,17.42,7
803,3,3,17.26,7
804,3,3,16.0,7
805,3,3,16.88,7
806,3,3,17.52,7
807,3,3,17.9,7
808,3,3,18.08,7
809,3,3,16.36,7
810,3,3,17.24,7
811,3,3,17.66,7
812,3,3,16.82,7
813,3,3,17.64,7
814,3,3,18.36,7
815,3,3,19.3,7
816,3,3,19.7,7
817,3,3,19.5,7
818,3,3,18.76,7
819,3,3,18.52,7
820,3,3,18.3,7
821,3,3,17.54,7
822,3,3,17.04,7
823,3,3,17.6,7
824,3,3,17.44,7
825,3,3,18.02,7
826,3,3,17.76,7
827,3,3,19.02,7
828,3,3,18.22,7
829,3,3,17.6,7
830,3,3,18.86,7
831,3,3,17.94,7
832,3,3,18.0,7
833,3,3,19.02,7
834,3,3,19.4,7
835,3,3,19.6,7
836,3,3,19.42,7
837,3,3,19.64,7
838,3,3,19.32,7
839,3,3,18.22,7
840,3,3,19.64,7
841,3,3,19.26,7
842,3,3,18.44,7
843,3,3,19.16,7
844,3,3,18.22,7
845,3,3,18.8,7
846,3,3,18.26,7
847,3,3,18.28,7
848,3,3,17.58,7
849,3,3,17.2,7
850,3,3,15.84,7
851,3,3,16.2,7
852,3,3,17.3,7
853,3,3,17.6,7
854,3,3,17.7,7
855,3,3,18.42,7
856,3,3,18.08,7
857,3,3,16.92,7
858,3,3,18.06,7
859,3,3,17.28,7
860,3,3,17.88,7
861,3,3,18.64,7
862,3,3,18.98,7
863,3,3,18.42,7
864,3,3,18.46,7
865,3,3,17.5,7
866,3,3,17.14,7
867,3,3,18.18,7
868,3,3,17.62,7
869,3,3,16.94,7
870,3,3,17.26,7
871,3,3,16.98,7
872,3,3,16.76,7
873,3,3,17.9,7
874,3,3,18.18,7
875,3,3,17.66,7
876,3,3,17.72,6
877,3,3,18.64,6
878,3,3,18.8,6
879,3,3,19.36,6
880,3,3,18.3,6
881,3,3,18.08,6
882,3,3,17.3,6
883,3,3,17.04,6
884,3,3,16.94,6
885,3,3,16.5,6
886,3,3,17.4,6
887,3,3,18.56,6
888,3,3,17.84,6
889,3,3,17.28,6
890,3,3,17.58,6
891,3,3,17.84,6
892,3,3,18.3,6
893,3,3,17.24,6
894,3,3,16.72,6
895,3,3,16.68,6
896,3,3,17.08,6
897,3,3,16.9,6
898,3,3,16.8,6
899,3,3,15.7,6
900,3,3,16.24,6
901,3,3,14.76,6
902,3,3,14.82,6
903,3,3,15.66,6
904,3,3,15.58,6
905,3,3,16.96,6
906,3,3,17.56,6
907,3,3,17.74,6
908,3,3,16.84,6
909,3,3,16.26,6
910,3,3,17.58,6
911,3,3,17.42,6
912,3,3,17.18,6
913,3,3,17.22,6
914,3,3,17.54,6
915,3,3,17.78,6
916,3,3,17.38,6
917,3,3,18.54,6
918,3,3,18.78,6
919,3,3,18.66,6
920,3,3,19.68,6
921,3,3,18.56,6
922,3,3,18.32,6
923,3,3,17.68,6
924,3,3,17.46,6
925,3,3,17.86,6
926,3,3,17.4,6
927,3,3,18.18,6
928,3,3,16.26,6
929,3,3,17.26,6
930,3,3,18.02,6
931,3,3,17.86,6
932,3,3,16.26,6
933,3,3,15.8,5
934,3,3,14.48,5
935,3,3,15.48,5
936,3,3,16.08,5
937,3,3,16.54,5
938,3,3,14.98,5
939,3,3,15.66,5
940,3,3,16.96,5
941,3,3,17.88,5
942,3,3,18.08,5
943,3,3,18.48,5
944,3,3,18.72,5
945,3,3,18.72,5
946,3,3,17.06,5
947,3,3,17.52,5
948,3,3,17.26,5
949,3,3,17.0,5
950,3,3,16.42,5
951,3,3,15.2,5
952,3,3,15.04,5
953,3,3,14.64,5
954,3,3,15.36,5
955,3,3,14.96,5
956,3,3,15.38,5
957,3,3,16.28,5
958,3,3,16.0,5
959,3,3,16.16,5
960,3,3,17.78,5
961,3,3,17.0,5
962,3,3,17.86,5
963,3,3,19.3,5
964,3,3,18.4,5
965,3,3,18.18,5
966,3,3,18.34,5
967,3,3,17.36,5
968,3,3,17.38,5
969,3,3,16.4,5
970,3,3,17.0,5
971,3,3,15.96,5
972,3,3,15.34,5
973,3,3,16.06,5
974,3,3,16.5,5
975,3,3,18.28,5
976,3,3,19.0,5
977,3,3,19.24,5
978,3,3,17.16,5
979,3,3,16.38,5
980,3,3,15.0,5
981,3,3,15.68,5
982,3,3,16.44,5
983,3,3,15.46,5
984,3,3,16.0,5
985,3,3,16.24,5
986,3,3,16.48,5
987,3,3,15.96,5
988,3,3,15.7,5
989,3,3,15.88,5
990,3,3,17.04,5
991,3,3,18.76,5
992,3,3,18.24,5
993,3,3,19.48,5
994,3,3,18.86,5
995,3,3,19.16,5
996,3,3,20.78,5
997,3,3,20.3,5
998,3,3,20.8,5
999,3,3,19.88,5
1000,3,3,18.58,5
1001,3,3,18.78,5
1002,3,3,18.28,5
1003,3,3,19.14,5
1004,3,3,17.46,5
1005,3,3,15.68,5
1006,3,3,15.78,5
1007,3,3,18.08,5
1008,3,3,18.04,5
1009,3,3,17.4,5
1010,3,3,18.02,5
1011,3,3,17.02,5
1012,3,3,15.64,5
1013,3,3,15.68,5
1014,3,3,15.58,5
1015,3,3,15.78,5
1016,3,3,16.66,5
1017,3,3,16.22,5
1018,3,3,16.72,5
1019,3,3,16.76,5
1020,3,3,17.34,5
1021,3,3,17.34,5
1022,3,3,17.92,5
1023,3,3,17.0,5
1024,3,3,17.02,5
1025,3,3,16.14,5
1026,3,3,17.12,5
1027,3,3,17.76,5
1028,3,3,18.9,5
1029,3,3,18.32,5
1030,3,3,16.9,5
1031,3,3,16.24,5
1032,3,3,16.2,5
1033,3,3,17.04,5
1034,3,3,17.32,5
1035,3,3,18.1,5
1036,3,3,17.68,5
1037,3,3,18.32,5
1038,3,3,17.46,5
1039,3,3,17.52,5
1040,3,3,17.98,5
1041,3,3,18.74,5
1042,3,3,19.02,5
1043,3,3,18.68,5
1044,3,3,18.0,5
1045,3,3,16.9,5
1046,3,3,16.88,5
1047,3,3,16.96,5
1048,3,3,15.98,5
1049,3,3,16.06,5
1050,3,3,16.78,5
1051,3,3,16.2,5
1052,3,3,15.02,5
1053,3,3,14.2,5
1054,3,3,16.18,5
1055,3,3,16.9,5
1056,3,3,16.82,5
1057,3,3,16.8,5
1058,3,3,16.96,5
1059,3,3,17.1,5
1060,3,3,15.48,5
1061,3,3,15.68,5
1062,3,3,16.68,5
1063,3,3,15.36,5
1064,3,3,14.44,5
1065,3,3,14.9,5
1066,3,3,14.82,5
1067,3,3,14.78,5
1068,3,3,14.44,5
1069,3,3,14.9,4
1070,3,3,15.5,4
1071,3,3,14.94,4
1072,3,3,14.06,4
1073,3,3,13.78,4
1074,3,3,14.36,4
1075,3,3,14.66,4
1076,3,3,16.66,4
1077,3,3,16.68,4
1078,3,3,15.8,4
1079,3,3,16.86,4
1080,3,3,17.4,4
1081,3,3,17.0,4
1082,3,3,16.46,4
1083,3,3,16.16,4
1084,3,3,15.64,4
1085,3,3,16.0,4
1086,3,3,14.94,4
1087,3,3,14.54,4
1088,3,3,14.42,4
1089,3,3,15.26,4
1090,3,3,16.52,4
1091,3,3,16.96,4
1092,3,3,16.74,4
1093,3,3,16.24,4
1094,3,3,16.84,4
1095,3,3,17.22,4
1096,3,3,16.78,4
1097,3,3,16.72,4
1098,3,3,17.58,4
1099,3,3,17.18,4
1100,3,3,17.02,4
1101,3,3,17.16,4
1102,3,3,17.8,4
1103,3,3,16.98,4
1104,3,3,17.8,4
1105,3,3,18.48,4
1106,3,3,17.36,4
1107,3,3,16.28,4
1108,3,3,14.42,4
1109,3,3,15.46,4
1110,3,3,15.7,4
1111,3,3,15.52,4
1112,3,3,14.18,4
1113,3,3,15.0,4
1114,3,3,15.02,4
1115,3,3,14.88,4
1116,3,3,14.76,4
1117,3,3,16.1,4
1118,3,3,16.06,4
1119,3,3,16.88,4
1120,3,3,15.8,4
1121,3,3,14.5,4
1122,3,3,13.78,4
1123,3,3,13.86,4
1124,3,3,14.3,4
1125,3,3,15.24,4
1126,3,3,15.82,4
1127,3,3,15.14,4
1128,3,3,15.82,4
1129,3,3,14.98,4
1130,3,3,14.44,4
1131,3,3,14.96,4
1132,3,3,15.1,4
1133,3,3,15.56,4
1134,3,3,15.52,4
1135,3,3,15.32,4
1136,3,3,16.36,4
1137,3,3,17.68,4
1138,3,3,17.52,4
1139,3,3,16.1,4
1140,3,3,16.02,4
1141,3,3,15.72,4
1142,3,3,15.58,4
1143,3,3,14.52,4
1144,3,3,13.04,4
1145,3,3,14.18,4
1146,3,3,13.28,4
1147,3,3,14.52,4
1148,3,3,15.6,4
1149,3,3,15.62,4
1150,3,3,15.64,4
1151,3,3,15.86,4
1152,3,3,15.36,4
1153,3,3,16.52,4
1154,3,3,15.84,4
1155,3,3,16.98,4
1156,3,3,17.58,4
1157,3,3,16.78,4
1158,3,3,16.76,4
1159,3,3,17.34,4
1160,3,3,16.46,4
1161,3,3,16.12,4
1162,3,3,15.1,4
1163,3,3,14.98,4
1164,3,3,15.66,4
1165,3,3,15.64,4
1166,3,3,16.32,4
1167,3,3,17.3,4
1168,3,3,15.86,4
1169,3,3,17.32,4
1170,3,3,17.26,4
1171,3,3,16.84,4
1172,3,3,17.28,4
1173,3,3,16.12,4
1174,3,3,15.56,4
1175,3,3,13.72,4
1176,3,3,14.94,4
1177,3,3,15.58,4
1178,3,3,15.72,4
1179,3,3,15.74,4
1180,3,3,16.2,4
1181,3,3,15.94,4
1182,3,3,17.66,4
1183,3,3,18.68,4
1184,3,3,18.38,4
1185,3,3,17.2,4
1186,3,3,16.96,4
1187,3,3,16.96,4
1188,3,3,18.26,4
1189,3,3,17.4,4
1190,3,3,16.8,4
1191,3,3,15.98,4
1192,3,3,13.78,4
1193,3,3,13.56,4
1194,3,3,12.88,4
1195,3,3,14.14,4
1196,3,3,13.54,4
1197,3,3,14.06,4
1198,3,3,13.98,4
1199,3,3,13.84,4
1200,3,3,14.02,4
1201,3,3,14.84,4
1202,3,3,16.5,4
1203,3,3,15.96,4
1204,3,3,15.14,4
1205,3,3,15.34,4
1206,3,3,15.02,4
1207,3,3,16.5,4
1208,3,3,16.84,4
1209,3,3,17.88,4
1210,3,3,18.4,4
1211,3,3,17.4,4
1212,3,3,15.98,4
1213,3,3,16.74,4
1214,3,3,15.96,4
1215,3,3,16.28,4
1216,3,3,16.1,4
1217,3,3,16.72,4
1218,3,3,16.32,4
1219,3,3,16.3,4
1220,3,3,15.84,4
1221,3,3,16.22,4
1222,3,3,17.0,4
1223,3,3,16.28,4
1224,3,3,14.82,4
1225,3,3,14.98,4
1226,3,3,15.34,4
1227,3,3,14.94,4
1228,3,3,14.12,4
1229,3,3,16.04,4
1230,3,3,16.42,4
1231,3,3,16.42,4
1232,3,3,16.48,4
1233,3,3,15.68,4
1234,3,3,15.34,4
1235,3,3,15.24,4
1236,3,3,15.24,4
1237,3,3,14.22,4
1238,3,3,15.24,4
1239,3,3,16.58,4
1240,3,3,17.26,4
1241,3,3,16.3,4
1242,3,3,17.72,4
1243,3,3,16.62,4
1244,3,3,16.78,4
1245,3,3,16.52,4
1246,3,3,15.32,4
1247,3,3,15.02,4
1248,3,3,15.82,4
1249,3,3,16.2,4
1250,3,3,15.92,4
1251,3,3,15.82,4
1252,3,3,16.56,4
1253,3,3,15.7,4
1254,3,3,15.14,4
1255,3,3,15.54,4
1256,3,3,16.38,4
1257,3,3,16.6,4
1258,3,3,16.98,4
1259,3,3,17.7,4
1260,3,3,17.2,4
1261,3,3,16.24,4
1262,3,3,14.46,4
1263,3,3,13.92,4
1264,3,3,13.88,4
1265,3,3,15.72,4
1266,3,3,16.92,4
1267,3,3,16.92,4
1268,3,3,17.16,4
1269,3,3,16.98,4
1270,3,3,17.44,4
1271,3,3,17.34,4
1272,3,3,17.74,4
1273,3,3,17.62,4
1274,3,3,16.88,4
1275,3,3,17.06,4
1276,3,3,15.58,4
1277,3,3,15.74,4
1278,3,3,15.26,4
1279,3,3,15.76,4
1280,3,3,15.88,4
1281,3,3,16.66,4
1282,3,3,18.42,4
1283,3,3,18.28,4
1284,3,3,16.9,4
1285,3,3,15.98,4
1286,3,3,16.16,4
1287,3,3,15.3,4
1288,3,3,15.02,4
1289,3,3,14.88,4
1290,3,3,14.76,4
1291,3,3,15.2,4
1292,3,3,14.66,4
1293,3,3,15.92,4
1294,3,3,16.14,4
1295,3,3,18.64,4
1296,3,3,17.68,4
1297,3,3,17.48,4
1298,3,3,17.8,4
1299,3,3,17.66,4
1300,3,3,18.7,4
1301,3,3,16.46,4
1302,3,3,15.22,4
1303,3,3,16.04,4
1304,3,3,15.56,4
1305,3,3,15.66,4
1306,3,3,16.86,4
1307,3,3,15.78,4
1308,3,3,15.26,4
1309,3,3,16.18,4
1310,3,3,16.12,4
1311,3,3,15.2,4
1312,3,3,14.62,4
1313,3,3,15.12,4
1314,3,3,15.26,4
1315,3,3,15.34,4
1316,3,3,16.2,4
1317,3,3,16.86,4
1318,3,3,17.06,4
1319,3,3,16.86,4
1320,3,3,17.7,4
1321,3,3,17.58,4
1322,3,3,16.24,4
1323,3,3,17.56,4
1324,3,3,17.42,4
1325,3,3,16.94,4
1326,3,3,15.14,4
1327,3,3,14.2,4
1328,3,3,14.2,4
1329,3,3,15.66,4
1330,3,3,14.92,4
1331,3,3,14.06,4
1332,3,3,14.8,4
1333,3,3,15.62,4
1334,3,3,14.8,4
1335,3,3,14.5,4
1336,3,3,15.02,4
1337,3,3,14.32,4
1338,3,3,14.48,4
1339,3,3,14.78,4
1340,3,3,15.68,4
1341,3,3,15.78,4
1342,3,3,15.68,4
1343,3,3,15.48,4
1344,3,3,15.42,4
1345,3,3,15.98,4
1346,3,3,16.64,4
1347,3,3,15.56,4
1348,3,3,15.6,4
1349,3,3,16.38,4
1350,3,3,16.76,4
1351,3,3,17.96,4
1352,3,3,16.76,4
1353,3,3,16.5,4
1354,3,3,16.94,4
1355,3,3,16.82,4
1356,3,3,17.86,4
1357,3,3,17.6,4
1358,3,3,16.92,4
1359,3,3,15.94,4
1360,3,3,16.5,4
1361,3,3,17.04,4
1362,3,3,16.1,4
1363,3,3,14.74,4
1364,3,3,14.42,4
1365,3,3,15.04,4
1366,3,3,15.0,4
1367,3,3,15.14,4
1368,3,3,16.06,4
1369,3,3,16.14,4
1370,3,3,15.62,4
1371,3,3,15.72,4
1372,3,3,17.2,4
1373,3,3,15.72,4
1374,3,3,15.74,4
1375,3,3,15.14,4
1376,3,3,15.46,4
1377,3,3,15.9,4
1378,3,3,15.2,4
1379,3,3,15.82,4
1380,3,3,16.66,4
1381,3,3,16.32,4
1382,3,3,18.56,4
1383,3,3,18.5,4
1384,3,3,18.28,4
1385,3,3,17.98,4
1386,3,3,17.9,4
1387,3,3,16.74,4
1388,3,3,16.86,4
1389,3,3,16.44,4
1390,3,3,16.28,4
1391,3,3,16.72,4
1392,3,3,16.76,4
1393,3,3,16.94,4
1394,3,3,16.36,4
1395,3,3,16.1,4
1396,3,3,16.54,4
1397,3,3,16.32,4
1398,3,3,15.86,4
1399,3,3,15.76,4
1400,3,3,15.18,4
1401,3,3,16.22,4
1402,3,3,15.6,4
1403,3,3,15.62,4
1404,3,3,17.26,4
1405,3,3,15.54,4
1406,3,3,15.1,4
1407,3,3,16.24,4
1408,3,3,16.08,4
1409,3,3,16.96,4
1410,3,3,17.24,4
1411,3,3,16.24,4
1412,3,3,16.72,4
1413,3,3,16.9,4
1414,3,3,17.14,4
1415,3,3,17.46,4
1416,3,3,16.64,4
1417,3,3,15.46,4
1418,3,3,17.16,4
1419,3,3,15.18,4
1420,3,3,16.28,4
1421,3,3,17.68,4
1422,3,3,17.36,4
1423,3,3,18.02,4
1424,3,3,16.9,4
1425,3,3,18.12,4
1426,3,3,17.2,4
1427,3,3,17.14,4
1428,3,3,15.96,4
1429,3,3,15.76,4
1430,3,3,14.76,4
1431,3,3,15.54,4
1432,3,3,15.3,4
1433,3,3,15.94,4
1434,3,3,16.1,4
1435,3,3,16.46,4
1436,3,3,16.8,4
1437,3,3,16.48,4
1438,3,3,16.48,4
1439,3,3,16.06,4
1440,3,3,16.06,4
1441,3,3,15.28,4
1442,3,3,14.14,4
1443,3,3,14.1,4
1444,3,3,14.94,4
1445,3,3,14.78,4
1446,3,3,15.36,4
1447,3,3,16.4,4
1448,3,3,16.88,4
1449,3,3,16.84,4
1450,3,3,16.36,4
1451,3,3,16.26,4
1452,3,3,16.9,4
1453,3,3,17.14,4
1454,3,3,16.72,4
1455,3,3,15.54,4
1456,3,3,15.58,4
1457,3,3,16.54,4
1458,3,3,15.84,4
1459,3,3,16.0,4
1460,3,3,16.52,4
1461,3,3,17.2,4
1462,3,3,16.4,4
1463,3,3,15.44,4
1464,3,3,16.24,4
1465,3,3,16.96,4
1466,3,3,16.56,4
1467,3,3,16.44,4
1468,3,3,17.86,4
1469,3,3,18.66,4
1470,3,3,18.64,4
1471,3,3,18.02,4
1472,3,3,17.42,4
1473,3,3,17.46,4
1474,3,3,17.68,4
1475,3,3,17.9,4
1476,3,3,17.62,4
1477,3,3,16.96,4
1478,3,3,16.92,4
1479,3,3,15.5,4
1480,3,3,16.68,4
1481,3,3,16.92,4
1482,3,3,16.96,4
1483,3,3,16.46,4
1484,3,3,16.58,4
1485,3,3,14.54,4
1486,3,3,15.36,4
1487,3,3,15.14,4
1488,3,3,14.52,4
1489,3,3,14.52,4
1490,3,3,14.42,4
1491,3,3,14.94,4
1492,3,3,15.72,4
1493,3,3,16.6,4
1494,3,3,17.52,4
1495,3,3,18.5,4
1496,3,3,16.4,4
1497,3,3,16.1,4
1498,3,3,17.58,4
1499,3,3,18.12,4
1500,3,3,17.78,4
1501,3,3,17.04,4
1502,3,3,18.54,4
1503,3,3,18.48,4
1504,3,3,16.62,4
1505,3,3,16.08,4
1506,3,3,16.92,4
1507,3,3,15.46,4
1508,3,3,14.66,4
1509,3,3,14.56,4
1510,3,3,15.46,4
1511,3,3,17.26,4
1512,3,3,17.18,4
1513,3,3,17.08,4
1514,3,3,16.46,4
1515,3,3,16.54,4
1516,3,3,16.44,4
1517,3,3,17.18,4
1518,3,3,16.52,4
1519,3,3,16.22,4
1520,3,3,16.9,4
1521,3,3,17.34,4
1522,3,3,16.94,4
1523,3,3,16.02,4
1524,3,3,13.84,4
1525,3,3,14.76,4
1526,3,3,14.92,4
1527,3,3,15.06,4
1528,3,3,14.42,4
1529,3,3,13.66,4
1530,3,3,14.18,4
1531,3,3,16.38,4
1532,3,3,15.5,4
1533,3,3,16.14,4
1534,3,3,15.38,4
1535,3,3,15.5,4
1536,3,3,14.1,4
1537,3,3,13.98,4
1538,3,3,13.68,4
1539,3,3,13.82,4
1540,3,3,15.32,4
1541,3,3,16.12,4
1542,3,3,14.66,4
1543,3,3,14.72,4
1544,3,3,14.12,4
1545,3,3,14.36,4
1546,3,3,14.14,4
1547,3,3,13.68,4
1548,3,3,14.22,4
1549,3,3,14.98,4
1550,3,3,16.1,4
1551,3,3,15.8,4
1552,3,3,16.16,4
1553,3,3,15.84,4
1554,3,3,16.88,4
1555,3,3,16.78,4
1556,3,3,16.62,4
1557,3,3,17.08,4
1558,3,3,17.2,4
1559,3,3,17.8,4
1560,3,3,18.1,4
1561,3,3,16.9,4
1562,3,3,15.76,4
1563,3,3,15.5,4
1564,3,3,15.2,4
1565,3,3,14.96,4
1566,3,3,16.32,4
1567,3,3,15.94,4
1568,3,3,15.78,4
1569,3,3,15.9,4
1570,3,3,16.36,4
1571,3,3,16.7,4
1572,3,3,16.08,4
1573,3,3,15.16,4
1574,3,3,15.52,4
1575,3,3,14.8,4
1576,3,3,14.48,4
1577,3,3,14.48,4
1578,3,3,14.36,4
1579,3,3,15.26,4
1580,3,3,15.08,4
1581,3,3,16.22,4
1582,3,3,16.76,4
1583,3,3,16.98,4
1584,3,3,16.72,4
1585,3,3,17.68,4
1586,3,3,18.8,4
1587,3,3,20.02,4
1588,3,3,19.22,4
1589,3,3,16.94,4
1590,3,3,17.3,4
1591,3,3,16.26,4
1592,3,3,16.2,4
1593,3,3,15.28,4
1594,3,3,15.26,4
1595,3,3,15.36,4
1596,3,3,16.3,4
1597,3,3,16.86,4
1598,3,3,17.1,4
1599,3,3,17.74,4
1600,3,3,18.72,4
1601,3,3,19.34,4
1602,3,3,18.46,4
1603,3,3,16.92,4
1604,3,3,15.16,4
1605,3,3,15.58,4
1606,3,3,15.3,4
1607,3,3,16.32,4
1608,3,3,16.1,4
1609,3,3,15.06,4
1610,3,3,15.3,4
1611,3,3,15.3,4
1612,3,3,15.82,4
1613,3,3,15.84,4
1614,3,3,15.54,4
1615,3,3,15.98,4
1616,3,3,16.16,4
1617,3,3,16.94,4
1618,3,3,15.96,4
1619,3,3,15.16,4
1620,3,3,15.48,4
1621,3,3,16.32,4
1622,3,3,16.54,4
1623,3,3,16.12,4
1624,3,3,16.74,4
1625,3,3,15.82,4
1626,3,3,15.62,4
1627,3,3,15.7,4
1628,3,3,16.7,4
1629,3,3,17.82,4
1630,3,3,18.34,4
1631,3,3,16.8,4
1632,3,3,16.22,4
1633,3,3,17.24,4
1634,3,3,18.4,4
1635,3,3,18.18,4
1636,3,3,18.22,4
1637,3,3,18.18,4
1638,3,3,17.84,4
1639,3,3,17.84,4
1640,3,3,17.12,4
1641,3,3,16.98,4
1642,3,3,16.88,4
1643,3,3,16.62,4
1644,3,3,15.18,4
1645,3,3,15.6,4
1646,3,3,16.12,4
1647,3,3,17.28,4
1648,3,3,16.48,4
1649,3,3,16.74,4
1650,3,3,15.8,4
1651,3,3,15.9,4
1652,3,3,15.36,4
1653,3,3,15.86,4
1654,3,3,15.86,4
1655,3,3,14.54,4
1656,3,3,16.36,4
1657,3,3,16.26,4
1658,3,3,16.98,4
1659,3,3,17.0,4
1660,3,3,17.6,4
1661,3,3,16.78,4
1662,3,3,15.76,4
1663,3,3,15.34,4
1664,3,3,14.9,4
1665,3,3,14.82,4
1666,3,3,15.12,4
1667,3,3,17.6,4
1668,3,3,16.96,4
1669,3,3,16.04,4
1670,3,3,15.58,4
1671,3,3,15.54,4
1672,3,3,14.52,4
1673,3,3,15.72,4
1674,3,3,16.06,4
1675,3,3,16.38,4
1676,3,3,15.54,4
1677,3,3,16.44,4
1678,3,3,17.66,4
1679,3,3,17.7,4
1680,3,3,18.14,4
1681,3,3,17.94,4
1682,3,3,17.92,4
1683,3,3,15.84,4
1684,3,3,15.22,4
1685,3,3,14.96,4
1686,3,3,15.74,4
1687,3,3,16.56,4
1688,3,3,16.92,4
1689,3,3,18.78,4
1690,3,3,17.84,4
1691,3,3,16.78,4
1692,3,3,16.26,4
1693,3,3,16.0,4
1694,3,3,16.52,4
1695,3,3,16.22,4
1696,3,3,16.76,4
1697,3,3,15.8,4
1698,3,3,15.92,4
1699,3,3,15.62,4
1700,3,3,14.56,4
1701,3,3,16.0,4
1702,3,3,15.38,4
1703,3,3,16.14,4
1704,3,3,15.68,4
1705,3,3,16.78,4
1706,3,3,16.36,4
1707,3,3,15.5,4
1708,3,3,14.94,4
1709,3,3,15.1,4
1710,3,3,16.22,4
1711,3,3,18.16,4
1712,3,3,18.74,4
1713,3,3,18.08,4
1714,3,3,18.84,4
1715,3,3,19.18,4
1716,3,3,17.44,4
1717,3,3,16.52,4
1718,3,3,16.2,4
1719,3,3,15.74,4
1720,3,3,14.92,4
1721,3,3,15.56,4
1722,3,3,15.42,4
1723,3,3,16.02,4
1724,3,3,16.0,4
1725,3,3,17.18,4
1726,3,3,17.02,4
1727,3,3,16.6,4
1728,3,3,17.0,4
1729,3,3,16.32,4
1730,3,3,15.78,4
1731,3,3,16.42,4
1732,3,3,14.82,4
1733,3,3,14.46,4
1734,3,3,14.38,4
1735,3,3,14.96,4
1736,3,3,15.84,4
1737,3,3,16.6,4
1738,3,3,14.96,4
1739,3,3,13.7,4
1740,3,3,14.2,4
1741,3,3,15.22,4
1742,3,3,15.74,4
1743,3,3,16.12,4
1744,3,3,17.02,4
1745,3,3,16.78,4
1746,3,3,16.08,4
1747,3,3,17.1,4
1748,3,3,16.22,4
1749,3,3,16.54,4
1750,3,3,16.08,4
1751,3,3,16.0,4
1752,3,3,15.82,4
1753,3,3,15.42,4
1754,3,3,14.64,4
1755,3,3,14.94,4
1756,3,3,15.0,4
1757,3,3,15.66,4
1758,3,3,15.86,4
1759,3,3,17.1,4
1760,3,3,18.42,4
1761,3,3,18.34,4
1762,3,3,17.68,4
1763,3,3,16.64,4
1764,3,3,17.28,4
1765,3,3,16.46,4
1766,3,3,15.86,4
1767,3,3,15.86,4
1768,3,3,15.98,4
1769,3,3,16.5,4
1770,3,3,15.66,4
1771,3,3,14.64,4
1772,3,3,14.84,4
1773,3,3,14.94,4
1774,3,3,14.6,4
1775,3,3,15.92,4
1776,3,3,16.38,4
1777,3,3,17.06,4
1778,3,3,17.56,4
1779,3,3,15.72,4
1780,3,3,15.24,4
1781,3,3,15.06,4
1782,3,3,15.74,4
1783,3,3,16.3,4
1784,3,3,18.42,4
1785,3,3,18.28,4
1786,3,3,17.56,4
1787,3,3,15.78,4
1788,3,3,15.92,4
1789,3,3,15.4,4
1790,3,3,14.26,4
1791,3,3,15.06,4
1792,3,3,16.34,4
1793,3,3,17.38,4
1794,3,3,18.18,4
1795,3,3,18.64,4
1796,3,3,18.54,4
1797,3,3,17.54,4
1798,3,3,17.36,4
1799,3,3,15.9,4
1800,3,3,16.2,4
1801,3,3,16.3,4
1802,3,3,14.84,4
1803,3,3,15.84,4
1804,3,3,15.68,4
1805,3,3,14.9,4
1806,3,3,14.3,4
1807,3,3,15.2,4
1808,3,3,14.74,4
1809,3,3,15.24,4
1810,3,3,13.92,4
1811,3,3,15.14,4
1812,3,3,14.56,4
1813,3,3,14.44,4
1814,3,3,15.78,4
1815,3,3,16.26,4
1816,3,3,16.42,4
1817,3,3,15.6,4
1818,3,3,16.4,4
1819,3,3,16.64,4
1820,3,3,15.42,4
1821,3,3,14.74,4
1822,3,3,15.3,4
1823,3,3,15.66,4
1824,3,3,15.96,4
1825,3,3,16.04,4
1826,3,3,16.6,4
1827,3,3,17.22,4
1828,3,3,17.2,4
1829,3,3,17.4,4
1830,3,3,16.24,4
1831,3,3,14.54,4
1832,3,3,15.34,4
1833,3,3,14.44,4
1834,3,3,14.82,4
1835,3,3,16.08,4
1836,3,3,15.86,4
1837,3,3,16.0,4
1838,3,3,16.04,4
1839,3,3,15.22,4
1840,3,3,14.6,4
1841,3,3,14.72,4
1842,3,3,15.54,4
1843,3,3,16.16,4
1844,3,3,15.06,4
1845,3,3,16.08,4
1846,3,3,15.46,4
1847,3,3,14.8,4
1848,3,3,15.02,4
1849,3,3,16.64,4
1850,3,3,17.32,4
1851,3,3,16.48,4
1852,3,3,16.22,4
1853,3,3,16.6,4
1854,3,3,16.74,4
1855,3,3,16.28,4
1856,3,3,15.82,4
1857,3,3,16.88,4
1858,3,3,16.52,4
1859,3,3,15.88,4
1860,3,3,16.12,4
1861,3,3,16.5,4
1862,3,3,16.54,4
1863,3,3,17.24,4
1864,3,3,17.16,4
1865,3,3,15.74,4
1866,3,3,14.28,4
1867,3,3,14.64,4
1868,3,3,15.34,4
1869,3,3,16.48,4
1870,3,3,17.02,4
1871,3,3,16.72,4
1872,3,3,17.36,4
1873,3,3,16.72,4
1874,3,3,15.28,4
1875,3,3,15.44,4
1876,3,3,14.36,4
1877,3,3,14.04,4
1878,3,3,14.84,4
1879,3,3,15.0,4
1880,3,3,16.62,4
1881,3,3,17.78,4
1882,3,3,17.46,4
1883,3,3,15.86,4
1884,3,3,16.52,4
1885,3,3,17.14,3
1886,3,3,17.1,3
1887,3,3,15.2,3
1888,3,3,16.7,3
1889,3,3,17.02,3
1890,3,3,18.5,3
1891,3,3,18.36,3
1892,3,3,18.54,3
1893,3,3,18.86,3
1894,3,3,17.58,3
1895,3,3,16.68,3
1896,3,3,14.82,3
1897,3,3,13.9,3
1898,3,3,13.84,3
1899,3,3,14.58,3
1900,3,3,15.2,3
1901,3,3,15.96,3
1902,3,3,14.26,3
1903,3,3,14.0,3
1904,3,3,13.82,3
1905,3,3,13.9,3
1906,3,3,14.62,3
1907,3,3,15.14,3
1908,3,3,16.48,3
1909,3,3,15.8,3
1910,3,3,16.64,3
1911,3,3,17.12,3
1912,3,3,16.68,3
1913,3,3,17.46,3
1914,3,3,16.16,3
1915,3,3,16.98,3
1916,3,3,16.52,3
1917,3,3,15.74,3
1918,3,3,14.52,3
1919,3,3,14.48,3
1920,3,3,14.4,3
1921,3,3,15.34,3
1922,3,3,14.2,3
1923,3,3,15.12,3
1924,3,3,16.46,3
1925,3,3,15.88,3
1926,3,3,15.66,3
1927,3,3,16.68,3
1928,3,3,17.1,3
1929,3,3,16.48,3
1930,3,3,16.38,3
1931,3,3,15.88,3
1932,3,3,17.3,3
1933,3,3,17.66,3
1934,3,3,18.34,3
1935,3,3,17.58,3
1936,3,3,16.26,3
1937,3,3,17.92,3
1938,3,3,18.4,3
1939,3,3,17.08,3
1940,3,3,16.38,3
1941,3,3,16.44,3
1942,3,3,16.52,3
1943,3,3,15.84,3
1944,3,3,15.24,3
1945,3,3,15.12,3
1946,3,3,15.12,3
1947,3,3,14.6,3
1948,3,3,14.92,3
1949,3,3,14.84,3
1950,3,3,14.34,3
1951,3,3,14.46,3
1952,3,3,14.44,3
1953,3,3,15.18,3
1954,3,3,16.68,3
1955,3,3,15.86,3
1956,3,3,14.68,3
1957,3,3,15.04,3
1958,3,3,16.12,3
1959,3,3,15.94,3
1960,3,3,15.24,3
1961,3,3,14.5,3
1962,3,3,15.0,3
1963,3,3,15.02,3
1964,3,3,14.9,3
1965,3,3,16.38,3
1966,3,3,15.7,3
1967,3,3,15.44,3
1968,3,3,14.16,3
1969,3,3,14.76,3
1970,3,3,14.04,3
1971,3,3,14.64,3
1972,3,3,14.84,3
1973,3,3,15.82,3
1974,3,3,15.86,3
1975,3,3,16.22,3
1976,3,3,15.68,3
1977,3,3,14.52,3
1978,3,3,14.62,3
1979,3,3,14.5,3
1980,3,3,13.46,3
1981,3,3,15.6,3
1982,3,3,14.62,3
1983,3,3,15.42,3
1984,3,3,16.12,3
1985,3,3,14.82,3
1986,3,3,15.92,3
1987,3,3,15.16,3
1988,3,3,14.5,3
1989,3,3,15.78,3
1990,3,3,16.78,3
1991,3,3,16.6,3
1992,3,3,16.02,3
1993,3,3,15.14,3
1994,3,3,14.14,3
1995,3,3,13.52,3
1996,3,3,13.8,3
1997,3,3,14.24,3
1998,3,3,15.36,3
1999,3,3,16.46,3
2000,3,3,16.7,3
0,4,3,57.86,40
1,4,3,52.16,40
2,4,3,48.66,37
3,4,3,46.8,35
4,4,3,45.24,35
5,4,3,43.26,35
6,4,3,41.62,34
7,4,3,39.86,33
8,4,3,38.38,30
9,4,3,37.16,30
10,4,3,37.3,30
11,4,3,35.62,27
12,4,3,35.26,27
13,4,3,34.72,27
14,4,3,34.02,27
15,4,3,34.6,27
16,4,3,34.06,27
17,4,3,32.34,25
18,4,3,31.28,25
19,4,3,31.18,24
20,4,3,31.4,24
21,4,3,31.84,23
22,4,3,30.66,23
23,4,3,30.58,22
24,4,3,31.62,22
25,4,3,30.24,21
26,4,3,30.74,21
27,4,3,29.7,21
28,4,3,29.24,21
29,4,3,28.72,21
30,4,3,30.06,21
31,4,3,29.2,21
32,4,3,29.98,21
33,4,3,29.8,21
34,4,3,28.86,21
35,4,3,28.36,20
36,4,3,27.5,20
37,4,3,27.56,20
38,4,3,28.14,19
39,4,3,27.82,19
40,4,3,28.8,19
41,4,3,27.9,18
42,4,3,26.96,17
43,4,3,26.7,17
44,4,3,24.62,17
45,4,3,24.4,17
46,4,3,25.24,17
47,4,3,26.48,16
48,4,3,25.84,16
49,4,3,25.48,16
50,4,3,23.92,16
51,4,3,23.5,16
52,4,3,23.6,16
53,4,3,24.0,16
54,4,3,23.86,16
55,4,3,24.32,16
56,4,3,24.56,16
57,4,3,25.28,16
58,4,3,25.1,16
59,4,3,26.76,16
60,4,3,25.14,16
61,4,3,24.22,15
62,4,3,23.7,15
63,4,3,24.42,15
64,4,3,25.12,15
65,4,3,24.66,15
66,4,3,24.82,15
67,4,3,23.72,15
68,4,3,23.92,14
69,4,3,23.8,14
70,4,3,23.1,14
71,4,3,23.78,14
72,4,3,24.16,14
73,4,3,24.3,14
74,4,3,24.02,14
75,4,3,23.76,14
76,4,3,23.96,14
77,4,3,24.22,14
78,4,3,23.54,14
79,4,3,22.62,13
80,4,3,22.26,13
81,4,3,22.52,13
82,4,3,21.64,13
83,4,3,21.74,13
84,4,3,22.76,13
85,4,3,21.52,12
86,4,3,23.52,12
87,4,3,23.52,12
88,4,3,22.5,12
89,4,3,21.92,12
90,4,3,21.5,12
91,4,3,21.5,12
92,4,3,22.26,12
93,4,3,21.98,12
94,4,3,21.2,12
95,4,3,20.3,12
96,4,3,20.86,12
97,4,3,21.36,12
98,4,3,21.64,12
99,4,3,21.54,12
100,4,3,21.1,12
101,4,3,21.76,12
102,4,3,22.5,11
103,4,3,22.42,11
104,4,3,22.68,11
105,4,3,22.16,11
106,4,3,22.14,11
107,4,3,22.16,11
108,4,3,22.16,11
109,4,3,21.44,11
110,4,3,20.3,11
111,4,3,21.16,11
112,4,3,20.96,11
113,4,3,20.72,11
114,4,3,21.14,11
115,4,3,21.1,11
116,4,3,20.12,11
117,4,3,20.1,11
118,4,3,20.48,11
119,4,3,19.98,10
120,4,3,19.68,10
121,4,3,19.74,10
122,4,3,20.0,10
123,4,3,20.26,10
124,4,3,20.58,10
125,4,3,20.3,10
126,4,3,18.9,10
127,4,3,18.82,10
128,4,3,18.18,10
129,4,3,19.22,8
130,4,3,20.48,8
131,4,3,19.58,8
132,4,3,18.58,8
133,4,3,18.66,8
134,4,3,19.3,8
135,4,3,19.54,8
136,4,3,19.32,8
137,4,3,19.88,8
138,4,3,17.7,8
139,4,3,16.98,8
140,4,3,17.76,8
141,4,3,17.18,8
142,4,3,17.22,8
143,4,3,17.38,8
144,4,3,17.44,8
145,4,3,18.98,8
146,4,3,18.48,8
147,4,3,18.96,8
148,4,3,18.92,8
149,4,3,20.34,8
150,4,3,19.74,8
151,4,3,20.86,8
152,4,3,20.62,8
153,4,3,20.34,8
154,4,3,20.7,8
155,4,3,21.1,8
156,4,3,21.84,8
157,4,3,20.44,8
158,4,3,20.68,8
159,4,3,19.82,8
160,4,3,19.76,8
161,4,3,19.86,8
162,4,3,19.54,8
163,4,3,18.88,7
164,4,3,18.24,7
165,4,3,17.26,7
166,4,3,17.6,7
167,4,3,17.44,7
168,4,3,17.3,7
169,4,3,17.64,7
170,4,3,17.98,7
171,4,3,19.16,7
172,4,3,19.8,7
173,4,3,18.34,7
174,4,3,15.58,7
175,4,3,14.68,7
176,4,3,15.34,7
177,4,3,16.54,7
178,4,3,16.8,7
179,4,3,16.54,7
180,4,3,17.26,7
181,4,3,17.34,6
182,4,3,16.96,6
183,4,3,16.32,6
184,4,3,15.18,6
185,4,3,16.9,6
186,4,3,16.74,6
187,4,3,16.72,6
188,4,3,17.18,6
189,4,3,17.62,6
190,4,3,16.48,6
191,4,3,16.62,6
192,4,3,18.36,6
193,4,3,18.66,6
194,4,3,18.34,6
195,4,3,19.4,6
196,4,3,19.52,6
197,4,3,20.3,6
198,4,3,20.08,6
199,4,3,19.78,6
200,4,3,17.9,6
201,4,3,18.02,6
202,4,3,17.8,6
203,4,3,17.0,6
204,4,3,18.36,6
205,4,3,17.16,6
206,4,3,16.7,6
207,4,3,15.58,6
208,4,3,16.46,6
209,4,3,16.2,6
210,4,3,16.88,6
211,4,3,17.14,6
212,4,3,18.24,6
213,4,3,17.6,6
214,4,3,17.46,6
215,4,3,17.06,6
216,4,3,16.64,6
217,4,3,17.02,6
218,4,3,16.76,6
219,4,3,17.2,6
220,4,3,15.62,6
221,4,3,15.76,6
222,4,3,16.0,6
223,4,3,16.54,6
224,4,3,15.68,6
225,4,3,15.84,6
226,4,3,17.36,6
227,4,3,17.32,6
228,4,3,17.06,6
229,4,3,16.9,6
230,4,3,17.46,6
231,4,3,17.04,6
232,4,3,16.32,6
233,4,3,17.54,6
234,4,3,17.4,6
235,4,3,17.2,6
236,4,3,17.48,6
237,4,3,18.04,6
238,4,3,18.66,6
239,4,3,18.28,6
240,4,3,17.74,6
241,4,3,18.22,6
242,4,3,18.7,6
243,4,3,18.46,6
244,4,3,17.58,6
245,4,3,17.68,6
246,4,3,17.48,6
247,4,3,17.88,6
248,4,3,16.9,6
249,4,3,17.44,6
250,4,3,17.54,6
251,4,3,18.36,6
252,4,3,18.48,6
253,4,3,18.82,6
254,4,3,18.04,6
255,4,3,17.38,6
256,4,3,17.1,6
257,4,3,17.5,6
258,4,3,18.18,6
259,4,3,18.0,6
260,4,3,17.76,6
261,4,3,18.16,6
262,4,3,17.78,6
263,4,3,18.44,6
264,4,3,18.22,6
265,4,3,18.98,6
266,4,3,18.56,6
267,4,3,18.2,6
268,4,3,18.18,6
269,4,3,17.48,6
270,4,3,16.8,6
271,4,3,17.76,6
272,4,3,18.08,6
273,4,3,18.78,6
274,4,3,18.44,6
275,4,3,18.52,6
276,4,3,18.3,6
277,4,3,18.46,6
278,4,3,17.48,6
279,4,3,18.06,6
280,4,3,17.56,6
281,4,3,17.54,6
282,4,3,17.72,6
283,4,3,17.3,6
284,4,3,18.06,6
285,4,3,18.74,6
286,4,3,18.62,6
287,4,3,18.44,6
288,4,3,18.16,6
289,4,3,17.78,6
290,4,3,17.02,6
291,4,3,17.06,6
292,4,3,15.94,6
293,4,3,16.34,6
294,4,3,15.94,6
295,4,3,15.92,6
296,4,3,16.5,6
297,4,3,15.62,6
298,4,3,16.16,6
299,4,3,16.94,6
300,4,3,18.0,6
301,4,3,17.26,6
302,4,3,16.42,6
303,4,3,17.66,6
304,4,3,18.8,6
305,4,3,19.26,6
306,4,3,18.88,6
307,4,3,18.68,6
308,4,3,17.96,6
309,4,3,16.84,6
310,4,3,16.5,6
311,4,3,16.76,6
312,4,3,17.14,6
313,4,3,15.26,6
314,4,3,16.24,6
315,4,3,15.88,6
316,4,3,16.36,6
317,4,3,16.18,6
318,4,3,17.2,6
319,4,3,17.54,6
320,4,3,17.74,6
321,4,3,17.6,6
322,4,3,17.66,6
323,4,3,17.32,6
324,4,3,17.12,6
325,4,3,17.34,6
326,4,3,17.54,6
327,4,3,16.62,6
328,4,3,16.76,6
329,4,3,17.86,6
330,4,3,18.28,6
331,4,3,18.78,6
332,4,3,16.96,6
333,4,3,17.6,6
334,4,3,17.48,6
335,4,3,16.94,6
336,4,3,16.08,6
337,4,3,16.72,6
338,4,3,17.58,6
339,4,3,16.6,6
340,4,3,15.88,6
341,4,3,15.82,6
342,4,3,16.76,6
343,4,3,17.3,6
344,4,3,16.94,6
345,4,3,17.24,6
346,4,3,16.92,6
347,4,3,17.82,6
348,4,3,16.34,6
349,4,3,16.56,6
350,4,3,16.72,6
351,4,3,17.92,6
352,4,3,19.54,6
353,4,3,18.68,6
354,4,3,18.4,6
355,4,3,19.32,6
356,4,3,18.88,6
357,4,3,18.64,6
358,4,3,19.48,6
359,4,3,18.62,6
360,4,3,17.28,6
361,4,3,17.66,6
362,4,3,17.9,6
363,4,3,17.26,6
364,4,3,17.76,6
365,4,3,18.1,6
366,4,3,18.82,6
367,4,3,18.44,6
368,4,3,19.36,6
369,4,3,17.68,6
370,4,3,16.28,6
371,4,3,16.4,6
372,4,3,16.92,6
373,4,3,17.78,6
374,4,3,16.6,6
375,4,3,16.12,6
376,4,3,16.28,6
377,4,3,17.3,6
378,4,3,17.48,6
379,4,3,18.12,6
380,4,3,18.5,6
381,4,3,17.5,6
382,4,3,17.68,6
383,4,3,17.62,6
384,4,3,17.92,6
385,4,3,17.3,6
386,4,3,17.3,6
387,4,3,17.52,6
388,4,3,18.04,6
389,4,3,18.38,6
390,4,3,18.36,6
391,4,3,18.36,6
392,4,3,19.38,6
393,4,3,18.78,6
394,4,3,18.26,6
395,4,3,18.14,6
396,4,3,17.76,6
397,4,3,18.38,6
398,4,3,17.54,6
399,4,3,17.52,5
400,4,3,17.82,5
401,4,3,16.02,5
402,4,3,16.02,5
403,4,3,15.82,5
404,4,3,15.86,5
405,4,3,16.3,5
406,4,3,15.94,5
407,4,3,16.04,5
408,4,3,16.42,5
409,4,3,15.62,5
410,4,3,16.9,5
411,4,3,16.52,5
412,4,3,16.56,5
413,4,3,16.72,5
414,4,3,15.52,5
415,4,3,17.34,5
416,4,3,16.9,5
417,4,3,17.3,5
418,4,3,17.46,5
419,4,3,17.14,5
420,4,3,17.56,5
421,4,3,17.14,5
422,4,3,16.9,5
423,4,3,16.5,5
424,4,3,15.96,5
425,4,3,15.4,5
426,4,3,15.7,5
427,4,3,16.46,5
428,4,3,16.1,5
429,4,3,15.92,5
430,4,3,15.86,5
431,4,3,15.9,5
432,4,3,15.94,5
433,4,3,16.8,5
434,4,3,16.8,5
435,4,3,18.28,5
436,4,3,19.1,5
437,4,3,18.26,5
438,4,3,17.62,5
439,4,3,16.66,5
440,4,3,17.8,5
441,4,3,18.38,5
442,4,3,17.44,5
443,4,3,15.16,5
444,4,3,15.42,5
445,4,3,16.12,5
446,4,3,16.62,5
447,4,3,17.0,5
448,4,3,17.02,5
449,4,3,16.24,5
450,4,3,16.06,5
451,4,3,17.8,5
452,4,3,17.2,5
453,4,3,16.66,5
454,4,3,17.0,5
455,4,3,17.0,5
456,4,3,17.5,5
457,4,3,16.94,5
458,4,3,17.48,5
459,4,3,16.72,5
460,4,3,17.6,5
461,4,3,17.24,5
462,4,3,17.76,5
463,4,3,19.04,5
464,4,3,18.64,5
465,4,3,18.82,5
466,4,3,19.26,5
467,4,3,16.9,5
468,4,3,16.86,5
469,4,3,16.82,5
470,4,3,18.14,5
471,4,3,17.68,5
472,4,3,16.56,5
473,4,3,17.34,5
474,4,3,17.78,5
475,4,3,17.26,5
476,4,3,16.96,5
477,4,3,17.68,5
478,4,3,18.48,5
479,4,3,18.16,5
480,4,3,17.52,5
481,4,3,17.98,5
482,4,3,18.14,5
483,4,3,16.88,5
484,4,3,17.76,5
485,4,3,17.94,5
486,4,3,19.16,5
487,4,3,18.84,5
488,4,3,18.82,5
489,4,3,17.34,5
490,4,3,15.9,5
491,4,3,16.1,5
492,4,3,15.3,5
493,4,3,15.22,5
494,4,3,15.22,5
495,4,3,16.36,5
496,4,3,15.66,5
497,4,3,15.86,5
498,4,3,16.02,5
499,4,3,16.76,5
500,4,3,17.9,5
501,4,3,17.96,5
502,4,3,17.6,5
503,4,3,19.08,5
504,4,3,17.58,5
505,4,3,17.2,5
506,4,3,17.3,5
507,4,3,18.34,5
508,4,3,18.1,5
509,4,3,17.36,5
510,4,3,17.52,5
511,4,3,17.74,5
512,4,3,18.1,5
513,4,3,17.76,5
514,4,3,17.86,5
515,4,3,17.94,5
516,4,3,17.64,5
517,4,3,17.38,5
518,4,3,17.14,5
519,4,3,17.38,5
520,4,3,17.02,5
521,4,3,17.72,5
522,4,3,17.16,5
523,4,3,17.34,5
524,4,3,18.56,5
525,4,3,18.88,5
526,4,3,18.16,5
527,4,3,17.7,5
528,4,3,17.3,5
529,4,3,17.72,5
530,4,3,17.36,5
531,4,3,16.74,5
532,4,3,17.38,5
533,4,3,17.5,5
534,4,3,17.68,5
535,4,3,16.9,5
536,4,3,16.18,5
537,4,3,16.66,5
538,4,3,16.72,5
539,4,3,18.22,5
540,4,3,18.74,5
541,4,3,19.02,5
542,4,3,19.52,5
543,4,3,19.62,5
544,4,3,18.6,5
545,4,3,17.86,5
546,4,3,17.02,5
547,4,3,18.28,5
548,4,3,18.34,5
549,4,3,18.48,5
550,4,3,18.98,5
551,4,3,18.68,5
552,4,3,17.5,5
553,4,3,16.02,5
554,4,3,15.9,5
555,4,3,15.34,5
556,4,3,15.4,5
557,4,3,16.1,5
558,4,3,16.14,5
559,4,3,16.32,5
560,4,3,16.26,5
561,4,3,16.9,5
562,4,3,16.48,5
563,4,3,17.44,5
564,4,3,15.8,5
565,4,3,16.36,5
566,4,3,16.36,5
567,4,3,17.52,5
568,4,3,16.96,5
569,4,3,17.32,5
570,4,3,16.2,5
571,4,3,15.92,5
572,4,3,15.1,5
573,4,3,16.74,5
574,4,3,16.02,5
575,4,3,16.38,5
576,4,3,17.26,5
577,4,3,17.38,5
578,4,3,17.36,5
579,4,3,15.56,5
580,4,3,15.36,5
581,4,3,15.52,5
582,4,3,15.7,5
583,4,3,16.26,5
584,4,3,16.8,5
585,4,3,16.62,5
586,4,3,16.3,5
587,4,3,15.62,5
588,4,3,14.96,5
589,4,3,15.56,5
590,4,3,17.06,5
591,4,3,16.18,5
592,4,3,16.98,5
593,4,3,15.88,5
594,4,3,16.1,5
595,4,3,15.34,5
596,4,3,16.3,5
597,4,3,16.56,5
598,4,3,17.12,5
599,4,3,17.16,5
600,4,3,17.82,5
601,4,3,18.14,5
602,4,3,18.26,5
603,4,3,17.7,5
604,4,3,16.74,5
605,4,3,18.68,5
606,4,3,19.06,5
607,4,3,20.38,5
608,4,3,19.34,5
609,4,3,18.32,5
610,4,3,19.22,5
611,4,3,18.66,5
612,4,3,17.8,5
613,4,3,18.08,5
614,4,3,17.48,5
615,4,3,18.08,5
616,4,3,17.92,5
617,4,3,17.66,5
618,4,3,18.16,5
619,4,3,17.72,5
620,4,3,18.24,5
621,4,3,17.68,5
622,4,3,17.58,5
623,4,3,17.06,5
624,4,3,16.8,5
625,4,3,16.94,5
626,4,3,17.38,5
627,4,3,17.8,5
628,4,3,17.72,5
629,4,3,18.8,5
630,4,3,19.14,5
631,4,3,18.3,5
632,4,3,16.96,5
633,4,3,16.5,5
634,4,3,16.2,5
635,4,3,16.0,5
636,4,3,15.54,5
637,4,3,14.42,5
638,4,3,14.1,5
639,4,3,15.1,5
640,4,3,16.34,5
641,4,3,15.84,5
642,4,3,16.64,5
643,4,3,15.44,5
644,4,3,16.56,5
645,4,3,16.9,5
646,4,3,16.58,5
647,4,3,16.04,5
648,4,3,14.82,5
649,4,3,14.72,5
650,4,3,14.94,5
651,4,3,15.52,5
652,4,3,15.56,5
653,4,3,16.18,5
654,4,3,15.96,5
655,4,3,16.08,5
656,4,3,15.88,5
657,4,3,15.24,5
658,4,3,16.34,5
659,4,3,16.18,5
660,4,3,17.56,5
661,4,3,17.28,5
662,4,3,16.6,5
663,4,3,17.44,5
664,4,3,17.14,5
665,4,3,17.26,5
666,4,3,17.18,5
667,4,3,17.22,5
668,4,3,17.0,5
669,4,3,16.58,5
670,4,3,16.58,5
671,4,3,16.62,5
672,4,3,16.2,5
673,4,3,15.32,5
674,4,3,15.34,5
675,4,3,16.24,5
676,4,3,17.3,5
677,4,3,16.32,5
678,4,3,17.04,5
679,4,3,18.0,5
680,4,3,18.08,5
681,4,3,18.42,5
682,4,3,17.36,5
683,4,3,15.88,5
684,4,3,16.4,5
685,4,3,16.72,5
686,4,3,15.76,5
687,4,3,16.12,5
688,4,3,16.66,5
689,4,3,15.76,5
690,4,3,16.94,5
691,4,3,16.62,5
692,4,3,15.2,5
693,4,3,15.6,5
694,4,3,15.88,5
695,4,3,15.84,5
696,4,3,15.46,5
697,4,3,15.72,5
698,4,3,16.34,5
699,4,3,16.6,5
700,4,3,17.34,5
701,4,3,16.28,5
702,4,3,16.86,5
703,4,3,15.78,5
704,4,3,15.86,5
705,4,3,15.08,4
706,4,3,15.58,4
707,4,3,15.14,4
708,4,3,15.54,4
709,4,3,15.06,4
710,4,3,16.06,4
711,4,3,16.86,4
712,4,3,15.02,4
713,4,3,14.0,4
714,4,3,14.26,4
715,4,3,14.62,4
716,4,3,15.8,4
717,4,3,14.88,4
718,4,3,14.22,4
719,4,3,15.64,4
720,4,3,16.3,4
721,4,3,17.5,4
722,4,3,16.86,4
723,4,3,15.14,4
724,4,3,15.34,4
725,4,3,17.16,4
726,4,3,17.74,4
727,4,3,18.24,4
728,4,3,18.7,4
729,4,3,19.12,4
730,4,3,16.54,4
731,4,3,16.58,4
732,4,3,15.2,4
733,4,3,16.5,4
734,4,3,16.92,4
735,4,3,16.16,4
736,4,3,15.98,4
737,4,3,14.64,4
738,4,3,14.48,4
739,4,3,14.96,4
740,4,3,15.72,4
741,4,3,15.96,4
742,4,3,15.66,4
743,4,3,14.82,4
744,4,3,14.94,4
745,4,3,14.54,4
746,4,3,14.06,4
747,4,3,15.1,4
748,4,3,15.7,4
749,4,3,16.18,4
750,4,3,16.86,4
751,4,3,18.36,4
752,4,3,16.66,4
753,4,3,15.96,4
754,4,3,15.64,4
755,4,3,16.82,4
756,4,3,17.78,4
757,4,3,17.12,4
758,4,3,16.46,4
759,4,3,16.7,4
760,4,3,16.48,4
761,4,3,16.26,4
762,4,3,16.92,4
763,4,3,15.86,4
764,4,3,16.06,4
765,4,3,15.8,4
766,4,3,15.64,4
767,4,3,14.72,4
768,4,3,16.34,4
769,4,3,16.92,4
770,4,3,16.4,4
771,4,3,15.74,4
772,4,3,16.44,4
773,4,3,17.62,4
774,4,3,17.46,4
775,4,3,16.36,4
776,4,3,16.82,4
777,4,3,15.94,4
778,4,3,16.32,4
779,4,3,16.48,4
780,4,3,17.3,4
781,4,3,17.86,4
782,4,3,17.14,4
783,4,3,17.66,4
784,4,3,16.5,4
785,4,3,17.28,4
786,4,3,16.16,4
787,4,3,16.42,4
788,4,3,16.44,4
789,4,3,17.14,4
790,4,3,16.76,4
791,4,3,16.3,4
792,4,3,16.94,4
793,4,3,17.72,4
794,4,3,15.86,4
795,4,3,15.12,4
796,4,3,15.72,4
797,4,3,15.0,4
798,4,3,15.0,4
799,4,3,14.74,4
800,4,3,15.2,4
801,4,3,15.48,4
802,4,3,16.08,4
803,4,3,16.86,4
804,4,3,16.84,4
805,4,3,17.24,4
806,4,3,16.64,4
807,4,3,17.98,4
808,4,3,18.96,4
809,4,3,18.44,4
810,4,3,18.2,4
811,4,3,16.18,4
812,4,3,15.18,4
813,4,3,15.88,4
814,4,3,15.2,4
815,4,3,15.6,4
816,4,3,17.4,4
817,4,3,17.1,4
818,4,3,16.86,4
819,4,3,16.48,4
820,4,3,15.0,4
821,4,3,14.12,4
822,4,3,14.48,4
823,4,3,15.08,4
824,4,3,15.42,4
825,4,3,16.18,4
826,4,3,16.86,4
827,4,3,17.1,4
828,4,3,16.78,4
829,4,3,16.26,4
830,4,3,15.98,4
831,4,3,16.44,4
832,4,3,16.42,4
833,4,3,15.94,4
834,4,3,16.46,4
835,4,3,16.6,4
836,4,3,16.84,4
837,4,3,15.64,4
838,4,3,16.2,4
839,4,3,16.42,4
840,4,3,15.66,4
841,4,3,16.1,4
842,4,3,15.84,4
843,4,3,16.5,4
844,4,3,16.96,4
845,4,3,17.8,4
846,4,3,18.5,4
847,4,3,19.08,4
848,4,3,18.28,4
849,4,3,17.8,4
850,4,3,15.2,4
851,4,3,14.76,4
852,4,3,15.82,4
853,4,3,15.3,4
854,4,3,14.88,4
855,4,3,16.5,4
856,4,3,16.64,4
857,4,3,15.5,4
858,4,3,14.74,4
859,4,3,15.7,4
860,4,3,15.3,4
861,4,3,15.34,4
862,4,3,15.46,4
863,4,3,16.66,4
864,4,3,17.1,4
865,4,3,16.78,4
866,4,3,16.58,4
867,4,3,15.88,4
868,4,3,17.04,4
869,4,3,17.72,4
870,4,3,17.08,4
871,4,3,17.02,4
872,4,3,16.58,4
873,4,3,16.06,4
874,4,3,15.58,4
875,4,3,16.24,4
876,4,3,16.52,4
877,4,3,16.5,4
878,4,3,16.76,4
879,4,3,17.52,4
880,4,3,16.78,4
881,4,3,16.58,4
882,4,3,17.14,4
883,4,3,16.36,4
884,4,3,17.04,4
885,4,3,16.4,4
886,4,3,15.44,4
887,4,3,15.82,4
888,4,3,15.98,4
889,4,3,16.96,4
890,4,3,17.04,4
891,4,3,17.7,4
892,4,3,17.98,4
893,4,3,17.92,4
894,4,3,18.46,4
895,4,3,17.68,4
896,4,3,17.38,4
897,4,3,17.66,4
898,4,3,17.02,4
899,4,3,17.18,4
900,4,3,16.52,4
901,4,3,17.54,4
902,4,3,18.1,4
903,4,3,17.52,4
904,4,3,16.02,4
905,4,3,14.86,4
906,4,3,14.36,4
907,4,3,15.04,4
908,4,3,14.36,4
909,4,3,15.0,4
910,4,3,15.3,4
911,4,3,15.88,4
912,4,3,15.72,4
913,4,3,16.04,4
914,4,3,15.66,4
915,4,3,15.38,4
916,4,3,16.22,4
917,4,3,16.52,4
918,4,3,16.68,4
919,4,3,16.08,4
920,4,3,16.4,4
921,4,3,18.02,4
922,4,3,18.76,4
923,4,3,18.3,4
924,4,3,17.56,4
925,4,3,17.22,4
926,4,3,16.78,4
927,4,3,15.98,4
928,4,3,15.56,4
929,4,3,15.92,4
930,4,3,16.32,4
931,4,3,16.1,4
932,4,3,15.82,4
933,4,3,16.72,4
934,4,3,17.12,4
935,4,3,16.24,4
936,4,3,15.6,4
937,4,3,14.7,4
938,4,3,14.42,4
939,4,3,15.26,4
940,4,3,14.8,4
941,4,3,14.36,4
942,4,3,14.96,4
943,4,3,14.96,4
944,4,3,15.08,4
945,4,3,14.02,4
946,4,3,13.28,4
947,4,3,15.12,4
948,4,3,14.66,4
949,4,3,13.9,4
950,4,3,14.3,4
951,4,3,14.54,4
952,4,3,14.82,4
953,4,3,15.06,4
954,4,3,16.16,4
955,4,3,16.14,4
956,4,3,15.92,4
957,4,3,16.74,4
958,4,3,18.0,4
959,4,3,17.32,4
960,4,3,18.08,4
961,4,3,17.72,4
962,4,3,17.88,4
963,4,3,19.72,4
964,4,3,21.52,4
965,4,3,20.68,4
966,4,3,19.76,4
967,4,3,18.14,4
968,4,3,18.78,4
969,4,3,17.24,4
970,4,3,15.76,4
971,4,3,14.94,4
972,4,3,15.24,4
973,4,3,15.16,4
974,4,3,14.72,4
975,4,3,15.76,4
976,4,3,15.46,4
977,4,3,15.64,4
978,4,3,16.72,4
979,4,3,16.78,4
980,4,3,16.06,4
981,4,3,14.86,4
982,4,3,14.66,4
983,4,3,15.56,4
984,4,3,15.58,4
985,4,3,14.38,4
986,4,3,16.04,4
987,4,3,15.44,4
988,4,3,16.3,4
989,4,3,16.36,4
990,4,3,15.48,4
991,4,3,14.78,4
992,4,3,13.84,4
993,4,3,14.26,4
994,4,3,14.48,4
995,4,3,15.6,4
996,4,3,17.2,4
997,4,3,16.96,4
998,4,3,16.54,4
999,4,3,15.22,4
1000,4,3,15.46,4
1001,4,3,15.38,4
1002,4,3,13.88,4
1003,4,3,14.3,4
1004,4,3,15.08,4
1005,4,3,14.9,4
1006,4,3,15.88,4
1007,4,3,15.84,4
1008,4,3,15.52,4
1009,4,3,15.64,4
1010,4,3,15.3,4
1011,4,3,15.7,4
1012,4,3,16.36,4
1013,4,3,15.84,4
1014,4,3,14.46,4
1015,4,3,15.52,4
1016,4,3,15.32,4
1017,4,3,14.76,4
1018,4,3,15.54,4
1019,4,3,16.42,4
1020,4,3,16.86,4
1021,4,3,17.74,4
1022,4,3,16.52,4
1023,4,3,16.7,4
1024,4,3,16.8,4
1025,4,3,16.88,4
1026,4,3,17.08,4
1027,4,3,17.06,4
1028,4,3,15.38,4
1029,4,3,15.52,4
1030,4,3,15.92,4
1031,4,3,17.46,4
1032,4,3,16.96,4
1033,4,3,16.7,4
1034,4,3,16.48,4
1035,4,3,16.2,4
1036,4,3,15.86,4
1037,4,3,17.38,4
1038,4,3,17.58,4
1039,4,3,17.0,4
1040,4,3,17.78,4
1041,4,3,18.4,4
1042,4,3,18.26,4
1043,4,3,17.8,4
1044,4,3,17.88,4
1045,4,3,17.82,4
1046,4,3,17.4,4
1047,4,3,16.84,4
1048,4,3,16.78,4
1049,4,3,15.96,4
1050,4,3,15.94,4
1051,4,3,15.84,4
1052,4,3,16.32,4
1053,4,3,17.72,4
1054,4,3,17.94,4
1055,4,3,16.22,4
1056,4,3,15.16,4
1057,4,3,15.36,4
1058,4,3,16.72,4
1059,4,3,16.14,4
1060,4,3,15.8,4
1061,4,3,17.04,4
1062,4,3,16.76,4
1063,4,3,15.6,4
1064,4,3,13.96,4
1065,4,3,15.28,4
1066,4,3,15.26,4
1067,4,3,15.96,4
1068,4,3,16.16,4
1069,4,3,16.64,4
1070,4,3,15.96,4
1071,4,3,15.06,4
1072,4,3,14.06,4
1073,4,3,13.98,4
1074,4,3,13.96,4
1075,4,3,14.58,4
1076,4,3,13.88,4
1077,4,3,13.24,4
1078,4,3,13.94,4
1079,4,3,15.24,4
1080,4,3,15.26,4
1081,4,3,15.74,4
1082,4,3,16.0,4
1083,4,3,15.26,4
1084,4,3,14.22,4
1085,4,3,14.56,4
1086,4,3,15.58,4
1087,4,3,16.12,4
1088,4,3,16.7,4
1089,4,3,13.92,4
1090,4,3,14.44,4
1091,4,3,16.36,4
1092,4,3,15.24,4
1093,4,3,15.8,4
1094,4,3,15.42,4
1095,4,3,14.8,4
1096,4,3,14.42,4
1097,4,3,14.62,4
1098,4,3,15.44,4
1099,4,3,15.32,4
1100,4,3,16.28,4
1101,4,3,17.82,4
1102,4,3,18.24,4
1103,4,3,17.08,4
1104,4,3,16.44,4
1105,4,3,15.26,4
1106,4,3,15.22,4
1107,4,3,16.82,4
1108,4,3,17.06,4
1109,4,3,15.8,4
1110,4,3,16.56,4
1111,4,3,15.16,4
1112,4,3,15.44,4
1113,4,3,15.62,3
1114,4,3,15.06,3
1115,4,3,14.72,3
1116,4,3,15.2,3
1117,4,3,16.12,3
1118,4,3,15.44,3
1119,4,3,13.92,3
1120,4,3,14.84,3
1121,4,3,14.88,3
1122,4,3,14.54,3
1123,4,3,14.82,3
1124,4,3,14.64,3
1125,4,3,17.3,3
1126,4,3,17.72,3
1127,4,3,18.2,3
1128,4,3,17.2,3
1129,4,3,16.4,3
1130,4,3,15.24,3
1131,4,3,13.42,3
1132,4,3,14.62,3
1133,4,3,15.86,3
1134,4,3,15.48,3
1135,4,3,15.88,3
1136,4,3,16.26,3
1137,4,3,16.24,3
1138,4,3,15.1,3
1139,4,3,14.68,3
1140,4,3,15.84,3
1141,4,3,14.46,3
1142,4,3,14.74,3
1143,4,3,15.28,3
1144,4,3,15.92,3
1145,4,3,17.02,3
1146,4,3,16.78,3
1147,4,3,15.92,3
1148,4,3,16.66,3
1149,4,3,17.74,3
1150,4,3,17.64,3
1151,4,3,16.42,3
1152,4,3,14.68,3
1153,4,3,14.3,3
1154,4,3,15.12,3
1155,4,3,14.88,3
1156,4,3,15.92,3
1157,4,3,14.5,3
1158,4,3,13.96,3
1159,4,3,16.1,3
1160,4,3,14.62,3
1161,4,3,14.9,3
1162,4,3,15.04,3
1163,4,3,13.88,3
1164,4,3,14.26,3
1165,4,3,16.18,3
1166,4,3,15.46,3
1167,4,3,15.36,3
1168,4,3,16.56,3
1169,4,3,16.3,3
1170,4,3,16.82,3
1171,4,3,16.72,3
1172,4,3,15.66,3
1173,4,3,15.14,3
1174,4,3,15.2,3
1175,4,3,15.42,3
1176,4,3,14.64,3
1177,4,3,15.08,3
1178,4,3,14.46,3
1179,4,3,13.72,3
1180,4,3,13.62,3
1181,4,3,13.66,3
1182,4,3,12.78,3
1183,4,3,13.16,3
1184,4,3,13.66,3
1185,4,3,14.14,3
1186,4,3,14.42,3
1187,4,3,15.2,3
1188,4,3,14.74,3
1189,4,3,14.88,3
1190,4,3,15.36,3
1191,4,3,15.32,3
1192,4,3,15.18,3
1193,4,3,16.64,3
1194,4,3,15.28,3
1195,4,3,15.18,3
1196,4,3,16.04,3
1197,4,3,16.56,3
1198,4,3,16.76,3
1199,4,3,16.4,3
1200,4,3,16.82,3
1201,4,3,15.5,3
1202,4,3,15.26,3
1203,4,3,14.08,3
1204,4,3,13.86,3
1205,4,3,13.22,3
1206,4,3,12.5,3
1207,4,3,14.38,3
1208,4,3,14.86,3
1209,4,3,14.94,3
1210,4,3,15.12,3
1211,4,3,15.48,3
1212,4,3,14.9,3
1213,4,3,15.3,3
1214,4,3,16.74,3
1215,4,3,17.0,3
1216,4,3,16.48,3
1217,4,3,16.08,3
1218,4,3,15.38,3
1219,4,3,13.96,3
1220,4,3,14.58,3
1221,4,3,14.12,3
1222,4,3,15.34,3
1223,4,3,15.58,3
1224,4,3,14.46,3
1225,4,3,15.84,3
1226,4,3,16.04,3
1227,4,3,16.1,3
1228,4,3,15.26,3
1229,4,3,16.3,3
1230,4,3,15.2,3
1231,4,3,13.04,3
1232,4,3,13.14,3
1233,4,3,13.38,3
1234,4,3,13.26,3
1235,4,3,13.78,3
1236,4,3,14.38,3
1237,4,3,14.24,3
1238,4,3,14.48,3
1239,4,3,15.02,3
1240,4,3,15.5,3
1241,4,3,16.18,3
1242,4,3,16.6,3
1243,4,3,15.56,3
1244,4,3,15.98,3
1245,4,3,16.68,3
1246,4,3,16.48,3
1247,4,3,15.9,3
1248,4,3,14.4,3
1249,4,3,14.3,3
1250,4,3,14.94,3
1251,4,3,15.38,3
1252,4,3,16.44,3
1253,4,3,15.38,3
1254,4,3,16.56,3
1255,4,3,16.72,3
1256,4,3,17.36,3
1257,4,3,18.36,3
1258,4,3,18.2,3
1259,4,3,19.2,3
1260,4,3,19.86,3
1261,4,3,20.08,3
1262,4,3,20.28,3
1263,4,3,19.12,3
1264,4,3,17.34,3
1265,4,3,16.32,3
1266,4,3,15.64,3
1267,4,3,15.0,3
1268,4,3,14.24,3
1269,4,3,14.7,3
1270,4,3,14.84,3
1271,4,3,14.0,3
1272,4,3,13.54,3
1273,4,3,12.48,3
1274,4,3,13.36,3
1275,4,3,12.14,3
1276,4,3,14.3,3
1277,4,3,14.5,3
1278,4,3,15.42,3
1279,4,3,16.28,3
1280,4,3,16.84,3
1281,4,3,17.14,3
1282,4,3,16.72,3
1283,4,3,16.9,3
1284,4,3,17.16,3
1285,4,3,15.98,3
1286,4,3,15.62,3
1287,4,3,14.38,3
1288,4,3,14.48,3
1289,4,3,13.9,3
1290,4,3,15.0,3
1291,4,3,15.74,3
1292,4,3,15.08,3
1293,4,3,15.14,3
1294,4,3,15.0,3
1295,4,3,15.14,3
1296,4,3,15.12,3
1297,4,3,13.04,3
1298,4,3,13.32,3
1299,4,3,13.62,3
1300,4,3,14.4,3
1301,4,3,15.12,3
1302,4,3,16.02,3
1303,4,3,15.96,3
1304,4,3,15.78,3
1305,4,3,15.8,3
1306,4,3,17.1,3
1307,4,3,17.44,3
1308,4,3,17.4,3
1309,4,3,15.28,3
1310,4,3,14.98,3
1311,4,3,15.48,3
1312,4,3,16.16,3
1313,4,3,16.94,3
1314,4,3,16.4,3
1315,4,3,16.84,3
1316,4,3,17.28,3
1317,4,3,17.3,3
1318,4,3,17.02,3
1319,4,3,15.76,3
1320,4,3,15.38,3
1321,4,3,16.4,3
1322,4,3,17.08,3
1323,4,3,18.0,3
1324,4,3,18.64,3
1325,4,3,17.78,3
1326,4,3,17.78,3
1327,4,3,17.44,3
1328,4,3,18.16,3
1329,4,3,17.02,3
1330,4,3,16.98,3
1331,4,3,17.06,3
1332,4,3,16.94,3
1333,4,3,16.1,3
1334,4,3,15.72,3
1335,4,3,14.86,3
1336,4,3,14.1,3
1337,4,3,13.7,3
1338,4,3,13.78,3
1339,4,3,14.52,3
1340,4,3,15.46,3
1341,4,3,15.02,3
1342,4,3,15.4,3
1343,4,3,15.74,3
1344,4,3,16.56,3
1345,4,3,17.08,3
1346,4,3,16.78,3
1347,4,3,16.48,3
1348,4,3,16.14,3
1349,4,3,16.38,3
1350,4,3,16.28,3
1351,4,3,16.38,3
1352,4,3,16.04,3
1353,4,3,14.44,3
1354,4,3,14.52,3
1355,4,3,15.22,3
1356,4,3,15.62,3
1357,4,3,15.96,3
1358,4,3,16.38,3
1359,4,3,14.94,3
1360,4,3,14.26,3
1361,4,3,15.08,3
1362,4,3,15.48,3
1363,4,3,15.36,3
1364,4,3,15.4,3
1365,4,3,14.54,3
1366,4,3,14.6,3
1367,4,3,14.38,3
1368,4,3,14.64,3
1369,4,3,15.34,3
1370,4,3,14.26,3
1371,4,3,13.72,3
1372,4,3,14.24,3
1373,4,3,14.36,3
1374,4,3,16.18,3
1375,4,3,15.42,3
1376,4,3,15.72,3
1377,4,3,15.54,3
1378,4,3,14.26,3
1379,4,3,14.7,3
1380,4,3,14.1,3
1381,4,3,14.9,3
1382,4,3,15.38,3
1383,4,3,16.24,3
1384,4,3,16.88,3
1385,4,3,16.34,3
1386,4,3,15.04,3
1387,4,3,14.2,3
1388,4,3,15.28,3
1389,4,3,15.32,3
1390,4,3,14.72,3
1391,4,3,15.68,3
1392,4,3,14.88,3
1393,4,3,16.14,3
1394,4,3,16.42,3
1395,4,3,15.86,3
1396,4,3,16.16,3
1397,4,3,16.6,3
1398,4,3,14.7,3
1399,4,3,14.9,3
1400,4,3,16.32,3
1401,4,3,16.1,3
1402,4,3,15.12,3
1403,4,3,15.52,3
1404,4,3,15.38,3
1405,4,3,14.42,3
1406,4,3,13.52,3
1407,4,3,13.88,3
1408,4,3,14.6,3
1409,4,3,13.2,3
1410,4,3,13.28,3
1411,4,3,13.28,3
1412,4,3,12.28,3
1413,4,3,12.68,3
1414,4,3,13.78,3
1415,4,3,14.06,3
1416,4,3,14.18,3
1417,4,3,14.12,3
1418,4,3,13.8,3
1419,4,3,13.2,3
1420,4,3,12.78,3
1421,4,3,13.74,3
1422,4,3,12.5,3
1423,4,3,13.58,3
1424,4,3,13.4,3
1425,4,3,14.96,3
1426,4,3,14.68,3
1427,4,3,14.48,3
1428,4,3,14.74,3
1429,4,3,14.76,3
1430,4,3,15.3,3
1431,4,3,15.7,3
1432,4,3,15.66,3
1433,4,3,14.34,3
1434,4,3,13.18,3
1435,4,3,12.34,3
1436,4,3,12.9,3
1437,4,3,12.52,3
1438,4,3,13.4,3
1439,4,3,14.2,3
1440,4,3,15.0,3
1441,4,3,16.26,3
1442,4,3,15.92,3
1443,4,3,14.54,3
1444,4,3,13.62,3
1445,4,3,13.12,3
1446,4,3,14.48,3
1447,4,3,14.42,3
1448,4,3,14.6,3
1449,4,3,14.84,3
1450,4,3,14.38,3
1451,4,3,14.2,3
1452,4,3,14.82,3
1453,4,3,13.98,3
1454,4,3,14.8,3
1455,4,3,14.66,3
1456,4,3,15.34,3
1457,4,3,17.06,3
1458,4,3,15.82,3
1459,4,3,16.1,3
1460,4,3,15.66,3
1461,4,3,15.82,3
1462,4,3,15.42,3
1463,4,3,15.06,3
1464,4,3,16.26,3
1465,4,3,16.52,3
1466,4,3,16.84,3
1467,4,3,16.26,3
1468,4,3,15.64,3
1469,4,3,15.9,3
1470,4,3,15.54,3
1471,4,3,15.08,3
1472,4,3,14.6,3
1473,4,3,15.16,3
1474,4,3,14.48,3
1475,4,3,16.0,3
1476,4,3,14.86,3
1477,4,3,14.74,3
1478,4,3,15.38,3
1479,4,3,15.38,3
1480,4,3,13.98,3
1481,4,3,14.18,3
1482,4,3,14.64,3
1483,4,3,15.04,3
1484,4,3,15.02,3
1485,4,3,16.18,3
1486,4,3,14.8,3
1487,4,3,14.94,3
1488,4,3,15.48,3
1489,4,3,15.46,3
1490,4,3,16.38,3
1491,4,3,17.1,3
1492,4,3,16.3,3
1493,4,3,17.28,3
1494,4,3,18.18,3
1495,4,3,18.56,3
1496,4,3,19.4,3
1497,4,3,20.22,3
1498,4,3,19.58,3
1499,4,3,17.58,3
1500,4,3,15.56,3
1501,4,3,13.88,3
1502,4,3,13.24,3
1503,4,3,13.58,3
1504,4,3,14.52,3
1505,4,3,16.24,3
1506,4,3,14.58,3
1507,4,3,13.3,3
1508,4,3,13.28,3
1509,4,3,13.38,3
1510,4,3,13.34,3
1511,4,3,14.68,3
1512,4,3,14.94,3
1513,4,3,15.54,3
1514,4,3,16.04,3
1515,4,3,15.66,3
1516,4,3,14.66,3
1517,4,3,16.12,3
1518,4,3,17.86,3
1519,4,3,18.2,3
1520,4,3,19.76,3
1521,4,3,19.6,3
1522,4,3,17.04,3
1523,4,3,16.1,3
1524,4,3,15.44,3
1525,4,3,15.68,3
1526,4,3,16.24,3
1527,4,3,16.52,3
1528,4,3,16.26,3
1529,4,3,15.9,3
1530,4,3,15.28,3
1531,4,3,14.18,3
1532,4,3,13.3,3
1533,4,3,14.8,3
1534,4,3,14.76,3
1535,4,3,15.6,3
1536,4,3,15.5,3
1537,4,3,15.44,3
1538,4,3,17.02,3
1539,4,3,17.68,3
1540,4,3,17.58,3
1541,4,3,17.94,3
1542,4,3,17.44,3
1543,4,3,16.9,3
1544,4,3,14.28,3
1545,4,3,14.4,3
1546,4,3,15.52,3
1547,4,3,16.06,3
1548,4,3,16.4,3
1549,4,3,15.0,3
1550,4,3,15.44,3
1551,4,3,17.02,3
1552,4,3,17.88,3
1553,4,3,18.82,3
1554,4,3,17.96,3
1555,4,3,17.46,3
1556,4,3,17.5,3
1557,4,3,16.4,3
1558,4,3,15.96,3
1559,4,3,16.66,3
1560,4,3,16.2,3
1561,4,3,15.94,3
1562,4,3,16.38,3
1563,4,3,15.96,3
1564,4,3,16.16,3
1565,4,3,16.64,3
1566,4,3,16.58,3
1567,4,3,15.48,3
1568,4,3,16.42,3
1569,4,3,16.12,3
1570,4,3,15.46,3
1571,4,3,15.58,3
1572,4,3,17.34,3
1573,4,3,16.6,3
1574,4,3,16.72,3
1575,4,3,17.46,3
1576,4,3,17.6,3
1577,4,3,18.18,3
1578,4,3,16.52,3
1579,4,3,15.94,3
1580,4,3,16.44,3
1581,4,3,15.66,3
1582,4,3,15.84,3
1583,4,3,14.78,3
1584,4,3,15.26,3
1585,4,3,15.46,3
1586,4,3,15.86,3
1587,4,3,14.68,3
1588,4,3,14.68,3
1589,4,3,15.1,3
1590,4,3,15.16,3
1591,4,3,15.12,3
1592,4,3,14.52,3
1593,4,3,15.16,3
1594,4,3,14.4,3
1595,4,3,14.66,3
1596,4,3,14.92,3
1597,4,3,14.88,3
1598,4,3,14.42,3
1599,4,3,15.26,3
1600,4,3,15.68,3
1601,4,3,15.48,3
1602,4,3,16.86,3
1603,4,3,17.82,3
1604,4,3,17.4,3
1605,4,3,17.68,3
1606,4,3,16.36,3
1607,4,3,16.48,3
1608,4,3,16.7,3
1609,4,3,15.06,3
1610,4,3,14.18,3
1611,4,3,14.56,3
1612,4,3,17.04,3
1613,4,3,17.3,3
1614,4,3,18.5,3
1615,4,3,18.28,3
1616,4,3,16.56,3
1617,4,3,15.68,3
1618,4,3,14.88,3
1619,4,3,13.94,3
1620,4,3,14.18,3
1621,4,3,14.32,3
1622,4,3,13.34,3
1623,4,3,12.54,3
1624,4,3,13.18,3
1625,4,3,13.56,3
1626,4,3,13.5,3
1627,4,3,13.46,3
1628,4,3,14.38,3
1629,4,3,15.68,3
1630,4,3,15.88,3
1631,4,3,15.56,3
1632,4,3,16.96,3
1633,4,3,15.98,3
1634,4,3,15.52,3
1635,4,3,15.0,3
1636,4,3,15.22,3
1637,4,3,15.66,3
1638,4,3,15.38,3
1639,4,3,15.08,3
1640,4,3,14.38,3
1641,4,3,13.56,3
1642,4,3,14.36,3
1643,4,3,13.36,3
1644,4,3,14.16,3
1645,4,3,14.02,3
1646,4,3,14.42,3
1647,4,3,15.86,3
1648,4,3,17.04,3
1649,4,3,16.5,3
1650,4,3,15.28,3
1651,4,3,15.64,3
1652,4,3,14.3,3
1653,4,3,15.46,3
1654,4,3,15.22,3
1655,4,3,14.22,3
1656,4,3,14.26,3
1657,4,3,14.86,3
1658,4,3,14.84,3
1659,4,3,15.66,3
1660,4,3,15.68,3
1661,4,3,15.1,3
1662,4,3,16.28,3
1663,4,3,16.58,3
1664,4,3,16.5,3
1665,4,3,16.32,3
1666,4,3,15.06,3
1667,4,3,13.36,3
1668,4,3,14.16,3
1669,4,3,15.82,3
1670,4,3,16.08,3
1671,4,3,14.92,3
1672,4,3,15.34,3
1673,4,3,15.28,3
1674,4,3,15.84,3
1675,4,3,16.14,3
1676,4,3,16.6,3
1677,4,3,15.56,3
1678,4,3,16.26,3
1679,4,3,15.62,3
1680,4,3,15.68,3
1681,4,3,15.8,3
1682,4,3,16.8,3
1683,4,3,17.96,3
1684,4,3,16.78,3
1685,4,3,15.84,3
1686,4,3,15.16,3
1687,4,3,14.4,3
1688,4,3,14.38,3
1689,4,3,14.48,3
1690,4,3,15.56,3
1691,4,3,16.2,3
1692,4,3,17.1,3
1693,4,3,17.52,3
1694,4,3,17.26,3
1695,4,3,17.12,3
1696,4,3,17.24,3
1697,4,3,16.18,3
1698,4,3,16.06,3
1699,4,3,15.66,3
1700,4,3,15.06,3
1701,4,3,14.92,3
1702,4,3,15.06,3
1703,4,3,15.42,3
1704,4,3,15.14,3
1705,4,3,15.64,3
1706,4,3,15.28,3
1707,4,3,15.2,3
1708,4,3,13.84,3
1709,4,3,11.92,3
1710,4,3,11.94,3
1711,4,3,12.52,3
1712,4,3,13.06,3
1713,4,3,15.2,3
1714,4,3,16.26,3
1715,4,3,16.28,3
1716,4,3,15.66,3
1717,4,3,15.68,3
1718,4,3,15.74,3
1719,4,3,16.22,3
1720,4,3,17.34,3
1721,4,3,17.44,3
1722,4,3,16.36,3
1723,4,3,15.78,3
1724,4,3,15.14,3
1725,4,3,14.88,3
1726,4,3,14.28,3
1727,4,3,14.48,3
1728,4,3,13.66,3
1729,4,3,12.98,3
1730,4,3,13.1,3
1731,4,3,13.5,3
1732,4,3,12.5,3
1733,4,3,12.94,3
1734,4,3,13.84,3
1735,4,3,13.72,3
1736,4,3,14.98,3
1737,4,3,14.88,3
1738,4,3,15.3,3
1739,4,3,15.6,3
1740,4,3,15.2,3
1741,4,3,15.86,3
1742,4,3,15.52,3
1743,4,3,15.82,3
1744,4,3,15.68,3
1745,4,3,16.46,3
1746,4,3,16.24,3
1747,4,3,16.98,3
1748,4,3,16.8,3
1749,4,3,14.82,3
1750,4,3,14.9,3
1751,4,3,14.08,3
1752,4,3,14.78,3
1753,4,3,15.04,3
1754,4,3,15.96,3
1755,4,3,16.54,3
1756,4,3,16.68,3
1757,4,3,15.4,3
1758,4,3,15.18,3
1759,4,3,14.96,3
1760,4,3,14.04,3
1761,4,3,14.18,3
1762,4,3,12.54,3
1763,4,3,12.98,3
1764,4,3,13.46,3
1765,4,3,13.7,3
1766,4,3,14.56,3
1767,4,3,15.06,3
1768,4,3,15.56,3
1769,4,3,14.96,3
1770,4,3,15.02,3
1771,4,3,14.64,3
1772,4,3,15.3,3
1773,4,3,15.48,3
1774,4,3,16.06,3
1775,4,3,15.3,3
1776,4,3,14.22,3
1777,4,3,13.18,3
1778,4,3,13.22,3
1779,4,3,13.24,3
1780,4,3,14.92,3
1781,4,3,14.88,3
1782,4,3,13.6,3
1783,4,3,14.7,3
1784,4,3,15.98,3
1785,4,3,15.98,3
1786,4,3,15.48,3
1787,4,3,15.1,3
1788,4,3,14.88,3
1789,4,3,15.94,3
1790,4,3,16.02,3
1791,4,3,16.5,3
1792,4,3,16.98,3
1793,4,3,16.7,3
1794,4,3,16.68,3
1795,4,3,15.72,3
1796,4,3,15.4,3
1797,4,3,15.94,3
1798,4,3,16.02,3
1799,4,3,16.06,3
1800,4,3,14.48,3
1801,4,3,13.92,3
1802,4,3,14.88,3
1803,4,3,13.7,3
1804,4,3,14.24,3
1805,4,3,14.62,3
1806,4,3,15.66,3
1807,4,3,16.26,3
1808,4,3,16.54,3
1809,4,3,15.56,3
1810,4,3,15.48,3
1811,4,3,15.3,3
1812,4,3,15.64,3
1813,4,3,14.8,3
1814,4,3,13.68,3
1815,4,3,13.66,3
1816,4,3,12.78,3
1817,4,3,14.24,3
1818,4,3,14.06,3
1819,4,3,16.04,3
1820,4,3,16.78,3
1821,4,3,17.14,3
1822,4,3,16.58,3
1823,4,3,15.92,3
1824,4,3,15.86,3
1825,4,3,15.18,3
1826,4,3,15.62,3
1827,4,3,15.56,3
1828,4,3,16.66,3
1829,4,3,16.62,3
1830,4,3,16.66,3
1831,4,3,16.14,3
1832,4,3,16.12,3
1833,4,3,15.0,3
1834,4,3,16.74,3
1835,4,3,16.36,3
1836,4,3,15.58,3
1837,4,3,15.18,3
1838,4,3,16.12,3
1839,4,3,16.34,3
1840,4,3,16.88,3
1841,4,3,17.32,3
1842,4,3,16.76,3
1843,4,3,16.42,3
1844,4,3,16.3,3
1845,4,3,15.78,3
1846,4,3,15.72,3
1847,4,3,16.28,3
1848,4,3,16.66,3
1849,4,3,16.0,3
1850,4,3,16.28,3
1851,4,3,16.92,3
1852,4,3,17.24,3
1853,4,3,17.78,3
1854,4,3,17.84,3
1855,4,3,15.78,3
1856,4,3,15.44,3
1857,4,3,16.36,3
1858,4,3,16.06,3
1859,4,3,16.88,3
1860,4,3,16.66,3
1861,4,3,15.42,3
1862,4,3,14.92,3
1863,4,3,15.36,3
1864,4,3,15.92,3
1865,4,3,15.38,3
1866,4,3,15.72,3
1867,4,3,14.94,3
1868,4,3,14.68,3
1869,4,3,17.54,3
1870,4,3,16.32,3
1871,4,3,15.72,3
1872,4,3,15.26,3
1873,4,3,15.14,3
1874,4,3,15.1,3
1875,4,3,15.66,3
1876,4,3,14.78,3
1877,4,3,15.82,3
1878,4,3,15.96,3
1879,4,3,15.18,3
1880,4,3,14.64,3
1881,4,3,14.08,2
1882,4,3,15.1,2
1883,4,3,14.68,2
1884,4,3,15.5,2
1885,4,3,14.7,2
1886,4,3,13.82,2
1887,4,3,14.74,2
1888,4,3,14.6,2
1889,4,3,14.42,2
1890,4,3,15.32,2
1891,4,3,15.12,2
1892,4,3,15.88,2
1893,4,3,14.66,2
1894,4,3,13.14,2
1895,4,3,13.96,2
1896,4,3,15.04,2
1897,4,3,16.56,2
1898,4,3,16.48,2
1899,4,3,15.1,2
1900,4,3,14.82,2
1901,4,3,15.12,2
1902,4,3,14.14,2
1903,4,3,14.04,2
1904,4,3,14.68,2
1905,4,3,13.68,2
1906,4,3,14.38,2
1907,4,3,14.22,2
1908,4,3,14.26,2
1909,4,3,14.54,2
1910,4,3,14.72,2
1911,4,3,13.88,2
1912,4,3,13.28,2
1913,4,3,12.88,2
1914,4,3,12.7,2
1915,4,3,12.54,2
1916,4,3,12.22,2
1917,4,3,14.56,2
1918,4,3,14.7,2
1919,4,3,15.14,2
1920,4,3,14.08,2
1921,4,3,14.32,2
1922,4,3,14.48,2
1923,4,3,15.98,2
1924,4,3,15.76,2
1925,4,3,16.28,2
1926,4,3,15.0,2
1927,4,3,14.44,2
1928,4,3,14.72,2
1929,4,3,15.62,2
1930,4,3,15.12,2
1931,4,3,16.38,2
1932,4,3,16.62,2
1933,4,3,16.06,2
1934,4,3,15.36,2
1935,4,3,15.54,2
1936,4,3,14.54,2
1937,4,3,13.94,2
1938,4,3,14.16,2
1939,4,3,15.02,2
1940,4,3,15.28,2
1941,4,3,15.3,2
1942,4,3,14.58,2
1943,4,3,15.86,2
1944,4,3,14.16,2
1945,4,3,13.56,2
1946,4,3,14.62,2
1947,4,3,14.36,2
1948,4,3,13.64,2
1949,4,3,14.0,2
1950,4,3,13.66,2
1951,4,3,14.9,2
1952,4,3,14.9,2
1953,4,3,14.58,2
1954,4,3,14.44,2
1955,4,3,14.56,2
1956,4,3,14.06,2
1957,4,3,14.5,2
1958,4,3,14.08,2
1959,4,3,13.1,2
1960,4,3,14.06,2
1961,4,3,14.54,2
1962,4,3,15.26,2
1963,4,3,14.8,2
1964,4,3,13.94,2
1965,4,3,12.62,2
1966,4,3,13.9,2
1967,4,3,15.0,2
1968,4,3,14.48,2
1969,4,3,13.32,2
1970,4,3,13.3,2
1971,4,3,15.42,2
1972,4,3,16.02,2
1973,4,3,15.5,2
1974,4,3,13.34,2
1975,4,3,13.96,2
1976,4,3,12.8,2
1977,4,3,13.24,2
1978,4,3,14.24,2
1979,4,3,14.82,2
1980,4,3,14.44,2
1981,4,3,14.88,2
1982,4,3,15.3,2
1983,4,3,15.5,2
1984,4,3,15.22,2
1985,4,3,15.3,2
1986,4,3,15.3,2
1987,4,3,14.46,2
1988,4,3,14.28,2
1989,4,3,14.82,2
1990,4,3,13.74,2
1991,4,3,13.22,2
1992,4,3,13.1,2
1993,4,3,13.64,2
1994,4,3,13.84,2
1995,4,3,15.52,2
1996,4,3,16.14,2
1997,4,3,16.38,2
1998,4,3,15.9,2
1999,4,3,14.48,2
2000,4,3,14.98,2
0,5,3,54.98,40
1,5,3,50.04,40
2,5,3,46.82,39
3,5,3,44.98,36
4,5,3,45.44,35
5,5,3,44.12,35
6,5,3,42.46,34
7,5,3,41.6,34
8,5,3,40.4,33
9,5,3,40.36,32
10,5,3,39.6,32
11,5,3,39.14,30
12,5,3,38.1,30
13,5,3,36.38,30
14,5,3,35.96,29
15,5,3,36.26,29
16,5,3,36.86,29
17,5,3,36.5,28
18,5,3,36.08,28
19,5,3,35.34,28
20,5,3,34.78,27
21,5,3,34.84,27
22,5,3,34.04,27
23,5,3,34.32,25
24,5,3,33.56,25
25,5,3,33.0,25
26,5,3,33.34,25
27,5,3,32.1,25
28,5,3,31.24,24
29,5,3,30.58,24
30,5,3,30.78,24
31,5,3,31.78,24
32,5,3,32.12,24
33,5,3,31.14,24
34,5,3,30.94,24
35,5,3,30.9,24
36,5,3,30.26,23
37,5,3,30.76,23
38,5,3,29.88,23
39,5,3,29.26,22
40,5,3,29.48,22
41,5,3,29.34,22
42,5,3,29.8,22
43,5,3,28.14,22
44,5,3,27.82,21
45,5,3,28.5,21
46,5,3,27.9,19
47,5,3,27.34,19
48,5,3,28.26,19
49,5,3,28.1,18
50,5,3,27.68,18
51,5,3,27.24,18
52,5,3,27.88,18
53,5,3,26.48,18
54,5,3,26.26,18
55,5,3,25.72,18
56,5,3,26.28,18
57,5,3,27.66,18
58,5,3,26.96,18
59,5,3,28.0,18
60,5,3,27.42,18
61,5,3,27.28,18
62,5,3,26.54,18
63,5,3,27.6,18
64,5,3,27.4,18
65,5,3,26.68,18
66,5,3,25.7,18
67,5,3,26.6,18
68,5,3,26.12,18
69,5,3,27.04,18
70,5,3,27.36,18
71,5,3,27.72,18
72,5,3,27.64,18
73,5,3,27.16,18
74,5,3,27.8,17
75,5,3,26.2,17
76,5,3,26.14,17
77,5,3,25.96,17
78,5,3,25.46,17
79,5,3,25.66,17
80,5,3,26.2,17
81,5,3,25.64,17
82,5,3,25.28,17
83,5,3,26.0,17
84,5,3,26.18,17
85,5,3,24.98,17
86,5,3,26.12,17
87,5,3,25.3,17
88,5,3,25.14,17
89,5,3,24.84,17
90,5,3,24.32,17
91,5,3,26.16,17
92,5,3,25.82,17
93,5,3,26.92,17
94,5,3,26.84,16
95,5,3,26.34,16
96,5,3,26.7,15
97,5,3,24.92,15
98,5,3,24.66,15
99,5,3,24.02,15
100,5,3,24.46,15
101,5,3,24.58,15
102,5,3,26.0,15
103,5,3,24.4,15
104,5,3,24.94,15
105,5,3,25.0,15
106,5,3,24.24,15
107,5,3,23.7,15
108,5,3,23.82,15
109,5,3,24.26,15
110,5,3,23.86,15
111,5,3,23.68,15
112,5,3,23.1,15
113,5,3,23.02,15
114,5,3,23.12,15
115,5,3,22.44,15
116,5,3,23.68,15
117,5,3,24.48,15
118,5,3,24.14,15
119,5,3,24.0,15
120,5,3,24.04,15
121,5,3,24.4,15
122,5,3,24.7,15
123,5,3,23.64,15
124,5,3,22.96,15
125,5,3,23.74,15
126,5,3,24.36,15
127,5,3,24.86,15
128,5,3,25.52,15
129,5,3,25.1,15
130,5,3,24.8,15
131,5,3,24.14,15
132,5,3,24.24,15
133,5,3,23.46,15
134,5,3,22.66,15
135,5,3,22.46,14
136,5,3,22.44,14
137,5,3,22.18,14
138,5,3,22.38,14
139,5,3,22.54,14
140,5,3,21.66,14
141,5,3,22.74,14
142,5,3,22.44,14
143,5,3,22.32,14
144,5,3,23.88,14
145,5,3,23.36,14
146,5,3,22.3,14
147,5,3,22.06,14
148,5,3,22.7,14
149,5,3,23.88,14
150,5,3,24.04,14
151,5,3,24.3,14
152,5,3,24.18,14
153,5,3,23.92,14
154,5,3,24.8,14
155,5,3,26.78,14
156,5,3,25.56,13
157,5,3,25.66,13
158,5,3,25.5,13
159,5,3,25.6,13
160,5,3,24.46,13
161,5,3,22.96,13
162,5,3,21.26,13
163,5,3,20.96,13
164,5,3,20.68,13
165,5,3,20.34,13
166,5,3,21.72,13
167,5,3,22.88,13
168,5,3,22.84,13
169,5,3,22.86,13
170,5,3,23.24,13
171,5,3,23.34,13
172,5,3,22.7,13
173,5,3,22.14,13
174,5,3,22.8,13
175,5,3,22.56,13
176,5,3,22.44,13
177,5,3,22.16,13
178,5,3,22.66,13
179,5,3,21.16,13
180,5,3,20.86,13
181,5,3,21.02,13
182,5,3,21.1,13
183,5,3,22.0,13
184,5,3,21.92,13
185,5,3,21.3,13
186,5,3,21.6,13
187,5,3,21.74,13
188,5,3,21.52,13
189,5,3,22.32,13
190,5,3,22.68,13
191,5,3,23.0,13
192,5,3,21.94,13
193,5,3,22.24,13
194,5,3,21.6,13
195,5,3,22.54,13
196,5,3,22.4,13
197,5,3,22.96,13
198,5,3,23.1,13
199,5,3,23.68,13
200,5,3,24.04,13
201,5,3,23.78,13
202,5,3,22.46,13
203,5,3,21.66,13
204,5,3,21.3,13
205,5,3,23.1,13
206,5,3,23.32,13
207,5,3,22.34,13
208,5,3,21.66,13
209,5,3,23.14,13
210,5,3,22.88,13
211,5,3,22.94,13
212,5,3,23.18,13
213,5,3,22.94,13
214,5,3,20.72,13
215,5,3,21.14,13
216,5,3,20.48,13
217,5,3,21.6,13
218,5,3,21.32,13
219,5,3,22.12,13
220,5,3,22.48,13
221,5,3,22.76,13
222,5,3,23.96,13
223,5,3,24.44,13
224,5,3,24.16,13
225,5,3,22.96,13
226,5,3,22.76,13
227,5,3,22.46,13
228,5,3,22.32,13
229,5,3,23.12,13
230,5,3,22.52,13
231,5,3,23.28,13
232,5,3,22.5,13
233,5,3,23.26,13
234,5,3,22.9,13
235,5,3,22.38,13
236,5,3,21.62,13
237,5,3,21.0,13
238,5,3,21.92,13
239,5,3,21.86,13
240,5,3,22.14,13
241,5,3,23.14,13
242,5,3,22.98,13
243,5,3,23.34,13
244,5,3,24.04,13
245,5,3,24.38,13
246,5,3,24.2,13
247,5,3,23.98,13
248,5,3,24.02,13
249,5,3,23.82,13
250,5,3,23.26,13
251,5,3,22.94,13
252,5,3,22.54,13
253,5,3,21.78,13
254,5,3,21.5,13
255,5,3,20.84,13
256,5,3,21.62,13
257,5,3,21.9,13
258,5,3,22.08,13
259,5,3,21.52,13
260,5,3,22.68,13
261,5,3,22.8,13
262,5,3,23.42,13
263,5,3,23.62,13
264,5,3,23.88,13
265,5,3,23.52,13
266,5,3,22.78,13
267,5,3,22.62,13
268,5,3,22.1,13
269,5,3,21.32,13
270,5,3,20.88,13
271,5,3,22.46,13
272,5,3,22.5,13
273,5,3,21.56,13
274,5,3,21.62,13
275,5,3,21.7,13
276,5,3,22.42,13
277,5,3,23.46,13
278,5,3,23.34,13
279,5,3,24.46,13
280,5,3,23.86,13
281,5,3,23.58,13
282,5,3,21.4,13
283,5,3,22.56,13
284,5,3,22.88,13
285,5,3,22.3,13
286,5,3,22.82,13
287,5,3,22.58,13
288,5,3,22.68,13
289,5,3,22.72,13
290,5,3,22.12,13
291,5,3,22.72,13
292,5,3,22.58,13
293,5,3,23.04,13
294,5,3,22.7,13
295,5,3,23.4,13
296,5,3,22.48,13
297,5,3,22.48,13
298,5,3,22.84,13
299,5,3,22.74,13
300,5,3,22.12,13
301,5,3,22.66,13
302,5,3,23.1,13
303,5,3,22.66,13
304,5,3,22.52,13
305,5,3,22.72,13
306,5,3,23.68,13
307,5,3,23.04,13
308,5,3,23.5,13
309,5,3,24.06,13
310,5,3,23.92,13
311,5,3,23.68,13
312,5,3,24.12,13
313,5,3,24.66,13
314,5,3,24.12,13
315,5,3,23.2,13
316,5,3,22.58,13
317,5,3,21.78,13
318,5,3,22.24,13
319,5,3,22.28,13
320,5,3,22.06,13
321,5,3,20.66,13
322,5,3,21.34,13
323,5,3,20.82,13
324,5,3,21.94,13
325,5,3,22.68,13
326,5,3,22.56,11
327,5,3,22.7,11
328,5,3,22.58,11
329,5,3,22.1,11
330,5,3,21.6,11
331,5,3,19.92,11
332,5,3,19.98,11
333,5,3,19.1,11
334,5,3,19.22,11
335,5,3,19.72,11
336,5,3,20.18,11
337,5,3,21.68,11
338,5,3,21.32,11
339,5,3,22.46,11
340,5,3,21.12,11
341,5,3,21.76,11
342,5,3,21.08,11
343,5,3,21.1,11
344,5,3,20.8,11
345,5,3,20.6,11
346,5,3,21.48,11
347,5,3,21.36,11
348,5,3,21.22,11
349,5,3,21.82,11
350,5,3,22.12,11
351,5,3,21.56,11
352,5,3,21.7,11
353,5,3,22.24,11
354,5,3,22.1,11
355,5,3,22.1,11
356,5,3,20.98,11
357,5,3,18.58,10
358,5,3,17.34,10
359,5,3,17.22,10
360,5,3,17.92,10
361,5,3,19.08,10
362,5,3,18.8,10
363,5,3,20.04,10
364,5,3,20.44,10
365,5,3,20.18,10
366,5,3,19.42,10
367,5,3,19.08,10
368,5,3,19.74,10
369,5,3,19.28,10
370,5,3,19.8,10
371,5,3,19.56,10
372,5,3,19.14,10
373,5,3,19.44,10
374,5,3,20.4,10
375,5,3,20.88,10
376,5,3,21.38,10
377,5,3,20.24,10
378,5,3,21.02,10
379,5,3,20.82,10
380,5,3,20.42,10
381,5,3,20.86,10
382,5,3,21.18,10
383,5,3,21.72,10
384,5,3,21.54,10
385,5,3,21.82,10
386,5,3,21.28,10
387,5,3,20.7,10
388,5,3,20.56,10
389,5,3,20.64,10
390,5,3,20.62,10
391,5,3,19.66,10
392,5,3,19.78,10
393,5,3,20.1,10
394,5,3,20.38,10
395,5,3,20.9,10
396,5,3,22.52,10
397,5,3,21.32,10
398,5,3,21.92,10
399,5,3,22.92,10
400,5,3,21.96,10
401,5,3,20.76,10
402,5,3,19.66,10
403,5,3,20.26,10
404,5,3,20.5,10
405,5,3,21.46,10
406,5,3,20.62,10
407,5,3,20.7,10
408,5,3,21.68,10
409,5,3,20.1,10
410,5,3,21.58,10
411,5,3,21.22,10
412,5,3,19.88,10
413,5,3,19.86,10
414,5,3,19.84,10
415,5,3,19.92,10
416,5,3,19.9,10
417,5,3,20.54,10
418,5,3,20.26,10
419,5,3,20.64,10
420,5,3,20.66,10
421,5,3,20.64,10
422,5,3,19.08,10
423,5,3,19.52,10
424,5,3,19.84,10
425,5,3,20.04,10
426,5,3,20.86,10
427,5,3,21.52,10
428,5,3,22.68,10
429,5,3,22.18,10
430,5,3,21.12,10
431,5,3,20.72,10
432,5,3,21.62,10
433,5,3,20.66,10
434,5,3,20.4,10
435,5,3,19.56,10
436,5,3,19.42,10
437,5,3,19.26,10
438,5,3,19.86,10
439,5,3,19.14,10
440,5,3,18.84,9
441,5,3,18.42,9
442,5,3,18.8,9
443,5,3,18.98,9
444,5,3,18.92,9
445,5,3,18.72,9
446,5,3,19.64,9
447,5,3,19.68,9
448,5,3,19.3,9
449,5,3,18.94,9
450,5,3,18.42,9
451,5,3,18.4,9
452,5,3,18.36,9
453,5,3,19.16,9
454,5,3,20.58,9
455,5,3,19.46,9
456,5,3,19.86,9
457,5,3,20.02,9
458,5,3,19.3,9
459,5,3,20.04,9
460,5,3,20.58,9
461,5,3,20.8,9
462,5,3,21.1,9
463,5,3,22.66,9
464,5,3,21.7,9
465,5,3,21.86,9
466,5,3,21.18,9
467,5,3,21.2,9
468,5,3,20.04,9
469,5,3,19.94,9
470,5,3,19.54,9
471,5,3,19.94,9
472,5,3,19.42,9
473,5,3,19.32,9
474,5,3,18.42,7
475,5,3,17.2,7
476,5,3,16.78,7
477,5,3,18.52,7
478,5,3,19.06,7
479,5,3,19.12,7
480,5,3,19.3,7
481,5,3,19.78,7
482,5,3,19.86,7
483,5,3,20.32,7
484,5,3,20.26,7
485,5,3,20.72,7
486,5,3,20.44,7
487,5,3,20.28,7
488,5,3,20.16,7
489,5,3,19.64,7
490,5,3,18.88,7
491,5,3,19.8,7
492,5,3,19.02,7
493,5,3,18.58,7
494,5,3,16.62,7
495,5,3,18.1,7
496,5,3,17.94,7
497,5,3,17.06,7
498,5,3,17.5,7
499,5,3,17.28,7
500,5,3,16.72,7
501,5,3,17.56,7
502,5,3,18.02,7
503,5,3,17.28,7
504,5,3,17.42,7
505,5,3,17.84,7
506,5,3,17.58,7
507,5,3,18.46,7
508,5,3,18.4,7
509,5,3,18.12,7
510,5,3,19.3,7
511,5,3,18.52,7
512,5,3,18.24,7
513,5,3,17.24,7
514,5,3,17.38,7
515,5,3,16.96,7
516,5,3,16.62,7
517,5,3,17.94,7
518,5,3,18.62,7
519,5,3,20.14,7
520,5,3,20.02,7
521,5,3,20.2,7
522,5,3,19.1,7
523,5,3,19.16,7
524,5,3,19.3,7
525,5,3,19.34,7
526,5,3,19.88,7
527,5,3,20.04,7
528,5,3,19.44,7
529,5,3,18.4,7
530,5,3,19.44,7
531,5,3,19.54,7
532,5,3,19.16,7
533,5,3,17.7,7
534,5,3,18.1,7
535,5,3,18.62,7
536,5,3,19.4,7
537,5,3,19.2,7
538,5,3,17.9,7
539,5,3,18.2,7
540,5,3,19.1,7
541,5,3,20.0,7
542,5,3,19.86,7
543,5,3,18.5,7
544,5,3,17.42,7
545,5,3,18.22,7
546,5,3,18.26,7
547,5,3,17.8,7
548,5,3,17.38,7
549,5,3,17.04,7
550,5,3,16.56,7
551,5,3,16.6,7
552,5,3,17.36,7
553,5,3,17.62,7
554,5,3,18.22,7
555,5,3,18.32,7
556,5,3,19.3,7
557,5,3,19.18,7
558,5,3,19.56,7
559,5,3,20.38,7
560,5,3,19.08,7
561,5,3,18.04,7
562,5,3,18.32,7
563,5,3,17.5,7
564,5,3,17.1,7
565,5,3,17.78,7
566,5,3,18.5,7
567,5,3,19.38,7
568,5,3,17.82,7
569,5,3,16.6,7
570,5,3,17.28,7
571,5,3,16.94,7
572,5,3,16.62,7
573,5,3,16.66,7
574,5,3,17.2,7
575,5,3,17.9,7
576,5,3,18.02,7
577,5,3,18.58,7
578,5,3,18.3,7
579,5,3,18.46,7
580,5,3,18.24,7
581,5,3,18.94,7
582,5,3,16.84,7
583,5,3,16.84,7
584,5,3,15.3,7
585,5,3,15.58,7
586,5,3,16.7,7
587,5,3,18.24,7
588,5,3,17.9,7
589,5,3,18.42,7
590,5,3,18.04,7
591,5,3,18.14,7
592,5,3,18.28,7
593,5,3,18.28,7
594,5,3,17.9,7
595,5,3,17.86,7
596,5,3,17.4,7
597,5,3,16.64,7
598,5,3,18.74,7
599,5,3,17.72,7
600,5,3,16.82,7
601,5,3,17.88,7
602,5,3,17.66,7
603,5,3,18.2,7
604,5,3,17.02,7
605,5,3,17.44,7
606,5,3,18.32,7
607,5,3,18.28,7
608,5,3,18.06,7
609,5,3,17.72,7
610,5,3,17.94,7
611,5,3,17.78,7
612,5,3,17.0,7
613,5,3,16.6,7
614,5,3,16.56,7
615,5,3,17.16,7
616,5,3,17.48,7
617,5,3,19.0,7
618,5,3,18.1,7
619,5,3,18.3,7
620,5,3,20.26,7
621,5,3,20.98,7
622,5,3,21.28,7
623,5,3,20.36,7
624,5,3,21.4,7
625,5,3,20.6,7
626,5,3,19.94,7
627,5,3,19.6,7
628,5,3,19.08,7
629,5,3,19.3,7
630,5,3,18.72,7
631,5,3,18.8,7
632,5,3,17.82,7
633,5,3,18.48,7
634,5,3,18.32,7
635,5,3,18.06,7
636,5,3,17.26,7
637,5,3,16.62,7
638,5,3,16.48,7
639,5,3,17.7,7
640,5,3,18.36,7
641,5,3,18.46,7
642,5,3,17.14,7
643,5,3,17.62,7
644,5,3,18.36,7
645,5,3,17.14,7
646,5,3,17.5,7
647,5,3,17.04,7
648,5,3,17.6,7
649,5,3,18.24,7
650,5,3,18.84,7
651,5,3,19.16,7
652,5,3,18.76,7
653,5,3,19.3,7
654,5,3,19.1,7
655,5,3,18.82,7
656,5,3,18.86,7
657,5,3,18.66,7
658,5,3,18.88,7
659,5,3,19.66,7
660,5,3,19.64,7
661,5,3,20.08,7
662,5,3,19.6,7
663,5,3,18.58,7
664,5,3,17.18,7
665,5,3,16.86,7
666,5,3,17.1,7
667,5,3,18.1,7
668,5,3,17.88,7
669,5,3,18.02,7
670,5,3,18.2,7
671,5,3,17.7,7
672,5,3,17.66,7
673,5,3,17.08,7
674,5,3,17.72,7
675,5,3,17.84,7
676,5,3,16.94,7
677,5,3,17.94,7
678,5,3,18.24,7
679,5,3,16.94,7
680,5,3,17.2,7
681,5,3,17.82,7
682,5,3,18.42,7
683,5,3,18.78,7
684,5,3,18.16,7
685,5,3,18.24,7
686,5,3,19.26,7
687,5,3,18.68,7
688,5,3,18.66,7
689,5,3,19.38,7
690,5,3,18.08,7
691,5,3,17.4,7
692,5,3,17.44,7
693,5,3,17.26,7
694,5,3,17.16,7
695,5,3,18.24,7
696,5,3,18.98,7
697,5,3,19.66,7
698,5,3,19.26,7
699,5,3,18.96,7
700,5,3,18.92,7
701,5,3,18.66,7
702,5,3,18.18,7
703,5,3,18.12,7
704,5,3,18.84,7
705,5,3,18.7,7
706,5,3,18.0,7
707,5,3,18.06,7
708,5,3,17.56,7
709,5,3,16.82,7
710,5,3,17.88,7
711,5,3,18.16,7
712,5,3,17.78,7
713,5,3,18.62,7
714,5,3,18.56,7
715,5,3,18.88,7
716,5,3,20.0,7
717,5,3,20.3,7
718,5,3,20.36,7
719,5,3,20.56,7
720,5,3,22.14,7
721,5,3,21.82,7
722,5,3,21.44,7
723,5,3,20.68,7
724,5,3,20.7,7
725,5,3,19.58,7
726,5,3,19.44,7
727,5,3,18.96,7
728,5,3,18.66,7
729,5,3,17.44,7
730,5,3,18.12,7
731,5,3,18.36,7
732,5,3,18.56,7
733,5,3,18.38,7
734,5,3,17.82,7
735,5,3,17.44,7
736,5,3,17.86,7
737,5,3,17.16,7
738,5,3,16.34,7
739,5,3,16.28,7
740,5,3,16.06,7
741,5,3,15.78,7
742,5,3,15.54,7
743,5,3,15.36,7
744,5,3,14.66,7
745,5,3,15.02,7
746,5,3,15.42,7
747,5,3,16.16,7
748,5,3,17.18,7
749,5,3,16.94,7
750,5,3,17.7,7
751,5,3,18.5,7
752,5,3,18.62,7
753,5,3,17.46,7
754,5,3,18.14,7
755,5,3,18.32,7
756,5,3,16.52,7
757,5,3,15.32,7
758,5,3,16.22,7
759,5,3,16.78,7
760,5,3,16.26,7
761,5,3,16.96,7
762,5,3,17.92,7
763,5,3,18.16,7
764,5,3,18.96,7
765,5,3,19.9,7
766,5,3,19.92,7
767,5,3,18.54,7
768,5,3,19.44,7
769,5,3,19.28,7
770,5,3,20.06,7
771,5,3,20.56,7
772,5,3,19.72,7
773,5,3,18.16,7
774,5,3,20.46,7
775,5,3,20.3,7
776,5,3,19.62,7
777,5,3,18.14,7
778,5,3,17.48,7
779,5,3,18.44,7
780,5,3,18.12,7
781,5,3,19.2,7
782,5,3,19.8,7
783,5,3,18.88,7
784,5,3,18.96,7
785,5,3,19.92,7
786,5,3,20.0,7
787,5,3,18.82,7
788,5,3,17.94,7
789,5,3,18.14,7
790,5,3,18.1,7
791,5,3,17.56,7
792,5,3,17.2,7
793,5,3,18.1,7
794,5,3,18.1,7
795,5,3,18.36,7
796,5,3,18.06,7
797,5,3,17.72,7
798,5,3,17.78,7
799,5,3,18.08,7
800,5,3,17.78,7
801,5,3,18.22,7
802,5,3,17.66,7
803,5,3,17.36,7
804,5,3,17.24,7
805,5,3,18.36,7
806,5,3,18.66,7
807,5,3,18.84,7
808,5,3,18.52,7
809,5,3,17.9,7
810,5,3,19.0,7
811,5,3,17.66,7
812,5,3,17.5,7
813,5,3,17.22,7
814,5,3,17.52,7
815,5,3,16.88,7
816,5,3,17.72,7
817,5,3,16.8,7
818,5,3,17.14,7
819,5,3,17.08,7
820,5,3,17.92,7
821,5,3,18.04,7
822,5,3,17.82,7
823,5,3,17.7,7
824,5,3,17.66,7
825,5,3,18.12,7
826,5,3,18.16,7
827,5,3,17.92,7
828,5,3,17.52,7
829,5,3,17.88,7
830,5,3,18.22,7
831,5,3,17.42,7
832,5,3,18.64,7
833,5,3,18.74,7
834,5,3,18.34,7
835,5,3,18.54,7
836,5,3,19.34,7
837,5,3,19.3,7
838,5,3,19.26,7
839,5,3,17.78,7
840,5,3,17.68,7
841,5,3,16.72,7
842,5,3,18.14,7
843,5,3,17.58,7
844,5,3,18.04,7
845,5,3,19.54,7
846,5,3,19.34,7
847,5,3,19.1,7
848,5,3,20.06,7
849,5,3,18.9,7
850,5,3,19.14,7
851,5,3,19.28,7
852,5,3,18.06,7
853,5,3,18.14,7
854,5,3,18.0,7
855,5,3,18.58,7
856,5,3,19.44,7
857,5,3,20.08,7
858,5,3,20.34,7
859,5,3,19.78,7
860,5,3,19.42,7
861,5,3,19.4,7
862,5,3,18.64,7
863,5,3,17.74,7
864,5,3,18.02,7
865,5,3,17.16,7
866,5,3,17.3,7
867,5,3,17.42,7
868,5,3,17.84,7
869,5,3,17.88,7
870,5,3,18.76,7
871,5,3,19.22,7
872,5,3,19.38,7
873,5,3,20.5,7
874,5,3,19.78,7
875,5,3,18.94,7
876,5,3,19.58,7
877,5,3,19.28,7
878,5,3,18.42,7
879,5,3,18.86,7
880,5,3,19.26,7
881,5,3,16.96,7
882,5,3,17.12,7
883,5,3,17.68,7
884,5,3,16.76,7
885,5,3,16.14,7
886,5,3,17.1,7
887,5,3,17.5,7
888,5,3,16.48,7
889,5,3,17.82,7
890,5,3,16.84,7
891,5,3,16.84,7
892,5,3,17.36,7
893,5,3,17.78,7
894,5,3,17.54,7
895,5,3,18.9,7
896,5,3,19.4,7
897,5,3,19.56,7
898,5,3,19.0,7
899,5,3,18.46,7
900,5,3,17.4,7
901,5,3,16.68,7
902,5,3,17.0,7
903,5,3,16.68,7
904,5,3,17.24,7
905,5,3,17.42,7
906,5,3,18.62,7
907,5,3,18.1,7
908,5,3,18.86,7
909,5,3,18.6,7
910,5,3,17.24,7
911,5,3,18.48,7
912,5,3,18.22,7
913,5,3,18.58,7
914,5,3,18.02,7
915,5,3,17.26,7
916,5,3,17.42,7
917,5,3,17.58,7
918,5,3,17.08,7
919,5,3,17.0,7
920,5,3,18.08,7
921,5,3,18.56,7
922,5,3,18.62,7
923,5,3,17.44,7
924,5,3,17.66,7
925,5,3,17.92,7
926,5,3,17.68,7
927,5,3,16.62,7
928,5,3,16.54,7
929,5,3,16.94,7
930,5,3,17.18,7
931,5,3,17.98,7
932,5,3,17.22,7
933,5,3,17.08,7
934,5,3,16.96,7
935,5,3,16.8,7
936,5,3,17.08,7
937,5,3,17.38,7
938,5,3,17.76,7
939,5,3,18.36,7
940,5,3,18.56,7
941,5,3,18.84,7
942,5,3,17.92,7
943,5,3,17.08,7
944,5,3,16.44,7
945,5,3,17.22,7
946,5,3,18.14,7
947,5,3,17.62,7
948,5,3,17.92,7
949,5,3,17.64,7
950,5,3,18.12,7
951,5,3,19.08,7
952,5,3,17.98,7
953,5,3,17.8,7
954,5,3,17.74,7
955,5,3,17.58,7
956,5,3,17.46,7
957,5,3,18.0,7
958,5,3,17.94,7
959,5,3,18.96,7
960,5,3,18.34,7
961,5,3,18.32,7
962,5,3,18.5,7
963,5,3,19.46,7
964,5,3,18.72,7
965,5,3,17.88,7
966,5,3,18.02,7
967,5,3,17.26,7
968,5,3,17.86,7
969,5,3,17.78,7
970,5,3,17.18,7
971,5,3,16.26,7
972,5,3,16.32,7
973,5,3,17.6,7
974,5,3,17.9,7
975,5,3,19.12,7
976,5,3,19.18,7
977,5,3,18.86,7
978,5,3,18.7,7
979,5,3,18.26,7
980,5,3,18.24,7
981,5,3,18.12,7
982,5,3,18.14,7
983,5,3,17.7,7
984,5,3,18.32,7
985,5,3,18.52,7
986,5,3,19.14,7
987,5,3,19.46,7
988,5,3,19.44,7
989,5,3,20.36,7
990,5,3,20.64,7
991,5,3,20.92,7
992,5,3,20.18,7
993,5,3,19.72,7
994,5,3,20.26,7
995,5,3,18.46,7
996,5,3,17.88,7
997,5,3,17.6,7
998,5,3,17.7,7
999,5,3,18.26,7
1000,5,3,19.48,7
1001,5,3,20.44,7
1002,5,3,18.66,7
1003,5,3,19.34,7
1004,5,3,19.52,7
1005,5,3,19.78,7
1006,5,3,19.18,7
1007,5,3,19.8,7
1008,5,3,18.32,7
1009,5,3,18.04,7
1010,5,3,19.02,7
1011,5,3,18.62,7
1012,5,3,18.28,7
1013,5,3,17.76,7
1014,5,3,16.94,7
1015,5,3,17.42,7
1016,5,3,17.6,7
1017,5,3,17.1,7
1018,5,3,17.06,7
1019,5,3,16.88,7
1020,5,3,17.84,7
1021,5,3,16.84,7
1022,5,3,17.82,7
1023,5,3,18.26,7
1024,5,3,18.76,7
1025,5,3,19.46,7
1026,5,3,18.66,7
1027,5,3,18.66,7
1028,5,3,19.78,7
1029,5,3,18.24,7
1030,5,3,18.08,7
1031,5,3,18.18,7
1032,5,3,18.02,7
1033,5,3,18.02,7
1034,5,3,17.62,7
1035,5,3,18.78,7
1036,5,3,20.34,7
1037,5,3,19.82,7
1038,5,3,20.36,7
1039,5,3,19.06,7
1040,5,3,18.12,7
1041,5,3,17.68,7
1042,5,3,16.64,7
1043,5,3,16.3,7
1044,5,3,16.9,7
1045,5,3,17.32,7
1046,5,3,16.8,7
1047,5,3,15.86,7
1048,5,3,18.52,7
1049,5,3,19.16,7
1050,5,3,19.02,7
1051,5,3,18.46,7
1052,5,3,18.32,7
1053,5,3,19.18,7
1054,5,3,17.94,7
1055,5,3,18.18,7
1056,5,3,18.76,7
1057,5,3,20.16,7
1058,5,3,20.66,7
1059,5,3,20.26,7
1060,5,3,18.48,7
1061,5,3,18.56,7
1062,5,3,18.1,7
1063,5,3,18.14,7
1064,5,3,18.64,7
1065,5,3,20.34,7
1066,5,3,20.32,7
1067,5,3,19.7,7
1068,5,3,18.4,7
1069,5,3,18.72,7
1070,5,3,18.8,7
1071,5,3,19.02,7
1072,5,3,18.88,7
1073,5,3,19.26,7
1074,5,3,18.36,7
1075,5,3,17.22,7
1076,5,3,17.52,7
1077,5,3,18.4,7
1078,5,3,18.9,7
1079,5,3,18.98,7
1080,5,3,18.46,7
1081,5,3,18.72,7
1082,5,3,17.64,7
1083,5,3,18.94,7
1084,5,3,18.98,7
1085,5,3,20.84,7
1086,5,3,20.54,7
1087,5,3,21.12,7
1088,5,3,22.04,7
1089,5,3,21.28,7
1090,5,3,20.5,7
1091,5,3,18.74,7
1092,5,3,18.48,7
1093,5,3,17.88,7
1094,5,3,18.02,7
1095,5,3,18.56,7
1096,5,3,18.28,7
1097,5,3,17.98,7
1098,5,3,18.12,7
1099,5,3,18.4,7
1100,5,3,17.26,7
1101,5,3,17.44,7
1102,5,3,17.68,7
1103,5,3,18.3,7
1104,5,3,19.3,7
1105,5,3,17.52,7
1106,5,3,17.36,7
1107,5,3,17.94,7
1108,5,3,18.48,7
1109,5,3,18.64,7
1110,5,3,18.76,7
1111,5,3,18.06,7
1112,5,3,17.54,7
1113,5,3,16.6,7
1114,5,3,16.2,7
1115,5,3,16.48,7
1116,5,3,17.84,7
1117,5,3,17.04,7
1118,5,3,16.8,7
1119,5,3,16.34,7
1120,5,3,16.72,7
1121,5,3,17.5,7
1122,5,3,18.82,7
1123,5,3,17.68,7
1124,5,3,17.42,7
1125,5,3,16.8,7
1126,5,3,16.9,7
1127,5,3,17.44,7
1128,5,3,17.08,7
1129,5,3,17.42,7
1130,5,3,18.0,7
1131,5,3,19.4,7
1132,5,3,19.42,7
1133,5,3,19.32,7
1134,5,3,18.86,7
1135,5,3,17.96,7
1136,5,3,18.68,7
1137,5,3,17.54,7
1138,5,3,17.44,7
1139,5,3,17.3,7
1140,5,3,18.3,7
1141,5,3,17.96,7
1142,5,3,19.04,7
1143,5,3,19.52,7
1144,5,3,18.82,7
1145,5,3,19.5,7
1146,5,3,18.94,7
1147,5,3,19.58,7
1148,5,3,19.84,7
1149,5,3,19.44,7
1150,5,3,18.88,7
1151,5,3,18.92,7
1152,5,3,18.76,7
1153,5,3,18.68,7
1154,5,3,17.5,7
1155,5,3,17.36,7
1156,5,3,17.74,7
1157,5,3,18.22,7
1158,5,3,18.48,7
1159,5,3,16.5,7
1160,5,3,17.32,7
1161,5,3,17.36,7
1162,5,3,17.5,7
1163,5,3,17.66,7
1164,5,3,18.84,7
1165,5,3,19.54,7
1166,5,3,19.6,7
1167,5,3,19.04,7
1168,5,3,18.48,7
1169,5,3,18.22,7
1170,5,3,19.1,7
1171,5,3,19.3,7
1172,5,3,19.82,7
1173,5,3,19.14,7
1174,5,3,19.62,7
1175,5,3,20.24,7
1176,5,3,20.52,7
1177,5,3,18.64,7
1178,5,3,17.22,7
1179,5,3,15.9,7
1180,5,3,17.36,7
1181,5,3,18.2,7
1182,5,3,18.82,7
1183,5,3,19.92,7
1184,5,3,19.36,7
1185,5,3,17.96,7
1186,5,3,18.02,7
1187,5,3,17.62,7
1188,5,3,18.26,7
1189,5,3,18.58,7
1190,5,3,18.58,7
1191,5,3,19.4,7
1192,5,3,20.18,7
1193,5,3,20.22,7
1194,5,3,19.44,7
1195,5,3,19.2,7
1196,5,3,18.0,7
1197,5,3,17.76,7
1198,5,3,17.62,7
1199,5,3,18.38,7
1200,5,3,19.52,7
1201,5,3,20.06,7
1202,5,3,20.44,7
1203,5,3,20.82,7
1204,5,3,20.36,7
1205,5,3,20.02,7
1206,5,3,20.04,7
1207,5,3,20.78,7
1208,5,3,19.76,7
1209,5,3,20.74,7
1210,5,3,19.78,7
1211,5,3,20.34,7
1212,5,3,18.06,7
1213,5,3,16.68,7
1214,5,3,16.52,7
1215,5,3,18.0,7
1216,5,3,18.8,7
1217,5,3,18.48,7
1218,5,3,17.68,7
1219,5,3,18.46,7
1220,5,3,19.04,7
1221,5,3,18.62,7
1222,5,3,18.9,7
1223,5,3,19.54,7
1224,5,3,18.02,7
1225,5,3,17.98,7
1226,5,3,17.58,7
1227,5,3,16.82,7
1228,5,3,17.9,7
1229,5,3,16.32,7
1230,5,3,16.98,7
1231,5,3,18.46,7
1232,5,3,17.84,7
1233,5,3,18.22,7
1234,5,3,18.68,7
1235,5,3,18.7,7
1236,5,3,20.18,7
1237,5,3,19.68,7
1238,5,3,20.08,7
1239,5,3,19.9,7
1240,5,3,19.98,7
1241,5,3,20.36,7
1242,5,3,20.34,7
1243,5,3,20.48,7
1244,5,3,18.58,7
1245,5,3,18.42,7
1246,5,3,18.72,7
1247,5,3,17.8,6
1248,5,3,16.74,6
1249,5,3,15.98,6
1250,5,3,17.24,6
1251,5,3,16.44,6
1252,5,3,17.14,5
1253,5,3,15.86,5
1254,5,3,16.44,5
1255,5,3,17.24,5
1256,5,3,16.38,5
1257,5,3,16.04,5
1258,5,3,15.84,5
1259,5,3,15.98,5
1260,5,3,17.72,5
1261,5,3,17.78,5
1262,5,3,16.32,5
1263,5,3,15.44,5
1264,5,3,16.82,5
1265,5,3,17.04,5
1266,5,3,16.36,5
1267,5,3,16.5,5
1268,5,3,16.36,5
1269,5,3,16.0,5
1270,5,3,15.4,5
1271,5,3,16.4,5
1272,5,3,15.82,5
1273,5,3,18.22,5
1274,5,3,17.22,5
1275,5,3,17.36,5
1276,5,3,18.36,5
1277,5,3,17.02,5
1278,5,3,17.04,5
1279,5,3,16.68,5
1280,5,3,16.14,5
1281,5,3,16.62,5
1282,5,3,16.78,5
1283,5,3,17.28,5
1284,5,3,17.2,5
1285,5,3,19.22,5
1286,5,3,19.12,5
1287,5,3,19.38,5
1288,5,3,17.92,5
1289,5,3,16.44,5
1290,5,3,16.4,5
1291,5,3,16.72,5
1292,5,3,17.18,5
1293,5,3,16.44,5
1294,5,3,17.26,5
1295,5,3,18.1,5
1296,5,3,18.16,5
1297,5,3,18.32,5
1298,5,3,17.8,5
1299,5,3,17.62,5
1300,5,3,17.32,5
1301,5,3,17.24,5
1302,5,3,18.18,5
1303,5,3,17.08,5
1304,5,3,17.34,5
1305,5,3,16.9,5
1306,5,3,17.54,5
1307,5,3,17.2,5
1308,5,3,16.14,5
1309,5,3,16.36,5
1310,5,3,16.46,5
1311,5,3,17.18,5
1312,5,3,16.98,5
1313,5,3,15.24,5
1314,5,3,15.2,5
1315,5,3,16.28,5
1316,5,3,16.8,5
1317,5,3,16.42,5
1318,5,3,16.18,5
1319,5,3,16.86,5
1320,5,3,17.04,5
1321,5,3,16.64,5
1322,5,3,17.2,4
1323,5,3,18.06,4
1324,5,3,16.56,4
1325,5,3,16.7,4
1326,5,3,16.5,4
1327,5,3,15.56,4
1328,5,3,15.5,4
1329,5,3,16.4,4
1330,5,3,16.5,4
1331,5,3,17.22,4
1332,5,3,16.3,4
1333,5,3,16.32,4
1334,5,3,15.5,4
1335,5,3,14.24,4
1336,5,3,13.66,4
1337,5,3,13.92,4
1338,5,3,13.84,4
1339,5,3,14.74,4
1340,5,3,14.84,4
1341,5,3,15.86,4
1342,5,3,15.66,4
1343,5,3,16.34,4
1344,5,3,16.82,4
1345,5,3,15.78,4
1346,5,3,16.32,4
1347,5,3,16.14,4
1348,5,3,15.12,4
1349,5,3,15.62,4
1350,5,3,16.3,4
1351,5,3,14.84,4
1352,5,3,15.16,4
1353,5,3,16.08,4
1354,5,3,15.88,4
1355,5,3,16.4,4
1356,5,3,16.36,4
1357,5,3,16.62,4
1358,5,3,16.88,4
1359,5,3,15.98,4
1360,5,3,15.62,4
1361,5,3,15.92,4
1362,5,3,15.36,4
1363,5,3,14.38,4
1364,5,3,14.34,4
1365,5,3,14.9,4
1366,5,3,14.7,4
1367,5,3,14.56,4
1368,5,3,14.76,4
1369,5,3,14.68,4
1370,5,3,14.38,4
1371,5,3,15.84,4
1372,5,3,16.8,4
1373,5,3,16.98,4
1374,5,3,17.58,4
1375,5,3,17.3,4
1376,5,3,15.98,4
1377,5,3,15.54,4
1378,5,3,16.58,4
1379,5,3,15.96,4
1380,5,3,15.64,4
1381,5,3,16.4,4
1382,5,3,15.14,4
1383,5,3,15.28,4
1384,5,3,15.02,4
1385,5,3,15.26,4
1386,5,3,15.26,4
1387,5,3,14.78,4
1388,5,3,15.6,4
1389,5,3,16.64,4
1390,5,3,16.84,4
1391,5,3,16.36,4
1392,5,3,16.02,4
1393,5,3,16.62,4
1394,5,3,16.12,4
1395,5,3,15.44,4
1396,5,3,15.5,4
1397,5,3,16.04,4
1398,5,3,14.5,4
1399,5,3,15.66,4
1400,5,3,15.5,4
1401,5,3,16.72,4
1402,5,3,15.76,4
1403,5,3,15.28,4
1404,5,3,15.14,4
1405,5,3,16.3,4
1406,5,3,17.44,4
1407,5,3,17.76,4
1408,5,3,17.38,4
1409,5,3,16.9,4
1410,5,3,17.5,4
1411,5,3,17.24,4
1412,5,3,17.8,4
1413,5,3,16.92,4
1414,5,3,16.62,4
1415,5,3,15.98,4
1416,5,3,14.98,4
1417,5,3,15.04,4
1418,5,3,16.12,4
1419,5,3,16.66,4
1420,5,3,16.56,4
1421,5,3,17.86,4
1422,5,3,18.12,4
1423,5,3,18.28,4
1424,5,3,18.48,4
1425,5,3,17.46,4
1426,5,3,15.52,4
1427,5,3,15.86,4
1428,5,3,16.52,4
1429,5,3,16.08,4
1430,5,3,16.08,4
1431,5,3,16.42,4
1432,5,3,16.22,4
1433,5,3,16.46,4
1434,5,3,18.08,4
1435,5,3,18.98,4
1436,5,3,17.7,4
1437,5,3,16.76,4
1438,5,3,17.12,4
1439,5,3,16.5,4
1440,5,3,16.56,4
1441,5,3,17.5,4
1442,5,3,16.66,4
1443,5,3,17.3,4
1444,5,3,15.44,4
1445,5,3,13.96,4
1446,5,3,15.78,4
1447,5,3,15.52,4
1448,5,3,14.72,4
1449,5,3,14.58,4
1450,5,3,14.28,4
1451,5,3,14.8,4
1452,5,3,15.02,4
1453,5,3,14.12,4
1454,5,3,15.8,4
1455,5,3,15.1,4
1456,5,3,15.24,4
1457,5,3,16.5,4
1458,5,3,17.62,4
1459,5,3,17.86,4
1460,5,3,16.72,4
1461,5,3,17.5,4
1462,5,3,16.86,4
1463,5,3,17.4,4
1464,5,3,17.04,4
1465,5,3,17.06,4
1466,5,3,16.66,4
1467,5,3,15.58,4
1468,5,3,16.96,4
1469,5,3,15.94,4
1470,5,3,15.66,4
1471,5,3,16.66,4
1472,5,3,18.72,4
1473,5,3,17.86,4
1474,5,3,17.68,4
1475,5,3,18.26,4
1476,5,3,17.3,4
1477,5,3,16.24,4
1478,5,3,16.52,4
1479,5,3,16.06,4
1480,5,3,15.38,4
1481,5,3,15.06,4
1482,5,3,14.84,4
1483,5,3,14.68,4
1484,5,3,15.34,4
1485,5,3,16.54,4
1486,5,3,16.6,4
1487,5,3,17.02,4
1488,5,3,17.3,4
1489,5,3,17.4,4
1490,5,3,18.66,4
1491,5,3,16.88,4
1492,5,3,15.16,4
1493,5,3,15.26,4
1494,5,3,14.68,4
1495,5,3,15.34,4
1496,5,3,15.22,4
1497,5,3,17.46,4
1498,5,3,18.16,4
1499,5,3,17.54,4
1500,5,3,16.52,4
1501,5,3,16.74,4
1502,5,3,16.92,4
1503,5,3,16.94,4
1504,5,3,17.62,4
1505,5,3,17.34,4
1506,5,3,18.8,4
1507,5,3,16.42,4
1508,5,3,16.24,4
1509,5,3,15.14,4
1510,5,3,15.98,4
1511,5,3,14.24,4
1512,5,3,14.08,4
1513,5,3,14.18,4
1514,5,3,15.0,4
1515,5,3,15.1,4
1516,5,3,16.14,4
1517,5,3,17.06,4
1518,5,3,16.2,4
1519,5,3,15.46,4
1520,5,3,16.06,4
1521,5,3,16.4,4
1522,5,3,14.96,4
1523,5,3,13.16,4
1524,5,3,14.56,4
1525,5,3,14.72,4
1526,5,3,15.74,4
1527,5,3,15.94,4
1528,5,3,17.08,4
1529,5,3,16.18,4
1530,5,3,15.98,4
1531,5,3,15.6,4
1532,5,3,14.76,4
1533,5,3,14.78,4
1534,5,3,15.34,4
1535,5,3,15.72,4
1536,5,3,15.98,4
1537,5,3,15.62,4
1538,5,3,15.58,4
1539,5,3,16.4,4
1540,5,3,16.9,4
1541,5,3,17.44,4
1542,5,3,17.4,4
1543,5,3,16.12,4
1544,5,3,16.84,4
1545,5,3,16.72,4
1546,5,3,17.34,4
1547,5,3,16.64,4
1548,5,3,16.54,4
1549,5,3,15.72,4
1550,5,3,16.62,4
1551,5,3,16.92,4
1552,5,3,16.16,4
1553,5,3,16.08,4
1554,5,3,16.26,4
1555,5,3,15.88,4
1556,5,3,16.18,4
1557,5,3,17.92,4
1558,5,3,17.86,4
1559,5,3,16.52,4
1560,5,3,14.86,4
1561,5,3,14.6,4
1562,5,3,15.04,4
1563,5,3,14.9,4
1564,5,3,15.5,4
1565,5,3,15.46,4
1566,5,3,16.6,4
1567,5,3,16.16,4
1568,5,3,15.36,4
1569,5,3,15.6,4
1570,5,3,15.94,4
1571,5,3,15.84,4
1572,5,3,15.54,4
1573,5,3,15.94,4
1574,5,3,16.34,4
1575,5,3,16.08,4
1576,5,3,15.62,4
1577,5,3,15.14,4
1578,5,3,16.5,4
1579,5,3,16.08,4
1580,5,3,16.1,4
1581,5,3,15.54,4
1582,5,3,15.62,4
1583,5,3,15.94,4
1584,5,3,16.58,4
1585,5,3,15.4,4
1586,5,3,15.7,4
1587,5,3,17.06,4
1588,5,3,17.26,4
1589,5,3,17.36,4
1590,5,3,17.7,4
1591,5,3,18.02,4
1592,5,3,17.02,4
1593,5,3,17.28,4
1594,5,3,17.52,4
1595,5,3,16.86,4
1596,5,3,17.92,4
1597,5,3,17.24,4
1598,5,3,16.2,4
1599,5,3,16.4,4
1600,5,3,16.1,4
1601,5,3,15.22,4
1602,5,3,13.96,4
1603,5,3,16.08,4
1604,5,3,15.28,4
1605,5,3,16.36,4
1606,5,3,16.5,4
1607,5,3,17.18,4
1608,5,3,16.78,4
1609,5,3,16.14,4
1610,5,3,15.62,4
1611,5,3,16.14,4
1612,5,3,17.04,4
1613,5,3,17.32,4
1614,5,3,16.92,4
1615,5,3,16.26,4
1616,5,3,16.96,4
1617,5,3,16.66,4
1618,5,3,15.58,4
1619,5,3,16.04,4
1620,5,3,15.68,4
1621,5,3,16.38,4
1622,5,3,15.28,4
1623,5,3,15.76,4
1624,5,3,15.68,4
1625,5,3,16.2,4
1626,5,3,16.26,4
1627,5,3,16.48,4
1628,5,3,15.58,4
1629,5,3,14.84,4
1630,5,3,14.6,4
1631,5,3,14.9,4
1632,5,3,14.94,4
1633,5,3,15.48,4
1634,5,3,17.22,4
1635,5,3,18.08,4
1636,5,3,18.32,4
1637,5,3,18.42,4
1638,5,3,18.56,4
1639,5,3,17.28,4
1640,5,3,16.56,4
1641,5,3,16.36,4
1642,5,3,16.7,4
1643,5,3,15.76,4
1644,5,3,15.14,4
1645,5,3,15.52,4
1646,5,3,15.74,4
1647,5,3,16.2,4
1648,5,3,16.74,4
1649,5,3,15.94,4
1650,5,3,16.18,4
1651,5,3,15.78,4
1652,5,3,15.18,4
1653,5,3,15.96,4
1654,5,3,16.66,4
1655,5,3,16.44,4
1656,5,3,16.94,4
1657,5,3,17.94,4
1658,5,3,16.86,4
1659,5,3,15.0,4
1660,5,3,15.42,4
1661,5,3,15.86,4
1662,5,3,15.26,4
1663,5,3,15.14,4
1664,5,3,15.2,4
1665,5,3,15.22,4
1666,5,3,14.64,4
1667,5,3,14.74,4
1668,5,3,15.78,4
1669,5,3,15.76,4
1670,5,3,16.1,4
1671,5,3,16.78,4
1672,5,3,16.2,4
1673,5,3,15.48,4
1674,5,3,14.76,4
1675,5,3,15.22,4
1676,5,3,14.22,4
1677,5,3,13.48,4
1678,5,3,14.52,4
1679,5,3,15.5,4
1680,5,3,16.04,4
1681,5,3,16.36,4
1682,5,3,15.18,4
1683,5,3,15.62,4
1684,5,3,16.02,4
1685,5,3,17.34,4
1686,5,3,17.66,4
1687,5,3,17.76,4
1688,5,3,17.46,4
1689,5,3,16.28,4
1690,5,3,15.66,4
1691,5,3,16.2,4
1692,5,3,15.96,4
1693,5,3,17.9,4
1694,5,3,16.12,4
1695,5,3,15.6,4
1696,5,3,15.52,4
1697,5,3,15.78,4
1698,5,3,14.84,4
1699,5,3,15.36,4
1700,5,3,15.16,4
1701,5,3,15.46,4
1702,5,3,15.4,4
1703,5,3,13.9,4
1704,5,3,15.36,4
1705,5,3,14.82,4
1706,5,3,16.36,4
1707,5,3,16.9,4
1708,5,3,16.76,4
1709,5,3,16.5,4
1710,5,3,15.22,4
1711,5,3,14.84,4
1712,5,3,15.48,4
1713,5,3,16.08,4
1714,5,3,15.62,4
1715,5,3,15.56,4
1716,5,3,15.66,4
1717,5,3,14.86,4
1718,5,3,16.64,4
1719,5,3,16.32,4
1720,5,3,16.24,4
1721,5,3,16.52,4
1722,5,3,16.28,4
1723,5,3,17.26,4
1724,5,3,16.1,4
1725,5,3,15.14,4
1726,5,3,15.58,4
1727,5,3,14.52,4
1728,5,3,14.24,4
1729,5,3,14.4,4
1730,5,3,14.98,4
1731,5,3,14.96,4
1732,5,3,15.04,4
1733,5,3,14.16,4
1734,5,3,15.26,4
1735,5,3,14.7,4
1736,5,3,15.74,4
1737,5,3,16.12,4
1738,5,3,16.26,4
1739,5,3,16.54,4
1740,5,3,16.58,4
1741,5,3,16.48,4
1742,5,3,17.3,4
1743,5,3,18.14,4
1744,5,3,17.44,4
1745,5,3,16.26,4
1746,5,3,16.22,4
1747,5,3,16.6,4
1748,5,3,18.24,4
1749,5,3,18.9,4
1750,5,3,18.84,4
1751,5,3,19.24,4
1752,5,3,19.18,4
1753,5,3,17.66,4
1754,5,3,15.42,4
1755,5,3,14.64,4
1756,5,3,14.66,4
1757,5,3,15.5,4
1758,5,3,17.32,4
1759,5,3,17.02,4
1760,5,3,17.8,4
1761,5,3,18.72,4
1762,5,3,17.06,4
1763,5,3,18.74,4
1764,5,3,17.12,4
1765,5,3,16.0,4
1766,5,3,14.9,4
1767,5,3,14.78,4
1768,5,3,13.9,4
1769,5,3,14.84,4
1770,5,3,15.84,4
1771,5,3,15.38,4
1772,5,3,14.9,4
1773,5,3,15.54,4
1774,5,3,16.08,4
1775,5,3,16.6,4
1776,5,3,16.98,4
1777,5,3,16.66,4
1778,5,3,17.74,4
1779,5,3,18.3,4
1780,5,3,17.62,4
1781,5,3,18.76,4
1782,5,3,17.78,4
1783,5,3,16.88,4
1784,5,3,16.82,4
1785,5,3,16.22,4
1786,5,3,16.36,4
1787,5,3,16.9,4
1788,5,3,15.52,4
1789,5,3,15.68,4
1790,5,3,15.74,4
1791,5,3,16.08,4
1792,5,3,14.9,4
1793,5,3,13.52,4
1794,5,3,14.0,4
1795,5,3,14.74,4
1796,5,3,14.0,4
1797,5,3,14.44,4
1798,5,3,15.6,4
1799,5,3,16.22,4
1800,5,3,17.22,4
1801,5,3,16.16,4
1802,5,3,16.48,4
1803,5,3,18.14,4
1804,5,3,18.06,4
1805,5,3,17.24,4
1806,5,3,17.34,4
1807,5,3,16.5,4
1808,5,3,16.42,4
1809,5,3,16.52,4
1810,5,3,15.8,4
1811,5,3,17.28,4
1812,5,3,18.14,4
1813,5,3,17.28,4
1814,5,3,17.64,4
1815,5,3,17.04,4
1816,5,3,17.04,4
1817,5,3,15.46,4
1818,5,3,14.98,4
1819,5,3,14.72,4
1820,5,3,14.26,4
1821,5,3,15.08,4
1822,5,3,15.04,4
1823,5,3,14.16,4
1824,5,3,15.62,4
1825,5,3,17.24,4
1826,5,3,18.54,4
1827,5,3,19.58,4
1828,5,3,17.8,4
1829,5,3,17.74,4
1830,5,3,16.64,4
1831,5,3,17.94,4
1832,5,3,17.62,4
1833,5,3,16.88,4
1834,5,3,16.68,4
1835,5,3,16.1,4
1836,5,3,15.6,4
1837,5,3,16.1,4
1838,5,3,15.78,4
1839,5,3,15.54,4
1840,5,3,14.82,4
1841,5,3,15.58,4
1842,5,3,16.2,4
1843,5,3,16.92,4
1844,5,3,16.98,4
1845,5,3,16.66,4
1846,5,3,16.52,4
1847,5,3,16.54,4
1848,5,3,16.52,4
1849,5,3,16.34,4
1850,5,3,16.52,4
1851,5,3,16.88,4
1852,5,3,16.38,4
1853,5,3,17.26,4
1854,5,3,18.4,4
1855,5,3,16.82,4
1856,5,3,16.66,4
1857,5,3,16.66,4
1858,5,3,16.88,4
1859,5,3,16.32,4
1860,5,3,14.36,4
1861,5,3,15.08,4
1862,5,3,16.12,4
1863,5,3,16.26,4
1864,5,3,16.86,4
1865,5,3,16.06,4
1866,5,3,16.16,4
1867,5,3,15.78,4
1868,5,3,15.84,4
1869,5,3,16.58,4
1870,5,3,14.78,4
1871,5,3,14.4,4
1872,5,3,14.98,4
1873,5,3,15.58,4
1874,5,3,16.2,4
1875,5,3,17.2,4
1876,5,3,16.8,4
1877,5,3,14.6,4
1878,5,3,15.66,4
1879,5,3,15.36,4
1880,5,3,15.2,4
1881,5,3,14.94,4
1882,5,3,15.34,4
1883,5,3,16.06,4
1884,5,3,16.14,4
1885,5,3,16.16,4
1886,5,3,16.32,4
1887,5,3,16.38,4
1888,5,3,15.64,4
1889,5,3,16.74,4
1890,5,3,15.96,4
1891,5,3,15.96,4
1892,5,3,15.22,4
1893,5,3,15.7,4
1894,5,3,16.26,4
1895,5,3,16.44,4
1896,5,3,17.28,4
1897,5,3,17.62,4
1898,5,3,17.58,4
1899,5,3,17.32,4
1900,5,3,17.02,4
1901,5,3,16.88,4
1902,5,3,15.96,4
1903,5,3,15.62,4
1904,5,3,15.48,4
1905,5,3,15.88,4
1906,5,3,15.98,4
1907,5,3,16.64,4
1908,5,3,16.5,4
1909,5,3,15.86,4
1910,5,3,14.54,4
1911,5,3,14.12,4
1912,5,3,14.3,4
1913,5,3,15.64,4
1914,5,3,15.24,4
1915,5,3,15.16,4
1916,5,3,15.46,4
1917,5,3,15.08,4
1918,5,3,15.66,4
1919,5,3,14.52,4
1920,5,3,14.68,4
1921,5,3,15.54,4
1922,5,3,14.72,4
1923,5,3,15.18,4
1924,5,3,16.28,4
1925,5,3,15.76,4
1926,5,3,16.04,4
1927,5,3,15.74,4
1928,5,3,16.52,4
1929,5,3,18.0,4
1930,5,3,17.96,4
1931,5,3,16.62,4
1932,5,3,15.48,4
1933,5,3,14.7,4
1934,5,3,14.58,4
1935,5,3,13.94,4
1936,5,3,13.9,4
1937,5,3,15.12,4
1938,5,3,14.52,4
1939,5,3,15.64,4
1940,5,3,16.4,4
1941,5,3,17.22,4
1942,5,3,17.1,4
1943,5,3,17.38,4
1944,5,3,18.06,4
1945,5,3,16.92,4
1946,5,3,17.4,4
1947,5,3,17.2,4
1948,5,3,16.6,4
1949,5,3,15.6,4
1950,5,3,14.86,4
1951,5,3,15.58,4
1952,5,3,15.54,4
1953,5,3,16.42,4
1954,5,3,16.28,4
1955,5,3,16.38,4
1956,5,3,15.54,4
1957,5,3,15.16,4
1958,5,3,15.7,4
1959,5,3,14.68,4
1960,5,3,15.04,4
1961,5,3,14.62,4
1962,5,3,15.1,4
1963,5,3,15.66,4
1964,5,3,15.76,4
1965,5,3,14.94,4
1966,5,3,15.18,4
1967,5,3,15.86,4
1968,5,3,15.6,4
1969,5,3,15.76,4
1970,5,3,17.56,4
1971,5,3,17.8,4
1972,5,3,16.8,4
1973,5,3,17.7,4
1974,5,3,16.94,4
1975,5,3,17.42,4
1976,5,3,16.8,4
1977,5,3,16.86,4
1978,5,3,16.78,4
1979,5,3,16.16,4
1980,5,3,16.84,4
1981,5,3,14.9,4
1982,5,3,14.0,4
1983,5,3,14.5,4
1984,5,3,14.5,4
1985,5,3,15.5,4
1986,5,3,16.42,4
1987,5,3,16.78,4
1988,5,3,16.32,4
1989,5,3,15.44,4
1990,5,3,15.78,4
1991,5,3,15.82,4
1992,5,3,15.84,4
1993,5,3,16.4,4
1994,5,3,15.98,4
1995,5,3,15.54,4
1996,5,3,15.22,4
1997,5,3,14.38,4
1998,5,3,14.86,4
1999,5,3,14.28,4
2000,5,3,14.0,4
0,1,5,57.84,28
1,1,5,49.0,28
2,1,5,42.12,28
3,1,5,36.06,28
4,1,5,33.46,27
5,1,5,32.38,27
6,1,5,31.68,25
7,1,5,29.84,23
8,1,5,29.46,21
9,1,5,29.4,21
10,1,5,28.38,21
11,1,5,27.86,21
12,1,5,27.26,21
13,1,5,27.2,21
14,1,5,26.76,18
15,1,5,25.84,18
16,1,5,24.7,18
17,1,5,23.92,18
18,1,5,24.36,18
19,1,5,22.84,18
20,1,5,23.78,18
21,1,5,23.68,18
22,1,5,24.1,17
23,1,5,23.52,17
24,1,5,23.4,17
25,1,5,22.56,17
26,1,5,23.46,17
27,1,5,23.02,17
28,1,5,22.6,17
29,1,5,22.84,17
30,1,5,23.2,17
31,1,5,22.6,16
32,1,5,22.52,16
33,1,5,22.16,16
34,1,5,22.16,16
35,1,5,22.04,16
36,1,5,22.38,16
37,1,5,21.52,16
38,1,5,21.24,16
39,1,5,21.82,16
40,1,5,21.48,16
41,1,5,21.96,16
42,1,5,22.54,16
43,1,5,21.98,16
44,1,5,21.18,16
45,1,5,21.7,16
46,1,5,21.9,16
47,1,5,22.6,16
48,1,5,21.88,16
49,1,5,20.92,16
50,1,5,21.6,16
51,1,5,22.32,16
52,1,5,22.08,16
53,1,5,21.9,16
54,1,5,21.02,16
55,1,5,21.14,16
56,1,5,20.94,16
57,1,5,20.9,14
58,1,5,20.28,14
59,1,5,20.84,14
60,1,5,20.94,14
61,1,5,20.44,13
62,1,5,19.78,13
63,1,5,19.76,13
64,1,5,20.28,13
65,1,5,19.84,13
66,1,5,19.72,13
67,1,5,19.62,13
68,1,5,18.04,13
69,1,5,18.62,13
70,1,5,18.54,13
71,1,5,18.92,13
72,1,5,18.3,13
73,1,5,19.2,13
74,1,5,19.76,13
75,1,5,18.94,13
76,1,5,18.84,13
77,1,5,19.4,13
78,1,5,19.74,13
79,1,5,19.0,12
80,1,5,19.0,12
81,1,5,18.66,12
82,1,5,18.74,12
83,1,5,18.92,12
84,1,5,20.68,12
85,1,5,20.08,12
86,1,5,20.34,12
87,1,5,19.18,12
88,1,5,18.6,12
89,1,5,18.64,12
90,1,5,19.12,12
91,1,5,18.04,12
92,1,5,18.56,12
93,1,5,18.82,12
94,1,5,19.82,12
95,1,5,19.34,12
96,1,5,18.6,12
97,1,5,18.72,12
98,1,5,18.42,12
99,1,5,18.88,12
100,1,5,18.42,12
101,1,5,19.04,12
102,1,5,19.26,12
103,1,5,19.26,12
104,1,5,19.02,12
105,1,5,18.02,12
106,1,5,17.6,12
107,1,5,19.12,12
108,1,5,19.08,11
109,1,5,18.28,11
110,1,5,17.96,11
111,1,5,17.74,11
112,1,5,16.92,11
113,1,5,17.82,11
114,1,5,18.3,11
115,1,5,17.66,11
116,1,5,17.52,11
117,1,5,17.16,11
118,1,5,17.14,11
119,1,5,16.68,11
120,1,5,17.86,11
121,1,5,17.08,11
122,1,5,16.22,10
123,1,5,16.8,10
124,1,5,17.0,10
125,1,5,17.3,10
126,1,5,17.1,10
127,1,5,17.22,10
128,1,5,16.7,10
129,1,5,17.18,9
130,1,5,16.86,9
131,1,5,16.64,9
132,1,5,17.1,9
133,1,5,16.72,9
134,1,5,16.92,9
135,1,5,16.68,9
136,1,5,16.52,9
137,1,5,14.9,9
138,1,5,15.62,9
139,1,5,15.76,9
140,1,5,15.78,7
141,1,5,15.12,7
142,1,5,15.52,7
143,1,5,15.48,7
144,1,5,14.8,7
145,1,5,14.28,7
146,1,5,14.52,7
147,1,5,14.72,7
148,1,5,14.92,7
149,1,5,15.24,7
150,1,5,14.64,7
151,1,5,14.14,7
152,1,5,13.66,7
153,1,5,14.48,7
154,1,5,14.82,7
155,1,5,13.82,7
156,1,5,13.92,7
157,1,5,14.72,7
158,1,5,14.42,7
159,1,5,13.7,7
160,1,5,14.02,7
161,1,5,14.42,7
162,1,5,14.78,7
163,1,5,15.64,7
164,1,5,15.64,7
165,1,5,15.12,7
166,1,5,16.3,7
167,1,5,15.14,7
168,1,5,15.38,7
169,1,5,15.68,7
170,1,5,14.68,7
171,1,5,14.14,7
172,1,5,13.66,7
173,1,5,14.22,7
174,1,5,14.9,7
175,1,5,14.32,7
176,1,5,14.88,7
177,1,5,13.92,7
178,1,5,15.0,7
179,1,5,14.74,7
180,1,5,13.92,7
181,1,5,14.96,7
182,1,5,14.52,7
183,1,5,14.54,7
184,1,5,16.46,7
185,1,5,15.04,7
186,1,5,14.82,7
187,1,5,14.72,7
188,1,5,14.36,7
189,1,5,13.98,7
190,1,5,14.4,7
191,1,5,15.08,7
192,1,5,15.38,7
193,1,5,15.94,7
194,1,5,15.36,7
195,1,5,15.14,7
196,1,5,14.9,7
197,1,5,13.86,7
198,1,5,13.94,7
199,1,5,13.82,7
200,1,5,14.62,7
201,1,5,14.7,7
202,1,5,13.92,7
203,1,5,14.82,5
204,1,5,14.48,5
205,1,5,15.74,5
206,1,5,15.64,5
207,1,5,15.02,5
208,1,5,13.6,5
209,1,5,14.28,5
210,1,5,14.18,5
211,1,5,13.38,5
212,1,5,14.7,5
213,1,5,13.8,5
214,1,5,14.12,5
215,1,5,14.56,5
216,1,5,14.72,5
217,1,5,15.12,5
218,1,5,13.88,5
219,1,5,13.34,5
220,1,5,13.06,5
221,1,5,12.32,5
222,1,5,12.98,5
223,1,5,14.42,5
224,1,5,14.64,5
225,1,5,14.14,5
226,1,5,14.08,5
227,1,5,14.06,5
228,1,5,14.04,5
229,1,5,13.54,5
230,1,5,15.46,5
231,1,5,14.6,5
232,1,5,13.84,5
233,1,5,13.14,5
234,1,5,12.72,5
235,1,5,12.68,5
236,1,5,12.76,5
237,1,5,12.94,5
238,1,5,12.7,5
239,1,5,12.08,5
240,1,5,12.2,5
241,1,5,11.44,5
242,1,5,12.36,5
243,1,5,12.76,5
244,1,5,13.44,5
245,1,5,14.78,5
246,1,5,15.14,5
247,1,5,13.9,5
248,1,5,14.58,5
249,1,5,14.24,5
250,1,5,14.04,5
251,1,5,14.94,5
252,1,5,14.76,5
253,1,5,14.62,5
254,1,5,14.18,5
255,1,5,14.44,5
256,1,5,13.28,5
257,1,5,13.66,5
258,1,5,13.88,5
259,1,5,14.02,5
260,1,5,14.98,5
261,1,5,12.96,5
262,1,5,12.58,5
263,1,5,12.14,5
264,1,5,13.16,5
265,1,5,13.0,5
266,1,5,13.06,5
267,1,5,13.98,5
268,1,5,13.22,5
269,1,5,13.34,5
270,1,5,12.7,5
271,1,5,14.12,5
272,1,5,13.14,5
273,1,5,12.94,5
274,1,5,13.14,5
275,1,5,12.38,5
276,1,5,12.3,5
277,1,5,11.72,5
278,1,5,12.26,5
279,1,5,11.9,5
280,1,5,13.22,5
281,1,5,13.02,5
282,1,5,14.78,5
283,1,5,14.82,5
284,1,5,12.86,5
285,1,5,14.2,5
286,1,5,13.7,5
287,1,5,13.44,5
288,1,5,14.1,5
289,1,5,14.34,5
290,1,5,13.02,5
291,1,5,13.02,5
292,1,5,12.94,5
293,1,5,12.34,5
294,1,5,13.54,5
295,1,5,13.52,5
296,1,5,13.3,5
297,1,5,14.08,5
298,1,5,15.02,5
299,1,5,13.64,5
300,1,5,12.76,5
301,1,5,12.3,5
302,1,5,11.98,5
303,1,5,11.94,5
304,1,5,11.8,5
305,1,5,12.16,5
306,1,5,12.46,5
307,1,5,13.32,5
308,1,5,13.9,5
309,1,5,13.42,5
310,1,5,14.56,4
311,1,5,14.68,4
312,1,5,13.24,4
313,1,5,12.02,4
314,1,5,12.16,4
315,1,5,10.96,4
316,1,5,11.54,4
317,1,5,12.46,4
318,1,5,11.64,4
319,1,5,12.34,4
320,1,5,13.22,4
321,1,5,13.42,4
322,1,5,14.02,4
323,1,5,14.12,4
324,1,5,13.54,4
325,1,5,14.54,4
326,1,5,15.24,4
327,1,5,13.76,4
328,1,5,14.38,4
329,1,5,14.38,4
330,1,5,12.66,4
331,1,5,13.88,4
332,1,5,12.32,4
333,1,5,11.98,4
334,1,5,13.1,4
335,1,5,13.08,4
336,1,5,13.0,4
337,1,5,12.74,4
338,1,5,12.48,4
339,1,5,14.02,4
340,1,5,15.28,4
341,1,5,14.8,4
342,1,5,13.64,4
343,1,5,13.96,4
344,1,5,14.34,4
345,1,5,13.74,4
346,1,5,12.4,4
347,1,5,12.78,4
348,1,5,13.4,4
349,1,5,13.48,4
350,1,5,13.34,4
351,1,5,11.98,4
352,1,5,12.88,4
353,1,5,12.7,4
354,1,5,12.52,4
355,1,5,13.28,4
356,1,5,12.52,4
357,1,5,13.02,4
358,1,5,13.64,4
359,1,5,13.92,4
360,1,5,12.46,4
361,1,5,12.32,4
362,1,5,12.6,4
363,1,5,12.54,4
364,1,5,14.04,4
365,1,5,13.34,4
366,1,5,12.64,4
367,1,5,12.8,4
368,1,5,11.24,4
369,1,5,12.2,4
370,1,5,12.36,4
371,1,5,13.28,4
372,1,5,12.26,4
373,1,5,12.28,4
374,1,5,13.48,4
375,1,5,12.78,4
376,1,5,13.38,4
377,1,5,12.38,4
378,1,5,11.18,4
379,1,5,10.94,4
380,1,5,11.12,4
381,1,5,12.22,4
382,1,5,12.32,4
383,1,5,12.12,4
384,1,5,12.24,4
385,1,5,12.7,4
386,1,5,12.9,4
387,1,5,12.66,4
388,1,5,12.5,4
389,1,5,13.14,4
390,1,5,13.1,4
391,1,5,12.96,4
392,1,5,11.72,4
393,1,5,11.04,4
394,1,5,12.18,4
395,1,5,11.58,4
396,1,5,12.06,4
397,1,5,11.64,4
398,1,5,12.34,4
399,1,5,12.28,4
400,1,5,12.84,4
401,1,5,13.6,4
402,1,5,13.66,4
403,1,5,12.66,4
404,1,5,12.46,4
405,1,5,12.66,4
406,1,5,13.24,4
407,1,5,13.34,4
408,1,5,13.76,4
409,1,5,13.5,4
410,1,5,12.04,4
411,1,5,12.46,4
412,1,5,12.96,4
413,1,5,11.9,4
414,1,5,11.6,4
415,1,5,11.94,4
416,1,5,12.56,4
417,1,5,11.96,4
418,1,5,12.1,4
419,1,5,11.84,4
420,1,5,12.32,3
421,1,5,12.06,3
422,1,5,11.16,3
423,1,5,11.58,3
424,1,5,10.6,3
425,1,5,10.56,3
426,1,5,10.56,3
427,1,5,10.98,3
428,1,5,10.72,3
429,1,5,11.38,3
430,1,5,10.68,3
431,1,5,11.9,3
432,1,5,11.58,3
433,1,5,11.82,3
434,1,5,11.28,3
435,1,5,12.74,3
436,1,5,11.28,3
437,1,5,12.04,3
438,1,5,11.68,3
439,1,5,12.26,3
440,1,5,13.26,3
441,1,5,13.52,3
442,1,5,14.7,3
443,1,5,14.36,3
444,1,5,12.68,3
445,1,5,12.1,3
446,1,5,12.36,3
447,1,5,15.1,3
448,1,5,14.58,3
449,1,5,14.28,3
450,1,5,12.64,3
451,1,5,12.0,3
452,1,5,11.38,3
453,1,5,12.76,3
454,1,5,12.52,3
455,1,5,12.92,3
456,1,5,12.0,3
457,1,5,10.56,3
458,1,5,10.7,3
459,1,5,11.3,3
460,1,5,11.38,3
461,1,5,12.92,3
462,1,5,11.62,3
463,1,5,11.2,3
464,1,5,11.96,3
465,1,5,11.62,3
466,1,5,11.42,3
467,1,5,11.52,3
468,1,5,10.18,3
469,1,5,10.9,3
470,1,5,11.16,3
471,1,5,12.08,3
472,1,5,10.94,3
473,1,5,11.86,3
474,1,5,12.42,3
475,1,5,11.42,3
476,1,5,12.4,3
477,1,5,12.78,3
478,1,5,12.32,3
479,1,5,12.5,3
480,1,5,13.06,3
481,1,5,13.1,3
482,1,5,13.1,3
483,1,5,13.56,3
484,1,5,12.66,3
485,1,5,13.54,3
486,1,5,11.7,3
487,1,5,11.84,3
488,1,5,11.72,3
489,1,5,11.5,3
490,1,5,12.26,3
491,1,5,11.84,3
492,1,5,13.08,3
493,1,5,12.52,3
494,1,5,11.8,3
495,1,5,10.4,3
496,1,5,11.52,3
497,1,5,12.8,3
498,1,5,11.82,3
499,1,5,11.58,3
500,1,5,11.62,3
501,1,5,10.6,2
502,1,5,10.26,2
503,1,5,11.34,2
504,1,5,11.6,2
505,1,5,11.42,2
506,1,5,10.82,2
507,1,5,10.92,2
508,1,5,12.1,2
509,1,5,11.22,2
510,1,5,11.36,2
511,1,5,11.28,2
512,1,5,11.4,2
513,1,5,10.84,2
514,1,5,10.74,2
515,1,5,11.3,2
516,1,5,11.9,2
517,1,5,12.28,2
518,1,5,12.18,2
519,1,5,10.66,2
520,1,5,11.1,2
521,1,5,10.42,2
522,1,5,9.96,2
523,1,5,10.64,2
524,1,5,10.52,2
525,1,5,10.52,2
526,1,5,10.66,2
527,1,5,11.78,2
528,1,5,11.48,2
529,1,5,10.78,2
530,1,5,9.66,2
531,1,5,10.58,2
532,1,5,11.38,2
533,1,5,10.66,2
534,1,5,11.84,2
535,1,5,11.8,2
536,1,5,12.14,2
537,1,5,12.04,2
538,1,5,12.3,2
539,1,5,11.48,2
540,1,5,10.88,2
541,1,5,11.22,2
542,1,5,11.26,2
543,1,5,11.2,2
544,1,5,11.14,2
545,1,5,11.54,2
546,1,5,10.68,2
547,1,5,11.32,2
548,1,5,11.64,2
549,1,5,11.88,2
550,1,5,10.78,2
551,1,5,10.54,2
552,1,5,11.26,2
553,1,5,11.1,2
554,1,5,12.34,2
555,1,5,13.06,2
556,1,5,13.38,2
557,1,5,12.56,2
558,1,5,12.58,2
559,1,5,11.3,2
560,1,5,9.98,2
561,1,5,11.8,2
562,1,5,10.94,2
563,1,5,10.66,2
564,1,5,11.74,2
565,1,5,11.58,2
566,1,5,12.96,2
567,1,5,11.66,2
568,1,5,12.36,2
569,1,5,11.38,2
570,1,5,10.76,2
571,1,5,10.98,2
572,1,5,10.94,2
573,1,5,11.16,2
574,1,5,10.28,2
575,1,5,10.98,2
576,1,5,11.9,2
577,1,5,10.54,2
578,1,5,11.08,2
579,1,5,10.78,2
580,1,5,10.92,2
581,1,5,11.94,2
582,1,5,11.82,2
583,1,5,13.56,2
584,1,5,12.24,2
585,1,5,12.52,2
586,1,5,11.86,2
587,1,5,12.14,2
588,1,5,12.5,2
589,1,5,11.48,2
590,1,5,10.96,2
591,1,5,12.26,2
592,1,5,10.76,2
593,1,5,11.54,2
594,1,5,11.58,2
595,1,5,11.3,2
596,1,5,9.62,2
597,1,5,9.34,2
598,1,5,9.74,2
599,1,5,10.84,2
600,1,5,11.18,2
601,1,5,10.48,2
602,1,5,10.5,2
603,1,5,11.56,2
604,1,5,13.22,2
605,1,5,11.28,2
606,1,5,11.58,2
607,1,5,11.04,2
608,1,5,10.56,2
609,1,5,10.32,2
610,1,5,10.54,2
611,1,5,10.3,2
612,1,5,9.98,2
613,1,5,11.0,2
614,1,5,11.94,2
615,1,5,12.8,2
616,1,5,11.7,2
617,1,5,12.28,2
618,1,5,12.0,2
619,1,5,11.8,2
620,1,5,11.24,2
621,1,5,10.02,2
622,1,5,10.6,2
623,1,5,10.46,2
624,1,5,10.56,2
625,1,5,10.5,2
626,1,5,10.54,2
627,1,5,10.32,2
628,1,5,9.98,2
629,1,5,11.8,2
630,1,5,11.72,2
631,1,5,12.14,2
632,1,5,11.04,2
633,1,5,10.62,2
634,1,5,10.36,2
635,1,5,10.5,2
636,1,5,9.8,2
637,1,5,10.02,2
638,1,5,10.66,2
639,1,5,12.1,2
640,1,5,12.32,2
641,1,5,11.44,2
642,1,5,11.02,2
643,1,5,10.84,2
644,1,5,10.7,2
645,1,5,12.2,2
646,1,5,11.92,2
647,1,5,11.64,2
648,1,5,10.42,2
649,1,5,10.46,2
650,1,5,10.66,2
651,1,5,11.56,2
652,1,5,13.46,2
653,1,5,14.26,2
654,1,5,11.82,2
655,1,5,10.28,2
656,1,5,10.98,2
657,1,5,11.08,2
658,1,5,10.46,2
659,1,5,9.58,2
660,1,5,10.16,2
661,1,5,10.26,2
662,1,5,10.5,2
663,1,5,10.46,2
664,1,5,10.7,2
665,1,5,10.42,2
666,1,5,11.42,2
667,1,5,12.18,2
668,1,5,12.08,2
669,1,5,12.44,2
670,1,5,11.78,2
671,1,5,11.24,2
672,1,5,11.2,2
673,1,5,10.68,2
674,1,5,10.44,2
675,1,5,10.8,2
676,1,5,11.48,2
677,1,5,11.86,2
678,1,5,11.82,2
679,1,5,12.04,2
680,1,5,11.54,2
681,1,5,12.46,2
682,1,5,11.4,2
683,1,5,10.8,2
684,1,5,10.18,2
685,1,5,10.04,2
686,1,5,10.38,2
687,1,5,11.38,2
688,1,5,11.34,2
689,1,5,11.14,2
690,1,5,11.24,2
691,1,5,11.6,2
692,1,5,10.06,2
693,1,5,10.28,2
694,1,5,10.54,2
695,1,5,10.3,2
696,1,5,9.8,2
697,1,5,10.1,2
698,1,5,10.76,2
699,1,5,10.96,2
700,1,5,11.98,2
701,1,5,10.28,2
702,1,5,10.28,2
703,1,5,11.02,2
704,1,5,11.8,2
705,1,5,11.08,2
706,1,5,10.54,2
707,1,5,12.08,2
708,1,5,12.0,2
709,1,5,11.26,2
710,1,5,10.94,2
711,1,5,10.32,2
712,1,5,11.1,2
713,1,5,11.8,2
714,1,5,12.22,2
715,1,5,11.18,2
716,1,5,10.62,2
717,1,5,10.16,2
718,1,5,10.66,2
719,1,5,10.44,2
720,1,5,11.1,2
721,1,5,9.78,2
722,1,5,10.34,2
723,1,5,10.9,2
724,1,5,11.88,2
725,1,5,11.96,2
726,1,5,11.64,2
727,1,5,10.9,2
728,1,5,10.14,2
729,1,5,8.64,2
730,1,5,8.76,2
731,1,5,11.7,2
732,1,5,11.48,2
733,1,5,10.94,2
734,1,5,11.04,2
735,1,5,11.56,2
736,1,5,12.24,2
737,1,5,13.06,2
738,1,5,11.48,2
739,1,5,11.36,2
740,1,5,10.5,2
741,1,5,11.8,2
742,1,5,13.14,2
743,1,5,12.2,2
744,1,5,11.24,2
745,1,5,10.92,2
746,1,5,9.92,2
747,1,5,11.3,2
748,1,5,12.08,2
749,1,5,12.16,2
750,1,5,10.48,2
751,1,5,10.94,2
752,1,5,10.62,2
753,1,5,10.22,2
754,1,5,9.14,2
755,1,5,10.88,2
756,1,5,11.22,2
757,1,5,11.48,2
758,1,5,11.02,2
759,1,5,10.42,2
760,1,5,10.02,2
761,1,5,9.44,2
762,1,5,10.34,2
763,1,5,11.0,2
764,1,5,11.26,2
765,1,5,11.68,2
766,1,5,11.74,2
767,1,5,10.46,2
768,1,5,10.14,2
769,1,5,10.26,2
770,1,5,10.14,2
771,1,5,10.68,2
772,1,5,10.64,2
773,1,5,11.38,2
774,1,5,12.74,2
775,1,5,11.46,2
776,1,5,11.06,2
777,1,5,10.16,2
778,1,5,11.4,2
779,1,5,10.78,2
780,1,5,11.38,2
781,1,5,11.22,2
782,1,5,10.22,2
783,1,5,11.2,2
784,1,5,11.52,2
785,1,5,13.02,2
786,1,5,12.44,2
787,1,5,12.42,2
788,1,5,11.68,2
789,1,5,12.14,2
790,1,5,12.64,2
791,1,5,11.68,2
792,1,5,11.48,2
793,1,5,11.08,2
794,1,5,11.84,2
795,1,5,11.78,2
796,1,5,11.3,2
797,1,5,11.24,2
798,1,5,11.4,2
799,1,5,9.88,2
800,1,5,10.38,2
801,1,5,10.22,2
802,1,5,10.4,2
803,1,5,11.34,2
804,1,5,12.42,2
805,1,5,11.72,2
806,1,5,11.76,2
807,1,5,11.56,2
808,1,5,11.3,2
809,1,5,11.34,2
810,1,5,11.62,2
811,1,5,11.1,2
812,1,5,10.3,2
813,1,5,10.32,2
814,1,5,11.32,2
815,1,5,11.5,2
816,1,5,12.44,2
817,1,5,12.02,2
818,1,5,11.24,2
819,1,5,10.46,2
820,1,5,12.58,2
821,1,5,11.56,2
822,1,5,10.8,2
823,1,5,10.76,2
824,1,5,10.82,2
825,1,5,11.76,2
826,1,5,11.68,2
827,1,5,10.6,2
828,1,5,10.46,2
829,1,5,10.76,2
830,1,5,10.86,2
831,1,5,10.64,2
832,1,5,11.28,2
833,1,5,11.16,2
834,1,5,10.4,2
835,1,5,10.98,2
836,1,5,10.68,2
837,1,5,10.26,2
838,1,5,9.38,2
839,1,5,10.3,2
840,1,5,10.56,2
841,1,5,10.22,2
842,1,5,9.98,2
843,1,5,10.18,2
844,1,5,10.26,2
845,1,5,10.44,2
846,1,5,10.54,2
847,1,5,11.16,2
848,1,5,11.0,2
849,1,5,11.5,2
850,1,5,11.12,2
851,1,5,11.08,2
852,1,5,11.26,2
853,1,5,11.12,2
854,1,5,11.94,2
855,1,5,11.4,2
856,1,5,11.48,2
857,1,5,10.76,2
858,1,5,10.82,2
859,1,5,9.68,2
860,1,5,10.06,2
861,1,5,10.4,2
862,1,5,10.6,2
863,1,5,11.22,2
864,1,5,12.2,2
865,1,5,11.66,2
866,1,5,12.84,2
867,1,5,11.36,2
868,1,5,11.62,2
869,1,5,12.08,2
870,1,5,12.48,2
871,1,5,12.04,2
872,1,5,11.66,2
873,1,5,10.56,2
874,1,5,10.2,2
875,1,5,10.84,2
876,1,5,10.06,2
877,1,5,10.32,2
878,1,5,10.52,2
879,1,5,10.82,2
880,1,5,10.52,2
881,1,5,9.82,2
882,1,5,10.88,2
883,1,5,11.9,2
884,1,5,10.92,2
885,1,5,10.16,2
886,1,5,10.06,2
887,1,5,9.78,2
888,1,5,10.08,2
889,1,5,10.0,2
890,1,5,11.1,2
891,1,5,11.74,2
892,1,5,11.2,2
893,1,5,10.64,2
894,1,5,11.62,2
895,1,5,11.48,2
896,1,5,11.56,2
897,1,5,10.58,2
898,1,5,10.48,2
899,1,5,10.76,2
900,1,5,10.06,2
901,1,5,10.54,2
902,1,5,10.28,2
903,1,5,10.64,2
904,1,5,10.16,2
905,1,5,10.64,2
906,1,5,11.2,2
907,1,5,12.34,2
908,1,5,11.66,2
909,1,5,11.38,2
910,1,5,12.6,2
911,1,5,12.72,2
912,1,5,11.06,2
913,1,5,10.8,2
914,1,5,11.96,2
915,1,5,10.96,2
916,1,5,10.8,2
917,1,5,10.68,2
918,1,5,10.6,2
919,1,5,10.46,2
920,1,5,9.72,2
921,1,5,10.08,2
922,1,5,10.3,2
923,1,5,11.54,2
924,1,5,11.66,2
925,1,5,12.94,2
926,1,5,12.98,2
927,1,5,12.6,2
928,1,5,12.7,2
929,1,5,12.78,2
930,1,5,10.76,2
931,1,5,11.4,2
932,1,5,12.44,2
933,1,5,12.48,2
934,1,5,11.94,2
935,1,5,11.1,2
936,1,5,11.28,2
937,1,5,9.7,2
938,1,5,9.74,2
939,1,5,9.8,2
940,1,5,11.18,2
941,1,5,11.8,2
942,1,5,11.04,2
943,1,5,10.46,2
944,1,5,10.62,2
945,1,5,10.66,2
946,1,5,10.78,2
947,1,5,11.26,2
948,1,5,10.72,2
949,1,5,11.96,2
950,1,5,12.5,2
951,1,5,11.64,2
952,1,5,10.02,2
953,1,5,10.96,2
954,1,5,10.38,2
955,1,5,10.28,2
956,1,5,10.06,2
957,1,5,9.66,2
958,1,5,9.52,2
959,1,5,9.88,2
960,1,5,10.0,2
961,1,5,10.84,2
962,1,5,9.78,2
963,1,5,10.8,2
964,1,5,11.34,2
965,1,5,11.44,2
966,1,5,10.46,2
967,1,5,10.0,2
968,1,5,10.1,2
969,1,5,10.94,2
970,1,5,11.44,2
971,1,5,11.34,2
972,1,5,11.58,2
973,1,5,10.7,2
974,1,5,10.64,2
975,1,5,12.18,2
976,1,5,11.12,2
977,1,5,10.6,2
978,1,5,11.36,2
979,1,5,12.8,2
980,1,5,11.1,2
981,1,5,11.1,2
982,1,5,10.8,2
983,1,5,11.78,2
984,1,5,11.28,2
985,1,5,11.8,2
986,1,5,11.32,2
987,1,5,10.7,2
988,1,5,10.66,2
989,1,5,10.16,2
990,1,5,9.96,2
991,1,5,10.38,2
992,1,5,11.06,2
993,1,5,11.08,2
994,1,5,11.08,2
995,1,5,10.3,2
996,1,5,11.54,2
997,1,5,11.16,2
998,1,5,11.0,2
999,1,5,12.3,2
1000,1,5,11.46,2
1001,1,5,11.42,2
1002,1,5,10.76,2
1003,1,5,11.1,2
1004,1,5,10.98,2
1005,1,5,11.1,2
1006,1,5,10.0,2
1007,1,5,10.16,2
1008,1,5,10.36,2
1009,1,5,10.4,2
1010,1,5,9.76,2
1011,1,5,10.9,2
1012,1,5,11.92,2
1013,1,5,11.38,2
1014,1,5,12.24,2
1015,1,5,12.88,2
1016,1,5,12.42,2
1017,1,5,11.96,2
1018,1,5,12.96,2
1019,1,5,11.38,2
1020,1,5,10.58,2
1021,1,5,10.16,2
1022,1,5,10.48,2
1023,1,5,11.3,2
1024,1,5,11.44,2
1025,1,5,12.02,2
1026,1,5,12.34,2
1027,1,5,13.8,2
1028,1,5,12.46,2
1029,1,5,11.7,2
1030,1,5,11.68,2
1031,1,5,11.76,2
1032,1,5,12.0,2
1033,1,5,11.36,2
1034,1,5,11.18,2
1035,1,5,11.16,2
1036,1,5,10.5,2
1037,1,5,10.62,2
1038,1,5,10.92,2
1039,1,5,12.02,2
1040,1,5,11.98,2
1041,1,5,10.92,2
1042,1,5,10.34,2
1043,1,5,10.6,2
1044,1,5,12.04,2
1045,1,5,11.46,2
1046,1,5,11.62,2
1047,1,5,11.62,2
1048,1,5,12.14,2
1049,1,5,11.96,2
1050,1,5,11.46,2
1051,1,5,12.12,2
1052,1,5,12.18,2
1053,1,5,12.9,2
1054,1,5,13.22,2
1055,1,5,12.22,2
1056,1,5,11.78,2
1057,1,5,10.64,2
1058,1,5,11.3,2
1059,1,5,11.3,2
1060,1,5,11.16,2
1061,1,5,11.96,2
1062,1,5,11.24,2
1063,1,5,10.02,2
1064,1,5,11.08,2
1065,1,5,10.78,2
1066,1,5,10.84,2
1067,1,5,11.22,2
1068,1,5,10.22,2
1069,1,5,10.36,2
1070,1,5,10.36,2
1071,1,5,10.9,2
1072,1,5,11.4,2
1073,1,5,12.64,2
1074,1,5,12.12,2
1075,1,5,11.1,2
1076,1,5,10.72,2
1077,1,5,10.7,2
1078,1,5,10.16,2
1079,1,5,10.24,2
1080,1,5,10.98,2
1081,1,5,9.78,2
1082,1,5,10.58,2
1083,1,5,10.64,2
1084,1,5,11.1,2
1085,1,5,11.6,2
1086,1,5,11.86,2
1087,1,5,11.92,2
1088,1,5,11.5,2
1089,1,5,11.5,2
1090,1,5,11.14,2
1091,1,5,10.4,2
1092,1,5,11.22,2
1093,1,5,10.96,2
1094,1,5,10.82,2
1095,1,5,10.54,2
1096,1,5,10.78,2
1097,1,5,11.34,2
1098,1,5,11.76,2
1099,1,5,11.08,2
1100,1,5,10.8,2
1101,1,5,10.64,2
1102,1,5,10.84,2
1103,1,5,12.44,2
1104,1,5,11.82,2
1105,1,5,12.2,2
1106,1,5,11.3,2
1107,1,5,10.12,2
1108,1,5,10.0,2
1109,1,5,10.62,2
1110,1,5,10.16,2
1111,1,5,9.76,2
1112,1,5,10.44,2
1113,1,5,11.96,2
1114,1,5,11.92,2
1115,1,5,12.08,2
1116,1,5,12.1,2
1117,1,5,12.34,2
1118,1,5,12.18,2
1119,1,5,12.12,2
1120,1,5,10.8,2
1121,1,5,11.92,2
1122,1,5,12.3,2
1123,1,5,11.34,2
1124,1,5,10.08,2
1125,1,5,10.4,2
1126,1,5,10.36,2
1127,1,5,10.24,2
1128,1,5,10.68,2
1129,1,5,10.5,2
1130,1,5,11.32,2
1131,1,5,11.74,2
1132,1,5,10.92,2
1133,1,5,10.72,2
1134,1,5,10.46,2
1135,1,5,10.94,2
1136,1,5,10.92,2
1137,1,5,9.8,2
1138,1,5,10.18,2
1139,1,5,10.5,2
1140,1,5,11.12,2
1141,1,5,10.26,2
1142,1,5,10.72,2
1143,1,5,10.04,2
1144,1,5,10.38,2
1145,1,5,10.38,2
1146,1,5,10.14,2
1147,1,5,11.16,2
1148,1,5,11.56,2
1149,1,5,12.36,2
1150,1,5,12.5,2
1151,1,5,12.2,2
1152,1,5,11.8,2
1153,1,5,10.76,2
1154,1,5,11.12,2
1155,1,5,12.04,2
1156,1,5,11.68,2
1157,1,5,11.6,2
1158,1,5,11.72,2
1159,1,5,11.96,2
1160,1,5,10.48,2
1161,1,5,10.64,2
1162,1,5,10.86,2
1163,1,5,10.32,2
1164,1,5,9.72,2
1165,1,5,11.2,2
1166,1,5,11.14,2
1167,1,5,10.9,2
1168,1,5,11.32,2
1169,1,5,11.44,2
1170,1,5,11.88,2
1171,1,5,11.54,2
1172,1,5,10.6,2
1173,1,5,9.66,2
1174,1,5,9.68,2
1175,1,5,10.3,2
1176,1,5,11.12,2
1177,1,5,10.92,2
1178,1,5,11.58,2
1179,1,5,10.88,2
1180,1,5,11.12,2
1181,1,5,10.44,2
1182,1,5,11.34,2
1183,1,5,10.52,2
1184,1,5,9.56,2
1185,1,5,10.3,2
1186,1,5,9.28,2
1187,1,5,9.32,2
1188,1,5,10.24,2
1189,1,5,10.02,2
1190,1,5,10.76,2
1191,1,5,9.74,2
1192,1,5,10.56,2
1193,1,5,10.14,2
1194,1,5,9.88,2
1195,1,5,10.26,2
1196,1,5,11.82,2
1197,1,5,10.6,2
1198,1,5,10.06,2
1199,1,5,10.2,2
1200,1,5,11.18,2
1201,1,5,12.08,2
1202,1,5,12.76,2
1203,1,5,12.58,2
1204,1,5,12.5,2
1205,1,5,11.56,2
1206,1,5,9.88,2
1207,1,5,11.1,2
1208,1,5,10.94,2
1209,1,5,11.68,2
1210,1,5,11.38,2
1211,1,5,11.44,2
1212,1,5,11.26,2
1213,1,5,11.58,2
1214,1,5,11.18,2
1215,1,5,11.88,2
1216,1,5,11.44,2
1217,1,5,11.52,2
1218,1,5,9.74,2
1219,1,5,9.18,2
1220,1,5,10.5,2
1221,1,5,11.44,2
1222,1,5,12.04,2
1223,1,5,10.86,2
1224,1,5,10.18,2
1225,1,5,10.5,2
1226,1,5,10.56,2
1227,1,5,10.56,2
1228,1,5,10.74,2
1229,1,5,9.86,2
1230,1,5,10.82,2
1231,1,5,10.82,2
1232,1,5,11.6,2
1233,1,5,11.46,2
1234,1,5,12.1,2
1235,1,5,11.96,2
1236,1,5,10.78,2
1237,1,5,9.94,2
1238,1,5,10.1,2
1239,1,5,10.82,2
1240,1,5,10.98,2
1241,1,5,11.08,2
1242,1,5,11.44,2
1243,1,5,11.9,2
1244,1,5,10.98,2
1245,1,5,9.76,2
1246,1,5,10.38,2
1247,1,5,9.76,2
1248,1,5,10.3,2
1249,1,5,10.48,2
1250,1,5,11.06,2
1251,1,5,11.4,2
1252,1,5,11.8,2
1253,1,5,11.28,2
1254,1,5,11.14,2
1255,1,5,11.7,2
1256,1,5,11.76,2
1257,1,5,11.26,2
1258,1,5,12.06,2
1259,1,5,11.0,2
1260,1,5,11.48,2
1261,1,5,11.62,2
1262,1,5,10.46,2
1263,1,5,11.3,2
1264,1,5,10.22,2
1265,1,5,9.94,2
1266,1,5,10.04,2
1267,1,5,11.26,2
1268,1,5,10.54,2
1269,1,5,11.52,2
1270,1,5,11.8,2
1271,1,5,11.68,2
1272,1,5,11.68,2
1273,1,5,9.92,2
1274,1,5,9.88,2
1275,1,5,9.96,2
1276,1,5,9.54,2
1277,1,5,8.94,2
1278,1,5,9.28,2
1279,1,5,11.12,2
1280,1,5,11.72,2
1281,1,5,11.16,2
1282,1,5,10.1,2
1283,1,5,10.88,2
1284,1,5,10.66,2
1285,1,5,11.0,2
1286,1,5,11.86,2
1287,1,5,11.0,2
1288,1,5,11.16,2
1289,1,5,10.58,2
1290,1,5,10.28,2
1291,1,5,10.7,2
1292,1,5,10.84,2
1293,1,5,11.9,2
1294,1,5,11.28,2
1295,1,5,10.82,2
1296,1,5,11.34,2
1297,1,5,10.9,2
1298,1,5,11.32,2
1299,1,5,12.62,2
1300,1,5,13.32,2
1301,1,5,11.94,2
1302,1,5,11.66,2
1303,1,5,11.3,2
1304,1,5,9.7,2
1305,1,5,10.9,2
1306,1,5,11.78,2
1307,1,5,10.28,2
1308,1,5,9.88,2
1309,1,5,10.38,2
1310,1,5,9.88,2
1311,1,5,9.78,2
1312,1,5,10.02,2
1313,1,5,9.18,2
1314,1,5,10.14,2
1315,1,5,10.2,2
1316,1,5,8.88,2
1317,1,5,10.18,2
1318,1,5,9.54,2
1319,1,5,9.58,2
1320,1,5,9.44,2
1321,1,5,9.98,2
1322,1,5,9.64,2
1323,1,5,9.6,2
1324,1,5,10.52,2
1325,1,5,11.48,2
1326,1,5,11.4,2
1327,1,5,11.02,2
1328,1,5,10.86,2
1329,1,5,11.64,2
1330,1,5,11.86,2
1331,1,5,11.24,2
1332,1,5,11.42,2
1333,1,5,11.04,2
1334,1,5,10.46,2
1335,1,5,10.8,2
1336,1,5,11.02,2
1337,1,5,11.58,2
1338,1,5,12.18,2
1339,1,5,12.16,2
1340,1,5,11.9,2
1341,1,5,12.08,2
1342,1,5,11.82,2
1343,1,5,10.4,2
1344,1,5,9.9,2
1345,1,5,9.96,2
1346,1,5,11.06,2
1347,1,5,11.12,2
1348,1,5,10.54,2
1349,1,5,10.96,2
1350,1,5,9.8,2
1351,1,5,9.94,2
1352,1,5,10.1,2
1353,1,5,11.86,2
1354,1,5,10.98,2
1355,1,5,9.94,2
1356,1,5,11.52,2
1357,1,5,11.08,2
1358,1,5,11.52,2
1359,1,5,11.6,2
1360,1,5,10.16,2
1361,1,5,10.66,2
1362,1,5,11.5,2
1363,1,5,10.38,2
1364,1,5,9.56,2
1365,1,5,10.48,2
1366,1,5,10.94,2
1367,1,5,10.92,2
1368,1,5,11.48,2
1369,1,5,12.08,2
1370,1,5,12.32,2
1371,1,5,11.7,2
1372,1,5,12.18,2
1373,1,5,11.74,2
1374,1,5,11.0,2
1375,1,5,11.02,2
1376,1,5,12.58,2
1377,1,5,12.16,2
1378,1,5,12.08,2
1379,1,5,11.5,2
1380,1,5,10.6,2
1381,1,5,9.76,2
1382,1,5,10.18,2
1383,1,5,9.84,2
1384,1,5,10.48,2
1385,1,5,10.82,2
1386,1,5,10.28,2
1387,1,5,10.26,2
1388,1,5,9.9,2
1389,1,5,10.28,2
1390,1,5,10.44,2
1391,1,5,10.08,2
1392,1,5,10.08,2
1393,1,5,11.32,2
1394,1,5,11.08,2
1395,1,5,11.72,2
1396,1,5,11.86,2
1397,1,5,11.32,2
1398,1,5,11.22,2
1399,1,5,11.92,2
1400,1,5,12.24,2
1401,1,5,11.72,2
1402,1,5,11.0,2
1403,1,5,11.04,2
1404,1,5,11.6,2
1405,1,5,11.5,2
1406,1,5,10.58,2
1407,1,5,11.62,2
1408,1,5,12.08,2
1409,1,5,11.1,2
1410,1,5,11.78,2
1411,1,5,11.98,2
1412,1,5,11.08,2
1413,1,5,11.6,2
1414,1,5,11.7,2
1415,1,5,11.86,2
1416,1,5,12.16,2
1417,1,5,12.94,2
1418,1,5,12.56,2
1419,1,5,12.6,2
1420,1,5,11.16,2
1421,1,5,10.58,2
1422,1,5,9.96,2
1423,1,5,9.18,2
1424,1,5,9.54,2
1425,1,5,9.86,2
1426,1,5,9.96,2
1427,1,5,10.22,2
1428,1,5,11.12,2
1429,1,5,10.16,2
1430,1,5,10.3,2
1431,1,5,11.44,2
1432,1,5,12.06,2
1433,1,5,11.8,2
1434,1,5,10.02,2
1435,1,5,10.1,2
1436,1,5,9.74,2
1437,1,5,10.58,2
1438,1,5,10.84,2
1439,1,5,11.08,2
1440,1,5,10.7,2
1441,1,5,10.42,2
1442,1,5,10.74,2
1443,1,5,10.92,2
1444,1,5,11.26,2
1445,1,5,11.64,2
1446,1,5,11.18,2
1447,1,5,11.34,2
1448,1,5,11.3,2
1449,1,5,11.66,2
1450,1,5,11.64,2
1451,1,5,10.6,2
1452,1,5,10.2,2
1453,1,5,10.24,2
1454,1,5,10.68,2
1455,1,5,11.1,2
1456,1,5,11.42,2
1457,1,5,10.56,2
1458,1,5,10.5,2
1459,1,5,11.3,2
1460,1,5,11.2,2
1461,1,5,10.4,2
1462,1,5,9.62,2
1463,1,5,9.46,2
1464,1,5,10.14,2
1465,1,5,11.0,2
1466,1,5,11.12,2
1467,1,5,11.22,2
1468,1,5,10.84,2
1469,1,5,10.66,2
1470,1,5,10.96,2
1471,1,5,10.1,2
1472,1,5,10.86,2
1473,1,5,10.88,2
1474,1,5,10.1,2
1475,1,5,10.56,2
1476,1,5,10.44,2
1477,1,5,11.1,2
1478,1,5,10.74,2
1479,1,5,11.28,2
1480,1,5,11.9,2
1481,1,5,12.66,2
1482,1,5,12.6,2
1483,1,5,11.9,2
1484,1,5,11.96,2
1485,1,5,12.32,2
1486,1,5,11.5,2
1487,1,5,11.32,2
1488,1,5,11.52,2
1489,1,5,10.56,2
1490,1,5,10.2,2
1491,1,5,10.84,2
1492,1,5,10.18,2
1493,1,5,11.3,2
1494,1,5,12.18,2
1495,1,5,11.7,2
1496,1,5,12.38,2
1497,1,5,11.9,2
1498,1,5,11.68,2
1499,1,5,10.5,2
1500,1,5,11.36,2
1501,1,5,10.86,2
1502,1,5,11.84,2
1503,1,5,11.3,2
1504,1,5,10.52,2
1505,1,5,10.74,2
1506,1,5,10.86,2
1507,1,5,11.5,2
1508,1,5,11.22,2
1509,1,5,11.8,2
1510,1,5,11.34,2
1511,1,5,9.7,2
1512,1,5,9.98,2
1513,1,5,10.44,2
1514,1,5,11.04,2
1515,1,5,11.14,2
1516,1,5,10.32,2
1517,1,5,11.06,2
1518,1,5,11.8,2
1519,1,5,11.92,2
1520,1,5,11.58,2
1521,1,5,12.56,2
1522,1,5,11.76,2
1523,1,5,10.82,2
1524,1,5,11.42,2
1525,1,5,12.0,2
1526,1,5,11.82,2
1527,1,5,12.04,2
1528,1,5,12.8,2
1529,1,5,12.16,2
1530,1,5,10.74,2
1531,1,5,10.48,2
1532,1,5,10.12,2
1533,1,5,10.84,2
1534,1,5,10.4,2
1535,1,5,9.96,2
1536,1,5,9.06,2
1537,1,5,9.46,2
1538,1,5,9.02,2
1539,1,5,10.28,2
1540,1,5,10.28,2
1541,1,5,11.38,2
1542,1,5,12.2,2
1543,1,5,12.56,2
1544,1,5,12.38,2
1545,1,5,11.82,2
1546,1,5,12.34,2
1547,1,5,11.8,2
1548,1,5,11.2,2
1549,1,5,11.44,2
1550,1,5,12.16,2
1551,1,5,11.16,2
1552,1,5,10.52,2
1553,1,5,11.2,2
1554,1,5,11.46,2
1555,1,5,12.14,2
1556,1,5,11.84,2
1557,1,5,11.5,2
1558,1,5,11.08,2
1559,1,5,10.76,2
1560,1,5,11.2,2
1561,1,5,11.0,2
1562,1,5,11.98,2
1563,1,5,12.16,2
1564,1,5,11.64,2
1565,1,5,11.58,2
1566,1,5,12.78,2
1567,1,5,12.06,2
1568,1,5,12.18,2
1569,1,5,12.22,2
1570,1,5,11.08,2
1571,1,5,10.88,2
1572,1,5,11.16,2
1573,1,5,11.64,2
1574,1,5,11.82,2
1575,1,5,12.24,2
1576,1,5,10.74,2
1577,1,5,10.66,2
1578,1,5,10.5,2
1579,1,5,10.54,2
1580,1,5,10.36,2
1581,1,5,11.0,2
1582,1,5,11.44,2
1583,1,5,11.48,2
1584,1,5,10.42,2
1585,1,5,10.3,2
1586,1,5,9.74,2
1587,1,5,11.24,2
1588,1,5,9.96,2
1589,1,5,9.56,2
1590,1,5,11.56,2
1591,1,5,10.84,2
1592,1,5,10.6,2
1593,1,5,10.92,2
1594,1,5,11.4,2
1595,1,5,12.12,2
1596,1,5,11.94,2
1597,1,5,11.18,2
1598,1,5,10.48,2
1599,1,5,10.9,2
1600,1,5,10.3,2
1601,1,5,10.24,2
1602,1,5,11.16,2
1603,1,5,11.6,2
1604,1,5,10.56,2
1605,1,5,10.56,2
1606,1,5,11.16,2
1607,1,5,11.2,2
1608,1,5,12.66,2
1609,1,5,11.8,2
1610,1,5,11.16,2
1611,1,5,10.4,2
1612,1,5,9.62,2
1613,1,5,9.88,2
1614,1,5,9.66,2
1615,1,5,9.66,2
1616,1,5,10.34,2
1617,1,5,10.62,2
1618,1,5,11.3,2
1619,1,5,10.68,2
1620,1,5,11.62,2
1621,1,5,12.3,2
1622,1,5,12.24,2
1623,1,5,13.12,2
1624,1,5,12.54,2
1625,1,5,11.8,2
1626,1,5,12.1,2
1627,1,5,10.98,2
1628,1,5,10.96,2
1629,1,5,11.5,2
1630,1,5,12.46,2
1631,1,5,12.08,2
1632,1,5,11.46,2
1633,1,5,11.38,2
1634,1,5,12.04,2
1635,1,5,11.26,2
1636,1,5,10.56,2
1637,1,5,10.2,2
1638,1,5,10.4,2
1639,1,5,10.74,2
1640,1,5,11.14,2
1641,1,5,11.08,2
1642,1,5,10.74,2
1643,1,5,11.28,2
1644,1,5,11.08,2
1645,1,5,11.2,2
1646,1,5,11.2,2
1647,1,5,12.66,2
1648,1,5,11.9,2
1649,1,5,12.96,2
1650,1,5,12.04,2
1651,1,5,11.98,2
1652,1,5,10.74,2
1653,1,5,10.02,2
1654,1,5,9.64,2
1655,1,5,10.38,2
1656,1,5,10.96,2
1657,1,5,9.94,2
1658,1,5,10.9,2
1659,1,5,11.12,2
1660,1,5,11.42,2
1661,1,5,11.68,2
1662,1,5,11.58,2
1663,1,5,11.98,2
1664,1,5,11.72,2
1665,1,5,11.58,2
1666,1,5,12.34,2
1667,1,5,11.44,2
1668,1,5,10.74,2
1669,1,5,11.0,2
1670,1,5,11.84,2
1671,1,5,10.98,2
1672,1,5,10.52,2
1673,1,5,11.58,2
1674,1,5,11.02,2
1675,1,5,11.42,2
1676,1,5,11.42,2
1677,1,5,10.34,2
1678,1,5,10.48,2
1679,1,5,10.5,2
1680,1,5,10.02,2
1681,1,5,9.72,2
1682,1,5,9.68,2
1683,1,5,9.26,2
1684,1,5,9.02,2
1685,1,5,10.86,2
1686,1,5,9.72,2
1687,1,5,10.84,2
1688,1,5,11.24,2
1689,1,5,12.02,2
1690,1,5,11.66,2
1691,1,5,11.88,2
1692,1,5,12.06,2
1693,1,5,13.12,2
1694,1,5,11.9,2
1695,1,5,12.1,2
1696,1,5,11.94,2
1697,1,5,10.64,2
1698,1,5,11.2,2
1699,1,5,11.9,2
1700,1,5,10.5,2
1701,1,5,11.0,2
1702,1,5,10.96,2
1703,1,5,10.2,2
1704,1,5,9.9,2
1705,1,5,10.54,2
1706,1,5,11.22,2
1707,1,5,11.18,2
1708,1,5,11.28,2
1709,1,5,11.14,2
1710,1,5,11.06,2
1711,1,5,11.4,2
1712,1,5,11.96,2
1713,1,5,11.12,2
1714,1,5,10.52,2
1715,1,5,11.4,2
1716,1,5,12.2,2
1717,1,5,12.06,2
1718,1,5,12.08,2
1719,1,5,11.46,2
1720,1,5,11.72,2
1721,1,5,11.78,2
1722,1,5,12.0,2
1723,1,5,11.88,2
1724,1,5,11.92,2
1725,1,5,12.22,2
1726,1,5,12.22,2
1727,1,5,11.06,2
1728,1,5,10.0,2
1729,1,5,11.62,2
1730,1,5,10.82,2
1731,1,5,10.3,2
1732,1,5,10.38,2
1733,1,5,10.62,2
1734,1,5,10.42,2
1735,1,5,11.5,2
1736,1,5,12.3,2
1737,1,5,12.8,2
1738,1,5,11.96,2
1739,1,5,11.6,2
1740,1,5,11.0,2
1741,1,5,10.46,2
1742,1,5,11.26,2
1743,1,5,11.74,2
1744,1,5,12.22,2
1745,1,5,13.14,2
1746,1,5,12.7,2
1747,1,5,10.8,2
1748,1,5,10.78,2
1749,1,5,10.78,2
1750,1,5,11.6,2
1751,1,5,11.14,2
1752,1,5,11.56,2
1753,1,5,12.34,2
1754,1,5,10.96,2
1755,1,5,9.96,2
1756,1,5,10.52,2
1757,1,5,10.9,2
1758,1,5,11.26,2
1759,1,5,10.96,2
1760,1,5,12.32,2
1761,1,5,12.28,2
1762,1,5,11.8,2
1763,1,5,11.76,2
1764,1,5,12.4,2
1765,1,5,11.46,2
1766,1,5,10.9,2
1767,1,5,10.38,2
1768,1,5,9.58,2
1769,1,5,10.14,2
1770,1,5,10.12,2
1771,1,5,10.3,2
1772,1,5,10.44,2
1773,1,5,9.96,2
1774,1,5,10.88,2
1775,1,5,11.08,2
1776,1,5,12.66,2
1777,1,5,11.04,2
1778,1,5,10.92,2
1779,1,5,11.2,2
1780,1,5,11.9,2
1781,1,5,11.56,2
1782,1,5,10.88,2
1783,1,5,10.98,2
1784,1,5,10.92,2
1785,1,5,10.08,2
1786,1,5,10.52,2
1787,1,5,10.52,2
1788,1,5,10.68,2
1789,1,5,10.42,2
1790,1,5,11.42,2
1791,1,5,10.72,2
1792,1,5,9.94,2
1793,1,5,10.1,2
1794,1,5,9.98,2
1795,1,5,11.74,2
1796,1,5,11.3,2
1797,1,5,10.78,2
1798,1,5,10.56,2
1799,1,5,10.46,2
1800,1,5,9.16,2
1801,1,5,9.1,2
1802,1,5,10.02,2
1803,1,5,9.52,2
1804,1,5,9.68,2
1805,1,5,10.22,2
1806,1,5,10.06,2
1807,1,5,9.94,2
1808,1,5,10.92,2
1809,1,5,10.94,2
1810,1,5,11.14,2
1811,1,5,11.22,2
1812,1,5,10.64,2
1813,1,5,10.64,2
1814,1,5,11.14,2
1815,1,5,10.88,2
1816,1,5,12.4,2
1817,1,5,11.28,2
1818,1,5,10.88,2
1819,1,5,11.32,2
1820,1,5,10.84,2
1821,1,5,9.66,2
1822,1,5,10.32,2
1823,1,5,11.6,2
1824,1,5,12.62,2
1825,1,5,12.62,2
1826,1,5,13.14,2
1827,1,5,13.2,2
1828,1,5,13.14,2
1829,1,5,12.26,2
1830,1,5,12.14,2
1831,1,5,12.2,2
1832,1,5,12.58,2
1833,1,5,12.68,2
1834,1,5,12.58,2
1835,1,5,12.5,2
1836,1,5,12.2,2
1837,1,5,11.16,2
1838,1,5,11.86,2
1839,1,5,12.5,2
1840,1,5,12.76,2
1841,1,5,12.3,2
1842,1,5,11.28,2
1843,1,5,12.16,2
1844,1,5,11.8,2
1845,1,5,12.3,2
1846,1,5,11.58,2
1847,1,5,11.04,2
1848,1,5,10.54,2
1849,1,5,9.32,2
1850,1,5,9.32,2
1851,1,5,9.62,2
1852,1,5,10.58,2
1853,1,5,10.26,2
1854,1,5,10.5,2
1855,1,5,9.48,2
1856,1,5,10.68,2
1857,1,5,11.18,2
1858,1,5,11.14,2
1859,1,5,12.16,2
1860,1,5,11.04,2
1861,1,5,11.44,2
1862,1,5,11.38,2
1863,1,5,10.46,2
1864,1,5,10.96,2
1865,1,5,11.28,2
1866,1,5,12.14,2
1867,1,5,12.26,2
1868,1,5,12.2,2
1869,1,5,12.28,2
1870,1,5,11.92,2
1871,1,5,11.24,2
1872,1,5,9.56,2
1873,1,5,10.42,2
1874,1,5,10.38,2
1875,1,5,10.5,2
1876,1,5,10.28,2
1877,1,5,10.28,2
1878,1,5,10.2,2
1879,1,5,10.88,2
1880,1,5,10.2,2
1881,1,5,10.46,2
1882,1,5,10.9,2
1883,1,5,11.34,2
1884,1,5,10.74,2
1885,1,5,10.16,2
1886,1,5,10.7,2
1887,1,5,10.76,2
1888,1,5,10.56,2
1889,1,5,11.64,2
1890,1,5,11.7,2
1891,1,5,10.64,2
1892,1,5,11.08,2
1893,1,5,10.48,2
1894,1,5,10.06,2
1895,1,5,10.48,2
1896,1,5,9.98,2
1897,1,5,10.58,2
1898,1,5,11.12,2
1899,1,5,12.06,2
1900,1,5,12.14,2
1901,1,5,11.44,2
1902,1,5,10.86,2
1903,1,5,11.26,2
1904,1,5,10.34,2
1905,1,5,10.74,2
1906,1,5,10.26,2
1907,1,5,11.18,2
1908,1,5,11.36,2
1909,1,5,12.4,2
1910,1,5,11.82,2
1911,1,5,11.9,2
1912,1,5,10.88,2
1913,1,5,11.76,2
1914,1,5,10.86,2
1915,1,5,12.1,2
1916,1,5,11.4,2
1917,1,5,10.88,2
1918,1,5,11.1,2
1919,1,5,11.26,2
1920,1,5,9.88,2
1921,1,5,10.64,2
1922,1,5,10.48,2
1923,1,5,9.74,2
1924,1,5,11.26,2
1925,1,5,11.4,2
1926,1,5,10.72,2
1927,1,5,11.62,2
1928,1,5,12.84,2
1929,1,5,13.42,2
1930,1,5,13.82,2
1931,1,5,13.66,2
1932,1,5,12.3,2
1933,1,5,12.3,2
1934,1,5,11.72,2
1935,1,5,12.34,2
1936,1,5,12.94,2
1937,1,5,13.58,2
1938,1,5,12.5,2
1939,1,5,12.24,2
1940,1,5,11.5,2
1941,1,5,12.74,2
1942,1,5,12.14,2
1943,1,5,12.04,2
1944,1,5,10.94,2
1945,1,5,11.6,2
1946,1,5,9.76,2
1947,1,5,9.92,2
1948,1,5,10.32,2
1949,1,5,11.0,2
1950,1,5,10.44,2
1951,1,5,10.3,2
1952,1,5,10.54,2
1953,1,5,10.9,2
1954,1,5,10.74,2
1955,1,5,11.9,2
1956,1,5,10.66,2
1957,1,5,11.46,2
1958,1,5,11.48,2
1959,1,5,10.9,2
1960,1,5,12.02,2
1961,1,5,12.26,2
1962,1,5,11.4,2
1963,1,5,11.52,2
1964,1,5,10.98,2
1965,1,5,9.94,2
1966,1,5,9.14,2
1967,1,5,8.5,2
1968,1,5,9.16,2
1969,1,5,10.16,2
1970,1,5,10.3,2
1971,1,5,10.28,2
1972,1,5,10.96,2
1973,1,5,12.12,2
1974,1,5,13.18,2
1975,1,5,13.22,2
1976,1,5,12.84,2
1977,1,5,12.5,2
1978,1,5,12.52,2
1979,1,5,12.22,2
1980,1,5,11.64,2
1981,1,5,11.32,2
1982,1,5,10.24,2
1983,1,5,9.84,2
1984,1,5,9.76,2
1985,1,5,10.1,2
1986,1,5,10.9,2
1987,1,5,10.64,2
1988,1,5,10.36,2
1989,1,5,11.2,2
1990,1,5,11.08,2
1991,1,5,10.56,2
1992,1,5,11.36,2
1993,1,5,11.92,2
1994,1,5,12.48,2
1995,1,5,11.4,2
1996,1,5,11.74,2
1997,1,5,10.78,2
1998,1,5,12.34,2
1999,1,5,12.4,2
2000,1,5,12.72,2
0,2,5,57.54,44
1,2,5,51.0,39
2,2,5,47.06,37
3,2,5,43.62,35
4,2,5,41.92,35
5,2,5,40.54,34
6,2,5,39.28,28
7,2,5,36.48,26
8,2,5,34.36,24
9,2,5,32.18,24
10,2,5,30.88,24
11,2,5,29.14,24
12,2,5,28.5,23
13,2,5,27.86,22
14,2,5,26.72,20
15,2,5,26.78,20
16,2,5,26.86,20
17,2,5,27.28,20
18,2,5,26.56,20
19,2,5,25.88,20
20,2,5,24.8,20
21,2,5,24.56,20
22,2,5,24.76,19
23,2,5,25.3,19
24,2,5,25.1,19
25,2,5,24.92,19
26,2,5,25.92,19
27,2,5,25.64,19
28,2,5,24.78,18
29,2,5,24.96,18
30,2,5,24.44,18
31,2,5,24.42,18
32,2,5,24.02,15
33,2,5,23.44,15
34,2,5,22.02,15
35,2,5,21.56,15
36,2,5,21.42,15
37,2,5,20.82,15
38,2,5,20.84,15
39,2,5,20.16,15
40,2,5,20.9,15
41,2,5,20.48,15
42,2,5,20.4,15
43,2,5,20.88,15
44,2,5,21.8,15
45,2,5,21.1,15
46,2,5,21.76,15
47,2,5,20.7,15
48,2,5,21.6,15
49,2,5,21.6,15
50,2,5,20.86,15
51,2,5,21.34,15
52,2,5,20.86,15
53,2,5,20.84,15
54,2,5,20.76,15
55,2,5,20.34,15
56,2,5,20.68,14
57,2,5,20.48,14
58,2,5,21.48,14
59,2,5,20.42,14
60,2,5,20.72,14
61,2,5,20.22,14
62,2,5,20.54,14
63,2,5,20.06,13
64,2,5,20.36,13
65,2,5,19.44,13
66,2,5,19.76,13
67,2,5,20.34,13
68,2,5,20.58,13
69,2,5,20.52,13
70,2,5,19.24,13
71,2,5,19.7,13
72,2,5,19.1,13
73,2,5,19.48,13
74,2,5,18.32,12
75,2,5,17.16,12
76,2,5,17.22,12
77,2,5,17.82,12
78,2,5,18.28,12
79,2,5,17.9,12
80,2,5,17.6,11
81,2,5,17.24,11
82,2,5,17.6,11
83,2,5,17.22,11
84,2,5,16.52,11
85,2,5,16.44,11
86,2,5,16.84,11
87,2,5,18.08,10
88,2,5,16.92,9
89,2,5,17.0,9
90,2,5,15.88,9
91,2,5,16.1,9
92,2,5,15.98,9
93,2,5,15.26,8
94,2,5,15.12,8
95,2,5,14.66,8
96,2,5,14.48,8
97,2,5,15.58,8
98,2,5,16.06,8
99,2,5,16.14,8
100,2,5,15.04,7
101,2,5,14.42,7
102,2,5,14.66,7
103,2,5,13.78,7
104,2,5,14.7,7
105,2,5,14.14,7
106,2,5,14.8,7
107,2,5,15.32,7
108,2,5,14.4,7
109,2,5,15.22,7
110,2,5,14.26,7
111,2,5,13.78,7
112,2,5,14.82,7
113,2,5,15.04,7
114,2,5,15.98,7
115,2,5,14.98,7
116,2,5,15.2,7
117,2,5,15.08,7
118,2,5,14.92,7
119,2,5,15.28,7
120,2,5,14.12,7
121,2,5,14.88,7
122,2,5,15.42,7
123,2,5,16.48,7
124,2,5,15.92,7
125,2,5,14.96,7
126,2,5,14.7,7
127,2,5,14.74,7
128,2,5,14.58,6
129,2,5,14.6,6
130,2,5,14.08,6
131,2,5,14.68,6
132,2,5,14.88,6
133,2,5,14.88,6
134,2,5,14.46,6
135,2,5,13.64,6
136,2,5,13.6,6
137,2,5,13.8,6
138,2,5,13.78,6
139,2,5,12.78,6
140,2,5,13.72,6
141,2,5,14.66,6
142,2,5,14.24,6
143,2,5,12.88,6
144,2,5,12.14,6
145,2,5,12.38,6
146,2,5,14.66,6
147,2,5,15.62,6
148,2,5,15.64,6
149,2,5,14.74,6
150,2,5,15.46,6
151,2,5,15.66,6
152,2,5,16.26,6
153,2,5,15.6,6
154,2,5,15.12,6
155,2,5,15.02,6
156,2,5,15.96,6
157,2,5,16.02,6
158,2,5,15.44,6
159,2,5,14.94,6
160,2,5,15.12,6
161,2,5,15.24,6
162,2,5,15.12,6
163,2,5,14.26,6
164,2,5,14.78,6
165,2,5,14.3,6
166,2,5,14.42,6
167,2,5,13.8,6
168,2,5,13.68,6
169,2,5,13.44,6
170,2,5,13.78,6
171,2,5,13.48,6
172,2,5,13.54,6
173,2,5,14.8,6
174,2,5,13.76,6
175,2,5,13.78,6
176,2,5,13.64,6
177,2,5,14.5,6
178,2,5,12.94,6
179,2,5,13.88,6
180,2,5,12.98,6
181,2,5,13.16,6
182,2,5,13.08,6
183,2,5,13.36,6
184,2,5,14.28,6
185,2,5,15.04,6
186,2,5,14.42,6
187,2,5,14.3,6
188,2,5,14.34,6
189,2,5,14.56,6
190,2,5,14.24,6
191,2,5,14.1,6
192,2,5,14.06,6
193,2,5,14.28,6
194,2,5,14.94,6
195,2,5,15.3,6
196,2,5,15.36,6
197,2,5,14.46,6
198,2,5,13.52,6
199,2,5,13.72,6
200,2,5,13.42,6
201,2,5,13.16,6
202,2,5,13.04,6
203,2,5,14.2,6
204,2,5,15.34,6
205,2,5,15.26,6
206,2,5,14.62,6
207,2,5,14.32,6
208,2,5,15.04,6
209,2,5,15.02,6
210,2,5,13.5,6
211,2,5,13.18,6
212,2,5,15.0,6
213,2,5,14.56,6
214,2,5,14.56,6
215,2,5,14.66,6
216,2,5,15.36,6
217,2,5,15.72,6
218,2,5,14.86,6
219,2,5,15.44,6
220,2,5,13.8,6
221,2,5,12.88,6
222,2,5,12.52,6
223,2,5,13.26,6
224,2,5,14.22,6
225,2,5,13.5,6
226,2,5,14.96,6
227,2,5,13.52,6
228,2,5,13.68,6
229,2,5,13.6,6
230,2,5,13.9,6
231,2,5,14.68,6
232,2,5,13.92,6
233,2,5,13.16,6
234,2,5,12.78,5
235,2,5,12.16,5
236,2,5,12.88,5
237,2,5,13.86,5
238,2,5,13.98,5
239,2,5,13.2,5
240,2,5,12.16,5
241,2,5,12.2,5
242,2,5,13.12,5
243,2,5,13.26,5
244,2,5,13.96,5
245,2,5,13.08,5
246,2,5,13.12,5
247,2,5,12.72,5
248,2,5,12.96,5
249,2,5,13.46,5
250,2,5,12.96,5
251,2,5,12.72,5
252,2,5,12.44,5
253,2,5,13.4,5
254,2,5,13.32,5
255,2,5,12.36,5
256,2,5,12.64,5
257,2,5,12.2,5
258,2,5,13.58,5
259,2,5,13.88,5
260,2,5,13.4,5
261,2,5,13.88,5
262,2,5,13.9,5
263,2,5,12.8,5
264,2,5,12.48,5
265,2,5,13.4,5
266,2,5,14.42,5
267,2,5,13.08,5
268,2,5,12.5,5
269,2,5,12.88,5
270,2,5,12.2,5
271,2,5,13.08,5
272,2,5,13.58,5
273,2,5,13.64,5
274,2,5,12.84,5
275,2,5,13.14,5
276,2,5,13.5,5
277,2,5,13.34,5
278,2,5,13.9,5
279,2,5,13.32,5
280,2,5,13.8,5
281,2,5,12.42,5
282,2,5,13.62,5
283,2,5,14.44,5
284,2,5,13.56,5
285,2,5,13.76,5
286,2,5,12.68,5
287,2,5,12.76,5
288,2,5,13.3,5
289,2,5,12.38,5
290,2,5,12.58,5
291,2,5,11.98,5
292,2,5,12.36,5
293,2,5,13.68,5
294,2,5,13.58,5
295,2,5,12.6,5
296,2,5,13.3,5
297,2,5,13.62,5
298,2,5,12.72,5
299,2,5,13.5,5
300,2,5,13.4,5
301,2,5,13.02,5
302,2,5,12.94,5
303,2,5,12.78,5
304,2,5,12.94,4
305,2,5,12.58,4
306,2,5,11.76,4
307,2,5,11.4,4
308,2,5,12.64,4
309,2,5,12.48,4
310,2,5,12.72,4
311,2,5,12.38,4
312,2,5,11.14,4
313,2,5,12.9,4
314,2,5,12.58,4
315,2,5,11.48,4
316,2,5,11.2,4
317,2,5,11.24,4
318,2,5,11.56,4
319,2,5,12.54,4
320,2,5,12.16,3
321,2,5,11.52,3
322,2,5,12.76,3
323,2,5,13.36,3
324,2,5,13.5,3
325,2,5,12.38,3
326,2,5,11.2,3
327,2,5,11.52,3
328,2,5,11.82,3
329,2,5,12.02,3
330,2,5,10.74,3
331,2,5,10.88,3
332,2,5,10.88,3
333,2,5,11.18,3
334,2,5,10.12,3
335,2,5,11.36,3
336,2,5,11.9,3
337,2,5,12.4,3
338,2,5,11.24,3
339,2,5,10.32,3
340,2,5,11.38,3
341,2,5,11.42,3
342,2,5,12.06,3
343,2,5,11.86,3
344,2,5,12.16,3
345,2,5,11.98,3
346,2,5,12.0,3
347,2,5,12.32,3
348,2,5,12.52,3
349,2,5,13.32,3
350,2,5,14.08,3
351,2,5,13.3,3
352,2,5,12.72,3
353,2,5,12.12,3
354,2,5,11.08,3
355,2,5,12.24,3
356,2,5,12.76,3
357,2,5,11.76,3
358,2,5,12.02,3
359,2,5,12.9,3
360,2,5,13.04,3
361,2,5,11.16,3
362,2,5,11.7,3
363,2,5,11.48,3
364,2,5,12.36,3
365,2,5,12.24,3
366,2,5,11.76,3
367,2,5,11.64,3
368,2,5,11.46,3
369,2,5,12.1,3
370,2,5,11.8,3
371,2,5,10.5,3
372,2,5,10.76,3
373,2,5,11.1,3
374,2,5,11.1,3
375,2,5,12.3,3
376,2,5,12.96,3
377,2,5,12.74,3
378,2,5,12.54,3
379,2,5,12.34,3
380,2,5,11.94,3
381,2,5,11.2,3
382,2,5,10.7,3
383,2,5,10.54,3
384,2,5,10.9,3
385,2,5,10.72,3
386,2,5,12.1,3
387,2,5,11.84,3
388,2,5,12.3,3
389,2,5,12.72,3
390,2,5,13.14,3
391,2,5,13.34,3
392,2,5,13.42,3
393,2,5,13.06,3
394,2,5,12.76,3
395,2,5,12.7,3
396,2,5,12.08,3
397,2,5,10.54,3
398,2,5,10.5,3
399,2,5,11.9,3
400,2,5,11.58,3
401,2,5,12.66,3
402,2,5,11.94,3
403,2,5,11.8,3
404,2,5,13.38,3
405,2,5,13.32,3
406,2,5,12.82,3
407,2,5,12.86,3
408,2,5,11.18,3
409,2,5,11.22,3
410,2,5,10.92,3
411,2,5,10.18,3
412,2,5,10.4,3
413,2,5,10.08,3
414,2,5,10.16,3
415,2,5,9.88,3
416,2,5,10.62,3
417,2,5,12.32,3
418,2,5,12.0,3
419,2,5,12.16,3
420,2,5,11.78,3
421,2,5,11.84,3
422,2,5,12.16,3
423,2,5,10.98,3
424,2,5,11.4,3
425,2,5,10.72,3
426,2,5,9.98,3
427,2,5,10.66,3
428,2,5,11.26,3
429,2,5,12.4,3
430,2,5,11.64,3
431,2,5,12.14,3
432,2,5,11.7,3
433,2,5,11.44,3
434,2,5,12.42,3
435,2,5,11.66,3
436,2,5,9.62,3
437,2,5,10.36,3
438,2,5,11.28,3
439,2,5,12.22,3
440,2,5,12.5,3
441,2,5,11.8,3
442,2,5,11.18,3
443,2,5,11.58,3
444,2,5,11.86,3
445,2,5,12.02,3
446,2,5,11.12,3
447,2,5,10.42,3
448,2,5,10.9,3
449,2,5,12.42,3
450,2,5,11.92,3
451,2,5,11.9,3
452,2,5,11.7,3
453,2,5,12.68,3
454,2,5,13.06,3
455,2,5,13.34,3
456,2,5,12.88,3
457,2,5,13.42,3
458,2,5,13.02,3
459,2,5,13.2,3
460,2,5,12.14,3
461,2,5,11.26,3
462,2,5,11.52,3
463,2,5,11.46,3
464,2,5,10.82,3
465,2,5,10.7,3
466,2,5,9.96,3
467,2,5,10.4,3
468,2,5,11.08,3
469,2,5,11.92,3
470,2,5,12.94,3
471,2,5,12.3,3
472,2,5,12.58,3
473,2,5,12.12,3
474,2,5,10.7,3
475,2,5,10.8,3
476,2,5,11.72,3
477,2,5,11.32,3
478,2,5,11.32,3
479,2,5,12.92,3
480,2,5,13.38,3
481,2,5,13.84,3
482,2,5,13.5,3
483,2,5,13.38,3
484,2,5,13.26,3
485,2,5,12.6,3
486,2,5,12.32,3
487,2,5,12.44,3
488,2,5,11.88,3
489,2,5,11.26,3
490,2,5,11.02,3
491,2,5,11.24,3
492,2,5,10.92,3
493,2,5,11.46,3
494,2,5,11.46,3
495,2,5,13.06,3
496,2,5,12.52,3
497,2,5,11.38,3
498,2,5,11.54,3
499,2,5,12.28,2
500,2,5,10.72,2
501,2,5,11.0,2
502,2,5,11.94,2
503,2,5,12.48,2
504,2,5,11.82,2
505,2,5,11.8,2
506,2,5,11.52,2
507,2,5,10.8,2
508,2,5,10.34,2
509,2,5,11.38,2
510,2,5,10.82,2
511,2,5,10.3,2
512,2,5,10.68,2
513,2,5,10.88,2
514,2,5,11.38,2
515,2,5,11.08,2
516,2,5,9.4,2
517,2,5,9.0,2
518,2,5,10.32,2
519,2,5,9.96,2
520,2,5,10.7,2
521,2,5,11.8,2
522,2,5,9.34,2
523,2,5,10.38,2
524,2,5,10.96,2
525,2,5,11.32,2
526,2,5,12.0,2
527,2,5,11.6,2
528,2,5,10.84,2
529,2,5,11.3,2
530,2,5,10.44,2
531,2,5,10.78,2
532,2,5,11.22,2
533,2,5,13.16,2
534,2,5,11.74,2
535,2,5,11.88,2
536,2,5,11.92,2
537,2,5,11.84,2
538,2,5,11.06,2
539,2,5,9.74,2
540,2,5,10.36,2
541,2,5,10.88,2
542,2,5,11.62,2
543,2,5,13.0,2
544,2,5,12.86,2
545,2,5,13.22,2
546,2,5,13.52,2
547,2,5,12.86,2
548,2,5,12.76,2
549,2,5,14.06,2
550,2,5,13.82,2
551,2,5,11.34,2
552,2,5,11.66,2
553,2,5,12.28,2
554,2,5,12.0,2
555,2,5,10.1,2
556,2,5,11.16,2
557,2,5,10.68,2
558,2,5,10.16,2
559,2,5,10.46,2
560,2,5,11.84,2
561,2,5,13.08,2
562,2,5,12.1,2
563,2,5,11.24,2
564,2,5,11.52,2
565,2,5,11.16,2
566,2,5,12.24,2
567,2,5,12.52,2
568,2,5,11.36,2
569,2,5,10.56,2
570,2,5,10.08,2
571,2,5,10.2,2
572,2,5,10.54,2
573,2,5,10.66,2
574,2,5,9.82,2
575,2,5,10.28,2
576,2,5,10.58,2
577,2,5,9.86,2
578,2,5,10.76,2
579,2,5,10.72,2
580,2,5,10.26,2
581,2,5,11.7,2
582,2,5,11.34,2
583,2,5,11.88,2
584,2,5,10.8,2
585,2,5,10.76,2
586,2,5,9.88,2
587,2,5,11.52,2
588,2,5,11.82,2
589,2,5,11.16,2
590,2,5,11.22,2
591,2,5,11.5,2
592,2,5,11.62,2
593,2,5,11.74,2
594,2,5,12.28,2
595,2,5,11.58,2
596,2,5,12.28,2
597,2,5,11.18,2
598,2,5,11.4,2
599,2,5,10.16,2
600,2,5,10.6,2
601,2,5,12.04,2
602,2,5,12.1,2
603,2,5,11.82,2
604,2,5,13.26,2
605,2,5,13.22,2
606,2,5,13.58,2
607,2,5,11.96,2
608,2,5,10.88,2
609,2,5,11.58,2
610,2,5,11.7,2
611,2,5,11.56,2
612,2,5,9.82,2
613,2,5,10.7,2
614,2,5,11.06,2
615,2,5,11.3,2
616,2,5,11.7,2
617,2,5,10.74,2
618,2,5,11.6,2
619,2,5,10.94,2
620,2,5,11.52,2
621,2,5,12.0,2
622,2,5,10.78,2
623,2,5,11.5,2
624,2,5,11.84,2
625,2,5,11.48,2
626,2,5,11.44,2
627,2,5,11.58,2
628,2,5,11.82,2
629,2,5,12.14,2
630,2,5,10.48,2
631,2,5,11.92,2
632,2,5,11.6,2
633,2,5,10.94,2
634,2,5,11.2,2
635,2,5,11.92,2
636,2,5,11.6,2
637,2,5,11.12,2
638,2,5,10.74,2
639,2,5,11.7,2
640,2,5,12.68,2
641,2,5,12.64,2
642,2,5,12.36,2
643,2,5,12.48,2
644,2,5,12.14,2
645,2,5,10.96,2
646,2,5,10.48,2
647,2,5,10.44,2
648,2,5,10.82,2
649,2,5,11.82,2
650,2,5,12.38,2
651,2,5,11.54,2
652,2,5,11.9,2
653,2,5,12.9,2
654,2,5,11.64,2
655,2,5,10.64,2
656,2,5,10.72,2
657,2,5,11.24,2
658,2,5,10.94,2
659,2,5,11.06,2
660,2,5,10.22,2
661,2,5,11.86,2
662,2,5,11.24,2
663,2,5,10.5,2
664,2,5,10.5,2
665,2,5,11.3,2
666,2,5,10.72,2
667,2,5,11.6,2
668,2,5,10.98,2
669,2,5,11.6,2
670,2,5,10.24,2
671,2,5,9.98,2
672,2,5,11.76,2
673,2,5,11.16,2
674,2,5,11.74,2
675,2,5,13.12,2
676,2,5,10.34,2
677,2,5,10.54,2
678,2,5,10.4,2
679,2,5,9.84,2
680,2,5,9.4,2
681,2,5,10.04,2
682,2,5,10.28,2
683,2,5,9.9,2
684,2,5,10.56,2
685,2,5,11.82,2
686,2,5,11.58,2
687,2,5,12.62,2
688,2,5,13.06,2
689,2,5,12.48,2
690,2,5,12.32,2
691,2,5,11.42,2
692,2,5,12.36,2
693,2,5,11.44,2
694,2,5,11.86,2
695,2,5,9.88,2
696,2,5,10.52,2
697,2,5,11.16,2
698,2,5,11.36,2
699,2,5,11.76,2
700,2,5,12.5,2
701,2,5,10.42,2
702,2,5,10.98,2
703,2,5,10.44,2
704,2,5,9.84,2
705,2,5,10.68,2
706,2,5,11.28,2
707,2,5,12.86,2
708,2,5,12.86,2
709,2,5,11.54,2
710,2,5,10.72,2
711,2,5,10.04,2
712,2,5,10.26,2
713,2,5,10.26,2
714,2,5,10.88,2
715,2,5,9.94,2
716,2,5,11.2,2
717,2,5,12.56,2
718,2,5,12.72,2
719,2,5,12.46,2
720,2,5,11.88,2
721,2,5,11.98,2
722,2,5,10.88,2
723,2,5,10.78,2
724,2,5,10.38,2
725,2,5,11.36,2
726,2,5,10.16,2
727,2,5,9.58,2
728,2,5,9.72,2
729,2,5,9.52,2
730,2,5,9.76,2
731,2,5,11.24,2
732,2,5,11.1,2
733,2,5,10.94,2
734,2,5,10.8,2
735,2,5,11.26,2
736,2,5,10.94,2
737,2,5,10.06,2
738,2,5,10.22,2
739,2,5,10.74,2
740,2,5,11.04,2
741,2,5,10.6,2
742,2,5,9.92,2
743,2,5,9.94,2
744,2,5,9.06,2
745,2,5,10.58,2
746,2,5,11.26,2
747,2,5,11.32,2
748,2,5,11.7,2
749,2,5,12.3,2
750,2,5,12.0,2
751,2,5,12.22,2
752,2,5,11.88,2
753,2,5,10.38,2
754,2,5,10.54,2
755,2,5,11.48,2
756,2,5,11.74,2
757,2,5,11.16,2
758,2,5,11.06,2
759,2,5,10.3,2
760,2,5,11.5,2
761,2,5,11.82,2
762,2,5,12.28,2
763,2,5,11.1,2
764,2,5,11.92,2
765,2,5,11.96,2
766,2,5,11.06,2
767,2,5,10.62,2
768,2,5,10.64,2
769,2,5,11.72,2
770,2,5,11.6,2
771,2,5,12.34,2
772,2,5,11.0,2
773,2,5,10.2,2
774,2,5,9.12,2
775,2,5,9.08,2
776,2,5,8.68,2
777,2,5,9.18,2
778,2,5,9.06,2
779,2,5,10.34,2
780,2,5,10.32,2
781,2,5,11.16,2
782,2,5,10.8,2
783,2,5,11.28,2
784,2,5,10.42,2
785,2,5,9.66,2
786,2,5,9.26,2
787,2,5,10.0,2
788,2,5,9.94,2
789,2,5,10.16,2
790,2,5,10.58,2
791,2,5,11.32,2
792,2,5,13.18,2
793,2,5,12.36,2
794,2,5,12.74,2
795,2,5,11.88,2
796,2,5,11.7,2
797,2,5,10.68,2
798,2,5,10.64,2
799,2,5,11.4,2
800,2,5,10.92,2
801,2,5,10.92,2
802,2,5,10.74,2
803,2,5,11.6,2
804,2,5,11.7,2
805,2,5,10.02,2
806,2,5,10.4,2
807,2,5,11.04,2
808,2,5,11.64,2
809,2,5,11.26,2
810,2,5,10.96,2
811,2,5,10.7,2
812,2,5,9.46,2
813,2,5,9.78,2
814,2,5,9.62,2
815,2,5,11.2,2
816,2,5,11.16,2
817,2,5,10.52,2
818,2,5,11.26,2
819,2,5,11.74,2
820,2,5,11.86,2
821,2,5,11.08,2
822,2,5,11.54,2
823,2,5,10.76,2
824,2,5,11.2,2
825,2,5,10.28,2
826,2,5,10.48,2
827,2,5,9.54,2
828,2,5,8.88,2
829,2,5,9.26,2
830,2,5,10.06,2
831,2,5,10.42,2
832,2,5,11.56,2
833,2,5,11.6,2
834,2,5,11.02,2
835,2,5,12.08,2
836,2,5,12.56,2
837,2,5,13.16,2
838,2,5,12.02,2
839,2,5,12.14,2
840,2,5,13.16,2
841,2,5,12.74,2
842,2,5,11.84,2
843,2,5,10.8,2
844,2,5,10.82,2
845,2,5,10.86,2
846,2,5,10.76,2
847,2,5,9.88,2
848,2,5,9.4,2
849,2,5,9.98,2
850,2,5,11.72,2
851,2,5,11.14,2
852,2,5,11.4,2
853,2,5,11.4,2
854,2,5,11.54,2
855,2,5,11.18,2
856,2,5,10.94,2
857,2,5,11.78,2
858,2,5,12.3,2
859,2,5,13.0,2
860,2,5,12.78,2
861,2,5,12.2,2
862,2,5,11.88,2
863,2,5,11.44,2
864,2,5,11.02,2
865,2,5,12.56,2
866,2,5,11.34,2
867,2,5,11.48,2
868,2,5,10.98,2
869,2,5,11.2,2
870,2,5,11.34,2
871,2,5,11.48,2
872,2,5,10.78,2
873,2,5,11.36,2
874,2,5,10.4,2
875,2,5,10.94,2
876,2,5,10.92,2
877,2,5,11.88,2
878,2,5,10.76,2
879,2,5,11.46,2
880,2,5,10.44,2
881,2,5,10.6,2
882,2,5,11.54,2
883,2,5,10.66,2
884,2,5,10.98,2
885,2,5,11.24,2
886,2,5,10.46,2
887,2,5,11.2,2
888,2,5,11.84,2
889,2,5,12.0,2
890,2,5,11.5,2
891,2,5,9.72,2
892,2,5,10.88,2
893,2,5,11.18,2
894,2,5,11.62,2
895,2,5,11.72,2
896,2,5,10.56,2
897,2,5,10.54,2
898,2,5,10.8,2
899,2,5,12.04,2
900,2,5,12.92,2
901,2,5,12.26,2
902,2,5,11.5,2
903,2,5,11.52,2
904,2,5,11.58,2
905,2,5,11.04,2
906,2,5,11.16,2
907,2,5,11.16,2
908,2,5,10.54,2
909,2,5,11.0,2
910,2,5,11.22,2
911,2,5,12.48,2
912,2,5,12.68,2
913,2,5,10.44,2
914,2,5,11.24,2
915,2,5,11.96,2
916,2,5,11.3,2
917,2,5,11.8,2
918,2,5,11.7,2
919,2,5,11.12,2
920,2,5,10.7,2
921,2,5,10.48,2
922,2,5,10.1,2
923,2,5,9.88,2
924,2,5,10.94,2
925,2,5,10.56,2
926,2,5,11.16,2
927,2,5,11.88,2
928,2,5,11.66,2
929,2,5,11.68,2
930,2,5,11.64,2
931,2,5,10.94,2
932,2,5,12.62,2
933,2,5,12.52,2
934,2,5,11.62,2
935,2,5,10.64,2
936,2,5,10.46,2
937,2,5,10.58,2
938,2,5,11.02,2
939,2,5,10.88,2
940,2,5,9.84,2
941,2,5,10.52,2
942,2,5,11.0,2
943,2,5,10.86,2
944,2,5,9.72,2
945,2,5,9.72,2
946,2,5,9.84,2
947,2,5,9.66,2
948,2,5,10.24,2
949,2,5,10.08,2
950,2,5,10.86,2
951,2,5,12.12,2
952,2,5,12.88,2
953,2,5,11.46,2
954,2,5,11.22,2
955,2,5,11.58,2
956,2,5,10.58,2
957,2,5,11.86,2
958,2,5,12.28,2
959,2,5,11.14,2
960,2,5,10.42,2
961,2,5,10.82,2
962,2,5,11.76,2
963,2,5,10.9,2
964,2,5,11.16,2
965,2,5,11.42,2
966,2,5,11.16,2
967,2,5,11.26,2
968,2,5,11.68,2
969,2,5,12.42,2
970,2,5,11.74,2
971,2,5,12.6,2
972,2,5,12.16,2
973,2,5,12.94,2
974,2,5,12.46,2
975,2,5,10.22,2
976,2,5,9.82,2
977,2,5,9.3,2
978,2,5,9.72,2
979,2,5,10.46,2
980,2,5,10.84,2
981,2,5,11.86,2
982,2,5,13.06,2
983,2,5,12.2,2
984,2,5,10.4,2
985,2,5,10.72,2
986,2,5,11.9,2
987,2,5,11.16,2
988,2,5,11.0,2
989,2,5,11.9,2
990,2,5,10.74,2
991,2,5,12.3,2
992,2,5,12.8,2
993,2,5,13.26,2
994,2,5,13.1,2
995,2,5,12.48,2
996,2,5,12.6,2
997,2,5,12.64,2
998,2,5,11.72,2
999,2,5,11.96,2
1000,2,5,11.58,2
1001,2,5,10.48,2
1002,2,5,11.04,2
1003,2,5,11.88,2
1004,2,5,11.46,2
1005,2,5,10.44,2
1006,2,5,10.98,2
1007,2,5,10.48,2
1008,2,5,10.46,2
1009,2,5,9.7,2
1010,2,5,11.34,2
1011,2,5,11.36,2
1012,2,5,10.92,2
1013,2,5,10.84,2
1014,2,5,10.32,2
1015,2,5,10.18,2
1016,2,5,10.26,2
1017,2,5,10.92,2
1018,2,5,11.38,2
1019,2,5,12.38,2
1020,2,5,11.2,2
1021,2,5,9.86,2
1022,2,5,10.02,2
1023,2,5,11.0,2
1024,2,5,10.4,2
1025,2,5,9.88,2
1026,2,5,10.4,2
1027,2,5,10.72,2
1028,2,5,10.26,2
1029,2,5,10.54,2
1030,2,5,9.9,2
1031,2,5,9.68,2
1032,2,5,8.46,2
1033,2,5,9.8,2
1034,2,5,10.64,2
1035,2,5,11.38,2
1036,2,5,10.5,2
1037,2,5,10.2,2
1038,2,5,9.8,2
1039,2,5,9.96,2
1040,2,5,11.18,2
1041,2,5,11.18,2
1042,2,5,9.9,2
1043,2,5,10.16,2
1044,2,5,10.54,2
1045,2,5,10.1,2
1046,2,5,9.66,2
1047,2,5,10.62,2
1048,2,5,10.56,2
1049,2,5,11.16,2
1050,2,5,11.28,2
1051,2,5,10.66,2
1052,2,5,10.74,2
1053,2,5,11.06,2
1054,2,5,11.66,2
1055,2,5,11.3,2
1056,2,5,11.12,2
1057,2,5,10.48,2
1058,2,5,10.7,2
1059,2,5,11.1,2
1060,2,5,11.96,2
1061,2,5,11.84,2
1062,2,5,11.6,2
1063,2,5,11.14,2
1064,2,5,11.32,2
1065,2,5,11.24,2
1066,2,5,11.9,2
1067,2,5,11.72,2
1068,2,5,10.98,2
1069,2,5,11.16,2
1070,2,5,12.76,2
1071,2,5,13.08,2
1072,2,5,11.1,2
1073,2,5,10.24,2
1074,2,5,9.96,2
1075,2,5,10.08,2
1076,2,5,11.3,2
1077,2,5,11.1,2
1078,2,5,10.96,2
1079,2,5,12.26,2
1080,2,5,12.72,2
1081,2,5,12.88,2
1082,2,5,12.58,2
1083,2,5,12.62,2
1084,2,5,11.68,2
1085,2,5,10.9,2
1086,2,5,11.5,2
1087,2,5,12.5,2
1088,2,5,11.12,2
1089,2,5,11.26,2
1090,2,5,10.62,2
1091,2,5,11.12,2
1092,2,5,10.54,2
1093,2,5,9.44,2
1094,2,5,10.06,2
1095,2,5,9.7,2
1096,2,5,9.68,2
1097,2,5,10.44,2
1098,2,5,11.18,2
1099,2,5,10.84,2
1100,2,5,10.2,2
1101,2,5,10.18,2
1102,2,5,11.2,2
1103,2,5,11.66,2
1104,2,5,10.06,2
1105,2,5,11.34,2
1106,2,5,11.52,2
1107,2,5,12.12,2
1108,2,5,12.22,2
1109,2,5,11.72,2
1110,2,5,11.52,2
1111,2,5,11.7,2
1112,2,5,11.54,2
1113,2,5,11.3,2
1114,2,5,10.12,2
1115,2,5,10.74,2
1116,2,5,10.68,2
1117,2,5,11.8,2
1118,2,5,9.6,2
1119,2,5,9.72,2
1120,2,5,10.2,2
1121,2,5,11.28,2
1122,2,5,11.62,2
1123,2,5,12.14,2
1124,2,5,11.8,2
1125,2,5,11.24,2
1126,2,5,11.08,2
1127,2,5,10.56,2
1128,2,5,11.26,2
1129,2,5,11.62,2
1130,2,5,12.0,2
1131,2,5,12.14,2
1132,2,5,12.74,2
1133,2,5,12.12,2
1134,2,5,13.1,2
1135,2,5,12.74,2
1136,2,5,12.1,2
1137,2,5,11.82,2
1138,2,5,12.46,2
1139,2,5,11.84,2
1140,2,5,12.42,2
1141,2,5,12.34,2
1142,2,5,11.4,2
1143,2,5,11.12,2
1144,2,5,12.34,2
1145,2,5,12.6,2
1146,2,5,12.2,2
1147,2,5,11.32,2
1148,2,5,11.0,2
1149,2,5,11.38,2
1150,2,5,11.04,2
1151,2,5,11.4,2
1152,2,5,11.06,2
1153,2,5,12.34,2
1154,2,5,12.38,2
1155,2,5,12.18,2
1156,2,5,12.1,2
1157,2,5,11.48,2
1158,2,5,11.8,2
1159,2,5,11.44,2
1160,2,5,11.78,2
1161,2,5,10.5,2
1162,2,5,10.64,2
1163,2,5,10.04,2
1164,2,5,11.44,2
1165,2,5,11.86,2
1166,2,5,11.18,2
1167,2,5,10.8,2
1168,2,5,10.76,2
1169,2,5,10.92,2
1170,2,5,10.32,2
1171,2,5,10.88,2
1172,2,5,10.7,2
1173,2,5,11.9,2
1174,2,5,11.5,2
1175,2,5,11.84,2
1176,2,5,12.7,2
1177,2,5,12.06,2
1178,2,5,12.14,2
1179,2,5,11.18,2
1180,2,5,12.72,2
1181,2,5,13.14,2
1182,2,5,12.02,2
1183,2,5,11.44,2
1184,2,5,11.36,2
1185,2,5,11.22,2
1186,2,5,10.66,2
1187,2,5,10.52,2
1188,2,5,10.5,2
1189,2,5,10.72,2
1190,2,5,10.38,2
1191,2,5,11.28,2
1192,2,5,11.38,2
1193,2,5,12.38,2
1194,2,5,11.78,2
1195,2,5,12.02,2
1196,2,5,10.16,2
1197,2,5,9.94,2
1198,2,5,10.18,2
1199,2,5,11.12,2
1200,2,5,11.74,2
1201,2,5,11.22,2
1202,2,5,11.16,2
1203,2,5,9.58,2
1204,2,5,10.8,2
1205,2,5,11.34,2
1206,2,5,11.7,2
1207,2,5,11.64,2
1208,2,5,12.64,2
1209,2,5,12.24,2
1210,2,5,10.82,2
1211,2,5,10.6,2
1212,2,5,10.9,2
1213,2,5,9.5,2
1214,2,5,10.38,2
1215,2,5,10.44,2
1216,2,5,10.28,2
1217,2,5,11.0,2
1218,2,5,11.7,2
1219,2,5,11.82,2
1220,2,5,11.58,2
1221,2,5,10.88,2
1222,2,5,10.38,2
1223,2,5,10.32,2
1224,2,5,9.58,2
1225,2,5,9.76,2
1226,2,5,9.24,2
1227,2,5,9.86,2
1228,2,5,10.66,2
1229,2,5,11.32,2
1230,2,5,10.84,2
1231,2,5,11.26,2
1232,2,5,11.48,2
1233,2,5,11.3,2
1234,2,5,11.0,2
1235,2,5,10.78,2
1236,2,5,10.94,2
1237,2,5,10.1,2
1238,2,5,10.66,2
1239,2,5,10.46,2
1240,2,5,11.56,2
1241,2,5,11.46,2
1242,2,5,11.6,2
1243,2,5,10.7,2
1244,2,5,11.28,2
1245,2,5,11.48,2
1246,2,5,12.32,2
1247,2,5,11.6,2
1248,2,5,12.3,2
1249,2,5,10.84,2
1250,2,5,10.24,2
1251,2,5,9.6,2
1252,2,5,11.02,2
1253,2,5,10.82,2
1254,2,5,11.72,2
1255,2,5,12.72,2
1256,2,5,11.8,2
1257,2,5,12.34,2
1258,2,5,11.54,2
1259,2,5,11.8,2
1260,2,5,11.46,2
1261,2,5,10.06,2
1262,2,5,9.92,2
1263,2,5,10.04,2
1264,2,5,10.0,2
1265,2,5,10.06,2
1266,2,5,10.34,2
1267,2,5,10.24,2
1268,2,5,10.26,2
1269,2,5,10.92,2
1270,2,5,10.76,2
1271,2,5,11.8,2
1272,2,5,11.96,2
1273,2,5,12.18,2
1274,2,5,11.66,2
1275,2,5,11.46,2
1276,2,5,10.26,2
1277,2,5,11.22,2
1278,2,5,11.06,2
1279,2,5,11.74,2
1280,2,5,12.56,2
1281,2,5,11.88,2
1282,2,5,9.96,2
1283,2,5,10.68,2
1284,2,5,9.62,2
1285,2,5,10.1,2
1286,2,5,10.46,2
1287,2,5,10.72,2
1288,2,5,11.02,2
1289,2,5,10.0,2
1290,2,5,10.08,2
1291,2,5,11.04,2
1292,2,5,10.36,2
1293,2,5,10.64,2
1294,2,5,10.6,2
1295,2,5,11.2,2
1296,2,5,11.12,2
1297,2,5,9.94,2
1298,2,5,11.32,2
1299,2,5,12.48,2
1300,2,5,12.5,2
1301,2,5,11.0,2
1302,2,5,11.02,2
1303,2,5,10.78,2
1304,2,5,10.06,2
1305,2,5,9.98,2
1306,2,5,9.88,2
1307,2,5,11.54,2
1308,2,5,11.56,2
1309,2,5,12.36,2
1310,2,5,13.6,2
1311,2,5,12.74,2
1312,2,5,12.0,2
1313,2,5,12.66,2
1314,2,5,10.9,2
1315,2,5,12.42,2
1316,2,5,13.06,2
1317,2,5,12.92,2
1318,2,5,12.2,2
1319,2,5,10.78,2
1320,2,5,9.56,2
1321,2,5,11.04,2
1322,2,5,10.84,2
1323,2,5,11.6,2
1324,2,5,10.82,2
1325,2,5,11.24,2
1326,2,5,9.42,2
1327,2,5,10.34,2
1328,2,5,9.88,2
1329,2,5,10.02,2
1330,2,5,10.34,2
1331,2,5,10.9,2
1332,2,5,11.68,2
1333,2,5,11.12,2
1334,2,5,10.84,2
1335,2,5,10.46,2
1336,2,5,10.56,2
1337,2,5,10.62,2
1338,2,5,10.14,2
1339,2,5,10.7,2
1340,2,5,11.38,2
1341,2,5,11.88,2
1342,2,5,10.8,2
1343,2,5,9.98,2
1344,2,5,11.36,2
1345,2,5,11.02,2
1346,2,5,12.34,2
1347,2,5,11.88,2
1348,2,5,11.4,2
1349,2,5,9.96,2
1350,2,5,10.5,2
1351,2,5,11.0,2
1352,2,5,10.8,1
1353,2,5,10.74,1
1354,2,5,10.24,1
1355,2,5,11.08,1
1356,2,5,11.92,1
1357,2,5,10.74,1
1358,2,5,11.12,1
1359,2,5,12.28,1
1360,2,5,10.22,1
1361,2,5,9.98,1
1362,2,5,9.8,1
1363,2,5,9.96,1
1364,2,5,9.66,1
1365,2,5,10.52,1
1366,2,5,11.4,1
1367,2,5,11.2,1
1368,2,5,12.62,1
1369,2,5,11.88,1
1370,2,5,10.14,1
1371,2,5,10.52,1
1372,2,5,11.16,1
1373,2,5,10.24,1
1374,2,5,10.54,1
1375,2,5,11.96,1
1376,2,5,10.32,1
1377,2,5,10.08,1
1378,2,5,9.58,1
1379,2,5,8.58,1
1380,2,5,9.76,1
1381,2,5,10.46,1
1382,2,5,10.9,1
1383,2,5,10.62,1
1384,2,5,11.18,1
1385,2,5,10.06,1
1386,2,5,10.58,1
1387,2,5,8.86,1
1388,2,5,8.74,1
1389,2,5,8.88,1
1390,2,5,10.06,1
1391,2,5,10.32,1
1392,2,5,11.04,1
1393,2,5,11.02,1
1394,2,5,11.24,1
1395,2,5,10.56,1
1396,2,5,11.08,1
1397,2,5,10.8,1
1398,2,5,9.78,1
1399,2,5,9.28,1
1400,2,5,9.2,1
1401,2,5,9.76,1
1402,2,5,10.04,1
1403,2,5,11.2,1
1404,2,5,10.28,1
1405,2,5,10.08,1
1406,2,5,10.92,1
1407,2,5,10.38,1
1408,2,5,9.9,1
1409,2,5,9.58,1
1410,2,5,9.92,1
1411,2,5,9.26,1
1412,2,5,10.92,1
1413,2,5,10.62,1
1414,2,5,10.76,1
1415,2,5,9.64,1
1416,2,5,9.9,1
1417,2,5,10.46,1
1418,2,5,9.68,1
1419,2,5,10.1,1
1420,2,5,10.28,1
1421,2,5,11.54,1
1422,2,5,10.88,1
1423,2,5,11.52,1
1424,2,5,9.38,1
1425,2,5,9.2,1
1426,2,5,8.62,1
1427,2,5,9.1,1
1428,2,5,9.68,1
1429,2,5,9.26,1
1430,2,5,10.14,1
1431,2,5,9.62,1
1432,2,5,10.68,1
1433,2,5,10.9,1
1434,2,5,11.2,1
1435,2,5,10.86,1
1436,2,5,11.38,1
1437,2,5,10.1,1
1438,2,5,10.16,1
1439,2,5,10.28,1
1440,2,5,10.78,1
1441,2,5,10.7,1
1442,2,5,10.14,1
1443,2,5,10.98,1
1444,2,5,11.54,1
1445,2,5,11.4,1
1446,2,5,10.6,1
1447,2,5,8.82,1
1448,2,5,9.46,1
1449,2,5,9.4,1
1450,2,5,9.72,1
1451,2,5,10.48,1
1452,2,5,10.58,1
1453,2,5,10.98,1
1454,2,5,10.3,1
1455,2,5,10.84,1
1456,2,5,10.28,1
1457,2,5,10.06,1
1458,2,5,9.96,1
1459,2,5,9.0,1
1460,2,5,10.22,1
1461,2,5,10.9,1
1462,2,5,11.0,1
1463,2,5,11.14,1
1464,2,5,10.18,1
1465,2,5,9.74,1
1466,2,5,9.94,1
1467,2,5,10.18,1
1468,2,5,9.8,1
1469,2,5,9.14,1
1470,2,5,9.58,1
1471,2,5,9.26,1
1472,2,5,9.9,1
1473,2,5,10.4,1
1474,2,5,9.84,1
1475,2,5,10.98,1
1476,2,5,11.28,1
1477,2,5,10.88,1
1478,2,5,11.8,1
1479,2,5,11.5,1
1480,2,5,12.38,1
1481,2,5,12.08,1
1482,2,5,10.36,1
1483,2,5,11.16,1
1484,2,5,10.42,1
1485,2,5,9.34,1
1486,2,5,8.84,1
1487,2,5,9.92,1
1488,2,5,10.32,1
1489,2,5,12.86,1
1490,2,5,12.06,1
1491,2,5,11.24,1
1492,2,5,11.04,1
1493,2,5,10.52,1
1494,2,5,9.88,1
1495,2,5,9.96,1
1496,2,5,10.5,1
1497,2,5,10.92,1
1498,2,5,10.86,1
1499,2,5,10.1,1
1500,2,5,8.76,1
1501,2,5,9.92,1
1502,2,5,11.4,1
1503,2,5,11.04,1
1504,2,5,10.78,1
1505,2,5,10.16,1
1506,2,5,9.98,1
1507,2,5,10.24,1
1508,2,5,10.4,1
1509,2,5,10.8,1
1510,2,5,10.46,1
1511,2,5,9.9,1
1512,2,5,10.08,1
1513,2,5,10.48,1
1514,2,5,10.2,1
1515,2,5,10.24,1
1516,2,5,9.56,1
1517,2,5,9.12,1
1518,2,5,9.3,1
1519,2,5,11.12,1
1520,2,5,10.6,1
1521,2,5,10.7,1
1522,2,5,10.84,1
1523,2,5,10.36,1
1524,2,5,11.16,1
1525,2,5,9.24,1
1526,2,5,9.56,1
1527,2,5,10.8,1
1528,2,5,10.44,1
1529,2,5,10.52,1
1530,2,5,11.02,1
1531,2,5,10.86,1
1532,2,5,9.08,1
1533,2,5,9.92,1
1534,2,5,8.78,1
1535,2,5,8.82,1
1536,2,5,9.44,1
1537,2,5,8.9,1
1538,2,5,8.1,1
1539,2,5,9.0,1
1540,2,5,9.54,1
1541,2,5,10.24,1
1542,2,5,11.18,1
1543,2,5,11.2,1
1544,2,5,11.38,1
1545,2,5,11.84,1
1546,2,5,11.78,1
1547,2,5,11.0,1
1548,2,5,9.4,1
1549,2,5,10.18,1
1550,2,5,9.26,1
1551,2,5,10.08,1
1552,2,5,9.94,1
1553,2,5,11.28,1
1554,2,5,11.68,1
1555,2,5,11.4,1
1556,2,5,12.42,1
1557,2,5,11.54,1
1558,2,5,10.42,1
1559,2,5,11.38,1
1560,2,5,11.24,1
1561,2,5,10.58,1
1562,2,5,9.5,1
1563,2,5,9.78,1
1564,2,5,9.48,1
1565,2,5,9.3,1
1566,2,5,7.64,1
1567,2,5,7.94,1
1568,2,5,8.74,1
1569,2,5,9.38,1
1570,2,5,10.8,1
1571,2,5,10.96,1
1572,2,5,10.08,1
1573,2,5,10.52,1
1574,2,5,10.16,1
1575,2,5,10.28,1
1576,2,5,9.5,1
1577,2,5,10.18,1
1578,2,5,10.6,1
1579,2,5,11.28,1
1580,2,5,11.54,1
1581,2,5,11.56,1
1582,2,5,11.58,1
1583,2,5,10.52,1
1584,2,5,11.26,1
1585,2,5,10.44,1
1586,2,5,10.92,1
1587,2,5,10.14,1
1588,2,5,10.16,1
1589,2,5,9.02,1
1590,2,5,9.56,1
1591,2,5,9.4,1
1592,2,5,10.2,1
1593,2,5,9.78,1
1594,2,5,8.78,1
1595,2,5,10.28,1
1596,2,5,9.76,1
1597,2,5,9.86,1
1598,2,5,10.86,1
1599,2,5,10.64,1
1600,2,5,10.78,1
1601,2,5,10.04,1
1602,2,5,9.42,1
1603,2,5,9.08,1
1604,2,5,9.26,1
1605,2,5,8.66,1
1606,2,5,9.2,1
1607,2,5,8.94,1
1608,2,5,10.7,1
1609,2,5,10.7,1
1610,2,5,11.54,1
1611,2,5,11.34,1
1612,2,5,11.4,1
1613,2,5,10.72,1
1614,2,5,9.58,1
1615,2,5,10.56,1
1616,2,5,10.36,1
1617,2,5,11.04,1
1618,2,5,11.06,1
1619,2,5,11.24,1
1620,2,5,11.5,1
1621,2,5,11.34,1
1622,2,5,10.98,1
1623,2,5,10.04,1
1624,2,5,10.16,1
1625,2,5,10.22,1
1626,2,5,10.18,1
1627,2,5,10.28,1
1628,2,5,10.44,1
1629,2,5,10.98,1
1630,2,5,11.92,1
1631,2,5,10.24,1
1632,2,5,11.42,1
1633,2,5,11.5,1
1634,2,5,11.32,1
1635,2,5,10.54,1
1636,2,5,11.24,1
1637,2,5,10.66,1
1638,2,5,10.48,1
1639,2,5,10.64,1
1640,2,5,10.62,1
1641,2,5,9.94,1
1642,2,5,8.5,1
1643,2,5,9.44,1
1644,2,5,9.32,1
1645,2,5,8.46,1
1646,2,5,9.44,1
1647,2,5,9.34,1
1648,2,5,8.98,1
1649,2,5,9.44,1
1650,2,5,10.06,1
1651,2,5,9.96,1
1652,2,5,10.1,1
1653,2,5,11.36,1
1654,2,5,11.92,1
1655,2,5,10.72,1
1656,2,5,9.12,1
1657,2,5,8.96,1
1658,2,5,9.18,1
1659,2,5,8.86,1
1660,2,5,9.48,1
1661,2,5,9.5,1
1662,2,5,9.7,1
1663,2,5,10.82,1
1664,2,5,11.38,1
1665,2,5,10.28,1
1666,2,5,10.66,1
1667,2,5,11.96,1
1668,2,5,11.22,1
1669,2,5,12.56,1
1670,2,5,12.36,1
1671,2,5,12.4,1
1672,2,5,12.48,1
1673,2,5,11.06,1
1674,2,5,10.84,1
1675,2,5,9.42,1
1676,2,5,8.72,1
1677,2,5,9.98,1
1678,2,5,10.92,1
1679,2,5,12.02,1
1680,2,5,11.76,1
1681,2,5,10.74,1
1682,2,5,10.36,1
1683,2,5,10.64,1
1684,2,5,10.9,1
1685,2,5,11.08,1
1686,2,5,10.34,1
1687,2,5,9.96,1
1688,2,5,9.46,1
1689,2,5,8.86,1
1690,2,5,10.0,1
1691,2,5,10.36,1
1692,2,5,9.3,1
1693,2,5,10.32,1
1694,2,5,11.5,1
1695,2,5,10.68,1
1696,2,5,11.02,1
1697,2,5,10.98,1
1698,2,5,11.14,1
1699,2,5,10.16,1
1700,2,5,10.04,1
1701,2,5,9.54,1
1702,2,5,10.28,1
1703,2,5,9.12,1
1704,2,5,9.6,1
1705,2,5,9.36,1
1706,2,5,10.4,1
1707,2,5,10.28,1
1708,2,5,9.28,1
1709,2,5,9.86,1
1710,2,5,10.46,1
1711,2,5,9.72,1
1712,2,5,9.84,1
1713,2,5,10.14,1
1714,2,5,10.92,1
1715,2,5,10.52,1
1716,2,5,9.68,1
1717,2,5,9.68,1
1718,2,5,9.66,1
1719,2,5,9.94,1
1720,2,5,10.02,1
1721,2,5,9.88,1
1722,2,5,10.46,1
1723,2,5,9.9,1
1724,2,5,9.14,1
1725,2,5,9.8,1
1726,2,5,10.82,1
1727,2,5,11.5,1
1728,2,5,10.66,1
1729,2,5,11.42,1
1730,2,5,11.58,1
1731,2,5,10.84,1
1732,2,5,11.08,1
1733,2,5,10.14,1
1734,2,5,10.48,1
1735,2,5,10.82,1
1736,2,5,10.62,1
1737,2,5,10.72,1
1738,2,5,10.32,1
1739,2,5,10.66,1
1740,2,5,11.24,1
1741,2,5,11.18,1
1742,2,5,11.06,1
1743,2,5,9.48,1
1744,2,5,10.52,1
1745,2,5,10.02,1
1746,2,5,11.08,1
1747,2,5,11.64,1
1748,2,5,11.62,1
1749,2,5,10.46,1
1750,2,5,9.08,1
1751,2,5,9.98,1
1752,2,5,9.78,1
1753,2,5,10.22,1
1754,2,5,11.14,1
1755,2,5,11.26,1
1756,2,5,10.94,1
1757,2,5,12.06,1
1758,2,5,9.74,1
1759,2,5,9.44,1
1760,2,5,9.58,1
1761,2,5,10.08,1
1762,2,5,10.74,1
1763,2,5,10.46,1
1764,2,5,10.2,1
1765,2,5,9.76,1
1766,2,5,10.82,1
1767,2,5,9.82,1
1768,2,5,9.34,1
1769,2,5,8.64,1
1770,2,5,9.72,1
1771,2,5,10.02,1
1772,2,5,11.42,1
1773,2,5,10.8,1
1774,2,5,11.22,1
1775,2,5,12.7,1
1776,2,5,12.06,1
1777,2,5,13.94,1
1778,2,5,12.58,1
1779,2,5,11.3,1
1780,2,5,10.72,1
1781,2,5,10.28,1
1782,2,5,9.68,1
1783,2,5,9.5,1
1784,2,5,10.22,1
1785,2,5,10.4,1
1786,2,5,9.74,1
1787,2,5,8.8,1
1788,2,5,9.54,1
1789,2,5,9.96,1
1790,2,5,10.62,1
1791,2,5,10.66,1
1792,2,5,10.54,1
1793,2,5,10.92,1
1794,2,5,10.34,1
1795,2,5,10.28,1
1796,2,5,10.64,1
1797,2,5,11.76,1
1798,2,5,11.54,1
1799,2,5,12.56,1
1800,2,5,12.82,1
1801,2,5,10.3,1
1802,2,5,11.3,1
1803,2,5,10.38,1
1804,2,5,9.86,1
1805,2,5,10.44,1
1806,2,5,11.78,1
1807,2,5,10.6,1
1808,2,5,9.22,1
1809,2,5,9.36,1
1810,2,5,8.8,1
1811,2,5,9.18,1
1812,2,5,9.14,1
1813,2,5,10.8,1
1814,2,5,10.9,1
1815,2,5,10.22,1
1816,2,5,10.94,1
1817,2,5,10.54,1
1818,2,5,11.3,1
1819,2,5,12.6,1
1820,2,5,11.24,1
1821,2,5,11.16,1
1822,2,5,11.98,1
1823,2,5,10.98,1
1824,2,5,12.24,1
1825,2,5,12.62,1
1826,2,5,12.66,1
1827,2,5,11.24,1
1828,2,5,12.12,1
1829,2,5,11.28,1
1830,2,5,12.94,1
1831,2,5,11.5,1
1832,2,5,9.96,1
1833,2,5,11.12,1
1834,2,5,9.48,1
1835,2,5,9.52,1
1836,2,5,10.28,1
1837,2,5,10.28,1
1838,2,5,11.16,1
1839,2,5,10.82,1
1840,2,5,10.74,1
1841,2,5,10.2,1
1842,2,5,10.26,1
1843,2,5,9.54,1
1844,2,5,10.26,1
1845,2,5,9.9,1
1846,2,5,10.56,1
1847,2,5,9.68,1
1848,2,5,9.96,1
1849,2,5,10.42,1
1850,2,5,9.3,1
1851,2,5,9.5,1
1852,2,5,9.38,1
1853,2,5,8.98,1
1854,2,5,8.4,1
1855,2,5,10.06,1
1856,2,5,9.42,1
1857,2,5,9.5,1
1858,2,5,9.6,1
1859,2,5,11.02,1
1860,2,5,11.84,1
1861,2,5,10.68,1
1862,2,5,10.5,1
1863,2,5,10.34,1
1864,2,5,11.76,1
1865,2,5,11.88,1
1866,2,5,12.26,1
1867,2,5,11.38,1
1868,2,5,11.26,1
1869,2,5,10.66,1
1870,2,5,10.84,1
1871,2,5,11.38,1
1872,2,5,11.78,1
1873,2,5,11.86,1
1874,2,5,10.94,1
1875,2,5,10.76,1
1876,2,5,10.78,1
1877,2,5,10.44,1
1878,2,5,11.02,1
1879,2,5,9.94,1
1880,2,5,10.68,1
1881,2,5,9.78,1
1882,2,5,9.52,1
1883,2,5,8.7,1
1884,2,5,9.2,1
1885,2,5,9.58,1
1886,2,5,10.24,1
1887,2,5,10.28,1
1888,2,5,11.42,1
1889,2,5,11.2,1
1890,2,5,9.6,1
1891,2,5,8.18,1
1892,2,5,9.5,1
1893,2,5,10.48,1
1894,2,5,9.96,1
1895,2,5,11.16,1
1896,2,5,10.32,1
1897,2,5,10.5,1
1898,2,5,9.5,1
1899,2,5,10.1,1
1900,2,5,11.08,1
1901,2,5,10.54,1
1902,2,5,11.64,1
1903,2,5,10.42,1
1904,2,5,10.56,1
1905,2,5,10.24,1
1906,2,5,11.04,1
1907,2,5,11.74,1
1908,2,5,11.14,1
1909,2,5,11.08,1
1910,2,5,11.14,1
1911,2,5,10.86,1
1912,2,5,10.28,1
1913,2,5,11.4,1
1914,2,5,11.24,1
1915,2,5,9.94,1
1916,2,5,9.68,1
1917,2,5,9.6,1
1918,2,5,9.64,1
1919,2,5,10.58,1
1920,2,5,11.76,1
1921,2,5,10.32,1
1922,2,5,10.34,1
1923,2,5,11.14,1
1924,2,5,10.68,1
1925,2,5,11.24,1
1926,2,5,10.84,1
1927,2,5,9.82,1
1928,2,5,9.44,1
1929,2,5,9.16,1
1930,2,5,8.38,1
1931,2,5,8.48,1
1932,2,5,9.46,1
1933,2,5,9.86,1
1934,2,5,11.28,1
1935,2,5,10.44,1
1936,2,5,10.64,1
1937,2,5,9.48,1
1938,2,5,9.94,1
1939,2,5,9.48,1
1940,2,5,10.06,1
1941,2,5,8.62,1
1942,2,5,10.46,1
1943,2,5,11.38,1
1944,2,5,11.8,1
1945,2,5,11.04,1
1946,2,5,10.2,1
1947,2,5,10.26,1
1948,2,5,9.96,1
1949,2,5,11.1,1
1950,2,5,10.5,1
1951,2,5,9.78,1
1952,2,5,10.66,1
1953,2,5,11.7,1
1954,2,5,11.54,1
1955,2,5,11.18,1
1956,2,5,10.92,1
1957,2,5,10.46,1
1958,2,5,10.42,1
1959,2,5,9.48,1
1960,2,5,8.62,1
1961,2,5,9.16,1
1962,2,5,9.62,1
1963,2,5,10.54,1
1964,2,5,10.46,1
1965,2,5,10.72,1
1966,2,5,9.62,1
1967,2,5,9.7,1
1968,2,5,10.92,1
1969,2,5,11.76,1
1970,2,5,10.26,1
1971,2,5,10.12,1
1972,2,5,10.86,1
1973,2,5,10.6,1
1974,2,5,9.66,1
1975,2,5,9.32,1
1976,2,5,9.18,1
1977,2,5,9.28,1
1978,2,5,9.3,1
1979,2,5,9.24,1
1980,2,5,9.62,1
1981,2,5,9.54,1
1982,2,5,10.74,1
1983,2,5,11.2,1
1984,2,5,10.98,1
1985,2,5,10.78,1
1986,2,5,9.14,1
1987,2,5,9.26,1
1988,2,5,11.0,1
1989,2,5,11.6,1
1990,2,5,10.9,1
1991,2,5,12.62,1
1992,2,5,11.94,1
1993,2,5,12.46,1
1994,2,5,12.1,1
1995,2,5,11.76,1
1996,2,5,11.52,1
1997,2,5,11.18,1
1998,2,5,10.62,1
1999,2,5,10.86,1
2000,2,5,11.26,1
0,3,5,58.3,45
1,3,5,54.04,43
2,3,5,50.16,41
3,3,5,47.66,40
4,3,5,44.34,38
5,3,5,42.22,34
6,3,5,40.3,34
7,3,5,38.36,32
8,3,5,36.86,30
9,3,5,35.18,28
10,3,5,33.48,26
11,3,5,33.32,26
12,3,5,32.98,26
13,3,5,32.1,24
14,3,5,30.14,24
15,3,5,28.42,24
16,3,5,28.0,23
17,3,5,27.6,23
18,3,5,27.46,22
19,3,5,27.4,22
20,3,5,27.14,22
21,3,5,28.28,22
22,3,5,28.06,22
23,3,5,27.6,22
24,3,5,27.06,22
25,3,5,27.42,22
26,3,5,26.66,22
27,3,5,27.74,22
28,3,5,28.12,20
29,3,5,26.64,20
30,3,5,25.16,19
31,3,5,26.16,19
32,3,5,24.82,19
33,3,5,24.94,19
34,3,5,24.62,19
35,3,5,23.92,18
36,3,5,23.64,18
37,3,5,23.32,18
38,3,5,23.2,17
39,3,5,22.96,16
40,3,5,23.36,16
41,3,5,21.54,16
42,3,5,21.88,16
43,3,5,22.66,16
44,3,5,22.44,16
45,3,5,22.26,16
46,3,5,21.52,16
47,3,5,21.32,16
48,3,5,21.16,16
49,3,5,21.7,16
50,3,5,21.6,16
51,3,5,22.3,16
52,3,5,23.14,16
53,3,5,22.96,16
54,3,5,22.66,16
55,3,5,22.16,16
56,3,5,21.86,15
57,3,5,20.84,15
58,3,5,21.38,15
59,3,5,22.12,15
60,3,5,21.38,15
61,3,5,20.72,15
62,3,5,20.36,15
63,3,5,20.38,14
64,3,5,20.18,14
65,3,5,20.5,14
66,3,5,20.94,14
67,3,5,20.7,14
68,3,5,19.94,14
69,3,5,19.58,14
70,3,5,19.34,14
71,3,5,19.38,14
72,3,5,20.3,14
73,3,5,19.9,14
74,3,5,19.94,14
75,3,5,21.36,14
76,3,5,21.28,14
77,3,5,21.32,14
78,3,5,20.78,14
79,3,5,21.98,14
80,3,5,21.88,14
81,3,5,21.1,14
82,3,5,19.82,12
83,3,5,19.88,12
84,3,5,19.88,12
85,3,5,19.3,12
86,3,5,18.86,12
87,3,5,19.0,12
88,3,5,18.64,12
89,3,5,19.04,11
90,3,5,18.86,11
91,3,5,18.04,11
92,3,5,19.48,11
93,3,5,18.84,11
94,3,5,17.94,11
95,3,5,19.34,11
96,3,5,18.66,11
97,3,5,18.32,11
98,3,5,17.24,11
99,3,5,17.88,11
100,3,5,19.32,11
101,3,5,19.58,11
102,3,5,18.9,11
103,3,5,18.62,11
104,3,5,18.68,11
105,3,5,18.46,11
106,3,5,19.26,11
107,3,5,17.88,11
108,3,5,16.34,11
109,3,5,17.44,10
110,3,5,17.14,10
111,3,5,17.08,10
112,3,5,16.74,10
113,3,5,17.36,10
114,3,5,18.08,10
115,3,5,17.34,10
116,3,5,17.12,10
117,3,5,16.54,10
118,3,5,16.6,10
119,3,5,16.38,10
120,3,5,15.9,10
121,3,5,15.78,10
122,3,5,16.92,10
123,3,5,17.22,10
124,3,5,17.36,10
125,3,5,17.06,10
126,3,5,16.64,10
127,3,5,17.34,10
128,3,5,17.86,10
129,3,5,17.6,10
130,3,5,18.18,10
131,3,5,17.0,10
132,3,5,17.46,10
133,3,5,16.22,10
134,3,5,16.84,10
135,3,5,17.28,10
136,3,5,16.78,10
137,3,5,16.36,10
138,3,5,16.38,10
139,3,5,16.22,10
140,3,5,15.94,10
141,3,5,16.32,10
142,3,5,16.84,10
143,3,5,16.18,10
144,3,5,16.7,10
145,3,5,16.16,10
146,3,5,15.7,10
147,3,5,16.12,10
148,3,5,17.12,10
149,3,5,16.34,10
150,3,5,16.1,10
151,3,5,16.32,10
152,3,5,17.5,10
153,3,5,18.66,10
154,3,5,18.98,10
155,3,5,18.7,10
156,3,5,18.26,10
157,3,5,17.38,10
158,3,5,17.66,10
159,3,5,18.12,10
160,3,5,18.36,10
161,3,5,18.28,10
162,3,5,17.74,10
163,3,5,16.66,10
164,3,5,16.48,10
165,3,5,16.2,10
166,3,5,16.14,10
167,3,5,15.94,10
168,3,5,16.06,10
169,3,5,15.9,10
170,3,5,16.22,10
171,3,5,16.6,10
172,3,5,16.48,10
173,3,5,16.74,10
174,3,5,15.72,10
175,3,5,15.72,9
176,3,5,16.0,9
177,3,5,16.42,9
178,3,5,15.1,9
179,3,5,15.66,9
180,3,5,15.06,8
181,3,5,15.5,8
182,3,5,16.4,8
183,3,5,15.72,8
184,3,5,15.9,8
185,3,5,15.88,8
186,3,5,16.48,8
187,3,5,15.74,8
188,3,5,16.98,8
189,3,5,17.3,8
190,3,5,16.58,8
191,3,5,16.08,8
192,3,5,14.84,8
193,3,5,15.68,8
194,3,5,15.64,8
195,3,5,15.46,8
196,3,5,15.56,8
197,3,5,15.58,8
198,3,5,15.22,8
199,3,5,16.12,8
200,3,5,15.94,8
201,3,5,15.6,8
202,3,5,15.92,8
203,3,5,16.16,8
204,3,5,16.54,8
205,3,5,15.36,8
206,3,5,15.34,8
207,3,5,16.4,8
208,3,5,14.2,8
209,3,5,14.14,7
210,3,5,13.86,7
211,3,5,14.38,7
212,3,5,14.54,7
213,3,5,14.42,7
214,3,5,13.68,7
215,3,5,14.84,7
216,3,5,14.56,7
217,3,5,15.72,7
218,3,5,15.68,7
219,3,5,15.08,7
220,3,5,14.76,7
221,3,5,15.1,7
222,3,5,15.06,7
223,3,5,14.12,7
224,3,5,14.56,7
225,3,5,14.34,7
226,3,5,14.58,7
227,3,5,15.14,7
228,3,5,15.4,7
229,3,5,14.34,7
230,3,5,14.9,7
231,3,5,15.92,7
232,3,5,16.38,7
233,3,5,15.72,7
234,3,5,15.52,7
235,3,5,14.58,7
236,3,5,15.02,7
237,3,5,13.96,7
238,3,5,13.94,7
239,3,5,15.18,7
240,3,5,14.38,7
241,3,5,15.0,7
242,3,5,15.08,7
243,3,5,14.5,7
244,3,5,14.08,7
245,3,5,14.94,7
246,3,5,14.84,7
247,3,5,15.66,7
248,3,5,15.94,7
249,3,5,15.38,7
250,3,5,15.16,7
251,3,5,15.08,7
252,3,5,16.38,7
253,3,5,15.5,7
254,3,5,15.78,7
255,3,5,16.34,7
256,3,5,16.08,7
257,3,5,16.54,7
258,3,5,15.34,7
259,3,5,13.8,7
260,3,5,13.76,7
261,3,5,14.26,7
262,3,5,15.14,7
263,3,5,15.04,7
264,3,5,14.6,7
265,3,5,14.76,7
266,3,5,14.7,7
267,3,5,15.1,7
268,3,5,15.26,7
269,3,5,15.16,7
270,3,5,14.72,7
271,3,5,15.64,7
272,3,5,15.0,7
273,3,5,15.62,7
274,3,5,14.72,7
275,3,5,14.46,7
276,3,5,14.96,7
277,3,5,15.5,7
278,3,5,16.26,7
279,3,5,16.34,7
280,3,5,15.14,7
281,3,5,15.32,7
282,3,5,14.9,6
283,3,5,14.52,6
284,3,5,14.54,6
285,3,5,13.8,6
286,3,5,14.1,6
287,3,5,13.82,6
288,3,5,14.24,6
289,3,5,13.48,6
290,3,5,13.6,6
291,3,5,12.98,6
292,3,5,13.24,6
293,3,5,12.12,6
294,3,5,12.1,6
295,3,5,12.94,6
296,3,5,13.38,6
297,3,5,14.76,6
298,3,5,14.78,6
299,3,5,15.14,6
300,3,5,15.04,6
301,3,5,15.06,6
302,3,5,13.22,6
303,3,5,13.0,6
304,3,5,13.64,6
305,3,5,13.86,6
306,3,5,13.2,6
307,3,5,12.8,6
308,3,5,13.78,6
309,3,5,13.58,6
310,3,5,14.06,6
311,3,5,14.4,6
312,3,5,15.44,6
313,3,5,15.46,6
314,3,5,15.62,6
315,3,5,15.72,6
316,3,5,14.16,6
317,3,5,14.26,6
318,3,5,14.72,6
319,3,5,13.8,6
320,3,5,14.38,6
321,3,5,14.4,6
322,3,5,14.22,6
323,3,5,14.76,6
324,3,5,15.2,6
325,3,5,15.32,6
326,3,5,15.34,6
327,3,5,15.38,6
328,3,5,14.42,6
329,3,5,14.66,6
330,3,5,14.8,6
331,3,5,15.74,6
332,3,5,15.04,6
333,3,5,13.98,6
334,3,5,14.24,6
335,3,5,15.28,6
336,3,5,14.92,6
337,3,5,15.66,6
338,3,5,16.18,6
339,3,5,15.5,6
340,3,5,14.92,6
341,3,5,14.2,6
342,3,5,14.16,6
343,3,5,14.1,6
344,3,5,14.22,6
345,3,5,13.56,6
346,3,5,13.0,6
347,3,5,12.7,6
348,3,5,12.64,6
349,3,5,13.22,6
350,3,5,12.64,6
351,3,5,13.46,6
352,3,5,14.12,6
353,3,5,14.28,6
354,3,5,14.28,6
355,3,5,13.68,6
356,3,5,14.98,6
357,3,5,15.36,6
358,3,5,15.1,6
359,3,5,15.32,6
360,3,5,15.96,6
361,3,5,15.62,6
362,3,5,15.1,6
363,3,5,15.04,6
364,3,5,14.92,6
365,3,5,15.1,6
366,3,5,14.3,6
367,3,5,15.16,6
368,3,5,15.14,6
369,3,5,14.32,6
370,3,5,13.4,6
371,3,5,14.4,6
372,3,5,15.1,6
373,3,5,15.26,6
374,3,5,14.76,6
375,3,5,14.36,6
376,3,5,14.92,6
377,3,5,15.9,6
378,3,5,16.82,6
379,3,5,14.48,6
380,3,5,12.92,6
381,3,5,13.1,6
382,3,5,14.46,6
383,3,5,14.84,6
384,3,5,14.72,6
385,3,5,15.18,6
386,3,5,15.28,6
387,3,5,14.66,6
388,3,5,15.3,6
389,3,5,14.28,6
390,3,5,14.02,6
391,3,5,13.22,6
392,3,5,14.0,6
393,3,5,14.14,6
394,3,5,13.48,6
395,3,5,13.02,6
396,3,5,13.64,6
397,3,5,13.84,6
398,3,5,14.82,6
399,3,5,15.2,6
400,3,5,15.48,6
401,3,5,14.94,6
402,3,5,15.66,6
403,3,5,14.76,6
404,3,5,15.04,6
405,3,5,14.3,6
406,3,5,14.3,6
407,3,5,14.16,6
408,3,5,14.08,6
409,3,5,13.7,6
410,3,5,14.38,6
411,3,5,14.66,6
412,3,5,15.48,6
413,3,5,13.68,6
414,3,5,14.32,6
415,3,5,14.18,6
416,3,5,14.78,6
417,3,5,15.3,6
418,3,5,15.2,6
419,3,5,13.92,6
420,3,5,14.28,6
421,3,5,14.4,6
422,3,5,13.5,6
423,3,5,13.96,6
424,3,5,13.72,6
425,3,5,12.7,6
426,3,5,13.1,6
427,3,5,13.0,6
428,3,5,13.32,6
429,3,5,13.14,6
430,3,5,13.64,6
431,3,5,13.94,6
432,3,5,13.44,6
433,3,5,13.76,6
434,3,5,13.98,6
435,3,5,14.5,6
436,3,5,13.38,6
437,3,5,15.32,6
438,3,5,14.36,6
439,3,5,14.9,6
440,3,5,14.66,6
441,3,5,15.12,6
442,3,5,14.02,6
443,3,5,13.54,6
444,3,5,11.76,6
445,3,5,13.02,6
446,3,5,13.42,6
447,3,5,13.68,6
448,3,5,13.86,6
449,3,5,13.38,6
450,3,5,13.0,6
451,3,5,13.56,6
452,3,5,12.76,6
453,3,5,14.16,6
454,3,5,13.44,6
455,3,5,12.36,6
456,3,5,13.76,6
457,3,5,13.14,6
458,3,5,13.58,6
459,3,5,14.24,6
460,3,5,14.94,6
461,3,5,14.04,6
462,3,5,13.6,6
463,3,5,14.38,6
464,3,5,14.44,6
465,3,5,15.24,6
466,3,5,15.1,6
467,3,5,15.66,6
468,3,5,15.1,6
469,3,5,14.12,6
470,3,5,13.3,6
471,3,5,14.38,6
472,3,5,13.8,6
473,3,5,13.62,6
474,3,5,15.02,6
475,3,5,14.12,6
476,3,5,14.58,6
477,3,5,15.24,6
478,3,5,14.9,6
479,3,5,15.04,6
480,3,5,14.5,6
481,3,5,13.34,6
482,3,5,13.5,6
483,3,5,14.66,6
484,3,5,14.64,6
485,3,5,14.34,6
486,3,5,14.6,6
487,3,5,13.88,6
488,3,5,14.72,6
489,3,5,14.48,6
490,3,5,14.56,6
491,3,5,14.0,6
492,3,5,13.76,6
493,3,5,14.38,6
494,3,5,15.18,6
495,3,5,14.88,6
496,3,5,14.7,6
497,3,5,15.38,6
498,3,5,15.3,6
499,3,5,16.78,6
500,3,5,15.82,6
501,3,5,14.24,6
502,3,5,13.9,6
503,3,5,13.86,6
504,3,5,14.32,6
505,3,5,13.94,6
506,3,5,14.32,6
507,3,5,14.46,6
508,3,5,14.98,5
509,3,5,13.82,5
510,3,5,14.24,5
511,3,5,15.36,5
512,3,5,14.86,5
513,3,5,14.0,5
514,3,5,13.18,5
515,3,5,14.72,5
516,3,5,13.44,5
517,3,5,13.04,5
518,3,5,13.08,5
519,3,5,13.28,5
520,3,5,13.72,5
521,3,5,13.98,5
522,3,5,13.48,5
523,3,5,13.6,5
524,3,5,13.16,5
525,3,5,12.16,5
526,3,5,12.74,5
527,3,5,12.54,5
528,3,5,12.76,5
529,3,5,12.92,5
530,3,5,13.94,5
531,3,5,14.08,5
532,3,5,14.06,5
533,3,5,12.96,5
534,3,5,12.22,5
535,3,5,13.94,5
536,3,5,13.88,5
537,3,5,13.48,5
538,3,5,13.6,5
539,3,5,13.22,5
540,3,5,13.46,5
541,3,5,14.04,5
542,3,5,13.42,5
543,3,5,13.7,5
544,3,5,13.12,5
545,3,5,12.44,5
546,3,5,12.52,5
547,3,5,14.02,5
548,3,5,14.26,5
549,3,5,14.78,5
550,3,5,15.54,5
551,3,5,15.66,5
552,3,5,15.36,5
553,3,5,15.46,5
554,3,5,13.82,5
555,3,5,13.66,5
556,3,5,13.24,5
557,3,5,12.86,5
558,3,5,14.44,5
559,3,5,13.1,5
560,3,5,12.94,5
561,3,5,13.34,5
562,3,5,13.1,5
563,3,5,14.2,5
564,3,5,13.44,5
565,3,5,12.36,5
566,3,5,12.98,5
567,3,5,14.0,5
568,3,5,14.44,5
569,3,5,14.54,5
570,3,5,15.3,5
571,3,5,14.32,5
572,3,5,14.3,5
573,3,5,12.62,5
574,3,5,12.98,5
575,3,5,13.24,5
576,3,5,13.08,5
577,3,5,12.72,5
578,3,5,11.64,5
579,3,5,11.98,5
580,3,5,13.32,5
581,3,5,13.64,5
582,3,5,13.66,5
583,3,5,13.66,5
584,3,5,12.72,5
585,3,5,13.16,5
586,3,5,13.78,5
587,3,5,13.26,5
588,3,5,13.72,5
589,3,5,13.98,5
590,3,5,13.76,5
591,3,5,15.22,5
592,3,5,14.38,5
593,3,5,14.8,5
594,3,5,13.74,5
595,3,5,13.92,5
596,3,5,12.48,5
597,3,5,12.92,5
598,3,5,12.94,5
599,3,5,12.66,5
600,3,5,13.24,5
601,3,5,12.88,5
602,3,5,12.5,5
603,3,5,12.6,5
604,3,5,13.08,5
605,3,5,12.88,5
606,3,5,13.42,5
607,3,5,12.84,5
608,3,5,12.44,5
609,3,5,13.34,5
610,3,5,14.18,5
611,3,5,14.24,5
612,3,5,13.14,5
613,3,5,14.46,5
614,3,5,14.56,5
615,3,5,15.62,5
616,3,5,16.3,5
617,3,5,15.62,5
618,3,5,14.12,5
619,3,5,14.36,5
620,3,5,14.04,5
621,3,5,14.22,5
622,3,5,14.04,5
623,3,5,14.16,5
624,3,5,13.32,5
625,3,5,12.56,5
626,3,5,11.12,5
627,3,5,11.66,4
628,3,5,11.82,4
629,3,5,13.02,4
630,3,5,13.12,4
631,3,5,12.98,4
632,3,5,14.22,4
633,3,5,14.62,4
634,3,5,14.3,4
635,3,5,12.96,4
636,3,5,13.0,4
637,3,5,12.66,4
638,3,5,12.62,4
639,3,5,13.04,4
640,3,5,13.24,4
641,3,5,12.3,4
642,3,5,11.98,4
643,3,5,11.18,4
644,3,5,11.78,4
645,3,5,12.14,4
646,3,5,11.8,4
647,3,5,12.38,4
648,3,5,11.6,4
649,3,5,11.48,4
650,3,5,12.24,4
651,3,5,11.58,4
652,3,5,12.42,4
653,3,5,12.46,4
654,3,5,12.4,4
655,3,5,11.82,4
656,3,5,12.38,4
657,3,5,13.16,4
658,3,5,12.34,4
659,3,5,12.84,4
660,3,5,11.52,4
661,3,5,11.9,4
662,3,5,12.02,4
663,3,5,11.96,4
664,3,5,12.4,4
665,3,5,13.12,4
666,3,5,12.34,4
667,3,5,11.76,4
668,3,5,11.56,4
669,3,5,11.92,4
670,3,5,12.16,4
671,3,5,13.48,4
672,3,5,12.28,4
673,3,5,13.02,4
674,3,5,12.08,4
675,3,5,12.44,4
676,3,5,13.06,4
677,3,5,11.96,4
678,3,5,13.68,4
679,3,5,12.38,4
680,3,5,13.16,4
681,3,5,12.52,4
682,3,5,11.7,4
683,3,5,12.12,4
684,3,5,12.92,4
685,3,5,11.08,4
686,3,5,10.6,4
687,3,5,11.82,4
688,3,5,12.54,4
689,3,5,13.14,4
690,3,5,13.52,4
691,3,5,14.24,4
692,3,5,14.04,4
693,3,5,14.56,4
694,3,5,14.2,4
695,3,5,15.54,4
696,3,5,14.62,4
697,3,5,15.68,4
698,3,5,16.04,4
699,3,5,15.08,4
700,3,5,14.18,4
701,3,5,13.52,4
702,3,5,12.48,4
703,3,5,13.32,4
704,3,5,12.98,4
705,3,5,12.04,4
706,3,5,11.02,4
707,3,5,11.9,4
708,3,5,12.32,4
709,3,5,11.9,4
710,3,5,12.14,4
711,3,5,11.9,4
712,3,5,11.8,4
713,3,5,12.42,4
714,3,5,12.76,4
715,3,5,12.62,4
716,3,5,12.54,4
717,3,5,13.46,4
718,3,5,13.24,4
719,3,5,12.22,4
720,3,5,12.98,4
721,3,5,13.12,4
722,3,5,14.04,4
723,3,5,14.12,4
724,3,5,14.02,4
725,3,5,13.7,4
726,3,5,12.76,4
727,3,5,13.98,4
728,3,5,13.72,4
729,3,5,13.86,4
730,3,5,13.94,4
731,3,5,13.62,4
732,3,5,15.04,4
733,3,5,13.98,4
734,3,5,13.1,4
735,3,5,12.66,4
736,3,5,10.34,4
737,3,5,10.4,4
738,3,5,11.62,4
739,3,5,11.72,4
740,3,5,13.36,4
741,3,5,12.6,4
742,3,5,13.1,4
743,3,5,12.08,4
744,3,5,12.24,4
745,3,5,11.6,4
746,3,5,12.56,4
747,3,5,11.62,4
748,3,5,12.56,4
749,3,5,12.34,4
750,3,5,12.62,4
751,3,5,12.68,4
752,3,5,13.16,4
753,3,5,13.04,4
754,3,5,13.16,4
755,3,5,13.4,4
756,3,5,11.86,4
757,3,5,11.5,4
758,3,5,11.98,4
759,3,5,11.66,4
760,3,5,11.48,4
761,3,5,10.88,4
762,3,5,10.82,4
763,3,5,10.94,4
764,3,5,11.7,4
765,3,5,11.66,4
766,3,5,12.02,4
767,3,5,11.28,4
768,3,5,11.42,4
769,3,5,11.64,4
770,3,5,12.72,4
771,3,5,13.2,4
772,3,5,13.7,4
773,3,5,13.72,4
774,3,5,12.48,4
775,3,5,11.64,4
776,3,5,12.38,4
777,3,5,12.4,4
778,3,5,11.76,4
779,3,5,12.04,4
780,3,5,11.58,4
781,3,5,11.0,4
782,3,5,12.32,4
783,3,5,13.22,4
784,3,5,12.3,4
785,3,5,12.98,4
786,3,5,12.8,4
787,3,5,12.68,4
788,3,5,12.56,4
789,3,5,11.92,4
790,3,5,13.16,4
791,3,5,13.36,4
792,3,5,12.86,4
793,3,5,12.72,4
794,3,5,13.72,4
795,3,5,14.14,4
796,3,5,14.4,4
797,3,5,14.06,4
798,3,5,13.42,4
799,3,5,13.58,4
800,3,5,13.38,4
801,3,5,12.86,4
802,3,5,12.7,4
803,3,5,13.48,4
804,3,5,13.78,4
805,3,5,14.64,4
806,3,5,13.28,4
807,3,5,13.14,4
808,3,5,13.02,4
809,3,5,13.06,4
810,3,5,12.18,4
811,3,5,12.94,4
812,3,5,13.1,4
813,3,5,13.42,4
814,3,5,14.2,4
815,3,5,14.82,4
816,3,5,14.0,4
817,3,5,13.44,4
818,3,5,12.18,4
819,3,5,13.38,4
820,3,5,12.16,4
821,3,5,12.14,4
822,3,5,12.78,4
823,3,5,12.56,4
824,3,5,12.86,3
825,3,5,12.66,3
826,3,5,11.96,3
827,3,5,13.72,3
828,3,5,13.82,3
829,3,5,13.26,3
830,3,5,12.94,3
831,3,5,12.3,3
832,3,5,11.84,3
833,3,5,13.58,3
834,3,5,12.24,3
835,3,5,12.4,3
836,3,5,12.9,3
837,3,5,13.12,3
838,3,5,12.84,3
839,3,5,11.44,3
840,3,5,12.26,3
841,3,5,12.3,3
842,3,5,12.28,3
843,3,5,12.36,3
844,3,5,13.06,3
845,3,5,13.86,3
846,3,5,12.38,3
847,3,5,12.66,3
848,3,5,11.48,3
849,3,5,11.96,3
850,3,5,11.68,3
851,3,5,12.16,3
852,3,5,12.32,3
853,3,5,11.8,3
854,3,5,11.8,3
855,3,5,12.4,3
856,3,5,11.16,3
857,3,5,11.62,3
858,3,5,11.68,3
859,3,5,11.04,3
860,3,5,11.32,3
861,3,5,11.46,3
862,3,5,11.6,3
863,3,5,11.86,3
864,3,5,12.46,3
865,3,5,12.74,3
866,3,5,12.48,3
867,3,5,11.62,3
868,3,5,12.16,3
869,3,5,12.06,3
870,3,5,12.3,3
871,3,5,11.44,3
872,3,5,11.68,3
873,3,5,11.8,3
874,3,5,11.66,3
875,3,5,11.08,3
876,3,5,12.34,3
877,3,5,12.06,3
878,3,5,13.18,3
879,3,5,12.92,3
880,3,5,12.02,3
881,3,5,11.74,3
882,3,5,10.8,3
883,3,5,11.6,3
884,3,5,12.98,3
885,3,5,13.8,3
886,3,5,13.86,3
887,3,5,13.84,3
888,3,5,13.22,3
889,3,5,12.82,3
890,3,5,12.4,3
891,3,5,12.18,3
892,3,5,12.56,3
893,3,5,12.68,3
894,3,5,13.62,3
895,3,5,13.88,3
896,3,5,14.44,3
897,3,5,14.02,3
898,3,5,13.44,3
899,3,5,13.34,3
900,3,5,12.54,3
901,3,5,12.68,3
902,3,5,12.86,3
903,3,5,12.0,3
904,3,5,11.92,3
905,3,5,11.68,3
906,3,5,12.8,3
907,3,5,12.78,3
908,3,5,12.12,3
909,3,5,11.8,3
910,3,5,11.42,3
911,3,5,12.2,3
912,3,5,12.2,3
913,3,5,12.36,3
914,3,5,13.48,3
915,3,5,11.64,3
916,3,5,12.2,3
917,3,5,12.98,3
918,3,5,12.5,3
919,3,5,12.34,3
920,3,5,11.98,3
921,3,5,11.32,3
922,3,5,10.92,3
923,3,5,10.3,3
924,3,5,10.72,3
925,3,5,11.56,3
926,3,5,11.46,3
927,3,5,11.44,3
928,3,5,11.24,3
929,3,5,10.32,3
930,3,5,11.64,3
931,3,5,11.64,3
932,3,5,10.42,3
933,3,5,10.96,3
934,3,5,11.34,3
935,3,5,10.96,3
936,3,5,12.54,3
937,3,5,13.26,3
938,3,5,13.96,3
939,3,5,12.62,3
940,3,5,12.12,3
941,3,5,12.46,3
942,3,5,12.18,3
943,3,5,11.34,3
944,3,5,11.38,3
945,3,5,10.72,3
946,3,5,11.88,3
947,3,5,10.6,3
948,3,5,10.3,3
949,3,5,11.64,3
950,3,5,11.7,3
951,3,5,12.32,3
952,3,5,12.2,3
953,3,5,11.94,3
954,3,5,11.78,3
955,3,5,11.84,3
956,3,5,11.96,3
957,3,5,11.42,3
958,3,5,11.84,3
959,3,5,11.24,3
960,3,5,12.3,3
961,3,5,12.08,3
962,3,5,11.48,3
963,3,5,11.68,3
964,3,5,12.56,3
965,3,5,13.0,3
966,3,5,12.28,3
967,3,5,11.44,3
968,3,5,12.3,3
969,3,5,11.78,3
970,3,5,12.04,3
971,3,5,12.04,3
972,3,5,12.08,3
973,3,5,12.34,3
974,3,5,12.24,3
975,3,5,12.94,3
976,3,5,12.12,3
977,3,5,12.62,3
978,3,5,12.8,3
979,3,5,11.68,3
980,3,5,11.48,3
981,3,5,11.9,3
982,3,5,12.38,3
983,3,5,11.96,3
984,3,5,12.12,3
985,3,5,12.58,3
986,3,5,13.04,3
987,3,5,12.0,3
988,3,5,12.76,3
989,3,5,11.26,3
990,3,5,11.1,3
991,3,5,11.0,3
992,3,5,11.42,3
993,3,5,11.92,3
994,3,5,11.24,3
995,3,5,11.74,3
996,3,5,10.82,3
997,3,5,11.52,3
998,3,5,11.16,3
999,3,5,11.02,3
1000,3,5,10.94,3
1001,3,5,10.46,3
1002,3,5,11.4,3
1003,3,5,11.62,3
1004,3,5,11.34,3
1005,3,5,12.54,3
1006,3,5,13.02,3
1007,3,5,13.02,3
1008,3,5,12.7,3
1009,3,5,12.5,3
1010,3,5,11.76,3
1011,3,5,12.84,3
1012,3,5,12.1,3
1013,3,5,11.64,3
1014,3,5,12.52,3
1015,3,5,12.76,3
1016,3,5,12.0,3
1017,3,5,12.2,3
1018,3,5,12.44,3
1019,3,5,12.8,3
1020,3,5,11.94,3
1021,3,5,12.76,3
1022,3,5,12.66,3
1023,3,5,12.72,3
1024,3,5,13.0,3
1025,3,5,11.82,3
1026,3,5,10.44,2
1027,3,5,9.18,2
1028,3,5,10.98,2
1029,3,5,10.2,2
1030,3,5,10.94,2
1031,3,5,11.06,2
1032,3,5,10.6,2
1033,3,5,10.5,2
1034,3,5,11.5,2
1035,3,5,11.92,2
1036,3,5,12.54,2
1037,3,5,10.8,2
1038,3,5,9.56,2
1039,3,5,10.1,2
1040,3,5,10.4,2
1041,3,5,9.44,2
1042,3,5,9.92,2
1043,3,5,11.1,2
1044,3,5,11.96,2
1045,3,5,10.9,2
1046,3,5,10.12,2
1047,3,5,10.08,2
1048,3,5,11.12,2
1049,3,5,11.92,2
1050,3,5,10.98,2
1051,3,5,11.54,2
1052,3,5,11.48,2
1053,3,5,11.1,2
1054,3,5,11.94,2
1055,3,5,11.72,2
1056,3,5,10.14,2
1057,3,5,10.76,2
1058,3,5,11.8,2
1059,3,5,11.66,2
1060,3,5,10.5,2
1061,3,5,11.04,2
1062,3,5,11.36,2
1063,3,5,11.22,2
1064,3,5,12.06,2
1065,3,5,11.58,2
1066,3,5,10.84,2
1067,3,5,10.38,2
1068,3,5,10.28,2
1069,3,5,11.18,2
1070,3,5,9.66,2
1071,3,5,10.04,2
1072,3,5,10.3,2
1073,3,5,11.54,2
1074,3,5,12.02,2
1075,3,5,11.02,2
1076,3,5,10.64,2
1077,3,5,10.64,2
1078,3,5,10.38,2
1079,3,5,10.96,2
1080,3,5,11.6,2
1081,3,5,11.8,2
1082,3,5,11.46,2
1083,3,5,10.82,2
1084,3,5,10.52,2
1085,3,5,10.98,2
1086,3,5,11.14,2
1087,3,5,11.32,2
1088,3,5,10.46,2
1089,3,5,9.02,2
1090,3,5,9.18,2
1091,3,5,9.52,2
1092,3,5,9.78,2
1093,3,5,8.92,2
1094,3,5,10.12,2
1095,3,5,10.08,2
1096,3,5,9.78,2
1097,3,5,10.26,2
1098,3,5,10.98,2
1099,3,5,10.44,2
1100,3,5,10.14,2
1101,3,5,9.78,2
1102,3,5,10.3,2
1103,3,5,10.56,2
1104,3,5,11.78,2
1105,3,5,12.9,2
1106,3,5,12.74,2
1107,3,5,12.1,2
1108,3,5,10.56,2
1109,3,5,11.02,2
1110,3,5,10.24,2
1111,3,5,9.86,2
1112,3,5,10.94,2
1113,3,5,12.0,2
1114,3,5,10.98,2
1115,3,5,10.74,2
1116,3,5,11.42,2
1117,3,5,11.36,2
1118,3,5,10.84,2
1119,3,5,11.24,2
1120,3,5,11.56,2
1121,3,5,11.64,2
1122,3,5,11.22,2
1123,3,5,11.1,2
1124,3,5,12.26,2
1125,3,5,11.0,2
1126,3,5,11.08,2
1127,3,5,10.94,2
1128,3,5,10.74,2
1129,3,5,9.94,2
1130,3,5,10.18,2
1131,3,5,10.54,2
1132,3,5,10.82,2
1133,3,5,10.64,2
1134,3,5,10.04,2
1135,3,5,10.3,2
1136,3,5,12.36,2
1137,3,5,12.7,2
1138,3,5,11.22,2
1139,3,5,11.74,2
1140,3,5,10.94,2
1141,3,5,11.16,2
1142,3,5,11.74,2
1143,3,5,11.46,2
1144,3,5,11.76,2
1145,3,5,11.1,2
1146,3,5,10.72,2
1147,3,5,10.62,2
1148,3,5,11.06,2
1149,3,5,11.3,2
1150,3,5,11.44,2
1151,3,5,10.68,2
1152,3,5,13.4,2
1153,3,5,13.52,2
1154,3,5,12.66,2
1155,3,5,10.92,2
1156,3,5,11.08,2
1157,3,5,11.66,2
1158,3,5,11.5,2
1159,3,5,11.86,2
1160,3,5,11.3,2
1161,3,5,9.76,2
1162,3,5,10.52,2
1163,3,5,10.74,2
1164,3,5,11.18,2
1165,3,5,12.24,2
1166,3,5,11.92,2
1167,3,5,11.38,2
1168,3,5,11.84,2
1169,3,5,10.96,2
1170,3,5,11.66,2
1171,3,5,10.74,2
1172,3,5,9.7,2
1173,3,5,10.14,2
1174,3,5,10.42,2
1175,3,5,11.26,2
1176,3,5,10.56,2
1177,3,5,10.66,2
1178,3,5,10.28,2
1179,3,5,10.3,2
1180,3,5,10.92,2
1181,3,5,10.96,2
1182,3,5,11.46,2
1183,3,5,11.36,2
1184,3,5,10.54,2
1185,3,5,10.64,2
1186,3,5,10.7,2
1187,3,5,11.16,2
1188,3,5,11.1,2
1189,3,5,10.64,2
1190,3,5,9.56,2
1191,3,5,11.22,2
1192,3,5,11.94,2
1193,3,5,12.58,2
1194,3,5,12.58,2
1195,3,5,11.86,2
1196,3,5,11.42,2
1197,3,5,10.68,2
1198,3,5,10.42,2
1199,3,5,11.38,2
1200,3,5,11.58,2
1201,3,5,11.84,2
1202,3,5,11.62,2
1203,3,5,10.04,2
1204,3,5,10.46,2
1205,3,5,9.8,2
1206,3,5,10.78,2
1207,3,5,10.32,2
1208,3,5,11.88,2
1209,3,5,12.78,2
1210,3,5,11.78,2
1211,3,5,12.0,2
1212,3,5,11.82,2
1213,3,5,11.4,2
1214,3,5,11.24,2
1215,3,5,10.5,2
1216,3,5,10.1,2
1217,3,5,10.42,2
1218,3,5,9.06,2
1219,3,5,8.86,2
1220,3,5,8.3,2
1221,3,5,8.26,2
1222,3,5,9.78,2
1223,3,5,9.46,2
1224,3,5,10.7,2
1225,3,5,10.24,2
1226,3,5,11.08,2
1227,3,5,11.82,2
1228,3,5,11.4,2
1229,3,5,11.14,2
1230,3,5,9.7,2
1231,3,5,9.8,2
1232,3,5,10.52,2
1233,3,5,10.48,2
1234,3,5,12.06,2
1235,3,5,11.14,2
1236,3,5,9.98,2
1237,3,5,10.14,2
1238,3,5,10.32,2
1239,3,5,10.12,2
1240,3,5,9.98,2
1241,3,5,9.9,2
1242,3,5,9.76,2
1243,3,5,10.48,2
1244,3,5,9.96,2
1245,3,5,10.32,2
1246,3,5,10.5,2
1247,3,5,9.7,2
1248,3,5,9.58,2
1249,3,5,8.28,2
1250,3,5,9.24,2
1251,3,5,10.0,2
1252,3,5,9.64,2
1253,3,5,10.2,2
1254,3,5,9.62,2
1255,3,5,9.06,2
1256,3,5,9.94,2
1257,3,5,10.46,2
1258,3,5,10.04,2
1259,3,5,10.36,2
1260,3,5,10.36,2
1261,3,5,11.18,2
1262,3,5,11.56,2
1263,3,5,13.14,2
1264,3,5,11.96,2
1265,3,5,11.46,2
1266,3,5,10.04,2
1267,3,5,10.92,2
1268,3,5,11.22,2
1269,3,5,10.28,2
1270,3,5,10.9,2
1271,3,5,10.64,2
1272,3,5,11.32,2
1273,3,5,11.36,2
1274,3,5,11.8,2
1275,3,5,11.66,2
1276,3,5,11.94,2
1277,3,5,11.92,2
1278,3,5,11.54,2
1279,3,5,10.9,2
1280,3,5,10.6,2
1281,3,5,11.04,2
1282,3,5,10.92,2
1283,3,5,11.42,2
1284,3,5,11.62,2
1285,3,5,11.72,2
1286,3,5,11.22,2
1287,3,5,11.14,2
1288,3,5,11.22,2
1289,3,5,10.24,2
1290,3,5,10.98,2
1291,3,5,11.74,2
1292,3,5,10.9,2
1293,3,5,10.02,2
1294,3,5,10.26,2
1295,3,5,11.56,2
1296,3,5,10.98,2
1297,3,5,10.88,2
1298,3,5,10.76,2
1299,3,5,11.48,2
1300,3,5,11.04,2
1301,3,5,12.44,2
1302,3,5,11.36,2
1303,3,5,11.68,2
1304,3,5,10.46,2
1305,3,5,10.22,2
1306,3,5,10.88,2
1307,3,5,11.36,2
1308,3,5,10.66,2
1309,3,5,9.68,2
1310,3,5,9.92,2
1311,3,5,9.76,2
1312,3,5,9.42,2
1313,3,5,10.92,2
1314,3,5,11.36,2
1315,3,5,11.16,2
1316,3,5,11.2,2
1317,3,5,9.72,2
1318,3,5,11.14,2
1319,3,5,10.3,2
1320,3,5,9.1,2
1321,3,5,10.72,2
1322,3,5,11.44,2
1323,3,5,11.68,2
1324,3,5,12.12,2
1325,3,5,12.72,2
1326,3,5,11.1,2
1327,3,5,10.5,2
1328,3,5,11.34,2
1329,3,5,10.42,2
1330,3,5,10.48,2
1331,3,5,10.12,2
1332,3,5,9.9,2
1333,3,5,10.8,2
1334,3,5,11.06,2
1335,3,5,11.66,2
1336,3,5,11.26,2
1337,3,5,11.04,2
1338,3,5,12.14,2
1339,3,5,12.54,2
1340,3,5,12.78,2
1341,3,5,13.14,2
1342,3,5,12.44,2
1343,3,5,11.8,2
1344,3,5,10.92,2
1345,3,5,11.5,2
1346,3,5,11.44,2
1347,3,5,11.56,2
1348,3,5,12.46,2
1349,3,5,11.7,2
1350,3,5,11.58,2
1351,3,5,11.18,2
1352,3,5,9.98,2
1353,3,5,10.86,2
1354,3,5,12.04,2
1355,3,5,13.3,2
1356,3,5,12.8,2
1357,3,5,11.96,2
1358,3,5,10.36,2
1359,3,5,11.38,2
1360,3,5,10.34,2
1361,3,5,9.66,2
1362,3,5,9.64,2
1363,3,5,8.86,2
1364,3,5,9.2,2
1365,3,5,10.14,2
1366,3,5,11.08,2
1367,3,5,11.44,2
1368,3,5,11.4,2
1369,3,5,11.48,2
1370,3,5,11.4,2
1371,3,5,11.68,2
1372,3,5,11.4,2
1373,3,5,11.46,2
1374,3,5,11.28,2
1375,3,5,9.84,2
1376,3,5,10.24,2
1377,3,5,10.92,2
1378,3,5,11.16,2
1379,3,5,11.02,2
1380,3,5,11.64,2
1381,3,5,11.32,2
1382,3,5,11.46,2
1383,3,5,11.36,2
1384,3,5,10.96,2
1385,3,5,10.94,2
1386,3,5,12.86,2
1387,3,5,11.96,2
1388,3,5,10.36,2
1389,3,5,10.1,2
1390,3,5,11.18,2
1391,3,5,11.74,2
1392,3,5,11.0,2
1393,3,5,9.92,2
1394,3,5,10.74,2
1395,3,5,10.64,2
1396,3,5,10.68,2
1397,3,5,10.7,2
1398,3,5,9.62,2
1399,3,5,10.76,2
1400,3,5,11.4,2
1401,3,5,11.8,2
1402,3,5,12.22,2
1403,3,5,11.08,2
1404,3,5,11.22,2
1405,3,5,10.38,2
1406,3,5,10.58,2
1407,3,5,11.08,2
1408,3,5,10.32,2
1409,3,5,10.1,2
1410,3,5,10.18,2
1411,3,5,10.58,2
1412,3,5,11.38,2
1413,3,5,10.04,2
1414,3,5,10.16,2
1415,3,5,10.14,2
1416,3,5,9.46,2
1417,3,5,10.34,2
1418,3,5,10.54,2
1419,3,5,10.22,2
1420,3,5,10.86,2
1421,3,5,12.6,2
1422,3,5,12.62,2
1423,3,5,12.82,2
1424,3,5,12.56,2
1425,3,5,11.28,2
1426,3,5,12.0,2
1427,3,5,13.04,2
1428,3,5,12.2,2
1429,3,5,12.32,2
1430,3,5,11.62,2
1431,3,5,10.26,2
1432,3,5,10.78,2
1433,3,5,11.66,2
1434,3,5,12.6,2
1435,3,5,12.4,2
1436,3,5,11.0,2
1437,3,5,10.6,2
1438,3,5,10.86,2
1439,3,5,11.1,2
1440,3,5,12.02,2
1441,3,5,10.52,2
1442,3,5,10.28,2
1443,3,5,11.18,2
1444,3,5,11.24,2
1445,3,5,11.42,2
1446,3,5,11.4,2
1447,3,5,10.76,2
1448,3,5,11.64,2
1449,3,5,12.34,2
1450,3,5,11.6,2
1451,3,5,11.46,2
1452,3,5,10.92,2
1453,3,5,10.88,2
1454,3,5,9.92,2
1455,3,5,9.84,2
1456,3,5,10.54,2
1457,3,5,11.22,2
1458,3,5,11.42,2
1459,3,5,11.34,2
1460,3,5,10.8,2
1461,3,5,11.54,2
1462,3,5,11.8,2
1463,3,5,10.88,2
1464,3,5,12.2,2
1465,3,5,13.6,2
1466,3,5,12.26,2
1467,3,5,11.36,2
1468,3,5,10.34,2
1469,3,5,9.04,2
1470,3,5,9.02,2
1471,3,5,9.48,2
1472,3,5,10.36,2
1473,3,5,11.48,2
1474,3,5,11.7,2
1475,3,5,11.86,2
1476,3,5,12.58,2
1477,3,5,12.52,2
1478,3,5,11.86,2
1479,3,5,10.94,2
1480,3,5,11.26,2
1481,3,5,10.74,2
1482,3,5,10.58,2
1483,3,5,11.1,2
1484,3,5,10.1,2
1485,3,5,10.66,2
1486,3,5,9.4,2
1487,3,5,10.3,2
1488,3,5,10.8,2
1489,3,5,10.7,2
1490,3,5,8.8,2
1491,3,5,8.92,2
1492,3,5,9.94,2
1493,3,5,10.86,2
1494,3,5,10.02,2
1495,3,5,10.14,2
1496,3,5,9.08,2
1497,3,5,10.2,2
1498,3,5,10.48,2
1499,3,5,10.58,2
1500,3,5,10.06,2
1501,3,5,11.02,2
1502,3,5,10.78,2
1503,3,5,10.8,2
1504,3,5,9.46,2
1505,3,5,11.04,2
1506,3,5,11.06,2
1507,3,5,11.04,2
1508,3,5,10.7,2
1509,3,5,11.56,2
1510,3,5,11.92,2
1511,3,5,12.02,2
1512,3,5,11.36,2
1513,3,5,11.44,2
1514,3,5,11.84,2
1515,3,5,12.24,2
1516,3,5,11.2,2
1517,3,5,11.68,2
1518,3,5,11.46,2
1519,3,5,11.76,2
1520,3,5,12.06,2
1521,3,5,12.8,2
1522,3,5,12.38,2
1523,3,5,10.76,2
1524,3,5,9.94,2
1525,3,5,11.06,2
1526,3,5,10.9,2
1527,3,5,10.26,2
1528,3,5,10.62,2
1529,3,5,10.0,2
1530,3,5,9.8,2
1531,3,5,10.68,2
1532,3,5,11.78,2
1533,3,5,11.06,2
1534,3,5,10.84,2
1535,3,5,11.58,2
1536,3,5,9.7,2
1537,3,5,10.48,2
1538,3,5,10.36,2
1539,3,5,11.02,2
1540,3,5,11.32,2
1541,3,5,10.82,2
1542,3,5,10.84,2
1543,3,5,10.58,2
1544,3,5,11.46,2
1545,3,5,11.92,2
1546,3,5,10.6,2
1547,3,5,11.34,2
1548,3,5,11.4,2
1549,3,5,11.12,2
1550,3,5,10.62,2
1551,3,5,11.12,2
1552,3,5,10.38,2
1553,3,5,11.06,2
1554,3,5,10.84,2
1555,3,5,9.9,2
1556,3,5,11.66,2
1557,3,5,11.94,2
1558,3,5,11.4,2
1559,3,5,11.52,2
1560,3,5,10.38,2
1561,3,5,10.18,2
1562,3,5,11.04,2
1563,3,5,10.74,2
1564,3,5,10.94,2
1565,3,5,10.4,2
1566,3,5,10.42,2
1567,3,5,9.72,2
1568,3,5,9.3,2
1569,3,5,10.18,2
1570,3,5,10.18,2
1571,3,5,10.18,2
1572,3,5,10.28,2
1573,3,5,10.52,2
1574,3,5,10.62,2
1575,3,5,10.74,2
1576,3,5,9.98,2
1577,3,5,10.48,2
1578,3,5,10.12,2
1579,3,5,10.0,2
1580,3,5,10.4,2
1581,3,5,9.46,2
1582,3,5,9.86,2
1583,3,5,10.32,2
1584,3,5,11.46,2
1585,3,5,11.28,2
1586,3,5,10.62,2
1587,3,5,11.8,2
1588,3,5,11.28,2
1589,3,5,12.14,2
1590,3,5,10.68,2
1591,3,5,10.52,2
1592,3,5,10.36,2
1593,3,5,11.72,2
1594,3,5,11.62,2
1595,3,5,10.46,2
1596,3,5,10.58,2
1597,3,5,10.02,2
1598,3,5,10.96,2
1599,3,5,9.86,2
1600,3,5,10.42,2
1601,3,5,11.62,2
1602,3,5,12.06,2
1603,3,5,12.26,2
1604,3,5,11.52,2
1605,3,5,11.48,2
1606,3,5,11.4,2
1607,3,5,11.64,2
1608,3,5,11.04,2
1609,3,5,11.52,2
1610,3,5,11.1,2
1611,3,5,11.32,2
1612,3,5,10.6,2
1613,3,5,11.18,2
1614,3,5,10.68,2
1615,3,5,10.8,2
1616,3,5,11.26,2
1617,3,5,11.04,2
1618,3,5,10.32,2
1619,3,5,10.4,2
1620,3,5,11.66,2
1621,3,5,12.72,2
1622,3,5,12.1,2
1623,3,5,12.06,2
1624,3,5,11.26,2
1625,3,5,11.52,2
1626,3,5,11.84,2
1627,3,5,10.34,2
1628,3,5,10.52,2
1629,3,5,10.72,2
1630,3,5,11.12,2
1631,3,5,11.36,2
1632,3,5,10.84,2
1633,3,5,11.14,2
1634,3,5,10.32,2
1635,3,5,10.84,2
1636,3,5,11.6,2
1637,3,5,12.26,2
1638,3,5,12.52,2
1639,3,5,13.46,2
1640,3,5,11.08,2
1641,3,5,10.08,2
1642,3,5,10.06,2
1643,3,5,9.78,2
1644,3,5,9.88,2
1645,3,5,11.3,2
1646,3,5,13.32,2
1647,3,5,12.9,2
1648,3,5,11.94,2
1649,3,5,11.54,2
1650,3,5,10.88,2
1651,3,5,10.28,2
1652,3,5,10.8,2
1653,3,5,9.66,2
1654,3,5,11.62,2
1655,3,5,9.6,2
1656,3,5,9.94,2
1657,3,5,9.66,2
1658,3,5,10.46,2
1659,3,5,10.56,2
1660,3,5,10.58,2
1661,3,5,11.78,2
1662,3,5,12.08,2
1663,3,5,12.44,2
1664,3,5,11.74,2
1665,3,5,11.28,2
1666,3,5,10.72,2
1667,3,5,11.62,2
1668,3,5,11.24,2
1669,3,5,11.38,2
1670,3,5,11.46,2
1671,3,5,10.52,2
1672,3,5,11.2,2
1673,3,5,12.38,2
1674,3,5,12.68,2
1675,3,5,12.16,2
1676,3,5,13.0,2
1677,3,5,12.2,2
1678,3,5,12.06,2
1679,3,5,10.62,2
1680,3,5,10.42,2
1681,3,5,11.06,2
1682,3,5,11.3,2
1683,3,5,10.76,2
1684,3,5,10.7,2
1685,3,5,10.72,2
1686,3,5,11.1,2
1687,3,5,10.9,2
1688,3,5,11.24,2
1689,3,5,10.74,2
1690,3,5,11.06,2
1691,3,5,10.72,2
1692,3,5,10.54,2
1693,3,5,10.48,2
1694,3,5,11.06,2
1695,3,5,10.56,2
1696,3,5,10.92,2
1697,3,5,12.02,2
1698,3,5,11.68,2
1699,3,5,10.9,2
1700,3,5,11.06,2
1701,3,5,11.0,2
1702,3,5,10.6,2
1703,3,5,10.88,2
1704,3,5,10.78,2
1705,3,5,10.6,2
1706,3,5,11.08,2
1707,3,5,10.52,2
1708,3,5,9.92,2
1709,3,5,10.2,2
1710,3,5,10.4,2
1711,3,5,10.38,2
1712,3,5,9.66,2
1713,3,5,9.96,2
1714,3,5,10.52,2
1715,3,5,9.98,2
1716,3,5,11.66,2
1717,3,5,11.3,2
1718,3,5,11.56,2
1719,3,5,11.56,2
1720,3,5,11.26,2
1721,3,5,11.72,2
1722,3,5,11.02,2
1723,3,5,10.12,2
1724,3,5,11.38,2
1725,3,5,12.32,2
1726,3,5,12.54,2
1727,3,5,13.34,2
1728,3,5,12.54,2
1729,3,5,10.28,2
1730,3,5,10.44,2
1731,3,5,9.84,2
1732,3,5,10.48,2
1733,3,5,9.52,2
1734,3,5,11.26,2
1735,3,5,10.96,2
1736,3,5,11.42,2
1737,3,5,11.34,2
1738,3,5,12.16,2
1739,3,5,12.4,2
1740,3,5,12.82,2
1741,3,5,13.16,2
1742,3,5,12.76,2
1743,3,5,11.78,2
1744,3,5,10.76,2
1745,3,5,10.88,2
1746,3,5,11.12,2
1747,3,5,9.94,2
1748,3,5,9.52,2
1749,3,5,10.62,2
1750,3,5,11.3,2
1751,3,5,12.04,2
1752,3,5,12.1,2
1753,3,5,12.52,2
1754,3,5,11.44,2
1755,3,5,11.88,2
1756,3,5,11.4,2
1757,3,5,11.1,2
1758,3,5,12.16,2
1759,3,5,11.62,2
1760,3,5,11.62,2
1761,3,5,9.62,2
1762,3,5,9.48,2
1763,3,5,10.06,2
1764,3,5,11.1,2
1765,3,5,10.3,2
1766,3,5,11.02,2
1767,3,5,12.06,2
1768,3,5,11.76,2
1769,3,5,11.62,2
1770,3,5,11.24,2
1771,3,5,10.78,2
1772,3,5,10.42,2
1773,3,5,11.78,2
1774,3,5,10.82,2
1775,3,5,10.98,2
1776,3,5,10.92,2
1777,3,5,11.32,2
1778,3,5,11.28,2
1779,3,5,12.06,2
1780,3,5,10.76,2
1781,3,5,10.32,2
1782,3,5,11.16,2
1783,3,5,10.86,2
1784,3,5,11.22,2
1785,3,5,10.56,2
1786,3,5,10.82,2
1787,3,5,11.92,2
1788,3,5,10.92,2
1789,3,5,10.78,2
1790,3,5,11.5,2
1791,3,5,11.82,2
1792,3,5,12.7,2
1793,3,5,11.3,2
1794,3,5,11.1,2
1795,3,5,11.7,2
1796,3,5,11.32,2
1797,3,5,11.6,2
1798,3,5,11.76,2
1799,3,5,10.5,2
1800,3,5,10.16,2
1801,3,5,11.04,2
1802,3,5,10.76,2
1803,3,5,11.76,2
1804,3,5,12.18,2
1805,3,5,11.86,2
1806,3,5,10.72,2
1807,3,5,11.16,2
1808,3,5,10.66,2
1809,3,5,11.02,2
1810,3,5,10.48,2
1811,3,5,11.1,2
1812,3,5,11.8,2
1813,3,5,11.98,2
1814,3,5,12.04,2
1815,3,5,10.84,2
1816,3,5,10.66,2
1817,3,5,11.7,2
1818,3,5,12.24,2
1819,3,5,10.38,2
1820,3,5,10.5,2
1821,3,5,11.62,2
1822,3,5,12.64,2
1823,3,5,12.2,2
1824,3,5,12.54,2
1825,3,5,11.12,2
1826,3,5,10.3,2
1827,3,5,10.8,2
1828,3,5,11.36,2
1829,3,5,11.64,2
1830,3,5,11.32,2
1831,3,5,12.36,2
1832,3,5,12.6,2
1833,3,5,12.84,2
1834,3,5,11.74,2
1835,3,5,11.22,2
1836,3,5,11.54,2
1837,3,5,11.98,2
1838,3,5,12.32,2
1839,3,5,11.5,2
1840,3,5,11.48,2
1841,3,5,12.0,2
1842,3,5,13.52,2
1843,3,5,12.14,2
1844,3,5,12.36,2
1845,3,5,11.58,2
1846,3,5,12.22,2
1847,3,5,12.08,2
1848,3,5,12.76,2
1849,3,5,13.06,2
1850,3,5,13.02,2
1851,3,5,12.14,2
1852,3,5,10.9,2
1853,3,5,10.28,2
1854,3,5,9.92,2
1855,3,5,9.88,2
1856,3,5,10.16,2
1857,3,5,9.74,2
1858,3,5,9.96,2
1859,3,5,10.74,2
1860,3,5,10.98,2
1861,3,5,11.68,2
1862,3,5,11.02,2
1863,3,5,10.14,2
1864,3,5,9.76,2
1865,3,5,9.38,2
1866,3,5,10.04,2
1867,3,5,10.28,2
1868,3,5,10.32,2
1869,3,5,10.68,2
1870,3,5,10.0,2
1871,3,5,10.26,2
1872,3,5,11.34,2
1873,3,5,11.08,2
1874,3,5,10.84,2
1875,3,5,10.78,2
1876,3,5,12.1,2
1877,3,5,12.92,2
1878,3,5,12.2,2
1879,3,5,11.5,2
1880,3,5,10.74,2
1881,3,5,11.46,2
1882,3,5,10.72,2
1883,3,5,10.94,2
1884,3,5,11.88,2
1885,3,5,12.32,2
1886,3,5,11.62,2
1887,3,5,10.94,2
1888,3,5,11.36,2
1889,3,5,11.82,2
1890,3,5,12.56,2
1891,3,5,12.36,2
1892,3,5,11.58,2
1893,3,5,11.7,2
1894,3,5,11.38,2
1895,3,5,11.54,2
1896,3,5,11.24,2
1897,3,5,11.48,2
1898,3,5,10.98,2
1899,3,5,10.46,2
1900,3,5,10.56,2
1901,3,5,11.08,2
1902,3,5,11.98,2
1903,3,5,11.8,2
1904,3,5,11.16,2
1905,3,5,11.52,2
1906,3,5,11.04,2
1907,3,5,12.32,2
1908,3,5,12.12,2
1909,3,5,12.64,2
1910,3,5,12.58,2
1911,3,5,13.2,2
1912,3,5,12.48,2
1913,3,5,11.96,2
1914,3,5,10.58,2
1915,3,5,10.18,2
1916,3,5,10.92,2
1917,3,5,11.24,2
1918,3,5,10.92,2
1919,3,5,10.74,2
1920,3,5,10.28,2
1921,3,5,11.1,2
1922,3,5,11.44,2
1923,3,5,10.6,2
1924,3,5,10.34,2
1925,3,5,9.94,2
1926,3,5,10.26,2
1927,3,5,10.84,2
1928,3,5,10.16,2
1929,3,5,10.68,2
1930,3,5,10.08,2
1931,3,5,9.7,2
1932,3,5,11.42,2
1933,3,5,11.52,2
1934,3,5,11.6,2
1935,3,5,11.48,2
1936,3,5,10.96,2
1937,3,5,11.74,2
1938,3,5,12.34,2
1939,3,5,12.36,2
1940,3,5,12.0,2
1941,3,5,10.82,2
1942,3,5,10.96,2
1943,3,5,10.78,2
1944,3,5,10.18,2
1945,3,5,10.94,2
1946,3,5,10.64,2
1947,3,5,9.44,2
1948,3,5,9.52,2
1949,3,5,10.24,2
1950,3,5,10.46,2
1951,3,5,11.14,2
1952,3,5,11.72,2
1953,3,5,11.86,2
1954,3,5,11.68,2
1955,3,5,11.22,2
1956,3,5,9.48,2
1957,3,5,9.54,2
1958,3,5,10.62,2
1959,3,5,10.72,2
1960,3,5,10.4,2
1961,3,5,11.6,2
1962,3,5,11.56,2
1963,3,5,11.22,2
1964,3,5,11.88,2
1965,3,5,11.34,2
1966,3,5,10.5,2
1967,3,5,10.08,2
1968,3,5,9.46,2
1969,3,5,9.58,2
1970,3,5,10.48,2
1971,3,5,10.66,2
1972,3,5,11.16,2
1973,3,5,11.34,2
1974,3,5,11.68,2
1975,3,5,12.06,2
1976,3,5,11.38,2
1977,3,5,11.7,2
1978,3,5,11.14,2
1979,3,5,10.84,2
1980,3,5,11.6,2
1981,3,5,11.04,2
1982,3,5,10.8,2
1983,3,5,10.54,2
1984,3,5,10.98,2
1985,3,5,10.16,2
1986,3,5,11.16,2
1987,3,5,11.38,2
1988,3,5,11.06,2
1989,3,5,11.12,2
1990,3,5,10.0,2
1991,3,5,9.54,2
1992,3,5,9.94,2
1993,3,5,9.96,2
1994,3,5,9.6,2
1995,3,5,9.82,2
1996,3,5,11.08,2
1997,3,5,11.78,2
1998,3,5,13.04,2
1999,3,5,11.98,2
2000,3,5,10.98,2
0,4,5,57.86,40
1,4,5,52.42,39
2,4,5,46.94,38
3,4,5,44.14,38
4,4,5,42.3,31
5,4,5,40.52,31
6,4,5,38.48,31
7,4,5,37.58,29
8,4,5,38.52,29
9,4,5,36.42,29
10,4,5,34.9,29
11,4,5,33.52,27
12,4,5,31.38,24
13,4,5,31.08,24
14,4,5,29.82,23
15,4,5,28.78,23
16,4,5,28.08,23
17,4,5,28.24,22
18,4,5,27.38,22
19,4,5,27.22,22
20,4,5,27.24,21
21,4,5,26.96,20
22,4,5,26.92,20
23,4,5,27.1,20
24,4,5,27.36,20
25,4,5,26.54,20
26,4,5,26.44,20
27,4,5,26.62,20
28,4,5,25.8,20
29,4,5,26.02,20
30,4,5,25.36,20
31,4,5,24.86,18
32,4,5,24.1,18
33,4,5,24.08,18
34,4,5,24.42,18
35,4,5,23.88,18
36,4,5,23.04,18
37,4,5,23.42,18
38,4,5,24.04,18
39,4,5,24.8,18
40,4,5,24.64,18
41,4,5,24.16,17
42,4,5,23.38,17
43,4,5,22.8,15
44,4,5,23.2,15
45,4,5,22.94,15
46,4,5,22.62,15
47,4,5,22.6,15
48,4,5,22.58,15
49,4,5,21.58,15
50,4,5,21.12,15
51,4,5,21.08,15
52,4,5,20.86,15
53,4,5,21.14,15
54,4,5,21.78,15
55,4,5,20.86,13
56,4,5,20.86,13
57,4,5,20.22,13
58,4,5,21.9,13
59,4,5,20.76,13
60,4,5,19.48,13
61,4,5,18.0,12
62,4,5,18.36,12
63,4,5,17.28,12
64,4,5,18.48,12
65,4,5,18.56,12
66,4,5,18.76,12
67,4,5,19.82,12
68,4,5,20.22,12
69,4,5,20.18,12
70,4,5,21.06,12
71,4,5,20.46,12
72,4,5,21.22,12
73,4,5,19.3,12
74,4,5,18.86,12
75,4,5,18.72,12
76,4,5,20.1,12
77,4,5,18.7,12
78,4,5,19.14,12
79,4,5,19.84,12
80,4,5,19.26,12
81,4,5,18.68,12
82,4,5,19.98,12
83,4,5,19.3,12
84,4,5,19.42,12
85,4,5,19.08,12
86,4,5,18.42,12
87,4,5,18.8,12
88,4,5,18.48,11
89,4,5,18.1,11
90,4,5,18.24,10
91,4,5,18.22,10
92,4,5,17.58,10
93,4,5,17.14,10
94,4,5,17.6,10
95,4,5,17.26,10
96,4,5,17.52,10
97,4,5,17.34,10
98,4,5,17.7,10
99,4,5,17.2,10
100,4,5,17.2,10
101,4,5,17.4,10
102,4,5,18.42,10
103,4,5,18.24,10
104,4,5,19.06,10
105,4,5,18.8,10
106,4,5,19.54,10
107,4,5,18.62,10
108,4,5,17.94,10
109,4,5,17.1,10
110,4,5,18.14,10
111,4,5,16.82,10
112,4,5,15.74,10
113,4,5,15.0,10
114,4,5,15.28,10
115,4,5,15.62,10
116,4,5,16.12,10
117,4,5,17.58,10
118,4,5,17.12,10
119,4,5,16.84,10
120,4,5,16.86,10
121,4,5,17.48,10
122,4,5,18.02,10
123,4,5,17.58,10
124,4,5,18.04,10
125,4,5,16.96,10
126,4,5,16.78,10
127,4,5,17.0,10
128,4,5,17.74,10
129,4,5,17.08,10
130,4,5,17.26,10
131,4,5,17.44,10
132,4,5,17.74,10
133,4,5,16.98,10
134,4,5,17.22,9
135,4,5,16.82,9
136,4,5,16.58,9
137,4,5,16.2,9
138,4,5,16.32,9
139,4,5,16.6,9
140,4,5,16.42,9
141,4,5,16.0,9
142,4,5,17.2,9
143,4,5,15.86,9
144,4,5,15.68,9
145,4,5,16.66,9
146,4,5,17.04,9
147,4,5,17.78,9
148,4,5,17.22,9
149,4,5,16.32,9
150,4,5,16.9,9
151,4,5,17.78,9
152,4,5,18.14,9
153,4,5,17.42,9
154,4,5,17.34,9
155,4,5,16.86,9
156,4,5,15.82,9
157,4,5,16.86,9
158,4,5,16.72,9
159,4,5,16.06,9
160,4,5,16.6,9
161,4,5,16.84,9
162,4,5,16.42,9
163,4,5,15.42,9
164,4,5,15.56,9
165,4,5,15.54,9
166,4,5,15.7,9
167,4,5,17.08,9
168,4,5,17.04,9
169,4,5,16.54,9
170,4,5,15.52,9
171,4,5,15.82,9
172,4,5,16.0,9
173,4,5,16.28,9
174,4,5,15.92,9
175,4,5,15.12,9
176,4,5,15.88,9
177,4,5,16.16,9
178,4,5,15.68,9
179,4,5,16.18,9
180,4,5,15.74,9
181,4,5,15.96,9
182,4,5,16.06,9
183,4,5,16.22,9
184,4,5,16.6,9
185,4,5,16.5,9
186,4,5,16.4,9
187,4,5,16.06,9
188,4,5,16.24,9
189,4,5,17.06,9
190,4,5,17.32,9
191,4,5,17.22,9
192,4,5,16.54,9
193,4,5,16.4,9
194,4,5,16.34,9
195,4,5,16.52,9
196,4,5,17.72,9
197,4,5,16.66,8
198,4,5,16.52,8
199,4,5,16.72,8
200,4,5,16.68,8
201,4,5,16.56,8
202,4,5,15.94,8
203,4,5,16.18,8
204,4,5,15.82,8
205,4,5,16.16,8
206,4,5,16.02,8
207,4,5,16.54,8
208,4,5,16.02,8
209,4,5,16.54,8
210,4,5,15.76,8
211,4,5,15.62,8
212,4,5,15.4,8
213,4,5,14.92,8
214,4,5,15.5,8
215,4,5,14.78,7
216,4,5,15.32,7
217,4,5,15.36,7
218,4,5,15.92,7
219,4,5,16.1,7
220,4,5,16.16,7
221,4,5,15.62,7
222,4,5,15.38,7
223,4,5,15.78,7
224,4,5,14.78,7
225,4,5,16.1,7
226,4,5,16.38,7
227,4,5,15.88,7
228,4,5,15.62,7
229,4,5,15.9,7
230,4,5,16.1,7
231,4,5,15.74,7
232,4,5,14.36,7
233,4,5,14.78,7
234,4,5,14.86,7
235,4,5,14.72,7
236,4,5,15.18,7
237,4,5,14.84,7
238,4,5,15.02,7
239,4,5,15.34,7
240,4,5,15.26,7
241,4,5,14.96,7
242,4,5,14.92,7
243,4,5,14.92,7
244,4,5,14.46,7
245,4,5,14.7,7
246,4,5,15.3,7
247,4,5,15.56,7
248,4,5,14.86,7
249,4,5,16.34,7
250,4,5,16.76,7
251,4,5,16.48,7
252,4,5,16.14,7
253,4,5,15.3,7
254,4,5,15.66,7
255,4,5,14.96,7
256,4,5,15.6,7
257,4,5,15.54,7
258,4,5,15.56,7
259,4,5,15.96,7
260,4,5,16.4,7
261,4,5,15.22,7
262,4,5,14.68,7
263,4,5,14.72,7
264,4,5,14.22,7
265,4,5,14.92,7
266,4,5,15.32,7
267,4,5,16.44,7
268,4,5,16.08,7
269,4,5,15.18,7
270,4,5,14.66,7
271,4,5,14.04,7
272,4,5,14.46,7
273,4,5,14.24,7
274,4,5,14.46,7
275,4,5,15.42,7
276,4,5,15.7,7
277,4,5,15.6,7
278,4,5,15.96,7
279,4,5,16.54,7
280,4,5,17.3,7
281,4,5,17.08,7
282,4,5,16.66,7
283,4,5,16.0,7
284,4,5,15.84,7
285,4,5,15.86,7
286,4,5,14.92,7
287,4,5,15.48,7
288,4,5,16.1,7
289,4,5,15.48,7
290,4,5,14.8,7
291,4,5,15.54,7
292,4,5,14.96,7
293,4,5,15.12,7
294,4,5,13.24,7
295,4,5,13.1,7
296,4,5,14.58,7
297,4,5,15.96,7
298,4,5,14.9,7
299,4,5,15.56,7
300,4,5,15.62,7
301,4,5,14.66,7
302,4,5,14.22,7
303,4,5,14.92,7
304,4,5,16.0,7
305,4,5,14.44,7
306,4,5,15.14,7
307,4,5,15.02,7
308,4,5,14.84,7
309,4,5,15.82,7
310,4,5,16.22,7
311,4,5,16.02,7
312,4,5,15.14,7
313,4,5,15.88,7
314,4,5,15.58,7
315,4,5,14.72,7
316,4,5,15.08,7
317,4,5,15.54,7
318,4,5,14.16,7
319,4,5,13.58,7
320,4,5,14.72,7
321,4,5,14.46,7
322,4,5,15.04,7
323,4,5,15.06,7
324,4,5,14.56,7
325,4,5,15.08,7
326,4,5,14.66,7
327,4,5,14.74,7
328,4,5,14.24,7
329,4,5,14.3,7
330,4,5,14.46,7
331,4,5,14.2,7
332,4,5,13.76,7
333,4,5,14.8,7
334,4,5,15.0,7
335,4,5,15.56,7
336,4,5,15.44,7
337,4,5,15.64,7
338,4,5,15.36,7
339,4,5,14.66,7
340,4,5,14.52,7
341,4,5,13.86,7
342,4,5,15.98,7
343,4,5,16.52,7
344,4,5,15.26,7
345,4,5,14.12,7
346,4,5,15.42,7
347,4,5,15.16,7
348,4,5,15.58,7
349,4,5,15.54,7
350,4,5,15.04,7
351,4,5,14.4,7
352,4,5,14.7,7
353,4,5,13.64,7
354,4,5,13.52,7
355,4,5,13.76,7
356,4,5,13.52,7
357,4,5,13.52,7
358,4,5,13.84,7
359,4,5,13.94,7
360,4,5,14.62,7
361,4,5,14.48,7
362,4,5,14.98,7
363,4,5,15.04,7
364,4,5,15.36,7
365,4,5,15.12,7
366,4,5,14.94,7
367,4,5,14.18,7
368,4,5,14.32,7
369,4,5,13.98,7
370,4,5,15.22,7
371,4,5,14.66,7
372,4,5,14.24,7
373,4,5,14.0,7
374,4,5,14.06,7
375,4,5,14.48,7
376,4,5,15.68,7
377,4,5,15.02,7
378,4,5,14.32,7
379,4,5,13.66,7
380,4,5,14.32,7
381,4,5,14.04,7
382,4,5,13.78,7
383,4,5,13.66,7
384,4,5,14.24,7
385,4,5,15.18,7
386,4,5,14.72,7
387,4,5,14.86,7
388,4,5,14.52,7
389,4,5,14.42,7
390,4,5,13.6,7
391,4,5,14.18,7
392,4,5,14.9,7
393,4,5,15.4,7
394,4,5,15.62,7
395,4,5,16.04,7
396,4,5,15.26,7
397,4,5,16.0,7
398,4,5,16.34,7
399,4,5,16.38,7
400,4,5,17.16,7
401,4,5,16.4,7
402,4,5,15.96,7
403,4,5,15.46,7
404,4,5,15.38,7
405,4,5,15.66,7
406,4,5,15.02,7
407,4,5,15.72,7
408,4,5,16.68,7
409,4,5,16.74,7
410,4,5,16.38,7
411,4,5,14.38,7
412,4,5,15.56,7
413,4,5,15.56,7
414,4,5,16.08,7
415,4,5,15.92,7
416,4,5,15.1,7
417,4,5,15.14,7
418,4,5,15.2,7
419,4,5,14.92,7
420,4,5,14.6,7
421,4,5,15.86,7
422,4,5,15.72,7
423,4,5,16.02,7
424,4,5,16.06,7
425,4,5,15.16,7
426,4,5,14.88,7
427,4,5,14.38,7
428,4,5,14.44,7
429,4,5,15.12,7
430,4,5,15.94,7
431,4,5,15.92,7
432,4,5,15.96,7
433,4,5,14.68,7
434,4,5,14.4,7
435,4,5,15.14,7
436,4,5,15.2,7
437,4,5,14.54,7
438,4,5,14.72,7
439,4,5,14.46,7
440,4,5,14.9,7
441,4,5,14.64,7
442,4,5,14.4,7
443,4,5,14.54,7
444,4,5,14.62,7
445,4,5,14.58,7
446,4,5,14.82,7
447,4,5,14.6,7
448,4,5,14.36,7
449,4,5,13.72,7
450,4,5,14.4,7
451,4,5,15.24,7
452,4,5,15.44,7
453,4,5,14.52,7
454,4,5,14.56,7
455,4,5,14.62,7
456,4,5,14.18,6
457,4,5,14.02,6
458,4,5,14.44,6
459,4,5,14.1,6
460,4,5,14.72,6
461,4,5,15.26,6
462,4,5,14.62,6
463,4,5,14.98,6
464,4,5,14.7,6
465,4,5,15.4,6
466,4,5,14.4,6
467,4,5,14.66,6
468,4,5,14.82,6
469,4,5,14.7,6
470,4,5,14.62,6
471,4,5,14.1,6
472,4,5,13.7,6
473,4,5,13.3,6
474,4,5,15.24,6
475,4,5,15.66,6
476,4,5,15.62,6
477,4,5,15.62,6
478,4,5,14.84,6
479,4,5,14.42,6
480,4,5,13.18,6
481,4,5,13.92,6
482,4,5,14.18,6
483,4,5,14.06,6
484,4,5,13.3,6
485,4,5,13.12,6
486,4,5,12.9,6
487,4,5,14.68,6
488,4,5,14.32,6
489,4,5,14.04,6
490,4,5,14.12,6
491,4,5,14.42,6
492,4,5,13.92,6
493,4,5,14.06,6
494,4,5,13.42,6
495,4,5,12.6,6
496,4,5,13.44,6
497,4,5,15.12,6
498,4,5,14.78,6
499,4,5,14.02,6
500,4,5,14.14,6
501,4,5,14.22,6
502,4,5,15.02,6
503,4,5,15.3,6
504,4,5,14.62,6
505,4,5,15.24,6
506,4,5,15.38,6
507,4,5,14.58,6
508,4,5,16.56,6
509,4,5,15.6,6
510,4,5,16.04,6
511,4,5,16.16,6
512,4,5,17.08,6
513,4,5,15.7,6
514,4,5,14.82,6
515,4,5,15.06,6
516,4,5,16.08,6
517,4,5,13.92,6
518,4,5,13.92,6
519,4,5,13.68,6
520,4,5,14.08,6
521,4,5,14.02,6
522,4,5,14.52,6
523,4,5,14.98,6
524,4,5,14.74,6
525,4,5,14.14,6
526,4,5,14.68,6
527,4,5,14.46,6
528,4,5,13.74,6
529,4,5,14.2,6
530,4,5,14.98,6
531,4,5,14.7,6
532,4,5,14.76,6
533,4,5,12.96,6
534,4,5,13.32,6
535,4,5,14.5,6
536,4,5,15.78,6
537,4,5,15.58,6
538,4,5,15.72,6
539,4,5,15.44,6
540,4,5,14.44,6
541,4,5,14.2,6
542,4,5,15.54,6
543,4,5,15.66,6
544,4,5,14.28,6
545,4,5,14.2,6
546,4,5,15.42,6
547,4,5,15.74,6
548,4,5,15.22,6
549,4,5,14.26,6
550,4,5,13.6,6
551,4,5,15.16,6
552,4,5,16.08,6
553,4,5,14.62,6
554,4,5,15.04,6
555,4,5,15.52,6
556,4,5,14.56,6
557,4,5,14.62,6
558,4,5,15.22,6
559,4,5,15.38,6
560,4,5,14.16,6
561,4,5,14.5,6
562,4,5,14.16,6
563,4,5,13.96,6
564,4,5,13.36,6
565,4,5,13.54,6
566,4,5,14.14,6
567,4,5,13.7,6
568,4,5,13.24,6
569,4,5,14.92,6
570,4,5,14.6,6
571,4,5,13.7,6
572,4,5,14.7,6
573,4,5,14.72,6
574,4,5,13.56,6
575,4,5,14.76,6
576,4,5,15.36,6
577,4,5,15.8,6
578,4,5,14.58,6
579,4,5,14.22,6
580,4,5,13.62,6
581,4,5,14.02,6
582,4,5,14.54,6
583,4,5,13.9,6
584,4,5,13.92,6
585,4,5,13.62,6
586,4,5,13.48,6
587,4,5,14.62,6
588,4,5,13.74,6
589,4,5,13.62,6
590,4,5,14.82,6
591,4,5,14.06,6
592,4,5,14.36,6
593,4,5,13.4,6
594,4,5,13.54,6
595,4,5,13.72,6
596,4,5,12.7,6
597,4,5,14.22,6
598,4,5,14.7,6
599,4,5,14.7,6
600,4,5,14.94,6
601,4,5,14.6,6
602,4,5,15.2,6
603,4,5,16.2,6
604,4,5,15.02,6
605,4,5,14.4,5
606,4,5,13.94,5
607,4,5,14.96,5
608,4,5,14.22,5
609,4,5,14.18,5
610,4,5,13.98,5
611,4,5,13.5,5
612,4,5,13.6,5
613,4,5,12.92,5
614,4,5,14.0,5
615,4,5,14.66,5
616,4,5,14.66,5
617,4,5,13.46,5
618,4,5,13.96,5
619,4,5,14.2,5
620,4,5,13.58,5
621,4,5,12.58,5
622,4,5,11.96,5
623,4,5,12.18,5
624,4,5,13.36,5
625,4,5,13.6,5
626,4,5,13.6,5
627,4,5,13.72,5
628,4,5,14.38,5
629,4,5,14.46,5
630,4,5,14.92,5
631,4,5,14.1,5
632,4,5,14.8,5
633,4,5,14.32,5
634,4,5,13.18,5
635,4,5,13.34,5
636,4,5,12.92,5
637,4,5,12.48,5
638,4,5,13.2,5
639,4,5,13.88,5
640,4,5,13.52,5
641,4,5,13.72,5
642,4,5,13.72,5
643,4,5,13.52,5
644,4,5,12.92,5
645,4,5,13.02,5
646,4,5,12.36,5
647,4,5,13.32,5
648,4,5,13.26,5
649,4,5,13.7,5
650,4,5,12.56,5
651,4,5,13.1,5
652,4,5,13.3,5
653,4,5,12.76,5
654,4,5,12.54,5
655,4,5,13.22,5
656,4,5,11.84,5
657,4,5,13.6,5
658,4,5,13.5,4
659,4,5,13.62,4
660,4,5,11.98,4
661,4,5,12.66,4
662,4,5,13.46,4
663,4,5,13.06,4
664,4,5,12.12,4
665,4,5,13.08,4
666,4,5,12.72,4
667,4,5,11.84,4
668,4,5,11.52,4
669,4,5,11.94,4
670,4,5,11.2,4
671,4,5,12.84,4
672,4,5,14.38,4
673,4,5,15.1,4
674,4,5,14.64,4
675,4,5,12.64,4
676,4,5,12.1,4
677,4,5,12.78,4
678,4,5,12.08,4
679,4,5,12.62,4
680,4,5,12.06,4
681,4,5,12.24,4
682,4,5,12.3,4
683,4,5,12.12,4
684,4,5,12.22,4
685,4,5,11.62,4
686,4,5,11.34,4
687,4,5,12.5,4
688,4,5,12.14,4
689,4,5,12.08,4
690,4,5,13.14,4
691,4,5,13.62,4
692,4,5,12.28,4
693,4,5,12.28,4
694,4,5,11.62,4
695,4,5,12.1,4
696,4,5,12.28,4
697,4,5,11.6,4
698,4,5,12.12,4
699,4,5,11.98,4
700,4,5,11.64,4
701,4,5,11.78,4
702,4,5,12.72,4
703,4,5,13.1,4
704,4,5,11.88,4
705,4,5,11.76,4
706,4,5,10.6,4
707,4,5,12.84,4
708,4,5,13.1,4
709,4,5,13.26,4
710,4,5,13.56,4
711,4,5,13.62,4
712,4,5,13.68,4
713,4,5,13.58,4
714,4,5,12.84,4
715,4,5,11.58,4
716,4,5,12.46,4
717,4,5,11.9,4
718,4,5,11.76,4
719,4,5,12.66,4
720,4,5,12.18,4
721,4,5,13.24,4
722,4,5,13.1,4
723,4,5,12.42,4
724,4,5,12.18,4
725,4,5,11.64,4
726,4,5,12.5,4
727,4,5,12.42,4
728,4,5,12.02,4
729,4,5,11.96,4
730,4,5,12.62,4
731,4,5,11.62,4
732,4,5,11.66,4
733,4,5,13.96,4
734,4,5,13.88,4
735,4,5,13.38,4
736,4,5,12.48,4
737,4,5,13.22,4
738,4,5,12.2,4
739,4,5,12.24,4
740,4,5,12.36,4
741,4,5,11.5,4
742,4,5,12.02,4
743,4,5,13.56,4
744,4,5,14.34,4
745,4,5,14.1,4
746,4,5,14.54,4
747,4,5,14.28,4
748,4,5,13.2,4
749,4,5,13.2,4
750,4,5,12.44,4
751,4,5,12.02,4
752,4,5,11.38,4
753,4,5,12.44,4
754,4,5,13.12,4
755,4,5,13.52,4
756,4,5,12.58,4
757,4,5,11.22,4
758,4,5,11.02,3
759,4,5,11.12,3
760,4,5,11.18,3
761,4,5,11.24,3
762,4,5,11.86,3
763,4,5,11.98,3
764,4,5,11.56,3
765,4,5,11.44,3
766,4,5,11.76,3
767,4,5,11.92,3
768,4,5,12.02,3
769,4,5,11.66,3
770,4,5,11.24,3
771,4,5,11.9,3
772,4,5,11.82,3
773,4,5,11.7,3
774,4,5,12.28,3
775,4,5,11.58,3
776,4,5,10.96,3
777,4,5,11.9,3
778,4,5,10.32,3
779,4,5,10.32,3
780,4,5,11.66,3
781,4,5,11.86,3
782,4,5,11.28,3
783,4,5,11.76,3
784,4,5,11.82,3
785,4,5,11.78,3
786,4,5,10.98,3
787,4,5,11.24,3
788,4,5,11.42,3
789,4,5,11.58,3
790,4,5,13.2,3
791,4,5,12.16,3
792,4,5,12.18,3
793,4,5,13.0,3
794,4,5,12.36,3
795,4,5,11.26,3
796,4,5,12.52,3
797,4,5,12.04,3
798,4,5,11.38,3
799,4,5,11.74,3
800,4,5,10.92,3
801,4,5,11.46,3
802,4,5,11.22,3
803,4,5,11.88,3
804,4,5,12.06,3
805,4,5,10.9,3
806,4,5,11.34,3
807,4,5,12.92,3
808,4,5,11.18,3
809,4,5,11.12,3
810,4,5,10.7,3
811,4,5,11.38,3
812,4,5,13.04,3
813,4,5,12.0,3
814,4,5,11.86,3
815,4,5,11.78,3
816,4,5,11.44,3
817,4,5,10.58,3
818,4,5,10.46,3
819,4,5,10.32,3
820,4,5,10.9,3
821,4,5,11.66,3
822,4,5,11.84,3
823,4,5,12.5,3
824,4,5,12.82,3
825,4,5,12.38,3
826,4,5,13.52,3
827,4,5,13.22,3
828,4,5,11.38,3
829,4,5,10.6,3
830,4,5,12.62,3
831,4,5,11.22,3
832,4,5,11.18,3
833,4,5,12.08,3
834,4,5,12.62,3
835,4,5,11.82,3
836,4,5,12.22,3
837,4,5,10.94,3
838,4,5,11.78,3
839,4,5,12.2,3
840,4,5,12.38,3
841,4,5,11.62,3
842,4,5,11.94,3
843,4,5,10.92,3
844,4,5,11.4,3
845,4,5,11.48,3
846,4,5,11.0,3
847,4,5,11.96,3
848,4,5,11.94,3
849,4,5,12.68,3
850,4,5,11.66,3
851,4,5,11.68,3
852,4,5,11.68,3
853,4,5,11.84,3
854,4,5,12.38,3
855,4,5,12.58,3
856,4,5,13.7,3
857,4,5,13.02,3
858,4,5,12.28,3
859,4,5,12.58,3
860,4,5,12.42,3
861,4,5,12.24,3
862,4,5,12.34,3
863,4,5,11.08,3
864,4,5,11.34,3
865,4,5,11.26,3
866,4,5,10.88,3
867,4,5,11.96,3
868,4,5,12.6,3
869,4,5,12.14,3
870,4,5,12.18,3
871,4,5,11.52,3
872,4,5,12.02,3
873,4,5,11.38,3
874,4,5,11.96,3
875,4,5,12.38,3
876,4,5,12.32,3
877,4,5,12.88,3
878,4,5,11.54,3
879,4,5,10.98,3
880,4,5,10.98,3
881,4,5,10.6,3
882,4,5,10.82,3
883,4,5,10.7,3
884,4,5,11.3,3
885,4,5,11.82,3
886,4,5,11.68,3
887,4,5,11.44,3
888,4,5,11.4,3
889,4,5,11.86,3
890,4,5,12.56,3
891,4,5,11.92,3
892,4,5,12.02,3
893,4,5,11.32,3
894,4,5,11.48,3
895,4,5,10.38,3
896,4,5,11.56,3
897,4,5,11.0,3
898,4,5,11.36,3
899,4,5,12.96,3
900,4,5,12.84,3
901,4,5,12.68,3
902,4,5,12.34,3
903,4,5,11.26,3
904,4,5,11.66,3
905,4,5,12.18,3
906,4,5,11.28,3
907,4,5,12.48,3
908,4,5,12.26,3
909,4,5,11.92,3
910,4,5,11.98,3
911,4,5,10.92,3
912,4,5,9.26,3
913,4,5,10.94,3
914,4,5,10.66,3
915,4,5,10.3,3
916,4,5,11.38,3
917,4,5,11.54,3
918,4,5,11.8,3
919,4,5,12.12,3
920,4,5,12.06,3
921,4,5,11.34,3
922,4,5,11.46,3
923,4,5,11.5,3
924,4,5,12.12,3
925,4,5,12.48,3
926,4,5,12.48,3
927,4,5,12.0,3
928,4,5,11.66,3
929,4,5,10.98,3
930,4,5,10.52,3
931,4,5,12.0,3
932,4,5,11.9,3
933,4,5,12.8,3
934,4,5,12.92,3
935,4,5,13.06,3
936,4,5,11.66,3
937,4,5,10.9,3
938,4,5,11.44,3
939,4,5,12.42,3
940,4,5,13.28,3
941,4,5,13.1,3
942,4,5,12.46,3
943,4,5,11.88,3
944,4,5,11.86,3
945,4,5,11.94,3
946,4,5,11.14,3
947,4,5,11.52,3
948,4,5,12.68,3
949,4,5,12.06,3
950,4,5,11.46,3
951,4,5,11.36,3
952,4,5,12.06,3
953,4,5,11.52,3
954,4,5,13.22,3
955,4,5,13.32,3
956,4,5,12.42,3
957,4,5,10.92,3
958,4,5,11.06,3
959,4,5,10.82,3
960,4,5,10.9,3
961,4,5,11.26,3
962,4,5,10.82,3
963,4,5,11.26,3
964,4,5,11.46,3
965,4,5,11.64,3
966,4,5,11.78,3
967,4,5,10.58,3
968,4,5,11.2,3
969,4,5,12.22,3
970,4,5,12.08,3
971,4,5,13.42,3
972,4,5,13.08,3
973,4,5,13.4,3
974,4,5,13.24,3
975,4,5,13.02,3
976,4,5,13.58,3
977,4,5,11.7,3
978,4,5,11.56,3
979,4,5,12.04,3
980,4,5,11.76,3
981,4,5,11.96,3
982,4,5,12.52,3
983,4,5,12.56,3
984,4,5,12.04,3
985,4,5,11.46,3
986,4,5,12.84,3
987,4,5,13.36,3
988,4,5,12.24,3
989,4,5,10.0,3
990,4,5,10.8,3
991,4,5,11.14,3
992,4,5,10.88,3
993,4,5,12.38,3
994,4,5,12.5,3
995,4,5,11.36,2
996,4,5,10.76,2
997,4,5,11.6,2
998,4,5,11.92,2
999,4,5,11.68,2
1000,4,5,11.5,2
1001,4,5,10.46,2
1002,4,5,11.38,2
1003,4,5,9.98,2
1004,4,5,9.54,2
1005,4,5,10.92,2
1006,4,5,10.38,2
1007,4,5,10.9,2
1008,4,5,11.5,2
1009,4,5,11.62,2
1010,4,5,12.82,2
1011,4,5,13.16,2
1012,4,5,13.26,2
1013,4,5,12.48,2
1014,4,5,11.24,2
1015,4,5,12.22,2
1016,4,5,10.16,2
1017,4,5,11.2,2
1018,4,5,12.04,2
1019,4,5,12.78,2
1020,4,5,13.56,2
1021,4,5,12.74,2
1022,4,5,11.66,2
1023,4,5,11.58,2
1024,4,5,12.0,2
1025,4,5,11.94,2
1026,4,5,11.04,2
1027,4,5,11.58,2
1028,4,5,11.22,2
1029,4,5,10.86,2
1030,4,5,9.48,2
1031,4,5,9.46,2
1032,4,5,11.02,2
1033,4,5,11.38,2
1034,4,5,10.4,2
1035,4,5,11.66,2
1036,4,5,12.32,2
1037,4,5,11.92,2
1038,4,5,12.2,2
1039,4,5,12.68,2
1040,4,5,11.68,2
1041,4,5,10.48,2
1042,4,5,11.66,2
1043,4,5,12.02,2
1044,4,5,10.94,2
1045,4,5,10.16,2
1046,4,5,11.46,2
1047,4,5,10.62,2
1048,4,5,10.78,2
1049,4,5,10.7,2
1050,4,5,10.58,2
1051,4,5,10.94,2
1052,4,5,11.5,2
1053,4,5,13.16,2
1054,4,5,12.42,2
1055,4,5,12.18,2
1056,4,5,11.04,2
1057,4,5,9.86,2
1058,4,5,10.08,2
1059,4,5,11.24,2
1060,4,5,11.5,2
1061,4,5,12.04,2
1062,4,5,11.26,2
1063,4,5,11.84,2
1064,4,5,12.78,2
1065,4,5,12.2,2
1066,4,5,12.78,2
1067,4,5,11.32,2
1068,4,5,11.5,2
1069,4,5,12.1,2
1070,4,5,11.02,2
1071,4,5,10.9,2
1072,4,5,11.62,2
1073,4,5,12.02,2
1074,4,5,12.68,2
1075,4,5,11.26,2
1076,4,5,10.84,2
1077,4,5,10.14,2
1078,4,5,10.18,2
1079,4,5,10.38,2
1080,4,5,10.94,2
1081,4,5,10.48,2
1082,4,5,10.66,2
1083,4,5,11.78,2
1084,4,5,10.94,2
1085,4,5,11.26,2
1086,4,5,11.2,2
1087,4,5,11.56,2
1088,4,5,10.62,2
1089,4,5,10.8,2
1090,4,5,11.64,2
1091,4,5,12.38,2
1092,4,5,12.98,2
1093,4,5,12.94,2
1094,4,5,13.18,2
1095,4,5,13.5,2
1096,4,5,12.88,2
1097,4,5,10.54,2
1098,4,5,10.68,2
1099,4,5,11.0,2
1100,4,5,10.82,2
1101,4,5,11.52,2
1102,4,5,11.0,2
1103,4,5,11.44,2
1104,4,5,10.42,2
1105,4,5,10.96,2
1106,4,5,11.22,2
1107,4,5,10.24,2
1108,4,5,10.92,2
1109,4,5,11.1,2
1110,4,5,10.98,2
1111,4,5,11.52,2
1112,4,5,10.92,2
1113,4,5,10.38,2
1114,4,5,10.44,2
1115,4,5,11.56,2
1116,4,5,11.12,2
1117,4,5,11.44,2
1118,4,5,11.76,2
1119,4,5,11.04,2
1120,4,5,10.96,2
1121,4,5,11.04,2
1122,4,5,11.76,2
1123,4,5,12.86,2
1124,4,5,12.42,2
1125,4,5,10.32,2
1126,4,5,10.68,2
1127,4,5,11.3,2
1128,4,5,12.12,2
1129,4,5,11.22,2
1130,4,5,11.34,2
1131,4,5,11.12,2
1132,4,5,11.08,2
1133,4,5,10.5,2
1134,4,5,10.06,2
1135,4,5,10.6,2
1136,4,5,10.82,2
1137,4,5,11.86,2
1138,4,5,10.52,2
1139,4,5,11.44,2
1140,4,5,11.38,2
1141,4,5,10.72,2
1142,4,5,10.72,2
1143,4,5,10.94,2
1144,4,5,11.5,2
1145,4,5,11.48,2
1146,4,5,11.26,2
1147,4,5,11.24,2
1148,4,5,11.6,2
1149,4,5,11.3,2
1150,4,5,11.5,2
1151,4,5,12.06,2
1152,4,5,10.82,2
1153,4,5,10.4,2
1154,4,5,11.36,2
1155,4,5,11.66,2
1156,4,5,11.26,2
1157,4,5,12.08,2
1158,4,5,12.16,2
1159,4,5,12.14,2
1160,4,5,11.92,2
1161,4,5,11.88,2
1162,4,5,11.74,2
1163,4,5,11.88,2
1164,4,5,12.58,2
1165,4,5,10.24,2
1166,4,5,10.66,2
1167,4,5,9.6,2
1168,4,5,10.56,2
1169,4,5,10.72,2
1170,4,5,10.3,2
1171,4,5,11.0,2
1172,4,5,10.14,2
1173,4,5,10.02,2
1174,4,5,11.0,2
1175,4,5,11.3,2
1176,4,5,10.46,2
1177,4,5,11.82,2
1178,4,5,11.74,2
1179,4,5,12.24,2
1180,4,5,12.6,2
1181,4,5,12.62,2
1182,4,5,12.3,2
1183,4,5,12.26,2
1184,4,5,13.98,2
1185,4,5,12.32,2
1186,4,5,11.52,2
1187,4,5,10.94,2
1188,4,5,10.98,2
1189,4,5,10.8,2
1190,4,5,10.82,2
1191,4,5,10.46,2
1192,4,5,9.96,2
1193,4,5,10.92,2
1194,4,5,10.46,2
1195,4,5,11.3,2
1196,4,5,11.06,2
1197,4,5,10.52,2
1198,4,5,11.26,2
1199,4,5,11.54,2
1200,4,5,11.7,2
1201,4,5,11.04,2
1202,4,5,11.0,2
1203,4,5,10.44,2
1204,4,5,10.4,2
1205,4,5,11.18,2
1206,4,5,11.64,2
1207,4,5,11.3,2
1208,4,5,11.52,2
1209,4,5,11.76,2
1210,4,5,11.64,2
1211,4,5,11.76,2
1212,4,5,11.04,2
1213,4,5,11.56,2
1214,4,5,13.08,2
1215,4,5,12.18,2
1216,4,5,11.24,2
1217,4,5,10.64,2
1218,4,5,12.02,2
1219,4,5,11.74,2
1220,4,5,10.14,2
1221,4,5,11.06,2
1222,4,5,9.7,2
1223,4,5,9.84,2
1224,4,5,10.1,2
1225,4,5,10.92,2
1226,4,5,10.54,2
1227,4,5,11.44,2
1228,4,5,11.94,2
1229,4,5,12.08,2
1230,4,5,10.46,2
1231,4,5,10.7,2
1232,4,5,11.38,2
1233,4,5,11.32,2
1234,4,5,11.3,2
1235,4,5,10.62,2
1236,4,5,10.46,2
1237,4,5,10.62,2
1238,4,5,10.56,2
1239,4,5,10.26,2
1240,4,5,11.16,2
1241,4,5,10.38,2
1242,4,5,10.72,2
1243,4,5,10.86,2
1244,4,5,11.48,2
1245,4,5,10.86,2
1246,4,5,11.44,2
1247,4,5,11.5,2
1248,4,5,10.92,2
1249,4,5,11.38,2
1250,4,5,10.54,2
1251,4,5,9.74,2
1252,4,5,10.28,2
1253,4,5,11.12,2
1254,4,5,11.26,2
1255,4,5,9.9,2
1256,4,5,10.28,2
1257,4,5,10.66,2
1258,4,5,10.26,2
1259,4,5,11.8,2
1260,4,5,11.38,2
1261,4,5,11.18,2
1262,4,5,9.88,2
1263,4,5,11.18,2
1264,4,5,12.56,2
1265,4,5,12.2,2
1266,4,5,11.64,2
1267,4,5,11.16,2
1268,4,5,12.0,2
1269,4,5,12.82,2
1270,4,5,12.46,2
1271,4,5,12.42,2
1272,4,5,11.52,2
1273,4,5,11.58,2
1274,4,5,12.1,2
1275,4,5,11.32,2
1276,4,5,12.18,2
1277,4,5,12.46,2
1278,4,5,11.46,2
1279,4,5,11.68,2
1280,4,5,12.56,2
1281,4,5,12.84,2
1282,4,5,12.36,2
1283,4,5,10.86,2
1284,4,5,11.98,2
1285,4,5,11.42,2
1286,4,5,10.78,2
1287,4,5,10.86,2
1288,4,5,9.36,2
1289,4,5,10.38,2
1290,4,5,10.28,2
1291,4,5,11.08,2
1292,4,5,10.7,2
1293,4,5,10.82,2
1294,4,5,11.46,2
1295,4,5,10.94,2
1296,4,5,11.48,2
1297,4,5,12.98,2
1298,4,5,12.6,2
1299,4,5,11.82,2
1300,4,5,11.04,2
1301,4,5,11.08,2
1302,4,5,10.12,2
1303,4,5,10.62,2
1304,4,5,10.74,2
1305,4,5,11.46,2
1306,4,5,10.64,2
1307,4,5,11.2,2
1308,4,5,10.84,2
1309,4,5,11.14,2
1310,4,5,11.08,2
1311,4,5,11.34,2
1312,4,5,11.38,2
1313,4,5,11.08,2
1314,4,5,10.62,2
1315,4,5,10.66,2
1316,4,5,11.1,2
1317,4,5,10.34,2
1318,4,5,10.14,2
1319,4,5,10.92,2
1320,4,5,11.24,2
1321,4,5,12.16,2
1322,4,5,11.16,2
1323,4,5,11.6,2
1324,4,5,11.12,2
1325,4,5,11.28,2
1326,4,5,9.98,2
1327,4,5,10.62,2
1328,4,5,10.26,2
1329,4,5,11.22,2
1330,4,5,10.56,2
1331,4,5,11.5,2
1332,4,5,12.14,2
1333,4,5,11.74,2
1334,4,5,11.58,2
1335,4,5,11.7,2
1336,4,5,11.06,2
1337,4,5,11.06,2
1338,4,5,10.72,2
1339,4,5,10.04,2
1340,4,5,9.86,2
1341,4,5,9.18,2
1342,4,5,8.52,2
1343,4,5,8.98,2
1344,4,5,9.48,2
1345,4,5,10.12,2
1346,4,5,10.0,2
1347,4,5,9.68,2
1348,4,5,11.22,2
1349,4,5,12.3,2
1350,4,5,12.14,2
1351,4,5,11.76,2
1352,4,5,10.82,2
1353,4,5,10.74,2
1354,4,5,11.16,2
1355,4,5,11.1,2
1356,4,5,11.48,2
1357,4,5,12.56,2
1358,4,5,12.48,2
1359,4,5,12.48,2
1360,4,5,12.5,2
1361,4,5,12.72,2
1362,4,5,13.0,2
1363,4,5,12.14,2
1364,4,5,11.72,2
1365,4,5,11.44,2
1366,4,5,11.86,2
1367,4,5,10.62,2
1368,4,5,10.32,2
1369,4,5,9.84,2
1370,4,5,9.48,2
1371,4,5,9.96,2
1372,4,5,11.8,2
1373,4,5,11.44,2
1374,4,5,10.72,2
1375,4,5,10.4,2
1376,4,5,10.92,2
1377,4,5,10.22,2
1378,4,5,9.92,2
1379,4,5,9.32,2
1380,4,5,9.76,2
1381,4,5,11.56,2
1382,4,5,11.8,2
1383,4,5,10.9,2
1384,4,5,10.98,2
1385,4,5,9.64,2
1386,4,5,10.38,2
1387,4,5,10.4,2
1388,4,5,11.16,2
1389,4,5,11.02,2
1390,4,5,11.86,2
1391,4,5,11.32,2
1392,4,5,11.78,2
1393,4,5,11.1,2
1394,4,5,10.0,2
1395,4,5,10.76,2
1396,4,5,10.48,2
1397,4,5,10.66,2
1398,4,5,10.32,2
1399,4,5,9.76,2
1400,4,5,10.68,2
1401,4,5,11.2,2
1402,4,5,10.82,2
1403,4,5,10.08,2
1404,4,5,11.16,2
1405,4,5,10.48,2
1406,4,5,10.52,2
1407,4,5,10.58,2
1408,4,5,10.64,2
1409,4,5,10.08,2
1410,4,5,9.86,2
1411,4,5,10.96,2
1412,4,5,11.64,2
1413,4,5,10.68,2
1414,4,5,10.72,2
1415,4,5,8.54,2
1416,4,5,9.66,2
1417,4,5,9.78,2
1418,4,5,10.76,2
1419,4,5,11.82,2
1420,4,5,10.96,2
1421,4,5,10.68,2
1422,4,5,10.0,2
1423,4,5,10.66,2
1424,4,5,10.52,2
1425,4,5,10.52,2
1426,4,5,10.84,2
1427,4,5,11.92,2
1428,4,5,11.76,2
1429,4,5,12.72,2
1430,4,5,12.14,2
1431,4,5,11.52,2
1432,4,5,10.9,2
1433,4,5,10.8,2
1434,4,5,10.22,2
1435,4,5,11.22,2
1436,4,5,10.8,2
1437,4,5,11.64,2
1438,4,5,12.62,2
1439,4,5,13.02,2
1440,4,5,11.32,2
1441,4,5,10.78,2
1442,4,5,10.96,2
1443,4,5,10.16,2
1444,4,5,9.46,2
1445,4,5,10.2,2
1446,4,5,10.64,2
1447,4,5,11.1,2
1448,4,5,11.72,2
1449,4,5,11.4,2
1450,4,5,12.84,2
1451,4,5,11.86,2
1452,4,5,11.02,2
1453,4,5,11.2,2
1454,4,5,12.48,2
1455,4,5,12.1,2
1456,4,5,12.02,2
1457,4,5,11.22,2
1458,4,5,10.92,2
1459,4,5,11.94,2
1460,4,5,13.32,2
1461,4,5,12.66,2
1462,4,5,12.82,2
1463,4,5,13.3,2
1464,4,5,11.9,2
1465,4,5,10.8,2
1466,4,5,11.02,2
1467,4,5,10.62,2
1468,4,5,10.38,2
1469,4,5,9.68,2
1470,4,5,10.7,2
1471,4,5,11.26,2
1472,4,5,10.94,2
1473,4,5,11.48,2
1474,4,5,11.04,2
1475,4,5,11.22,2
1476,4,5,10.96,2
1477,4,5,11.72,2
1478,4,5,10.34,2
1479,4,5,9.96,2
1480,4,5,10.74,2
1481,4,5,11.44,2
1482,4,5,11.66,2
1483,4,5,11.8,2
1484,4,5,10.94,2
1485,4,5,11.38,2
1486,4,5,12.0,2
1487,4,5,10.92,2
1488,4,5,11.3,2
1489,4,5,12.48,2
1490,4,5,13.22,2
1491,4,5,12.94,2
1492,4,5,12.2,2
1493,4,5,9.58,2
1494,4,5,9.52,2
1495,4,5,12.18,2
1496,4,5,11.74,2
1497,4,5,11.82,2
1498,4,5,11.64,2
1499,4,5,12.16,2
1500,4,5,14.26,2
1501,4,5,13.68,2
1502,4,5,11.76,2
1503,4,5,11.16,2
1504,4,5,11.46,2
1505,4,5,11.38,2
1506,4,5,10.78,2
1507,4,5,11.66,2
1508,4,5,12.3,2
1509,4,5,12.4,2
1510,4,5,12.66,2
1511,4,5,10.28,2
1512,4,5,11.08,2
1513,4,5,11.52,2
1514,4,5,11.9,2
1515,4,5,11.22,2
1516,4,5,10.9,2
1517,4,5,11.38,2
1518,4,5,11.9,2
1519,4,5,12.22,2
1520,4,5,11.38,2
1521,4,5,11.24,2
1522,4,5,10.74,2
1523,4,5,11.02,2
1524,4,5,11.44,2
1525,4,5,10.6,2
1526,4,5,11.3,2
1527,4,5,12.28,2
1528,4,5,13.0,2
1529,4,5,11.16,2
1530,4,5,11.18,2
1531,4,5,10.88,2
1532,4,5,10.5,2
1533,4,5,11.9,2
1534,4,5,9.76,2
1535,4,5,10.82,2
1536,4,5,10.64,2
1537,4,5,9.92,2
1538,4,5,12.3,2
1539,4,5,10.56,2
1540,4,5,12.3,2
1541,4,5,11.68,2
1542,4,5,11.12,2
1543,4,5,10.8,2
1544,4,5,11.02,2
1545,4,5,11.0,2
1546,4,5,9.36,2
1547,4,5,10.28,2
1548,4,5,10.08,2
1549,4,5,10.08,2
1550,4,5,11.08,2
1551,4,5,11.36,2
1552,4,5,10.36,2
1553,4,5,10.42,2
1554,4,5,11.96,2
1555,4,5,11.7,2
1556,4,5,12.7,2
1557,4,5,11.5,2
1558,4,5,11.92,2
1559,4,5,11.2,2
1560,4,5,10.74,2
1561,4,5,11.4,2
1562,4,5,11.84,2
1563,4,5,12.86,2
1564,4,5,12.9,2
1565,4,5,13.2,2
1566,4,5,13.48,2
1567,4,5,12.68,2
1568,4,5,12.06,2
1569,4,5,11.48,2
1570,4,5,11.24,2
1571,4,5,10.58,2
1572,4,5,11.44,2
1573,4,5,12.0,2
1574,4,5,10.82,2
1575,4,5,12.0,2
1576,4,5,11.94,2
1577,4,5,11.02,2
1578,4,5,10.36,2
1579,4,5,10.42,2
1580,4,5,11.62,2
1581,4,5,10.76,2
1582,4,5,10.72,2
1583,4,5,10.54,2
1584,4,5,10.42,2
1585,4,5,10.72,2
1586,4,5,10.48,2
1587,4,5,9.76,2
1588,4,5,9.68,2
1589,4,5,10.7,2
1590,4,5,12.08,2
1591,4,5,11.96,2
1592,4,5,11.6,2
1593,4,5,11.62,2
1594,4,5,12.0,2
1595,4,5,11.36,2
1596,4,5,10.24,2
1597,4,5,10.44,2
1598,4,5,10.78,2
1599,4,5,10.74,2
1600,4,5,10.6,2
1601,4,5,11.2,2
1602,4,5,12.42,2
1603,4,5,11.5,2
1604,4,5,11.14,2
1605,4,5,9.62,2
1606,4,5,9.98,2
1607,4,5,10.42,2
1608,4,5,11.34,2
1609,4,5,10.4,2
1610,4,5,10.62,2
1611,4,5,10.38,2
1612,4,5,9.96,2
1613,4,5,10.36,2
1614,4,5,8.92,2
1615,4,5,9.66,2
1616,4,5,10.12,2
1617,4,5,10.2,2
1618,4,5,9.66,2
1619,4,5,10.74,2
1620,4,5,10.36,2
1621,4,5,11.0,2
1622,4,5,11.8,2
1623,4,5,11.78,2
1624,4,5,10.76,2
1625,4,5,9.84,2
1626,4,5,10.44,2
1627,4,5,10.54,2
1628,4,5,11.44,2
1629,4,5,10.64,2
1630,4,5,10.82,2
1631,4,5,10.18,2
1632,4,5,9.96,2
1633,4,5,10.56,2
1634,4,5,10.92,2
1635,4,5,11.92,2
1636,4,5,11.92,2
1637,4,5,11.02,2
1638,4,5,11.86,2
1639,4,5,11.54,2
1640,4,5,12.08,2
1641,4,5,12.04,2
1642,4,5,12.28,2
1643,4,5,13.14,2
1644,4,5,12.26,2
1645,4,5,12.78,2
1646,4,5,11.2,2
1647,4,5,10.74,2
1648,4,5,12.1,2
1649,4,5,12.5,2
1650,4,5,11.48,2
1651,4,5,11.58,2
1652,4,5,11.22,2
1653,4,5,11.46,2
1654,4,5,11.88,2
1655,4,5,11.78,2
1656,4,5,11.7,2
1657,4,5,10.88,2
1658,4,5,10.9,2
1659,4,5,11.36,2
1660,4,5,10.26,2
1661,4,5,10.02,2
1662,4,5,9.84,2
1663,4,5,10.2,2
1664,4,5,10.8,2
1665,4,5,10.68,2
1666,4,5,10.66,2
1667,4,5,10.22,2
1668,4,5,10.08,2
1669,4,5,9.94,2
1670,4,5,11.06,2
1671,4,5,12.64,2
1672,4,5,12.76,2
1673,4,5,11.82,2
1674,4,5,11.04,2
1675,4,5,11.66,2
1676,4,5,10.36,2
1677,4,5,10.48,2
1678,4,5,10.44,2
1679,4,5,10.9,2
1680,4,5,11.2,2
1681,4,5,11.26,2
1682,4,5,11.46,2
1683,4,5,10.98,2
1684,4,5,10.96,2
1685,4,5,10.3,2
1686,4,5,9.4,2
1687,4,5,10.04,2
1688,4,5,10.3,2
1689,4,5,9.7,2
1690,4,5,9.8,2
1691,4,5,10.24,2
1692,4,5,10.48,2
1693,4,5,10.4,2
1694,4,5,11.58,2
1695,4,5,10.68,2
1696,4,5,11.3,2
1697,4,5,12.0,2
1698,4,5,11.54,2
1699,4,5,10.58,2
1700,4,5,11.02,2
1701,4,5,11.16,2
1702,4,5,11.56,2
1703,4,5,11.18,2
1704,4,5,11.22,2
1705,4,5,12.54,2
1706,4,5,12.24,2
1707,4,5,13.0,2
1708,4,5,12.86,2
1709,4,5,12.12,2
1710,4,5,12.24,2
1711,4,5,12.84,2
1712,4,5,12.4,2
1713,4,5,12.36,2
1714,4,5,11.08,2
1715,4,5,11.34,2
1716,4,5,12.3,2
1717,4,5,11.84,2
1718,4,5,10.16,2
1719,4,5,9.8,2
1720,4,5,9.84,2
1721,4,5,10.02,2
1722,4,5,10.88,2
1723,4,5,10.22,2
1724,4,5,10.82,2
1725,4,5,11.36,2
1726,4,5,11.3,2
1727,4,5,11.26,2
1728,4,5,11.94,2
1729,4,5,12.36,2
1730,4,5,11.38,2
1731,4,5,10.98,2
1732,4,5,11.82,2
1733,4,5,10.16,2
1734,4,5,9.56,2
1735,4,5,10.2,2
1736,4,5,11.38,2
1737,4,5,10.48,2
1738,4,5,11.38,2
1739,4,5,11.26,2
1740,4,5,11.46,2
1741,4,5,12.26,2
1742,4,5,11.44,2
1743,4,5,11.34,2
1744,4,5,10.92,2
1745,4,5,12.0,2
1746,4,5,12.0,2
1747,4,5,11.8,2
1748,4,5,10.56,2
1749,4,5,10.88,2
1750,4,5,11.14,2
1751,4,5,11.14,2
1752,4,5,11.28,2
1753,4,5,10.94,2
1754,4,5,9.9,2
1755,4,5,11.34,2
1756,4,5,11.36,2
1757,4,5,10.48,2
1758,4,5,9.64,2
1759,4,5,9.94,2
1760,4,5,10.52,2
1761,4,5,10.82,2
1762,4,5,11.16,2
1763,4,5,11.04,2
1764,4,5,10.74,2
1765,4,5,9.9,2
1766,4,5,9.66,2
1767,4,5,10.26,2
1768,4,5,9.98,2
1769,4,5,9.7,2
1770,4,5,10.32,2
1771,4,5,10.16,2
1772,4,5,10.06,2
1773,4,5,10.68,2
1774,4,5,11.44,2
1775,4,5,11.44,2
1776,4,5,12.52,2
1777,4,5,10.06,2
1778,4,5,9.72,2
1779,4,5,10.68,2
1780,4,5,10.36,2
1781,4,5,10.02,2
1782,4,5,9.4,2
1783,4,5,9.32,2
1784,4,5,9.5,2
1785,4,5,10.34,2
1786,4,5,10.3,2
1787,4,5,10.66,2
1788,4,5,11.44,2
1789,4,5,11.44,2
1790,4,5,11.66,2
1791,4,5,11.48,2
1792,4,5,10.02,2
1793,4,5,9.2,2
1794,4,5,8.98,2
1795,4,5,9.88,2
1796,4,5,10.38,2
1797,4,5,10.16,2
1798,4,5,9.92,2
1799,4,5,10.26,2
1800,4,5,11.52,2
1801,4,5,11.58,2
1802,4,5,11.5,2
1803,4,5,11.14,2
1804,4,5,11.2,2
1805,4,5,10.7,2
1806,4,5,10.96,2
1807,4,5,12.06,2
1808,4,5,11.34,2
1809,4,5,11.3,2
1810,4,5,11.68,2
1811,4,5,12.08,2
1812,4,5,12.14,2
1813,4,5,12.08,2
1814,4,5,11.18,2
1815,4,5,12.14,2
1816,4,5,11.48,2
1817,4,5,11.38,2
1818,4,5,11.34,2
1819,4,5,10.96,2
1820,4,5,10.12,2
1821,4,5,10.88,2
1822,4,5,11.9,2
1823,4,5,11.28,2
1824,4,5,11.6,2
1825,4,5,11.56,2
1826,4,5,11.02,2
1827,4,5,11.52,2
1828,4,5,11.14,2
1829,4,5,13.14,2
1830,4,5,12.56,2
1831,4,5,12.72,2
1832,4,5,12.46,2
1833,4,5,11.22,2
1834,4,5,11.38,2
1835,4,5,11.24,2
1836,4,5,10.14,2
1837,4,5,10.8,2
1838,4,5,11.6,2
1839,4,5,10.92,2
1840,4,5,11.04,2
1841,4,5,11.5,2
1842,4,5,11.5,2
1843,4,5,11.0,2
1844,4,5,11.42,2
1845,4,5,10.74,2
1846,4,5,10.76,2
1847,4,5,11.2,2
1848,4,5,10.86,2
1849,4,5,11.54,2
1850,4,5,11.86,2
1851,4,5,11.66,2
1852,4,5,10.68,2
1853,4,5,10.58,2
1854,4,5,11.06,2
1855,4,5,10.6,2
1856,4,5,10.76,2
1857,4,5,10.88,2
1858,4,5,11.44,2
1859,4,5,11.66,2
1860,4,5,11.76,2
1861,4,5,12.1,2
1862,4,5,12.04,2
1863,4,5,12.48,2
1864,4,5,11.78,2
1865,4,5,11.22,2
1866,4,5,10.7,2
1867,4,5,9.68,2
1868,4,5,10.62,2
1869,4,5,11.24,2
1870,4,5,11.14,2
1871,4,5,10.72,2
1872,4,5,10.64,2
1873,4,5,10.0,2
1874,4,5,10.6,2
1875,4,5,11.12,2
1876,4,5,10.9,2
1877,4,5,10.78,2
1878,4,5,9.76,2
1879,4,5,10.28,2
1880,4,5,11.14,2
1881,4,5,11.68,2
1882,4,5,11.12,2
1883,4,5,10.8,2
1884,4,5,12.42,2
1885,4,5,12.78,2
1886,4,5,11.06,2
1887,4,5,11.92,2
1888,4,5,11.88,2
1889,4,5,11.52,2
1890,4,5,12.2,2
1891,4,5,11.46,2
1892,4,5,12.9,2
1893,4,5,11.04,2
1894,4,5,10.3,2
1895,4,5,11.04,2
1896,4,5,10.52,2
1897,4,5,11.44,2
1898,4,5,12.78,2
1899,4,5,11.8,2
1900,4,5,11.18,2
1901,4,5,10.98,2
1902,4,5,11.16,2
1903,4,5,12.52,2
1904,4,5,13.3,2
1905,4,5,12.4,2
1906,4,5,11.8,2
1907,4,5,11.94,2
1908,4,5,12.28,2
1909,4,5,12.66,2
1910,4,5,12.3,2
1911,4,5,10.4,2
1912,4,5,11.16,2
1913,4,5,10.74,2
1914,4,5,11.04,2
1915,4,5,11.24,2
1916,4,5,11.52,2
1917,4,5,11.78,2
1918,4,5,11.84,2
1919,4,5,12.02,2
1920,4,5,11.52,2
1921,4,5,11.1,2
1922,4,5,10.32,2
1923,4,5,10.84,2
1924,4,5,11.56,2
1925,4,5,11.36,2
1926,4,5,10.5,2
1927,4,5,10.96,2
1928,4,5,10.26,2
1929,4,5,10.16,2
1930,4,5,9.3,2
1931,4,5,9.62,2
1932,4,5,10.12,2
1933,4,5,9.92,2
1934,4,5,9.92,2
1935,4,5,9.96,2
1936,4,5,11.3,2
1937,4,5,12.08,2
1938,4,5,11.34,2
1939,4,5,11.54,2
1940,4,5,11.62,2
1941,4,5,11.46,2
1942,4,5,11.22,2
1943,4,5,10.88,2
1944,4,5,10.44,2
1945,4,5,11.2,2
1946,4,5,10.82,2
1947,4,5,10.86,2
1948,4,5,11.08,2
1949,4,5,9.12,2
1950,4,5,9.0,2
1951,4,5,10.12,2
1952,4,5,10.6,2
1953,4,5,12.26,2
1954,4,5,10.36,2
1955,4,5,10.04,2
1956,4,5,11.58,2
1957,4,5,11.72,2
1958,4,5,11.2,2
1959,4,5,11.16,2
1960,4,5,11.06,2
1961,4,5,10.68,2
1962,4,5,9.9,2
1963,4,5,10.16,2
1964,4,5,11.06,2
1965,4,5,11.14,2
1966,4,5,11.64,2
1967,4,5,12.12,2
1968,4,5,11.08,2
1969,4,5,10.48,2
1970,4,5,11.08,2
1971,4,5,11.48,2
1972,4,5,12.36,2
1973,4,5,12.36,2
1974,4,5,11.54,2
1975,4,5,11.04,2
1976,4,5,10.9,2
1977,4,5,11.34,2
1978,4,5,10.46,2
1979,4,5,11.04,2
1980,4,5,10.12,2
1981,4,5,10.0,2
1982,4,5,11.0,2
1983,4,5,11.68,2
1984,4,5,11.42,2
1985,4,5,11.08,2
1986,4,5,9.54,2
1987,4,5,10.5,2
1988,4,5,9.92,2
1989,4,5,9.32,2
1990,4,5,9.76,2
1991,4,5,9.82,2
1992,4,5,9.16,2
1993,4,5,10.08,2
1994,4,5,9.72,2
1995,4,5,9.56,2
1996,4,5,10.92,2
1997,4,5,11.46,2
1998,4,5,11.96,2
1999,4,5,13.2,2
2000,4,5,13.32,2
0,5,5,54.98,40
1,5,5,47.08,37
2,5,5,45.02,34
3,5,5,43.5,33
4,5,5,40.0,31
5,5,5,38.1,30
6,5,5,36.2,30
7,5,5,34.94,29
8,5,5,33.34,27
9,5,5,32.62,25
10,5,5,32.0,23
11,5,5,30.08,23
12,5,5,29.26,23
13,5,5,27.88,23
14,5,5,26.74,20
15,5,5,26.28,19
16,5,5,25.54,18
17,5,5,25.36,18
18,5,5,24.48,15
19,5,5,24.52,15
20,5,5,24.62,15
21,5,5,22.96,15
22,5,5,22.92,15
23,5,5,22.7,15
24,5,5,23.1,14
25,5,5,22.62,14
26,5,5,22.24,14
27,5,5,21.12,14
28,5,5,20.4,14
29,5,5,20.36,14
30,5,5,21.4,13
31,5,5,22.06,13
32,5,5,21.78,13
33,5,5,20.92,13
34,5,5,20.9,13
35,5,5,20.08,13
36,5,5,20.62,13
37,5,5,20.26,13
38,5,5,19.54,13
39,5,5,19.36,13
40,5,5,19.84,13
41,5,5,19.44,13
42,5,5,19.0,13
43,5,5,19.08,13
44,5,5,19.68,13
45,5,5,20.04,13
46,5,5,19.54,13
47,5,5,19.1,13
48,5,5,19.1,13
49,5,5,18.22,13
50,5,5,20.06,13
51,5,5,19.62,13
52,5,5,19.94,13
53,5,5,18.92,13
54,5,5,18.92,13
55,5,5,19.9,13
56,5,5,20.22,13
57,5,5,19.38,13
58,5,5,19.66,13
59,5,5,20.52,13
60,5,5,20.56,13
61,5,5,20.26,13
62,5,5,20.12,13
63,5,5,19.32,13
64,5,5,19.32,13
65,5,5,19.66,12
66,5,5,20.5,12
67,5,5,19.98,12
68,5,5,19.44,12
69,5,5,18.72,12
70,5,5,18.84,12
71,5,5,18.58,12
72,5,5,19.06,12
73,5,5,19.08,12
74,5,5,19.14,12
75,5,5,20.26,12
76,5,5,19.92,12
77,5,5,19.24,12
78,5,5,20.42,12
79,5,5,20.5,12
80,5,5,20.28,12
81,5,5,19.58,12
82,5,5,18.76,12
83,5,5,18.08,12
84,5,5,19.36,12
85,5,5,19.16,12
86,5,5,18.44,12
87,5,5,19.54,12
88,5,5,19.08,12
89,5,5,20.22,12
90,5,5,19.7,12
91,5,5,19.18,12
92,5,5,20.04,12
93,5,5,19.72,12
94,5,5,19.08,12
95,5,5,18.88,12
96,5,5,17.74,11
97,5,5,17.5,11
98,5,5,18.3,11
99,5,5,18.54,11
100,5,5,18.54,11
101,5,5,18.6,11
102,5,5,18.0,11
103,5,5,18.5,11
104,5,5,18.52,11
105,5,5,17.52,11
106,5,5,17.84,11
107,5,5,18.2,11
108,5,5,18.74,11
109,5,5,18.9,11
110,5,5,18.58,11
111,5,5,18.48,11
112,5,5,17.88,10
113,5,5,18.32,10
114,5,5,18.52,10
115,5,5,17.94,10
116,5,5,17.5,10
117,5,5,17.64,10
118,5,5,17.24,10
119,5,5,17.3,10
120,5,5,17.1,10
121,5,5,17.04,10
122,5,5,17.0,10
123,5,5,17.24,10
124,5,5,17.16,10
125,5,5,17.28,10
126,5,5,16.2,10
127,5,5,16.34,10
128,5,5,16.28,10
129,5,5,17.44,10
130,5,5,18.4,10
131,5,5,17.1,10
132,5,5,17.54,10
133,5,5,16.92,10
134,5,5,16.48,9
135,5,5,17.18,9
136,5,5,16.4,9
137,5,5,16.2,9
138,5,5,17.48,9
139,5,5,16.84,9
140,5,5,17.66,9
141,5,5,16.32,9
142,5,5,15.22,9
143,5,5,14.78,9
144,5,5,15.12,9
145,5,5,15.92,9
146,5,5,16.2,9
147,5,5,15.38,9
148,5,5,16.48,9
149,5,5,15.36,9
150,5,5,15.18,9
151,5,5,15.52,9
152,5,5,15.32,9
153,5,5,15.28,9
154,5,5,15.5,9
155,5,5,15.24,9
156,5,5,14.9,9
157,5,5,15.44,9
158,5,5,14.88,9
159,5,5,15.12,9
160,5,5,15.02,9
161,5,5,15.24,8
162,5,5,16.74,8
163,5,5,17.06,8
164,5,5,16.5,8
165,5,5,16.48,8
166,5,5,16.06,8
167,5,5,15.24,8
168,5,5,15.44,8
169,5,5,15.32,8
170,5,5,15.42,8
171,5,5,15.48,8
172,5,5,15.08,8
173,5,5,14.8,8
174,5,5,15.32,8
175,5,5,15.46,8
176,5,5,15.06,8
177,5,5,16.0,8
178,5,5,14.98,8
179,5,5,14.84,8
180,5,5,15.5,8
181,5,5,15.42,8
182,5,5,14.68,8
183,5,5,15.06,8
184,5,5,15.48,8
185,5,5,15.5,8
186,5,5,15.72,8
187,5,5,14.72,8
188,5,5,16.36,8
189,5,5,16.2,8
190,5,5,15.84,8
191,5,5,15.82,8
192,5,5,15.92,8
193,5,5,16.66,8
194,5,5,15.52,8
195,5,5,15.66,8
196,5,5,15.72,8
197,5,5,15.98,8
198,5,5,14.94,8
199,5,5,16.0,8
200,5,5,15.08,8
201,5,5,15.18,8
202,5,5,15.08,8
203,5,5,16.22,8
204,5,5,17.02,8
205,5,5,18.04,8
206,5,5,17.82,8
207,5,5,17.48,8
208,5,5,16.96,8
209,5,5,16.2,8
210,5,5,15.4,8
211,5,5,16.32,8
212,5,5,15.78,8
213,5,5,15.32,8
214,5,5,16.42,8
215,5,5,16.24,8
216,5,5,16.5,8
217,5,5,15.7,8
218,5,5,16.36,8
219,5,5,15.0,8
220,5,5,15.56,8
221,5,5,15.56,8
222,5,5,15.7,8
223,5,5,15.46,8
224,5,5,15.4,8
225,5,5,15.78,8
226,5,5,16.0,8
227,5,5,15.46,8
228,5,5,15.68,8
229,5,5,15.96,8
230,5,5,16.1,8
231,5,5,16.8,8
232,5,5,16.26,8
233,5,5,16.44,8
234,5,5,15.24,8
235,5,5,15.54,8
236,5,5,15.64,8
237,5,5,15.52,8
238,5,5,15.8,8
239,5,5,15.92,8
240,5,5,16.04,8
241,5,5,15.7,8
242,5,5,15.78,8
243,5,5,15.52,8
244,5,5,15.1,8
245,5,5,15.44,8
246,5,5,15.04,8
247,5,5,15.4,8
248,5,5,14.5,8
249,5,5,13.24,7
250,5,5,13.44,7
251,5,5,14.82,7
252,5,5,15.34,7
253,5,5,15.62,7
254,5,5,15.16,7
255,5,5,15.74,7
256,5,5,15.88,7
257,5,5,15.76,7
258,5,5,14.62,7
259,5,5,15.1,7
260,5,5,14.8,7
261,5,5,14.06,7
262,5,5,14.74,7
263,5,5,15.16,7
264,5,5,16.12,7
265,5,5,16.54,7
266,5,5,15.86,7
267,5,5,15.94,7
268,5,5,15.28,7
269,5,5,15.24,7
270,5,5,15.78,7
271,5,5,15.7,7
272,5,5,15.94,7
273,5,5,15.72,7
274,5,5,14.92,7
275,5,5,15.18,7
276,5,5,15.34,7
277,5,5,15.52,7
278,5,5,15.46,7
279,5,5,15.6,7
280,5,5,15.06,7
281,5,5,15.4,7
282,5,5,16.68,7
283,5,5,14.82,7
284,5,5,14.96,7
285,5,5,14.94,7
286,5,5,14.94,7
287,5,5,15.98,7
288,5,5,15.3,7
289,5,5,14.46,7
290,5,5,15.04,7
291,5,5,13.68,7
292,5,5,14.64,7
293,5,5,14.92,7
294,5,5,14.98,7
295,5,5,15.34,7
296,5,5,14.58,7
297,5,5,15.44,7
298,5,5,15.32,7
299,5,5,15.04,7
300,5,5,16.02,7
301,5,5,15.82,7
302,5,5,15.4,7
303,5,5,15.7,7
304,5,5,15.98,7
305,5,5,16.62,7
306,5,5,15.88,7
307,5,5,16.68,7
308,5,5,16.86,7
309,5,5,15.72,7
310,5,5,15.36,7
311,5,5,15.1,7
312,5,5,16.34,7
313,5,5,15.46,7
314,5,5,14.4,7
315,5,5,14.48,7
316,5,5,14.9,7
317,5,5,14.44,7
318,5,5,14.0,7
319,5,5,15.02,7
320,5,5,15.18,7
321,5,5,15.04,7
322,5,5,15.62,7
323,5,5,15.58,7
324,5,5,14.14,7
325,5,5,14.36,7
326,5,5,14.8,7
327,5,5,13.72,7
328,5,5,12.96,7
329,5,5,13.98,7
330,5,5,14.06,7
331,5,5,14.36,7
332,5,5,14.1,7
333,5,5,13.28,7
334,5,5,14.04,7
335,5,5,14.66,7
336,5,5,14.64,7
337,5,5,13.92,7
338,5,5,14.8,7
339,5,5,15.56,7
340,5,5,15.08,7
341,5,5,16.12,7
342,5,5,16.08,7
343,5,5,15.28,7
344,5,5,13.38,7
345,5,5,13.92,7
346,5,5,14.7,7
347,5,5,15.52,7
348,5,5,14.54,7
349,5,5,13.82,7
350,5,5,14.32,7
351,5,5,15.5,7
352,5,5,15.92,7
353,5,5,13.76,7
354,5,5,14.58,7
355,5,5,14.56,7
356,5,5,15.02,7
357,5,5,13.92,7
358,5,5,14.66,7
359,5,5,14.46,7
360,5,5,14.6,7
361,5,5,14.32,7
362,5,5,13.82,7
363,5,5,13.42,7
364,5,5,14.3,7
365,5,5,14.88,7
366,5,5,14.66,7
367,5,5,15.06,7
368,5,5,14.24,7
369,5,5,13.56,7
370,5,5,14.34,7
371,5,5,14.8,7
372,5,5,15.14,7
373,5,5,16.02,7
374,5,5,14.26,7
375,5,5,14.58,7
376,5,5,14.74,7
377,5,5,14.46,7
378,5,5,14.44,7
379,5,5,15.02,7
380,5,5,15.72,7
381,5,5,15.16,7
382,5,5,15.42,7
383,5,5,15.52,7
384,5,5,14.66,7
385,5,5,13.92,7
386,5,5,14.68,7
387,5,5,14.42,7
388,5,5,15.36,7
389,5,5,16.28,7
390,5,5,16.16,7
391,5,5,16.18,7
392,5,5,16.24,7
393,5,5,15.52,7
394,5,5,15.76,7
395,5,5,15.22,7
396,5,5,15.9,7
397,5,5,16.14,7
398,5,5,16.24,7
399,5,5,16.58,7
400,5,5,16.46,7
401,5,5,15.94,7
402,5,5,15.4,7
403,5,5,14.02,7
404,5,5,14.38,7
405,5,5,14.22,7
406,5,5,15.36,7
407,5,5,14.98,7
408,5,5,14.02,7
409,5,5,15.44,7
410,5,5,15.52,7
411,5,5,14.56,7
412,5,5,14.36,7
413,5,5,14.32,7
414,5,5,15.06,7
415,5,5,15.2,7
416,5,5,15.28,7
417,5,5,15.38,7
418,5,5,14.36,7
419,5,5,13.96,7
420,5,5,14.08,7
421,5,5,14.36,7
422,5,5,14.6,7
423,5,5,14.34,7
424,5,5,14.26,7
425,5,5,14.28,7
426,5,5,14.92,7
427,5,5,15.18,7
428,5,5,14.66,7
429,5,5,14.2,7
430,5,5,14.74,7
431,5,5,14.78,7
432,5,5,15.1,7
433,5,5,15.4,7
434,5,5,15.82,7
435,5,5,16.04,7
436,5,5,15.88,7
437,5,5,15.22,7
438,5,5,15.34,7
439,5,5,15.4,7
440,5,5,15.72,7
441,5,5,15.3,7
442,5,5,15.84,7
443,5,5,15.72,7
444,5,5,15.26,7
445,5,5,15.26,7
446,5,5,14.7,7
447,5,5,15.14,7
448,5,5,14.58,7
449,5,5,15.5,7
450,5,5,15.94,7
451,5,5,15.78,7
452,5,5,15.36,7
453,5,5,15.7,7
454,5,5,16.14,7
455,5,5,14.72,7
456,5,5,15.56,7
457,5,5,15.08,7
458,5,5,14.72,7
459,5,5,16.08,7
460,5,5,15.4,7
461,5,5,15.62,7
462,5,5,15.6,7
463,5,5,14.6,7
464,5,5,14.64,7
465,5,5,14.78,7
466,5,5,15.16,7
467,5,5,15.18,7
468,5,5,14.32,7
469,5,5,14.98,7
470,5,5,15.48,7
471,5,5,15.36,7
472,5,5,14.66,7
473,5,5,14.38,7
474,5,5,15.08,7
475,5,5,16.14,7
476,5,5,15.08,7
477,5,5,15.14,7
478,5,5,15.44,7
479,5,5,15.52,7
480,5,5,15.94,7
481,5,5,15.62,7
482,5,5,14.66,7
483,5,5,14.18,7
484,5,5,15.0,7
485,5,5,14.94,7
486,5,5,14.86,7
487,5,5,14.06,7
488,5,5,13.78,7
489,5,5,13.6,7
490,5,5,14.24,7
491,5,5,14.1,7
492,5,5,13.48,7
493,5,5,13.34,7
494,5,5,14.2,7
495,5,5,14.58,7
496,5,5,15.3,7
497,5,5,15.48,7
498,5,5,16.44,7
499,5,5,16.26,7
500,5,5,16.18,7
501,5,5,16.24,7
502,5,5,16.38,7
503,5,5,16.56,7
504,5,5,15.12,7
505,5,5,15.12,7
506,5,5,14.86,7
507,5,5,14.64,7
508,5,5,14.34,7
509,5,5,13.7,7
510,5,5,14.32,7
511,5,5,15.24,7
512,5,5,15.2,7
513,5,5,15.18,7
514,5,5,14.66,7
515,5,5,14.32,7
516,5,5,13.84,7
517,5,5,14.14,7
518,5,5,14.48,7
519,5,5,15.0,7
520,5,5,14.78,7
521,5,5,14.92,7
522,5,5,15.88,7
523,5,5,17.22,7
524,5,5,17.02,7
525,5,5,16.16,7
526,5,5,15.9,7
527,5,5,16.06,7
528,5,5,15.34,7
529,5,5,14.8,7
530,5,5,14.54,7
531,5,5,14.22,6
532,5,5,14.32,6
533,5,5,14.0,6
534,5,5,15.16,6
535,5,5,15.22,6
536,5,5,15.92,6
537,5,5,16.06,6
538,5,5,14.78,6
539,5,5,14.5,6
540,5,5,15.58,6
541,5,5,15.06,6
542,5,5,15.02,6
543,5,5,15.82,6
544,5,5,16.04,6
545,5,5,14.92,6
546,5,5,15.12,6
547,5,5,15.2,6
548,5,5,15.44,6
549,5,5,14.9,6
550,5,5,14.76,6
551,5,5,15.06,6
552,5,5,14.28,6
553,5,5,14.66,6
554,5,5,14.1,6
555,5,5,13.04,6
556,5,5,13.28,6
557,5,5,13.7,6
558,5,5,14.26,6
559,5,5,14.62,6
560,5,5,14.5,6
561,5,5,14.86,6
562,5,5,14.02,6
563,5,5,14.76,6
564,5,5,14.16,6
565,5,5,15.06,6
566,5,5,15.6,6
567,5,5,14.58,6
568,5,5,13.66,6
569,5,5,13.0,6
570,5,5,11.88,6
571,5,5,13.76,6
572,5,5,14.2,6
573,5,5,14.22,6
574,5,5,13.6,6
575,5,5,13.14,6
576,5,5,13.26,6
577,5,5,13.34,6
578,5,5,13.1,6
579,5,5,13.44,6
580,5,5,13.72,6
581,5,5,14.04,6
582,5,5,14.16,6
583,5,5,13.98,6
584,5,5,14.64,6
585,5,5,14.82,6
586,5,5,14.7,6
587,5,5,13.94,6
588,5,5,15.34,6
589,5,5,15.1,6
590,5,5,14.8,6
591,5,5,15.22,6
592,5,5,15.4,6
593,5,5,15.72,6
594,5,5,14.96,6
595,5,5,13.9,6
596,5,5,13.88,6
597,5,5,13.4,6
598,5,5,13.58,6
599,5,5,13.4,6
600,5,5,13.48,6
601,5,5,12.86,6
602,5,5,13.68,6
603,5,5,14.22,6
604,5,5,14.54,6
605,5,5,14.18,6
606,5,5,14.66,6
607,5,5,14.38,6
608,5,5,14.2,6
609,5,5,14.22,6
610,5,5,14.74,6
611,5,5,14.72,6
612,5,5,15.28,6
613,5,5,15.1,6
614,5,5,14.26,6
615,5,5,14.26,6
616,5,5,13.46,6
617,5,5,13.28,6
618,5,5,14.76,6
619,5,5,15.02,6
620,5,5,14.32,6
621,5,5,14.18,6
622,5,5,14.56,6
623,5,5,14.34,6
624,5,5,13.96,6
625,5,5,13.18,6
626,5,5,12.5,6
627,5,5,13.9,6
628,5,5,14.42,6
629,5,5,13.68,6
630,5,5,14.56,6
631,5,5,14.66,6
632,5,5,13.36,6
633,5,5,13.44,6
634,5,5,14.32,6
635,5,5,15.42,6
636,5,5,15.42,6
637,5,5,15.36,6
638,5,5,16.66,6
639,5,5,16.2,6
640,5,5,15.64,6
641,5,5,14.2,6
642,5,5,15.66,6
643,5,5,14.08,6
644,5,5,14.44,6
645,5,5,14.58,6
646,5,5,13.92,6
647,5,5,13.56,6
648,5,5,13.84,6
649,5,5,14.96,6
650,5,5,14.84,6
651,5,5,14.02,6
652,5,5,14.92,6
653,5,5,14.44,6
654,5,5,14.64,6
655,5,5,14.56,6
656,5,5,14.92,6
657,5,5,14.2,6
658,5,5,14.44,6
659,5,5,13.46,6
660,5,5,12.76,6
661,5,5,13.96,6
662,5,5,14.18,6
663,5,5,14.64,6
664,5,5,15.24,6
665,5,5,14.5,6
666,5,5,14.54,6
667,5,5,14.18,6
668,5,5,13.8,6
669,5,5,14.12,6
670,5,5,14.4,6
671,5,5,13.7,6
672,5,5,12.44,6
673,5,5,11.88,6
674,5,5,11.24,6
675,5,5,11.98,6
676,5,5,11.2,6
677,5,5,11.58,6
678,5,5,13.0,6
679,5,5,13.48,6
680,5,5,12.94,6
681,5,5,12.12,6
682,5,5,11.98,6
683,5,5,12.76,6
684,5,5,15.32,6
685,5,5,14.82,6
686,5,5,14.72,6
687,5,5,15.32,6
688,5,5,14.82,6
689,5,5,15.4,6
690,5,5,14.8,6
691,5,5,15.28,6
692,5,5,14.6,6
693,5,5,14.52,6
694,5,5,14.08,6
695,5,5,14.3,6
696,5,5,14.14,6
697,5,5,14.5,6
698,5,5,14.3,6
699,5,5,14.18,6
700,5,5,15.2,6
701,5,5,15.02,6
702,5,5,15.64,6
703,5,5,15.54,6
704,5,5,14.74,6
705,5,5,14.28,6
706,5,5,13.54,6
707,5,5,13.3,6
708,5,5,13.9,6
709,5,5,14.4,6
710,5,5,14.48,6
711,5,5,14.8,6
712,5,5,14.26,6
713,5,5,13.16,6
714,5,5,13.2,6
715,5,5,13.34,6
716,5,5,12.94,6
717,5,5,13.1,6
718,5,5,13.58,6
719,5,5,13.24,6
720,5,5,12.66,6
721,5,5,12.48,6
722,5,5,12.86,6
723,5,5,13.94,6
724,5,5,14.76,6
725,5,5,14.52,6
726,5,5,14.04,6
727,5,5,13.68,6
728,5,5,13.46,6
729,5,5,14.08,6
730,5,5,14.3,6
731,5,5,14.58,6
732,5,5,15.18,6
733,5,5,14.28,6
734,5,5,14.4,6
735,5,5,13.74,6
736,5,5,14.7,6
737,5,5,14.54,6
738,5,5,14.04,6
739,5,5,13.92,6
740,5,5,13.24,6
741,5,5,13.8,6
742,5,5,13.54,6
743,5,5,13.34,6
744,5,5,14.34,6
745,5,5,15.02,6
746,5,5,14.32,6
747,5,5,15.62,6
748,5,5,14.6,6
749,5,5,14.08,6
750,5,5,14.84,6
751,5,5,14.04,6
752,5,5,13.48,6
753,5,5,14.18,6
754,5,5,13.4,6
755,5,5,13.96,6
756,5,5,13.34,6
757,5,5,13.56,6
758,5,5,13.94,6
759,5,5,13.7,6
760,5,5,13.56,6
761,5,5,13.72,6
762,5,5,14.32,6
763,5,5,14.22,6
764,5,5,13.62,6
765,5,5,14.6,6
766,5,5,15.44,6
767,5,5,15.06,6
768,5,5,13.68,6
769,5,5,14.38,6
770,5,5,14.66,6
771,5,5,14.74,6
772,5,5,14.46,6
773,5,5,13.78,6
774,5,5,13.86,6
775,5,5,13.48,6
776,5,5,13.24,6
777,5,5,13.82,6
778,5,5,12.96,6
779,5,5,14.0,6
780,5,5,14.38,6
781,5,5,14.9,6
782,5,5,14.44,6
783,5,5,14.06,6
784,5,5,15.14,6
785,5,5,15.2,6
786,5,5,14.34,6
787,5,5,15.08,6
788,5,5,14.4,6
789,5,5,13.82,6
790,5,5,14.02,6
791,5,5,14.52,6
792,5,5,14.7,6
793,5,5,14.5,6
794,5,5,14.6,6
795,5,5,15.02,6
796,5,5,16.14,6
797,5,5,15.16,6
798,5,5,14.7,6
799,5,5,14.36,6
800,5,5,14.6,6
801,5,5,14.74,6
802,5,5,14.38,6
803,5,5,14.98,6
804,5,5,13.9,6
805,5,5,14.38,6
806,5,5,14.76,6
807,5,5,14.72,6
808,5,5,14.14,6
809,5,5,13.26,6
810,5,5,13.62,6
811,5,5,14.66,6
812,5,5,15.16,6
813,5,5,15.42,6
814,5,5,14.52,6
815,5,5,14.54,6
816,5,5,14.02,6
817,5,5,15.12,6
818,5,5,14.62,6
819,5,5,15.3,6
820,5,5,15.36,6
821,5,5,15.12,6
822,5,5,16.18,6
823,5,5,16.04,6
824,5,5,15.98,6
825,5,5,14.92,6
826,5,5,13.36,6
827,5,5,14.26,6
828,5,5,13.78,6
829,5,5,13.78,6
830,5,5,13.82,6
831,5,5,12.62,6
832,5,5,13.34,6
833,5,5,14.44,6
834,5,5,15.52,6
835,5,5,14.9,6
836,5,5,14.38,6
837,5,5,13.88,6
838,5,5,14.12,6
839,5,5,14.32,6
840,5,5,15.16,6
841,5,5,13.52,5
842,5,5,12.54,5
843,5,5,12.3,5
844,5,5,12.38,5
845,5,5,12.16,5
846,5,5,12.08,5
847,5,5,13.84,5
848,5,5,12.8,5
849,5,5,13.24,5
850,5,5,13.7,5
851,5,5,13.34,5
852,5,5,13.22,5
853,5,5,13.6,5
854,5,5,13.36,5
855,5,5,13.02,5
856,5,5,13.38,5
857,5,5,12.96,5
858,5,5,13.42,5
859,5,5,13.04,5
860,5,5,12.5,5
861,5,5,12.26,5
862,5,5,11.38,5
863,5,5,11.3,5
864,5,5,12.5,5
865,5,5,13.44,5
866,5,5,13.12,5
867,5,5,13.14,5
868,5,5,12.3,5
869,5,5,12.76,5
870,5,5,13.06,5
871,5,5,14.02,5
872,5,5,13.88,5
873,5,5,14.1,5
874,5,5,14.02,5
875,5,5,14.36,5
876,5,5,14.16,5
877,5,5,14.54,5
878,5,5,14.28,5
879,5,5,14.9,5
880,5,5,15.8,5
881,5,5,15.44,5
882,5,5,15.08,5
883,5,5,13.3,5
884,5,5,12.9,5
885,5,5,12.2,5
886,5,5,13.08,5
887,5,5,13.28,5
888,5,5,13.32,5
889,5,5,12.14,5
890,5,5,12.76,5
891,5,5,12.76,5
892,5,5,12.54,5
893,5,5,13.08,5
894,5,5,13.52,5
895,5,5,12.94,5
896,5,5,12.96,5
897,5,5,14.26,5
898,5,5,13.1,5
899,5,5,14.04,5
900,5,5,14.98,5
901,5,5,14.88,5
902,5,5,14.1,5
903,5,5,13.86,5
904,5,5,13.9,5
905,5,5,14.06,5
906,5,5,14.18,5
907,5,5,14.66,5
908,5,5,15.32,5
909,5,5,14.12,5
910,5,5,13.06,5
911,5,5,14.1,5
912,5,5,13.78,5
913,5,5,13.66,5
914,5,5,13.52,5
915,5,5,14.08,5
916,5,5,14.04,5
917,5,5,12.66,5
918,5,5,13.12,5
919,5,5,13.1,5
920,5,5,13.4,5
921,5,5,13.28,5
922,5,5,13.18,5
923,5,5,13.32,5
924,5,5,12.9,5
925,5,5,12.16,5
926,5,5,12.92,5
927,5,5,12.18,5
928,5,5,13.22,5
929,5,5,13.68,5
930,5,5,14.72,5
931,5,5,14.78,5
932,5,5,13.18,5
933,5,5,13.52,5
934,5,5,13.28,5
935,5,5,13.08,5
936,5,5,11.72,5
937,5,5,12.32,5
938,5,5,13.46,5
939,5,5,13.8,5
940,5,5,13.68,5
941,5,5,13.98,5
942,5,5,14.04,5
943,5,5,13.82,5
944,5,5,12.7,5
945,5,5,12.8,4
946,5,5,13.64,4
947,5,5,13.22,4
948,5,5,14.02,4
949,5,5,13.0,4
950,5,5,12.72,4
951,5,5,12.94,4
952,5,5,12.54,4
953,5,5,13.16,4
954,5,5,13.44,4
955,5,5,13.36,4
956,5,5,11.84,4
957,5,5,12.02,4
958,5,5,13.12,4
959,5,5,13.58,4
960,5,5,13.86,4
961,5,5,13.28,4
962,5,5,13.88,4
963,5,5,13.5,4
964,5,5,13.7,4
965,5,5,14.0,4
966,5,5,13.4,4
967,5,5,14.02,4
968,5,5,12.58,4
969,5,5,14.14,4
970,5,5,13.86,4
971,5,5,14.86,4
972,5,5,14.8,4
973,5,5,14.24,4
974,5,5,14.64,4
975,5,5,13.36,4
976,5,5,12.8,4
977,5,5,11.42,4
978,5,5,12.14,4
979,5,5,12.44,4
980,5,5,13.24,4
981,5,5,12.98,4
982,5,5,12.58,4
983,5,5,12.66,4
984,5,5,12.44,4
985,5,5,12.24,4
986,5,5,12.22,4
987,5,5,12.14,4
988,5,5,12.08,4
989,5,5,11.38,4
990,5,5,12.38,4
991,5,5,13.0,4
992,5,5,13.5,4
993,5,5,14.54,4
994,5,5,13.74,4
995,5,5,12.78,4
996,5,5,12.78,4
997,5,5,12.3,4
998,5,5,13.2,4
999,5,5,13.06,4
1000,5,5,11.96,4
1001,5,5,11.46,4
1002,5,5,11.76,4
1003,5,5,12.26,4
1004,5,5,12.04,4
1005,5,5,12.82,4
1006,5,5,12.9,4
1007,5,5,13.02,4
1008,5,5,14.14,4
1009,5,5,14.4,4
1010,5,5,14.24,4
1011,5,5,13.98,4
1012,5,5,13.84,4
1013,5,5,13.3,4
1014,5,5,12.96,4
1015,5,5,12.82,4
1016,5,5,12.58,4
1017,5,5,12.38,4
1018,5,5,11.86,4
1019,5,5,12.6,4
1020,5,5,12.04,4
1021,5,5,12.48,4
1022,5,5,12.5,4
1023,5,5,12.62,4
1024,5,5,13.18,4
1025,5,5,13.48,4
1026,5,5,13.04,4
1027,5,5,13.22,4
1028,5,5,13.02,4
1029,5,5,12.34,4
1030,5,5,12.8,4
1031,5,5,12.52,4
1032,5,5,11.86,4
1033,5,5,11.88,4
1034,5,5,12.46,4
1035,5,5,11.8,4
1036,5,5,12.28,4
1037,5,5,13.0,4
1038,5,5,13.62,4
1039,5,5,14.12,4
1040,5,5,14.16,4
1041,5,5,13.3,4
1042,5,5,13.1,4
1043,5,5,11.7,4
1044,5,5,12.18,4
1045,5,5,12.44,4
1046,5,5,11.94,4
1047,5,5,13.36,4
1048,5,5,12.6,4
1049,5,5,13.52,4
1050,5,5,14.64,4
1051,5,5,13.7,4
1052,5,5,13.44,4
1053,5,5,14.3,4
1054,5,5,13.24,4
1055,5,5,12.84,4
1056,5,5,13.38,4
1057,5,5,13.0,4
1058,5,5,13.26,4
1059,5,5,13.24,4
1060,5,5,13.12,4
1061,5,5,11.94,4
1062,5,5,12.42,4
1063,5,5,12.08,4
1064,5,5,12.74,4
1065,5,5,12.42,4
1066,5,5,12.54,4
1067,5,5,13.74,4
1068,5,5,13.5,4
1069,5,5,12.3,4
1070,5,5,13.02,4
1071,5,5,13.38,4
1072,5,5,13.18,4
1073,5,5,11.98,4
1074,5,5,12.18,4
1075,5,5,11.72,4
1076,5,5,11.74,4
1077,5,5,12.08,4
1078,5,5,12.14,4
1079,5,5,13.0,4
1080,5,5,12.98,4
1081,5,5,13.9,4
1082,5,5,14.54,4
1083,5,5,15.3,4
1084,5,5,12.74,4
1085,5,5,12.48,4
1086,5,5,12.86,4
1087,5,5,11.96,4
1088,5,5,12.36,4
1089,5,5,12.86,4
1090,5,5,12.72,4
1091,5,5,13.38,4
1092,5,5,13.44,4
1093,5,5,12.84,4
1094,5,5,12.28,4
1095,5,5,12.04,4
1096,5,5,11.92,4
1097,5,5,12.54,4
1098,5,5,13.28,4
1099,5,5,12.68,4
1100,5,5,11.6,4
1101,5,5,10.96,4
1102,5,5,11.16,4
1103,5,5,11.7,3
1104,5,5,12.22,3
1105,5,5,11.62,3
1106,5,5,11.1,3
1107,5,5,12.04,3
1108,5,5,11.46,3
1109,5,5,11.78,3
1110,5,5,11.72,3
1111,5,5,10.7,3
1112,5,5,10.8,3
1113,5,5,10.58,3
1114,5,5,11.32,3
1115,5,5,10.38,3
1116,5,5,11.02,3
1117,5,5,12.72,3
1118,5,5,12.2,3
1119,5,5,11.48,3
1120,5,5,11.82,3
1121,5,5,12.1,3
1122,5,5,11.56,3
1123,5,5,11.64,3
1124,5,5,11.76,3
1125,5,5,11.6,3
1126,5,5,12.36,3
1127,5,5,12.42,3
1128,5,5,13.28,3
1129,5,5,11.98,3
1130,5,5,12.46,3
1131,5,5,12.88,3
1132,5,5,12.54,3
1133,5,5,10.84,3
1134,5,5,10.98,3
1135,5,5,11.86,3
1136,5,5,12.4,3
1137,5,5,11.76,3
1138,5,5,12.62,3
1139,5,5,13.06,3
1140,5,5,13.02,3
1141,5,5,14.12,3
1142,5,5,13.96,3
1143,5,5,13.56,3
1144,5,5,12.7,3
1145,5,5,12.16,3
1146,5,5,12.26,3
1147,5,5,11.8,3
1148,5,5,11.58,3
1149,5,5,11.52,3
1150,5,5,10.3,3
1151,5,5,10.46,3
1152,5,5,11.04,3
1153,5,5,12.12,3
1154,5,5,12.18,3
1155,5,5,12.18,3
1156,5,5,12.02,3
1157,5,5,11.12,3
1158,5,5,11.5,3
1159,5,5,11.24,3
1160,5,5,10.88,3
1161,5,5,11.18,3
1162,5,5,10.94,3
1163,5,5,11.9,3
1164,5,5,11.66,3
1165,5,5,10.94,3
1166,5,5,10.86,3
1167,5,5,10.04,3
1168,5,5,10.36,3
1169,5,5,12.1,3
1170,5,5,11.96,3
1171,5,5,11.4,3
1172,5,5,11.46,3
1173,5,5,11.94,3
1174,5,5,11.76,3
1175,5,5,11.16,3
1176,5,5,11.84,3
1177,5,5,11.74,3
1178,5,5,13.26,3
1179,5,5,12.76,3
1180,5,5,13.18,3
1181,5,5,12.92,3
1182,5,5,12.74,3
1183,5,5,12.0,3
1184,5,5,12.48,3
1185,5,5,12.1,3
1186,5,5,11.3,3
1187,5,5,10.62,3
1188,5,5,11.64,3
1189,5,5,12.6,3
1190,5,5,13.22,3
1191,5,5,13.34,3
1192,5,5,12.04,3
1193,5,5,11.68,3
1194,5,5,11.72,3
1195,5,5,11.58,3
1196,5,5,10.82,3
1197,5,5,10.8,3
1198,5,5,11.36,3
1199,5,5,10.24,3
1200,5,5,10.34,3
1201,5,5,10.72,3
1202,5,5,10.1,3
1203,5,5,10.66,3
1204,5,5,11.14,3
1205,5,5,11.82,3
1206,5,5,12.02,3
1207,5,5,12.52,3
1208,5,5,11.84,3
1209,5,5,12.28,3
1210,5,5,11.2,3
1211,5,5,11.84,3
1212,5,5,11.54,3
1213,5,5,12.24,3
1214,5,5,11.92,3
1215,5,5,12.56,3
1216,5,5,11.46,3
1217,5,5,11.34,3
1218,5,5,11.88,3
1219,5,5,12.24,3
1220,5,5,12.14,3
1221,5,5,12.64,3
1222,5,5,12.24,3
1223,5,5,13.08,3
1224,5,5,11.6,3
1225,5,5,11.52,3
1226,5,5,11.96,3
1227,5,5,13.14,3
1228,5,5,13.52,3
1229,5,5,12.6,3
1230,5,5,11.54,3
1231,5,5,10.82,3
1232,5,5,11.64,3
1233,5,5,11.06,3
1234,5,5,11.02,3
1235,5,5,11.86,3
1236,5,5,11.6,3
1237,5,5,11.54,3
1238,5,5,12.04,3
1239,5,5,11.14,3
1240,5,5,11.46,3
1241,5,5,11.72,3
1242,5,5,12.6,3
1243,5,5,12.44,3
1244,5,5,13.82,3
1245,5,5,12.76,3
1246,5,5,11.66,3
1247,5,5,11.76,3
1248,5,5,12.44,3
1249,5,5,12.18,3
1250,5,5,12.64,3
1251,5,5,12.18,3
1252,5,5,11.08,3
1253,5,5,11.52,3
1254,5,5,11.38,3
1255,5,5,11.22,3
1256,5,5,10.94,3
1257,5,5,12.58,3
1258,5,5,12.78,3
1259,5,5,12.8,3
1260,5,5,12.74,3
1261,5,5,13.5,3
1262,5,5,13.2,3
1263,5,5,13.42,3
1264,5,5,13.46,3
1265,5,5,12.48,3
1266,5,5,12.48,3
1267,5,5,11.48,3
1268,5,5,10.94,3
1269,5,5,9.96,3
1270,5,5,11.26,3
1271,5,5,10.22,3
1272,5,5,12.26,3
1273,5,5,11.52,3
1274,5,5,11.9,3
1275,5,5,12.32,3
1276,5,5,10.64,3
1277,5,5,11.02,3
1278,5,5,12.3,3
1279,5,5,12.26,3
1280,5,5,12.6,3
1281,5,5,11.5,3
1282,5,5,13.12,3
1283,5,5,12.26,3
1284,5,5,12.92,3
1285,5,5,12.54,3
1286,5,5,12.8,3
1287,5,5,12.24,3
1288,5,5,12.22,3
1289,5,5,12.96,3
1290,5,5,12.76,3
1291,5,5,12.54,3
1292,5,5,13.7,3
1293,5,5,14.12,3
1294,5,5,12.38,3
1295,5,5,12.1,3
1296,5,5,12.92,3
1297,5,5,11.36,3
1298,5,5,12.06,3
1299,5,5,11.98,3
1300,5,5,11.48,3
1301,5,5,11.5,3
1302,5,5,11.6,3
1303,5,5,12.42,3
1304,5,5,13.24,3
1305,5,5,12.52,3
1306,5,5,11.44,3
1307,5,5,10.42,3
1308,5,5,12.12,3
1309,5,5,11.82,3
1310,5,5,12.78,3
1311,5,5,12.86,3
1312,5,5,11.34,3
1313,5,5,12.4,3
1314,5,5,11.14,3
1315,5,5,11.68,3
1316,5,5,12.18,3
1317,5,5,11.86,3
1318,5,5,11.82,3
1319,5,5,12.78,3
1320,5,5,13.58,3
1321,5,5,13.84,3
1322,5,5,13.76,3
1323,5,5,13.52,3
1324,5,5,12.64,3
1325,5,5,12.42,3
1326,5,5,12.32,3
1327,5,5,13.66,3
1328,5,5,12.32,3
1329,5,5,10.98,3
1330,5,5,10.64,3
1331,5,5,10.32,3
1332,5,5,10.22,3
1333,5,5,10.42,3
1334,5,5,11.06,3
1335,5,5,11.26,3
1336,5,5,10.84,3
1337,5,5,10.72,3
1338,5,5,11.62,3
1339,5,5,11.06,3
1340,5,5,11.76,3
1341,5,5,12.56,3
1342,5,5,13.08,3
1343,5,5,11.82,3
1344,5,5,12.48,3
1345,5,5,11.76,3
1346,5,5,11.56,3
1347,5,5,12.12,3
1348,5,5,11.34,3
1349,5,5,12.6,3
1350,5,5,12.08,3
1351,5,5,12.26,3
1352,5,5,11.66,3
1353,5,5,11.4,3
1354,5,5,10.92,3
1355,5,5,11.54,3
1356,5,5,11.46,3
1357,5,5,12.58,3
1358,5,5,12.22,3
1359,5,5,11.82,3
1360,5,5,11.74,3
1361,5,5,12.16,3
1362,5,5,12.9,3
1363,5,5,12.02,3
1364,5,5,12.96,3
1365,5,5,12.56,3
1366,5,5,12.78,3
1367,5,5,12.48,3
1368,5,5,11.74,3
1369,5,5,11.06,3
1370,5,5,12.0,3
1371,5,5,12.08,3
1372,5,5,11.96,3
1373,5,5,12.46,3
1374,5,5,12.04,3
1375,5,5,11.7,3
1376,5,5,12.0,3
1377,5,5,11.28,3
1378,5,5,11.62,3
1379,5,5,12.68,3
1380,5,5,12.04,3
1381,5,5,10.56,3
1382,5,5,11.02,3
1383,5,5,11.14,3
1384,5,5,11.86,3
1385,5,5,11.9,3
1386,5,5,12.0,3
1387,5,5,12.58,3
1388,5,5,13.52,3
1389,5,5,14.2,3
1390,5,5,13.62,3
1391,5,5,13.52,3
1392,5,5,12.92,3
1393,5,5,12.58,3
1394,5,5,11.1,3
1395,5,5,11.6,3
1396,5,5,11.46,3
1397,5,5,11.22,3
1398,5,5,12.02,3
1399,5,5,12.48,3
1400,5,5,11.92,3
1401,5,5,11.84,3
1402,5,5,12.6,3
1403,5,5,12.72,3
1404,5,5,12.52,3
1405,5,5,11.28,3
1406,5,5,12.08,3
1407,5,5,12.98,3
1408,5,5,12.2,3
1409,5,5,11.76,3
1410,5,5,12.14,3
1411,5,5,11.7,3
1412,5,5,12.1,3
1413,5,5,11.34,3
1414,5,5,11.18,3
1415,5,5,10.62,3
1416,5,5,11.8,3
1417,5,5,11.56,3
1418,5,5,12.3,3
1419,5,5,12.9,3
1420,5,5,12.84,3
1421,5,5,13.26,3
1422,5,5,14.52,3
1423,5,5,13.98,3
1424,5,5,12.88,3
1425,5,5,12.86,3
1426,5,5,11.38,3
1427,5,5,10.82,3
1428,5,5,11.22,3
1429,5,5,9.94,3
1430,5,5,10.28,3
1431,5,5,11.56,3
1432,5,5,11.68,3
1433,5,5,11.9,3
1434,5,5,12.72,3
1435,5,5,12.46,3
1436,5,5,13.02,3
1437,5,5,12.56,3
1438,5,5,12.78,3
1439,5,5,12.88,3
1440,5,5,12.22,3
1441,5,5,11.32,3
1442,5,5,11.2,3
1443,5,5,11.5,3
1444,5,5,11.88,3
1445,5,5,11.92,3
1446,5,5,11.34,3
1447,5,5,11.24,3
1448,5,5,12.34,3
1449,5,5,11.44,3
1450,5,5,10.36,3
1451,5,5,12.26,3
1452,5,5,11.72,3
1453,5,5,11.7,3
1454,5,5,12.22,3
1455,5,5,12.4,3
1456,5,5,12.56,3
1457,5,5,11.58,3
1458,5,5,11.54,3
1459,5,5,11.86,3
1460,5,5,13.12,3
1461,5,5,13.18,3
1462,5,5,11.76,3
1463,5,5,11.76,3
1464,5,5,12.42,3
1465,5,5,11.8,3
1466,5,5,11.76,3
1467,5,5,12.58,3
1468,5,5,12.92,3
1469,5,5,14.3,3
1470,5,5,12.74,3
1471,5,5,11.36,3
1472,5,5,12.12,3
1473,5,5,11.9,3
1474,5,5,11.68,3
1475,5,5,12.44,3
1476,5,5,12.08,3
1477,5,5,11.84,3
1478,5,5,12.08,3
1479,5,5,11.16,3
1480,5,5,11.36,3
1481,5,5,11.74,3
1482,5,5,12.02,3
1483,5,5,12.86,3
1484,5,5,12.4,3
1485,5,5,11.28,3
1486,5,5,11.64,3
1487,5,5,12.0,3
1488,5,5,11.98,3
1489,5,5,11.88,3
1490,5,5,12.86,3
1491,5,5,12.88,3
1492,5,5,12.2,3
1493,5,5,13.32,3
1494,5,5,12.24,3
1495,5,5,12.24,3
1496,5,5,12.24,3
1497,5,5,11.94,3
1498,5,5,12.04,3
1499,5,5,11.64,3
1500,5,5,11.4,3
1501,5,5,11.32,3
1502,5,5,12.36,3
1503,5,5,11.54,3
1504,5,5,11.22,3
1505,5,5,11.1,3
1506,5,5,11.68,3
1507,5,5,11.3,3
1508,5,5,12.62,3
1509,5,5,12.84,3
1510,5,5,11.3,3
1511,5,5,11.62,3
1512,5,5,12.36,3
1513,5,5,10.92,3
1514,5,5,9.62,3
1515,5,5,10.64,3
1516,5,5,11.34,3
1517,5,5,11.6,3
1518,5,5,12.88,3
1519,5,5,13.4,3
1520,5,5,12.62,3
1521,5,5,12.18,3
1522,5,5,12.3,3
1523,5,5,12.34,3
1524,5,5,12.72,3
1525,5,5,12.56,3
1526,5,5,13.14,3
1527,5,5,13.88,3
1528,5,5,13.98,3
1529,5,5,13.46,3
1530,5,5,12.76,3
1531,5,5,12.44,3
1532,5,5,12.9,3
1533,5,5,12.44,3
1534,5,5,12.54,3
1535,5,5,12.76,3
1536,5,5,13.58,3
1537,5,5,11.82,3
1538,5,5,11.96,3
1539,5,5,12.32,3
1540,5,5,11.68,3
1541,5,5,10.64,3
1542,5,5,11.54,3
1543,5,5,11.98,3
1544,5,5,12.32,3
1545,5,5,12.46,3
1546,5,5,11.56,3
1547,5,5,12.24,3
1548,5,5,12.86,3
1549,5,5,12.2,3
1550,5,5,12.56,3
1551,5,5,11.02,3
1552,5,5,11.74,3
1553,5,5,12.14,3
1554,5,5,11.36,3
1555,5,5,10.7,3
1556,5,5,10.94,3
1557,5,5,10.64,3
1558,5,5,10.78,3
1559,5,5,11.64,3
1560,5,5,11.88,3
1561,5,5,12.16,3
1562,5,5,12.5,3
1563,5,5,13.4,3
1564,5,5,13.6,3
1565,5,5,13.0,3
1566,5,5,12.48,3
1567,5,5,13.08,3
1568,5,5,11.96,3
1569,5,5,11.6,3
1570,5,5,11.08,3
1571,5,5,11.34,3
1572,5,5,11.38,3
1573,5,5,12.54,3
1574,5,5,12.92,3
1575,5,5,12.5,3
1576,5,5,12.36,3
1577,5,5,12.54,3
1578,5,5,11.76,3
1579,5,5,12.9,3
1580,5,5,11.86,3
1581,5,5,11.7,3
1582,5,5,11.52,3
1583,5,5,12.36,3
1584,5,5,11.94,3
1585,5,5,10.86,3
1586,5,5,11.5,3
1587,5,5,12.22,3
1588,5,5,13.22,3
1589,5,5,12.62,3
1590,5,5,11.74,3
1591,5,5,12.14,3
1592,5,5,12.6,3
1593,5,5,12.44,3
1594,5,5,12.42,3
1595,5,5,14.14,3
1596,5,5,12.64,3
1597,5,5,12.56,3
1598,5,5,13.22,3
1599,5,5,12.68,3
1600,5,5,12.26,3
1601,5,5,13.46,3
1602,5,5,13.56,3
1603,5,5,13.46,3
1604,5,5,11.98,3
1605,5,5,11.96,3
1606,5,5,11.64,3
1607,5,5,11.5,3
1608,5,5,11.04,3
1609,5,5,11.38,3
1610,5,5,11.3,3
1611,5,5,11.66,3
1612,5,5,10.98,3
1613,5,5,10.02,3
1614,5,5,9.96,3
1615,5,5,11.48,3
1616,5,5,11.82,3
1617,5,5,12.06,3
1618,5,5,11.92,3
1619,5,5,11.56,3
1620,5,5,12.2,3
1621,5,5,11.6,3
1622,5,5,12.0,3
1623,5,5,12.7,3
1624,5,5,13.2,3
1625,5,5,12.86,3
1626,5,5,12.18,3
1627,5,5,12.8,3
1628,5,5,14.02,3
1629,5,5,13.8,3
1630,5,5,12.94,3
1631,5,5,12.8,3
1632,5,5,11.0,3
1633,5,5,11.4,3
1634,5,5,11.48,3
1635,5,5,11.64,3
1636,5,5,11.16,3
1637,5,5,11.84,3
1638,5,5,11.26,3
1639,5,5,11.4,3
1640,5,5,10.98,3
1641,5,5,11.76,3
1642,5,5,12.02,3
1643,5,5,12.32,3
1644,5,5,12.54,3
1645,5,5,13.18,3
1646,5,5,13.26,3
1647,5,5,11.86,3
1648,5,5,11.96,3
1649,5,5,11.78,3
1650,5,5,13.36,3
1651,5,5,12.56,3
1652,5,5,10.98,3
1653,5,5,11.02,3
1654,5,5,10.8,3
1655,5,5,11.5,3
1656,5,5,11.62,3
1657,5,5,12.22,3
1658,5,5,13.08,3
1659,5,5,12.1,3
1660,5,5,11.88,3
1661,5,5,11.16,3
1662,5,5,11.7,3
1663,5,5,11.82,3
1664,5,5,11.78,3
1665,5,5,12.54,3
1666,5,5,11.98,3
1667,5,5,12.18,3
1668,5,5,12.12,3
1669,5,5,11.54,3
1670,5,5,11.44,3
1671,5,5,10.3,3
1672,5,5,11.24,3
1673,5,5,12.02,3
1674,5,5,12.44,3
1675,5,5,12.32,3
1676,5,5,11.38,3
1677,5,5,11.4,3
1678,5,5,12.0,3
1679,5,5,11.44,3
1680,5,5,11.08,3
1681,5,5,11.76,3
1682,5,5,10.14,3
1683,5,5,10.26,3
1684,5,5,10.3,3
1685,5,5,10.38,3
1686,5,5,11.32,3
1687,5,5,11.4,3
1688,5,5,11.92,3
1689,5,5,11.8,3
1690,5,5,11.9,3
1691,5,5,11.9,3
1692,5,5,11.4,3
1693,5,5,11.42,3
1694,5,5,10.62,3
1695,5,5,11.64,3
1696,5,5,11.26,3
1697,5,5,10.2,3
1698,5,5,10.46,3
1699,5,5,11.4,3
1700,5,5,10.46,3
1701,5,5,10.76,3
1702,5,5,10.42,3
1703,5,5,10.24,3
1704,5,5,11.08,3
1705,5,5,11.8,3
1706,5,5,11.66,3
1707,5,5,12.22,3
1708,5,5,11.94,3
1709,5,5,11.9,3
1710,5,5,12.3,3
1711,5,5,11.38,3
1712,5,5,11.18,3
1713,5,5,12.7,3
1714,5,5,12.18,3
1715,5,5,11.72,3
1716,5,5,12.4,3
1717,5,5,12.54,3
1718,5,5,13.22,3
1719,5,5,11.88,3
1720,5,5,12.78,3
1721,5,5,12.5,3
1722,5,5,12.2,3
1723,5,5,9.98,3
1724,5,5,10.26,3
1725,5,5,10.02,3
1726,5,5,11.76,3
1727,5,5,12.1,3
1728,5,5,11.82,3
1729,5,5,12.14,3
1730,5,5,12.1,3
1731,5,5,11.42,3
1732,5,5,12.34,3
1733,5,5,13.46,3
1734,5,5,13.84,3
1735,5,5,13.22,3
1736,5,5,11.64,3
1737,5,5,11.68,3
1738,5,5,11.68,3
1739,5,5,10.98,3
1740,5,5,11.0,3
1741,5,5,10.9,3
1742,5,5,12.16,3
1743,5,5,12.4,3
1744,5,5,12.2,3
1745,5,5,11.82,3
1746,5,5,12.02,3
1747,5,5,13.12,3
1748,5,5,11.38,3
1749,5,5,9.86,3
1750,5,5,10.42,3
1751,5,5,10.7,3
1752,5,5,11.36,3
1753,5,5,11.96,3
1754,5,5,12.98,3
1755,5,5,12.54,3
1756,5,5,13.64,3
1757,5,5,13.42,3
1758,5,5,13.9,3
1759,5,5,13.76,3
1760,5,5,12.74,3
1761,5,5,12.24,3
1762,5,5,13.08,3
1763,5,5,12.94,3
1764,5,5,13.06,3
1765,5,5,11.74,3
1766,5,5,11.98,3
1767,5,5,12.02,3
1768,5,5,12.24,3
1769,5,5,12.88,3
1770,5,5,11.88,3
1771,5,5,12.02,3
1772,5,5,11.56,3
1773,5,5,11.44,3
1774,5,5,11.24,3
1775,5,5,11.32,3
1776,5,5,11.5,3
1777,5,5,12.38,3
1778,5,5,11.64,3
1779,5,5,10.94,3
1780,5,5,11.42,3
1781,5,5,11.96,3
1782,5,5,11.74,3
1783,5,5,11.12,3
1784,5,5,10.56,3
1785,5,5,11.92,3
1786,5,5,13.24,3
1787,5,5,12.38,3
1788,5,5,12.52,3
1789,5,5,10.44,3
1790,5,5,10.92,3
1791,5,5,10.42,3
1792,5,5,10.06,3
1793,5,5,10.8,3
1794,5,5,11.08,3
1795,5,5,10.52,3
1796,5,5,10.48,3
1797,5,5,10.34,3
1798,5,5,10.46,3
1799,5,5,11.18,3
1800,5,5,11.82,3
1801,5,5,12.74,3
1802,5,5,12.92,3
1803,5,5,12.5,3
1804,5,5,12.02,3
1805,5,5,11.74,3
1806,5,5,12.88,3
1807,5,5,12.88,3
1808,5,5,13.18,3
1809,5,5,11.68,3
1810,5,5,10.96,3
1811,5,5,11.78,3
1812,5,5,11.8,3
1813,5,5,12.38,3
1814,5,5,10.3,3
1815,5,5,10.2,2
1816,5,5,9.64,2
1817,5,5,10.74,2
1818,5,5,10.9,2
1819,5,5,10.14,2
1820,5,5,10.24,2
1821,5,5,9.82,2
1822,5,5,8.96,2
1823,5,5,10.66,2
1824,5,5,10.6,2
1825,5,5,11.58,2
1826,5,5,11.82,2
1827,5,5,11.6,2
1828,5,5,12.52,2
1829,5,5,12.6,2
1830,5,5,11.88,2
1831,5,5,12.0,2
1832,5,5,11.56,2
1833,5,5,11.14,2
1834,5,5,11.04,2
1835,5,5,11.96,2
1836,5,5,11.18,2
1837,5,5,10.88,2
1838,5,5,11.2,2
1839,5,5,11.76,2
1840,5,5,11.5,2
1841,5,5,12.72,2
1842,5,5,12.68,2
1843,5,5,12.9,2
1844,5,5,13.14,2
1845,5,5,12.1,2
1846,5,5,11.88,2
1847,5,5,11.18,2
1848,5,5,11.64,2
1849,5,5,11.64,2
1850,5,5,10.88,2
1851,5,5,11.76,2
1852,5,5,11.5,2
1853,5,5,12.08,2
1854,5,5,11.48,2
1855,5,5,10.76,2
1856,5,5,11.0,2
1857,5,5,11.4,2
1858,5,5,11.64,2
1859,5,5,11.84,2
1860,5,5,11.76,2
1861,5,5,12.06,2
1862,5,5,12.22,2
1863,5,5,11.4,2
1864,5,5,11.68,2
1865,5,5,10.42,2
1866,5,5,9.3,2
1867,5,5,9.48,2
1868,5,5,10.66,2
1869,5,5,10.68,2
1870,5,5,11.08,2
1871,5,5,11.64,2
1872,5,5,10.2,2
1873,5,5,11.54,2
1874,5,5,11.24,2
1875,5,5,10.02,2
1876,5,5,9.8,2
1877,5,5,10.76,2
1878,5,5,10.98,2
1879,5,5,11.38,2
1880,5,5,11.62,2
1881,5,5,11.64,2
1882,5,5,11.36,2
1883,5,5,11.72,2
1884,5,5,11.26,2
1885,5,5,10.2,2
1886,5,5,9.88,2
1887,5,5,9.58,2
1888,5,5,9.12,2
1889,5,5,9.3,2
1890,5,5,9.42,2
1891,5,5,9.92,2
1892,5,5,9.66,2
1893,5,5,11.48,2
1894,5,5,11.98,2
1895,5,5,11.92,2
1896,5,5,11.48,2
1897,5,5,12.1,2
1898,5,5,11.86,2
1899,5,5,13.18,2
1900,5,5,12.28,2
1901,5,5,12.54,2
1902,5,5,11.64,2
1903,5,5,12.38,2
1904,5,5,12.98,2
1905,5,5,13.54,2
1906,5,5,12.7,2
1907,5,5,11.36,2
1908,5,5,10.58,2
1909,5,5,11.14,2
1910,5,5,11.0,2
1911,5,5,10.94,2
1912,5,5,12.0,2
1913,5,5,12.04,2
1914,5,5,11.72,2
1915,5,5,13.08,2
1916,5,5,12.06,2
1917,5,5,11.88,2
1918,5,5,12.08,2
1919,5,5,10.66,2
1920,5,5,10.88,2
1921,5,5,10.42,2
1922,5,5,10.12,2
1923,5,5,10.8,2
1924,5,5,11.26,2
1925,5,5,11.48,2
1926,5,5,11.6,2
1927,5,5,12.64,2
1928,5,5,12.48,2
1929,5,5,11.86,2
1930,5,5,11.7,2
1931,5,5,11.12,2
1932,5,5,11.22,2
1933,5,5,11.74,2
1934,5,5,12.64,2
1935,5,5,11.2,2
1936,5,5,11.86,2
1937,5,5,12.1,2
1938,5,5,10.92,2
1939,5,5,9.72,2
1940,5,5,9.78,2
1941,5,5,10.92,2
1942,5,5,12.18,2
1943,5,5,11.64,2
1944,5,5,12.3,2
1945,5,5,12.44,2
1946,5,5,12.6,2
1947,5,5,12.64,2
1948,5,5,12.62,2
1949,5,5,12.26,2
1950,5,5,10.32,2
1951,5,5,10.5,2
1952,5,5,11.36,2
1953,5,5,10.86,2
1954,5,5,11.52,2
1955,5,5,10.44,2
1956,5,5,10.6,2
1957,5,5,10.56,2
1958,5,5,10.7,2
1959,5,5,10.76,2
1960,5,5,11.2,2
1961,5,5,10.76,2
1962,5,5,11.3,2
1963,5,5,10.88,2
1964,5,5,10.72,2
1965,5,5,10.06,2
1966,5,5,10.38,2
1967,5,5,10.6,2
1968,5,5,11.38,2
1969,5,5,12.14,2
1970,5,5,11.34,2
1971,5,5,11.98,2
1972,5,5,11.64,2
1973,5,5,10.62,2
1974,5,5,10.82,2
1975,5,5,9.64,2
1976,5,5,9.7,2
1977,5,5,9.92,2
1978,5,5,11.0,2
1979,5,5,11.74,2
1980,5,5,11.74,2
1981,5,5,11.38,2
1982,5,5,9.74,2
1983,5,5,10.5,2
1984,5,5,11.48,2
1985,5,5,11.78,2
1986,5,5,12.66,2
1987,5,5,12.22,2
1988,5,5,12.06,2
1989,5,5,10.92,2
1990,5,5,10.7,2
1991,5,5,11.42,2
1992,5,5,11.92,2
1993,5,5,11.8,2
1994,5,5,12.52,2
1995,5,5,12.06,2
1996,5,5,12.0,2
1997,5,5,11.52,2
1998,5,5,11.42,2
1999,5,5,12.6,2
2000,5,5,12.72,2
0,1,10,57.84,28
1,1,10,47.04,28
2,1,10,36.6,28
3,1,10,31.16,26
4,1,10,29.3,26
5,1,10,29.48,24
6,1,10,28.64,24
7,1,10,28.02,22
8,1,10,27.48,22
9,1,10,26.26,20
10,1,10,25.48,20
11,1,10,25.14,20
12,1,10,24.08,18
13,1,10,24.88,18
14,1,10,24.46,16
15,1,10,23.1,16
16,1,10,21.26,16
17,1,10,20.44,16
18,1,10,21.26,16
19,1,10,20.28,16
20,1,10,19.86,15
21,1,10,20.52,15
22,1,10,20.78,15
23,1,10,20.18,15
24,1,10,19.1,15
25,1,10,19.46,14
26,1,10,19.72,14
27,1,10,18.8,13
28,1,10,19.52,13
29,1,10,18.82,12
30,1,10,17.92,12
31,1,10,16.74,12
32,1,10,16.18,12
33,1,10,16.7,12
34,1,10,16.44,12
35,1,10,16.36,12
36,1,10,16.3,12
37,1,10,16.8,12
38,1,10,18.72,12
39,1,10,17.88,12
40,1,10,17.4,12
41,1,10,16.54,12
42,1,10,17.4,12
43,1,10,16.46,12
44,1,10,17.9,12
45,1,10,15.5,12
46,1,10,15.84,11
47,1,10,16.62,11
48,1,10,16.54,11
49,1,10,16.5,11
50,1,10,16.74,11
51,1,10,15.32,9
52,1,10,15.14,9
53,1,10,14.58,9
54,1,10,15.46,9
55,1,10,14.02,9
56,1,10,14.56,9
57,1,10,14.52,9
58,1,10,14.28,9
59,1,10,14.96,9
60,1,10,14.3,8
61,1,10,14.16,8
62,1,10,13.88,7
63,1,10,14.84,7
64,1,10,13.66,7
65,1,10,14.24,7
66,1,10,13.48,7
67,1,10,13.06,7
68,1,10,12.68,7
69,1,10,12.98,7
70,1,10,12.82,7
71,1,10,13.04,7
72,1,10,13.8,7
73,1,10,13.64,7
74,1,10,13.36,7
75,1,10,13.32,7
76,1,10,13.46,7
77,1,10,13.14,7
78,1,10,12.98,7
79,1,10,13.02,7
80,1,10,13.2,7
81,1,10,13.14,7
82,1,10,13.38,7
83,1,10,13.9,7
84,1,10,13.76,7
85,1,10,13.38,7
86,1,10,12.06,7
87,1,10,12.68,7
88,1,10,12.3,7
89,1,10,11.7,7
90,1,10,11.96,7
91,1,10,12.46,7
92,1,10,12.52,7
93,1,10,13.26,7
94,1,10,12.58,7
95,1,10,13.28,7
96,1,10,11.94,7
97,1,10,12.98,7
98,1,10,13.24,7
99,1,10,13.52,7
100,1,10,13.02,7
101,1,10,13.82,7
102,1,10,12.82,7
103,1,10,12.82,7
104,1,10,12.74,7
105,1,10,12.92,7
106,1,10,13.3,7
107,1,10,12.9,7
108,1,10,13.38,7
109,1,10,11.78,7
110,1,10,12.6,7
111,1,10,12.4,7
112,1,10,11.88,7
113,1,10,12.58,7
114,1,10,12.08,7
115,1,10,12.8,7
116,1,10,12.62,7
117,1,10,12.76,7
118,1,10,12.76,7
119,1,10,13.02,7
120,1,10,12.92,7
121,1,10,13.38,7
122,1,10,13.28,7
123,1,10,11.92,7
124,1,10,12.92,7
125,1,10,13.2,7
126,1,10,12.96,7
127,1,10,13.16,7
128,1,10,12.08,7
129,1,10,12.62,7
130,1,10,12.32,6
131,1,10,11.08,6
132,1,10,11.78,6
133,1,10,12.28,6
134,1,10,11.88,6
135,1,10,11.8,6
136,1,10,11.94,6
137,1,10,12.24,6
138,1,10,11.96,6
139,1,10,11.62,6
140,1,10,11.82,6
141,1,10,12.22,6
142,1,10,12.0,6
143,1,10,11.66,6
144,1,10,11.82,6
145,1,10,12.14,6
146,1,10,12.02,6
147,1,10,11.56,6
148,1,10,11.66,6
149,1,10,10.9,6
150,1,10,11.34,5
151,1,10,11.2,5
152,1,10,11.24,5
153,1,10,12.22,5
154,1,10,11.46,5
155,1,10,11.4,5
156,1,10,11.46,5
157,1,10,12.36,5
158,1,10,11.0,5
159,1,10,10.12,5
160,1,10,10.54,5
161,1,10,10.26,5
162,1,10,10.78,5
163,1,10,10.26,5
164,1,10,10.88,5
165,1,10,11.22,5
166,1,10,10.56,5
167,1,10,11.24,5
168,1,10,10.18,5
169,1,10,9.94,5
170,1,10,10.86,5
171,1,10,10.54,5
172,1,10,11.08,5
173,1,10,10.26,5
174,1,10,9.88,5
175,1,10,10.84,5
176,1,10,10.06,5
177,1,10,10.66,5
178,1,10,11.16,5
179,1,10,11.4,5
180,1,10,11.7,5
181,1,10,11.54,5
182,1,10,10.66,5
183,1,10,11.86,5
184,1,10,9.98,5
185,1,10,9.8,5
186,1,10,10.66,5
187,1,10,10.7,5
188,1,10,11.42,5
189,1,10,11.14,5
190,1,10,10.96,5
191,1,10,10.3,5
192,1,10,11.84,5
193,1,10,11.98,5
194,1,10,11.88,5
195,1,10,10.12,5
196,1,10,12.14,5
197,1,10,11.84,5
198,1,10,12.06,5
199,1,10,11.28,5
200,1,10,12.2,5
201,1,10,12.52,5
202,1,10,12.24,5
203,1,10,11.46,5
204,1,10,11.82,5
205,1,10,11.24,5
206,1,10,11.8,5
207,1,10,11.52,5
208,1,10,10.7,5
209,1,10,11.84,5
210,1,10,11.52,5
211,1,10,12.02,5
212,1,10,11.84,5
213,1,10,10.8,5
214,1,10,10.68,5
215,1,10,11.54,5
216,1,10,12.02,5
217,1,10,12.06,5
218,1,10,12.06,5
219,1,10,11.12,5
220,1,10,11.1,5
221,1,10,12.06,5
222,1,10,11.54,5
223,1,10,11.74,5
224,1,10,10.16,5
225,1,10,10.42,5
226,1,10,10.52,5
227,1,10,11.26,5
228,1,10,10.46,5
229,1,10,11.68,5
230,1,10,11.22,5
231,1,10,11.4,5
232,1,10,11.1,5
233,1,10,11.02,5
234,1,10,11.3,5
235,1,10,11.72,5
236,1,10,11.58,5
237,1,10,11.0,5
238,1,10,10.14,5
239,1,10,11.24,5
240,1,10,11.34,5
241,1,10,12.14,5
242,1,10,12.46,5
243,1,10,12.58,5
244,1,10,13.22,5
245,1,10,11.36,5
246,1,10,11.86,5
247,1,10,11.84,5
248,1,10,12.22,5
249,1,10,11.42,5
250,1,10,11.24,5
251,1,10,11.16,5
252,1,10,11.3,5
253,1,10,10.26,5
254,1,10,11.36,5
255,1,10,11.22,5
256,1,10,10.94,5
257,1,10,11.16,5
258,1,10,10.64,5
259,1,10,11.22,5
260,1,10,10.74,5
261,1,10,10.96,5
262,1,10,10.84,5
263,1,10,11.02,5
264,1,10,11.48,5
265,1,10,11.72,5
266,1,10,10.44,5
267,1,10,11.24,5
268,1,10,10.68,5
269,1,10,10.88,5
270,1,10,10.64,5
271,1,10,11.04,5
272,1,10,10.34,5
273,1,10,11.7,5
274,1,10,10.78,5
275,1,10,10.9,5
276,1,10,10.74,5
277,1,10,11.52,5
278,1,10,10.88,5
279,1,10,11.46,5
280,1,10,11.08,5
281,1,10,10.86,5
282,1,10,10.04,5
283,1,10,10.5,5
284,1,10,11.36,5
285,1,10,11.32,5
286,1,10,10.84,5
287,1,10,10.52,5
288,1,10,11.48,5
289,1,10,11.0,5
290,1,10,10.66,5
291,1,10,12.08,5
292,1,10,11.96,5
293,1,10,11.32,5
294,1,10,10.92,5
295,1,10,10.72,5
296,1,10,10.2,5
297,1,10,10.86,5
298,1,10,11.38,5
299,1,10,12.1,5
300,1,10,13.06,5
301,1,10,11.98,5
302,1,10,11.32,5
303,1,10,12.14,5
304,1,10,12.64,5
305,1,10,12.1,5
306,1,10,12.2,5
307,1,10,11.24,5
308,1,10,11.82,5
309,1,10,11.78,5
310,1,10,11.86,5
311,1,10,10.94,5
312,1,10,10.4,5
313,1,10,10.78,5
314,1,10,11.24,5
315,1,10,11.28,5
316,1,10,10.02,5
317,1,10,10.34,5
318,1,10,10.8,5
319,1,10,11.38,5
320,1,10,11.82,5
321,1,10,11.02,5
322,1,10,12.42,5
323,1,10,11.64,5
324,1,10,10.72,5
325,1,10,10.2,5
326,1,10,10.78,5
327,1,10,10.3,5
328,1,10,10.44,5
329,1,10,10.8,5
330,1,10,11.18,5
331,1,10,10.2,5
332,1,10,10.5,5
333,1,10,10.32,5
334,1,10,10.4,5
335,1,10,12.04,5
336,1,10,12.82,5
337,1,10,11.48,5
338,1,10,11.98,5
339,1,10,11.48,5
340,1,10,11.18,5
341,1,10,11.4,5
342,1,10,11.0,5
343,1,10,11.2,5
344,1,10,11.18,5
345,1,10,11.52,5
346,1,10,10.74,5
347,1,10,11.3,5
348,1,10,12.56,5
349,1,10,12.78,5
350,1,10,11.82,5
351,1,10,10.62,5
352,1,10,10.94,5
353,1,10,11.46,5
354,1,10,11.2,5
355,1,10,10.94,5
356,1,10,10.96,5
357,1,10,11.44,5
358,1,10,11.1,5
359,1,10,10.82,5
360,1,10,10.42,5
361,1,10,11.44,5
362,1,10,10.56,5
363,1,10,10.72,5
364,1,10,10.7,5
365,1,10,11.6,5
366,1,10,11.2,5
367,1,10,10.86,5
368,1,10,10.86,5
369,1,10,11.04,5
370,1,10,10.96,5
371,1,10,10.88,5
372,1,10,11.06,5
373,1,10,11.64,5
374,1,10,10.82,5
375,1,10,11.22,5
376,1,10,13.3,5
377,1,10,11.66,5
378,1,10,11.14,5
379,1,10,10.84,5
380,1,10,10.54,5
381,1,10,11.24,5
382,1,10,11.5,5
383,1,10,10.58,5
384,1,10,10.94,5
385,1,10,10.4,5
386,1,10,11.1,5
387,1,10,10.24,5
388,1,10,11.56,5
389,1,10,11.4,5
390,1,10,11.14,5
391,1,10,10.64,5
392,1,10,11.48,5
393,1,10,11.14,4
394,1,10,9.66,4
395,1,10,9.36,4
396,1,10,10.24,4
397,1,10,10.24,4
398,1,10,10.72,4
399,1,10,10.28,4
400,1,10,10.4,4
401,1,10,10.18,4
402,1,10,10.9,4
403,1,10,11.2,4
404,1,10,11.02,4
405,1,10,10.32,4
406,1,10,9.86,4
407,1,10,9.58,4
408,1,10,9.98,4
409,1,10,10.06,4
410,1,10,9.36,4
411,1,10,10.26,4
412,1,10,10.38,4
413,1,10,12.02,4
414,1,10,10.4,4
415,1,10,10.46,4
416,1,10,11.2,4
417,1,10,10.44,4
418,1,10,10.48,4
419,1,10,11.84,4
420,1,10,10.6,4
421,1,10,10.06,4
422,1,10,10.04,4
423,1,10,9.48,4
424,1,10,10.22,4
425,1,10,10.98,4
426,1,10,10.98,4
427,1,10,10.86,4
428,1,10,10.36,4
429,1,10,10.4,4
430,1,10,10.96,4
431,1,10,11.26,4
432,1,10,12.02,4
433,1,10,11.64,4
434,1,10,10.76,4
435,1,10,10.5,4
436,1,10,10.88,3
437,1,10,8.68,3
438,1,10,8.38,3
439,1,10,8.54,3
440,1,10,9.44,3
441,1,10,9.8,3
442,1,10,9.46,3
443,1,10,9.12,3
444,1,10,9.3,3
445,1,10,8.72,3
446,1,10,8.16,3
447,1,10,8.56,3
448,1,10,9.2,3
449,1,10,9.68,3
450,1,10,9.96,3
451,1,10,10.96,3
452,1,10,10.7,3
453,1,10,11.12,3
454,1,10,10.54,3
455,1,10,10.22,3
456,1,10,9.06,3
457,1,10,9.42,3
458,1,10,9.0,3
459,1,10,10.36,3
460,1,10,10.92,3
461,1,10,11.6,3
462,1,10,10.48,3
463,1,10,9.94,3
464,1,10,8.62,3
465,1,10,9.74,3
466,1,10,10.32,3
467,1,10,10.14,3
468,1,10,9.94,3
469,1,10,8.82,3
470,1,10,9.38,3
471,1,10,9.92,3
472,1,10,10.0,3
473,1,10,8.88,3
474,1,10,9.4,3
475,1,10,9.84,3
476,1,10,10.22,3
477,1,10,9.32,3
478,1,10,8.9,3
479,1,10,8.82,3
480,1,10,9.34,3
481,1,10,8.94,2
482,1,10,8.54,2
483,1,10,8.26,2
484,1,10,8.9,2
485,1,10,8.96,2
486,1,10,8.62,2
487,1,10,9.48,2
488,1,10,8.08,2
489,1,10,7.42,2
490,1,10,8.16,2
491,1,10,7.94,2
492,1,10,8.0,2
493,1,10,8.64,2
494,1,10,9.64,2
495,1,10,9.86,2
496,1,10,7.98,2
497,1,10,7.88,2
498,1,10,8.34,2
499,1,10,8.08,2
500,1,10,9.14,2
501,1,10,9.22,2
502,1,10,10.1,2
503,1,10,9.12,2
504,1,10,9.1,2
505,1,10,9.26,2
506,1,10,8.46,2
507,1,10,8.96,2
508,1,10,9.34,2
509,1,10,8.12,2
510,1,10,8.78,2
511,1,10,9.18,2
512,1,10,8.88,2
513,1,10,7.98,2
514,1,10,8.96,2
515,1,10,8.92,2
516,1,10,7.52,2
517,1,10,7.94,2
518,1,10,7.92,2
519,1,10,8.5,2
520,1,10,8.0,2
521,1,10,9.24,2
522,1,10,8.48,2
523,1,10,8.64,2
524,1,10,9.02,2
525,1,10,8.34,2
526,1,10,8.4,2
527,1,10,8.6,2
528,1,10,8.2,2
529,1,10,8.48,2
530,1,10,8.66,2
531,1,10,9.32,2
532,1,10,10.38,2
533,1,10,9.16,2
534,1,10,8.4,2
535,1,10,8.02,2
536,1,10,8.42,2
537,1,10,8.32,2
538,1,10,8.56,2
539,1,10,8.52,2
540,1,10,9.26,2
541,1,10,8.52,2
542,1,10,8.84,2
543,1,10,8.38,2
544,1,10,8.8,2
545,1,10,8.66,2
546,1,10,10.12,2
547,1,10,9.2,2
548,1,10,9.0,2
549,1,10,8.9,2
550,1,10,8.48,2
551,1,10,8.7,2
552,1,10,9.28,2
553,1,10,8.44,2
554,1,10,9.66,2
555,1,10,9.34,2
556,1,10,9.32,2
557,1,10,9.76,2
558,1,10,9.44,2
559,1,10,8.28,2
560,1,10,8.12,2
561,1,10,7.96,2
562,1,10,8.5,2
563,1,10,7.38,2
564,1,10,8.12,2
565,1,10,9.16,2
566,1,10,9.58,2
567,1,10,8.58,2
568,1,10,8.04,2
569,1,10,8.02,2
570,1,10,8.5,2
571,1,10,8.06,2
572,1,10,7.96,2
573,1,10,7.72,2
574,1,10,7.68,2
575,1,10,8.46,2
576,1,10,9.26,2
577,1,10,8.86,2
578,1,10,9.48,2
579,1,10,9.56,2
580,1,10,9.44,2
581,1,10,8.7,2
582,1,10,8.12,2
583,1,10,8.96,2
584,1,10,8.54,2
585,1,10,8.94,2
586,1,10,7.74,2
587,1,10,8.7,2
588,1,10,8.54,2
589,1,10,8.88,2
590,1,10,8.28,2
591,1,10,8.58,2
592,1,10,9.66,2
593,1,10,8.22,2
594,1,10,8.22,2
595,1,10,8.18,2
596,1,10,8.6,2
597,1,10,9.46,2
598,1,10,9.54,2
599,1,10,9.44,2
600,1,10,9.14,2
601,1,10,6.9,2
602,1,10,8.74,2
603,1,10,8.08,2
604,1,10,7.22,2
605,1,10,8.66,2
606,1,10,8.54,2
607,1,10,8.72,2
608,1,10,8.96,2
609,1,10,8.72,2
610,1,10,8.8,2
611,1,10,9.22,2
612,1,10,9.12,2
613,1,10,8.42,2
614,1,10,8.32,2
615,1,10,7.52,2
616,1,10,8.5,2
617,1,10,9.22,2
618,1,10,8.76,2
619,1,10,7.7,2
620,1,10,8.7,2
621,1,10,9.42,2
622,1,10,9.3,2
623,1,10,8.96,2
624,1,10,9.22,2
625,1,10,8.8,2
626,1,10,8.18,2
627,1,10,8.56,2
628,1,10,9.06,2
629,1,10,8.88,2
630,1,10,9.24,2
631,1,10,8.04,2
632,1,10,7.82,2
633,1,10,9.4,2
634,1,10,8.34,2
635,1,10,8.52,2
636,1,10,9.48,2
637,1,10,9.94,2
638,1,10,9.08,2
639,1,10,9.28,2
640,1,10,9.74,2
641,1,10,9.4,2
642,1,10,8.52,2
643,1,10,9.08,2
644,1,10,8.92,2
645,1,10,8.4,2
646,1,10,8.82,2
647,1,10,8.62,2
648,1,10,9.76,2
649,1,10,8.82,2
650,1,10,9.06,2
651,1,10,7.84,2
652,1,10,7.84,2
653,1,10,7.68,2
654,1,10,9.08,2
655,1,10,7.8,2
656,1,10,8.52,2
657,1,10,8.2,2
658,1,10,8.26,2
659,1,10,8.04,2
660,1,10,9.94,2
661,1,10,9.12,2
662,1,10,8.68,2
663,1,10,9.86,2
664,1,10,9.06,2
665,1,10,8.42,2
666,1,10,8.52,2
667,1,10,8.94,2
668,1,10,10.18,2
669,1,10,10.36,2
670,1,10,10.82,2
671,1,10,10.12,2
672,1,10,9.48,2
673,1,10,9.4,2
674,1,10,8.82,2
675,1,10,10.0,2
676,1,10,9.72,2
677,1,10,9.28,2
678,1,10,7.7,2
679,1,10,8.14,2
680,1,10,8.52,2
681,1,10,8.56,2
682,1,10,9.0,2
683,1,10,9.32,2
684,1,10,8.82,2
685,1,10,9.56,2
686,1,10,8.12,2
687,1,10,8.2,2
688,1,10,8.02,2
689,1,10,8.3,2
690,1,10,9.26,2
691,1,10,9.96,2
692,1,10,9.4,2
693,1,10,9.66,2
694,1,10,9.1,2
695,1,10,9.46,2
696,1,10,10.28,2
697,1,10,9.0,2
698,1,10,8.6,2
699,1,10,7.92,2
700,1,10,8.22,2
701,1,10,8.7,2
702,1,10,8.6,2
703,1,10,8.1,2
704,1,10,8.9,2
705,1,10,8.7,2
706,1,10,8.06,2
707,1,10,7.34,2
708,1,10,8.92,2
709,1,10,8.88,2
710,1,10,8.54,2
711,1,10,8.72,2
712,1,10,7.94,2
713,1,10,8.02,2
714,1,10,8.8,2
715,1,10,9.1,2
716,1,10,8.52,2
717,1,10,8.88,2
718,1,10,8.46,2
719,1,10,8.02,2
720,1,10,7.72,2
721,1,10,8.5,2
722,1,10,8.32,2
723,1,10,8.86,2
724,1,10,9.2,2
725,1,10,9.2,2
726,1,10,9.2,2
727,1,10,8.58,2
728,1,10,8.08,2
729,1,10,9.06,2
730,1,10,8.28,2
731,1,10,9.06,2
732,1,10,10.16,2
733,1,10,10.0,2
734,1,10,8.28,2
735,1,10,8.38,2
736,1,10,9.5,2
737,1,10,9.1,2
738,1,10,10.0,2
739,1,10,10.56,2
740,1,10,8.76,2
741,1,10,8.52,2
742,1,10,7.72,2
743,1,10,7.86,2
744,1,10,9.36,2
745,1,10,7.82,2
746,1,10,7.96,2
747,1,10,7.48,2
748,1,10,8.54,2
749,1,10,7.64,2
750,1,10,8.1,2
751,1,10,8.56,2
752,1,10,8.52,2
753,1,10,9.2,2
754,1,10,10.04,2
755,1,10,9.66,2
756,1,10,9.92,2
757,1,10,10.24,2
758,1,10,8.74,2
759,1,10,8.86,2
760,1,10,8.28,2
761,1,10,8.18,2
762,1,10,8.64,2
763,1,10,8.18,2
764,1,10,8.16,2
765,1,10,9.08,2
766,1,10,9.54,2
767,1,10,8.26,2
768,1,10,9.08,2
769,1,10,9.92,2
770,1,10,9.42,2
771,1,10,8.96,2
772,1,10,8.72,2
773,1,10,8.96,2
774,1,10,9.88,2
775,1,10,9.92,2
776,1,10,8.68,2
777,1,10,8.16,2
778,1,10,9.5,2
779,1,10,8.96,2
780,1,10,8.26,2
781,1,10,8.64,2
782,1,10,8.74,2
783,1,10,9.64,2
784,1,10,8.72,2
785,1,10,7.04,2
786,1,10,8.6,2
787,1,10,7.9,2
788,1,10,8.3,2
789,1,10,8.08,2
790,1,10,7.58,2
791,1,10,7.78,2
792,1,10,7.96,2
793,1,10,8.12,2
794,1,10,8.02,2
795,1,10,8.28,2
796,1,10,8.16,2
797,1,10,8.7,2
798,1,10,8.94,2
799,1,10,9.46,2
800,1,10,9.18,2
801,1,10,8.38,2
802,1,10,8.16,2
803,1,10,9.02,2
804,1,10,9.14,2
805,1,10,8.04,2
806,1,10,8.14,2
807,1,10,8.72,2
808,1,10,8.46,2
809,1,10,9.08,2
810,1,10,8.76,2
811,1,10,8.6,2
812,1,10,8.66,2
813,1,10,8.02,2
814,1,10,8.04,2
815,1,10,8.92,2
816,1,10,8.42,2
817,1,10,8.38,2
818,1,10,8.88,2
819,1,10,9.12,2
820,1,10,9.06,2
821,1,10,9.92,2
822,1,10,9.16,2
823,1,10,9.94,2
824,1,10,9.92,2
825,1,10,7.58,2
826,1,10,8.6,2
827,1,10,9.38,2
828,1,10,8.94,2
829,1,10,8.76,2
830,1,10,8.66,2
831,1,10,8.44,2
832,1,10,8.44,2
833,1,10,8.16,2
834,1,10,9.26,2
835,1,10,9.72,2
836,1,10,9.22,2
837,1,10,9.1,2
838,1,10,9.44,2
839,1,10,7.46,2
840,1,10,8.1,2
841,1,10,8.8,2
842,1,10,8.68,2
843,1,10,9.02,2
844,1,10,7.56,2
845,1,10,7.98,2
846,1,10,7.86,2
847,1,10,8.84,2
848,1,10,9.34,2
849,1,10,9.7,2
850,1,10,9.16,2
851,1,10,8.64,2
852,1,10,8.42,2
853,1,10,8.76,2
854,1,10,9.44,2
855,1,10,8.72,2
856,1,10,9.14,2
857,1,10,8.56,2
858,1,10,7.86,2
859,1,10,8.34,2
860,1,10,8.54,2
861,1,10,8.78,2
862,1,10,8.28,2
863,1,10,8.46,2
864,1,10,8.0,2
865,1,10,8.56,2
866,1,10,8.62,2
867,1,10,9.16,2
868,1,10,9.06,2
869,1,10,9.22,2
870,1,10,7.62,2
871,1,10,7.9,2
872,1,10,8.62,2
873,1,10,9.1,2
874,1,10,9.24,2
875,1,10,9.64,2
876,1,10,9.94,2
877,1,10,9.96,2
878,1,10,8.54,2
879,1,10,9.06,2
880,1,10,8.0,2
881,1,10,9.58,2
882,1,10,9.34,2
883,1,10,8.46,2
884,1,10,8.86,2
885,1,10,8.86,2
886,1,10,8.54,2
887,1,10,8.02,2
888,1,10,8.78,2
889,1,10,8.58,2
890,1,10,8.4,2
891,1,10,8.9,2
892,1,10,8.52,2
893,1,10,8.5,2
894,1,10,8.38,2
895,1,10,8.8,2
896,1,10,9.42,2
897,1,10,8.16,2
898,1,10,8.84,2
899,1,10,8.08,2
900,1,10,9.16,2
901,1,10,8.92,2
902,1,10,9.86,2
903,1,10,9.2,2
904,1,10,10.18,2
905,1,10,10.1,2
906,1,10,9.46,2
907,1,10,9.04,2
908,1,10,9.04,2
909,1,10,9.7,2
910,1,10,9.16,2
911,1,10,9.22,2
912,1,10,9.56,2
913,1,10,8.42,2
914,1,10,9.5,2
915,1,10,9.46,2
916,1,10,9.38,2
917,1,10,9.56,2
918,1,10,9.14,2
919,1,10,8.58,2
920,1,10,7.84,2
921,1,10,9.36,2
922,1,10,8.84,2
923,1,10,9.14,2
924,1,10,10.44,2
925,1,10,9.28,2
926,1,10,8.7,2
927,1,10,8.28,2
928,1,10,8.28,2
929,1,10,8.92,2
930,1,10,8.32,2
931,1,10,8.68,2
932,1,10,8.88,2
933,1,10,8.78,2
934,1,10,8.0,2
935,1,10,7.94,2
936,1,10,7.8,2
937,1,10,8.2,2
938,1,10,9.04,2
939,1,10,8.22,2
940,1,10,8.54,2
941,1,10,9.1,2
942,1,10,8.54,2
943,1,10,8.7,2
944,1,10,9.76,2
945,1,10,10.06,2
946,1,10,9.04,2
947,1,10,9.58,2
948,1,10,9.24,2
949,1,10,9.26,2
950,1,10,9.14,2
951,1,10,9.54,2
952,1,10,9.56,2
953,1,10,9.28,2
954,1,10,9.3,2
955,1,10,8.08,2
956,1,10,8.8,2
957,1,10,9.4,2
958,1,10,8.52,2
959,1,10,8.86,2
960,1,10,8.88,2
961,1,10,8.8,2
962,1,10,8.24,2
963,1,10,8.46,2
964,1,10,9.18,2
965,1,10,9.32,2
966,1,10,9.42,2
967,1,10,9.66,2
968,1,10,9.32,2
969,1,10,8.1,2
970,1,10,8.9,2
971,1,10,8.7,2
972,1,10,9.04,2
973,1,10,8.54,2
974,1,10,9.42,2
975,1,10,9.2,2
976,1,10,8.96,2
977,1,10,8.66,2
978,1,10,8.36,2
979,1,10,7.82,2
980,1,10,8.5,2
981,1,10,8.78,2
982,1,10,8.54,2
983,1,10,8.38,2
984,1,10,8.7,2
985,1,10,9.1,2
986,1,10,10.12,2
987,1,10,9.64,2
988,1,10,9.52,2
989,1,10,9.6,2
990,1,10,9.06,2
991,1,10,8.54,2
992,1,10,8.38,2
993,1,10,9.4,2
994,1,10,10.78,2
995,1,10,8.7,2
996,1,10,8.94,2
997,1,10,9.86,2
998,1,10,8.26,2
999,1,10,8.4,2
1000,1,10,8.12,2
1001,1,10,8.16,2
1002,1,10,8.7,2
1003,1,10,7.96,2
1004,1,10,9.06,2
1005,1,10,8.84,2
1006,1,10,9.88,2
1007,1,10,9.5,2
1008,1,10,8.54,2
1009,1,10,8.16,2
1010,1,10,8.78,2
1011,1,10,7.94,2
1012,1,10,8.5,2
1013,1,10,8.32,2
1014,1,10,9.9,2
1015,1,10,9.8,2
1016,1,10,10.38,2
1017,1,10,9.88,2
1018,1,10,9.3,2
1019,1,10,9.24,2
1020,1,10,8.96,2
1021,1,10,9.34,2
1022,1,10,8.38,2
1023,1,10,8.74,2
1024,1,10,8.76,2
1025,1,10,8.2,2
1026,1,10,8.8,2
1027,1,10,8.82,2
1028,1,10,8.22,2
1029,1,10,8.58,2
1030,1,10,8.72,2
1031,1,10,7.82,2
1032,1,10,7.96,2
1033,1,10,8.6,2
1034,1,10,9.62,2
1035,1,10,8.66,2
1036,1,10,10.0,2
1037,1,10,8.12,2
1038,1,10,8.36,2
1039,1,10,8.5,2
1040,1,10,7.98,2
1041,1,10,8.08,2
1042,1,10,8.5,2
1043,1,10,8.84,2
1044,1,10,8.24,2
1045,1,10,8.92,2
1046,1,10,7.16,2
1047,1,10,7.88,2
1048,1,10,8.56,2
1049,1,10,8.12,2
1050,1,10,8.08,2
1051,1,10,8.72,2
1052,1,10,8.96,2
1053,1,10,8.34,2
1054,1,10,8.9,2
1055,1,10,8.6,2
1056,1,10,8.28,2
1057,1,10,8.14,2
1058,1,10,7.68,2
1059,1,10,8.0,2
1060,1,10,8.84,2
1061,1,10,9.62,2
1062,1,10,9.2,2
1063,1,10,9.46,2
1064,1,10,10.7,2
1065,1,10,9.7,2
1066,1,10,9.78,2
1067,1,10,9.56,2
1068,1,10,9.98,2
1069,1,10,9.04,2
1070,1,10,9.28,2
1071,1,10,9.7,2
1072,1,10,8.6,2
1073,1,10,7.98,2
1074,1,10,8.2,2
1075,1,10,7.76,2
1076,1,10,9.14,2
1077,1,10,8.48,2
1078,1,10,9.34,2
1079,1,10,8.98,2
1080,1,10,8.96,2
1081,1,10,8.1,2
1082,1,10,8.7,2
1083,1,10,9.52,2
1084,1,10,8.94,2
1085,1,10,9.62,2
1086,1,10,9.28,2
1087,1,10,9.42,2
1088,1,10,8.54,2
1089,1,10,8.28,2
1090,1,10,8.14,2
1091,1,10,8.16,2
1092,1,10,8.68,2
1093,1,10,8.86,2
1094,1,10,8.64,2
1095,1,10,8.68,2
1096,1,10,7.88,2
1097,1,10,8.4,2
1098,1,10,8.52,2
1099,1,10,7.74,2
1100,1,10,7.92,2
1101,1,10,8.12,2
1102,1,10,8.54,2
1103,1,10,8.9,2
1104,1,10,8.72,2
1105,1,10,8.86,2
1106,1,10,9.68,2
1107,1,10,8.52,2
1108,1,10,8.34,2
1109,1,10,8.36,2
1110,1,10,8.4,2
1111,1,10,8.0,2
1112,1,10,8.16,2
1113,1,10,8.64,2
1114,1,10,8.24,2
1115,1,10,8.3,2
1116,1,10,8.6,2
1117,1,10,9.24,2
1118,1,10,9.12,2
1119,1,10,9.34,2
1120,1,10,7.9,2
1121,1,10,7.92,2
1122,1,10,8.42,2
1123,1,10,8.84,2
1124,1,10,9.04,2
1125,1,10,9.54,2
1126,1,10,9.18,2
1127,1,10,9.64,2
1128,1,10,9.74,2
1129,1,10,8.4,2
1130,1,10,7.82,2
1131,1,10,8.56,2
1132,1,10,8.38,2
1133,1,10,8.96,2
1134,1,10,7.96,2
1135,1,10,8.76,2
1136,1,10,8.94,2
1137,1,10,8.68,2
1138,1,10,8.72,2
1139,1,10,8.16,2
1140,1,10,7.88,2
1141,1,10,7.64,2
1142,1,10,7.74,2
1143,1,10,6.9,2
1144,1,10,6.84,2
1145,1,10,8.04,2
1146,1,10,8.04,2
1147,1,10,6.64,2
1148,1,10,8.02,2
1149,1,10,8.26,2
1150,1,10,8.2,2
1151,1,10,8.96,2
1152,1,10,8.8,2
1153,1,10,9.24,2
1154,1,10,9.12,2
1155,1,10,8.48,2
1156,1,10,9.24,2
1157,1,10,8.08,2
1158,1,10,8.12,2
1159,1,10,7.64,2
1160,1,10,7.9,2
1161,1,10,7.3,2
1162,1,10,8.52,2
1163,1,10,8.4,2
1164,1,10,9.24,2
1165,1,10,9.74,2
1166,1,10,8.98,2
1167,1,10,9.16,2
1168,1,10,8.22,2
1169,1,10,8.94,2
1170,1,10,8.1,2
1171,1,10,7.02,2
1172,1,10,7.92,2
1173,1,10,7.66,2
1174,1,10,9.1,2
1175,1,10,7.74,2
1176,1,10,8.12,2
1177,1,10,8.4,2
1178,1,10,7.96,2
1179,1,10,8.78,2
1180,1,10,8.62,2
1181,1,10,9.76,2
1182,1,10,8.88,2
1183,1,10,9.44,2
1184,1,10,9.66,2
1185,1,10,9.58,2
1186,1,10,10.04,2
1187,1,10,9.72,2
1188,1,10,9.42,2
1189,1,10,8.84,2
1190,1,10,9.1,2
1191,1,10,8.86,2
1192,1,10,8.6,2
1193,1,10,8.16,2
1194,1,10,8.52,2
1195,1,10,8.64,2
1196,1,10,8.48,2
1197,1,10,7.58,2
1198,1,10,7.72,2
1199,1,10,8.84,2
1200,1,10,8.98,2
1201,1,10,8.7,2
1202,1,10,8.42,2
1203,1,10,8.56,2
1204,1,10,9.22,2
1205,1,10,9.32,2
1206,1,10,7.96,2
1207,1,10,8.58,2
1208,1,10,7.76,2
1209,1,10,8.54,2
1210,1,10,8.5,2
1211,1,10,8.78,2
1212,1,10,8.52,2
1213,1,10,8.66,2
1214,1,10,8.24,2
1215,1,10,8.18,2
1216,1,10,9.16,2
1217,1,10,8.3,2
1218,1,10,8.58,2
1219,1,10,8.76,2
1220,1,10,8.86,2
1221,1,10,9.3,2
1222,1,10,9.0,2
1223,1,10,8.74,2
1224,1,10,8.92,2
1225,1,10,8.22,2
1226,1,10,8.72,2
1227,1,10,8.5,2
1228,1,10,8.34,2
1229,1,10,7.78,2
1230,1,10,8.38,2
1231,1,10,7.86,2
1232,1,10,8.8,2
1233,1,10,7.66,2
1234,1,10,8.28,2
1235,1,10,7.18,2
1236,1,10,7.8,2
1237,1,10,7.98,2
1238,1,10,8.54,2
1239,1,10,8.08,2
1240,1,10,8.32,2
1241,1,10,8.6,2
1242,1,10,8.68,2
1243,1,10,9.56,2
1244,1,10,8.62,2
1245,1,10,8.84,2
1246,1,10,9.76,2
1247,1,10,10.3,2
1248,1,10,9.4,2
1249,1,10,10.04,2
1250,1,10,8.78,2
1251,1,10,8.3,2
1252,1,10,9.94,2
1253,1,10,9.08,2
1254,1,10,8.82,2
1255,1,10,7.72,2
1256,1,10,8.1,2
1257,1,10,7.96,2
1258,1,10,8.62,2
1259,1,10,8.26,2
1260,1,10,8.66,2
1261,1,10,9.14,2
1262,1,10,9.92,2
1263,1,10,7.96,2
1264,1,10,9.34,2
1265,1,10,9.16,2
1266,1,10,8.66,2
1267,1,10,7.38,2
1268,1,10,9.14,2
1269,1,10,7.32,2
1270,1,10,7.84,2
1271,1,10,8.68,2
1272,1,10,8.9,2
1273,1,10,9.3,2
1274,1,10,9.54,2
1275,1,10,8.18,2
1276,1,10,7.96,2
1277,1,10,8.04,2
1278,1,10,8.4,2
1279,1,10,9.46,2
1280,1,10,9.04,2
1281,1,10,8.62,2
1282,1,10,8.76,2
1283,1,10,8.82,2
1284,1,10,9.76,2
1285,1,10,9.5,2
1286,1,10,10.48,2
1287,1,10,10.18,2
1288,1,10,8.46,2
1289,1,10,8.62,2
1290,1,10,8.86,2
1291,1,10,7.62,2
1292,1,10,7.84,2
1293,1,10,8.36,2
1294,1,10,7.08,2
1295,1,10,8.26,2
1296,1,10,7.74,2
1297,1,10,8.04,2
1298,1,10,9.1,2
1299,1,10,9.04,2
1300,1,10,8.78,2
1301,1,10,8.1,2
1302,1,10,9.22,2
1303,1,10,9.0,2
1304,1,10,8.72,2
1305,1,10,8.58,2
1306,1,10,8.78,2
1307,1,10,8.3,2
1308,1,10,8.72,2
1309,1,10,9.14,2
1310,1,10,8.18,2
1311,1,10,7.32,2
1312,1,10,8.5,2
1313,1,10,8.92,2
1314,1,10,8.5,2
1315,1,10,8.42,2
1316,1,10,9.04,2
1317,1,10,8.52,2
1318,1,10,7.96,2
1319,1,10,8.46,2
1320,1,10,8.64,2
1321,1,10,9.14,2
1322,1,10,8.96,2
1323,1,10,8.38,2
1324,1,10,8.04,2
1325,1,10,9.02,2
1326,1,10,9.1,2
1327,1,10,9.44,2
1328,1,10,8.38,2
1329,1,10,8.46,2
1330,1,10,8.82,2
1331,1,10,8.62,2
1332,1,10,9.08,2
1333,1,10,7.74,2
1334,1,10,7.7,2
1335,1,10,7.72,2
1336,1,10,9.22,2
1337,1,10,9.78,2
1338,1,10,9.52,2
1339,1,10,9.26,2
1340,1,10,9.98,2
1341,1,10,9.68,2
1342,1,10,9.14,2
1343,1,10,9.36,2
1344,1,10,9.2,2
1345,1,10,8.9,2
1346,1,10,9.04,2
1347,1,10,8.94,2
1348,1,10,10.44,2
1349,1,10,9.3,2
1350,1,10,8.6,2
1351,1,10,8.46,2
1352,1,10,8.06,2
1353,1,10,8.18,2
1354,1,10,7.98,2
1355,1,10,8.44,2
1356,1,10,9.46,2
1357,1,10,9.02,2
1358,1,10,9.48,2
1359,1,10,9.4,2
1360,1,10,8.72,2
1361,1,10,8.32,2
1362,1,10,7.96,2
1363,1,10,8.5,2
1364,1,10,7.84,2
1365,1,10,8.28,2
1366,1,10,8.64,2
1367,1,10,9.14,2
1368,1,10,8.9,2
1369,1,10,8.64,2
1370,1,10,9.52,2
1371,1,10,8.76,2
1372,1,10,8.78,2
1373,1,10,9.54,2
1374,1,10,9.84,2
1375,1,10,9.22,2
1376,1,10,8.34,2
1377,1,10,8.88,2
1378,1,10,8.74,2
1379,1,10,7.98,2
1380,1,10,8.52,2
1381,1,10,9.14,2
1382,1,10,8.62,2
1383,1,10,8.56,2
1384,1,10,9.18,2
1385,1,10,8.26,2
1386,1,10,8.96,2
1387,1,10,9.12,2
1388,1,10,9.26,2
1389,1,10,10.66,2
1390,1,10,8.74,2
1391,1,10,9.16,2
1392,1,10,8.08,2
1393,1,10,8.92,2
1394,1,10,7.6,2
1395,1,10,7.32,2
1396,1,10,7.56,2
1397,1,10,8.28,2
1398,1,10,8.62,2
1399,1,10,8.96,2
1400,1,10,9.64,2
1401,1,10,8.06,2
1402,1,10,7.88,2
1403,1,10,7.62,2
1404,1,10,7.88,2
1405,1,10,7.84,2
1406,1,10,8.62,2
1407,1,10,7.64,2
1408,1,10,8.4,2
1409,1,10,8.0,2
1410,1,10,8.12,2
1411,1,10,7.28,2
1412,1,10,6.18,2
1413,1,10,7.86,2
1414,1,10,9.02,2
1415,1,10,7.86,2
1416,1,10,7.62,2
1417,1,10,6.58,2
1418,1,10,8.58,2
1419,1,10,8.96,2
1420,1,10,8.94,2
1421,1,10,8.64,2
1422,1,10,8.94,2
1423,1,10,9.14,2
1424,1,10,9.74,2
1425,1,10,9.86,2
1426,1,10,9.72,2
1427,1,10,9.72,2
1428,1,10,9.26,2
1429,1,10,8.92,2
1430,1,10,9.24,2
1431,1,10,9.22,2
1432,1,10,9.2,2
1433,1,10,9.24,2
1434,1,10,8.92,2
1435,1,10,7.6,2
1436,1,10,9.1,2
1437,1,10,9.52,2
1438,1,10,8.72,2
1439,1,10,8.98,2
1440,1,10,8.5,2
1441,1,10,8.54,2
1442,1,10,8.36,2
1443,1,10,9.1,2
1444,1,10,8.54,2
1445,1,10,9.16,2
1446,1,10,9.22,2
1447,1,10,8.52,2
1448,1,10,8.92,2
1449,1,10,9.12,2
1450,1,10,8.84,2
1451,1,10,8.24,2
1452,1,10,8.8,2
1453,1,10,9.02,2
1454,1,10,8.1,2
1455,1,10,8.06,2
1456,1,10,7.96,2
1457,1,10,8.02,2
1458,1,10,8.84,2
1459,1,10,8.26,2
1460,1,10,8.5,2
1461,1,10,8.46,2
1462,1,10,8.78,2
1463,1,10,8.5,2
1464,1,10,9.04,2
1465,1,10,9.06,2
1466,1,10,7.78,2
1467,1,10,8.58,2
1468,1,10,9.4,2
1469,1,10,9.24,2
1470,1,10,8.62,2
1471,1,10,9.4,2
1472,1,10,8.58,2
1473,1,10,8.88,2
1474,1,10,8.16,2
1475,1,10,8.34,2
1476,1,10,8.96,2
1477,1,10,7.46,2
1478,1,10,8.28,2
1479,1,10,8.98,2
1480,1,10,8.58,2
1481,1,10,8.26,2
1482,1,10,8.38,2
1483,1,10,8.24,2
1484,1,10,8.56,2
1485,1,10,9.08,2
1486,1,10,8.56,2
1487,1,10,8.34,2
1488,1,10,8.46,2
1489,1,10,7.88,2
1490,1,10,8.66,2
1491,1,10,7.68,2
1492,1,10,7.24,2
1493,1,10,8.36,2
1494,1,10,8.26,2
1495,1,10,9.3,2
1496,1,10,9.38,2
1497,1,10,7.9,2
1498,1,10,8.94,2
1499,1,10,8.62,2
1500,1,10,9.42,2
1501,1,10,9.94,2
1502,1,10,8.88,2
1503,1,10,9.06,2
1504,1,10,7.8,2
1505,1,10,7.44,2
1506,1,10,8.52,2
1507,1,10,10.2,2
1508,1,10,9.44,2
1509,1,10,9.08,2
1510,1,10,7.86,2
1511,1,10,7.2,2
1512,1,10,7.84,2
1513,1,10,8.76,2
1514,1,10,9.5,2
1515,1,10,9.14,2
1516,1,10,8.94,2
1517,1,10,8.82,2
1518,1,10,8.76,2
1519,1,10,9.44,2
1520,1,10,8.3,2
1521,1,10,9.48,2
1522,1,10,8.4,2
1523,1,10,8.9,2
1524,1,10,9.06,2
1525,1,10,8.38,2
1526,1,10,9.14,2
1527,1,10,9.16,2
1528,1,10,9.16,2
1529,1,10,8.82,2
1530,1,10,8.42,2
1531,1,10,9.48,2
1532,1,10,8.58,2
1533,1,10,8.56,2
1534,1,10,8.66,2
1535,1,10,7.16,2
1536,1,10,7.98,2
1537,1,10,7.96,2
1538,1,10,8.94,2
1539,1,10,8.48,2
1540,1,10,9.28,2
1541,1,10,8.86,2
1542,1,10,9.86,2
1543,1,10,10.28,2
1544,1,10,10.38,2
1545,1,10,8.8,2
1546,1,10,9.02,2
1547,1,10,9.0,2
1548,1,10,9.2,2
1549,1,10,7.66,2
1550,1,10,8.04,2
1551,1,10,8.96,2
1552,1,10,8.66,2
1553,1,10,7.76,2
1554,1,10,8.22,2
1555,1,10,8.68,2
1556,1,10,8.48,2
1557,1,10,9.82,2
1558,1,10,8.64,2
1559,1,10,8.66,2
1560,1,10,8.9,2
1561,1,10,7.54,2
1562,1,10,8.62,2
1563,1,10,9.02,2
1564,1,10,7.62,2
1565,1,10,9.3,2
1566,1,10,8.26,2
1567,1,10,8.2,2
1568,1,10,9.04,2
1569,1,10,8.66,2
1570,1,10,8.1,2
1571,1,10,9.08,2
1572,1,10,8.08,2
1573,1,10,8.54,2
1574,1,10,7.98,2
1575,1,10,7.5,2
1576,1,10,7.42,2
1577,1,10,8.62,2
1578,1,10,8.56,2
1579,1,10,8.48,2
1580,1,10,8.4,2
1581,1,10,8.6,2
1582,1,10,9.1,2
1583,1,10,10.1,2
1584,1,10,9.04,2
1585,1,10,8.96,2
1586,1,10,8.64,2
1587,1,10,9.8,2
1588,1,10,8.56,2
1589,1,10,8.6,2
1590,1,10,8.94,2
1591,1,10,8.72,2
1592,1,10,9.78,2
1593,1,10,9.92,2
1594,1,10,9.66,2
1595,1,10,9.0,2
1596,1,10,8.22,2
1597,1,10,8.78,2
1598,1,10,8.16,2
1599,1,10,9.48,2
1600,1,10,9.36,2
1601,1,10,8.88,2
1602,1,10,9.52,2
1603,1,10,8.54,2
1604,1,10,8.74,2
1605,1,10,10.36,2
1606,1,10,9.72,2
1607,1,10,8.84,2
1608,1,10,8.56,2
1609,1,10,9.9,2
1610,1,10,8.9,2
1611,1,10,9.1,2
1612,1,10,8.08,2
1613,1,10,7.78,2
1614,1,10,8.38,2
1615,1,10,8.36,2
1616,1,10,9.04,2
1617,1,10,10.46,2
1618,1,10,9.8,2
1619,1,10,7.96,2
1620,1,10,7.98,2
1621,1,10,8.6,2
1622,1,10,8.78,2
1623,1,10,9.02,2
1624,1,10,9.64,2
1625,1,10,10.18,2
1626,1,10,9.6,2
1627,1,10,10.14,2
1628,1,10,9.76,2
1629,1,10,9.5,2
1630,1,10,8.44,2
1631,1,10,8.64,2
1632,1,10,8.58,2
1633,1,10,9.36,2
1634,1,10,9.56,2
1635,1,10,10.54,2
1636,1,10,8.86,2
1637,1,10,8.4,2
1638,1,10,8.42,2
1639,1,10,9.48,2
1640,1,10,10.12,2
1641,1,10,8.46,2
1642,1,10,7.88,2
1643,1,10,8.66,2
1644,1,10,8.68,2
1645,1,10,8.38,2
1646,1,10,9.34,2
1647,1,10,9.82,2
1648,1,10,8.06,2
1649,1,10,8.78,2
1650,1,10,8.88,2
1651,1,10,9.36,2
1652,1,10,8.46,2
1653,1,10,7.96,2
1654,1,10,7.8,2
1655,1,10,8.2,2
1656,1,10,8.88,2
1657,1,10,8.24,2
1658,1,10,8.12,2
1659,1,10,8.34,2
1660,1,10,8.8,2
1661,1,10,8.5,2
1662,1,10,7.8,2
1663,1,10,8.44,2
1664,1,10,8.44,2
1665,1,10,8.82,2
1666,1,10,9.0,2
1667,1,10,8.74,2
1668,1,10,8.86,2
1669,1,10,9.22,2
1670,1,10,8.64,2
1671,1,10,8.1,2
1672,1,10,8.46,2
1673,1,10,8.6,2
1674,1,10,8.32,2
1675,1,10,8.46,2
1676,1,10,8.78,2
1677,1,10,8.6,2
1678,1,10,8.38,2
1679,1,10,7.72,2
1680,1,10,8.1,2
1681,1,10,8.44,2
1682,1,10,8.76,2
1683,1,10,8.04,2
1684,1,10,8.74,2
1685,1,10,8.96,2
1686,1,10,8.16,2
1687,1,10,7.9,2
1688,1,10,8.04,2
1689,1,10,8.2,2
1690,1,10,8.48,2
1691,1,10,7.48,2
1692,1,10,7.32,2
1693,1,10,7.24,2
1694,1,10,7.26,2
1695,1,10,7.66,2
1696,1,10,9.14,2
1697,1,10,8.56,2
1698,1,10,8.7,2
1699,1,10,8.62,2
1700,1,10,8.32,2
1701,1,10,8.62,2
1702,1,10,9.46,2
1703,1,10,8.12,2
1704,1,10,7.84,2
1705,1,10,7.74,2
1706,1,10,8.46,2
1707,1,10,7.0,2
1708,1,10,8.72,2
1709,1,10,9.76,2
1710,1,10,8.92,2
1711,1,10,9.8,2
1712,1,10,9.46,2
1713,1,10,8.9,2
1714,1,10,9.32,2
1715,1,10,9.56,2
1716,1,10,9.84,2
1717,1,10,9.88,2
1718,1,10,8.98,2
1719,1,10,8.9,2
1720,1,10,9.54,2
1721,1,10,8.38,2
1722,1,10,7.96,2
1723,1,10,7.74,2
1724,1,10,7.58,2
1725,1,10,9.14,2
1726,1,10,8.36,2
1727,1,10,8.94,2
1728,1,10,9.46,2
1729,1,10,9.32,2
1730,1,10,9.24,2
1731,1,10,8.42,2
1732,1,10,9.02,2
1733,1,10,8.72,2
1734,1,10,8.94,2
1735,1,10,8.18,2
1736,1,10,9.02,2
1737,1,10,9.2,2
1738,1,10,8.56,2
1739,1,10,8.34,2
1740,1,10,8.42,2
1741,1,10,7.8,2
1742,1,10,8.66,2
1743,1,10,8.5,2
1744,1,10,9.54,2
1745,1,10,8.76,2
1746,1,10,8.48,2
1747,1,10,8.54,2
1748,1,10,9.38,2
1749,1,10,9.5,2
1750,1,10,7.56,2
1751,1,10,7.72,2
1752,1,10,8.82,2
1753,1,10,10.06,2
1754,1,10,9.32,2
1755,1,10,8.0,2
1756,1,10,9.12,2
1757,1,10,8.02,2
1758,1,10,8.84,2
1759,1,10,9.18,2
1760,1,10,8.88,2
1761,1,10,8.84,2
1762,1,10,8.36,2
1763,1,10,9.0,2
1764,1,10,9.52,2
1765,1,10,8.16,2
1766,1,10,8.72,2
1767,1,10,9.04,2
1768,1,10,9.58,2
1769,1,10,8.8,2
1770,1,10,8.74,2
1771,1,10,8.68,2
1772,1,10,9.0,2
1773,1,10,7.78,2
1774,1,10,8.64,2
1775,1,10,7.82,2
1776,1,10,8.16,2
1777,1,10,8.28,2
1778,1,10,8.08,2
1779,1,10,8.3,2
1780,1,10,8.48,2
1781,1,10,9.02,2
1782,1,10,8.66,2
1783,1,10,9.68,2
1784,1,10,8.2,2
1785,1,10,9.24,2
1786,1,10,7.96,2
1787,1,10,8.44,2
1788,1,10,9.12,2
1789,1,10,9.12,2
1790,1,10,9.58,2
1791,1,10,8.94,2
1792,1,10,7.66,2
1793,1,10,9.24,2
1794,1,10,8.28,2
1795,1,10,8.6,2
1796,1,10,8.88,2
1797,1,10,9.66,2
1798,1,10,9.04,2
1799,1,10,9.2,2
1800,1,10,8.26,2
1801,1,10,8.26,2
1802,1,10,7.74,2
1803,1,10,8.82,2
1804,1,10,8.58,2
1805,1,10,8.52,2
1806,1,10,7.74,2
1807,1,10,7.52,2
1808,1,10,8.7,2
1809,1,10,9.66,2
1810,1,10,9.44,2
1811,1,10,9.28,2
1812,1,10,10.22,2
1813,1,10,9.38,2
1814,1,10,8.82,2
1815,1,10,9.82,2
1816,1,10,9.08,2
1817,1,10,8.78,2
1818,1,10,8.96,2
1819,1,10,10.04,2
1820,1,10,9.72,2
1821,1,10,9.26,2
1822,1,10,8.76,2
1823,1,10,8.72,2
1824,1,10,8.28,2
1825,1,10,8.7,2
1826,1,10,7.82,2
1827,1,10,8.66,2
1828,1,10,8.8,2
1829,1,10,9.82,2
1830,1,10,10.34,2
1831,1,10,10.06,2
1832,1,10,9.26,2
1833,1,10,9.7,2
1834,1,10,9.08,2
1835,1,10,8.92,2
1836,1,10,8.76,2
1837,1,10,8.18,2
1838,1,10,8.12,2
1839,1,10,9.48,2
1840,1,10,8.36,2
1841,1,10,7.82,2
1842,1,10,6.66,2
1843,1,10,6.88,2
1844,1,10,7.06,2
1845,1,10,7.76,2
1846,1,10,8.98,2
1847,1,10,8.88,2
1848,1,10,8.84,2
1849,1,10,8.54,2
1850,1,10,9.66,2
1851,1,10,9.26,2
1852,1,10,8.4,2
1853,1,10,7.34,2
1854,1,10,9.06,2
1855,1,10,8.64,2
1856,1,10,8.78,2
1857,1,10,8.8,2
1858,1,10,8.76,2
1859,1,10,8.2,2
1860,1,10,8.24,2
1861,1,10,8.88,2
1862,1,10,9.04,2
1863,1,10,8.16,2
1864,1,10,9.08,2
1865,1,10,8.76,2
1866,1,10,8.54,2
1867,1,10,9.74,2
1868,1,10,9.94,2
1869,1,10,9.66,2
1870,1,10,8.1,2
1871,1,10,8.62,2
1872,1,10,8.16,2
1873,1,10,9.18,2
1874,1,10,9.66,2
1875,1,10,9.24,2
1876,1,10,9.82,2
1877,1,10,9.4,2
1878,1,10,9.64,2
1879,1,10,9.5,2
1880,1,10,8.78,2
1881,1,10,9.14,2
1882,1,10,8.46,2
1883,1,10,7.38,2
1884,1,10,8.82,2
1885,1,10,7.64,2
1886,1,10,7.62,2
1887,1,10,7.8,2
1888,1,10,7.3,2
1889,1,10,8.06,2
1890,1,10,8.34,2
1891,1,10,9.04,2
1892,1,10,8.56,2
1893,1,10,9.1,2
1894,1,10,9.02,2
1895,1,10,9.86,2
1896,1,10,8.88,2
1897,1,10,8.64,2
1898,1,10,8.64,2
1899,1,10,9.46,2
1900,1,10,9.12,2
1901,1,10,9.64,2
1902,1,10,8.6,2
1903,1,10,9.66,2
1904,1,10,9.92,2
1905,1,10,9.06,2
1906,1,10,8.98,2
1907,1,10,8.86,2
1908,1,10,8.88,2
1909,1,10,8.94,2
1910,1,10,8.72,2
1911,1,10,8.36,2
1912,1,10,8.4,2
1913,1,10,9.06,2
1914,1,10,9.12,2
1915,1,10,8.8,2
1916,1,10,8.06,2
1917,1,10,8.18,2
1918,1,10,7.4,2
1919,1,10,7.38,2
1920,1,10,8.64,2
1921,1,10,9.06,2
1922,1,10,9.6,2
1923,1,10,10.1,2
1924,1,10,10.48,2
1925,1,10,9.72,2
1926,1,10,8.08,2
1927,1,10,8.46,2
1928,1,10,8.42,2
1929,1,10,9.2,2
1930,1,10,8.28,2
1931,1,10,8.22,2
1932,1,10,7.84,2
1933,1,10,8.82,2
1934,1,10,9.1,2
1935,1,10,9.18,2
1936,1,10,8.98,2
1937,1,10,8.52,2
1938,1,10,7.76,2
1939,1,10,7.56,2
1940,1,10,9.12,2
1941,1,10,9.3,2
1942,1,10,8.9,2
1943,1,10,10.08,2
1944,1,10,8.78,2
1945,1,10,9.02,2
1946,1,10,9.62,2
1947,1,10,8.1,2
1948,1,10,8.62,2
1949,1,10,7.42,2
1950,1,10,7.66,2
1951,1,10,8.14,2
1952,1,10,9.26,2
1953,1,10,9.02,2
1954,1,10,10.24,2
1955,1,10,10.68,2
1956,1,10,9.94,2
1957,1,10,8.52,2
1958,1,10,8.36,2
1959,1,10,7.34,2
1960,1,10,8.58,2
1961,1,10,7.98,2
1962,1,10,9.48,2
1963,1,10,9.24,2
1964,1,10,9.6,2
1965,1,10,9.1,2
1966,1,10,8.06,2
1967,1,10,8.76,2
1968,1,10,8.28,2
1969,1,10,6.54,2
1970,1,10,7.6,2
1971,1,10,7.1,2
1972,1,10,8.74,2
1973,1,10,9.28,2
1974,1,10,9.3,2
1975,1,10,9.14,2
1976,1,10,7.98,2
1977,1,10,9.06,2
1978,1,10,8.52,2
1979,1,10,9.22,2
1980,1,10,9.3,2
1981,1,10,9.52,2
1982,1,10,8.74,2
1983,1,10,9.7,2
1984,1,10,8.74,2
1985,1,10,8.66,2
1986,1,10,7.52,2
1987,1,10,7.86,2
1988,1,10,8.98,2
1989,1,10,8.44,2
1990,1,10,7.6,2
1991,1,10,8.04,2
1992,1,10,7.86,2
1993,1,10,7.66,2
1994,1,10,8.54,2
1995,1,10,7.7,2
1996,1,10,7.32,2
1997,1,10,6.34,2
1998,1,10,7.2,2
1999,1,10,7.94,2
2000,1,10,8.04,2
0,2,10,57.54,44
1,2,10,49.18,37
2,2,10,44.28,36
3,2,10,41.02,34
4,2,10,41.18,32
5,2,10,37.26,31
6,2,10,35.42,30
7,2,10,33.56,27
8,2,10,32.28,26
9,2,10,31.32,26
10,2,10,29.26,25
11,2,10,29.22,24
12,2,10,27.76,23
13,2,10,26.72,21
14,2,10,26.5,21
15,2,10,26.74,21
16,2,10,25.14,21
17,2,10,24.88,21
18,2,10,25.96,19
19,2,10,24.38,19
20,2,10,23.6,17
21,2,10,22.34,17
22,2,10,21.82,17
23,2,10,21.24,16
24,2,10,21.3,16
25,2,10,21.16,16
26,2,10,20.8,16
27,2,10,20.88,16
28,2,10,20.06,16
29,2,10,20.28,16
30,2,10,20.48,16
31,2,10,20.84,14
32,2,10,21.4,14
33,2,10,19.86,13
34,2,10,18.56,13
35,2,10,16.82,13
36,2,10,17.58,12
37,2,10,16.8,12
38,2,10,16.64,11
39,2,10,16.26,11
40,2,10,16.36,11
41,2,10,16.44,11
42,2,10,16.62,11
43,2,10,16.12,11
44,2,10,15.68,10
45,2,10,16.06,10
46,2,10,16.26,10
47,2,10,15.94,10
48,2,10,15.74,10
49,2,10,15.54,10
50,2,10,16.14,10
51,2,10,15.46,10
52,2,10,15.86,10
53,2,10,16.26,10
54,2,10,15.8,10
55,2,10,15.28,10
56,2,10,15.2,9
57,2,10,14.96,9
58,2,10,14.92,9
59,2,10,13.84,9
60,2,10,14.84,9
61,2,10,15.18,9
62,2,10,15.42,9
63,2,10,14.5,9
64,2,10,15.64,9
65,2,10,13.92,9
66,2,10,14.98,9
67,2,10,14.84,9
68,2,10,15.4,9
69,2,10,14.96,9
70,2,10,14.88,9
71,2,10,13.34,9
72,2,10,14.16,9
73,2,10,13.96,9
74,2,10,13.44,9
75,2,10,14.68,9
76,2,10,14.34,9
77,2,10,14.58,9
78,2,10,13.7,9
79,2,10,13.64,9
80,2,10,13.76,9
81,2,10,13.82,9
82,2,10,14.12,8
83,2,10,13.98,8
84,2,10,13.0,8
85,2,10,13.74,8
86,2,10,14.3,8
87,2,10,13.16,8
88,2,10,13.42,8
89,2,10,13.3,8
90,2,10,12.92,8
91,2,10,13.98,8
92,2,10,14.24,8
93,2,10,13.76,8
94,2,10,13.86,8
95,2,10,13.32,8
96,2,10,13.04,7
97,2,10,12.58,7
98,2,10,12.88,7
99,2,10,12.16,6
100,2,10,13.0,6
101,2,10,12.54,6
102,2,10,12.52,6
103,2,10,12.02,6
104,2,10,11.44,6
105,2,10,11.56,6
106,2,10,11.82,6
107,2,10,13.3,6
108,2,10,13.02,5
109,2,10,11.74,5
110,2,10,11.42,5
111,2,10,10.84,4
112,2,10,10.06,4
113,2,10,8.9,4
114,2,10,9.1,4
115,2,10,9.78,4
116,2,10,9.82,4
117,2,10,10.28,4
118,2,10,9.7,4
119,2,10,9.2,4
120,2,10,10.14,4
121,2,10,10.0,4
122,2,10,11.14,4
123,2,10,10.6,4
124,2,10,10.7,4
125,2,10,10.64,4
126,2,10,10.2,4
127,2,10,10.9,4
128,2,10,10.14,4
129,2,10,10.06,4
130,2,10,10.16,4
131,2,10,10.32,4
132,2,10,10.4,4
133,2,10,9.8,4
134,2,10,9.92,4
135,2,10,10.5,4
136,2,10,10.68,4
137,2,10,11.86,4
138,2,10,10.88,4
139,2,10,11.14,4
140,2,10,10.5,4
141,2,10,10.58,4
142,2,10,10.34,4
143,2,10,11.54,4
144,2,10,11.44,4
145,2,10,10.6,4
146,2,10,10.74,4
147,2,10,10.72,4
148,2,10,11.0,4
149,2,10,11.22,4
150,2,10,10.46,4
151,2,10,11.16,4
152,2,10,10.52,4
153,2,10,11.0,4
154,2,10,10.12,4
155,2,10,10.9,4
156,2,10,10.0,3
157,2,10,9.66,3
158,2,10,9.8,3
159,2,10,9.7,3
160,2,10,9.26,3
161,2,10,9.46,3
162,2,10,8.7,3
163,2,10,10.04,3
164,2,10,9.56,3
165,2,10,9.4,3
166,2,10,10.66,3
167,2,10,9.42,3
168,2,10,9.58,3
169,2,10,9.24,3
170,2,10,8.4,3
171,2,10,8.62,3
172,2,10,8.7,3
173,2,10,9.58,3
174,2,10,8.76,3
175,2,10,8.78,3
176,2,10,8.86,3
177,2,10,8.64,3
178,2,10,8.86,3
179,2,10,9.88,3
180,2,10,9.8,3
181,2,10,8.92,3
182,2,10,9.26,3
183,2,10,9.52,3
184,2,10,10.86,3
185,2,10,9.78,3
186,2,10,10.66,3
187,2,10,10.94,3
188,2,10,10.66,3
189,2,10,10.88,3
190,2,10,11.58,3
191,2,10,10.46,3
192,2,10,11.28,3
193,2,10,10.04,3
194,2,10,10.08,3
195,2,10,9.72,3
196,2,10,9.94,3
197,2,10,8.62,3
198,2,10,9.34,3
199,2,10,9.8,3
200,2,10,9.72,3
201,2,10,8.0,3
202,2,10,9.2,3
203,2,10,9.72,3
204,2,10,10.04,3
205,2,10,9.46,3
206,2,10,8.7,3
207,2,10,8.72,3
208,2,10,9.24,3
209,2,10,8.72,3
210,2,10,9.66,3
211,2,10,9.36,3
212,2,10,10.34,3
213,2,10,10.22,3
214,2,10,9.92,3
215,2,10,11.04,3
216,2,10,10.12,3
217,2,10,10.5,3
218,2,10,8.58,3
219,2,10,8.04,3
220,2,10,9.3,3
221,2,10,10.34,3
222,2,10,9.36,3
223,2,10,9.98,3
224,2,10,10.96,3
225,2,10,9.46,3
226,2,10,9.32,3
227,2,10,9.98,3
228,2,10,9.22,3
229,2,10,9.16,3
230,2,10,8.88,3
231,2,10,9.2,3
232,2,10,9.64,3
233,2,10,9.28,3
234,2,10,10.24,3
235,2,10,9.98,3
236,2,10,9.58,3
237,2,10,10.1,3
238,2,10,9.98,3
239,2,10,9.1,3
240,2,10,10.44,3
241,2,10,9.76,3
242,2,10,10.16,3
243,2,10,11.38,3
244,2,10,10.06,3
245,2,10,9.48,3
246,2,10,9.78,3
247,2,10,9.82,3
248,2,10,10.26,3
249,2,10,9.8,3
250,2,10,9.8,3
251,2,10,9.62,3
252,2,10,8.32,3
253,2,10,8.8,3
254,2,10,9.66,3
255,2,10,9.62,3
256,2,10,9.46,3
257,2,10,9.54,3
258,2,10,8.96,3
259,2,10,9.68,3
260,2,10,9.42,3
261,2,10,9.76,3
262,2,10,9.66,3
263,2,10,9.58,3
264,2,10,10.04,3
265,2,10,9.72,3
266,2,10,8.42,3
267,2,10,8.72,3
268,2,10,9.3,3
269,2,10,8.84,3
270,2,10,9.96,3
271,2,10,8.72,3
272,2,10,9.08,3
273,2,10,9.12,3
274,2,10,9.54,3
275,2,10,9.6,3
276,2,10,9.84,3
277,2,10,9.62,3
278,2,10,9.98,3
279,2,10,9.36,3
280,2,10,9.8,3
281,2,10,10.26,3
282,2,10,10.32,3
283,2,10,10.18,3
284,2,10,10.24,3
285,2,10,9.8,3
286,2,10,8.7,3
287,2,10,8.64,3
288,2,10,9.38,3
289,2,10,9.7,3
290,2,10,10.62,3
291,2,10,9.58,3
292,2,10,9.26,3
293,2,10,10.1,3
294,2,10,9.82,3
295,2,10,10.58,3
296,2,10,9.18,3
297,2,10,9.28,3
298,2,10,9.08,3
299,2,10,9.92,3
300,2,10,9.62,3
301,2,10,8.92,3
302,2,10,9.84,3
303,2,10,10.02,3
304,2,10,10.46,2
305,2,10,9.4,2
306,2,10,9.38,2
307,2,10,8.64,2
308,2,10,9.24,2
309,2,10,8.22,2
310,2,10,8.32,2
311,2,10,8.58,2
312,2,10,8.24,2
313,2,10,7.86,2
314,2,10,8.2,2
315,2,10,9.44,2
316,2,10,8.56,2
317,2,10,8.6,2
318,2,10,7.88,2
319,2,10,9.4,2
320,2,10,8.22,2
321,2,10,9.06,2
322,2,10,9.82,2
323,2,10,9.9,2
324,2,10,9.7,2
325,2,10,8.92,2
326,2,10,8.86,2
327,2,10,9.72,2
328,2,10,8.92,2
329,2,10,9.32,2
330,2,10,8.28,2
331,2,10,9.36,2
332,2,10,7.78,2
333,2,10,9.52,2
334,2,10,9.72,2
335,2,10,9.04,2
336,2,10,8.52,2
337,2,10,9.96,2
338,2,10,8.7,2
339,2,10,8.46,2
340,2,10,9.12,2
341,2,10,9.36,2
342,2,10,9.08,2
343,2,10,9.16,2
344,2,10,7.38,2
345,2,10,8.6,2
346,2,10,8.58,2
347,2,10,8.9,2
348,2,10,7.62,2
349,2,10,8.16,2
350,2,10,7.76,2
351,2,10,8.46,2
352,2,10,8.32,2
353,2,10,8.84,2
354,2,10,8.76,2
355,2,10,9.0,2
356,2,10,8.7,2
357,2,10,8.6,2
358,2,10,8.04,2
359,2,10,8.22,2
360,2,10,7.98,2
361,2,10,7.74,2
362,2,10,9.18,2
363,2,10,9.04,2
364,2,10,9.26,2
365,2,10,9.12,2
366,2,10,9.76,2
367,2,10,10.14,2
368,2,10,8.8,2
369,2,10,8.88,2
370,2,10,8.88,2
371,2,10,10.28,2
372,2,10,7.9,2
373,2,10,8.3,2
374,2,10,9.28,2
375,2,10,8.68,2
376,2,10,8.46,2
377,2,10,7.84,2
378,2,10,9.48,2
379,2,10,9.86,2
380,2,10,10.02,2
381,2,10,10.94,2
382,2,10,8.82,2
383,2,10,10.0,2
384,2,10,8.68,2
385,2,10,7.9,2
386,2,10,8.78,2
387,2,10,7.88,2
388,2,10,8.06,2
389,2,10,8.2,2
390,2,10,8.1,2
391,2,10,9.04,2
392,2,10,9.2,2
393,2,10,9.56,2
394,2,10,8.0,2
395,2,10,8.64,2
396,2,10,8.48,2
397,2,10,9.12,2
398,2,10,8.96,2
399,2,10,8.52,2
400,2,10,9.08,2
401,2,10,9.78,2
402,2,10,9.76,2
403,2,10,9.14,2
404,2,10,8.38,2
405,2,10,8.36,2
406,2,10,7.98,2
407,2,10,8.64,2
408,2,10,8.22,2
409,2,10,7.82,2
410,2,10,8.08,2
411,2,10,8.48,2
412,2,10,8.66,2
413,2,10,7.68,2
414,2,10,8.1,2
415,2,10,8.32,2
416,2,10,8.9,2
417,2,10,9.14,2
418,2,10,9.54,2
419,2,10,9.64,2
420,2,10,9.04,2
421,2,10,9.58,2
422,2,10,9.18,2
423,2,10,9.42,2
424,2,10,8.24,1
425,2,10,8.76,1
426,2,10,8.7,1
427,2,10,8.78,1
428,2,10,9.4,1
429,2,10,8.54,1
430,2,10,9.1,1
431,2,10,8.04,1
432,2,10,9.48,1
433,2,10,8.9,1
434,2,10,6.86,1
435,2,10,7.02,1
436,2,10,7.4,1
437,2,10,7.68,1
438,2,10,8.12,1
439,2,10,8.76,1
440,2,10,8.94,1
441,2,10,8.48,1
442,2,10,7.62,1
443,2,10,7.06,1
444,2,10,7.2,1
445,2,10,7.28,1
446,2,10,8.6,1
447,2,10,8.18,1
448,2,10,7.88,1
449,2,10,8.2,1
450,2,10,7.8,1
451,2,10,8.2,1
452,2,10,7.6,1
453,2,10,7.62,1
454,2,10,7.1,1
455,2,10,7.06,1
456,2,10,7.96,1
457,2,10,8.12,1
458,2,10,7.94,1
459,2,10,7.4,1
460,2,10,7.22,1
461,2,10,8.04,1
462,2,10,7.94,1
463,2,10,8.32,1
464,2,10,8.68,1
465,2,10,8.88,1
466,2,10,8.54,1
467,2,10,8.64,1
468,2,10,8.62,1
469,2,10,7.1,1
470,2,10,7.9,1
471,2,10,9.34,1
472,2,10,8.58,1
473,2,10,8.96,1
474,2,10,8.68,1
475,2,10,7.24,1
476,2,10,7.2,1
477,2,10,7.9,1
478,2,10,7.56,1
479,2,10,7.34,1
480,2,10,8.08,1
481,2,10,7.68,1
482,2,10,8.28,1
483,2,10,7.64,1
484,2,10,8.14,1
485,2,10,8.12,1
486,2,10,7.56,1
487,2,10,8.08,1
488,2,10,7.78,1
489,2,10,6.38,1
490,2,10,7.6,1
491,2,10,8.08,1
492,2,10,7.76,1
493,2,10,8.96,1
494,2,10,7.64,1
495,2,10,9.16,1
496,2,10,8.8,1
497,2,10,8.48,1
498,2,10,8.54,1
499,2,10,7.78,1
500,2,10,8.12,1
501,2,10,9.48,1
502,2,10,8.9,1
503,2,10,8.04,1
504,2,10,7.12,1
505,2,10,8.26,1
506,2,10,7.66,1
507,2,10,8.84,1
508,2,10,7.74,1
509,2,10,7.66,1
510,2,10,7.92,1
511,2,10,8.06,1
512,2,10,7.62,1
513,2,10,7.86,1
514,2,10,8.3,1
515,2,10,7.74,1
516,2,10,8.34,1
517,2,10,8.28,1
518,2,10,8.36,1
519,2,10,8.44,1
520,2,10,8.0,1
521,2,10,8.98,1
522,2,10,8.26,1
523,2,10,7.14,1
524,2,10,8.16,1
525,2,10,8.9,1
526,2,10,8.26,1
527,2,10,8.68,1
528,2,10,9.24,1
529,2,10,8.26,1
530,2,10,7.5,1
531,2,10,8.18,1
532,2,10,8.66,1
533,2,10,8.0,1
534,2,10,7.54,1
535,2,10,6.94,1
536,2,10,8.34,1
537,2,10,8.38,1
538,2,10,7.54,1
539,2,10,7.4,1
540,2,10,7.14,1
541,2,10,7.44,1
542,2,10,8.68,1
543,2,10,7.4,1
544,2,10,7.8,1
545,2,10,7.88,1
546,2,10,7.48,1
547,2,10,8.3,1
548,2,10,8.36,1
549,2,10,8.3,1
550,2,10,7.64,1
551,2,10,8.12,1
552,2,10,7.38,1
553,2,10,7.72,1
554,2,10,8.96,1
555,2,10,8.24,1
556,2,10,7.42,1
557,2,10,7.84,1
558,2,10,8.08,1
559,2,10,7.58,1
560,2,10,8.56,1
561,2,10,8.78,1
562,2,10,9.42,1
563,2,10,8.96,1
564,2,10,8.88,1
565,2,10,8.74,1
566,2,10,8.74,1
567,2,10,8.64,1
568,2,10,8.64,1
569,2,10,7.9,1
570,2,10,7.7,1
571,2,10,8.58,1
572,2,10,8.8,1
573,2,10,6.72,1
574,2,10,7.88,1
575,2,10,8.66,1
576,2,10,7.3,1
577,2,10,8.5,1
578,2,10,8.32,1
579,2,10,8.62,1
580,2,10,7.0,1
581,2,10,9.08,1
582,2,10,7.68,1
583,2,10,8.38,1
584,2,10,7.56,1
585,2,10,7.6,1
586,2,10,7.68,1
587,2,10,7.5,1
588,2,10,8.12,1
589,2,10,8.52,1
590,2,10,7.92,1
591,2,10,9.06,1
592,2,10,9.08,1
593,2,10,7.18,1
594,2,10,8.22,1
595,2,10,8.26,1
596,2,10,7.08,1
597,2,10,6.8,1
598,2,10,7.44,1
599,2,10,7.44,1
600,2,10,8.66,1
601,2,10,8.02,1
602,2,10,8.78,1
603,2,10,7.2,1
604,2,10,7.8,1
605,2,10,7.22,1
606,2,10,7.38,1
607,2,10,7.32,1
608,2,10,8.46,1
609,2,10,10.04,1
610,2,10,8.78,1
611,2,10,8.56,1
612,2,10,8.58,1
613,2,10,8.28,1
614,2,10,7.92,1
615,2,10,8.14,1
616,2,10,7.62,1
617,2,10,8.02,1
618,2,10,8.62,1
619,2,10,8.3,1
620,2,10,8.48,1
621,2,10,8.8,1
622,2,10,7.36,1
623,2,10,8.6,1
624,2,10,8.28,1
625,2,10,9.48,1
626,2,10,8.66,1
627,2,10,8.56,1
628,2,10,6.84,1
629,2,10,6.7,1
630,2,10,7.54,1
631,2,10,8.34,1
632,2,10,7.6,1
633,2,10,7.9,1
634,2,10,7.52,1
635,2,10,7.48,1
636,2,10,6.78,1
637,2,10,6.92,1
638,2,10,7.2,1
639,2,10,7.24,1
640,2,10,7.38,1
641,2,10,6.58,1
642,2,10,6.54,1
643,2,10,7.06,1
644,2,10,8.64,1
645,2,10,9.12,1
646,2,10,8.8,1
647,2,10,8.44,1
648,2,10,7.66,1
649,2,10,8.24,1
650,2,10,8.62,1
651,2,10,8.22,1
652,2,10,8.14,1
653,2,10,8.22,1
654,2,10,7.0,1
655,2,10,7.98,1
656,2,10,8.04,1
657,2,10,6.68,1
658,2,10,8.32,1
659,2,10,6.88,1
660,2,10,6.68,1
661,2,10,7.3,1
662,2,10,8.68,1
663,2,10,9.42,1
664,2,10,9.92,1
665,2,10,8.9,1
666,2,10,9.36,1
667,2,10,8.9,1
668,2,10,8.9,1
669,2,10,7.4,1
670,2,10,8.18,1
671,2,10,9.04,1
672,2,10,9.12,1
673,2,10,9.02,1
674,2,10,9.14,1
675,2,10,7.5,1
676,2,10,7.7,1
677,2,10,6.78,1
678,2,10,6.58,1
679,2,10,6.66,1
680,2,10,7.88,1
681,2,10,6.9,1
682,2,10,7.28,1
683,2,10,7.44,1
684,2,10,6.96,1
685,2,10,8.4,1
686,2,10,7.62,1
687,2,10,8.12,1
688,2,10,9.42,1
689,2,10,8.64,1
690,2,10,7.02,1
691,2,10,6.94,1
692,2,10,7.08,1
693,2,10,6.32,1
694,2,10,7.36,1
695,2,10,7.9,1
696,2,10,7.22,1
697,2,10,6.52,1
698,2,10,7.3,1
699,2,10,7.46,1
700,2,10,6.68,1
701,2,10,7.66,1
702,2,10,8.56,1
703,2,10,8.24,1
704,2,10,7.84,1
705,2,10,8.2,1
706,2,10,6.76,1
707,2,10,6.74,1
708,2,10,7.18,1
709,2,10,7.44,1
710,2,10,8.16,1
711,2,10,6.12,1
712,2,10,7.14,1
713,2,10,9.1,1
714,2,10,8.38,1
715,2,10,7.46,1
716,2,10,8.46,1
717,2,10,8.62,1
718,2,10,8.56,1
719,2,10,7.54,1
720,2,10,7.72,1
721,2,10,7.6,1
722,2,10,7.8,1
723,2,10,7.92,1
724,2,10,7.24,1
725,2,10,8.08,1
726,2,10,8.22,1
727,2,10,7.9,1
728,2,10,7.54,1
729,2,10,7.3,1
730,2,10,7.52,1
731,2,10,7.06,1
732,2,10,7.5,1
733,2,10,6.98,1
734,2,10,7.96,1
735,2,10,7.6,1
736,2,10,7.28,1
737,2,10,6.72,1
738,2,10,7.02,1
739,2,10,6.84,1
740,2,10,7.44,1
741,2,10,7.7,1
742,2,10,8.28,1
743,2,10,8.2,1
744,2,10,7.72,1
745,2,10,8.08,1
746,2,10,8.28,1
747,2,10,7.92,1
748,2,10,8.02,1
749,2,10,7.66,1
750,2,10,6.8,1
751,2,10,7.94,1
752,2,10,7.64,1
753,2,10,8.32,1
754,2,10,7.7,1
755,2,10,8.78,1
756,2,10,8.9,1
757,2,10,7.68,1
758,2,10,8.68,1
759,2,10,9.4,1
760,2,10,9.12,1
761,2,10,7.68,1
762,2,10,6.82,1
763,2,10,7.1,1
764,2,10,8.28,1
765,2,10,8.42,1
766,2,10,8.58,1
767,2,10,8.12,1
768,2,10,8.56,1
769,2,10,7.72,1
770,2,10,7.74,1
771,2,10,7.64,1
772,2,10,7.18,1
773,2,10,7.08,1
774,2,10,7.5,1
775,2,10,7.42,1
776,2,10,6.5,1
777,2,10,6.82,1
778,2,10,8.04,1
779,2,10,8.24,1
780,2,10,7.8,1
781,2,10,6.92,1
782,2,10,8.02,1
783,2,10,8.74,1
784,2,10,8.38,1
785,2,10,9.02,1
786,2,10,8.36,1
787,2,10,8.1,1
788,2,10,8.42,1
789,2,10,8.96,1
790,2,10,8.08,1
791,2,10,7.28,1
792,2,10,6.96,1
793,2,10,7.7,1
794,2,10,7.14,1
795,2,10,6.58,1
796,2,10,7.68,1
797,2,10,8.06,1
798,2,10,8.62,1
799,2,10,7.78,1
800,2,10,7.68,1
801,2,10,7.84,1
802,2,10,8.76,1
803,2,10,8.9,1
804,2,10,8.54,1
805,2,10,7.88,1
806,2,10,8.18,1
807,2,10,8.54,1
808,2,10,8.7,1
809,2,10,8.24,1
810,2,10,8.14,1
811,2,10,9.0,1
812,2,10,8.06,1
813,2,10,7.06,1
814,2,10,7.04,1
815,2,10,5.96,1
816,2,10,7.18,1
817,2,10,7.28,1
818,2,10,8.22,1
819,2,10,7.44,1
820,2,10,7.76,1
821,2,10,7.78,1
822,2,10,8.36,1
823,2,10,8.58,1
824,2,10,7.88,1
825,2,10,7.62,1
826,2,10,7.7,1
827,2,10,8.58,1
828,2,10,8.54,1
829,2,10,7.34,1
830,2,10,7.52,1
831,2,10,8.14,1
832,2,10,7.36,1
833,2,10,7.14,1
834,2,10,6.98,1
835,2,10,6.66,1
836,2,10,6.92,1
837,2,10,8.02,1
838,2,10,7.96,1
839,2,10,6.94,1
840,2,10,7.64,1
841,2,10,8.24,1
842,2,10,7.64,1
843,2,10,8.42,1
844,2,10,8.62,1
845,2,10,8.0,1
846,2,10,7.9,1
847,2,10,8.32,1
848,2,10,7.92,1
849,2,10,6.6,1
850,2,10,7.66,1
851,2,10,7.82,1
852,2,10,7.92,1
853,2,10,7.98,1
854,2,10,8.8,1
855,2,10,7.5,1
856,2,10,9.14,1
857,2,10,8.58,1
858,2,10,8.54,1
859,2,10,8.64,1
860,2,10,8.5,1
861,2,10,8.22,1
862,2,10,8.5,1
863,2,10,8.92,1
864,2,10,7.88,1
865,2,10,7.74,1
866,2,10,7.76,1
867,2,10,7.98,1
868,2,10,7.84,1
869,2,10,7.26,1
870,2,10,7.66,1
871,2,10,7.96,1
872,2,10,8.26,1
873,2,10,8.06,1
874,2,10,7.94,1
875,2,10,7.9,1
876,2,10,7.56,1
877,2,10,7.76,1
878,2,10,7.94,1
879,2,10,8.86,1
880,2,10,8.08,1
881,2,10,7.5,1
882,2,10,7.92,1
883,2,10,8.3,1
884,2,10,8.44,1
885,2,10,8.08,1
886,2,10,7.78,1
887,2,10,8.28,1
888,2,10,7.88,1
889,2,10,7.18,1
890,2,10,6.9,1
891,2,10,7.2,1
892,2,10,8.02,1
893,2,10,7.64,1
894,2,10,7.4,1
895,2,10,8.12,1
896,2,10,7.38,1
897,2,10,8.22,1
898,2,10,8.82,1
899,2,10,8.12,1
900,2,10,7.88,1
901,2,10,7.62,0
0,3,10,58.3,45
1,3,10,51.96,36
2,3,10,46.32,34
3,3,10,39.4,31
4,3,10,36.04,30
5,3,10,33.66,29
6,3,10,32.52,28
7,3,10,31.38,26
8,3,10,30.34,25
9,3,10,28.64,24
10,3,10,29.9,23
11,3,10,29.2,22
12,3,10,27.3,21
13,3,10,25.0,20
14,3,10,24.94,20
15,3,10,24.88,20
16,3,10,24.16,19
17,3,10,23.82,19
18,3,10,23.24,19
19,3,10,22.88,16
20,3,10,22.74,16
21,3,10,21.48,16
22,3,10,21.38,16
23,3,10,20.72,16
24,3,10,21.0,16
25,3,10,20.5,16
26,3,10,20.66,16
27,3,10,21.34,15
28,3,10,20.8,15
29,3,10,20.56,15
30,3,10,19.32,15
31,3,10,20.92,13
32,3,10,18.6,13
33,3,10,17.94,13
34,3,10,17.94,13
35,3,10,18.62,13
36,3,10,18.62,13
37,3,10,17.84,13
38,3,10,17.46,13
39,3,10,17.9,13
40,3,10,17.42,13
41,3,10,18.48,13
42,3,10,17.38,13
43,3,10,16.82,13
44,3,10,17.44,13
45,3,10,17.52,13
46,3,10,17.58,13
47,3,10,17.44,13
48,3,10,17.48,13
49,3,10,17.48,13
50,3,10,17.6,13
51,3,10,17.18,13
52,3,10,17.58,13
53,3,10,17.66,12
54,3,10,18.14,12
55,3,10,17.66,12
56,3,10,17.4,12
57,3,10,17.14,12
58,3,10,17.0,12
59,3,10,17.6,12
60,3,10,17.96,12
61,3,10,18.34,12
62,3,10,18.42,12
63,3,10,17.56,12
64,3,10,16.86,12
65,3,10,16.94,12
66,3,10,17.6,12
67,3,10,17.02,12
68,3,10,17.42,12
69,3,10,17.58,12
70,3,10,17.42,12
71,3,10,16.88,11
72,3,10,16.86,11
73,3,10,16.66,11
74,3,10,16.62,11
75,3,10,16.86,11
76,3,10,15.7,11
77,3,10,15.3,11
78,3,10,15.62,11
79,3,10,16.3,11
80,3,10,16.28,11
81,3,10,16.0,11
82,3,10,15.9,11
83,3,10,16.44,11
84,3,10,16.36,10
85,3,10,16.2,10
86,3,10,16.32,10
87,3,10,16.42,10
88,3,10,15.68,10
89,3,10,15.56,10
90,3,10,16.34,10
91,3,10,16.42,10
92,3,10,14.82,10
93,3,10,15.4,10
94,3,10,15.9,10
95,3,10,16.64,10
96,3,10,14.9,10
97,3,10,16.0,10
98,3,10,16.08,10
99,3,10,16.1,10
100,3,10,15.48,10
101,3,10,15.18,10
102,3,10,15.72,10
103,3,10,15.74,10
104,3,10,15.42,10
105,3,10,15.44,10
106,3,10,14.82,10
107,3,10,15.64,10
108,3,10,14.92,10
109,3,10,15.34,10
110,3,10,15.4,10
111,3,10,15.24,10
112,3,10,15.2,10
113,3,10,14.9,10
114,3,10,14.94,9
115,3,10,15.3,9
116,3,10,15.58,9
117,3,10,14.68,9
118,3,10,14.64,9
119,3,10,15.2,7
120,3,10,15.24,7
121,3,10,14.4,7
122,3,10,14.08,7
123,3,10,14.24,7
124,3,10,14.08,7
125,3,10,14.34,7
126,3,10,14.0,7
127,3,10,13.08,7
128,3,10,13.44,7
129,3,10,13.22,7
130,3,10,13.1,7
131,3,10,11.28,7
132,3,10,12.26,7
133,3,10,12.64,7
134,3,10,12.56,7
135,3,10,12.36,6
136,3,10,11.36,6
137,3,10,11.08,6
138,3,10,11.98,6
139,3,10,12.08,6
140,3,10,11.86,6
141,3,10,12.02,6
142,3,10,13.04,6
143,3,10,12.08,6
144,3,10,12.02,6
145,3,10,13.04,6
146,3,10,12.04,6
147,3,10,12.02,6
148,3,10,11.74,6
149,3,10,12.52,6
150,3,10,12.52,6
151,3,10,12.12,6
152,3,10,11.44,6
153,3,10,11.08,6
154,3,10,10.96,6
155,3,10,12.0,6
156,3,10,12.34,6
157,3,10,10.78,6
158,3,10,11.92,6
159,3,10,11.3,6
160,3,10,12.04,6
161,3,10,12.46,6
162,3,10,13.34,6
163,3,10,12.12,6
164,3,10,12.68,6
165,3,10,11.7,6
166,3,10,12.2,6
167,3,10,11.86,6
168,3,10,11.42,6
169,3,10,11.24,6
170,3,10,11.06,6
171,3,10,12.3,6
172,3,10,13.06,6
173,3,10,13.24,6
174,3,10,13.44,6
175,3,10,12.48,6
176,3,10,12.5,6
177,3,10,12.5,6
178,3,10,11.82,6
179,3,10,12.12,6
180,3,10,12.1,6
181,3,10,12.66,6
182,3,10,12.3,6
183,3,10,12.7,6
184,3,10,13.3,6
185,3,10,12.52,6
186,3,10,13.22,6
187,3,10,11.78,6
188,3,10,11.86,6
189,3,10,11.48,6
190,3,10,11.72,6
191,3,10,11.94,6
192,3,10,11.66,6
193,3,10,11.4,6
194,3,10,12.06,6
195,3,10,11.84,6
196,3,10,11.42,6
197,3,10,12.68,6
198,3,10,11.9,6
199,3,10,11.72,6
200,3,10,12.08,6
201,3,10,11.28,6
202,3,10,11.72,6
203,3,10,12.46,6
204,3,10,12.76,6
205,3,10,13.2,6
206,3,10,12.84,6
207,3,10,12.9,6
208,3,10,12.28,6
209,3,10,12.54,6
210,3,10,12.28,6
211,3,10,12.06,6
212,3,10,11.0,6
213,3,10,12.12,6
214,3,10,12.4,6
215,3,10,12.1,6
216,3,10,12.96,6
217,3,10,13.2,6
218,3,10,11.04,6
219,3,10,11.42,6
220,3,10,11.44,6
221,3,10,10.8,6
222,3,10,10.58,6
223,3,10,11.3,6
224,3,10,11.24,6
225,3,10,11.5,6
226,3,10,12.1,6
227,3,10,12.06,6
228,3,10,12.36,6
229,3,10,11.08,6
230,3,10,12.34,6
231,3,10,11.52,6
232,3,10,12.76,6
233,3,10,12.88,6
234,3,10,12.2,6
235,3,10,12.4,6
236,3,10,13.02,6
237,3,10,13.22,6
238,3,10,11.92,6
239,3,10,12.32,6
240,3,10,12.52,6
241,3,10,12.76,6
242,3,10,13.32,6
243,3,10,11.28,5
244,3,10,10.82,5
245,3,10,11.36,5
246,3,10,11.06,5
247,3,10,11.34,5
248,3,10,11.02,5
249,3,10,10.42,5
250,3,10,11.34,5
251,3,10,11.46,5
252,3,10,12.56,5
253,3,10,12.12,5
254,3,10,12.22,5
255,3,10,10.82,5
256,3,10,11.42,5
257,3,10,10.6,5
258,3,10,10.74,5
259,3,10,11.78,5
260,3,10,12.34,5
261,3,10,12.18,5
262,3,10,11.86,5
263,3,10,11.84,5
264,3,10,12.54,5
265,3,10,12.72,5
266,3,10,11.26,5
267,3,10,11.24,5
268,3,10,10.7,5
269,3,10,10.54,5
270,3,10,11.26,5
271,3,10,11.04,5
272,3,10,10.72,5
273,3,10,11.18,5
274,3,10,11.22,5
275,3,10,10.3,5
276,3,10,10.9,5
277,3,10,11.1,5
278,3,10,10.68,5
279,3,10,11.74,5
280,3,10,11.86,5
281,3,10,10.9,5
282,3,10,11.78,5
283,3,10,12.04,5
284,3,10,12.02,5
285,3,10,11.48,5
286,3,10,10.7,5
287,3,10,10.28,5
288,3,10,10.82,5
289,3,10,10.7,5
290,3,10,11.06,5
291,3,10,10.4,5
292,3,10,10.66,5
293,3,10,11.56,5
294,3,10,12.04,5
295,3,10,12.6,5
296,3,10,12.2,5
297,3,10,11.12,5
298,3,10,10.96,5
299,3,10,11.32,5
300,3,10,12.32,5
301,3,10,12.34,5
302,3,10,11.34,5
303,3,10,11.38,5
304,3,10,11.02,5
305,3,10,10.62,5
306,3,10,11.82,5
307,3,10,12.08,5
308,3,10,11.42,5
309,3,10,10.46,5
310,3,10,11.02,5
311,3,10,10.86,5
312,3,10,11.14,5
313,3,10,10.44,5
314,3,10,10.86,5
315,3,10,10.68,5
316,3,10,12.44,5
317,3,10,11.7,5
318,3,10,11.12,5
319,3,10,11.14,5
320,3,10,10.9,5
321,3,10,11.26,5
322,3,10,10.66,5
323,3,10,11.72,5
324,3,10,11.38,5
325,3,10,10.12,5
326,3,10,10.8,5
327,3,10,10.24,5
328,3,10,11.22,5
329,3,10,10.52,5
330,3,10,11.04,5
331,3,10,11.18,5
332,3,10,10.98,5
333,3,10,12.36,5
334,3,10,12.82,5
335,3,10,13.06,5
336,3,10,12.38,5
337,3,10,12.66,5
338,3,10,12.6,5
339,3,10,12.06,5
340,3,10,11.74,5
341,3,10,11.48,5
342,3,10,11.22,5
343,3,10,11.84,5
344,3,10,11.8,5
345,3,10,10.9,5
346,3,10,10.34,5
347,3,10,10.68,5
348,3,10,12.08,5
349,3,10,12.1,5
350,3,10,12.52,5
351,3,10,12.44,5
352,3,10,11.9,5
353,3,10,12.46,5
354,3,10,12.16,5
355,3,10,12.02,5
356,3,10,11.66,5
357,3,10,11.34,5
358,3,10,11.92,5
359,3,10,12.2,5
360,3,10,12.12,5
361,3,10,12.16,5
362,3,10,11.26,5
363,3,10,11.14,5
364,3,10,11.86,5
365,3,10,11.38,5
366,3,10,10.1,5
367,3,10,11.44,5
368,3,10,11.24,5
369,3,10,10.9,5
370,3,10,10.56,5
371,3,10,10.86,5
372,3,10,11.42,5
373,3,10,11.98,5
374,3,10,12.46,5
375,3,10,12.04,5
376,3,10,10.74,5
377,3,10,12.0,5
378,3,10,10.22,5
379,3,10,11.3,5
380,3,10,10.36,5
381,3,10,10.16,5
382,3,10,11.02,5
383,3,10,10.32,5
384,3,10,11.78,5
385,3,10,10.92,5
386,3,10,11.36,5
387,3,10,10.8,5
388,3,10,10.72,5
389,3,10,11.0,5
390,3,10,12.02,5
391,3,10,12.64,5
392,3,10,12.02,5
393,3,10,10.46,5
394,3,10,11.4,5
395,3,10,11.84,5
396,3,10,11.76,5
397,3,10,11.86,5
398,3,10,10.94,5
399,3,10,11.32,5
400,3,10,11.02,5
401,3,10,11.8,5
402,3,10,11.24,5
403,3,10,10.82,5
404,3,10,10.68,5
405,3,10,10.54,5
406,3,10,10.56,5
407,3,10,12.06,5
408,3,10,11.68,5
409,3,10,12.38,5
410,3,10,11.62,5
411,3,10,12.42,5
412,3,10,11.8,5
413,3,10,11.68,5
414,3,10,10.76,5
415,3,10,10.86,5
416,3,10,11.08,5
417,3,10,11.56,5
418,3,10,11.82,5
419,3,10,11.3,5
420,3,10,10.92,5
421,3,10,10.92,5
422,3,10,10.54,5
423,3,10,11.96,5
424,3,10,11.02,5
425,3,10,12.06,5
426,3,10,11.78,5
427,3,10,11.2,5
428,3,10,10.62,5
429,3,10,11.16,5
430,3,10,11.16,5
431,3,10,11.62,5
432,3,10,11.3,5
433,3,10,11.28,5
434,3,10,11.36,5
435,3,10,11.96,5
436,3,10,10.6,5
437,3,10,9.5,5
438,3,10,11.08,5
439,3,10,11.1,5
440,3,10,11.1,5
441,3,10,10.8,5
442,3,10,11.66,5
443,3,10,11.02,5
444,3,10,11.74,5
445,3,10,11.7,5
446,3,10,11.18,5
447,3,10,11.66,5
448,3,10,11.44,5
449,3,10,11.24,5
450,3,10,10.58,5
451,3,10,10.44,5
452,3,10,11.08,5
453,3,10,11.36,5
454,3,10,11.0,5
455,3,10,11.46,5
456,3,10,11.58,5
457,3,10,11.38,5
458,3,10,11.34,5
459,3,10,10.8,5
460,3,10,11.72,5
461,3,10,11.04,5
462,3,10,11.24,5
463,3,10,10.6,5
464,3,10,10.5,5
465,3,10,10.44,5
466,3,10,10.24,5
467,3,10,11.26,5
468,3,10,11.5,5
469,3,10,10.96,5
470,3,10,10.72,5
471,3,10,10.24,5
472,3,10,11.32,5
473,3,10,11.18,5
474,3,10,11.82,5
475,3,10,12.42,5
476,3,10,12.08,5
477,3,10,11.58,5
478,3,10,10.48,5
479,3,10,12.2,5
480,3,10,11.68,5
481,3,10,11.6,5
482,3,10,11.6,5
483,3,10,11.74,5
484,3,10,10.94,5
485,3,10,11.54,5
486,3,10,11.46,5
487,3,10,11.26,5
488,3,10,11.9,5
489,3,10,10.92,5
490,3,10,10.84,5
491,3,10,10.26,5
492,3,10,10.16,5
493,3,10,10.84,5
494,3,10,11.48,5
495,3,10,10.22,5
496,3,10,11.56,5
497,3,10,11.0,5
498,3,10,11.34,5
499,3,10,11.78,5
500,3,10,11.74,5
501,3,10,10.94,5
502,3,10,12.02,5
503,3,10,11.62,5
504,3,10,12.54,5
505,3,10,10.84,5
506,3,10,11.74,5
507,3,10,11.54,5
508,3,10,10.22,5
509,3,10,10.04,5
510,3,10,9.62,5
511,3,10,10.06,5
512,3,10,9.88,5
513,3,10,11.68,5
514,3,10,12.06,5
515,3,10,11.72,5
516,3,10,11.6,5
517,3,10,12.34,5
518,3,10,11.84,5
519,3,10,11.04,5
520,3,10,11.74,5
521,3,10,11.62,5
522,3,10,10.7,5
523,3,10,11.3,5
524,3,10,10.52,5
525,3,10,10.36,5
526,3,10,10.72,5
527,3,10,10.64,5
528,3,10,10.78,5
529,3,10,10.96,5
530,3,10,10.58,5
531,3,10,10.94,5
532,3,10,11.5,5
533,3,10,12.18,5
534,3,10,12.82,5
535,3,10,12.46,5
536,3,10,11.78,5
537,3,10,12.36,5
538,3,10,12.54,5
539,3,10,12.28,5
540,3,10,11.54,5
541,3,10,12.1,5
542,3,10,11.26,5
543,3,10,11.38,5
544,3,10,11.76,5
545,3,10,12.24,5
546,3,10,11.46,5
547,3,10,11.5,5
548,3,10,11.18,5
549,3,10,11.4,5
550,3,10,11.32,5
551,3,10,11.54,5
552,3,10,12.42,5
553,3,10,12.0,5
554,3,10,11.68,5
555,3,10,11.8,5
556,3,10,12.58,5
557,3,10,12.18,5
558,3,10,12.26,5
559,3,10,11.84,5
560,3,10,12.08,5
561,3,10,11.16,5
562,3,10,11.7,5
563,3,10,10.82,5
564,3,10,10.82,5
565,3,10,11.02,5
566,3,10,11.3,5
567,3,10,10.74,5
568,3,10,11.6,5
569,3,10,11.42,5
570,3,10,11.0,5
571,3,10,11.76,5
572,3,10,11.74,5
573,3,10,11.16,5
574,3,10,10.74,5
575,3,10,10.38,5
576,3,10,10.22,5
577,3,10,10.66,5
578,3,10,11.98,5
579,3,10,10.96,5
580,3,10,11.16,5
581,3,10,10.4,5
582,3,10,10.26,5
583,3,10,10.6,5
584,3,10,11.82,5
585,3,10,10.64,5
586,3,10,10.68,5
587,3,10,10.22,5
588,3,10,10.48,5
589,3,10,11.02,5
590,3,10,11.34,5
591,3,10,11.42,5
592,3,10,11.88,5
593,3,10,12.08,5
594,3,10,12.02,5
595,3,10,11.26,5
596,3,10,10.44,5
597,3,10,10.82,5
598,3,10,11.02,5
599,3,10,11.54,5
600,3,10,11.94,5
601,3,10,11.44,5
602,3,10,11.54,5
603,3,10,10.6,5
604,3,10,10.36,5
605,3,10,10.92,5
606,3,10,10.82,4
607,3,10,10.66,4
608,3,10,9.92,4
609,3,10,10.6,4
610,3,10,10.56,4
611,3,10,10.34,4
612,3,10,9.8,4
613,3,10,10.52,4
614,3,10,11.2,4
615,3,10,10.22,4
616,3,10,10.78,4
617,3,10,10.54,4
618,3,10,11.34,4
619,3,10,11.32,4
620,3,10,10.16,4
621,3,10,10.4,4
622,3,10,9.9,4
623,3,10,10.0,4
624,3,10,10.2,4
625,3,10,9.56,4
626,3,10,9.66,4
627,3,10,10.06,4
628,3,10,10.06,4
629,3,10,11.56,4
630,3,10,10.62,4
631,3,10,10.18,4
632,3,10,9.5,4
633,3,10,10.96,4
634,3,10,10.76,4
635,3,10,10.92,4
636,3,10,12.22,4
637,3,10,10.78,4
638,3,10,10.54,4
639,3,10,10.86,4
640,3,10,10.84,4
641,3,10,10.22,4
642,3,10,9.58,4
643,3,10,9.06,4
644,3,10,10.02,4
645,3,10,10.66,4
646,3,10,10.0,4
647,3,10,10.88,4
648,3,10,9.84,4
649,3,10,9.78,4
650,3,10,9.52,4
651,3,10,10.64,4
652,3,10,11.32,4
653,3,10,11.56,4
654,3,10,12.36,4
655,3,10,12.12,4
656,3,10,9.96,4
657,3,10,10.22,4
658,3,10,10.06,4
659,3,10,11.26,4
660,3,10,9.92,4
661,3,10,10.34,4
662,3,10,10.44,4
663,3,10,10.36,4
664,3,10,10.86,4
665,3,10,10.1,4
666,3,10,9.02,4
667,3,10,9.58,4
668,3,10,10.58,4
669,3,10,11.06,4
670,3,10,11.12,4
671,3,10,10.88,4
672,3,10,10.66,4
673,3,10,10.74,4
674,3,10,8.78,4
675,3,10,9.82,4
676,3,10,10.46,4
677,3,10,10.86,4
678,3,10,9.88,4
679,3,10,11.0,4
680,3,10,10.74,4
681,3,10,10.34,4
682,3,10,10.08,4
683,3,10,10.56,4
684,3,10,10.16,4
685,3,10,9.94,4
686,3,10,10.66,4
687,3,10,10.54,4
688,3,10,10.72,4
689,3,10,10.78,4
690,3,10,9.54,4
691,3,10,9.7,4
692,3,10,11.22,4
693,3,10,10.62,4
694,3,10,10.76,4
695,3,10,10.32,4
696,3,10,11.08,4
697,3,10,9.86,4
698,3,10,10.52,4
699,3,10,11.64,4
700,3,10,10.0,4
701,3,10,10.58,4
702,3,10,10.42,4
703,3,10,9.64,4
704,3,10,10.38,4
705,3,10,11.22,4
706,3,10,10.62,4
707,3,10,12.0,4
708,3,10,10.92,4
709,3,10,9.38,4
710,3,10,10.84,4
711,3,10,10.38,4
712,3,10,9.92,4
713,3,10,9.74,4
714,3,10,8.8,4
715,3,10,9.76,4
716,3,10,9.72,4
717,3,10,9.1,4
718,3,10,10.52,4
719,3,10,9.04,4
720,3,10,9.48,4
721,3,10,9.28,4
722,3,10,10.64,4
723,3,10,10.72,4
724,3,10,10.6,4
725,3,10,10.42,4
726,3,10,10.58,4
727,3,10,10.16,4
728,3,10,10.92,4
729,3,10,9.88,4
730,3,10,10.2,4
731,3,10,10.46,4
732,3,10,9.96,4
733,3,10,10.38,4
734,3,10,10.78,4
735,3,10,9.78,4
736,3,10,10.4,4
737,3,10,10.7,4
738,3,10,9.84,4
739,3,10,9.8,4
740,3,10,10.58,4
741,3,10,10.22,4
742,3,10,10.4,4
743,3,10,9.96,4
744,3,10,9.68,4
745,3,10,10.84,4
746,3,10,11.22,4
747,3,10,10.98,4
748,3,10,11.16,4
749,3,10,11.52,4
750,3,10,12.08,4
751,3,10,10.44,4
752,3,10,10.6,4
753,3,10,10.16,4
754,3,10,10.98,4
755,3,10,11.16,4
756,3,10,10.78,4
757,3,10,9.98,4
758,3,10,10.5,4
759,3,10,10.52,4
760,3,10,10.8,4
761,3,10,10.02,4
762,3,10,9.64,4
763,3,10,11.28,4
764,3,10,11.0,4
765,3,10,10.48,4
766,3,10,10.52,4
767,3,10,10.9,4
768,3,10,10.68,4
769,3,10,11.6,4
770,3,10,11.34,4
771,3,10,12.04,4
772,3,10,10.6,4
773,3,10,10.08,4
774,3,10,11.24,4
775,3,10,11.3,4
776,3,10,10.2,4
777,3,10,9.54,4
778,3,10,9.56,4
779,3,10,10.2,4
780,3,10,9.92,4
781,3,10,10.32,4
782,3,10,9.76,4
783,3,10,9.3,4
784,3,10,10.02,4
785,3,10,10.32,4
786,3,10,10.0,4
787,3,10,10.4,4
788,3,10,10.82,4
789,3,10,10.36,4
790,3,10,10.28,4
791,3,10,10.98,4
792,3,10,11.52,4
793,3,10,11.16,4
794,3,10,11.1,4
795,3,10,10.02,4
796,3,10,10.14,4
797,3,10,9.66,4
798,3,10,10.56,4
799,3,10,11.3,4
800,3,10,10.78,4
801,3,10,11.36,4
802,3,10,10.46,4
803,3,10,10.62,4
804,3,10,10.92,4
805,3,10,10.78,4
806,3,10,10.7,4
807,3,10,10.58,4
808,3,10,9.64,4
809,3,10,9.92,4
810,3,10,9.92,4
811,3,10,10.28,4
812,3,10,10.4,4
813,3,10,10.22,4
814,3,10,9.94,4
815,3,10,10.78,4
816,3,10,10.64,4
817,3,10,9.9,4
818,3,10,10.6,4
819,3,10,10.32,4
820,3,10,9.9,4
821,3,10,9.2,4
822,3,10,9.14,4
823,3,10,10.44,4
824,3,10,10.28,4
825,3,10,10.9,4
826,3,10,10.48,4
827,3,10,9.48,4
828,3,10,9.78,4
829,3,10,10.62,4
830,3,10,10.72,4
831,3,10,10.04,4
832,3,10,10.22,4
833,3,10,9.54,4
834,3,10,9.4,4
835,3,10,10.86,4
836,3,10,10.14,4
837,3,10,10.88,4
838,3,10,11.1,4
839,3,10,11.0,4
840,3,10,10.72,4
841,3,10,11.22,4
842,3,10,10.8,4
843,3,10,10.76,4
844,3,10,10.58,4
845,3,10,11.24,4
846,3,10,10.78,4
847,3,10,9.82,4
848,3,10,9.14,4
849,3,10,10.4,4
850,3,10,11.2,4
851,3,10,11.38,4
852,3,10,10.34,4
853,3,10,10.94,4
854,3,10,10.88,4
855,3,10,10.98,4
856,3,10,11.74,4
857,3,10,11.58,4
858,3,10,10.24,4
859,3,10,10.5,4
860,3,10,11.16,4
861,3,10,11.08,4
862,3,10,10.52,4
863,3,10,10.96,4
864,3,10,9.4,4
865,3,10,9.12,4
866,3,10,10.1,4
867,3,10,10.02,4
868,3,10,9.44,4
869,3,10,9.84,4
870,3,10,10.24,4
871,3,10,9.62,4
872,3,10,10.3,4
873,3,10,9.8,4
874,3,10,9.24,4
875,3,10,9.14,4
876,3,10,9.9,4
877,3,10,10.2,4
878,3,10,11.6,4
879,3,10,10.6,4
880,3,10,11.74,4
881,3,10,11.78,4
882,3,10,10.26,4
883,3,10,9.96,4
884,3,10,9.76,4
885,3,10,10.02,4
886,3,10,9.7,4
887,3,10,9.8,4
888,3,10,9.74,4
889,3,10,9.94,4
890,3,10,11.02,4
891,3,10,10.92,4
892,3,10,11.06,4
893,3,10,9.46,4
894,3,10,9.84,4
895,3,10,9.9,4
896,3,10,9.4,4
897,3,10,9.7,4
898,3,10,9.74,4
899,3,10,10.18,4
900,3,10,10.26,4
901,3,10,9.82,4
902,3,10,9.72,4
903,3,10,10.14,4
904,3,10,11.4,4
905,3,10,11.22,4
906,3,10,10.86,4
907,3,10,9.54,4
908,3,10,11.3,4
909,3,10,10.4,4
910,3,10,10.32,4
911,3,10,10.72,4
912,3,10,11.2,4
913,3,10,11.02,4
914,3,10,10.48,4
915,3,10,11.02,4
916,3,10,10.28,4
917,3,10,10.72,4
918,3,10,10.22,4
919,3,10,10.06,4
920,3,10,10.44,4
921,3,10,11.46,4
922,3,10,11.16,4
923,3,10,11.6,4
924,3,10,11.04,4
925,3,10,9.84,4
926,3,10,11.0,4
927,3,10,10.4,4
928,3,10,10.58,4
929,3,10,10.7,4
930,3,10,9.82,4
931,3,10,11.06,4
932,3,10,10.12,4
933,3,10,9.72,4
934,3,10,10.22,4
935,3,10,9.86,4
936,3,10,10.82,4
937,3,10,10.12,4
938,3,10,10.56,4
939,3,10,10.94,4
940,3,10,11.54,4
941,3,10,10.78,4
942,3,10,10.16,4
943,3,10,10.62,4
944,3,10,11.5,4
945,3,10,10.72,4
946,3,10,10.7,4
947,3,10,11.02,4
948,3,10,10.68,4
949,3,10,9.52,4
950,3,10,10.54,4
951,3,10,10.48,4
952,3,10,9.68,4
953,3,10,9.94,4
954,3,10,10.5,4
955,3,10,10.36,4
956,3,10,9.26,4
957,3,10,11.08,4
958,3,10,10.84,4
959,3,10,9.96,4
960,3,10,10.8,4
961,3,10,10.98,4
962,3,10,10.36,4
963,3,10,9.42,3
964,3,10,9.68,3
965,3,10,10.0,3
966,3,10,9.16,3
967,3,10,9.68,3
968,3,10,10.06,3
969,3,10,10.0,3
970,3,10,9.86,3
971,3,10,9.68,3
972,3,10,8.7,3
973,3,10,8.8,3
974,3,10,8.92,3
975,3,10,8.66,3
976,3,10,8.58,3
977,3,10,9.06,3
978,3,10,9.04,3
979,3,10,9.32,3
980,3,10,9.1,3
981,3,10,8.86,3
982,3,10,10.04,3
983,3,10,9.96,3
984,3,10,9.88,3
985,3,10,8.88,3
986,3,10,10.32,3
987,3,10,10.0,3
988,3,10,9.18,3
989,3,10,9.22,3
990,3,10,9.4,3
991,3,10,9.9,3
992,3,10,10.16,3
993,3,10,9.98,3
994,3,10,9.98,3
995,3,10,9.98,3
996,3,10,9.86,3
997,3,10,9.5,3
998,3,10,9.26,3
999,3,10,9.4,3
1000,3,10,9.0,3
1001,3,10,8.96,3
1002,3,10,10.1,3
1003,3,10,9.68,3
1004,3,10,9.4,3
1005,3,10,9.58,3
1006,3,10,9.0,3
1007,3,10,9.84,3
1008,3,10,8.26,3
1009,3,10,9.54,3
1010,3,10,10.16,3
1011,3,10,10.32,3
1012,3,10,10.48,3
1013,3,10,9.76,3
1014,3,10,10.96,3
1015,3,10,10.26,3
1016,3,10,10.4,3
1017,3,10,10.16,3
1018,3,10,9.74,3
1019,3,10,10.06,3
1020,3,10,9.68,2
1021,3,10,8.52,2
1022,3,10,8.56,2
1023,3,10,9.38,2
1024,3,10,8.18,2
1025,3,10,8.46,2
1026,3,10,8.82,2
1027,3,10,8.5,2
1028,3,10,8.34,2
1029,3,10,8.28,2
1030,3,10,9.16,2
1031,3,10,9.52,2
1032,3,10,9.54,2
1033,3,10,10.1,2
1034,3,10,8.54,2
1035,3,10,9.14,2
1036,3,10,8.78,2
1037,3,10,7.96,2
1038,3,10,9.36,2
1039,3,10,9.72,2
1040,3,10,9.18,2
1041,3,10,8.88,2
1042,3,10,9.44,2
1043,3,10,9.18,2
1044,3,10,9.02,2
1045,3,10,9.12,2
1046,3,10,9.06,2
1047,3,10,8.5,2
1048,3,10,9.18,2
1049,3,10,8.66,2
1050,3,10,8.6,2
1051,3,10,8.74,2
1052,3,10,9.0,2
1053,3,10,9.12,2
1054,3,10,9.12,2
1055,3,10,9.16,2
1056,3,10,10.1,2
1057,3,10,10.06,2
1058,3,10,8.96,2
1059,3,10,8.86,2
1060,3,10,8.96,2
1061,3,10,8.94,2
1062,3,10,8.68,2
1063,3,10,8.38,2
1064,3,10,8.2,2
1065,3,10,8.5,2
1066,3,10,8.42,2
1067,3,10,8.58,2
1068,3,10,7.58,2
1069,3,10,9.1,2
1070,3,10,8.66,2
1071,3,10,9.12,2
1072,3,10,8.18,2
1073,3,10,7.24,2
1074,3,10,7.52,2
1075,3,10,8.46,2
1076,3,10,9.04,2
1077,3,10,9.22,2
1078,3,10,9.32,2
1079,3,10,8.76,2
1080,3,10,9.58,2
1081,3,10,9.92,2
1082,3,10,9.9,2
1083,3,10,10.82,2
1084,3,10,9.74,2
1085,3,10,9.16,2
1086,3,10,8.84,2
1087,3,10,9.26,2
1088,3,10,8.1,2
1089,3,10,7.84,2
1090,3,10,8.0,2
1091,3,10,8.48,2
1092,3,10,8.28,2
1093,3,10,8.48,2
1094,3,10,8.76,2
1095,3,10,8.22,2
1096,3,10,7.88,2
1097,3,10,7.52,2
1098,3,10,8.02,2
1099,3,10,8.14,2
1100,3,10,8.96,2
1101,3,10,8.72,2
1102,3,10,8.88,2
1103,3,10,8.42,2
1104,3,10,9.1,2
1105,3,10,9.36,2
1106,3,10,9.64,2
1107,3,10,8.56,2
1108,3,10,9.06,2
1109,3,10,8.86,2
1110,3,10,8.9,2
1111,3,10,8.04,2
1112,3,10,8.64,2
1113,3,10,8.46,2
1114,3,10,8.1,2
1115,3,10,8.2,2
1116,3,10,9.16,2
1117,3,10,9.44,2
1118,3,10,9.7,2
1119,3,10,9.4,2
1120,3,10,9.24,2
1121,3,10,9.18,2
1122,3,10,9.06,2
1123,3,10,9.3,2
1124,3,10,9.96,2
1125,3,10,8.82,2
1126,3,10,9.68,2
1127,3,10,9.44,2
1128,3,10,9.42,2
1129,3,10,8.66,2
1130,3,10,8.8,2
1131,3,10,8.76,2
1132,3,10,9.72,2
1133,3,10,9.58,2
1134,3,10,8.12,2
1135,3,10,8.56,2
1136,3,10,8.92,2
1137,3,10,8.38,2
1138,3,10,8.12,2
1139,3,10,7.02,2
1140,3,10,8.3,2
1141,3,10,8.66,2
1142,3,10,6.92,2
1143,3,10,7.14,2
1144,3,10,7.86,2
1145,3,10,8.22,2
1146,3,10,9.14,2
1147,3,10,8.6,2
1148,3,10,8.12,2
1149,3,10,8.56,2
1150,3,10,8.66,2
1151,3,10,8.34,2
1152,3,10,9.24,2
1153,3,10,8.3,2
1154,3,10,7.86,2
1155,3,10,8.72,2
1156,3,10,8.4,2
1157,3,10,9.4,2
1158,3,10,8.32,2
1159,3,10,8.66,2
1160,3,10,8.76,2
1161,3,10,9.8,2
1162,3,10,9.24,2
1163,3,10,10.04,2
1164,3,10,9.18,2
1165,3,10,8.68,2
1166,3,10,8.04,2
1167,3,10,8.56,2
1168,3,10,8.5,2
1169,3,10,7.64,2
1170,3,10,8.12,2
1171,3,10,8.18,2
1172,3,10,8.54,2
1173,3,10,8.76,2
1174,3,10,9.82,2
1175,3,10,7.2,2
1176,3,10,7.5,2
1177,3,10,8.14,2
1178,3,10,7.94,2
1179,3,10,8.7,2
1180,3,10,8.22,2
1181,3,10,8.54,2
1182,3,10,9.52,2
1183,3,10,9.3,2
1184,3,10,10.74,2
1185,3,10,9.4,2
1186,3,10,9.12,2
1187,3,10,8.76,2
1188,3,10,9.2,2
1189,3,10,8.3,2
1190,3,10,7.96,2
1191,3,10,8.68,2
1192,3,10,8.14,2
1193,3,10,7.76,2
1194,3,10,8.98,2
1195,3,10,8.26,2
1196,3,10,8.6,2
1197,3,10,9.0,2
1198,3,10,8.7,2
1199,3,10,9.2,2
1200,3,10,8.6,2
1201,3,10,8.7,2
1202,3,10,9.24,2
1203,3,10,9.14,2
1204,3,10,10.6,2
1205,3,10,10.72,2
1206,3,10,9.5,2
1207,3,10,9.18,2
1208,3,10,6.66,2
1209,3,10,7.4,2
1210,3,10,7.34,2
1211,3,10,8.06,2
1212,3,10,7.84,2
1213,3,10,8.64,2
1214,3,10,8.78,2
1215,3,10,9.54,2
1216,3,10,8.82,2
1217,3,10,9.3,2
1218,3,10,8.6,2
1219,3,10,9.62,2
1220,3,10,7.94,2
1221,3,10,8.28,2
1222,3,10,7.78,2
1223,3,10,7.66,2
1224,3,10,8.24,2
1225,3,10,8.78,2
1226,3,10,8.2,2
1227,3,10,7.9,2
1228,3,10,8.48,2
1229,3,10,7.42,2
1230,3,10,8.8,2
1231,3,10,8.72,2
1232,3,10,9.9,2
1233,3,10,9.66,2
1234,3,10,9.58,2
1235,3,10,9.9,2
1236,3,10,9.02,1
1237,3,10,8.48,1
1238,3,10,9.06,1
1239,3,10,9.82,1
1240,3,10,9.08,1
1241,3,10,9.92,1
1242,3,10,9.02,1
1243,3,10,7.78,1
1244,3,10,7.1,1
1245,3,10,6.64,1
1246,3,10,7.14,1
1247,3,10,8.56,1
1248,3,10,8.28,1
1249,3,10,8.54,1
1250,3,10,9.06,1
1251,3,10,8.7,1
1252,3,10,8.18,1
1253,3,10,7.44,1
1254,3,10,9.34,1
1255,3,10,8.56,1
1256,3,10,9.02,1
1257,3,10,9.08,1
1258,3,10,9.24,1
1259,3,10,9.2,1
1260,3,10,8.46,1
1261,3,10,7.94,1
1262,3,10,8.18,1
1263,3,10,9.58,1
1264,3,10,9.66,1
1265,3,10,8.88,1
1266,3,10,7.4,1
1267,3,10,7.9,1
1268,3,10,8.22,1
1269,3,10,7.08,1
1270,3,10,8.08,1
1271,3,10,8.44,1
1272,3,10,8.44,1
1273,3,10,7.1,1
1274,3,10,8.1,1
1275,3,10,8.42,1
1276,3,10,8.18,1
1277,3,10,7.8,1
1278,3,10,6.94,1
1279,3,10,7.84,1
1280,3,10,7.38,1
1281,3,10,7.2,1
1282,3,10,7.06,1
1283,3,10,7.12,1
1284,3,10,7.04,1
1285,3,10,7.5,1
1286,3,10,8.2,1
1287,3,10,7.58,1
1288,3,10,8.28,1
1289,3,10,8.1,1
1290,3,10,8.4,1
1291,3,10,8.72,1
1292,3,10,7.68,1
1293,3,10,9.7,1
1294,3,10,8.6,1
1295,3,10,8.7,1
1296,3,10,8.32,1
1297,3,10,7.72,1
1298,3,10,7.14,1
1299,3,10,8.68,1
1300,3,10,8.14,1
1301,3,10,7.4,1
1302,3,10,8.02,1
1303,3,10,8.1,1
1304,3,10,9.06,1
1305,3,10,7.86,1
1306,3,10,7.82,1
1307,3,10,6.82,1
1308,3,10,6.82,1
1309,3,10,6.46,1
1310,3,10,6.92,1
1311,3,10,7.12,1
1312,3,10,8.46,1
1313,3,10,7.54,1
1314,3,10,8.1,1
1315,3,10,8.06,1
1316,3,10,8.24,1
1317,3,10,7.14,1
1318,3,10,7.12,1
1319,3,10,8.2,1
1320,3,10,7.92,1
1321,3,10,7.68,1
1322,3,10,7.58,1
1323,3,10,7.72,1
1324,3,10,7.62,1
1325,3,10,7.74,1
1326,3,10,7.4,1
1327,3,10,6.94,1
1328,3,10,6.88,1
1329,3,10,6.98,1
1330,3,10,7.96,1
1331,3,10,8.72,1
1332,3,10,9.56,1
1333,3,10,8.12,1
1334,3,10,9.54,1
1335,3,10,8.96,1
1336,3,10,9.0,1
1337,3,10,8.52,1
1338,3,10,8.44,1
1339,3,10,9.32,1
1340,3,10,9.16,1
1341,3,10,8.7,1
1342,3,10,8.22,1
1343,3,10,8.02,1
1344,3,10,7.98,1
1345,3,10,8.54,1
1346,3,10,7.46,1
1347,3,10,7.92,1
1348,3,10,8.3,1
1349,3,10,7.36,1
1350,3,10,6.6,1
1351,3,10,7.08,1
1352,3,10,7.92,1
1353,3,10,8.54,1
1354,3,10,8.42,1
1355,3,10,8.0,1
1356,3,10,7.74,1
1357,3,10,7.86,1
1358,3,10,8.22,1
1359,3,10,7.36,1
1360,3,10,7.94,1
1361,3,10,7.72,1
1362,3,10,7.6,1
1363,3,10,8.0,1
1364,3,10,8.48,1
1365,3,10,7.24,1
1366,3,10,7.24,1
1367,3,10,7.72,1
1368,3,10,7.44,1
1369,3,10,7.58,1
1370,3,10,7.7,1
1371,3,10,7.62,1
1372,3,10,7.88,1
1373,3,10,8.84,1
1374,3,10,7.8,1
1375,3,10,8.36,1
1376,3,10,7.88,1
1377,3,10,6.98,1
1378,3,10,7.36,1
1379,3,10,6.8,1
1380,3,10,7.64,1
1381,3,10,8.88,1
1382,3,10,8.46,1
1383,3,10,8.12,1
1384,3,10,8.56,1
1385,3,10,8.58,1
1386,3,10,8.02,1
1387,3,10,8.36,1
1388,3,10,7.48,1
1389,3,10,7.52,1
1390,3,10,7.88,1
1391,3,10,8.04,1
1392,3,10,7.58,1
1393,3,10,7.72,1
1394,3,10,8.16,1
1395,3,10,8.16,1
1396,3,10,7.8,1
1397,3,10,6.56,1
1398,3,10,7.08,1
1399,3,10,7.42,1
1400,3,10,8.26,1
1401,3,10,7.82,1
1402,3,10,5.98,1
1403,3,10,7.22,1
1404,3,10,6.16,1
1405,3,10,6.56,1
1406,3,10,6.1,1
1407,3,10,7.2,1
1408,3,10,6.36,1
1409,3,10,7.1,1
1410,3,10,7.48,1
1411,3,10,7.18,1
1412,3,10,8.04,1
1413,3,10,7.34,1
1414,3,10,7.12,1
1415,3,10,8.06,1
1416,3,10,9.38,1
1417,3,10,8.16,1
1418,3,10,8.18,1
1419,3,10,8.58,1
1420,3,10,8.72,1
1421,3,10,7.86,1
1422,3,10,9.1,1
1423,3,10,8.1,1
1424,3,10,7.6,1
1425,3,10,7.44,1
1426,3,10,9.42,1
1427,3,10,8.22,1
1428,3,10,7.24,1
1429,3,10,7.64,1
1430,3,10,7.6,1
1431,3,10,8.16,1
1432,3,10,7.26,1
1433,3,10,7.32,1
1434,3,10,6.76,1
1435,3,10,7.62,1
1436,3,10,8.1,1
1437,3,10,7.34,1
1438,3,10,8.56,1
1439,3,10,7.98,1
1440,3,10,8.6,1
1441,3,10,7.28,1
1442,3,10,7.16,1
1443,3,10,7.2,1
1444,3,10,7.04,1
1445,3,10,8.18,1
1446,3,10,8.0,1
1447,3,10,7.72,1
1448,3,10,7.48,1
1449,3,10,7.42,1
1450,3,10,8.9,1
1451,3,10,7.48,1
1452,3,10,7.3,1
1453,3,10,7.42,1
1454,3,10,8.18,1
1455,3,10,7.44,1
1456,3,10,7.4,1
1457,3,10,6.86,1
1458,3,10,7.92,1
1459,3,10,9.36,1
1460,3,10,9.26,1
1461,3,10,8.98,1
1462,3,10,8.0,1
1463,3,10,9.08,1
1464,3,10,8.18,1
1465,3,10,7.36,1
1466,3,10,6.92,1
1467,3,10,7.4,1
1468,3,10,7.06,1
1469,3,10,7.54,1
1470,3,10,7.74,1
1471,3,10,8.34,1
1472,3,10,7.7,1
1473,3,10,8.58,1
1474,3,10,7.44,1
1475,3,10,7.28,1
1476,3,10,8.38,1
1477,3,10,7.86,1
1478,3,10,8.44,1
1479,3,10,7.96,1
1480,3,10,8.22,1
1481,3,10,8.4,1
1482,3,10,8.26,1
1483,3,10,8.66,1
1484,3,10,9.72,1
1485,3,10,8.68,1
1486,3,10,7.56,1
1487,3,10,8.64,1
1488,3,10,8.1,1
1489,3,10,8.3,1
1490,3,10,8.08,1
1491,3,10,7.58,1
1492,3,10,7.94,1
1493,3,10,8.86,1
1494,3,10,8.28,1
1495,3,10,7.1,1
1496,3,10,8.7,1
1497,3,10,8.06,1
1498,3,10,6.82,1
1499,3,10,7.6,1
1500,3,10,7.34,1
1501,3,10,8.44,1
1502,3,10,7.72,1
1503,3,10,9.14,1
1504,3,10,8.62,1
1505,3,10,7.84,1
1506,3,10,8.34,1
1507,3,10,7.86,1
1508,3,10,7.5,1
1509,3,10,7.54,1
1510,3,10,8.14,1
1511,3,10,7.54,1
1512,3,10,8.68,1
1513,3,10,8.16,1
1514,3,10,7.76,1
1515,3,10,7.64,1
1516,3,10,8.3,1
1517,3,10,8.4,1
1518,3,10,8.58,1
1519,3,10,7.66,1
1520,3,10,7.1,1
1521,3,10,7.2,1
1522,3,10,7.8,1
1523,3,10,8.6,1
1524,3,10,8.8,1
1525,3,10,8.08,1
1526,3,10,8.68,1
1527,3,10,8.16,1
1528,3,10,6.9,1
1529,3,10,8.28,1
1530,3,10,7.76,1
1531,3,10,8.24,1
1532,3,10,7.54,1
1533,3,10,7.2,1
1534,3,10,7.84,1
1535,3,10,6.62,1
1536,3,10,8.26,1
1537,3,10,8.3,1
1538,3,10,8.62,1
1539,3,10,9.18,1
1540,3,10,8.0,1
1541,3,10,7.34,1
1542,3,10,8.38,1
1543,3,10,8.08,1
1544,3,10,7.96,1
1545,3,10,8.44,1
1546,3,10,7.32,1
1547,3,10,6.76,1
1548,3,10,6.44,1
1549,3,10,5.76,1
1550,3,10,7.72,1
1551,3,10,7.42,1
1552,3,10,7.14,1
1553,3,10,7.08,1
1554,3,10,7.1,1
1555,3,10,7.42,1
1556,3,10,7.2,1
1557,3,10,7.54,1
1558,3,10,7.42,1
1559,3,10,7.14,1
1560,3,10,7.28,1
1561,3,10,7.14,1
1562,3,10,7.52,1
1563,3,10,8.38,1
1564,3,10,8.58,1
1565,3,10,8.92,1
1566,3,10,7.48,1
1567,3,10,8.08,1
1568,3,10,8.14,1
1569,3,10,7.98,1
1570,3,10,7.96,1
1571,3,10,7.68,1
1572,3,10,8.18,1
1573,3,10,7.92,1
1574,3,10,7.42,1
1575,3,10,8.04,1
1576,3,10,6.72,1
1577,3,10,7.06,1
1578,3,10,7.8,1
1579,3,10,7.76,1
1580,3,10,8.06,1
1581,3,10,7.08,1
1582,3,10,7.96,1
1583,3,10,7.08,1
1584,3,10,7.18,1
1585,3,10,7.3,1
1586,3,10,7.92,1
1587,3,10,8.0,1
1588,3,10,8.54,1
1589,3,10,7.66,1
1590,3,10,7.76,1
1591,3,10,8.16,1
1592,3,10,8.14,1
1593,3,10,7.98,1
1594,3,10,8.86,1
1595,3,10,8.32,1
1596,3,10,8.4,1
1597,3,10,7.66,1
1598,3,10,7.2,1
1599,3,10,8.26,1
1600,3,10,7.82,1
1601,3,10,7.64,1
1602,3,10,6.6,1
1603,3,10,7.42,1
1604,3,10,7.64,1
1605,3,10,7.02,1
1606,3,10,7.24,1
1607,3,10,8.08,1
1608,3,10,9.38,1
1609,3,10,8.88,1
1610,3,10,9.66,1
1611,3,10,9.44,1
1612,3,10,9.16,1
1613,3,10,8.68,1
1614,3,10,7.58,1
1615,3,10,7.94,1
1616,3,10,8.74,1
1617,3,10,8.12,1
1618,3,10,8.5,1
1619,3,10,8.1,1
1620,3,10,7.1,1
1621,3,10,7.1,1
1622,3,10,8.0,1
1623,3,10,7.6,1
1624,3,10,7.72,1
1625,3,10,7.88,1
1626,3,10,8.48,1
1627,3,10,8.26,1
1628,3,10,7.74,1
1629,3,10,8.22,1
1630,3,10,8.54,1
1631,3,10,8.18,1
1632,3,10,7.82,1
1633,3,10,7.66,1
1634,3,10,6.74,1
1635,3,10,7.12,1
1636,3,10,6.44,1
1637,3,10,7.56,1
1638,3,10,7.08,1
1639,3,10,7.74,1
1640,3,10,8.8,1
1641,3,10,8.28,1
1642,3,10,8.2,1
1643,3,10,8.6,1
1644,3,10,8.06,1
1645,3,10,8.58,1
1646,3,10,8.7,1
1647,3,10,7.96,1
1648,3,10,7.34,1
1649,3,10,7.68,1
1650,3,10,6.94,1
1651,3,10,7.3,1
1652,3,10,7.64,1
1653,3,10,8.36,1
1654,3,10,7.42,1
1655,3,10,8.02,1
1656,3,10,8.32,1
1657,3,10,8.3,1
1658,3,10,8.44,1
1659,3,10,9.44,1
1660,3,10,8.42,1
1661,3,10,8.76,1
1662,3,10,8.06,1
1663,3,10,7.98,1
1664,3,10,7.16,1
1665,3,10,7.14,1
1666,3,10,7.92,1
1667,3,10,8.38,1
1668,3,10,8.36,1
1669,3,10,8.2,1
1670,3,10,7.92,1
1671,3,10,7.5,1
1672,3,10,8.26,1
1673,3,10,7.56,1
1674,3,10,7.44,1
1675,3,10,7.84,1
1676,3,10,7.9,1
1677,3,10,8.08,1
1678,3,10,9.0,1
1679,3,10,8.56,1
1680,3,10,8.76,1
1681,3,10,7.42,1
1682,3,10,7.64,1
1683,3,10,7.36,1
1684,3,10,7.42,1
1685,3,10,7.32,1
1686,3,10,7.36,1
1687,3,10,7.84,1
1688,3,10,7.48,1
1689,3,10,7.18,1
1690,3,10,7.18,1
1691,3,10,8.32,1
1692,3,10,8.2,1
1693,3,10,7.72,1
1694,3,10,7.94,1
1695,3,10,8.6,1
1696,3,10,8.6,1
1697,3,10,8.16,1
1698,3,10,8.5,1
1699,3,10,9.22,1
1700,3,10,8.84,1
1701,3,10,8.42,1
1702,3,10,7.8,1
1703,3,10,9.08,1
1704,3,10,8.38,1
1705,3,10,7.64,1
1706,3,10,7.14,1
1707,3,10,8.58,1
1708,3,10,10.28,1
1709,3,10,10.04,1
1710,3,10,8.66,1
1711,3,10,8.12,1
1712,3,10,7.46,1
1713,3,10,7.34,1
1714,3,10,8.08,1
1715,3,10,8.22,1
1716,3,10,7.84,1
1717,3,10,7.46,1
1718,3,10,7.96,1
1719,3,10,7.9,1
1720,3,10,8.06,1
1721,3,10,7.62,1
1722,3,10,9.42,1
1723,3,10,9.36,1
1724,3,10,8.36,1
1725,3,10,7.76,1
1726,3,10,8.16,1
1727,3,10,9.24,1
1728,3,10,9.28,1
1729,3,10,8.24,1
1730,3,10,7.9,1
1731,3,10,8.42,1
1732,3,10,8.48,1
1733,3,10,7.82,1
1734,3,10,7.72,1
1735,3,10,8.12,1
1736,3,10,7.8,1
1737,3,10,7.08,1
1738,3,10,7.12,1
1739,3,10,8.36,1
1740,3,10,7.14,1
1741,3,10,6.56,1
1742,3,10,7.26,1
1743,3,10,8.34,1
1744,3,10,7.46,1
1745,3,10,8.0,1
1746,3,10,7.9,1
1747,3,10,8.98,1
1748,3,10,7.44,1
1749,3,10,7.98,1
1750,3,10,8.06,1
1751,3,10,7.42,1
1752,3,10,7.3,1
1753,3,10,7.42,1
1754,3,10,7.3,1
1755,3,10,7.04,1
1756,3,10,7.72,1
1757,3,10,8.34,1
1758,3,10,8.04,1
1759,3,10,7.98,1
1760,3,10,7.58,1
1761,3,10,8.76,1
1762,3,10,9.08,1
1763,3,10,9.02,1
1764,3,10,8.16,1
1765,3,10,7.96,1
1766,3,10,9.28,1
1767,3,10,8.82,1
1768,3,10,8.48,1
1769,3,10,7.34,1
1770,3,10,6.9,1
1771,3,10,8.3,1
1772,3,10,8.42,1
1773,3,10,8.22,1
1774,3,10,9.5,1
1775,3,10,7.74,1
1776,3,10,8.24,1
1777,3,10,8.34,1
1778,3,10,7.64,1
1779,3,10,6.96,1
1780,3,10,7.12,1
1781,3,10,6.86,1
1782,3,10,8.18,1
1783,3,10,8.16,1
1784,3,10,7.3,1
1785,3,10,7.86,1
1786,3,10,8.68,1
1787,3,10,9.92,1
1788,3,10,8.64,1
1789,3,10,8.38,1
1790,3,10,8.42,1
1791,3,10,8.52,1
1792,3,10,8.56,1
1793,3,10,7.76,1
1794,3,10,7.5,1
1795,3,10,8.86,1
1796,3,10,8.76,1
1797,3,10,7.64,1
1798,3,10,8.56,1
1799,3,10,7.58,1
1800,3,10,7.2,1
1801,3,10,7.98,1
1802,3,10,8.7,1
1803,3,10,8.74,1
1804,3,10,8.24,1
1805,3,10,7.42,1
1806,3,10,8.18,1
1807,3,10,7.38,1
1808,3,10,7.54,1
1809,3,10,7.5,1
1810,3,10,7.26,1
1811,3,10,7.62,1
1812,3,10,7.0,1
1813,3,10,8.08,1
1814,3,10,8.06,1
1815,3,10,9.06,1
1816,3,10,7.42,1
1817,3,10,8.18,1
1818,3,10,8.78,1
1819,3,10,8.6,1
1820,3,10,8.12,1
1821,3,10,8.26,1
1822,3,10,7.0,1
1823,3,10,7.98,1
1824,3,10,7.94,1
1825,3,10,7.38,1
1826,3,10,8.28,1
1827,3,10,8.04,1
1828,3,10,6.92,1
1829,3,10,7.86,1
1830,3,10,8.18,1
1831,3,10,8.5,1
1832,3,10,8.28,1
1833,3,10,8.2,1
1834,3,10,7.96,1
1835,3,10,8.74,1
1836,3,10,8.62,1
1837,3,10,8.24,1
1838,3,10,8.32,1
1839,3,10,7.96,1
1840,3,10,7.62,1
1841,3,10,7.52,1
1842,3,10,8.16,1
1843,3,10,8.06,1
1844,3,10,7.06,1
1845,3,10,7.04,1
1846,3,10,7.78,1
1847,3,10,8.08,1
1848,3,10,8.02,1
1849,3,10,8.04,1
1850,3,10,7.06,1
1851,3,10,7.64,1
1852,3,10,7.3,1
1853,3,10,7.6,1
1854,3,10,7.48,1
1855,3,10,8.16,1
1856,3,10,9.06,1
1857,3,10,8.76,1
1858,3,10,8.72,1
1859,3,10,8.7,1
1860,3,10,8.08,1
1861,3,10,7.32,1
1862,3,10,7.78,1
1863,3,10,7.6,1
1864,3,10,8.36,1
1865,3,10,8.02,1
1866,3,10,7.12,1
1867,3,10,8.08,1
1868,3,10,6.9,1
1869,3,10,7.46,1
1870,3,10,9.1,1
1871,3,10,8.66,1
1872,3,10,9.08,1
1873,3,10,9.6,1
1874,3,10,8.48,1
1875,3,10,8.94,1
1876,3,10,9.1,1
1877,3,10,7.78,1
1878,3,10,8.56,1
1879,3,10,8.1,1
1880,3,10,8.52,1
1881,3,10,7.88,1
1882,3,10,7.74,1
1883,3,10,7.78,1
1884,3,10,8.0,1
1885,3,10,7.54,1
1886,3,10,7.74,1
1887,3,10,7.8,1
1888,3,10,7.44,1
1889,3,10,9.14,1
1890,3,10,8.3,1
1891,3,10,9.3,1
1892,3,10,8.38,1
1893,3,10,8.76,1
1894,3,10,9.32,1
1895,3,10,7.7,1
1896,3,10,8.28,1
1897,3,10,7.4,1
1898,3,10,7.92,1
1899,3,10,7.34,1
1900,3,10,7.6,1
1901,3,10,9.44,1
1902,3,10,9.26,1
1903,3,10,8.56,1
1904,3,10,8.16,1
1905,3,10,8.1,1
1906,3,10,8.28,1
1907,3,10,7.72,1
1908,3,10,7.2,1
1909,3,10,6.26,1
1910,3,10,7.56,1
1911,3,10,7.38,1
1912,3,10,7.78,1
1913,3,10,8.38,1
1914,3,10,7.8,1
1915,3,10,8.42,1
1916,3,10,8.24,1
1917,3,10,8.98,1
1918,3,10,8.38,1
1919,3,10,8.74,1
1920,3,10,8.88,1
1921,3,10,9.18,1
1922,3,10,7.94,1
1923,3,10,8.14,1
1924,3,10,8.38,1
1925,3,10,7.32,1
1926,3,10,7.24,1
1927,3,10,7.66,1
1928,3,10,8.08,1
1929,3,10,8.12,1
1930,3,10,7.4,1
1931,3,10,8.4,1
1932,3,10,8.74,1
1933,3,10,8.48,1
1934,3,10,8.12,1
1935,3,10,7.68,1
1936,3,10,7.26,1
1937,3,10,7.72,1
1938,3,10,7.72,1
1939,3,10,8.52,1
1940,3,10,8.98,1
1941,3,10,9.1,1
1942,3,10,7.34,1
1943,3,10,7.48,1
1944,3,10,8.68,1
1945,3,10,8.0,1
1946,3,10,8.9,1
1947,3,10,9.4,1
1948,3,10,8.02,1
1949,3,10,8.9,1
1950,3,10,7.86,1
1951,3,10,7.28,1
1952,3,10,7.78,1
1953,3,10,7.34,1
1954,3,10,6.24,1
1955,3,10,7.64,1
1956,3,10,7.26,1
1957,3,10,6.9,1
1958,3,10,7.02,1
1959,3,10,6.26,1
1960,3,10,6.48,1
1961,3,10,6.2,1
1962,3,10,7.68,1
1963,3,10,7.48,1
1964,3,10,7.0,1
1965,3,10,7.62,1
1966,3,10,8.32,1
1967,3,10,8.02,1
1968,3,10,6.88,1
1969,3,10,7.4,1
1970,3,10,7.54,1
1971,3,10,6.32,1
1972,3,10,6.76,1
1973,3,10,7.46,1
1974,3,10,7.5,1
1975,3,10,8.24,1
1976,3,10,9.2,1
1977,3,10,9.38,1
1978,3,10,8.78,1
1979,3,10,9.1,1
1980,3,10,8.42,1
1981,3,10,8.82,1
1982,3,10,6.86,1
1983,3,10,8.34,1
1984,3,10,8.06,1
1985,3,10,8.52,1
1986,3,10,8.82,1
1987,3,10,8.42,1
1988,3,10,9.2,1
1989,3,10,9.46,1
1990,3,10,9.1,1
1991,3,10,8.7,1
1992,3,10,9.16,1
1993,3,10,8.84,1
1994,3,10,7.74,1
1995,3,10,7.96,1
1996,3,10,8.76,1
1997,3,10,7.6,1
1998,3,10,7.8,1
1999,3,10,7.56,1
2000,3,10,8.4,1
0,4,10,57.86,40
1,4,10,49.56,37
2,4,10,42.78,35
3,4,10,39.18,32
4,4,10,36.64,28
5,4,10,33.9,27
6,4,10,30.62,26
7,4,10,30.5,26
8,4,10,29.4,24
9,4,10,28.9,24
10,4,10,28.0,22
11,4,10,26.34,20
12,4,10,24.38,17
13,4,10,23.3,17
14,4,10,23.42,15
15,4,10,21.56,15
16,4,10,21.46,15
17,4,10,20.8,15
18,4,10,19.76,15
19,4,10,19.66,14
20,4,10,19.88,14
21,4,10,19.58,14
22,4,10,20.34,14
23,4,10,19.5,13
24,4,10,18.24,13
25,4,10,18.02,13
26,4,10,18.22,13
27,4,10,18.52,13
28,4,10,17.88,13
29,4,10,17.9,13
30,4,10,18.44,12
31,4,10,17.84,12
32,4,10,17.36,12
33,4,10,16.84,12
34,4,10,16.52,12
35,4,10,16.42,12
36,4,10,17.08,12
37,4,10,17.34,12
38,4,10,16.7,11
39,4,10,17.26,11
40,4,10,16.72,11
41,4,10,16.48,10
42,4,10,16.86,10
43,4,10,15.94,10
44,4,10,15.42,10
45,4,10,15.58,10
46,4,10,15.04,9
47,4,10,13.9,9
48,4,10,14.34,9
49,4,10,14.66,9
50,4,10,14.28,9
51,4,10,15.3,9
52,4,10,14.0,9
53,4,10,14.82,9
54,4,10,14.78,9
55,4,10,15.6,9
56,4,10,14.1,8
57,4,10,14.54,8
58,4,10,14.54,8
59,4,10,14.46,8
60,4,10,14.62,8
61,4,10,13.84,8
62,4,10,13.12,8
63,4,10,13.42,8
64,4,10,13.52,8
65,4,10,13.76,8
66,4,10,14.02,8
67,4,10,13.82,8
68,4,10,13.96,8
69,4,10,13.18,8
70,4,10,13.62,8
71,4,10,13.14,8
72,4,10,12.36,8
73,4,10,13.44,8
74,4,10,13.68,8
75,4,10,14.96,8
76,4,10,13.74,8
77,4,10,15.02,8
78,4,10,14.26,8
79,4,10,13.76,8
80,4,10,14.3,8
81,4,10,13.2,8
82,4,10,12.62,8
83,4,10,13.68,8
84,4,10,13.68,8
85,4,10,14.12,8
86,4,10,13.8,8
87,4,10,13.88,8
88,4,10,13.54,8
89,4,10,13.6,8
90,4,10,13.04,8
91,4,10,13.26,8
92,4,10,13.46,8
93,4,10,13.64,8
94,4,10,13.72,8
95,4,10,14.68,8
96,4,10,14.56,8
97,4,10,13.7,8
98,4,10,14.5,8
99,4,10,15.12,8
100,4,10,14.0,8
101,4,10,13.86,8
102,4,10,13.24,8
103,4,10,13.2,8
104,4,10,13.68,8
105,4,10,13.46,8
106,4,10,12.76,8
107,4,10,12.28,8
108,4,10,12.78,8
109,4,10,12.86,8
110,4,10,14.3,8
111,4,10,13.3,8
112,4,10,13.42,7
113,4,10,13.34,7
114,4,10,13.26,7
115,4,10,12.6,7
116,4,10,12.26,7
117,4,10,11.12,7
118,4,10,11.88,7
119,4,10,12.9,7
120,4,10,12.9,7
121,4,10,11.68,7
122,4,10,12.36,7
123,4,10,13.04,7
124,4,10,12.86,7
125,4,10,14.06,7
126,4,10,13.56,7
127,4,10,12.62,7
128,4,10,13.1,7
129,4,10,13.82,7
130,4,10,13.86,7
131,4,10,12.7,7
132,4,10,12.12,7
133,4,10,12.76,7
134,4,10,12.44,7
135,4,10,11.9,7
136,4,10,13.88,7
137,4,10,14.26,7
138,4,10,13.58,7
139,4,10,12.84,7
140,4,10,12.26,7
141,4,10,13.98,7
142,4,10,13.58,7
143,4,10,13.26,7
144,4,10,12.54,7
145,4,10,12.56,7
146,4,10,13.4,7
147,4,10,13.38,7
148,4,10,13.5,7
149,4,10,12.52,7
150,4,10,12.48,7
151,4,10,12.12,7
152,4,10,11.68,7
153,4,10,11.54,7
154,4,10,12.18,7
155,4,10,12.34,7
156,4,10,12.96,7
157,4,10,13.4,7
158,4,10,13.12,7
159,4,10,12.56,7
160,4,10,12.2,7
161,4,10,12.34,7
162,4,10,12.72,6
163,4,10,12.84,6
164,4,10,12.68,6
165,4,10,12.82,6
166,4,10,11.66,6
167,4,10,10.92,6
168,4,10,11.72,6
169,4,10,12.04,6
170,4,10,12.1,6
171,4,10,12.12,6
172,4,10,11.74,6
173,4,10,11.54,6
174,4,10,12.22,6
175,4,10,11.94,6
176,4,10,12.12,6
177,4,10,11.64,6
178,4,10,12.24,6
179,4,10,12.46,6
180,4,10,12.56,6
181,4,10,12.96,6
182,4,10,12.7,6
183,4,10,13.06,6
184,4,10,12.7,6
185,4,10,11.06,6
186,4,10,12.64,6
187,4,10,11.8,6
188,4,10,12.48,6
189,4,10,11.84,6
190,4,10,12.24,6
191,4,10,11.6,6
192,4,10,11.9,6
193,4,10,12.8,6
194,4,10,12.6,6
195,4,10,12.48,6
196,4,10,12.76,6
197,4,10,12.54,6
198,4,10,11.7,6
199,4,10,11.46,6
200,4,10,11.84,6
201,4,10,11.42,6
202,4,10,11.18,6
203,4,10,11.62,6
204,4,10,11.5,6
205,4,10,11.64,6
206,4,10,11.22,6
207,4,10,11.44,6
208,4,10,11.74,6
209,4,10,12.7,6
210,4,10,12.08,6
211,4,10,11.68,6
212,4,10,11.3,6
213,4,10,12.16,6
214,4,10,12.52,6
215,4,10,12.26,6
216,4,10,12.62,6
217,4,10,12.46,6
218,4,10,12.7,6
219,4,10,13.5,6
220,4,10,13.44,6
221,4,10,13.16,6
222,4,10,12.78,6
223,4,10,11.5,6
224,4,10,11.94,6
225,4,10,11.84,6
226,4,10,11.94,6
227,4,10,11.46,6
228,4,10,12.26,6
229,4,10,12.92,6
230,4,10,12.28,6
231,4,10,13.44,6
232,4,10,13.72,6
233,4,10,13.66,6
234,4,10,12.68,6
235,4,10,13.62,6
236,4,10,13.84,6
237,4,10,12.92,6
238,4,10,13.26,6
239,4,10,11.76,6
240,4,10,11.98,6
241,4,10,11.96,6
242,4,10,12.18,6
243,4,10,12.84,6
244,4,10,12.22,6
245,4,10,11.16,6
246,4,10,11.44,6
247,4,10,11.28,6
248,4,10,11.96,6
249,4,10,12.0,6
250,4,10,12.38,6
251,4,10,12.44,6
252,4,10,11.88,6
253,4,10,12.32,6
254,4,10,11.92,6
255,4,10,12.18,6
256,4,10,11.84,6
257,4,10,11.54,6
258,4,10,11.56,6
259,4,10,13.04,6
260,4,10,12.08,6
261,4,10,12.86,6
262,4,10,12.9,6
263,4,10,12.12,6
264,4,10,11.86,6
265,4,10,11.56,6
266,4,10,12.16,6
267,4,10,11.38,6
268,4,10,11.2,6
269,4,10,11.46,6
270,4,10,11.86,6
271,4,10,12.34,6
272,4,10,11.58,6
273,4,10,12.38,6
274,4,10,11.8,6
275,4,10,11.88,6
276,4,10,11.06,6
277,4,10,12.06,5
278,4,10,12.48,5
279,4,10,11.84,5
280,4,10,11.68,5
281,4,10,11.32,5
282,4,10,11.34,4
283,4,10,11.64,4
284,4,10,10.88,4
285,4,10,11.1,4
286,4,10,10.44,4
287,4,10,10.22,4
288,4,10,10.66,4
289,4,10,10.2,4
290,4,10,9.76,4
291,4,10,10.98,4
292,4,10,11.16,4
293,4,10,11.56,4
294,4,10,10.64,4
295,4,10,10.06,4
296,4,10,10.14,4
297,4,10,10.04,4
298,4,10,9.96,4
299,4,10,9.38,4
300,4,10,9.9,4
301,4,10,10.98,4
302,4,10,10.52,4
303,4,10,10.1,4
304,4,10,10.38,4
305,4,10,9.8,4
306,4,10,10.1,4
307,4,10,10.12,4
308,4,10,9.56,4
309,4,10,10.14,4
310,4,10,10.02,4
311,4,10,10.28,4
312,4,10,10.12,4
313,4,10,10.92,4
314,4,10,9.9,4
315,4,10,9.82,4
316,4,10,10.06,4
317,4,10,10.36,4
318,4,10,9.38,4
319,4,10,10.24,4
320,4,10,10.2,4
321,4,10,9.9,4
322,4,10,10.14,4
323,4,10,9.36,4
324,4,10,10.02,4
325,4,10,9.94,4
326,4,10,10.66,4
327,4,10,10.86,4
328,4,10,9.08,4
329,4,10,9.64,4
330,4,10,10.46,4
331,4,10,9.72,4
332,4,10,10.1,4
333,4,10,10.18,4
334,4,10,10.54,4
335,4,10,10.84,4
336,4,10,10.64,4
337,4,10,10.88,4
338,4,10,9.88,4
339,4,10,9.94,4
340,4,10,10.1,4
341,4,10,10.6,4
342,4,10,10.68,4
343,4,10,10.34,4
344,4,10,9.7,4
345,4,10,9.82,4
346,4,10,9.9,4
347,4,10,10.6,4
348,4,10,10.4,4
349,4,10,9.44,4
350,4,10,9.92,4
351,4,10,10.9,4
352,4,10,11.04,4
353,4,10,10.32,4
354,4,10,10.24,4
355,4,10,9.88,4
356,4,10,9.78,4
357,4,10,10.32,4
358,4,10,10.7,4
359,4,10,9.4,4
360,4,10,9.56,4
361,4,10,9.92,3
362,4,10,9.58,3
363,4,10,10.06,3
364,4,10,9.96,3
365,4,10,8.76,3
366,4,10,9.64,3
367,4,10,9.62,3
368,4,10,10.28,3
369,4,10,9.06,3
370,4,10,10.46,3
371,4,10,10.74,3
372,4,10,10.72,3
373,4,10,11.14,3
374,4,10,10.64,3
375,4,10,10.26,3
376,4,10,9.08,3
377,4,10,9.8,3
378,4,10,9.34,3
379,4,10,9.12,3
380,4,10,9.06,3
381,4,10,8.66,3
382,4,10,8.62,3
383,4,10,9.18,3
384,4,10,10.36,3
385,4,10,10.08,3
386,4,10,10.3,3
387,4,10,9.84,3
388,4,10,9.52,3
389,4,10,9.84,3
390,4,10,9.02,3
391,4,10,9.68,3
392,4,10,9.56,3
393,4,10,9.6,3
394,4,10,9.18,3
395,4,10,9.0,3
396,4,10,10.52,3
397,4,10,9.6,3
398,4,10,9.72,3
399,4,10,10.94,3
400,4,10,10.76,3
401,4,10,9.08,3
402,4,10,9.34,3
403,4,10,9.5,3
404,4,10,8.66,3
405,4,10,9.7,3
406,4,10,9.54,3
407,4,10,9.34,3
408,4,10,10.16,3
409,4,10,10.18,3
410,4,10,10.32,3
411,4,10,8.42,3
412,4,10,10.06,3
413,4,10,9.94,3
414,4,10,9.5,3
415,4,10,10.08,3
416,4,10,9.96,3
417,4,10,9.38,3
418,4,10,9.36,3
419,4,10,8.78,3
420,4,10,8.8,3
421,4,10,8.48,3
422,4,10,8.94,3
423,4,10,9.88,3
424,4,10,8.82,3
425,4,10,9.16,3
426,4,10,8.94,3
427,4,10,9.34,3
428,4,10,9.66,3
429,4,10,9.54,3
430,4,10,10.14,3
431,4,10,9.76,3
432,4,10,10.18,3
433,4,10,10.34,3
434,4,10,10.24,3
435,4,10,10.42,3
436,4,10,10.38,3
437,4,10,10.02,3
438,4,10,9.74,3
439,4,10,9.26,3
440,4,10,9.6,3
441,4,10,9.1,3
442,4,10,9.3,3
443,4,10,9.5,3
444,4,10,9.94,3
445,4,10,11.26,3
446,4,10,11.58,3
447,4,10,10.46,3
448,4,10,9.38,3
449,4,10,9.32,3
450,4,10,8.98,3
451,4,10,9.26,3
452,4,10,9.8,3
453,4,10,8.82,3
454,4,10,9.6,3
455,4,10,10.16,3
456,4,10,10.26,3
457,4,10,10.94,3
458,4,10,10.6,3
459,4,10,10.54,3
460,4,10,10.74,3
461,4,10,9.56,3
462,4,10,8.76,3
463,4,10,9.58,3
464,4,10,9.52,3
465,4,10,10.3,3
466,4,10,10.9,3
467,4,10,9.64,3
468,4,10,9.88,3
469,4,10,9.06,3
470,4,10,9.32,3
471,4,10,9.3,3
472,4,10,10.62,3
473,4,10,9.5,3
474,4,10,9.54,3
475,4,10,9.8,3
476,4,10,9.78,3
477,4,10,8.8,3
478,4,10,9.44,3
479,4,10,10.18,3
480,4,10,11.02,3
481,4,10,10.08,3
482,4,10,10.24,3
483,4,10,9.82,3
484,4,10,9.04,3
485,4,10,9.08,3
486,4,10,9.06,3
487,4,10,9.36,3
488,4,10,9.5,3
489,4,10,10.2,3
490,4,10,10.44,3
491,4,10,9.5,3
492,4,10,9.28,3
493,4,10,10.28,3
494,4,10,10.52,3
495,4,10,10.3,3
496,4,10,10.8,3
497,4,10,10.48,3
498,4,10,10.98,3
499,4,10,9.84,3
500,4,10,10.44,3
501,4,10,9.86,3
502,4,10,10.76,3
503,4,10,10.5,3
504,4,10,10.4,3
505,4,10,9.94,3
506,4,10,9.7,3
507,4,10,9.04,3
508,4,10,10.0,3
509,4,10,10.42,3
510,4,10,9.94,3
511,4,10,10.26,3
512,4,10,11.26,3
513,4,10,10.66,3
514,4,10,9.86,3
515,4,10,9.46,3
516,4,10,10.48,3
517,4,10,10.36,3
518,4,10,10.5,3
519,4,10,9.72,3
520,4,10,10.48,3
521,4,10,9.24,3
522,4,10,9.68,3
523,4,10,10.02,3
524,4,10,10.96,3
525,4,10,9.42,3
526,4,10,9.38,3
527,4,10,10.26,3
528,4,10,9.88,3
529,4,10,10.08,3
530,4,10,10.74,3
531,4,10,10.96,3
532,4,10,9.26,3
533,4,10,9.9,3
534,4,10,9.4,3
535,4,10,9.56,3
536,4,10,10.14,3
537,4,10,9.54,3
538,4,10,8.64,3
539,4,10,9.18,3
540,4,10,10.34,3
541,4,10,10.04,3
542,4,10,8.9,3
543,4,10,9.58,3
544,4,10,10.32,3
545,4,10,9.74,3
546,4,10,9.72,3
547,4,10,9.04,3
548,4,10,10.34,3
549,4,10,9.6,3
550,4,10,9.66,3
551,4,10,8.8,3
552,4,10,8.8,3
553,4,10,10.28,3
554,4,10,9.28,3
555,4,10,9.08,3
556,4,10,9.62,3
557,4,10,8.84,3
558,4,10,10.1,3
559,4,10,9.4,3
560,4,10,10.26,3
561,4,10,9.86,3
562,4,10,10.34,3
563,4,10,10.72,3
564,4,10,9.7,3
565,4,10,9.92,3
566,4,10,10.08,3
567,4,10,10.66,3
568,4,10,10.58,3
569,4,10,9.54,3
570,4,10,9.98,3
571,4,10,9.1,3
572,4,10,9.8,3
573,4,10,10.08,3
574,4,10,10.1,3
575,4,10,9.48,3
576,4,10,10.24,3
577,4,10,11.12,3
578,4,10,11.3,3
579,4,10,10.26,3
580,4,10,9.68,3
581,4,10,10.1,3
582,4,10,9.26,3
583,4,10,7.9,3
584,4,10,9.28,3
585,4,10,8.9,3
586,4,10,8.6,3
587,4,10,8.8,3
588,4,10,9.22,3
589,4,10,9.36,3
590,4,10,9.56,3
591,4,10,9.78,3
592,4,10,11.04,3
593,4,10,10.28,3
594,4,10,9.66,3
595,4,10,8.82,3
596,4,10,9.0,3
597,4,10,9.92,3
598,4,10,9.32,3
599,4,10,9.06,3
600,4,10,8.72,3
601,4,10,9.02,3
602,4,10,9.02,3
603,4,10,9.36,3
604,4,10,9.96,3
605,4,10,9.84,3
606,4,10,9.4,3
607,4,10,10.76,3
608,4,10,9.68,3
609,4,10,9.12,3
610,4,10,9.5,3
611,4,10,9.34,3
612,4,10,9.78,3
613,4,10,8.92,3
614,4,10,9.54,3
615,4,10,8.44,3
616,4,10,9.22,3
617,4,10,9.48,3
618,4,10,8.66,3
619,4,10,9.2,3
620,4,10,9.38,3
621,4,10,9.74,3
622,4,10,9.02,3
623,4,10,8.66,3
624,4,10,8.3,3
625,4,10,8.24,3
626,4,10,8.86,3
627,4,10,9.02,3
628,4,10,8.58,3
629,4,10,9.56,3
630,4,10,9.14,3
631,4,10,9.66,3
632,4,10,9.7,3
633,4,10,9.22,3
634,4,10,10.0,3
635,4,10,8.94,3
636,4,10,8.94,3
637,4,10,9.34,3
638,4,10,9.64,3
639,4,10,8.98,3
640,4,10,9.44,3
641,4,10,9.04,3
642,4,10,8.86,3
643,4,10,8.64,3
644,4,10,7.94,3
645,4,10,9.3,3
646,4,10,9.24,3
647,4,10,9.84,3
648,4,10,8.84,3
649,4,10,10.28,3
650,4,10,10.1,3
651,4,10,9.64,3
652,4,10,9.04,3
653,4,10,9.04,3
654,4,10,9.08,3
655,4,10,9.32,3
656,4,10,8.66,3
657,4,10,9.16,3
658,4,10,9.68,3
659,4,10,9.62,3
660,4,10,9.38,3
661,4,10,9.06,3
662,4,10,8.72,3
663,4,10,10.16,3
664,4,10,10.54,3
665,4,10,10.4,3
666,4,10,10.46,3
667,4,10,10.22,3
668,4,10,9.42,3
669,4,10,10.58,3
670,4,10,9.4,3
671,4,10,10.1,3
672,4,10,9.64,3
673,4,10,9.88,3
674,4,10,9.64,3
675,4,10,9.66,3
676,4,10,9.86,3
677,4,10,9.34,3
678,4,10,8.9,3
679,4,10,8.94,3
680,4,10,9.12,3
681,4,10,9.4,3
682,4,10,9.84,3
683,4,10,9.46,3
684,4,10,9.96,3
685,4,10,9.88,3
686,4,10,11.0,3
687,4,10,12.26,3
688,4,10,10.9,3
689,4,10,10.74,3
690,4,10,11.64,3
691,4,10,10.38,3
692,4,10,9.26,3
693,4,10,9.02,3
694,4,10,10.68,3
695,4,10,10.04,3
696,4,10,10.68,3
697,4,10,10.22,3
698,4,10,10.72,3
699,4,10,9.5,3
700,4,10,9.66,3
701,4,10,10.2,3
702,4,10,10.1,3
703,4,10,10.84,3
704,4,10,9.88,3
705,4,10,10.34,3
706,4,10,10.26,3
707,4,10,10.18,3
708,4,10,10.74,3
709,4,10,9.02,3
710,4,10,8.92,3
711,4,10,9.3,3
712,4,10,9.48,3
713,4,10,8.88,3
714,4,10,9.3,3
715,4,10,9.72,3
716,4,10,8.98,3
717,4,10,9.68,3
718,4,10,9.42,3
719,4,10,9.46,3
720,4,10,10.78,3
721,4,10,9.9,3
722,4,10,10.34,3
723,4,10,10.16,3
724,4,10,9.04,3
725,4,10,9.34,3
726,4,10,9.6,3
727,4,10,9.64,3
728,4,10,10.32,3
729,4,10,9.56,3
730,4,10,9.36,3
731,4,10,9.5,3
732,4,10,10.08,3
733,4,10,9.78,3
734,4,10,10.04,3
735,4,10,10.06,3
736,4,10,10.64,3
737,4,10,8.82,3
738,4,10,9.44,3
739,4,10,10.54,3
740,4,10,9.64,3
741,4,10,10.24,3
742,4,10,9.38,3
743,4,10,8.76,3
744,4,10,9.1,3
745,4,10,8.9,3
746,4,10,9.9,3
747,4,10,9.28,3
748,4,10,9.2,3
749,4,10,8.92,3
750,4,10,8.36,3
751,4,10,9.3,3
752,4,10,9.66,3
753,4,10,9.46,3
754,4,10,10.2,3
755,4,10,9.68,3
756,4,10,9.44,3
757,4,10,9.44,3
758,4,10,8.52,3
759,4,10,8.9,3
760,4,10,8.66,3
761,4,10,9.34,3
762,4,10,9.28,3
763,4,10,8.88,3
764,4,10,8.98,3
765,4,10,8.2,3
766,4,10,8.56,3
767,4,10,8.82,3
768,4,10,9.5,3
769,4,10,9.04,3
770,4,10,10.08,3
771,4,10,9.98,3
772,4,10,9.78,3
773,4,10,10.06,3
774,4,10,11.14,3
775,4,10,10.8,3
776,4,10,10.16,3
777,4,10,9.5,3
778,4,10,11.32,3
779,4,10,10.48,3
780,4,10,9.4,3
781,4,10,9.94,3
782,4,10,9.72,3
783,4,10,9.48,3
784,4,10,9.28,3
785,4,10,8.6,3
786,4,10,8.98,3
787,4,10,9.3,3
788,4,10,8.88,3
789,4,10,9.06,3
790,4,10,9.24,3
791,4,10,9.12,3
792,4,10,8.9,3
793,4,10,10.28,3
794,4,10,9.98,3
795,4,10,8.6,3
796,4,10,9.56,3
797,4,10,8.9,3
798,4,10,9.44,3
799,4,10,9.4,3
800,4,10,10.26,3
801,4,10,9.64,3
802,4,10,9.62,3
803,4,10,10.0,3
804,4,10,8.48,3
805,4,10,9.1,3
806,4,10,8.64,3
807,4,10,8.16,3
808,4,10,9.7,3
809,4,10,9.24,3
810,4,10,9.24,3
811,4,10,9.74,3
812,4,10,8.92,3
813,4,10,9.64,3
814,4,10,9.9,3
815,4,10,9.08,3
816,4,10,10.26,3
817,4,10,10.44,3
818,4,10,9.92,3
819,4,10,10.18,3
820,4,10,10.14,3
821,4,10,9.3,3
822,4,10,9.5,3
823,4,10,9.68,3
824,4,10,10.04,3
825,4,10,9.86,3
826,4,10,9.08,3
827,4,10,8.16,3
828,4,10,8.58,3
829,4,10,9.64,3
830,4,10,9.24,3
831,4,10,9.34,3
832,4,10,10.58,3
833,4,10,9.84,3
834,4,10,9.52,3
835,4,10,9.66,3
836,4,10,9.34,3
837,4,10,9.54,3
838,4,10,9.28,3
839,4,10,9.84,3
840,4,10,10.0,3
841,4,10,9.84,3
842,4,10,10.72,3
843,4,10,10.54,3
844,4,10,10.06,3
845,4,10,9.32,3
846,4,10,8.96,3
847,4,10,8.38,3
848,4,10,9.66,3
849,4,10,8.96,3
850,4,10,9.04,3
851,4,10,8.32,3
852,4,10,8.44,3
853,4,10,9.14,3
854,4,10,9.78,3
855,4,10,9.22,3
856,4,10,9.44,3
857,4,10,8.82,3
858,4,10,8.52,3
859,4,10,8.88,3
860,4,10,8.74,3
861,4,10,9.1,3
862,4,10,9.52,3
863,4,10,9.3,3
864,4,10,10.1,3
865,4,10,9.24,3
866,4,10,10.0,3
867,4,10,10.2,3
868,4,10,10.14,3
869,4,10,9.6,3
870,4,10,9.94,3
871,4,10,8.6,3
872,4,10,9.54,3
873,4,10,9.88,3
874,4,10,9.78,3
875,4,10,9.9,3
876,4,10,10.22,3
877,4,10,10.44,3
878,4,10,10.08,3
879,4,10,10.5,3
880,4,10,10.46,3
881,4,10,10.6,3
882,4,10,10.52,3
883,4,10,9.94,3
884,4,10,9.56,3
885,4,10,9.2,3
886,4,10,9.36,3
887,4,10,9.16,3
888,4,10,9.7,3
889,4,10,9.74,3
890,4,10,9.3,3
891,4,10,9.36,3
892,4,10,9.18,3
893,4,10,9.02,3
894,4,10,9.22,3
895,4,10,9.8,3
896,4,10,10.58,3
897,4,10,9.28,3
898,4,10,11.04,3
899,4,10,10.24,3
900,4,10,9.16,3
901,4,10,8.72,3
902,4,10,8.02,3
903,4,10,8.66,3
904,4,10,10.12,3
905,4,10,9.18,3
906,4,10,9.26,3
907,4,10,9.48,3
908,4,10,9.56,3
909,4,10,9.32,3
910,4,10,9.96,3
911,4,10,9.24,3
912,4,10,9.34,3
913,4,10,9.8,3
914,4,10,9.68,3
915,4,10,9.34,3
916,4,10,9.42,3
917,4,10,9.14,3
918,4,10,9.44,3
919,4,10,10.04,3
920,4,10,10.1,3
921,4,10,9.8,3
922,4,10,9.48,3
923,4,10,9.38,3
924,4,10,9.6,3
925,4,10,9.44,3
926,4,10,8.62,2
927,4,10,7.88,2
928,4,10,8.94,2
929,4,10,8.82,2
930,4,10,8.52,2
931,4,10,9.14,2
932,4,10,9.02,2
933,4,10,8.6,2
934,4,10,8.78,2
935,4,10,7.52,2
936,4,10,7.56,2
937,4,10,8.26,2
938,4,10,9.0,2
939,4,10,9.36,2
940,4,10,8.68,2
941,4,10,8.36,2
942,4,10,9.52,2
943,4,10,9.66,2
944,4,10,8.32,2
945,4,10,9.0,2
946,4,10,9.44,2
947,4,10,9.32,2
948,4,10,9.48,2
949,4,10,10.0,2
950,4,10,8.44,2
951,4,10,9.6,2
952,4,10,8.98,2
953,4,10,9.04,2
954,4,10,10.18,2
955,4,10,9.68,2
956,4,10,9.88,2
957,4,10,9.56,2
958,4,10,8.78,2
959,4,10,8.28,2
960,4,10,8.9,2
961,4,10,8.3,2
962,4,10,8.48,2
963,4,10,9.12,2
964,4,10,9.6,2
965,4,10,8.26,2
966,4,10,8.1,2
967,4,10,10.32,2
968,4,10,8.66,2
969,4,10,9.34,2
970,4,10,8.82,2
971,4,10,7.96,2
972,4,10,7.92,2
973,4,10,8.66,2
974,4,10,9.14,2
975,4,10,8.8,2
976,4,10,9.04,2
977,4,10,9.36,2
978,4,10,8.58,2
979,4,10,8.66,2
980,4,10,8.78,2
981,4,10,7.92,2
982,4,10,8.5,2
983,4,10,9.04,2
984,4,10,9.1,2
985,4,10,8.2,2
986,4,10,8.82,2
987,4,10,9.44,2
988,4,10,9.2,2
989,4,10,9.02,2
990,4,10,7.22,2
991,4,10,6.72,2
992,4,10,7.3,2
993,4,10,8.06,2
994,4,10,8.38,2
995,4,10,9.04,2
996,4,10,9.02,2
997,4,10,9.36,2
998,4,10,7.86,2
999,4,10,8.18,2
1000,4,10,8.24,2
1001,4,10,8.68,2
1002,4,10,9.02,2
1003,4,10,8.34,2
1004,4,10,9.78,2
1005,4,10,8.88,2
1006,4,10,9.14,2
1007,4,10,8.86,2
1008,4,10,7.82,2
1009,4,10,7.4,2
1010,4,10,8.42,2
1011,4,10,7.8,2
1012,4,10,9.52,2
1013,4,10,8.72,2
1014,4,10,8.06,2
1015,4,10,9.62,2
1016,4,10,8.32,2
1017,4,10,8.24,2
1018,4,10,8.44,2
1019,4,10,8.02,2
1020,4,10,8.34,2
1021,4,10,8.3,2
1022,4,10,10.44,2
1023,4,10,8.18,2
1024,4,10,9.2,2
1025,4,10,8.78,2
1026,4,10,9.34,2
1027,4,10,8.36,2
1028,4,10,8.68,2
1029,4,10,8.74,2
1030,4,10,9.76,2
1031,4,10,8.88,2
1032,4,10,7.58,2
1033,4,10,8.3,2
1034,4,10,8.8,2
1035,4,10,9.02,2
1036,4,10,8.78,2
1037,4,10,9.08,2
1038,4,10,8.56,2
1039,4,10,9.8,2
1040,4,10,8.46,2
1041,4,10,8.52,2
1042,4,10,9.48,2
1043,4,10,8.54,2
1044,4,10,8.14,2
1045,4,10,8.66,2
1046,4,10,8.78,2
1047,4,10,9.24,2
1048,4,10,9.28,2
1049,4,10,8.84,2
1050,4,10,9.56,2
1051,4,10,9.02,2
1052,4,10,8.6,2
1053,4,10,7.94,2
1054,4,10,8.9,2
1055,4,10,9.36,2
1056,4,10,9.26,2
1057,4,10,9.64,2
1058,4,10,8.0,2
1059,4,10,8.62,2
1060,4,10,7.76,1
1061,4,10,7.34,1
1062,4,10,7.48,1
1063,4,10,7.2,1
1064,4,10,6.94,1
1065,4,10,8.08,1
1066,4,10,7.98,1
1067,4,10,7.3,1
1068,4,10,7.34,1
1069,4,10,6.74,1
1070,4,10,7.56,1
1071,4,10,8.44,1
1072,4,10,8.92,1
1073,4,10,7.76,1
1074,4,10,8.0,1
1075,4,10,8.76,1
1076,4,10,8.9,1
1077,4,10,7.4,1
1078,4,10,8.08,1
1079,4,10,7.84,1
1080,4,10,8.14,1
1081,4,10,8.02,1
1082,4,10,8.92,1
1083,4,10,8.54,1
1084,4,10,8.88,1
1085,4,10,8.52,1
1086,4,10,8.02,1
1087,4,10,8.1,1
1088,4,10,8.6,1
1089,4,10,8.3,1
1090,4,10,9.0,1
1091,4,10,8.62,1
1092,4,10,7.18,1
1093,4,10,7.12,1
1094,4,10,7.68,1
1095,4,10,7.34,1
1096,4,10,8.08,1
1097,4,10,8.44,1
1098,4,10,7.58,1
1099,4,10,8.2,1
1100,4,10,7.62,1
1101,4,10,7.88,1
1102,4,10,7.8,1
1103,4,10,7.82,1
1104,4,10,7.5,1
1105,4,10,8.04,1
1106,4,10,9.0,1
1107,4,10,8.44,1
1108,4,10,8.26,1
1109,4,10,8.1,1
1110,4,10,7.8,1
1111,4,10,8.16,1
1112,4,10,8.74,1
1113,4,10,7.98,1
1114,4,10,7.44,1
1115,4,10,7.44,1
1116,4,10,7.22,1
1117,4,10,8.46,1
1118,4,10,8.62,1
1119,4,10,8.8,1
1120,4,10,8.8,1
1121,4,10,8.86,1
1122,4,10,7.88,1
1123,4,10,7.4,1
1124,4,10,8.1,1
1125,4,10,7.42,1
1126,4,10,7.14,1
1127,4,10,8.22,1
1128,4,10,6.46,1
1129,4,10,7.48,1
1130,4,10,8.04,1
1131,4,10,6.84,1
1132,4,10,6.34,1
1133,4,10,8.04,1
1134,4,10,8.42,1
1135,4,10,8.5,1
1136,4,10,8.28,1
1137,4,10,8.0,1
1138,4,10,9.52,1
1139,4,10,9.0,1
1140,4,10,8.68,1
1141,4,10,9.3,1
1142,4,10,10.82,1
1143,4,10,8.64,1
1144,4,10,8.4,1
1145,4,10,9.1,1
1146,4,10,8.6,1
1147,4,10,8.9,1
1148,4,10,7.2,1
1149,4,10,8.24,1
1150,4,10,9.34,1
1151,4,10,9.18,1
1152,4,10,8.5,1
1153,4,10,7.22,1
1154,4,10,7.38,1
1155,4,10,8.06,1
1156,4,10,7.38,1
1157,4,10,6.24,1
1158,4,10,6.72,1
1159,4,10,7.54,1
1160,4,10,7.94,1
1161,4,10,7.68,1
1162,4,10,7.28,1
1163,4,10,7.52,1
1164,4,10,7.5,1
1165,4,10,6.42,1
1166,4,10,7.48,1
1167,4,10,7.6,1
1168,4,10,8.1,1
1169,4,10,7.08,1
1170,4,10,6.04,1
1171,4,10,7.26,1
1172,4,10,7.16,1
1173,4,10,6.32,1
1174,4,10,6.32,1
1175,4,10,7.46,1
1176,4,10,6.6,1
1177,4,10,7.7,1
1178,4,10,8.28,1
1179,4,10,7.3,1
1180,4,10,7.76,1
1181,4,10,7.86,1
1182,4,10,7.86,1
1183,4,10,7.46,1
1184,4,10,8.06,1
1185,4,10,8.44,1
1186,4,10,8.06,1
1187,4,10,8.22,1
1188,4,10,8.26,1
1189,4,10,8.46,1
1190,4,10,8.42,1
1191,4,10,7.32,1
1192,4,10,8.12,1
1193,4,10,7.94,1
1194,4,10,8.08,1
1195,4,10,7.94,1
1196,4,10,8.32,1
1197,4,10,8.02,1
1198,4,10,8.08,1
1199,4,10,8.12,1
1200,4,10,8.76,1
1201,4,10,9.16,1
1202,4,10,7.54,1
1203,4,10,8.64,1
1204,4,10,8.74,1
1205,4,10,8.24,1
1206,4,10,7.92,1
1207,4,10,8.46,1
1208,4,10,8.68,1
1209,4,10,7.64,1
1210,4,10,7.96,1
1211,4,10,7.44,1
1212,4,10,8.16,1
1213,4,10,8.02,1
1214,4,10,7.54,1
1215,4,10,6.6,1
1216,4,10,8.12,1
1217,4,10,7.64,1
1218,4,10,8.88,1
1219,4,10,8.58,1
1220,4,10,7.8,1
1221,4,10,8.06,1
1222,4,10,7.96,1
1223,4,10,7.8,1
1224,4,10,7.78,1
1225,4,10,8.4,1
1226,4,10,8.22,1
1227,4,10,7.58,1
1228,4,10,7.72,1
1229,4,10,8.66,1
1230,4,10,7.9,1
1231,4,10,7.9,1
1232,4,10,8.7,1
1233,4,10,7.4,1
1234,4,10,8.34,1
1235,4,10,7.96,1
1236,4,10,8.0,1
1237,4,10,8.02,1
1238,4,10,8.14,1
1239,4,10,8.06,1
1240,4,10,8.12,1
1241,4,10,8.52,1
1242,4,10,8.36,1
1243,4,10,8.04,1
1244,4,10,7.86,1
1245,4,10,7.5,1
1246,4,10,7.58,1
1247,4,10,7.8,1
1248,4,10,9.32,1
1249,4,10,8.52,1
1250,4,10,7.44,1
1251,4,10,6.92,1
1252,4,10,7.04,1
1253,4,10,6.9,1
1254,4,10,7.2,1
1255,4,10,6.86,1
1256,4,10,7.46,1
1257,4,10,6.96,1
1258,4,10,7.32,1
1259,4,10,7.44,1
1260,4,10,6.92,1
1261,4,10,7.78,1
1262,4,10,7.28,1
1263,4,10,6.58,1
1264,4,10,7.54,1
1265,4,10,8.26,1
1266,4,10,8.16,1
1267,4,10,7.9,1
1268,4,10,8.22,1
1269,4,10,7.58,1
1270,4,10,9.12,1
1271,4,10,9.08,1
1272,4,10,8.36,1
1273,4,10,7.98,1
1274,4,10,8.48,1
1275,4,10,7.76,1
1276,4,10,8.62,1
1277,4,10,8.44,1
1278,4,10,6.88,1
1279,4,10,7.7,1
1280,4,10,8.1,1
1281,4,10,7.6,1
1282,4,10,7.14,1
1283,4,10,6.34,1
1284,4,10,6.62,1
1285,4,10,7.22,1
1286,4,10,8.06,1
1287,4,10,7.34,1
1288,4,10,7.04,1
1289,4,10,7.0,1
1290,4,10,7.34,1
1291,4,10,6.88,1
1292,4,10,7.62,1
1293,4,10,8.52,1
1294,4,10,7.58,1
1295,4,10,8.04,1
1296,4,10,7.36,1
1297,4,10,7.32,1
1298,4,10,7.2,1
1299,4,10,8.26,1
1300,4,10,7.96,1
1301,4,10,8.66,1
1302,4,10,7.18,1
1303,4,10,8.74,1
1304,4,10,8.66,1
1305,4,10,7.98,1
1306,4,10,8.18,1
1307,4,10,8.12,1
1308,4,10,7.8,1
1309,4,10,7.46,1
1310,4,10,7.34,1
1311,4,10,6.64,1
1312,4,10,7.52,1
1313,4,10,7.44,1
1314,4,10,7.8,1
1315,4,10,7.22,1
1316,4,10,7.16,1
1317,4,10,8.06,1
1318,4,10,8.92,1
1319,4,10,8.58,1
1320,4,10,8.26,1
1321,4,10,6.74,1
1322,4,10,6.86,1
1323,4,10,8.22,1
1324,4,10,7.52,1
1325,4,10,8.14,1
1326,4,10,7.44,1
1327,4,10,7.88,1
1328,4,10,7.9,1
1329,4,10,7.98,1
1330,4,10,8.2,1
1331,4,10,7.48,1
1332,4,10,8.64,1
1333,4,10,7.74,1
1334,4,10,8.14,1
1335,4,10,8.34,1
1336,4,10,8.2,1
1337,4,10,7.24,1
1338,4,10,7.3,1
1339,4,10,7.06,1
1340,4,10,7.76,1
1341,4,10,8.52,1
1342,4,10,7.74,1
1343,4,10,7.7,1
1344,4,10,6.56,1
1345,4,10,7.12,1
1346,4,10,7.38,1
1347,4,10,8.02,1
1348,4,10,8.3,1
1349,4,10,8.76,1
1350,4,10,7.94,1
1351,4,10,8.64,1
1352,4,10,8.4,1
1353,4,10,7.04,1
1354,4,10,7.42,1
1355,4,10,7.42,1
1356,4,10,7.52,1
1357,4,10,6.94,1
1358,4,10,8.18,1
1359,4,10,7.64,1
1360,4,10,7.92,1
1361,4,10,8.22,1
1362,4,10,8.28,1
1363,4,10,9.18,1
1364,4,10,8.66,1
1365,4,10,8.4,1
1366,4,10,7.78,1
1367,4,10,8.32,1
1368,4,10,8.68,1
1369,4,10,8.26,1
1370,4,10,8.06,1
1371,4,10,8.16,1
1372,4,10,8.16,1
1373,4,10,6.66,1
1374,4,10,6.4,1
1375,4,10,6.46,1
1376,4,10,6.92,1
1377,4,10,6.32,1
1378,4,10,7.58,1
1379,4,10,7.76,1
1380,4,10,8.6,1
1381,4,10,7.84,1
1382,4,10,8.52,1
1383,4,10,9.48,1
1384,4,10,8.6,1
1385,4,10,7.7,1
1386,4,10,8.06,1
1387,4,10,8.34,1
1388,4,10,8.3,1
1389,4,10,7.66,1
1390,4,10,8.44,1
1391,4,10,7.24,1
1392,4,10,7.84,1
1393,4,10,7.94,1
1394,4,10,6.8,1
1395,4,10,7.94,1
1396,4,10,9.64,1
1397,4,10,9.3,1
1398,4,10,9.22,1
1399,4,10,7.9,1
1400,4,10,6.98,1
1401,4,10,7.62,1
1402,4,10,7.48,1
1403,4,10,8.16,1
1404,4,10,6.92,1
1405,4,10,7.66,1
1406,4,10,9.28,1
1407,4,10,8.64,1
1408,4,10,8.2,1
1409,4,10,8.22,1
1410,4,10,9.22,1
1411,4,10,8.28,1
1412,4,10,9.3,1
1413,4,10,9.48,1
1414,4,10,9.5,1
1415,4,10,8.6,1
1416,4,10,7.76,1
1417,4,10,7.58,1
1418,4,10,8.06,1
1419,4,10,8.58,1
1420,4,10,7.86,1
1421,4,10,8.64,1
1422,4,10,9.1,1
1423,4,10,8.22,1
1424,4,10,7.92,1
1425,4,10,8.34,1
1426,4,10,7.76,1
1427,4,10,8.46,1
1428,4,10,8.42,1
1429,4,10,7.48,1
1430,4,10,8.12,1
1431,4,10,7.48,1
1432,4,10,8.16,1
1433,4,10,7.8,1
1434,4,10,8.0,1
1435,4,10,6.82,1
1436,4,10,7.4,1
1437,4,10,8.08,1
1438,4,10,8.24,1
1439,4,10,8.86,1
1440,4,10,8.0,1
1441,4,10,8.2,1
1442,4,10,8.86,1
1443,4,10,7.78,1
1444,4,10,8.52,1
1445,4,10,8.16,1
1446,4,10,9.04,1
1447,4,10,7.76,1
1448,4,10,8.34,1
1449,4,10,7.34,1
1450,4,10,7.98,1
1451,4,10,7.86,1
1452,4,10,7.48,1
1453,4,10,7.48,1
1454,4,10,8.24,1
1455,4,10,8.06,1
1456,4,10,8.22,1
1457,4,10,8.24,1
1458,4,10,9.44,1
1459,4,10,9.56,1
1460,4,10,9.02,1
1461,4,10,8.28,1
1462,4,10,8.26,1
1463,4,10,7.26,1
1464,4,10,8.48,1
1465,4,10,8.42,1
1466,4,10,8.96,1
1467,4,10,8.9,1
1468,4,10,8.8,1
1469,4,10,8.54,1
1470,4,10,7.5,1
1471,4,10,7.62,1
1472,4,10,6.98,1
1473,4,10,7.06,1
1474,4,10,8.7,1
1475,4,10,8.72,1
1476,4,10,9.08,1
1477,4,10,8.12,1
1478,4,10,8.44,1
1479,4,10,7.04,1
1480,4,10,6.82,1
1481,4,10,8.26,1
1482,4,10,7.94,1
1483,4,10,7.38,1
1484,4,10,7.06,1
1485,4,10,8.1,1
1486,4,10,7.84,1
1487,4,10,7.48,1
1488,4,10,8.3,1
1489,4,10,9.2,1
1490,4,10,9.54,1
1491,4,10,8.24,1
1492,4,10,7.36,1
1493,4,10,7.28,1
1494,4,10,8.2,1
1495,4,10,7.66,1
1496,4,10,8.78,1
1497,4,10,8.36,1
1498,4,10,8.22,1
1499,4,10,8.26,1
1500,4,10,7.74,1
1501,4,10,8.14,1
1502,4,10,7.56,1
1503,4,10,7.36,1
1504,4,10,6.94,1
1505,4,10,7.46,1
1506,4,10,7.9,1
1507,4,10,8.3,1
1508,4,10,7.38,1
1509,4,10,7.6,1
1510,4,10,6.74,1
1511,4,10,7.52,1
1512,4,10,8.08,1
1513,4,10,6.78,1
1514,4,10,7.52,1
1515,4,10,7.26,1
1516,4,10,7.54,1
1517,4,10,7.72,1
1518,4,10,8.3,1
1519,4,10,8.22,1
1520,4,10,9.28,1
1521,4,10,8.54,1
1522,4,10,9.2,1
1523,4,10,7.82,1
1524,4,10,8.28,1
1525,4,10,7.44,1
1526,4,10,8.5,1
1527,4,10,7.06,1
1528,4,10,8.14,1
1529,4,10,8.16,1
1530,4,10,8.02,1
1531,4,10,7.78,1
1532,4,10,8.18,1
1533,4,10,7.66,1
1534,4,10,8.12,1
1535,4,10,8.2,1
1536,4,10,8.64,1
1537,4,10,8.36,1
1538,4,10,9.2,1
1539,4,10,9.36,1
1540,4,10,9.24,1
1541,4,10,8.14,1
1542,4,10,8.18,1
1543,4,10,7.76,1
1544,4,10,7.42,1
1545,4,10,7.52,1
1546,4,10,8.74,1
1547,4,10,7.02,1
1548,4,10,7.56,1
1549,4,10,6.5,1
1550,4,10,8.2,1
1551,4,10,7.64,1
1552,4,10,7.86,1
1553,4,10,7.48,1
1554,4,10,7.36,1
1555,4,10,8.28,1
1556,4,10,7.96,1
1557,4,10,8.02,1
1558,4,10,7.26,1
1559,4,10,7.8,1
1560,4,10,7.72,1
1561,4,10,6.68,1
1562,4,10,7.24,1
1563,4,10,6.38,1
1564,4,10,5.92,1
1565,4,10,7.26,1
1566,4,10,9.16,1
1567,4,10,8.64,1
1568,4,10,8.26,1
1569,4,10,7.88,1
1570,4,10,8.4,1
1571,4,10,7.92,1
1572,4,10,7.5,1
1573,4,10,7.32,1
1574,4,10,7.88,1
1575,4,10,7.48,1
1576,4,10,8.46,1
1577,4,10,7.62,1
1578,4,10,7.0,1
1579,4,10,7.06,1
1580,4,10,6.46,1
1581,4,10,5.68,1
1582,4,10,6.84,1
1583,4,10,6.16,1
1584,4,10,7.02,1
1585,4,10,7.08,1
1586,4,10,7.52,1
1587,4,10,8.18,1
1588,4,10,8.3,1
1589,4,10,8.38,1
1590,4,10,9.76,1
1591,4,10,8.98,1
1592,4,10,9.28,1
1593,4,10,8.24,1
1594,4,10,8.1,1
1595,4,10,8.64,1
1596,4,10,8.18,1
1597,4,10,8.5,1
1598,4,10,9.7,1
1599,4,10,9.18,1
1600,4,10,8.66,1
1601,4,10,8.34,1
1602,4,10,8.5,1
1603,4,10,8.38,1
1604,4,10,7.84,1
1605,4,10,7.68,1
1606,4,10,8.04,1
1607,4,10,7.94,1
1608,4,10,8.58,1
1609,4,10,8.28,1
1610,4,10,8.1,1
1611,4,10,7.28,1
1612,4,10,6.44,1
1613,4,10,7.18,1
1614,4,10,7.48,1
1615,4,10,7.06,1
1616,4,10,7.62,1
1617,4,10,7.84,1
1618,4,10,8.0,1
1619,4,10,7.62,1
1620,4,10,7.2,1
1621,4,10,7.2,1
1622,4,10,7.48,1
1623,4,10,7.78,1
1624,4,10,8.42,1
1625,4,10,8.46,0
0,5,10,54.98,40
1,5,10,43.98,37
2,5,10,41.56,32
3,5,10,39.28,32
4,5,10,37.86,30
5,5,10,38.46,30
6,5,10,35.68,29
7,5,10,33.54,29
8,5,10,33.36,28
9,5,10,33.44,26
10,5,10,31.9,25
11,5,10,29.7,24
12,5,10,27.92,23
13,5,10,27.54,22
14,5,10,26.68,21
15,5,10,25.98,20
16,5,10,24.56,20
17,5,10,24.24,19
18,5,10,24.04,19
19,5,10,23.64,18
20,5,10,23.24,18
21,5,10,22.42,15
22,5,10,21.08,15
23,5,10,20.72,15
24,5,10,19.6,15
25,5,10,19.74,15
26,5,10,20.08,14
27,5,10,18.52,14
28,5,10,19.4,14
29,5,10,19.88,14
30,5,10,18.2,13
31,5,10,18.14,13
32,5,10,18.1,12
33,5,10,17.36,12
34,5,10,17.56,12
35,5,10,18.16,12
36,5,10,17.28,12
37,5,10,17.6,12
38,5,10,17.96,12
39,5,10,17.04,12
40,5,10,16.8,12
41,5,10,16.1,12
42,5,10,16.66,12
43,5,10,16.6,12
44,5,10,16.76,12
45,5,10,16.8,12
46,5,10,16.62,12
47,5,10,17.36,12
48,5,10,17.9,12
49,5,10,17.34,11
50,5,10,16.82,11
51,5,10,16.48,11
52,5,10,16.14,11
53,5,10,15.76,11
54,5,10,16.32,11
55,5,10,16.34,10
56,5,10,15.76,10
57,5,10,15.36,10
58,5,10,16.18,10
59,5,10,15.42,10
60,5,10,14.42,10
61,5,10,14.8,10
62,5,10,15.52,10
63,5,10,15.18,10
64,5,10,15.4,10
65,5,10,15.32,10
66,5,10,15.46,10
67,5,10,14.96,10
68,5,10,15.62,10
69,5,10,15.72,10
70,5,10,16.82,10
71,5,10,15.6,10
72,5,10,15.92,10
73,5,10,15.68,10
74,5,10,15.84,10
75,5,10,14.64,10
76,5,10,15.1,10
77,5,10,15.06,9
78,5,10,15.2,9
79,5,10,14.52,9
80,5,10,13.98,8
81,5,10,14.38,8
82,5,10,13.48,8
83,5,10,13.08,8
84,5,10,13.38,7
85,5,10,14.02,7
86,5,10,13.0,7
87,5,10,13.1,7
88,5,10,13.04,7
89,5,10,12.5,7
90,5,10,12.06,7
91,5,10,11.54,6
92,5,10,11.7,6
93,5,10,12.06,6
94,5,10,12.04,6
95,5,10,11.74,6
96,5,10,11.56,6
97,5,10,11.1,6
98,5,10,11.32,6
99,5,10,10.8,6
100,5,10,11.38,6
101,5,10,12.2,5
102,5,10,11.54,5
103,5,10,10.36,5
104,5,10,10.76,5
105,5,10,10.64,5
106,5,10,11.16,5
107,5,10,12.38,5
108,5,10,10.66,5
109,5,10,11.02,5
110,5,10,11.68,5
111,5,10,11.44,5
112,5,10,10.54,5
113,5,10,10.88,5
114,5,10,11.42,5
115,5,10,11.2,5
116,5,10,11.9,5
117,5,10,12.36,5
118,5,10,12.22,5
119,5,10,12.24,5
120,5,10,11.36,5
121,5,10,10.18,5
122,5,10,10.6,5
123,5,10,11.1,5
124,5,10,12.0,5
125,5,10,11.72,5
126,5,10,11.38,5
127,5,10,12.82,5
128,5,10,11.18,5
129,5,10,11.3,5
130,5,10,11.0,5
131,5,10,11.38,5
132,5,10,11.22,5
133,5,10,9.96,5
134,5,10,10.62,5
135,5,10,11.8,5
136,5,10,11.78,5
137,5,10,11.3,5
138,5,10,11.18,5
139,5,10,11.86,5
140,5,10,11.7,5
141,5,10,11.74,5
142,5,10,10.26,5
143,5,10,11.36,5
144,5,10,10.92,5
145,5,10,10.88,5
146,5,10,10.52,5
147,5,10,10.36,5
148,5,10,10.36,5
149,5,10,10.18,5
150,5,10,10.36,5
151,5,10,10.3,4
152,5,10,10.36,4
153,5,10,10.7,4
154,5,10,11.18,4
155,5,10,10.3,4
156,5,10,10.28,4
157,5,10,11.84,4
158,5,10,11.24,4
159,5,10,10.66,4
160,5,10,10.1,4
161,5,10,10.42,4
162,5,10,10.44,4
163,5,10,10.18,4
164,5,10,9.26,4
165,5,10,9.76,4
166,5,10,9.94,4
167,5,10,9.98,4
168,5,10,9.66,4
169,5,10,9.6,4
170,5,10,10.94,4
171,5,10,10.58,4
172,5,10,10.66,4
173,5,10,10.52,4
174,5,10,10.64,4
175,5,10,10.24,4
176,5,10,11.0,4
177,5,10,10.02,4
178,5,10,9.48,4
179,5,10,9.94,4
180,5,10,10.54,4
181,5,10,10.66,4
182,5,10,10.64,4
183,5,10,10.5,4
184,5,10,11.54,4
185,5,10,10.32,4
186,5,10,9.46,4
187,5,10,10.32,4
188,5,10,10.5,4
189,5,10,9.18,4
190,5,10,10.46,4
191,5,10,10.86,4
192,5,10,10.66,4
193,5,10,10.34,4
194,5,10,9.48,4
195,5,10,10.04,4
196,5,10,9.54,4
197,5,10,10.3,4
198,5,10,10.26,4
199,5,10,10.12,4
200,5,10,10.26,4
201,5,10,9.96,4
202,5,10,11.04,4
203,5,10,10.36,4
204,5,10,9.8,4
205,5,10,10.46,4
206,5,10,9.84,4
207,5,10,10.96,4
208,5,10,10.94,4
209,5,10,10.72,4
210,5,10,11.24,4
211,5,10,10.66,4
212,5,10,10.04,4
213,5,10,10.84,4
214,5,10,10.42,4
215,5,10,10.24,4
216,5,10,11.08,4
217,5,10,10.46,4
218,5,10,9.38,4
219,5,10,9.78,4
220,5,10,9.36,4
221,5,10,10.56,4
222,5,10,10.04,4
223,5,10,10.02,4
224,5,10,9.7,4
225,5,10,9.9,4
226,5,10,10.94,4
227,5,10,10.66,4
228,5,10,10.1,4
229,5,10,10.78,4
230,5,10,10.38,4
231,5,10,10.98,4
232,5,10,10.3,4
233,5,10,9.86,4
234,5,10,10.28,4
235,5,10,10.98,4
236,5,10,11.72,4
237,5,10,10.3,4
238,5,10,11.3,4
239,5,10,10.94,4
240,5,10,11.94,4
241,5,10,11.54,4
242,5,10,11.1,4
243,5,10,10.92,4
244,5,10,11.1,4
245,5,10,10.78,4
246,5,10,9.84,4
247,5,10,11.18,4
248,5,10,11.78,4
249,5,10,10.36,4
250,5,10,9.8,4
251,5,10,9.8,4
252,5,10,10.14,4
253,5,10,11.36,4
254,5,10,10.8,4
255,5,10,11.06,4
256,5,10,10.32,4
257,5,10,10.36,4
258,5,10,10.86,4
259,5,10,11.18,4
260,5,10,10.08,4
261,5,10,10.94,4
262,5,10,9.98,4
263,5,10,10.14,4
264,5,10,10.98,4
265,5,10,10.76,4
266,5,10,11.18,4
267,5,10,10.98,4
268,5,10,9.94,4
269,5,10,10.92,4
270,5,10,10.78,4
271,5,10,10.32,4
272,5,10,10.48,4
273,5,10,9.7,4
274,5,10,9.64,4
275,5,10,10.26,4
276,5,10,9.68,4
277,5,10,10.12,4
278,5,10,10.42,4
279,5,10,10.7,4
280,5,10,11.06,4
281,5,10,10.74,4
282,5,10,10.58,4
283,5,10,10.58,4
284,5,10,10.9,4
285,5,10,10.3,4
286,5,10,9.9,4
287,5,10,11.22,4
288,5,10,12.06,4
289,5,10,11.7,4
290,5,10,10.98,4
291,5,10,10.76,4
292,5,10,10.12,4
293,5,10,10.68,4
294,5,10,9.54,4
295,5,10,10.28,4
296,5,10,10.82,4
297,5,10,9.44,4
298,5,10,9.62,4
299,5,10,9.92,4
300,5,10,9.96,4
301,5,10,9.36,4
302,5,10,9.68,4
303,5,10,9.74,4
304,5,10,9.08,4
305,5,10,9.34,4
306,5,10,10.64,4
307,5,10,9.02,4
308,5,10,9.86,4
309,5,10,9.42,4
310,5,10,11.12,4
311,5,10,10.32,4
312,5,10,9.78,4
313,5,10,10.84,4
314,5,10,10.72,4
315,5,10,9.92,4
316,5,10,9.52,4
317,5,10,10.46,4
318,5,10,10.18,4
319,5,10,11.16,4
320,5,10,11.28,4
321,5,10,10.1,4
322,5,10,10.34,4
323,5,10,10.62,4
324,5,10,10.96,4
325,5,10,10.92,4
326,5,10,10.28,4
327,5,10,9.84,4
328,5,10,9.42,4
329,5,10,9.92,4
330,5,10,9.62,4
331,5,10,10.58,4
332,5,10,10.96,4
333,5,10,10.84,4
334,5,10,9.76,4
335,5,10,9.84,4
336,5,10,10.4,4
337,5,10,10.4,4
338,5,10,10.22,4
339,5,10,9.2,4
340,5,10,9.38,4
341,5,10,10.42,4
342,5,10,10.18,4
343,5,10,9.76,4
344,5,10,9.8,4
345,5,10,9.98,4
346,5,10,10.6,4
347,5,10,10.66,4
348,5,10,10.08,4
349,5,10,10.56,4
350,5,10,11.38,4
351,5,10,10.48,4
352,5,10,11.38,4
353,5,10,10.86,4
354,5,10,9.98,4
355,5,10,10.36,4
356,5,10,10.88,4
357,5,10,10.72,4
358,5,10,10.72,4
359,5,10,11.34,4
360,5,10,10.76,4
361,5,10,10.32,4
362,5,10,10.26,4
363,5,10,10.18,4
364,5,10,10.14,4
365,5,10,10.88,4
366,5,10,10.32,4
367,5,10,10.18,4
368,5,10,9.72,4
369,5,10,9.0,4
370,5,10,9.86,4
371,5,10,9.66,4
372,5,10,10.78,4
373,5,10,11.08,4
374,5,10,9.86,4
375,5,10,11.0,4
376,5,10,11.24,4
377,5,10,10.72,4
378,5,10,10.36,4
379,5,10,10.56,4
380,5,10,10.94,4
381,5,10,10.46,4
382,5,10,10.04,4
383,5,10,11.6,4
384,5,10,11.62,4
385,5,10,10.56,4
386,5,10,10.32,4
387,5,10,10.42,4
388,5,10,11.5,4
389,5,10,10.62,4
390,5,10,10.92,4
391,5,10,11.0,4
392,5,10,10.24,3
393,5,10,9.02,3
394,5,10,9.46,3
395,5,10,9.0,3
396,5,10,8.16,3
397,5,10,8.66,3
398,5,10,8.9,3
399,5,10,10.42,3
400,5,10,9.76,3
401,5,10,9.4,3
402,5,10,9.46,3
403,5,10,9.4,3
404,5,10,9.34,3
405,5,10,9.92,3
406,5,10,9.74,3
407,5,10,8.88,3
408,5,10,10.02,3
409,5,10,9.86,3
410,5,10,9.14,3
411,5,10,8.4,3
412,5,10,9.64,3
413,5,10,9.98,3
414,5,10,9.24,3
415,5,10,9.98,3
416,5,10,9.32,3
417,5,10,9.24,3
418,5,10,8.5,3
419,5,10,8.82,3
420,5,10,8.3,3
421,5,10,9.46,3
422,5,10,10.1,3
423,5,10,9.74,3
424,5,10,9.2,3
425,5,10,9.62,3
426,5,10,9.76,3
427,5,10,9.84,3
428,5,10,8.34,3
429,5,10,9.04,3
430,5,10,9.26,3
431,5,10,9.32,3
432,5,10,9.12,3
433,5,10,9.56,3
434,5,10,9.6,3
435,5,10,10.1,3
436,5,10,9.3,3
437,5,10,10.34,3
438,5,10,8.56,3
439,5,10,10.22,3
440,5,10,10.2,3
441,5,10,9.78,3
442,5,10,9.52,3
443,5,10,9.5,3
444,5,10,9.86,3
445,5,10,10.04,3
446,5,10,9.24,3
447,5,10,8.52,3
448,5,10,9.12,3
449,5,10,9.5,3
450,5,10,9.14,3
451,5,10,8.64,3
452,5,10,9.42,3
453,5,10,9.16,3
454,5,10,8.94,3
455,5,10,8.36,3
456,5,10,7.88,3
457,5,10,7.98,3
458,5,10,8.66,3
459,5,10,9.02,3
460,5,10,10.04,3
461,5,10,8.32,3
462,5,10,8.72,3
463,5,10,9.02,3
464,5,10,9.48,3
465,5,10,9.94,3
466,5,10,10.06,3
467,5,10,10.34,3
468,5,10,8.88,3
469,5,10,9.34,3
470,5,10,9.82,3
471,5,10,10.14,3
472,5,10,9.18,3
473,5,10,9.86,3
474,5,10,8.68,3
475,5,10,9.3,3
476,5,10,8.48,3
477,5,10,8.68,3
478,5,10,9.86,3
479,5,10,9.78,3
480,5,10,8.96,3
481,5,10,9.76,3
482,5,10,9.6,3
483,5,10,9.24,3
484,5,10,9.06,3
485,5,10,9.02,3
486,5,10,9.7,3
487,5,10,8.96,3
488,5,10,9.48,3
489,5,10,10.3,3
490,5,10,9.98,3
491,5,10,9.72,3
492,5,10,9.56,3
493,5,10,9.62,3
494,5,10,9.32,3
495,5,10,9.4,3
496,5,10,9.88,3
497,5,10,8.54,3
498,5,10,8.52,3
499,5,10,8.8,3
500,5,10,9.52,3
501,5,10,9.22,3
502,5,10,9.38,3
503,5,10,9.38,3
504,5,10,9.76,3
505,5,10,8.7,3
506,5,10,10.0,3
507,5,10,9.98,3
508,5,10,9.34,3
509,5,10,10.7,3
510,5,10,10.02,3
511,5,10,10.36,3
512,5,10,10.18,3
513,5,10,9.9,3
514,5,10,10.2,3
515,5,10,10.48,3
516,5,10,10.68,3
517,5,10,9.28,3
518,5,10,10.32,3
519,5,10,10.82,3
520,5,10,10.06,3
521,5,10,9.74,3
522,5,10,9.88,3
523,5,10,9.8,3
524,5,10,8.7,3
525,5,10,10.0,3
526,5,10,9.52,3
527,5,10,10.28,3
528,5,10,9.02,3
529,5,10,9.58,3
530,5,10,9.36,3
531,5,10,8.86,3
532,5,10,8.3,3
533,5,10,8.18,3
534,5,10,8.0,3
535,5,10,8.96,3
536,5,10,9.44,3
537,5,10,11.2,3
538,5,10,9.34,3
539,5,10,9.52,3
540,5,10,10.12,3
541,5,10,9.28,3
542,5,10,8.54,3
543,5,10,9.06,3
544,5,10,8.98,3
545,5,10,9.96,3
546,5,10,9.12,3
547,5,10,9.06,3
548,5,10,9.62,3
549,5,10,10.02,3
550,5,10,8.86,3
551,5,10,10.34,3
552,5,10,9.16,3
553,5,10,9.28,3
554,5,10,10.56,3
555,5,10,10.06,3
556,5,10,9.52,3
557,5,10,8.8,3
558,5,10,9.48,3
559,5,10,8.52,3
560,5,10,9.4,3
561,5,10,9.92,3
562,5,10,9.5,3
563,5,10,9.28,3
564,5,10,10.32,3
565,5,10,9.68,3
566,5,10,9.68,3
567,5,10,10.04,3
568,5,10,9.92,3
569,5,10,8.82,3
570,5,10,9.34,3
571,5,10,9.06,3
572,5,10,9.56,3
573,5,10,9.58,3
574,5,10,10.18,3
575,5,10,10.38,3
576,5,10,9.22,3
577,5,10,8.62,3
578,5,10,9.28,3
579,5,10,9.68,3
580,5,10,9.96,3
581,5,10,10.14,3
582,5,10,9.58,3
583,5,10,9.48,3
584,5,10,9.76,3
585,5,10,9.68,3
586,5,10,8.42,3
587,5,10,8.52,3
588,5,10,8.26,3
589,5,10,7.84,3
590,5,10,8.4,3
591,5,10,8.5,3
592,5,10,8.98,3
593,5,10,9.3,3
594,5,10,9.44,3
595,5,10,8.56,3
596,5,10,8.5,3
597,5,10,9.62,3
598,5,10,10.34,3
599,5,10,10.56,3
600,5,10,10.3,3
601,5,10,8.66,3
602,5,10,9.46,3
603,5,10,8.76,3
604,5,10,10.24,3
605,5,10,11.08,3
606,5,10,10.46,3
607,5,10,9.46,3
608,5,10,9.06,3
609,5,10,9.62,3
610,5,10,10.04,3
611,5,10,9.46,3
612,5,10,9.16,3
613,5,10,8.36,3
614,5,10,9.6,3
615,5,10,9.32,3
616,5,10,9.2,3
617,5,10,10.0,3
618,5,10,8.94,3
619,5,10,9.78,3
620,5,10,9.36,3
621,5,10,10.18,3
622,5,10,9.82,3
623,5,10,9.88,3
624,5,10,10.28,3
625,5,10,9.0,3
626,5,10,10.34,3
627,5,10,10.98,3
628,5,10,12.04,3
629,5,10,11.2,3
630,5,10,9.16,3
631,5,10,8.48,3
632,5,10,8.14,3
633,5,10,8.06,3
634,5,10,7.86,3
635,5,10,9.16,3
636,5,10,9.4,3
637,5,10,9.9,3
638,5,10,9.58,3
639,5,10,10.54,3
640,5,10,9.16,3
641,5,10,10.16,3
642,5,10,8.94,3
643,5,10,9.74,3
644,5,10,10.16,3
645,5,10,9.42,3
646,5,10,8.22,3
647,5,10,8.96,3
648,5,10,9.66,3
649,5,10,9.18,3
650,5,10,8.8,3
651,5,10,9.3,3
652,5,10,9.7,3
653,5,10,10.0,3
654,5,10,8.92,3
655,5,10,9.0,3
656,5,10,10.04,3
657,5,10,9.5,3
658,5,10,10.46,3
659,5,10,10.5,3
660,5,10,10.46,3
661,5,10,10.1,3
662,5,10,9.26,3
663,5,10,7.96,3
664,5,10,8.86,3
665,5,10,9.1,3
666,5,10,9.5,3
667,5,10,8.96,3
668,5,10,9.5,3
669,5,10,10.1,3
670,5,10,9.36,3
671,5,10,9.06,3
672,5,10,10.56,3
673,5,10,11.02,3
674,5,10,10.08,3
675,5,10,8.98,3
676,5,10,8.94,3
677,5,10,8.8,3
678,5,10,10.16,3
679,5,10,9.72,3
680,5,10,10.18,3
681,5,10,10.32,3
682,5,10,9.52,3
683,5,10,9.1,3
684,5,10,9.32,3
685,5,10,9.48,3
686,5,10,9.9,3
687,5,10,10.1,3
688,5,10,9.08,3
689,5,10,8.8,3
690,5,10,9.46,3
691,5,10,9.58,3
692,5,10,8.06,3
693,5,10,9.02,3
694,5,10,10.06,3
695,5,10,9.46,3
696,5,10,9.4,3
697,5,10,9.76,3
698,5,10,9.54,3
699,5,10,10.14,2
700,5,10,9.16,2
701,5,10,7.86,2
702,5,10,8.78,2
703,5,10,9.52,2
704,5,10,9.14,2
705,5,10,8.92,2
706,5,10,7.42,2
707,5,10,7.9,2
708,5,10,7.92,2
709,5,10,7.32,2
710,5,10,7.72,2
711,5,10,8.96,2
712,5,10,9.04,2
713,5,10,8.46,2
714,5,10,9.0,2
715,5,10,8.56,2
716,5,10,8.78,2
717,5,10,9.46,2
718,5,10,9.58,2
719,5,10,9.14,2
720,5,10,8.72,2
721,5,10,7.94,2
722,5,10,8.32,2
723,5,10,8.62,2
724,5,10,8.74,2
725,5,10,9.4,2
726,5,10,9.52,2
727,5,10,9.3,2
728,5,10,8.86,2
729,5,10,7.68,2
730,5,10,8.92,2
731,5,10,9.82,2
732,5,10,10.38,2
733,5,10,8.78,2
734,5,10,8.46,2
735,5,10,9.34,2
736,5,10,9.76,2
737,5,10,9.08,2
738,5,10,9.42,2
739,5,10,8.76,2
740,5,10,7.84,2
741,5,10,8.58,2
742,5,10,7.42,2
743,5,10,8.86,2
744,5,10,8.22,2
745,5,10,7.88,2
746,5,10,8.68,2
747,5,10,7.5,2
748,5,10,8.56,2
749,5,10,7.22,2
750,5,10,8.04,2
751,5,10,8.78,2
752,5,10,8.22,2
753,5,10,8.56,2
754,5,10,8.74,2
755,5,10,9.12,2
756,5,10,9.96,2
757,5,10,8.92,2
758,5,10,8.2,2
759,5,10,8.2,2
760,5,10,8.72,2
761,5,10,8.46,2
762,5,10,9.86,2
763,5,10,9.66,2
764,5,10,9.68,2
765,5,10,10.04,2
766,5,10,9.22,2
767,5,10,7.98,2
768,5,10,8.22,2
769,5,10,7.32,2
770,5,10,8.5,2
771,5,10,8.4,2
772,5,10,9.2,2
773,5,10,9.04,2
774,5,10,9.0,2
775,5,10,8.54,2
776,5,10,8.66,2
777,5,10,7.62,2
778,5,10,8.4,2
779,5,10,8.58,2
780,5,10,8.16,2
781,5,10,9.42,2
782,5,10,9.32,2
783,5,10,8.6,2
784,5,10,8.62,2
785,5,10,8.2,2
786,5,10,7.98,2
787,5,10,9.52,2
788,5,10,8.86,2
789,5,10,8.5,2
790,5,10,8.78,2
791,5,10,8.96,2
792,5,10,8.2,2
793,5,10,8.74,2
794,5,10,9.12,2
795,5,10,8.52,2
796,5,10,9.12,2
797,5,10,8.3,2
798,5,10,9.44,2
799,5,10,8.72,2
800,5,10,7.86,2
801,5,10,8.22,2
802,5,10,8.12,2
803,5,10,8.34,2
804,5,10,8.38,2
805,5,10,8.02,2
806,5,10,8.12,2
807,5,10,8.18,2
808,5,10,7.18,2
809,5,10,7.74,2
810,5,10,9.7,2
811,5,10,8.94,2
812,5,10,8.48,2
813,5,10,8.68,2
814,5,10,9.2,2
815,5,10,8.64,2
816,5,10,9.52,2
817,5,10,9.68,2
818,5,10,10.26,2
819,5,10,10.06,2
820,5,10,9.84,2
821,5,10,9.18,2
822,5,10,9.02,2
823,5,10,9.12,2
824,5,10,8.32,2
825,5,10,8.54,2
826,5,10,8.82,2
827,5,10,8.76,2
828,5,10,8.5,2
829,5,10,8.1,2
830,5,10,7.78,2
831,5,10,8.98,2
832,5,10,8.44,2
833,5,10,9.2,2
834,5,10,9.66,2
835,5,10,8.98,2
836,5,10,8.72,2
837,5,10,8.06,2
838,5,10,8.42,2
839,5,10,7.88,2
840,5,10,8.24,2
841,5,10,9.18,2
842,5,10,9.2,2
843,5,10,8.12,2
844,5,10,8.4,2
845,5,10,8.92,2
846,5,10,8.68,2
847,5,10,8.9,2
848,5,10,8.78,2
849,5,10,9.86,2
850,5,10,8.9,2
851,5,10,9.5,2
852,5,10,8.42,2
853,5,10,8.22,2
854,5,10,8.68,2
855,5,10,7.3,2
856,5,10,9.22,2
857,5,10,9.42,2
858,5,10,9.48,2
859,5,10,8.96,2
860,5,10,8.92,2
861,5,10,8.24,2
862,5,10,8.24,2
863,5,10,7.74,2
864,5,10,8.44,2
865,5,10,8.48,2
866,5,10,8.88,2
867,5,10,8.24,2
868,5,10,8.16,2
869,5,10,8.84,2
870,5,10,9.28,2
871,5,10,10.28,2
872,5,10,9.24,2
873,5,10,9.68,2
874,5,10,8.12,2
875,5,10,8.34,2
876,5,10,9.06,2
877,5,10,8.66,2
878,5,10,8.0,2
879,5,10,8.04,2
880,5,10,8.26,2
881,5,10,8.16,2
882,5,10,8.08,2
883,5,10,8.88,2
884,5,10,8.56,2
885,5,10,8.7,2
886,5,10,9.12,2
887,5,10,8.3,2
888,5,10,8.0,2
889,5,10,8.22,2
890,5,10,8.32,2
891,5,10,8.0,2
892,5,10,9.06,2
893,5,10,8.84,2
894,5,10,9.64,2
895,5,10,9.78,2
896,5,10,8.44,2
897,5,10,8.32,2
898,5,10,7.88,2
899,5,10,8.54,2
900,5,10,8.66,2
901,5,10,9.32,2
902,5,10,9.66,2
903,5,10,9.22,2
904,5,10,10.38,2
905,5,10,9.74,2
906,5,10,9.14,2
907,5,10,8.86,2
908,5,10,8.14,2
909,5,10,8.88,2
910,5,10,8.6,2
911,5,10,8.92,2
912,5,10,8.46,2
913,5,10,8.56,2
914,5,10,9.74,2
915,5,10,9.6,2
916,5,10,8.28,2
917,5,10,9.66,2
918,5,10,9.62,2
919,5,10,10.1,2
920,5,10,8.74,2
921,5,10,8.46,2
922,5,10,8.3,2
923,5,10,8.96,2
924,5,10,8.84,2
925,5,10,8.08,2
926,5,10,8.66,2
927,5,10,8.74,2
928,5,10,8.9,2
929,5,10,9.0,2
930,5,10,8.94,2
931,5,10,9.5,2
932,5,10,9.1,2
933,5,10,8.36,2
934,5,10,9.46,2
935,5,10,8.72,2
936,5,10,8.92,2
937,5,10,9.0,2
938,5,10,7.64,2
939,5,10,7.32,2
940,5,10,9.22,2
941,5,10,9.94,2
942,5,10,10.0,2
943,5,10,9.58,2
944,5,10,8.48,2
945,5,10,8.7,2
946,5,10,9.28,2
947,5,10,9.12,2
948,5,10,8.5,2
949,5,10,9.84,2
950,5,10,8.44,2
951,5,10,7.24,2
952,5,10,7.38,2
953,5,10,7.82,2
954,5,10,8.12,2
955,5,10,9.06,2
956,5,10,8.7,2
957,5,10,7.76,2
958,5,10,8.68,2
959,5,10,8.26,2
960,5,10,8.72,2
961,5,10,9.6,2
962,5,10,8.26,2
963,5,10,7.72,2
964,5,10,7.76,2
965,5,10,8.28,2
966,5,10,8.1,2
967,5,10,7.94,2
968,5,10,8.14,2
969,5,10,8.44,2
970,5,10,8.24,2
971,5,10,7.32,2
972,5,10,7.64,2
973,5,10,8.68,2
974,5,10,9.84,2
975,5,10,9.84,2
976,5,10,10.78,2
977,5,10,10.06,2
978,5,10,8.86,2
979,5,10,8.56,2
980,5,10,8.66,2
981,5,10,8.36,2
982,5,10,8.16,2
983,5,10,8.54,2
984,5,10,9.28,2
985,5,10,8.88,2
986,5,10,8.76,2
987,5,10,8.92,2
988,5,10,9.02,2
989,5,10,8.6,2
990,5,10,8.64,2
991,5,10,8.38,2
992,5,10,9.6,2
993,5,10,9.48,2
994,5,10,9.2,2
995,5,10,8.7,2
996,5,10,7.78,2
997,5,10,8.42,2
998,5,10,7.6,2
999,5,10,8.26,2
1000,5,10,8.58,2
1001,5,10,8.54,2
1002,5,10,7.98,2
1003,5,10,7.98,2
1004,5,10,8.24,2
1005,5,10,9.14,2
1006,5,10,8.52,2
1007,5,10,8.68,2
1008,5,10,7.22,2
1009,5,10,9.52,2
1010,5,10,8.62,2
1011,5,10,7.76,2
1012,5,10,7.74,1
1013,5,10,7.98,1
1014,5,10,7.84,1
1015,5,10,8.34,1
1016,5,10,7.56,1
1017,5,10,7.7,1
1018,5,10,7.82,1
1019,5,10,6.66,1
1020,5,10,7.5,1
1021,5,10,7.3,1
1022,5,10,7.9,1
1023,5,10,8.26,1
1024,5,10,7.76,1
1025,5,10,8.9,1
1026,5,10,8.68,1
1027,5,10,8.4,1
1028,5,10,8.56,1
1029,5,10,7.46,1
1030,5,10,8.46,1
1031,5,10,8.06,1
1032,5,10,8.2,1
1033,5,10,7.62,1
1034,5,10,7.82,1
1035,5,10,6.86,1
1036,5,10,8.08,1
1037,5,10,8.52,1
1038,5,10,8.52,1
1039,5,10,8.44,1
1040,5,10,8.46,1
1041,5,10,7.4,1
1042,5,10,7.74,1
1043,5,10,6.86,1
1044,5,10,7.38,1
1045,5,10,7.52,1
1046,5,10,8.62,1
1047,5,10,9.24,1
1048,5,10,8.5,1
1049,5,10,8.16,1
1050,5,10,7.9,1
1051,5,10,7.58,1
1052,5,10,8.54,1
1053,5,10,8.08,1
1054,5,10,7.6,1
1055,5,10,8.02,1
1056,5,10,8.52,1
1057,5,10,8.32,1
1058,5,10,8.38,1
1059,5,10,8.44,1
1060,5,10,8.86,1
1061,5,10,8.0,1
1062,5,10,8.22,1
1063,5,10,8.24,1
1064,5,10,8.46,1
1065,5,10,7.86,1
1066,5,10,9.06,1
1067,5,10,8.52,1
1068,5,10,6.88,1
1069,5,10,7.32,1
1070,5,10,8.06,1
1071,5,10,8.1,1
1072,5,10,7.12,1
1073,5,10,8.54,1
1074,5,10,8.38,1
1075,5,10,7.72,1
1076,5,10,7.38,1
1077,5,10,7.42,1
1078,5,10,7.08,1
1079,5,10,6.98,1
1080,5,10,7.82,1
1081,5,10,8.66,1
1082,5,10,9.0,1
1083,5,10,8.72,1
1084,5,10,8.52,1
1085,5,10,8.6,1
1086,5,10,7.94,1
1087,5,10,8.22,1
1088,5,10,7.6,1
1089,5,10,7.86,1
1090,5,10,8.12,1
1091,5,10,8.0,1
1092,5,10,8.7,1
1093,5,10,7.42,1
1094,5,10,7.42,1
1095,5,10,7.22,1
1096,5,10,8.62,1
1097,5,10,7.82,1
1098,5,10,8.04,1
1099,5,10,8.54,1
1100,5,10,8.68,1
1101,5,10,8.9,1
1102,5,10,9.42,1
1103,5,10,9.14,1
1104,5,10,9.24,1
1105,5,10,7.94,1
1106,5,10,8.3,1
1107,5,10,8.08,1
1108,5,10,7.96,1
1109,5,10,6.68,1
1110,5,10,7.48,1
1111,5,10,8.36,1
1112,5,10,7.44,1
1113,5,10,8.68,1
1114,5,10,7.14,1
1115,5,10,8.22,1
1116,5,10,8.68,1
1117,5,10,8.02,1
1118,5,10,7.82,1
1119,5,10,7.24,1
1120,5,10,7.04,1
1121,5,10,7.18,1
1122,5,10,7.26,1
1123,5,10,7.62,1
1124,5,10,7.52,1
1125,5,10,8.06,1
1126,5,10,8.44,1
1127,5,10,8.92,1
1128,5,10,7.48,1
1129,5,10,6.88,1
1130,5,10,8.36,1
1131,5,10,7.88,1
1132,5,10,7.14,1
1133,5,10,8.0,1
1134,5,10,8.0,1
1135,5,10,9.68,1
1136,5,10,7.46,1
1137,5,10,7.62,1
1138,5,10,7.9,1
1139,5,10,8.7,1
1140,5,10,7.34,1
1141,5,10,7.56,1
1142,5,10,7.76,1
1143,5,10,8.32,1
1144,5,10,7.56,1
1145,5,10,7.3,1
1146,5,10,7.84,1
1147,5,10,7.84,1
1148,5,10,7.48,1
1149,5,10,6.92,1
1150,5,10,8.2,1
1151,5,10,8.1,1
1152,5,10,8.98,1
1153,5,10,8.22,1
1154,5,10,7.9,1
1155,5,10,8.04,1
1156,5,10,7.42,1
1157,5,10,7.98,1
1158,5,10,6.9,1
1159,5,10,7.3,1
1160,5,10,7.5,1
1161,5,10,6.98,1
1162,5,10,7.66,1
1163,5,10,7.78,1
1164,5,10,8.68,1
1165,5,10,8.28,1
1166,5,10,9.06,1
1167,5,10,8.14,1
1168,5,10,8.42,1
1169,5,10,8.42,1
1170,5,10,7.66,1
1171,5,10,7.72,1
1172,5,10,8.08,1
1173,5,10,7.48,1
1174,5,10,8.4,1
1175,5,10,9.24,1
1176,5,10,8.54,1
1177,5,10,8.24,1
1178,5,10,8.92,1
1179,5,10,9.22,1
1180,5,10,9.0,1
1181,5,10,8.54,1
1182,5,10,9.08,1
1183,5,10,9.42,1
1184,5,10,8.64,1
1185,5,10,8.0,1
1186,5,10,9.6,1
1187,5,10,8.82,1
1188,5,10,7.56,1
1189,5,10,8.86,1
1190,5,10,8.2,1
1191,5,10,8.18,1
1192,5,10,8.96,1
1193,5,10,8.02,1
1194,5,10,10.12,1
1195,5,10,8.9,1
1196,5,10,8.8,1
1197,5,10,7.18,1
1198,5,10,7.94,1
1199,5,10,8.62,1
1200,5,10,8.32,1
1201,5,10,7.76,1
1202,5,10,7.6,1
1203,5,10,7.9,1
1204,5,10,7.88,1
1205,5,10,7.32,1
1206,5,10,7.8,1
1207,5,10,8.4,1
1208,5,10,7.14,1
1209,5,10,7.16,1
1210,5,10,7.36,1
1211,5,10,8.6,1
1212,5,10,7.44,1
1213,5,10,6.6,1
1214,5,10,7.24,1
1215,5,10,6.7,1
1216,5,10,6.92,1
1217,5,10,7.2,1
1218,5,10,8.86,1
1219,5,10,9.16,1
1220,5,10,8.26,1
1221,5,10,7.12,1
1222,5,10,7.54,1
1223,5,10,7.9,1
1224,5,10,8.6,1
1225,5,10,7.74,1
1226,5,10,8.34,1
1227,5,10,8.14,1
1228,5,10,7.66,1
1229,5,10,7.62,1
1230,5,10,8.24,1
1231,5,10,7.3,1
1232,5,10,6.92,1
1233,5,10,8.06,1
1234,5,10,7.9,1
1235,5,10,8.0,1
1236,5,10,8.34,1
1237,5,10,8.64,1
1238,5,10,8.52,1
1239,5,10,8.44,1
1240,5,10,8.72,1
1241,5,10,8.82,1
1242,5,10,7.84,1
1243,5,10,6.24,1
1244,5,10,8.02,1
1245,5,10,7.5,1
1246,5,10,6.68,1
1247,5,10,6.6,1
1248,5,10,7.38,1
1249,5,10,6.24,1
1250,5,10,6.6,1
1251,5,10,7.68,1
1252,5,10,7.22,1
1253,5,10,7.9,1
1254,5,10,7.36,1
1255,5,10,8.06,1
1256,5,10,8.12,1
1257,5,10,9.04,1
1258,5,10,9.06,1
1259,5,10,8.06,1
1260,5,10,7.84,1
1261,5,10,8.08,1
1262,5,10,8.64,1
1263,5,10,8.04,1
1264,5,10,8.98,1
1265,5,10,7.96,1
1266,5,10,7.7,1
1267,5,10,8.68,1
1268,5,10,7.68,1
1269,5,10,7.28,1
1270,5,10,7.28,1
1271,5,10,8.22,1
1272,5,10,8.3,1
1273,5,10,8.26,1
1274,5,10,8.42,1
1275,5,10,8.98,1
1276,5,10,7.68,1
1277,5,10,8.34,1
1278,5,10,7.66,1
1279,5,10,7.26,1
1280,5,10,8.02,1
1281,5,10,8.38,1
1282,5,10,7.82,1
1283,5,10,7.92,1
1284,5,10,8.18,1
1285,5,10,7.98,1
1286,5,10,8.02,1
1287,5,10,8.38,1
1288,5,10,7.1,1
1289,5,10,8.5,1
1290,5,10,8.72,1
1291,5,10,8.12,1
1292,5,10,7.0,1
1293,5,10,6.98,1
1294,5,10,7.06,1
1295,5,10,6.78,1
1296,5,10,8.0,1
1297,5,10,8.04,1
1298,5,10,8.24,1
1299,5,10,8.24,1
1300,5,10,8.46,1
1301,5,10,7.92,1
1302,5,10,8.36,1
1303,5,10,8.04,1
1304,5,10,7.8,1
1305,5,10,7.6,1
1306,5,10,7.48,1
1307,5,10,8.18,1
1308,5,10,8.4,1
1309,5,10,7.86,1
1310,5,10,8.6,1
1311,5,10,9.38,1
1312,5,10,8.9,1
1313,5,10,7.46,1
1314,5,10,8.12,1
1315,5,10,7.06,1
1316,5,10,7.54,1
1317,5,10,8.14,1
1318,5,10,8.2,1
1319,5,10,8.18,1
1320,5,10,7.62,1
1321,5,10,8.62,1
1322,5,10,7.88,1
1323,5,10,7.48,1
1324,5,10,7.5,1
1325,5,10,7.78,1
1326,5,10,6.0,1
1327,5,10,6.46,1
1328,5,10,6.08,1
1329,5,10,7.02,1
1330,5,10,7.08,1
1331,5,10,7.4,1
1332,5,10,7.82,1
1333,5,10,8.24,1
1334,5,10,7.52,1
1335,5,10,7.52,1
1336,5,10,7.4,1
1337,5,10,8.02,1
1338,5,10,7.6,1
1339,5,10,7.36,1
1340,5,10,7.36,1
1341,5,10,7.58,1
1342,5,10,8.76,1
1343,5,10,8.18,1
1344,5,10,8.26,1
1345,5,10,8.68,1
1346,5,10,8.82,1
1347,5,10,9.18,1
1348,5,10,8.7,1
1349,5,10,8.56,1
1350,5,10,7.74,1
1351,5,10,9.04,1
1352,5,10,8.46,1
1353,5,10,7.6,1
1354,5,10,8.14,1
1355,5,10,7.62,1
1356,5,10,7.44,1
1357,5,10,8.98,1
1358,5,10,9.1,1
1359,5,10,8.98,1
1360,5,10,9.22,1
1361,5,10,8.06,1
1362,5,10,7.88,1
1363,5,10,7.5,1
1364,5,10,7.98,1
1365,5,10,7.92,1
1366,5,10,7.76,1
1367,5,10,7.16,1
1368,5,10,7.92,1
1369,5,10,9.9,1
1370,5,10,8.74,1
1371,5,10,7.96,1
1372,5,10,7.94,1
1373,5,10,7.5,1
1374,5,10,7.44,1
1375,5,10,7.78,1
1376,5,10,9.04,1
1377,5,10,8.14,1
1378,5,10,6.64,1
1379,5,10,6.46,1
1380,5,10,7.08,1
1381,5,10,6.94,1
1382,5,10,6.92,1
1383,5,10,6.9,1
1384,5,10,7.26,1
1385,5,10,8.76,1
1386,5,10,8.94,1
1387,5,10,8.58,1
1388,5,10,8.86,1
1389,5,10,8.54,1
1390,5,10,8.52,1
1391,5,10,7.76,1
1392,5,10,7.28,1
1393,5,10,7.4,1
1394,5,10,7.6,1
1395,5,10,8.2,1
1396,5,10,8.78,1
1397,5,10,8.42,1
1398,5,10,7.82,1
1399,5,10,9.02,1
1400,5,10,7.96,1
1401,5,10,8.88,1
1402,5,10,7.36,1
1403,5,10,7.2,1
1404,5,10,6.9,1
1405,5,10,7.38,1
1406,5,10,8.1,1
1407,5,10,7.58,1
1408,5,10,7.64,1
1409,5,10,8.64,1
1410,5,10,7.94,1
1411,5,10,8.28,1
1412,5,10,9.14,1
1413,5,10,7.26,1
1414,5,10,7.32,1
1415,5,10,6.44,1
1416,5,10,6.8,1
1417,5,10,7.46,1
1418,5,10,7.66,1
1419,5,10,6.4,1
1420,5,10,7.18,1
1421,5,10,7.58,1
1422,5,10,8.18,1
1423,5,10,8.76,1
1424,5,10,9.42,1
1425,5,10,8.28,1
1426,5,10,8.84,1
1427,5,10,8.18,1
1428,5,10,8.96,1
1429,5,10,8.9,1
1430,5,10,7.86,1
1431,5,10,7.3,1
1432,5,10,7.58,1
1433,5,10,7.76,1
1434,5,10,6.72,1
1435,5,10,8.06,1
1436,5,10,7.16,1
1437,5,10,7.26,1
1438,5,10,8.24,1
1439,5,10,7.96,1
1440,5,10,7.54,1
1441,5,10,7.48,1
1442,5,10,6.98,1
1443,5,10,7.96,1
1444,5,10,8.16,1
1445,5,10,8.54,1
1446,5,10,8.0,1
1447,5,10,7.38,1
1448,5,10,7.96,1
1449,5,10,8.02,1
1450,5,10,8.32,1
1451,5,10,9.36,1
1452,5,10,7.52,1
1453,5,10,8.48,1
1454,5,10,8.42,1
1455,5,10,8.78,1
1456,5,10,8.46,1
1457,5,10,7.28,1
1458,5,10,6.78,1
1459,5,10,7.82,1
1460,5,10,7.38,1
1461,5,10,7.48,1
1462,5,10,8.16,1
1463,5,10,7.6,1
1464,5,10,8.18,1
1465,5,10,9.32,1
1466,5,10,8.94,1
1467,5,10,8.74,1
1468,5,10,8.22,1
1469,5,10,8.5,1
1470,5,10,8.36,1
1471,5,10,7.42,1
1472,5,10,7.3,1
1473,5,10,7.1,1
1474,5,10,8.32,1
1475,5,10,7.88,1
1476,5,10,8.24,1
1477,5,10,8.02,1
1478,5,10,9.02,1
1479,5,10,8.64,1
1480,5,10,9.62,1
1481,5,10,7.66,1
1482,5,10,8.94,1
1483,5,10,7.04,1
1484,5,10,7.54,1
1485,5,10,7.24,1
1486,5,10,7.42,1
1487,5,10,8.7,1
1488,5,10,6.92,1
1489,5,10,7.3,1
1490,5,10,6.62,1
1491,5,10,7.9,1
1492,5,10,7.34,1
1493,5,10,7.82,1
1494,5,10,9.08,1
1495,5,10,9.7,1
1496,5,10,8.54,1
1497,5,10,7.28,1
1498,5,10,8.38,1
1499,5,10,7.4,1
1500,5,10,7.44,1
1501,5,10,7.62,1
1502,5,10,7.52,1
1503,5,10,8.1,1
1504,5,10,8.16,1
1505,5,10,9.06,1
1506,5,10,8.32,1
1507,5,10,7.44,1
1508,5,10,7.76,1
1509,5,10,6.54,1
1510,5,10,7.5,1
1511,5,10,6.78,1
1512,5,10,6.94,1
1513,5,10,6.92,1
1514,5,10,8.1,1
1515,5,10,8.62,1
1516,5,10,7.32,1
1517,5,10,7.4,1
1518,5,10,7.34,1
1519,5,10,7.66,1
1520,5,10,8.14,1
1521,5,10,7.1,1
1522,5,10,8.14,1
1523,5,10,7.5,1
1524,5,10,9.12,1
1525,5,10,8.84,1
1526,5,10,8.78,1
1527,5,10,7.3,1
1528,5,10,7.72,1
1529,5,10,7.86,1
1530,5,10,7.14,1
1531,5,10,8.1,1
1532,5,10,6.78,1
1533,5,10,7.62,1
1534,5,10,7.32,1
1535,5,10,7.8,1
1536,5,10,7.58,1
1537,5,10,7.8,1
1538,5,10,8.04,1
1539,5,10,7.84,1
1540,5,10,8.9,1
1541,5,10,8.64,1
1542,5,10,8.74,1
1543,5,10,8.92,1
1544,5,10,8.62,1
1545,5,10,7.8,1
1546,5,10,7.7,1
1547,5,10,8.18,1
1548,5,10,8.52,1
1549,5,10,8.18,1
1550,5,10,6.46,1
1551,5,10,7.06,1
1552,5,10,7.64,1
1553,5,10,7.12,1
1554,5,10,7.22,1
1555,5,10,7.42,1
1556,5,10,7.54,1
1557,5,10,7.5,1
1558,5,10,8.04,1
1559,5,10,8.38,1
1560,5,10,8.72,1
1561,5,10,8.38,1
1562,5,10,7.92,1
1563,5,10,7.98,1
1564,5,10,7.46,1
1565,5,10,7.9,1
1566,5,10,7.04,1
1567,5,10,7.3,1
1568,5,10,7.16,1
1569,5,10,7.12,1
1570,5,10,7.94,1
1571,5,10,8.3,1
1572,5,10,7.96,1
1573,5,10,8.14,1
1574,5,10,8.68,1
1575,5,10,9.66,1
1576,5,10,8.86,1
1577,5,10,8.06,1
1578,5,10,8.62,1
1579,5,10,8.08,1
1580,5,10,8.14,1
1581,5,10,7.56,1
1582,5,10,7.92,1
1583,5,10,7.62,1
1584,5,10,7.16,1
1585,5,10,7.1,1
1586,5,10,6.94,1
1587,5,10,6.94,1
1588,5,10,7.06,1
1589,5,10,7.6,1
1590,5,10,7.26,1
1591,5,10,7.16,1
1592,5,10,8.28,1
1593,5,10,7.78,1
1594,5,10,6.94,1
1595,5,10,7.7,1
1596,5,10,7.12,1
1597,5,10,7.48,1
1598,5,10,7.92,1
1599,5,10,8.66,1
1600,5,10,7.3,1
1601,5,10,8.08,1
1602,5,10,8.18,1
1603,5,10,8.52,1
1604,5,10,8.84,1
1605,5,10,6.72,1
1606,5,10,7.92,1
1607,5,10,7.88,1
1608,5,10,7.7,1
1609,5,10,7.7,1
1610,5,10,8.6,1
1611,5,10,8.3,1
1612,5,10,7.62,1
1613,5,10,8.18,1
1614,5,10,8.52,1
1615,5,10,7.48,1
1616,5,10,7.24,1
1617,5,10,7.38,1
1618,5,10,8.86,1
1619,5,10,8.38,1
1620,5,10,8.38,1
1621,5,10,9.3,1
1622,5,10,8.86,1
1623,5,10,9.4,1
1624,5,10,8.0,1
1625,5,10,8.52,1
1626,5,10,7.62,1
1627,5,10,7.32,1
1628,5,10,8.74,1
1629,5,10,7.94,1
1630,5,10,8.6,1
1631,5,10,7.96,1
1632,5,10,7.14,1
1633,5,10,8.26,1
1634,5,10,7.88,1
1635,5,10,7.92,1
1636,5,10,7.88,1
1637,5,10,7.5,1
1638,5,10,7.22,1
1639,5,10,6.12,1
1640,5,10,7.16,1
1641,5,10,7.64,1
1642,5,10,7.64,1
1643,5,10,8.62,1
1644,5,10,8.56,1
1645,5,10,8.28,1
1646,5,10,8.74,1
1647,5,10,8.58,1
1648,5,10,7.76,1
1649,5,10,8.36,1
1650,5,10,7.5,1
1651,5,10,7.96,1
1652,5,10,7.56,1
1653,5,10,8.0,1
1654,5,10,7.82,1
1655,5,10,7.86,1
1656,5,10,8.64,1
1657,5,10,8.26,1
1658,5,10,8.68,1
1659,5,10,7.88,1
1660,5,10,8.0,1
1661,5,10,7.9,1
1662,5,10,8.26,1
1663,5,10,8.5,1
1664,5,10,7.78,1
1665,5,10,8.5,1
1666,5,10,8.4,1
1667,5,10,7.66,1
1668,5,10,8.38,1
1669,5,10,8.64,1
1670,5,10,9.0,1
1671,5,10,8.5,1
1672,5,10,8.04,1
1673,5,10,8.46,1
1674,5,10,9.3,1
1675,5,10,7.48,1
1676,5,10,7.92,1
1677,5,10,7.6,1
1678,5,10,8.1,1
1679,5,10,7.26,1
1680,5,10,7.26,1
1681,5,10,7.32,1
1682,5,10,6.32,1
1683,5,10,5.86,1
1684,5,10,6.46,1
1685,5,10,7.54,1
1686,5,10,7.7,1
1687,5,10,7.6,1
1688,5,10,7.76,1
1689,5,10,8.44,1
1690,5,10,8.52,1
1691,5,10,8.2,1
1692,5,10,7.06,1
1693,5,10,7.38,1
1694,5,10,8.46,1
1695,5,10,9.76,1
1696,5,10,7.46,1
1697,5,10,6.62,1
1698,5,10,8.48,1
1699,5,10,8.7,1
1700,5,10,7.54,1
1701,5,10,6.22,1
1702,5,10,6.82,1
1703,5,10,7.98,1
1704,5,10,7.7,1
1705,5,10,6.64,1
1706,5,10,7.34,1
1707,5,10,7.1,1
1708,5,10,7.08,1
1709,5,10,7.84,1
1710,5,10,7.62,1
1711,5,10,7.52,1
1712,5,10,8.1,1
1713,5,10,8.5,1
1714,5,10,9.02,1
1715,5,10,8.62,1
1716,5,10,8.18,1
1717,5,10,7.94,1
1718,5,10,8.0,1
1719,5,10,7.98,1
1720,5,10,8.04,1
1721,5,10,7.34,1
1722,5,10,7.76,1
1723,5,10,7.46,1
1724,5,10,8.68,1
1725,5,10,8.26,1
1726,5,10,8.26,1
1727,5,10,8.82,1
1728,5,10,8.46,1
1729,5,10,7.74,1
1730,5,10,7.34,1
1731,5,10,8.08,1
1732,5,10,7.58,1
1733,5,10,8.42,1
1734,5,10,7.7,1
1735,5,10,8.28,1
1736,5,10,7.88,1
1737,5,10,8.58,1
1738,5,10,7.5,1
1739,5,10,7.54,1
1740,5,10,7.62,1
1741,5,10,8.04,1
1742,5,10,8.92,1
1743,5,10,8.66,1
1744,5,10,7.8,1
1745,5,10,7.94,1
1746,5,10,7.64,1
1747,5,10,7.16,1
1748,5,10,6.6,1
1749,5,10,7.72,1
1750,5,10,7.78,1
1751,5,10,7.58,1
1752,5,10,7.78,1
1753,5,10,8.24,1
1754,5,10,8.56,1
1755,5,10,7.7,1
1756,5,10,8.5,1
1757,5,10,8.08,1
1758,5,10,7.94,1
1759,5,10,8.56,1
1760,5,10,6.94,1
1761,5,10,8.06,1
1762,5,10,8.28,1
1763,5,10,8.7,1
1764,5,10,8.06,1
1765,5,10,7.88,1
1766,5,10,7.96,1
1767,5,10,7.82,1
1768,5,10,6.9,1
1769,5,10,7.18,1
1770,5,10,6.68,1
1771,5,10,7.1,1
1772,5,10,7.36,1
1773,5,10,8.04,1
1774,5,10,9.4,1
1775,5,10,8.34,1
1776,5,10,8.38,1
1777,5,10,9.06,1
1778,5,10,8.64,1
1779,5,10,7.2,1
1780,5,10,8.4,1
1781,5,10,7.12,1
1782,5,10,7.8,1
1783,5,10,7.46,1
1784,5,10,7.96,1
1785,5,10,7.94,1
1786,5,10,9.14,1
1787,5,10,8.64,1
1788,5,10,7.1,1
1789,5,10,7.46,1
1790,5,10,8.3,1
1791,5,10,6.84,1
1792,5,10,8.1,1
1793,5,10,9.26,1
1794,5,10,9.02,1
1795,5,10,8.48,1
1796,5,10,8.0,1
1797,5,10,9.22,1
1798,5,10,9.9,1
1799,5,10,8.48,1
1800,5,10,7.82,1
1801,5,10,8.78,1
1802,5,10,7.12,1
1803,5,10,7.9,1
1804,5,10,8.4,1
1805,5,10,7.94,1
1806,5,10,7.7,1
1807,5,10,7.38,1
1808,5,10,6.86,1
1809,5,10,7.86,1
1810,5,10,7.88,1
1811,5,10,7.82,1
1812,5,10,7.4,1
1813,5,10,7.24,1
1814,5,10,7.72,1
1815,5,10,9.44,1
1816,5,10,8.52,1
1817,5,10,7.52,1
1818,5,10,7.38,1
1819,5,10,8.32,1
1820,5,10,9.0,1
1821,5,10,7.82,1
1822,5,10,7.6,1
1823,5,10,6.88,1
1824,5,10,6.88,1
1825,5,10,6.3,1
1826,5,10,7.16,1
1827,5,10,7.68,1
1828,5,10,7.6,1
1829,5,10,8.62,1
1830,5,10,8.06,1
1831,5,10,8.6,1
1832,5,10,8.14,1
1833,5,10,7.64,1
1834,5,10,7.36,1
1835,5,10,8.22,1
1836,5,10,7.74,1
1837,5,10,7.74,1
1838,5,10,7.9,1
1839,5,10,8.2,1
1840,5,10,8.26,1
1841,5,10,8.08,1
1842,5,10,7.18,1
1843,5,10,7.78,1
1844,5,10,8.66,1
1845,5,10,9.74,1
1846,5,10,8.54,1
1847,5,10,7.28,1
1848,5,10,7.96,1
1849,5,10,7.98,1
1850,5,10,8.86,1
1851,5,10,7.7,1
1852,5,10,8.7,1
1853,5,10,7.72,1
1854,5,10,8.06,1
1855,5,10,7.54,1
1856,5,10,6.52,1
1857,5,10,8.26,1
1858,5,10,8.38,1
1859,5,10,7.48,1
1860,5,10,7.7,1
1861,5,10,7.8,1
1862,5,10,7.52,1
1863,5,10,8.2,1
1864,5,10,6.5,1
1865,5,10,7.12,1
1866,5,10,7.46,1
1867,5,10,8.38,1
1868,5,10,8.16,1
1869,5,10,8.66,1
1870,5,10,7.82,1
1871,5,10,7.78,1
1872,5,10,8.3,1
1873,5,10,8.22,1
1874,5,10,8.38,1
1875,5,10,8.64,1
1876,5,10,7.92,1
1877,5,10,8.36,1
1878,5,10,7.82,1
1879,5,10,8.14,1
1880,5,10,6.64,1
1881,5,10,6.82,1
1882,5,10,7.3,1
1883,5,10,7.6,1
1884,5,10,8.26,1
1885,5,10,8.28,1
1886,5,10,7.58,1
1887,5,10,8.1,1
1888,5,10,7.58,1
1889,5,10,7.96,1
1890,5,10,7.36,1
1891,5,10,9.1,1
1892,5,10,7.66,1
1893,5,10,7.84,1
1894,5,10,8.08,1
1895,5,10,7.92,1
1896,5,10,7.82,1
1897,5,10,7.72,1
1898,5,10,7.58,1
1899,5,10,8.52,1
1900,5,10,6.58,1
1901,5,10,7.02,1
1902,5,10,8.7,1
1903,5,10,7.06,1
1904,5,10,6.72,1
1905,5,10,7.56,1
1906,5,10,8.82,1
1907,5,10,8.48,1
1908,5,10,8.84,1
1909,5,10,8.76,1
1910,5,10,7.74,1
1911,5,10,7.44,1
1912,5,10,7.96,1
1913,5,10,7.86,1
1914,5,10,8.02,1
1915,5,10,8.34,1
1916,5,10,7.72,1
1917,5,10,7.84,1
1918,5,10,7.12,1
1919,5,10,7.16,1
1920,5,10,6.92,1
1921,5,10,7.58,1
1922,5,10,7.08,1
1923,5,10,7.72,1
1924,5,10,8.94,1
1925,5,10,8.18,1
1926,5,10,7.8,1
1927,5,10,6.94,1
1928,5,10,7.96,1
1929,5,10,8.5,1
1930,5,10,8.02,1
1931,5,10,8.78,1
1932,5,10,8.06,1
1933,5,10,7.98,1
1934,5,10,7.98,1
1935,5,10,8.3,1
1936,5,10,8.12,1
1937,5,10,7.82,1
1938,5,10,8.28,1
1939,5,10,7.82,1
1940,5,10,7.38,1
1941,5,10,8.9,1
1942,5,10,8.66,1
1943,5,10,8.94,1
1944,5,10,9.66,1
1945,5,10,8.46,1
1946,5,10,8.0,1
1947,5,10,8.22,1
1948,5,10,7.36,1
1949,5,10,6.84,1
1950,5,10,7.46,1
1951,5,10,7.18,1
1952,5,10,7.5,1
1953,5,10,7.7,1
1954,5,10,8.4,1
1955,5,10,9.26,1
1956,5,10,8.16,1
1957,5,10,7.98,1
1958,5,10,7.9,1
1959,5,10,7.3,1
1960,5,10,7.74,1
1961,5,10,6.36,1
1962,5,10,8.36,1
1963,5,10,9.12,1
1964,5,10,8.62,1
1965,5,10,7.68,1
1966,5,10,7.24,1
1967,5,10,7.98,1
1968,5,10,8.28,1
1969,5,10,9.54,1
1970,5,10,8.06,1
1971,5,10,7.5,1
1972,5,10,7.44,1
1973,5,10,7.68,1
1974,5,10,9.06,1
1975,5,10,8.64,1
1976,5,10,8.86,1
1977,5,10,8.62,1
1978,5,10,8.16,1
1979,5,10,9.36,1
1980,5,10,7.78,1
1981,5,10,8.8,1
1982,5,10,8.2,1
1983,5,10,8.4,1
1984,5,10,9.24,1
1985,5,10,8.06,1
1986,5,10,7.36,1
1987,5,10,7.78,1
1988,5,10,7.44,1
1989,5,10,7.28,1
1990,5,10,7.62,1
1991,5,10,8.14,1
1992,5,10,8.52,1
1993,5,10,9.06,1
1994,5,10,8.14,1
1995,5,10,8.28,1
1996,5,10,7.6,1
1997,5,10,7.3,1
1998,5,10,6.94,1
1999,5,10,7.56,1
2000,5,10,8.06,1
